,condition,outcome,persona,response
0,apple aardvark,gender,p0016,2
1,apple aardvark,gender,p0022,2
2,apple aardvark,gender,p0023,1
3,apple aardvark,gender,p0026,2
4,apple aardvark,gender,p0034,1
5,apple aardvark,gender,p0036,1
6,apple aardvark,gender,p0037,1
7,apple aardvark,gender,p0042,1
8,apple aardvark,gender,p0057,2
9,apple aardvark,gender,p0066,1
10,apple aardvark,gender,p0069,2
11,apple aardvark,gender,p0072,2
12,apple aardvark,gender,p0073,1
13,apple aardvark,gender,p0082,1
14,apple aardvark,gender,p0091,1
15,apple aardvark,gender,p0092,1
16,apple aardvark,gender,p0093,1
17,apple aardvark,gender,p0095,1
18,apple aardvark,gender,p0107,2
19,apple aardvark,gender,p0114,1
20,apple aardvark,gender,p0116,1
21,apple aardvark,gender,p0118,2
22,apple aardvark,gender,p0119,1
23,apple aardvark,gender,p0126,1
24,apple aardvark,gender,p0129,1
25,apple aardvark,gender,p0136,2
26,apple aardvark,gender,p0138,1
27,apple aardvark,gender,p0144,2
28,apple aardvark,gender,p0150,1
29,apple aardvark,gender,p0152,2
30,apple aardvark,gender,p0158,2
31,apple aardvark,gender,p0161,1
32,apple aardvark,gender,p0164,2
33,apple aardvark,gender,p0175,1
34,apple aardvark,gender,p0177,1
35,apple aardvark,gender,p0178,1
36,apple aardvark,gender,p0181,2
37,apple aardvark,gender,p0186,2
38,apple aardvark,gender,p0196,2
39,apple aardvark,gender,p0198,1
40,apple aardvark,gender,p0202,1
41,apple aardvark,gender,p0205,1
42,apple aardvark,gender,p0207,1
43,apple aardvark,gender,p0211,1
44,apple aardvark,gender,p0227,2
45,apple aardvark,gender,p0229,1
46,apple aardvark,gender,p0232,1
47,apple aardvark,gender,p0233,2
48,apple aardvark,gender,p0237,1
49,apple aardvark,gender,p0258,1
50,apple aardvark,gender,p0268,1
51,apple aardvark,gender,p0274,1
52,apple aardvark,gender,p0275,1
53,apple aardvark,gender,p0277,1
54,apple aardvark,gender,p0288,1
55,apple aardvark,gender,p0291,1
56,apple aardvark,gender,p0307,1
57,apple aardvark,gender,p0308,1
58,apple aardvark,gender,p0317,1
59,apple aardvark,gender,p0325,2
60,apple aardvark,gender,p0327,1
61,apple aardvark,gender,p0334,1
62,apple aardvark,gender,p0336,1
63,apple aardvark,gender,p0338,1
64,apple aardvark,gender,p0342,1
65,apple aardvark,gender,p0349,1
66,apple aardvark,gender,p0356,2
67,apple aardvark,gender,p0358,1
68,apple aardvark,gender,p0363,1
69,apple aardvark,gender,p0364,1
70,apple aardvark,gender,p0369,2
71,apple aardvark,gender,p0370,2
72,apple aardvark,gender,p0371,1
73,apple aardvark,gender,p0379,1
74,apple aardvark,gender,p0386,1
75,apple aardvark,gender,p0396,2
76,apple aardvark,gender,p0403,2
77,apple aardvark,gender,p0405,2
78,apple aardvark,gender,p0412,1
79,apple aardvark,gender,p0415,1
80,apple aardvark,gender,p0416,1
81,apple aardvark,gender,p0417,1
82,apple aardvark,gender,p0418,2
83,apple aardvark,gender,p0430,1
84,apple aardvark,gender,p0431,2
85,apple aardvark,gender,p0434,2
86,apple aardvark,gender,p0438,2
87,apple aardvark,gender,p0441,2
88,apple aardvark,gender,p0442,2
89,apple aardvark,gender,p0449,1
90,apple aardvark,gender,p0450,2
91,apple aardvark,gender,p0465,1
92,apple aardvark,gender,p0471,2
93,apple aardvark,gender,p0477,2
94,apple aardvark,gender,p0483,2
95,apple aardvark,gender,p0486,1
96,apple aardvark,gender,p0487,1
97,apple aardvark,gender,p0489,1
98,apple aardvark,gender,p0497,1
99,apple aardvark,gender,p0502,1
100,apple aardvark,gender,p0503,2
101,apple aardvark,gender,p0506,1
102,apple aardvark,gender,p0511,1
103,apple aardvark,gender,p0523,2
104,apple aardvark,gender,p0534,1
105,apple aardvark,gender,p0536,1
106,apple aardvark,gender,p0542,1
107,apple aardvark,gender,p0547,2
108,apple aardvark,gender,p0553,1
109,apple aardvark,gender,p0559,2
110,apple aardvark,gender,p0566,1
111,apple aardvark,gender,p0568,2
112,apple aardvark,gender,p0570,1
113,apple aardvark,gender,p0573,2
114,apple aardvark,gender,p0578,1
115,apple aardvark,gender,p0594,1
116,apple aardvark,gender,p0597,1
117,apple aardvark,gender,p0601,1
118,apple aardvark,gender,p0602,2
119,apple aardvark,gender,p0605,1
120,apple aardvark,gender,p0615,1
121,apple aardvark,gender,p0620,1
122,apple aardvark,gender,p0626,2
123,apple aardvark,gender,p0629,2
124,apple aardvark,gender,p0633,2
125,apple aardvark,gender,p0638,2
126,apple aardvark,gender,p0639,1
127,apple aardvark,gender,p0640,2
128,apple aardvark,gender,p0655,2
129,apple aardvark,gender,p0656,1
130,apple aardvark,gender,p0658,1
131,apple aardvark,gender,p0661,1
132,apple aardvark,gender,p0669,1
133,apple aardvark,gender,p0670,2
134,apple aardvark,gender,p0672,2
135,apple aardvark,gender,p0674,1
136,apple aardvark,gender,p0678,1
137,apple aardvark,gender,p0683,2
138,apple aardvark,gender,p0686,1
139,apple aardvark,gender,p0687,1
140,apple aardvark,gender,p0698,2
141,apple aardvark,gender,p0700,1
142,apple aardvark,gender,p0703,1
143,apple aardvark,gender,p0718,1
144,apple aardvark,gender,p0744,2
145,apple aardvark,gender,p0745,1
146,apple aardvark,gender,p0753,2
147,apple aardvark,gender,p0770,1
148,apple aardvark,gender,p0771,1
149,apple aardvark,gender,p0777,1
150,apple aardvark,gender,p0779,1
151,apple aardvark,gender,p0780,2
152,apple aardvark,gender,p0783,1
153,apple aardvark,gender,p0785,2
154,apple aardvark,gender,p0786,2
155,apple aardvark,gender,p0794,1
156,apple aardvark,gender,p0798,1
157,apple aardvark,gender,p0800,1
158,apple aardvark,gender,p0820,2
159,apple aardvark,gender,p0841,2
160,apple aardvark,gender,p0849,1
161,apple aardvark,gender,p0862,1
162,apple aardvark,gender,p0867,2
163,apple aardvark,gender,p0869,1
164,apple aardvark,gender,p0872,1
165,apple aardvark,gender,p0880,2
166,apple aardvark,gender,p0891,1
167,apple aardvark,gender,p0916,2
168,apple aardvark,gender,p0917,2
169,apple aardvark,gender,p0919,2
170,apple aardvark,gender,p0922,2
171,apple aardvark,gender,p0925,2
172,apple aardvark,gender,p0927,1
173,apple aardvark,gender,p0929,2
174,apple aardvark,gender,p0930,1
175,apple aardvark,gender,p0931,2
176,apple aardvark,gender,p0933,2
177,apple aardvark,gender,p0934,2
178,apple aardvark,gender,p0936,2
179,apple aardvark,gender,p0938,1
180,apple aardvark,gender,p0939,2
181,apple aardvark,gender,p0946,1
182,apple aardvark,gender,p0951,1
183,apple aardvark,gender,p0956,2
184,apple aardvark,gender,p0962,2
185,apple aardvark,gender,p0963,1
186,apple aardvark,gender,p0969,1
187,apple aardvark,gender,p0972,1
188,apple aardvark,gender,p0975,1
189,apple aardvark,gender,p0985,2
190,apple aardvark,gender,p0993,1
191,apple aardvark,gender,p0996,2
192,apple aardvark,gender,p1011,1
193,apple aardvark,gender,p1017,2
194,apple aardvark,gender,p1020,1
195,apple aardvark,gender,p1022,1
196,apple aardvark,gender,p1024,2
197,apple aardvark,gender,p1027,1
198,apple aardvark,gender,p1028,1
199,apple aardvark,gender,p1029,2
200,apple aardvark,gender,p1032,1
201,apple aardvark,gender,p1040,1
202,apple aardvark,gender,p1047,1
203,apple aardvark,gender,p1048,1
204,apple aardvark,gender,p1053,2
205,apple aardvark,gender,p1057,1
206,apple aardvark,gender,p1058,2
207,apple aardvark,gender,p1063,1
208,apple aardvark,gender,p1064,2
209,apple aardvark,gender,p1065,1
210,apple aardvark,gender,p1069,2
211,apple aardvark,gender,p1072,1
212,apple aardvark,gender,p1073,1
213,apple aardvark,gender,p1075,2
214,apple aardvark,gender,p1076,2
215,apple aardvark,gender,p1083,2
216,apple aardvark,gender,p1089,1
217,apple aardvark,gender,p1093,1
218,apple aardvark,gender,p1096,2
219,apple aardvark,gender,p1100,1
220,apple aardvark,gender,p1106,2
221,apple aardvark,gender,p1107,2
222,apple aardvark,gender,p1113,1
223,apple aardvark,gender,p1117,1
224,apple aardvark,gender,p1120,1
225,apple aardvark,gender,p1134,1
226,apple aardvark,gender,p1136,1
227,apple aardvark,gender,p1138,2
228,apple aardvark,gender,p1144,1
229,apple aardvark,gender,p1145,1
230,apple aardvark,gender,p1147,2
231,apple aardvark,gender,p1148,1
232,apple aardvark,gender,p1154,2
233,apple aardvark,gender,p1159,1
234,apple aardvark,gender,p1167,1
235,apple aardvark,gender,p1175,2
236,apple aardvark,gender,p1178,2
237,apple aardvark,gender,p1184,2
238,apple aardvark,gender,p1186,1
239,apple aardvark,gender,p1196,1
240,apple aardvark,gender,p1197,2
241,apple aardvark,gender,p1203,1
242,apple aardvark,gender,p1219,2
243,apple aardvark,gender,p1225,1
244,apple aardvark,gender,p1234,2
245,apple aardvark,gender,p1242,1
246,apple aardvark,gender,p1244,1
247,apple aardvark,gender,p1249,2
248,apple aardvark,gender,p1250,1
249,apple aardvark,gender,p1256,1
250,apple aardvark,gender,p1258,2
251,apple aardvark,gender,p1260,1
252,apple aardvark,gender,p1262,1
253,apple aardvark,gender,p1264,2
254,apple aardvark,gender,p1265,2
255,apple aardvark,gender,p1269,1
256,apple aardvark,gender,p1272,2
257,apple aardvark,gender,p1278,1
258,apple aardvark,gender,p1281,2
259,apple aardvark,gender,p1292,1
260,apple aardvark,gender,p1299,2
261,apple aardvark,gender,p1312,2
262,apple aardvark,gender,p1322,1
263,apple aardvark,gender,p1326,2
264,apple aardvark,gender,p1330,2
265,apple aardvark,gender,p1335,2
266,apple aardvark,gender,p1337,1
267,apple aardvark,gender,p1340,1
268,apple aardvark,gender,p1345,1
269,apple aardvark,gender,p1351,1
270,apple aardvark,gender,p1355,2
271,apple aardvark,gender,p1362,2
272,apple aardvark,gender,p1365,1
273,apple aardvark,gender,p1366,2
274,apple aardvark,gender,p1367,1
275,apple aardvark,gender,p1370,2
276,apple aardvark,gender,p1371,1
277,apple aardvark,gender,p1373,2
278,apple aardvark,gender,p1375,2
279,apple aardvark,gender,p1376,2
280,apple aardvark,gender,p1379,2
281,apple aardvark,gender,p1381,2
282,apple aardvark,gender,p1393,2
283,apple aardvark,gender,p1396,2
284,apple aardvark,gender,p1398,1
285,apple aardvark,gender,p1404,2
286,apple aardvark,gender,p1406,1
287,apple aardvark,gender,p1407,2
288,apple aardvark,gender,p1409,1
289,apple aardvark,gender,p1412,1
290,apple aardvark,gender,p1414,1
291,apple aardvark,gender,p1424,1
292,apple aardvark,gender,p1425,1
293,apple aardvark,gender,p1429,2
294,apple aardvark,gender,p1434,1
295,apple aardvark,gender,p1441,1
296,apple aardvark,gender,p1445,1
297,apple aardvark,gender,p1450,1
298,apple aardvark,gender,p1454,1
299,apple aardvark,gender,p1456,1
300,apple aardvark,gender,p1457,2
301,apple aardvark,gender,p1458,1
302,apple aardvark,gender,p1469,1
303,apple aardvark,gender,p1470,1
304,apple aardvark,gender,p1481,1
305,apple aardvark,gender,p1488,2
306,apple aardvark,gender,p1492,1
307,apple aardvark,gender,p1495,1
308,apple aardvark,gender,p1497,2
309,apple aardvark,gender,p1499,1
310,apple aardvark,gender,p1503,1
311,apple aardvark,gender,p1511,1
312,apple aardvark,gender,p1512,2
313,apple aardvark,gender,p1518,2
314,apple aardvark,gender,p1519,2
315,apple aardvark,gender,p1520,2
316,apple aardvark,gender,p1524,2
317,apple aardvark,gender,p1526,2
318,apple aardvark,gender,p1537,1
319,apple aardvark,gender,p1545,2
320,apple aardvark,gender,p1547,2
321,apple aardvark,gender,p1552,1
322,apple aardvark,gender,p1567,1
323,apple aardvark,gender,p1568,2
324,apple aardvark,gender,p1579,2
325,apple aardvark,gender,p1587,2
326,apple aardvark,gender,p1596,1
327,apple aardvark,gender,p1600,1
328,apple aardvark,gender,p1603,2
329,apple aardvark,gender,p1604,2
330,apple aardvark,gender,p1610,2
331,apple aardvark,gender,p1618,1
332,apple aardvark,gender,p1619,1
333,apple aardvark,gender,p1622,1
334,apple aardvark,gender,p1623,1
335,apple aardvark,gender,p1630,1
336,apple aardvark,gender,p1641,1
337,apple aardvark,gender,p1649,1
338,apple aardvark,gender,p1652,1
339,apple aardvark,gender,p1665,1
340,apple aardvark,gender,p1669,1
341,apple aardvark,gender,p1685,1
342,apple aardvark,gender,p1693,2
343,apple aardvark,gender,p1698,1
344,apple aardvark,gender,p1704,1
345,apple aardvark,gender,p1711,1
346,apple aardvark,gender,p1718,1
347,apple aardvark,gender,p1732,1
348,apple aardvark,gender,p1739,1
349,apple aardvark,gender,p1741,1
350,apple aardvark,gender,p1746,1
351,apple aardvark,gender,p1751,1
352,apple aardvark,gender,p1754,2
353,apple aardvark,gender,p1769,2
354,apple aardvark,gender,p1771,2
355,apple aardvark,gender,p1776,1
356,apple aardvark,gender,p1780,1
357,apple aardvark,gender,p1785,2
358,apple aardvark,gender,p1791,1
359,apple aardvark,gender,p1793,1
360,apple aardvark,gender,p1796,1
361,apple aardvark,gender,p1805,1
362,apple aardvark,gender,p1812,1
363,apple aardvark,gender,p1816,2
364,apple aardvark,gender,p1819,1
365,apple aardvark,gender,p1825,1
366,apple aardvark,gender,p1836,1
367,apple aardvark,gender,p1839,2
368,apple aardvark,gender,p1861,1
369,apple aardvark,gender,p1863,1
370,apple aardvark,gender,p1873,1
371,apple aardvark,gender,p1875,1
372,apple aardvark,gender,p1876,2
373,apple aardvark,gender,p1877,2
374,apple aardvark,gender,p1880,2
375,apple aardvark,gender,p1883,1
376,apple aardvark,gender,p1889,1
377,apple aardvark,gender,p1893,1
378,apple aardvark,gender,p1896,1
379,apple aardvark,gender,p1913,1
380,apple aardvark,gender,p1922,1
381,apple aardvark,gender,p1930,1
382,apple aardvark,gender,p1935,1
383,apple aardvark,gender,p1940,1
384,apple aardvark,gender,p1948,2
385,apple aardvark,gender,p1950,2
386,apple aardvark,gender,p1954,1
387,apple aardvark,gender,p1956,2
388,apple aardvark,gender,p1958,1
389,apple aardvark,gender,p1967,2
390,apple aardvark,gender,p1973,1
391,apple aardvark,gender,p1978,1
392,apple aardvark,gender,p1983,1
393,apple aardvark,gender,p1984,2
394,apple aardvark,gender,p1995,1
395,apple aardvark,gender,p1996,2
396,apple aardvark,gender,p1997,1
397,apple aardvark,gender,p2001,2
398,apple aardvark,gender,p2002,2
399,apple aardvark,gender,p2013,2
400,apple aardvark,gender,p2014,2
401,apple aardvark,gender,p2016,1
402,apple aardvark,gender,p2018,1
403,apple aardvark,gender,p2023,2
404,apple aardvark,gender,p2025,1
405,apple aardvark,gender,p2028,1
406,apple aardvark,gender,p2030,2
407,apple aardvark,gender,p2033,1
408,apple aardvark,gender,p2040,1
409,apple aardvark,gender,p2051,2
410,apple aardvark,gender,p2052,1
411,apple aardvark,gender,p2066,1
412,apple aardvark,gender,p2067,1
413,apple aardvark,gender,p2073,1
414,apple aardvark,gender,p2077,2
415,apple aardvark,gender,p2078,2
416,apple aardvark,gender,p2086,1
417,apple aardvark,gender,p2089,1
418,apple aardvark,gender,p2093,1
419,apple aardvark,gender,p2094,2
420,apple aardvark,gender,p2111,2
421,apple aardvark,gender,p2117,2
422,apple aardvark,gender,p2121,1
423,apple aardvark,gender,p2127,1
424,apple aardvark,gender,p2141,1
425,apple aardvark,gender,p2142,2
426,apple aardvark,gender,p2143,1
427,apple aardvark,gender,p2153,2
428,apple aardvark,gender,p2155,2
429,apple aardvark,gender,p2169,1
430,apple aardvark,gender,p2187,1
431,apple aardvark,gender,p2188,1
432,apple aardvark,gender,p2197,2
433,apple aardvark,gender,p2213,2
434,apple aardvark,gender,p2214,2
435,apple aardvark,gender,p2215,2
436,apple aardvark,gender,p2220,1
437,apple aardvark,gender,p2223,2
438,apple aardvark,gender,p2229,1
439,apple aardvark,gender,p2234,2
440,apple aardvark,gender,p2237,2
441,apple aardvark,gender,p2238,1
442,apple aardvark,gender,p2244,2
443,apple aardvark,gender,p2248,2
444,apple aardvark,gender,p2252,1
445,apple aardvark,gender,p2255,1
446,apple aardvark,gender,p2261,1
447,apple aardvark,gender,p2263,2
448,apple aardvark,gender,p2273,2
449,apple aardvark,gender,p2275,2
450,apple aardvark,gender,p2276,2
451,apple aardvark,gender,p2283,2
452,apple aardvark,gender,p2287,2
453,apple aardvark,gender,p2296,1
454,apple aardvark,gender,p2298,1
455,apple aardvark,gender,p2304,1
456,apple aardvark,gender,p2310,2
457,apple aardvark,gender,p2322,2
458,apple aardvark,gender,p2326,2
459,apple aardvark,gender,p2330,2
460,apple aardvark,gender,p2331,1
461,apple aardvark,gender,p2333,1
462,apple aardvark,gender,p2347,2
463,apple aardvark,gender,p2350,2
464,apple aardvark,gender,p2351,1
465,apple aardvark,gender,p2353,2
466,apple aardvark,gender,p2355,2
467,apple aardvark,gender,p2363,2
468,apple aardvark,gender,p2378,2
469,apple aardvark,gender,p2380,1
470,apple aardvark,gender,p2387,2
471,apple aardvark,gender,p2398,1
472,apple aardvark,gender,p2400,1
473,apple aardvark,gender,p2403,2
474,apple aardvark,gender,p2408,2
475,apple aardvark,gender,p2418,2
476,apple aardvark,gender,p2426,1
477,apple aardvark,gender,p2428,2
478,apple aardvark,gender,p2434,2
479,apple aardvark,gender,p2446,1
480,apple aardvark,gender,p2452,1
481,apple aardvark,gender,p2454,2
482,apple aardvark,gender,p2462,1
483,apple aardvark,gender,p2467,1
484,apple aardvark,gender,p2482,2
485,apple aardvark,gender,p2489,1
486,apple aardvark,gender,p2490,2
487,apple aardvark,gender,p2494,2
488,apple aardvark,gender,p2502,1
489,apple aardvark,gender,p2503,2
490,apple aardvark,gender,p2522,1
491,apple aardvark,gender,p2524,1
492,apple aardvark,gender,p2533,2
493,apple aardvark,gender,p2566,2
494,apple aardvark,gender,p2571,1
495,apple aardvark,gender,p2573,1
496,apple aardvark,gender,p2582,1
497,apple aardvark,gender,p2591,1
498,apple aardvark,gender,p2592,2
499,apple aardvark,gender,p2595,2
500,apple aardvark,year_birth,p0016,1970
501,apple aardvark,year_birth,p0022,1991
502,apple aardvark,year_birth,p0023,1958
503,apple aardvark,year_birth,p0026,1965
504,apple aardvark,year_birth,p0034,1950
505,apple aardvark,year_birth,p0036,1994
506,apple aardvark,year_birth,p0037,1969
507,apple aardvark,year_birth,p0042,1960
508,apple aardvark,year_birth,p0057,1981
509,apple aardvark,year_birth,p0066,1966
510,apple aardvark,year_birth,p0069,1986
511,apple aardvark,year_birth,p0072,1987
512,apple aardvark,year_birth,p0073,1982
513,apple aardvark,year_birth,p0082,1973
514,apple aardvark,year_birth,p0091,1995
515,apple aardvark,year_birth,p0092,1980
516,apple aardvark,year_birth,p0093,1947
517,apple aardvark,year_birth,p0095,1946
518,apple aardvark,year_birth,p0107,1964
519,apple aardvark,year_birth,p0114,1987
520,apple aardvark,year_birth,p0116,1986
521,apple aardvark,year_birth,p0118,1998
522,apple aardvark,year_birth,p0119,1989
523,apple aardvark,year_birth,p0126,1961
524,apple aardvark,year_birth,p0129,1951
525,apple aardvark,year_birth,p0136,1986
526,apple aardvark,year_birth,p0138,1947
527,apple aardvark,year_birth,p0144,1989
528,apple aardvark,year_birth,p0150,1975
529,apple aardvark,year_birth,p0152,1973
530,apple aardvark,year_birth,p0158,1948
531,apple aardvark,year_birth,p0161,1984
532,apple aardvark,year_birth,p0164,1955
533,apple aardvark,year_birth,p0175,1954
534,apple aardvark,year_birth,p0177,1972
535,apple aardvark,year_birth,p0178,1991
536,apple aardvark,year_birth,p0181,1970
537,apple aardvark,year_birth,p0186,1968
538,apple aardvark,year_birth,p0196,1993
539,apple aardvark,year_birth,p0198,1949
540,apple aardvark,year_birth,p0202,1950
541,apple aardvark,year_birth,p0205,1944
542,apple aardvark,year_birth,p0207,1932
543,apple aardvark,year_birth,p0211,1947
544,apple aardvark,year_birth,p0227,1978
545,apple aardvark,year_birth,p0229,1957
546,apple aardvark,year_birth,p0232,1939
547,apple aardvark,year_birth,p0233,1951
548,apple aardvark,year_birth,p0237,1984
549,apple aardvark,year_birth,p0258,1936
550,apple aardvark,year_birth,p0268,1927
551,apple aardvark,year_birth,p0274,1981
552,apple aardvark,year_birth,p0275,1970
553,apple aardvark,year_birth,p0277,1975
554,apple aardvark,year_birth,p0288,1970
555,apple aardvark,year_birth,p0291,1936
556,apple aardvark,year_birth,p0307,1996
557,apple aardvark,year_birth,p0308,1998
558,apple aardvark,year_birth,p0317,1960
559,apple aardvark,year_birth,p0325,1989
560,apple aardvark,year_birth,p0327,1958
561,apple aardvark,year_birth,p0334,1956
562,apple aardvark,year_birth,p0336,1987
563,apple aardvark,year_birth,p0338,1977
564,apple aardvark,year_birth,p0342,1981
565,apple aardvark,year_birth,p0349,1975
566,apple aardvark,year_birth,p0356,1991
567,apple aardvark,year_birth,p0358,1956
568,apple aardvark,year_birth,p0363,1956
569,apple aardvark,year_birth,p0364,1981
570,apple aardvark,year_birth,p0369,1989
571,apple aardvark,year_birth,p0370,1983
572,apple aardvark,year_birth,p0371,1959
573,apple aardvark,year_birth,p0379,1962
574,apple aardvark,year_birth,p0386,1986
575,apple aardvark,year_birth,p0396,1987
576,apple aardvark,year_birth,p0403,1988
577,apple aardvark,year_birth,p0405,1990
578,apple aardvark,year_birth,p0412,1963
579,apple aardvark,year_birth,p0415,1992
580,apple aardvark,year_birth,p0416,1982
581,apple aardvark,year_birth,p0417,1983
582,apple aardvark,year_birth,p0418,1952
583,apple aardvark,year_birth,p0430,1944
584,apple aardvark,year_birth,p0431,1998
585,apple aardvark,year_birth,p0434,1964
586,apple aardvark,year_birth,p0438,1977
587,apple aardvark,year_birth,p0441,1988
588,apple aardvark,year_birth,p0442,1994
589,apple aardvark,year_birth,p0449,1957
590,apple aardvark,year_birth,p0450,1951
591,apple aardvark,year_birth,p0465,1965
592,apple aardvark,year_birth,p0471,1987
593,apple aardvark,year_birth,p0477,1970
594,apple aardvark,year_birth,p0483,1993
595,apple aardvark,year_birth,p0486,1990
596,apple aardvark,year_birth,p0487,1983
597,apple aardvark,year_birth,p0489,1959
598,apple aardvark,year_birth,p0497,1946
599,apple aardvark,year_birth,p0502,1953
600,apple aardvark,year_birth,p0503,1991
601,apple aardvark,year_birth,p0506,1987
602,apple aardvark,year_birth,p0511,1989
603,apple aardvark,year_birth,p0523,1993
604,apple aardvark,year_birth,p0534,1954
605,apple aardvark,year_birth,p0536,1982
606,apple aardvark,year_birth,p0542,1948
607,apple aardvark,year_birth,p0547,1954
608,apple aardvark,year_birth,p0553,1966
609,apple aardvark,year_birth,p0559,1991
610,apple aardvark,year_birth,p0566,1984
611,apple aardvark,year_birth,p0568,1972
612,apple aardvark,year_birth,p0570,1977
613,apple aardvark,year_birth,p0573,1987
614,apple aardvark,year_birth,p0578,1967
615,apple aardvark,year_birth,p0594,1984
616,apple aardvark,year_birth,p0597,1958
617,apple aardvark,year_birth,p0601,1996
618,apple aardvark,year_birth,p0602,1952
619,apple aardvark,year_birth,p0605,1987
620,apple aardvark,year_birth,p0615,1966
621,apple aardvark,year_birth,p0620,1994
622,apple aardvark,year_birth,p0626,1980
623,apple aardvark,year_birth,p0629,1995
624,apple aardvark,year_birth,p0633,1996
625,apple aardvark,year_birth,p0638,1989
626,apple aardvark,year_birth,p0639,1976
627,apple aardvark,year_birth,p0640,1951
628,apple aardvark,year_birth,p0655,1998
629,apple aardvark,year_birth,p0656,1991
630,apple aardvark,year_birth,p0658,1968
631,apple aardvark,year_birth,p0661,1988
632,apple aardvark,year_birth,p0669,1960
633,apple aardvark,year_birth,p0670,1980
634,apple aardvark,year_birth,p0672,1973
635,apple aardvark,year_birth,p0674,1985
636,apple aardvark,year_birth,p0678,1978
637,apple aardvark,year_birth,p0683,1949
638,apple aardvark,year_birth,p0686,1977
639,apple aardvark,year_birth,p0687,1953
640,apple aardvark,year_birth,p0698,1963
641,apple aardvark,year_birth,p0700,1981
642,apple aardvark,year_birth,p0703,1970
643,apple aardvark,year_birth,p0718,1984
644,apple aardvark,year_birth,p0744,1987
645,apple aardvark,year_birth,p0745,1987
646,apple aardvark,year_birth,p0753,1992
647,apple aardvark,year_birth,p0770,1985
648,apple aardvark,year_birth,p0771,1964
649,apple aardvark,year_birth,p0777,1982
650,apple aardvark,year_birth,p0779,1964
651,apple aardvark,year_birth,p0780,1970
652,apple aardvark,year_birth,p0783,1947
653,apple aardvark,year_birth,p0785,1994
654,apple aardvark,year_birth,p0786,1970
655,apple aardvark,year_birth,p0794,1952
656,apple aardvark,year_birth,p0798,1947
657,apple aardvark,year_birth,p0800,1967
658,apple aardvark,year_birth,p0820,1982
659,apple aardvark,year_birth,p0841,1985
660,apple aardvark,year_birth,p0849,1970
661,apple aardvark,year_birth,p0862,1989
662,apple aardvark,year_birth,p0867,1969
663,apple aardvark,year_birth,p0869,1955
664,apple aardvark,year_birth,p0872,1972
665,apple aardvark,year_birth,p0880,1993
666,apple aardvark,year_birth,p0891,1984
667,apple aardvark,year_birth,p0916,1989
668,apple aardvark,year_birth,p0917,1987
669,apple aardvark,year_birth,p0919,1991
670,apple aardvark,year_birth,p0922,1957
671,apple aardvark,year_birth,p0925,1966
672,apple aardvark,year_birth,p0927,1990
673,apple aardvark,year_birth,p0929,1991
674,apple aardvark,year_birth,p0930,1984
675,apple aardvark,year_birth,p0931,1958
676,apple aardvark,year_birth,p0933,1986
677,apple aardvark,year_birth,p0934,1978
678,apple aardvark,year_birth,p0936,1976
679,apple aardvark,year_birth,p0938,1982
680,apple aardvark,year_birth,p0939,1984
681,apple aardvark,year_birth,p0946,1980
682,apple aardvark,year_birth,p0951,1963
683,apple aardvark,year_birth,p0956,1988
684,apple aardvark,year_birth,p0962,1942
685,apple aardvark,year_birth,p0963,1990
686,apple aardvark,year_birth,p0969,1960
687,apple aardvark,year_birth,p0972,1956
688,apple aardvark,year_birth,p0975,1952
689,apple aardvark,year_birth,p0985,1994
690,apple aardvark,year_birth,p0993,1983
691,apple aardvark,year_birth,p0996,1956
692,apple aardvark,year_birth,p1011,1961
693,apple aardvark,year_birth,p1017,1992
694,apple aardvark,year_birth,p1020,1953
695,apple aardvark,year_birth,p1022,1995
696,apple aardvark,year_birth,p1024,1972
697,apple aardvark,year_birth,p1027,1996
698,apple aardvark,year_birth,p1028,1985
699,apple aardvark,year_birth,p1029,1986
700,apple aardvark,year_birth,p1032,1972
701,apple aardvark,year_birth,p1040,1990
702,apple aardvark,year_birth,p1047,1997
703,apple aardvark,year_birth,p1048,1985
704,apple aardvark,year_birth,p1053,1987
705,apple aardvark,year_birth,p1057,1986
706,apple aardvark,year_birth,p1058,1988
707,apple aardvark,year_birth,p1063,1960
708,apple aardvark,year_birth,p1064,1955
709,apple aardvark,year_birth,p1065,1955
710,apple aardvark,year_birth,p1069,1981
711,apple aardvark,year_birth,p1072,1986
712,apple aardvark,year_birth,p1073,1980
713,apple aardvark,year_birth,p1075,1965
714,apple aardvark,year_birth,p1076,1997
715,apple aardvark,year_birth,p1083,1950
716,apple aardvark,year_birth,p1089,1992
717,apple aardvark,year_birth,p1093,1995
718,apple aardvark,year_birth,p1096,1988
719,apple aardvark,year_birth,p1100,1972
720,apple aardvark,year_birth,p1106,1988
721,apple aardvark,year_birth,p1107,1955
722,apple aardvark,year_birth,p1113,1984
723,apple aardvark,year_birth,p1117,1940
724,apple aardvark,year_birth,p1120,1956
725,apple aardvark,year_birth,p1134,1951
726,apple aardvark,year_birth,p1136,1967
727,apple aardvark,year_birth,p1138,1969
728,apple aardvark,year_birth,p1144,1962
729,apple aardvark,year_birth,p1145,1952
730,apple aardvark,year_birth,p1147,1989
731,apple aardvark,year_birth,p1148,1982
732,apple aardvark,year_birth,p1154,1985
733,apple aardvark,year_birth,p1159,1957
734,apple aardvark,year_birth,p1167,1965
735,apple aardvark,year_birth,p1175,1989
736,apple aardvark,year_birth,p1178,1989
737,apple aardvark,year_birth,p1184,1979
738,apple aardvark,year_birth,p1186,1970
739,apple aardvark,year_birth,p1196,1996
740,apple aardvark,year_birth,p1197,1974
741,apple aardvark,year_birth,p1203,1954
742,apple aardvark,year_birth,p1219,1994
743,apple aardvark,year_birth,p1225,1952
744,apple aardvark,year_birth,p1234,1996
745,apple aardvark,year_birth,p1242,1954
746,apple aardvark,year_birth,p1244,1976
747,apple aardvark,year_birth,p1249,1972
748,apple aardvark,year_birth,p1250,1960
749,apple aardvark,year_birth,p1256,1979
750,apple aardvark,year_birth,p1258,1986
751,apple aardvark,year_birth,p1260,1982
752,apple aardvark,year_birth,p1262,1972
753,apple aardvark,year_birth,p1264,1997
754,apple aardvark,year_birth,p1265,1987
755,apple aardvark,year_birth,p1269,1983
756,apple aardvark,year_birth,p1272,1998
757,apple aardvark,year_birth,p1278,1988
758,apple aardvark,year_birth,p1281,1989
759,apple aardvark,year_birth,p1292,1990
760,apple aardvark,year_birth,p1299,1964
761,apple aardvark,year_birth,p1312,1984
762,apple aardvark,year_birth,p1322,1986
763,apple aardvark,year_birth,p1326,1985
764,apple aardvark,year_birth,p1330,1962
765,apple aardvark,year_birth,p1335,1991
766,apple aardvark,year_birth,p1337,1965
767,apple aardvark,year_birth,p1340,1983
768,apple aardvark,year_birth,p1345,1960
769,apple aardvark,year_birth,p1351,1932
770,apple aardvark,year_birth,p1355,1991
771,apple aardvark,year_birth,p1362,1941
772,apple aardvark,year_birth,p1365,1961
773,apple aardvark,year_birth,p1366,1958
774,apple aardvark,year_birth,p1367,1984
775,apple aardvark,year_birth,p1370,1936
776,apple aardvark,year_birth,p1371,1969
777,apple aardvark,year_birth,p1373,1991
778,apple aardvark,year_birth,p1375,1980
779,apple aardvark,year_birth,p1376,1986
780,apple aardvark,year_birth,p1379,1977
781,apple aardvark,year_birth,p1381,1952
782,apple aardvark,year_birth,p1393,1974
783,apple aardvark,year_birth,p1396,1970
784,apple aardvark,year_birth,p1398,1978
785,apple aardvark,year_birth,p1404,1960
786,apple aardvark,year_birth,p1406,1961
787,apple aardvark,year_birth,p1407,1987
788,apple aardvark,year_birth,p1409,1954
789,apple aardvark,year_birth,p1412,1966
790,apple aardvark,year_birth,p1414,1981
791,apple aardvark,year_birth,p1424,1968
792,apple aardvark,year_birth,p1425,1968
793,apple aardvark,year_birth,p1429,1971
794,apple aardvark,year_birth,p1434,1976
795,apple aardvark,year_birth,p1441,1975
796,apple aardvark,year_birth,p1445,1956
797,apple aardvark,year_birth,p1450,1993
798,apple aardvark,year_birth,p1454,1967
799,apple aardvark,year_birth,p1456,1978
800,apple aardvark,year_birth,p1457,1987
801,apple aardvark,year_birth,p1458,1966
802,apple aardvark,year_birth,p1469,1979
803,apple aardvark,year_birth,p1470,1961
804,apple aardvark,year_birth,p1481,1958
805,apple aardvark,year_birth,p1488,1973
806,apple aardvark,year_birth,p1492,1976
807,apple aardvark,year_birth,p1495,1943
808,apple aardvark,year_birth,p1497,1965
809,apple aardvark,year_birth,p1499,1993
810,apple aardvark,year_birth,p1503,1963
811,apple aardvark,year_birth,p1511,1960
812,apple aardvark,year_birth,p1512,1989
813,apple aardvark,year_birth,p1518,1992
814,apple aardvark,year_birth,p1519,1995
815,apple aardvark,year_birth,p1520,1988
816,apple aardvark,year_birth,p1524,1968
817,apple aardvark,year_birth,p1526,1982
818,apple aardvark,year_birth,p1537,1937
819,apple aardvark,year_birth,p1545,1975
820,apple aardvark,year_birth,p1547,1968
821,apple aardvark,year_birth,p1552,1989
822,apple aardvark,year_birth,p1567,1949
823,apple aardvark,year_birth,p1568,1950
824,apple aardvark,year_birth,p1579,1951
825,apple aardvark,year_birth,p1587,1965
826,apple aardvark,year_birth,p1596,1953
827,apple aardvark,year_birth,p1600,1974
828,apple aardvark,year_birth,p1603,1990
829,apple aardvark,year_birth,p1604,1955
830,apple aardvark,year_birth,p1610,1978
831,apple aardvark,year_birth,p1618,1971
832,apple aardvark,year_birth,p1619,1948
833,apple aardvark,year_birth,p1622,1956
834,apple aardvark,year_birth,p1623,1971
835,apple aardvark,year_birth,p1630,1999
836,apple aardvark,year_birth,p1641,1944
837,apple aardvark,year_birth,p1649,1943
838,apple aardvark,year_birth,p1652,1971
839,apple aardvark,year_birth,p1665,1980
840,apple aardvark,year_birth,p1669,1968
841,apple aardvark,year_birth,p1685,1956
842,apple aardvark,year_birth,p1693,1986
843,apple aardvark,year_birth,p1698,1973
844,apple aardvark,year_birth,p1704,1976
845,apple aardvark,year_birth,p1711,1969
846,apple aardvark,year_birth,p1718,1975
847,apple aardvark,year_birth,p1732,1971
848,apple aardvark,year_birth,p1739,1943
849,apple aardvark,year_birth,p1741,1942
850,apple aardvark,year_birth,p1746,1975
851,apple aardvark,year_birth,p1751,1987
852,apple aardvark,year_birth,p1754,1959
853,apple aardvark,year_birth,p1769,1971
854,apple aardvark,year_birth,p1771,1968
855,apple aardvark,year_birth,p1776,1953
856,apple aardvark,year_birth,p1780,1969
857,apple aardvark,year_birth,p1785,1979
858,apple aardvark,year_birth,p1791,1986
859,apple aardvark,year_birth,p1793,1957
860,apple aardvark,year_birth,p1796,1952
861,apple aardvark,year_birth,p1805,1981
862,apple aardvark,year_birth,p1812,1979
863,apple aardvark,year_birth,p1816,1972
864,apple aardvark,year_birth,p1819,1972
865,apple aardvark,year_birth,p1825,1951
866,apple aardvark,year_birth,p1836,1995
867,apple aardvark,year_birth,p1839,1940
868,apple aardvark,year_birth,p1861,1961
869,apple aardvark,year_birth,p1863,1930
870,apple aardvark,year_birth,p1873,1979
871,apple aardvark,year_birth,p1875,1955
872,apple aardvark,year_birth,p1876,1971
873,apple aardvark,year_birth,p1877,1996
874,apple aardvark,year_birth,p1880,1977
875,apple aardvark,year_birth,p1883,1970
876,apple aardvark,year_birth,p1889,1978
877,apple aardvark,year_birth,p1893,1982
878,apple aardvark,year_birth,p1896,1991
879,apple aardvark,year_birth,p1913,1969
880,apple aardvark,year_birth,p1922,1942
881,apple aardvark,year_birth,p1930,1970
882,apple aardvark,year_birth,p1935,1946
883,apple aardvark,year_birth,p1940,1977
884,apple aardvark,year_birth,p1948,1994
885,apple aardvark,year_birth,p1950,1963
886,apple aardvark,year_birth,p1954,1972
887,apple aardvark,year_birth,p1956,1959
888,apple aardvark,year_birth,p1958,1978
889,apple aardvark,year_birth,p1967,1979
890,apple aardvark,year_birth,p1973,1995
891,apple aardvark,year_birth,p1978,1953
892,apple aardvark,year_birth,p1983,1976
893,apple aardvark,year_birth,p1984,1956
894,apple aardvark,year_birth,p1995,1942
895,apple aardvark,year_birth,p1996,1977
896,apple aardvark,year_birth,p1997,1972
897,apple aardvark,year_birth,p2001,1977
898,apple aardvark,year_birth,p2002,1968
899,apple aardvark,year_birth,p2013,1980
900,apple aardvark,year_birth,p2014,1968
901,apple aardvark,year_birth,p2016,1962
902,apple aardvark,year_birth,p2018,1980
903,apple aardvark,year_birth,p2023,1969
904,apple aardvark,year_birth,p2025,1937
905,apple aardvark,year_birth,p2028,1953
906,apple aardvark,year_birth,p2030,1973
907,apple aardvark,year_birth,p2033,1978
908,apple aardvark,year_birth,p2040,1947
909,apple aardvark,year_birth,p2051,1991
910,apple aardvark,year_birth,p2052,1971
911,apple aardvark,year_birth,p2066,1942
912,apple aardvark,year_birth,p2067,1953
913,apple aardvark,year_birth,p2073,1994
914,apple aardvark,year_birth,p2077,1994
915,apple aardvark,year_birth,p2078,1988
916,apple aardvark,year_birth,p2086,1964
917,apple aardvark,year_birth,p2089,1981
918,apple aardvark,year_birth,p2093,1956
919,apple aardvark,year_birth,p2094,1945
920,apple aardvark,year_birth,p2111,1997
921,apple aardvark,year_birth,p2117,1979
922,apple aardvark,year_birth,p2121,1958
923,apple aardvark,year_birth,p2127,1969
924,apple aardvark,year_birth,p2141,1996
925,apple aardvark,year_birth,p2142,1999
926,apple aardvark,year_birth,p2143,1971
927,apple aardvark,year_birth,p2153,1984
928,apple aardvark,year_birth,p2155,1973
929,apple aardvark,year_birth,p2169,1961
930,apple aardvark,year_birth,p2187,1991
931,apple aardvark,year_birth,p2188,1974
932,apple aardvark,year_birth,p2197,1986
933,apple aardvark,year_birth,p2213,1997
934,apple aardvark,year_birth,p2214,1989
935,apple aardvark,year_birth,p2215,1992
936,apple aardvark,year_birth,p2220,1971
937,apple aardvark,year_birth,p2223,1990
938,apple aardvark,year_birth,p2229,1985
939,apple aardvark,year_birth,p2234,1991
940,apple aardvark,year_birth,p2237,1960
941,apple aardvark,year_birth,p2238,1957
942,apple aardvark,year_birth,p2244,1987
943,apple aardvark,year_birth,p2248,1966
944,apple aardvark,year_birth,p2252,1999
945,apple aardvark,year_birth,p2255,1950
946,apple aardvark,year_birth,p2261,1960
947,apple aardvark,year_birth,p2263,1974
948,apple aardvark,year_birth,p2273,1993
949,apple aardvark,year_birth,p2275,1984
950,apple aardvark,year_birth,p2276,1985
951,apple aardvark,year_birth,p2283,1964
952,apple aardvark,year_birth,p2287,1957
953,apple aardvark,year_birth,p2296,1992
954,apple aardvark,year_birth,p2298,1994
955,apple aardvark,year_birth,p2304,1995
956,apple aardvark,year_birth,p2310,1986
957,apple aardvark,year_birth,p2322,1988
958,apple aardvark,year_birth,p2326,1990
959,apple aardvark,year_birth,p2330,1996
960,apple aardvark,year_birth,p2331,1997
961,apple aardvark,year_birth,p2333,1967
962,apple aardvark,year_birth,p2347,1972
963,apple aardvark,year_birth,p2350,1989
964,apple aardvark,year_birth,p2351,1986
965,apple aardvark,year_birth,p2353,1998
966,apple aardvark,year_birth,p2355,1988
967,apple aardvark,year_birth,p2363,1982
968,apple aardvark,year_birth,p2378,1994
969,apple aardvark,year_birth,p2380,1994
970,apple aardvark,year_birth,p2387,1986
971,apple aardvark,year_birth,p2398,1990
972,apple aardvark,year_birth,p2400,1961
973,apple aardvark,year_birth,p2403,1971
974,apple aardvark,year_birth,p2408,1980
975,apple aardvark,year_birth,p2418,1987
976,apple aardvark,year_birth,p2426,1951
977,apple aardvark,year_birth,p2428,1989
978,apple aardvark,year_birth,p2434,1968
979,apple aardvark,year_birth,p2446,1983
980,apple aardvark,year_birth,p2452,1975
981,apple aardvark,year_birth,p2454,1978
982,apple aardvark,year_birth,p2462,1993
983,apple aardvark,year_birth,p2467,1972
984,apple aardvark,year_birth,p2482,1967
985,apple aardvark,year_birth,p2489,1952
986,apple aardvark,year_birth,p2490,1998
987,apple aardvark,year_birth,p2494,1947
988,apple aardvark,year_birth,p2502,1955
989,apple aardvark,year_birth,p2503,1987
990,apple aardvark,year_birth,p2522,1945
991,apple aardvark,year_birth,p2524,1946
992,apple aardvark,year_birth,p2533,1951
993,apple aardvark,year_birth,p2566,1968
994,apple aardvark,year_birth,p2571,1952
995,apple aardvark,year_birth,p2573,1969
996,apple aardvark,year_birth,p2582,1985
997,apple aardvark,year_birth,p2591,1986
998,apple aardvark,year_birth,p2592,1981
999,apple aardvark,year_birth,p2595,1973
1000,apple aardvark,race,p0016,1
1001,apple aardvark,race,p0022,1
1002,apple aardvark,race,p0023,1
1003,apple aardvark,race,p0026,1
1004,apple aardvark,race,p0034,1
1005,apple aardvark,race,p0036,1
1006,apple aardvark,race,p0037,1
1007,apple aardvark,race,p0042,1
1008,apple aardvark,race,p0057,1
1009,apple aardvark,race,p0066,1
1010,apple aardvark,race,p0069,1
1011,apple aardvark,race,p0072,1
1012,apple aardvark,race,p0073,1
1013,apple aardvark,race,p0082,1
1014,apple aardvark,race,p0091,1
1015,apple aardvark,race,p0092,2
1016,apple aardvark,race,p0093,1
1017,apple aardvark,race,p0095,1
1018,apple aardvark,race,p0107,1
1019,apple aardvark,race,p0114,1
1020,apple aardvark,race,p0116,1
1021,apple aardvark,race,p0118,1
1022,apple aardvark,race,p0119,1
1023,apple aardvark,race,p0126,1
1024,apple aardvark,race,p0129,1
1025,apple aardvark,race,p0136,1
1026,apple aardvark,race,p0138,1
1027,apple aardvark,race,p0144,5
1028,apple aardvark,race,p0150,2
1029,apple aardvark,race,p0152,1
1030,apple aardvark,race,p0158,1
1031,apple aardvark,race,p0161,1
1032,apple aardvark,race,p0164,1
1033,apple aardvark,race,p0175,1
1034,apple aardvark,race,p0177,5
1035,apple aardvark,race,p0178,1
1036,apple aardvark,race,p0181,1
1037,apple aardvark,race,p0186,1
1038,apple aardvark,race,p0196,1
1039,apple aardvark,race,p0198,1
1040,apple aardvark,race,p0202,1
1041,apple aardvark,race,p0205,1
1042,apple aardvark,race,p0207,1
1043,apple aardvark,race,p0211,1
1044,apple aardvark,race,p0227,5
1045,apple aardvark,race,p0229,2
1046,apple aardvark,race,p0232,1
1047,apple aardvark,race,p0233,1
1048,apple aardvark,race,p0237,1
1049,apple aardvark,race,p0258,1
1050,apple aardvark,race,p0268,1
1051,apple aardvark,race,p0274,2
1052,apple aardvark,race,p0275,2
1053,apple aardvark,race,p0277,2
1054,apple aardvark,race,p0288,2
1055,apple aardvark,race,p0291,1
1056,apple aardvark,race,p0307,1
1057,apple aardvark,race,p0308,1
1058,apple aardvark,race,p0317,1
1059,apple aardvark,race,p0325,1
1060,apple aardvark,race,p0327,1
1061,apple aardvark,race,p0334,1
1062,apple aardvark,race,p0336,1
1063,apple aardvark,race,p0338,1
1064,apple aardvark,race,p0342,2
1065,apple aardvark,race,p0349,1
1066,apple aardvark,race,p0356,1
1067,apple aardvark,race,p0358,1
1068,apple aardvark,race,p0363,1
1069,apple aardvark,race,p0364,1
1070,apple aardvark,race,p0369,1
1071,apple aardvark,race,p0370,1
1072,apple aardvark,race,p0371,1
1073,apple aardvark,race,p0379,1
1074,apple aardvark,race,p0386,1
1075,apple aardvark,race,p0396,1
1076,apple aardvark,race,p0403,2
1077,apple aardvark,race,p0405,1
1078,apple aardvark,race,p0412,1
1079,apple aardvark,race,p0415,1
1080,apple aardvark,race,p0416,1
1081,apple aardvark,race,p0417,1
1082,apple aardvark,race,p0418,1
1083,apple aardvark,race,p0430,1
1084,apple aardvark,race,p0431,1
1085,apple aardvark,race,p0434,1
1086,apple aardvark,race,p0438,1
1087,apple aardvark,race,p0441,5
1088,apple aardvark,race,p0442,2
1089,apple aardvark,race,p0449,1
1090,apple aardvark,race,p0450,1
1091,apple aardvark,race,p0465,1
1092,apple aardvark,race,p0471,1
1093,apple aardvark,race,p0477,1
1094,apple aardvark,race,p0483,2
1095,apple aardvark,race,p0486,1
1096,apple aardvark,race,p0487,1
1097,apple aardvark,race,p0489,1
1098,apple aardvark,race,p0497,1
1099,apple aardvark,race,p0502,1
1100,apple aardvark,race,p0503,1
1101,apple aardvark,race,p0506,1
1102,apple aardvark,race,p0511,1
1103,apple aardvark,race,p0523,1
1104,apple aardvark,race,p0534,1
1105,apple aardvark,race,p0536,1
1106,apple aardvark,race,p0542,1
1107,apple aardvark,race,p0547,1
1108,apple aardvark,race,p0553,1
1109,apple aardvark,race,p0559,1
1110,apple aardvark,race,p0566,1
1111,apple aardvark,race,p0568,5
1112,apple aardvark,race,p0570,2
1113,apple aardvark,race,p0573,1
1114,apple aardvark,race,p0578,1
1115,apple aardvark,race,p0594,1
1116,apple aardvark,race,p0597,1
1117,apple aardvark,race,p0601,1
1118,apple aardvark,race,p0602,1
1119,apple aardvark,race,p0605,1
1120,apple aardvark,race,p0615,1
1121,apple aardvark,race,p0620,1
1122,apple aardvark,race,p0626,1
1123,apple aardvark,race,p0629,1
1124,apple aardvark,race,p0633,1
1125,apple aardvark,race,p0638,1
1126,apple aardvark,race,p0639,1
1127,apple aardvark,race,p0640,1
1128,apple aardvark,race,p0655,1
1129,apple aardvark,race,p0656,2
1130,apple aardvark,race,p0658,1
1131,apple aardvark,race,p0661,1
1132,apple aardvark,race,p0669,1
1133,apple aardvark,race,p0670,2
1134,apple aardvark,race,p0672,5
1135,apple aardvark,race,p0674,1
1136,apple aardvark,race,p0678,1
1137,apple aardvark,race,p0683,1
1138,apple aardvark,race,p0686,1
1139,apple aardvark,race,p0687,5
1140,apple aardvark,race,p0698,1
1141,apple aardvark,race,p0700,1
1142,apple aardvark,race,p0703,1
1143,apple aardvark,race,p0718,2
1144,apple aardvark,race,p0744,1
1145,apple aardvark,race,p0745,1
1146,apple aardvark,race,p0753,1
1147,apple aardvark,race,p0770,1
1148,apple aardvark,race,p0771,5
1149,apple aardvark,race,p0777,1
1150,apple aardvark,race,p0779,1
1151,apple aardvark,race,p0780,1
1152,apple aardvark,race,p0783,1
1153,apple aardvark,race,p0785,1
1154,apple aardvark,race,p0786,2
1155,apple aardvark,race,p0794,1
1156,apple aardvark,race,p0798,1
1157,apple aardvark,race,p0800,1
1158,apple aardvark,race,p0820,1
1159,apple aardvark,race,p0841,1
1160,apple aardvark,race,p0849,1
1161,apple aardvark,race,p0862,5
1162,apple aardvark,race,p0867,2
1163,apple aardvark,race,p0869,1
1164,apple aardvark,race,p0872,1
1165,apple aardvark,race,p0880,5
1166,apple aardvark,race,p0891,1
1167,apple aardvark,race,p0916,1
1168,apple aardvark,race,p0917,1
1169,apple aardvark,race,p0919,1
1170,apple aardvark,race,p0922,1
1171,apple aardvark,race,p0925,1
1172,apple aardvark,race,p0927,1
1173,apple aardvark,race,p0929,1
1174,apple aardvark,race,p0930,1
1175,apple aardvark,race,p0931,1
1176,apple aardvark,race,p0933,5
1177,apple aardvark,race,p0934,1
1178,apple aardvark,race,p0936,1
1179,apple aardvark,race,p0938,1
1180,apple aardvark,race,p0939,1
1181,apple aardvark,race,p0946,1
1182,apple aardvark,race,p0951,2
1183,apple aardvark,race,p0956,1
1184,apple aardvark,race,p0962,1
1185,apple aardvark,race,p0963,1
1186,apple aardvark,race,p0969,1
1187,apple aardvark,race,p0972,1
1188,apple aardvark,race,p0975,1
1189,apple aardvark,race,p0985,2
1190,apple aardvark,race,p0993,2
1191,apple aardvark,race,p0996,1
1192,apple aardvark,race,p1011,1
1193,apple aardvark,race,p1017,1
1194,apple aardvark,race,p1020,1
1195,apple aardvark,race,p1022,1
1196,apple aardvark,race,p1024,1
1197,apple aardvark,race,p1027,5
1198,apple aardvark,race,p1028,1
1199,apple aardvark,race,p1029,2
1200,apple aardvark,race,p1032,1
1201,apple aardvark,race,p1040,5
1202,apple aardvark,race,p1047,2
1203,apple aardvark,race,p1048,1
1204,apple aardvark,race,p1053,5
1205,apple aardvark,race,p1057,1
1206,apple aardvark,race,p1058,1
1207,apple aardvark,race,p1063,1
1208,apple aardvark,race,p1064,1
1209,apple aardvark,race,p1065,1
1210,apple aardvark,race,p1069,1
1211,apple aardvark,race,p1072,1
1212,apple aardvark,race,p1073,2
1213,apple aardvark,race,p1075,1
1214,apple aardvark,race,p1076,2
1215,apple aardvark,race,p1083,1
1216,apple aardvark,race,p1089,1
1217,apple aardvark,race,p1093,1
1218,apple aardvark,race,p1096,1
1219,apple aardvark,race,p1100,1
1220,apple aardvark,race,p1106,2
1221,apple aardvark,race,p1107,1
1222,apple aardvark,race,p1113,1
1223,apple aardvark,race,p1117,1
1224,apple aardvark,race,p1120,1
1225,apple aardvark,race,p1134,1
1226,apple aardvark,race,p1136,1
1227,apple aardvark,race,p1138,1
1228,apple aardvark,race,p1144,1
1229,apple aardvark,race,p1145,1
1230,apple aardvark,race,p1147,1
1231,apple aardvark,race,p1148,1
1232,apple aardvark,race,p1154,1
1233,apple aardvark,race,p1159,2
1234,apple aardvark,race,p1167,5
1235,apple aardvark,race,p1175,1
1236,apple aardvark,race,p1178,1
1237,apple aardvark,race,p1184,1
1238,apple aardvark,race,p1186,1
1239,apple aardvark,race,p1196,1
1240,apple aardvark,race,p1197,5
1241,apple aardvark,race,p1203,1
1242,apple aardvark,race,p1219,2
1243,apple aardvark,race,p1225,1
1244,apple aardvark,race,p1234,1
1245,apple aardvark,race,p1242,1
1246,apple aardvark,race,p1244,1
1247,apple aardvark,race,p1249,1
1248,apple aardvark,race,p1250,1
1249,apple aardvark,race,p1256,5
1250,apple aardvark,race,p1258,1
1251,apple aardvark,race,p1260,2
1252,apple aardvark,race,p1262,1
1253,apple aardvark,race,p1264,1
1254,apple aardvark,race,p1265,1
1255,apple aardvark,race,p1269,1
1256,apple aardvark,race,p1272,1
1257,apple aardvark,race,p1278,1
1258,apple aardvark,race,p1281,5
1259,apple aardvark,race,p1292,1
1260,apple aardvark,race,p1299,1
1261,apple aardvark,race,p1312,1
1262,apple aardvark,race,p1322,1
1263,apple aardvark,race,p1326,1
1264,apple aardvark,race,p1330,1
1265,apple aardvark,race,p1335,1
1266,apple aardvark,race,p1337,1
1267,apple aardvark,race,p1340,1
1268,apple aardvark,race,p1345,1
1269,apple aardvark,race,p1351,1
1270,apple aardvark,race,p1355,1
1271,apple aardvark,race,p1362,1
1272,apple aardvark,race,p1365,1
1273,apple aardvark,race,p1366,1
1274,apple aardvark,race,p1367,1
1275,apple aardvark,race,p1370,1
1276,apple aardvark,race,p1371,1
1277,apple aardvark,race,p1373,1
1278,apple aardvark,race,p1375,1
1279,apple aardvark,race,p1376,1
1280,apple aardvark,race,p1379,2
1281,apple aardvark,race,p1381,1
1282,apple aardvark,race,p1393,1
1283,apple aardvark,race,p1396,5
1284,apple aardvark,race,p1398,5
1285,apple aardvark,race,p1404,1
1286,apple aardvark,race,p1406,1
1287,apple aardvark,race,p1407,1
1288,apple aardvark,race,p1409,1
1289,apple aardvark,race,p1412,2
1290,apple aardvark,race,p1414,1
1291,apple aardvark,race,p1424,1
1292,apple aardvark,race,p1425,1
1293,apple aardvark,race,p1429,2
1294,apple aardvark,race,p1434,1
1295,apple aardvark,race,p1441,2
1296,apple aardvark,race,p1445,2
1297,apple aardvark,race,p1450,1
1298,apple aardvark,race,p1454,1
1299,apple aardvark,race,p1456,1
1300,apple aardvark,race,p1457,2
1301,apple aardvark,race,p1458,1
1302,apple aardvark,race,p1469,1
1303,apple aardvark,race,p1470,1
1304,apple aardvark,race,p1481,5
1305,apple aardvark,race,p1488,5
1306,apple aardvark,race,p1492,1
1307,apple aardvark,race,p1495,1
1308,apple aardvark,race,p1497,1
1309,apple aardvark,race,p1499,1
1310,apple aardvark,race,p1503,1
1311,apple aardvark,race,p1511,1
1312,apple aardvark,race,p1512,1
1313,apple aardvark,race,p1518,1
1314,apple aardvark,race,p1519,1
1315,apple aardvark,race,p1520,1
1316,apple aardvark,race,p1524,1
1317,apple aardvark,race,p1526,1
1318,apple aardvark,race,p1537,1
1319,apple aardvark,race,p1545,1
1320,apple aardvark,race,p1547,2
1321,apple aardvark,race,p1552,5
1322,apple aardvark,race,p1567,1
1323,apple aardvark,race,p1568,1
1324,apple aardvark,race,p1579,1
1325,apple aardvark,race,p1587,2
1326,apple aardvark,race,p1596,1
1327,apple aardvark,race,p1600,1
1328,apple aardvark,race,p1603,2
1329,apple aardvark,race,p1604,1
1330,apple aardvark,race,p1610,1
1331,apple aardvark,race,p1618,1
1332,apple aardvark,race,p1619,1
1333,apple aardvark,race,p1622,5
1334,apple aardvark,race,p1623,5
1335,apple aardvark,race,p1630,1
1336,apple aardvark,race,p1641,1
1337,apple aardvark,race,p1649,5
1338,apple aardvark,race,p1652,5
1339,apple aardvark,race,p1665,1
1340,apple aardvark,race,p1669,1
1341,apple aardvark,race,p1685,1
1342,apple aardvark,race,p1693,1
1343,apple aardvark,race,p1698,2
1344,apple aardvark,race,p1704,1
1345,apple aardvark,race,p1711,1
1346,apple aardvark,race,p1718,1
1347,apple aardvark,race,p1732,1
1348,apple aardvark,race,p1739,1
1349,apple aardvark,race,p1741,1
1350,apple aardvark,race,p1746,1
1351,apple aardvark,race,p1751,1
1352,apple aardvark,race,p1754,1
1353,apple aardvark,race,p1769,1
1354,apple aardvark,race,p1771,1
1355,apple aardvark,race,p1776,2
1356,apple aardvark,race,p1780,1
1357,apple aardvark,race,p1785,1
1358,apple aardvark,race,p1791,2
1359,apple aardvark,race,p1793,1
1360,apple aardvark,race,p1796,1
1361,apple aardvark,race,p1805,1
1362,apple aardvark,race,p1812,1
1363,apple aardvark,race,p1816,1
1364,apple aardvark,race,p1819,1
1365,apple aardvark,race,p1825,1
1366,apple aardvark,race,p1836,1
1367,apple aardvark,race,p1839,1
1368,apple aardvark,race,p1861,5
1369,apple aardvark,race,p1863,1
1370,apple aardvark,race,p1873,1
1371,apple aardvark,race,p1875,1
1372,apple aardvark,race,p1876,1
1373,apple aardvark,race,p1877,1
1374,apple aardvark,race,p1880,1
1375,apple aardvark,race,p1883,5
1376,apple aardvark,race,p1889,1
1377,apple aardvark,race,p1893,5
1378,apple aardvark,race,p1896,1
1379,apple aardvark,race,p1913,1
1380,apple aardvark,race,p1922,1
1381,apple aardvark,race,p1930,1
1382,apple aardvark,race,p1935,1
1383,apple aardvark,race,p1940,5
1384,apple aardvark,race,p1948,1
1385,apple aardvark,race,p1950,1
1386,apple aardvark,race,p1954,1
1387,apple aardvark,race,p1956,1
1388,apple aardvark,race,p1958,1
1389,apple aardvark,race,p1967,1
1390,apple aardvark,race,p1973,1
1391,apple aardvark,race,p1978,1
1392,apple aardvark,race,p1983,1
1393,apple aardvark,race,p1984,2
1394,apple aardvark,race,p1995,1
1395,apple aardvark,race,p1996,1
1396,apple aardvark,race,p1997,1
1397,apple aardvark,race,p2001,1
1398,apple aardvark,race,p2002,2
1399,apple aardvark,race,p2013,1
1400,apple aardvark,race,p2014,1
1401,apple aardvark,race,p2016,5
1402,apple aardvark,race,p2018,2
1403,apple aardvark,race,p2023,1
1404,apple aardvark,race,p2025,1
1405,apple aardvark,race,p2028,1
1406,apple aardvark,race,p2030,1
1407,apple aardvark,race,p2033,1
1408,apple aardvark,race,p2040,2
1409,apple aardvark,race,p2051,1
1410,apple aardvark,race,p2052,1
1411,apple aardvark,race,p2066,1
1412,apple aardvark,race,p2067,1
1413,apple aardvark,race,p2073,1
1414,apple aardvark,race,p2077,2
1415,apple aardvark,race,p2078,5
1416,apple aardvark,race,p2086,1
1417,apple aardvark,race,p2089,1
1418,apple aardvark,race,p2093,1
1419,apple aardvark,race,p2094,1
1420,apple aardvark,race,p2111,2
1421,apple aardvark,race,p2117,1
1422,apple aardvark,race,p2121,1
1423,apple aardvark,race,p2127,1
1424,apple aardvark,race,p2141,1
1425,apple aardvark,race,p2142,2
1426,apple aardvark,race,p2143,1
1427,apple aardvark,race,p2153,3
1428,apple aardvark,race,p2155,3
1429,apple aardvark,race,p2169,3
1430,apple aardvark,race,p2187,3
1431,apple aardvark,race,p2188,3
1432,apple aardvark,race,p2197,3
1433,apple aardvark,race,p2213,3
1434,apple aardvark,race,p2214,3
1435,apple aardvark,race,p2215,3
1436,apple aardvark,race,p2220,3
1437,apple aardvark,race,p2223,3
1438,apple aardvark,race,p2229,3
1439,apple aardvark,race,p2234,3
1440,apple aardvark,race,p2237,3
1441,apple aardvark,race,p2238,3
1442,apple aardvark,race,p2244,3
1443,apple aardvark,race,p2248,3
1444,apple aardvark,race,p2252,3
1445,apple aardvark,race,p2255,3
1446,apple aardvark,race,p2261,3
1447,apple aardvark,race,p2263,3
1448,apple aardvark,race,p2273,3
1449,apple aardvark,race,p2275,3
1450,apple aardvark,race,p2276,3
1451,apple aardvark,race,p2283,3
1452,apple aardvark,race,p2287,3
1453,apple aardvark,race,p2296,3
1454,apple aardvark,race,p2298,3
1455,apple aardvark,race,p2304,3
1456,apple aardvark,race,p2310,3
1457,apple aardvark,race,p2322,3
1458,apple aardvark,race,p2326,3
1459,apple aardvark,race,p2330,3
1460,apple aardvark,race,p2331,3
1461,apple aardvark,race,p2333,3
1462,apple aardvark,race,p2347,3
1463,apple aardvark,race,p2350,3
1464,apple aardvark,race,p2351,3
1465,apple aardvark,race,p2353,3
1466,apple aardvark,race,p2355,3
1467,apple aardvark,race,p2363,3
1468,apple aardvark,race,p2378,3
1469,apple aardvark,race,p2380,3
1470,apple aardvark,race,p2387,3
1471,apple aardvark,race,p2398,3
1472,apple aardvark,race,p2400,3
1473,apple aardvark,race,p2403,3
1474,apple aardvark,race,p2408,3
1475,apple aardvark,race,p2418,3
1476,apple aardvark,race,p2426,3
1477,apple aardvark,race,p2428,3
1478,apple aardvark,race,p2434,3
1479,apple aardvark,race,p2446,3
1480,apple aardvark,race,p2452,3
1481,apple aardvark,race,p2454,3
1482,apple aardvark,race,p2462,3
1483,apple aardvark,race,p2467,3
1484,apple aardvark,race,p2482,3
1485,apple aardvark,race,p2489,3
1486,apple aardvark,race,p2490,3
1487,apple aardvark,race,p2494,3
1488,apple aardvark,race,p2502,3
1489,apple aardvark,race,p2503,3
1490,apple aardvark,race,p2522,3
1491,apple aardvark,race,p2524,3
1492,apple aardvark,race,p2533,3
1493,apple aardvark,race,p2566,3
1494,apple aardvark,race,p2571,3
1495,apple aardvark,race,p2573,3
1496,apple aardvark,race,p2582,3
1497,apple aardvark,race,p2591,3
1498,apple aardvark,race,p2592,3
1499,apple aardvark,race,p2595,3
1500,apple aardvark,education,p0016,4
1501,apple aardvark,education,p0022,4
1502,apple aardvark,education,p0023,5
1503,apple aardvark,education,p0026,4
1504,apple aardvark,education,p0034,3
1505,apple aardvark,education,p0036,3
1506,apple aardvark,education,p0037,4
1507,apple aardvark,education,p0042,3
1508,apple aardvark,education,p0057,3
1509,apple aardvark,education,p0066,4
1510,apple aardvark,education,p0069,3
1511,apple aardvark,education,p0072,4
1512,apple aardvark,education,p0073,4
1513,apple aardvark,education,p0082,4
1514,apple aardvark,education,p0091,4
1515,apple aardvark,education,p0092,2
1516,apple aardvark,education,p0093,4
1517,apple aardvark,education,p0095,3
1518,apple aardvark,education,p0107,3
1519,apple aardvark,education,p0114,5
1520,apple aardvark,education,p0116,2
1521,apple aardvark,education,p0118,3
1522,apple aardvark,education,p0119,3
1523,apple aardvark,education,p0126,3
1524,apple aardvark,education,p0129,5
1525,apple aardvark,education,p0136,3
1526,apple aardvark,education,p0138,2
1527,apple aardvark,education,p0144,4
1528,apple aardvark,education,p0150,2
1529,apple aardvark,education,p0152,3
1530,apple aardvark,education,p0158,2
1531,apple aardvark,education,p0161,3
1532,apple aardvark,education,p0164,2
1533,apple aardvark,education,p0175,3
1534,apple aardvark,education,p0177,4
1535,apple aardvark,education,p0178,6
1536,apple aardvark,education,p0181,4
1537,apple aardvark,education,p0186,3
1538,apple aardvark,education,p0196,4
1539,apple aardvark,education,p0198,5
1540,apple aardvark,education,p0202,4
1541,apple aardvark,education,p0205,5
1542,apple aardvark,education,p0207,4
1543,apple aardvark,education,p0211,3
1544,apple aardvark,education,p0227,5
1545,apple aardvark,education,p0229,2
1546,apple aardvark,education,p0232,5
1547,apple aardvark,education,p0233,2
1548,apple aardvark,education,p0237,5
1549,apple aardvark,education,p0258,4
1550,apple aardvark,education,p0268,2
1551,apple aardvark,education,p0274,5
1552,apple aardvark,education,p0275,4
1553,apple aardvark,education,p0277,4
1554,apple aardvark,education,p0288,4
1555,apple aardvark,education,p0291,4
1556,apple aardvark,education,p0307,3
1557,apple aardvark,education,p0308,3
1558,apple aardvark,education,p0317,3
1559,apple aardvark,education,p0325,4
1560,apple aardvark,education,p0327,5
1561,apple aardvark,education,p0334,6
1562,apple aardvark,education,p0336,4
1563,apple aardvark,education,p0338,1
1564,apple aardvark,education,p0342,4
1565,apple aardvark,education,p0349,5
1566,apple aardvark,education,p0356,4
1567,apple aardvark,education,p0358,4
1568,apple aardvark,education,p0363,4
1569,apple aardvark,education,p0364,5
1570,apple aardvark,education,p0369,5
1571,apple aardvark,education,p0370,2
1572,apple aardvark,education,p0371,4
1573,apple aardvark,education,p0379,3
1574,apple aardvark,education,p0386,5
1575,apple aardvark,education,p0396,5
1576,apple aardvark,education,p0403,3
1577,apple aardvark,education,p0405,4
1578,apple aardvark,education,p0412,4
1579,apple aardvark,education,p0415,3
1580,apple aardvark,education,p0416,4
1581,apple aardvark,education,p0417,2
1582,apple aardvark,education,p0418,2
1583,apple aardvark,education,p0430,5
1584,apple aardvark,education,p0431,5
1585,apple aardvark,education,p0434,2
1586,apple aardvark,education,p0438,4
1587,apple aardvark,education,p0441,5
1588,apple aardvark,education,p0442,3
1589,apple aardvark,education,p0449,5
1590,apple aardvark,education,p0450,4
1591,apple aardvark,education,p0465,5
1592,apple aardvark,education,p0471,3
1593,apple aardvark,education,p0477,3
1594,apple aardvark,education,p0483,5
1595,apple aardvark,education,p0486,3
1596,apple aardvark,education,p0487,4
1597,apple aardvark,education,p0489,5
1598,apple aardvark,education,p0497,6
1599,apple aardvark,education,p0502,5
1600,apple aardvark,education,p0503,4
1601,apple aardvark,education,p0506,3
1602,apple aardvark,education,p0511,4
1603,apple aardvark,education,p0523,5
1604,apple aardvark,education,p0534,6
1605,apple aardvark,education,p0536,3
1606,apple aardvark,education,p0542,4
1607,apple aardvark,education,p0547,2
1608,apple aardvark,education,p0553,4
1609,apple aardvark,education,p0559,4
1610,apple aardvark,education,p0566,4
1611,apple aardvark,education,p0568,3
1612,apple aardvark,education,p0570,1
1613,apple aardvark,education,p0573,3
1614,apple aardvark,education,p0578,2
1615,apple aardvark,education,p0594,2
1616,apple aardvark,education,p0597,2
1617,apple aardvark,education,p0601,2
1618,apple aardvark,education,p0602,2
1619,apple aardvark,education,p0605,3
1620,apple aardvark,education,p0615,3
1621,apple aardvark,education,p0620,4
1622,apple aardvark,education,p0626,3
1623,apple aardvark,education,p0629,4
1624,apple aardvark,education,p0633,3
1625,apple aardvark,education,p0638,4
1626,apple aardvark,education,p0639,4
1627,apple aardvark,education,p0640,2
1628,apple aardvark,education,p0655,3
1629,apple aardvark,education,p0656,3
1630,apple aardvark,education,p0658,5
1631,apple aardvark,education,p0661,4
1632,apple aardvark,education,p0669,4
1633,apple aardvark,education,p0670,2
1634,apple aardvark,education,p0672,5
1635,apple aardvark,education,p0674,4
1636,apple aardvark,education,p0678,5
1637,apple aardvark,education,p0683,2
1638,apple aardvark,education,p0686,3
1639,apple aardvark,education,p0687,4
1640,apple aardvark,education,p0698,2
1641,apple aardvark,education,p0700,4
1642,apple aardvark,education,p0703,2
1643,apple aardvark,education,p0718,2
1644,apple aardvark,education,p0744,4
1645,apple aardvark,education,p0745,4
1646,apple aardvark,education,p0753,4
1647,apple aardvark,education,p0770,4
1648,apple aardvark,education,p0771,4
1649,apple aardvark,education,p0777,5
1650,apple aardvark,education,p0779,4
1651,apple aardvark,education,p0780,3
1652,apple aardvark,education,p0783,3
1653,apple aardvark,education,p0785,4
1654,apple aardvark,education,p0786,3
1655,apple aardvark,education,p0794,4
1656,apple aardvark,education,p0798,5
1657,apple aardvark,education,p0800,4
1658,apple aardvark,education,p0820,3
1659,apple aardvark,education,p0841,3
1660,apple aardvark,education,p0849,3
1661,apple aardvark,education,p0862,5
1662,apple aardvark,education,p0867,5
1663,apple aardvark,education,p0869,3
1664,apple aardvark,education,p0872,4
1665,apple aardvark,education,p0880,2
1666,apple aardvark,education,p0891,3
1667,apple aardvark,education,p0916,5
1668,apple aardvark,education,p0917,4
1669,apple aardvark,education,p0919,4
1670,apple aardvark,education,p0922,2
1671,apple aardvark,education,p0925,2
1672,apple aardvark,education,p0927,4
1673,apple aardvark,education,p0929,3
1674,apple aardvark,education,p0930,4
1675,apple aardvark,education,p0931,2
1676,apple aardvark,education,p0933,2
1677,apple aardvark,education,p0934,3
1678,apple aardvark,education,p0936,4
1679,apple aardvark,education,p0938,2
1680,apple aardvark,education,p0939,2
1681,apple aardvark,education,p0946,4
1682,apple aardvark,education,p0951,3
1683,apple aardvark,education,p0956,3
1684,apple aardvark,education,p0962,2
1685,apple aardvark,education,p0963,3
1686,apple aardvark,education,p0969,4
1687,apple aardvark,education,p0972,3
1688,apple aardvark,education,p0975,3
1689,apple aardvark,education,p0985,2
1690,apple aardvark,education,p0993,2
1691,apple aardvark,education,p0996,2
1692,apple aardvark,education,p1011,2
1693,apple aardvark,education,p1017,2
1694,apple aardvark,education,p1020,2
1695,apple aardvark,education,p1022,4
1696,apple aardvark,education,p1024,1
1697,apple aardvark,education,p1027,4
1698,apple aardvark,education,p1028,5
1699,apple aardvark,education,p1029,2
1700,apple aardvark,education,p1032,4
1701,apple aardvark,education,p1040,4
1702,apple aardvark,education,p1047,3
1703,apple aardvark,education,p1048,3
1704,apple aardvark,education,p1053,3
1705,apple aardvark,education,p1057,3
1706,apple aardvark,education,p1058,4
1707,apple aardvark,education,p1063,4
1708,apple aardvark,education,p1064,2
1709,apple aardvark,education,p1065,3
1710,apple aardvark,education,p1069,3
1711,apple aardvark,education,p1072,3
1712,apple aardvark,education,p1073,4
1713,apple aardvark,education,p1075,3
1714,apple aardvark,education,p1076,2
1715,apple aardvark,education,p1083,2
1716,apple aardvark,education,p1089,4
1717,apple aardvark,education,p1093,4
1718,apple aardvark,education,p1096,4
1719,apple aardvark,education,p1100,4
1720,apple aardvark,education,p1106,5
1721,apple aardvark,education,p1107,1
1722,apple aardvark,education,p1113,3
1723,apple aardvark,education,p1117,1
1724,apple aardvark,education,p1120,3
1725,apple aardvark,education,p1134,4
1726,apple aardvark,education,p1136,2
1727,apple aardvark,education,p1138,4
1728,apple aardvark,education,p1144,3
1729,apple aardvark,education,p1145,5
1730,apple aardvark,education,p1147,5
1731,apple aardvark,education,p1148,4
1732,apple aardvark,education,p1154,3
1733,apple aardvark,education,p1159,2
1734,apple aardvark,education,p1167,5
1735,apple aardvark,education,p1175,3
1736,apple aardvark,education,p1178,4
1737,apple aardvark,education,p1184,4
1738,apple aardvark,education,p1186,4
1739,apple aardvark,education,p1196,2
1740,apple aardvark,education,p1197,3
1741,apple aardvark,education,p1203,4
1742,apple aardvark,education,p1219,2
1743,apple aardvark,education,p1225,5
1744,apple aardvark,education,p1234,3
1745,apple aardvark,education,p1242,3
1746,apple aardvark,education,p1244,4
1747,apple aardvark,education,p1249,3
1748,apple aardvark,education,p1250,4
1749,apple aardvark,education,p1256,5
1750,apple aardvark,education,p1258,3
1751,apple aardvark,education,p1260,2
1752,apple aardvark,education,p1262,4
1753,apple aardvark,education,p1264,2
1754,apple aardvark,education,p1265,5
1755,apple aardvark,education,p1269,4
1756,apple aardvark,education,p1272,3
1757,apple aardvark,education,p1278,4
1758,apple aardvark,education,p1281,3
1759,apple aardvark,education,p1292,4
1760,apple aardvark,education,p1299,2
1761,apple aardvark,education,p1312,2
1762,apple aardvark,education,p1322,3
1763,apple aardvark,education,p1326,4
1764,apple aardvark,education,p1330,3
1765,apple aardvark,education,p1335,3
1766,apple aardvark,education,p1337,4
1767,apple aardvark,education,p1340,4
1768,apple aardvark,education,p1345,2
1769,apple aardvark,education,p1351,3
1770,apple aardvark,education,p1355,2
1771,apple aardvark,education,p1362,2
1772,apple aardvark,education,p1365,4
1773,apple aardvark,education,p1366,3
1774,apple aardvark,education,p1367,3
1775,apple aardvark,education,p1370,2
1776,apple aardvark,education,p1371,4
1777,apple aardvark,education,p1373,3
1778,apple aardvark,education,p1375,4
1779,apple aardvark,education,p1376,3
1780,apple aardvark,education,p1379,5
1781,apple aardvark,education,p1381,2
1782,apple aardvark,education,p1393,5
1783,apple aardvark,education,p1396,4
1784,apple aardvark,education,p1398,5
1785,apple aardvark,education,p1404,2
1786,apple aardvark,education,p1406,2
1787,apple aardvark,education,p1407,2
1788,apple aardvark,education,p1409,4
1789,apple aardvark,education,p1412,2
1790,apple aardvark,education,p1414,5
1791,apple aardvark,education,p1424,2
1792,apple aardvark,education,p1425,3
1793,apple aardvark,education,p1429,3
1794,apple aardvark,education,p1434,4
1795,apple aardvark,education,p1441,2
1796,apple aardvark,education,p1445,2
1797,apple aardvark,education,p1450,2
1798,apple aardvark,education,p1454,5
1799,apple aardvark,education,p1456,4
1800,apple aardvark,education,p1457,3
1801,apple aardvark,education,p1458,5
1802,apple aardvark,education,p1469,3
1803,apple aardvark,education,p1470,4
1804,apple aardvark,education,p1481,4
1805,apple aardvark,education,p1488,4
1806,apple aardvark,education,p1492,5
1807,apple aardvark,education,p1495,2
1808,apple aardvark,education,p1497,2
1809,apple aardvark,education,p1499,4
1810,apple aardvark,education,p1503,4
1811,apple aardvark,education,p1511,4
1812,apple aardvark,education,p1512,2
1813,apple aardvark,education,p1518,3
1814,apple aardvark,education,p1519,4
1815,apple aardvark,education,p1520,3
1816,apple aardvark,education,p1524,2
1817,apple aardvark,education,p1526,5
1818,apple aardvark,education,p1537,2
1819,apple aardvark,education,p1545,3
1820,apple aardvark,education,p1547,2
1821,apple aardvark,education,p1552,4
1822,apple aardvark,education,p1567,4
1823,apple aardvark,education,p1568,3
1824,apple aardvark,education,p1579,2
1825,apple aardvark,education,p1587,1
1826,apple aardvark,education,p1596,2
1827,apple aardvark,education,p1600,4
1828,apple aardvark,education,p1603,3
1829,apple aardvark,education,p1604,2
1830,apple aardvark,education,p1610,2
1831,apple aardvark,education,p1618,4
1832,apple aardvark,education,p1619,5
1833,apple aardvark,education,p1622,5
1834,apple aardvark,education,p1623,4
1835,apple aardvark,education,p1630,4
1836,apple aardvark,education,p1641,4
1837,apple aardvark,education,p1649,3
1838,apple aardvark,education,p1652,4
1839,apple aardvark,education,p1665,4
1840,apple aardvark,education,p1669,4
1841,apple aardvark,education,p1685,4
1842,apple aardvark,education,p1693,3
1843,apple aardvark,education,p1698,5
1844,apple aardvark,education,p1704,5
1845,apple aardvark,education,p1711,4
1846,apple aardvark,education,p1718,2
1847,apple aardvark,education,p1732,2
1848,apple aardvark,education,p1739,4
1849,apple aardvark,education,p1741,4
1850,apple aardvark,education,p1746,2
1851,apple aardvark,education,p1751,3
1852,apple aardvark,education,p1754,2
1853,apple aardvark,education,p1769,4
1854,apple aardvark,education,p1771,2
1855,apple aardvark,education,p1776,1
1856,apple aardvark,education,p1780,4
1857,apple aardvark,education,p1785,3
1858,apple aardvark,education,p1791,5
1859,apple aardvark,education,p1793,6
1860,apple aardvark,education,p1796,4
1861,apple aardvark,education,p1805,3
1862,apple aardvark,education,p1812,3
1863,apple aardvark,education,p1816,3
1864,apple aardvark,education,p1819,5
1865,apple aardvark,education,p1825,5
1866,apple aardvark,education,p1836,4
1867,apple aardvark,education,p1839,2
1868,apple aardvark,education,p1861,4
1869,apple aardvark,education,p1863,5
1870,apple aardvark,education,p1873,5
1871,apple aardvark,education,p1875,2
1872,apple aardvark,education,p1876,4
1873,apple aardvark,education,p1877,4
1874,apple aardvark,education,p1880,2
1875,apple aardvark,education,p1883,2
1876,apple aardvark,education,p1889,4
1877,apple aardvark,education,p1893,3
1878,apple aardvark,education,p1896,4
1879,apple aardvark,education,p1913,3
1880,apple aardvark,education,p1922,5
1881,apple aardvark,education,p1930,4
1882,apple aardvark,education,p1935,3
1883,apple aardvark,education,p1940,5
1884,apple aardvark,education,p1948,4
1885,apple aardvark,education,p1950,2
1886,apple aardvark,education,p1954,3
1887,apple aardvark,education,p1956,3
1888,apple aardvark,education,p1958,3
1889,apple aardvark,education,p1967,5
1890,apple aardvark,education,p1973,5
1891,apple aardvark,education,p1978,3
1892,apple aardvark,education,p1983,5
1893,apple aardvark,education,p1984,3
1894,apple aardvark,education,p1995,3
1895,apple aardvark,education,p1996,3
1896,apple aardvark,education,p1997,4
1897,apple aardvark,education,p2001,2
1898,apple aardvark,education,p2002,3
1899,apple aardvark,education,p2013,5
1900,apple aardvark,education,p2014,2
1901,apple aardvark,education,p2016,5
1902,apple aardvark,education,p2018,2
1903,apple aardvark,education,p2023,3
1904,apple aardvark,education,p2025,4
1905,apple aardvark,education,p2028,3
1906,apple aardvark,education,p2030,3
1907,apple aardvark,education,p2033,3
1908,apple aardvark,education,p2040,5
1909,apple aardvark,education,p2051,3
1910,apple aardvark,education,p2052,4
1911,apple aardvark,education,p2066,2
1912,apple aardvark,education,p2067,3
1913,apple aardvark,education,p2073,4
1914,apple aardvark,education,p2077,3
1915,apple aardvark,education,p2078,5
1916,apple aardvark,education,p2086,4
1917,apple aardvark,education,p2089,4
1918,apple aardvark,education,p2093,4
1919,apple aardvark,education,p2094,3
1920,apple aardvark,education,p2111,2
1921,apple aardvark,education,p2117,4
1922,apple aardvark,education,p2121,4
1923,apple aardvark,education,p2127,3
1924,apple aardvark,education,p2141,4
1925,apple aardvark,education,p2142,3
1926,apple aardvark,education,p2143,4
1927,apple aardvark,education,p2153,4
1928,apple aardvark,education,p2155,3
1929,apple aardvark,education,p2169,3
1930,apple aardvark,education,p2187,4
1931,apple aardvark,education,p2188,4
1932,apple aardvark,education,p2197,3
1933,apple aardvark,education,p2213,3
1934,apple aardvark,education,p2214,3
1935,apple aardvark,education,p2215,4
1936,apple aardvark,education,p2220,5
1937,apple aardvark,education,p2223,3
1938,apple aardvark,education,p2229,4
1939,apple aardvark,education,p2234,3
1940,apple aardvark,education,p2237,5
1941,apple aardvark,education,p2238,5
1942,apple aardvark,education,p2244,4
1943,apple aardvark,education,p2248,2
1944,apple aardvark,education,p2252,4
1945,apple aardvark,education,p2255,2
1946,apple aardvark,education,p2261,3
1947,apple aardvark,education,p2263,3
1948,apple aardvark,education,p2273,5
1949,apple aardvark,education,p2275,3
1950,apple aardvark,education,p2276,4
1951,apple aardvark,education,p2283,3
1952,apple aardvark,education,p2287,2
1953,apple aardvark,education,p2296,3
1954,apple aardvark,education,p2298,3
1955,apple aardvark,education,p2304,4
1956,apple aardvark,education,p2310,2
1957,apple aardvark,education,p2322,2
1958,apple aardvark,education,p2326,4
1959,apple aardvark,education,p2330,3
1960,apple aardvark,education,p2331,3
1961,apple aardvark,education,p2333,2
1962,apple aardvark,education,p2347,2
1963,apple aardvark,education,p2350,3
1964,apple aardvark,education,p2351,4
1965,apple aardvark,education,p2353,3
1966,apple aardvark,education,p2355,1
1967,apple aardvark,education,p2363,1
1968,apple aardvark,education,p2378,4
1969,apple aardvark,education,p2380,3
1970,apple aardvark,education,p2387,3
1971,apple aardvark,education,p2398,2
1972,apple aardvark,education,p2400,3
1973,apple aardvark,education,p2403,5
1974,apple aardvark,education,p2408,3
1975,apple aardvark,education,p2418,2
1976,apple aardvark,education,p2426,3
1977,apple aardvark,education,p2428,2
1978,apple aardvark,education,p2434,5
1979,apple aardvark,education,p2446,3
1980,apple aardvark,education,p2452,2
1981,apple aardvark,education,p2454,2
1982,apple aardvark,education,p2462,3
1983,apple aardvark,education,p2467,4
1984,apple aardvark,education,p2482,3
1985,apple aardvark,education,p2489,3
1986,apple aardvark,education,p2490,2
1987,apple aardvark,education,p2494,3
1988,apple aardvark,education,p2502,4
1989,apple aardvark,education,p2503,3
1990,apple aardvark,education,p2522,3
1991,apple aardvark,education,p2524,3
1992,apple aardvark,education,p2533,1
1993,apple aardvark,education,p2566,3
1994,apple aardvark,education,p2571,3
1995,apple aardvark,education,p2573,1
1996,apple aardvark,education,p2582,4
1997,apple aardvark,education,p2591,2
1998,apple aardvark,education,p2592,3
1999,apple aardvark,education,p2595,4
2000,apple aardvark,income,p0016,3
2001,apple aardvark,income,p0022,4
2002,apple aardvark,income,p0023,4
2003,apple aardvark,income,p0026,4
2004,apple aardvark,income,p0034,3
2005,apple aardvark,income,p0036,3
2006,apple aardvark,income,p0037,4
2007,apple aardvark,income,p0042,3
2008,apple aardvark,income,p0057,3
2009,apple aardvark,income,p0066,4
2010,apple aardvark,income,p0069,1
2011,apple aardvark,income,p0072,4
2012,apple aardvark,income,p0073,4
2013,apple aardvark,income,p0082,4
2014,apple aardvark,income,p0091,4
2015,apple aardvark,income,p0092,2
2016,apple aardvark,income,p0093,4
2017,apple aardvark,income,p0095,3
2018,apple aardvark,income,p0107,3
2019,apple aardvark,income,p0114,3
2020,apple aardvark,income,p0116,3
2021,apple aardvark,income,p0118,3
2022,apple aardvark,income,p0119,3
2023,apple aardvark,income,p0126,3
2024,apple aardvark,income,p0129,4
2025,apple aardvark,income,p0136,3
2026,apple aardvark,income,p0138,3
2027,apple aardvark,income,p0144,3
2028,apple aardvark,income,p0150,1
2029,apple aardvark,income,p0152,3
2030,apple aardvark,income,p0158,2
2031,apple aardvark,income,p0161,4
2032,apple aardvark,income,p0164,3
2033,apple aardvark,income,p0175,4
2034,apple aardvark,income,p0177,4
2035,apple aardvark,income,p0178,4
2036,apple aardvark,income,p0181,4
2037,apple aardvark,income,p0186,2
2038,apple aardvark,income,p0196,4
2039,apple aardvark,income,p0198,4
2040,apple aardvark,income,p0202,3
2041,apple aardvark,income,p0205,4
2042,apple aardvark,income,p0207,3
2043,apple aardvark,income,p0211,3
2044,apple aardvark,income,p0227,4
2045,apple aardvark,income,p0229,3
2046,apple aardvark,income,p0232,4
2047,apple aardvark,income,p0233,2
2048,apple aardvark,income,p0237,3
2049,apple aardvark,income,p0258,3
2050,apple aardvark,income,p0268,2
2051,apple aardvark,income,p0274,3
2052,apple aardvark,income,p0275,2
2053,apple aardvark,income,p0277,1
2054,apple aardvark,income,p0288,3
2055,apple aardvark,income,p0291,3
2056,apple aardvark,income,p0307,1
2057,apple aardvark,income,p0308,3
2058,apple aardvark,income,p0317,4
2059,apple aardvark,income,p0325,4
2060,apple aardvark,income,p0327,4
2061,apple aardvark,income,p0334,4
2062,apple aardvark,income,p0336,4
2063,apple aardvark,income,p0338,2
2064,apple aardvark,income,p0342,4
2065,apple aardvark,income,p0349,3
2066,apple aardvark,income,p0356,3
2067,apple aardvark,income,p0358,1
2068,apple aardvark,income,p0363,3
2069,apple aardvark,income,p0364,4
2070,apple aardvark,income,p0369,4
2071,apple aardvark,income,p0370,2
2072,apple aardvark,income,p0371,3
2073,apple aardvark,income,p0379,3
2074,apple aardvark,income,p0386,3
2075,apple aardvark,income,p0396,3
2076,apple aardvark,income,p0403,2
2077,apple aardvark,income,p0405,4
2078,apple aardvark,income,p0412,4
2079,apple aardvark,income,p0415,4
2080,apple aardvark,income,p0416,4
2081,apple aardvark,income,p0417,3
2082,apple aardvark,income,p0418,3
2083,apple aardvark,income,p0430,4
2084,apple aardvark,income,p0431,4
2085,apple aardvark,income,p0434,3
2086,apple aardvark,income,p0438,4
2087,apple aardvark,income,p0441,4
2088,apple aardvark,income,p0442,2
2089,apple aardvark,income,p0449,4
2090,apple aardvark,income,p0450,4
2091,apple aardvark,income,p0465,4
2092,apple aardvark,income,p0471,3
2093,apple aardvark,income,p0477,3
2094,apple aardvark,income,p0483,3
2095,apple aardvark,income,p0486,3
2096,apple aardvark,income,p0487,3
2097,apple aardvark,income,p0489,4
2098,apple aardvark,income,p0497,4
2099,apple aardvark,income,p0502,4
2100,apple aardvark,income,p0503,2
2101,apple aardvark,income,p0506,3
2102,apple aardvark,income,p0511,4
2103,apple aardvark,income,p0523,2
2104,apple aardvark,income,p0534,4
2105,apple aardvark,income,p0536,3
2106,apple aardvark,income,p0542,4
2107,apple aardvark,income,p0547,3
2108,apple aardvark,income,p0553,4
2109,apple aardvark,income,p0559,4
2110,apple aardvark,income,p0566,4
2111,apple aardvark,income,p0568,3
2112,apple aardvark,income,p0570,2
2113,apple aardvark,income,p0573,3
2114,apple aardvark,income,p0578,2
2115,apple aardvark,income,p0594,3
2116,apple aardvark,income,p0597,2
2117,apple aardvark,income,p0601,3
2118,apple aardvark,income,p0602,2
2119,apple aardvark,income,p0605,3
2120,apple aardvark,income,p0615,2
2121,apple aardvark,income,p0620,3
2122,apple aardvark,income,p0626,3
2123,apple aardvark,income,p0629,4
2124,apple aardvark,income,p0633,2
2125,apple aardvark,income,p0638,3
2126,apple aardvark,income,p0639,4
2127,apple aardvark,income,p0640,3
2128,apple aardvark,income,p0655,4
2129,apple aardvark,income,p0656,3
2130,apple aardvark,income,p0658,4
2131,apple aardvark,income,p0661,3
2132,apple aardvark,income,p0669,3
2133,apple aardvark,income,p0670,2
2134,apple aardvark,income,p0672,3
2135,apple aardvark,income,p0674,3
2136,apple aardvark,income,p0678,4
2137,apple aardvark,income,p0683,3
2138,apple aardvark,income,p0686,3
2139,apple aardvark,income,p0687,3
2140,apple aardvark,income,p0698,2
2141,apple aardvark,income,p0700,4
2142,apple aardvark,income,p0703,3
2143,apple aardvark,income,p0718,2
2144,apple aardvark,income,p0744,4
2145,apple aardvark,income,p0745,4
2146,apple aardvark,income,p0753,2
2147,apple aardvark,income,p0770,4
2148,apple aardvark,income,p0771,3
2149,apple aardvark,income,p0777,4
2150,apple aardvark,income,p0779,4
2151,apple aardvark,income,p0780,1
2152,apple aardvark,income,p0783,3
2153,apple aardvark,income,p0785,4
2154,apple aardvark,income,p0786,3
2155,apple aardvark,income,p0794,4
2156,apple aardvark,income,p0798,4
2157,apple aardvark,income,p0800,3
2158,apple aardvark,income,p0820,2
2159,apple aardvark,income,p0841,3
2160,apple aardvark,income,p0849,3
2161,apple aardvark,income,p0862,3
2162,apple aardvark,income,p0867,4
2163,apple aardvark,income,p0869,4
2164,apple aardvark,income,p0872,3
2165,apple aardvark,income,p0880,2
2166,apple aardvark,income,p0891,3
2167,apple aardvark,income,p0916,3
2168,apple aardvark,income,p0917,4
2169,apple aardvark,income,p0919,3
2170,apple aardvark,income,p0922,2
2171,apple aardvark,income,p0925,2
2172,apple aardvark,income,p0927,4
2173,apple aardvark,income,p0929,2
2174,apple aardvark,income,p0930,4
2175,apple aardvark,income,p0931,2
2176,apple aardvark,income,p0933,2
2177,apple aardvark,income,p0934,4
2178,apple aardvark,income,p0936,3
2179,apple aardvark,income,p0938,3
2180,apple aardvark,income,p0939,2
2181,apple aardvark,income,p0946,4
2182,apple aardvark,income,p0951,2
2183,apple aardvark,income,p0956,3
2184,apple aardvark,income,p0962,3
2185,apple aardvark,income,p0963,3
2186,apple aardvark,income,p0969,5
2187,apple aardvark,income,p0972,3
2188,apple aardvark,income,p0975,4
2189,apple aardvark,income,p0985,2
2190,apple aardvark,income,p0993,1
2191,apple aardvark,income,p0996,3
2192,apple aardvark,income,p1011,3
2193,apple aardvark,income,p1017,4
2194,apple aardvark,income,p1020,3
2195,apple aardvark,income,p1022,3
2196,apple aardvark,income,p1024,2
2197,apple aardvark,income,p1027,3
2198,apple aardvark,income,p1028,4
2199,apple aardvark,income,p1029,2
2200,apple aardvark,income,p1032,3
2201,apple aardvark,income,p1040,3
2202,apple aardvark,income,p1047,4
2203,apple aardvark,income,p1048,2
2204,apple aardvark,income,p1053,2
2205,apple aardvark,income,p1057,3
2206,apple aardvark,income,p1058,4
2207,apple aardvark,income,p1063,4
2208,apple aardvark,income,p1064,3
2209,apple aardvark,income,p1065,3
2210,apple aardvark,income,p1069,3
2211,apple aardvark,income,p1072,3
2212,apple aardvark,income,p1073,3
2213,apple aardvark,income,p1075,3
2214,apple aardvark,income,p1076,2
2215,apple aardvark,income,p1083,3
2216,apple aardvark,income,p1089,4
2217,apple aardvark,income,p1093,3
2218,apple aardvark,income,p1096,4
2219,apple aardvark,income,p1100,4
2220,apple aardvark,income,p1106,2
2221,apple aardvark,income,p1107,2
2222,apple aardvark,income,p1113,2
2223,apple aardvark,income,p1117,3
2224,apple aardvark,income,p1120,4
2225,apple aardvark,income,p1134,4
2226,apple aardvark,income,p1136,3
2227,apple aardvark,income,p1138,3
2228,apple aardvark,income,p1144,3
2229,apple aardvark,income,p1145,4
2230,apple aardvark,income,p1147,4
2231,apple aardvark,income,p1148,3
2232,apple aardvark,income,p1154,3
2233,apple aardvark,income,p1159,4
2234,apple aardvark,income,p1167,3
2235,apple aardvark,income,p1175,2
2236,apple aardvark,income,p1178,3
2237,apple aardvark,income,p1184,3
2238,apple aardvark,income,p1186,3
2239,apple aardvark,income,p1196,2
2240,apple aardvark,income,p1197,3
2241,apple aardvark,income,p1203,3
2242,apple aardvark,income,p1219,2
2243,apple aardvark,income,p1225,4
2244,apple aardvark,income,p1234,2
2245,apple aardvark,income,p1242,3
2246,apple aardvark,income,p1244,3
2247,apple aardvark,income,p1249,3
2248,apple aardvark,income,p1250,3
2249,apple aardvark,income,p1256,4
2250,apple aardvark,income,p1258,4
2251,apple aardvark,income,p1260,2
2252,apple aardvark,income,p1262,4
2253,apple aardvark,income,p1264,2
2254,apple aardvark,income,p1265,4
2255,apple aardvark,income,p1269,3
2256,apple aardvark,income,p1272,3
2257,apple aardvark,income,p1278,2
2258,apple aardvark,income,p1281,2
2259,apple aardvark,income,p1292,4
2260,apple aardvark,income,p1299,4
2261,apple aardvark,income,p1312,3
2262,apple aardvark,income,p1322,1
2263,apple aardvark,income,p1326,3
2264,apple aardvark,income,p1330,2
2265,apple aardvark,income,p1335,3
2266,apple aardvark,income,p1337,4
2267,apple aardvark,income,p1340,4
2268,apple aardvark,income,p1345,3
2269,apple aardvark,income,p1351,3
2270,apple aardvark,income,p1355,3
2271,apple aardvark,income,p1362,4
2272,apple aardvark,income,p1365,3
2273,apple aardvark,income,p1366,3
2274,apple aardvark,income,p1367,3
2275,apple aardvark,income,p1370,3
2276,apple aardvark,income,p1371,5
2277,apple aardvark,income,p1373,4
2278,apple aardvark,income,p1375,4
2279,apple aardvark,income,p1376,1
2280,apple aardvark,income,p1379,3
2281,apple aardvark,income,p1381,3
2282,apple aardvark,income,p1393,4
2283,apple aardvark,income,p1396,3
2284,apple aardvark,income,p1398,4
2285,apple aardvark,income,p1404,1
2286,apple aardvark,income,p1406,3
2287,apple aardvark,income,p1407,2
2288,apple aardvark,income,p1409,4
2289,apple aardvark,income,p1412,2
2290,apple aardvark,income,p1414,4
2291,apple aardvark,income,p1424,4
2292,apple aardvark,income,p1425,4
2293,apple aardvark,income,p1429,3
2294,apple aardvark,income,p1434,4
2295,apple aardvark,income,p1441,2
2296,apple aardvark,income,p1445,2
2297,apple aardvark,income,p1450,3
2298,apple aardvark,income,p1454,4
2299,apple aardvark,income,p1456,3
2300,apple aardvark,income,p1457,1
2301,apple aardvark,income,p1458,4
2302,apple aardvark,income,p1469,2
2303,apple aardvark,income,p1470,4
2304,apple aardvark,income,p1481,3
2305,apple aardvark,income,p1488,3
2306,apple aardvark,income,p1492,3
2307,apple aardvark,income,p1495,3
2308,apple aardvark,income,p1497,3
2309,apple aardvark,income,p1499,4
2310,apple aardvark,income,p1503,2
2311,apple aardvark,income,p1511,4
2312,apple aardvark,income,p1512,1
2313,apple aardvark,income,p1518,2
2314,apple aardvark,income,p1519,3
2315,apple aardvark,income,p1520,1
2316,apple aardvark,income,p1524,3
2317,apple aardvark,income,p1526,5
2318,apple aardvark,income,p1537,3
2319,apple aardvark,income,p1545,3
2320,apple aardvark,income,p1547,1
2321,apple aardvark,income,p1552,5
2322,apple aardvark,income,p1567,4
2323,apple aardvark,income,p1568,3
2324,apple aardvark,income,p1579,2
2325,apple aardvark,income,p1587,1
2326,apple aardvark,income,p1596,3
2327,apple aardvark,income,p1600,4
2328,apple aardvark,income,p1603,2
2329,apple aardvark,income,p1604,3
2330,apple aardvark,income,p1610,2
2331,apple aardvark,income,p1618,3
2332,apple aardvark,income,p1619,4
2333,apple aardvark,income,p1622,4
2334,apple aardvark,income,p1623,3
2335,apple aardvark,income,p1630,4
2336,apple aardvark,income,p1641,4
2337,apple aardvark,income,p1649,2
2338,apple aardvark,income,p1652,3
2339,apple aardvark,income,p1665,3
2340,apple aardvark,income,p1669,4
2341,apple aardvark,income,p1685,4
2342,apple aardvark,income,p1693,3
2343,apple aardvark,income,p1698,4
2344,apple aardvark,income,p1704,4
2345,apple aardvark,income,p1711,4
2346,apple aardvark,income,p1718,3
2347,apple aardvark,income,p1732,3
2348,apple aardvark,income,p1739,4
2349,apple aardvark,income,p1741,4
2350,apple aardvark,income,p1746,1
2351,apple aardvark,income,p1751,4
2352,apple aardvark,income,p1754,1
2353,apple aardvark,income,p1769,4
2354,apple aardvark,income,p1771,2
2355,apple aardvark,income,p1776,2
2356,apple aardvark,income,p1780,4
2357,apple aardvark,income,p1785,2
2358,apple aardvark,income,p1791,3
2359,apple aardvark,income,p1793,4
2360,apple aardvark,income,p1796,5
2361,apple aardvark,income,p1805,3
2362,apple aardvark,income,p1812,3
2363,apple aardvark,income,p1816,3
2364,apple aardvark,income,p1819,4
2365,apple aardvark,income,p1825,4
2366,apple aardvark,income,p1836,3
2367,apple aardvark,income,p1839,4
2368,apple aardvark,income,p1861,3
2369,apple aardvark,income,p1863,4
2370,apple aardvark,income,p1873,4
2371,apple aardvark,income,p1875,3
2372,apple aardvark,income,p1876,4
2373,apple aardvark,income,p1877,2
2374,apple aardvark,income,p1880,3
2375,apple aardvark,income,p1883,3
2376,apple aardvark,income,p1889,1
2377,apple aardvark,income,p1893,2
2378,apple aardvark,income,p1896,3
2379,apple aardvark,income,p1913,4
2380,apple aardvark,income,p1922,4
2381,apple aardvark,income,p1930,3
2382,apple aardvark,income,p1935,4
2383,apple aardvark,income,p1940,4
2384,apple aardvark,income,p1948,4
2385,apple aardvark,income,p1950,2
2386,apple aardvark,income,p1954,2
2387,apple aardvark,income,p1956,3
2388,apple aardvark,income,p1958,3
2389,apple aardvark,income,p1967,4
2390,apple aardvark,income,p1973,5
2391,apple aardvark,income,p1978,4
2392,apple aardvark,income,p1983,2
2393,apple aardvark,income,p1984,3
2394,apple aardvark,income,p1995,3
2395,apple aardvark,income,p1996,2
2396,apple aardvark,income,p1997,4
2397,apple aardvark,income,p2001,3
2398,apple aardvark,income,p2002,2
2399,apple aardvark,income,p2013,4
2400,apple aardvark,income,p2014,3
2401,apple aardvark,income,p2016,4
2402,apple aardvark,income,p2018,1
2403,apple aardvark,income,p2023,3
2404,apple aardvark,income,p2025,4
2405,apple aardvark,income,p2028,2
2406,apple aardvark,income,p2030,3
2407,apple aardvark,income,p2033,3
2408,apple aardvark,income,p2040,3
2409,apple aardvark,income,p2051,3
2410,apple aardvark,income,p2052,4
2411,apple aardvark,income,p2066,2
2412,apple aardvark,income,p2067,3
2413,apple aardvark,income,p2073,4
2414,apple aardvark,income,p2077,2
2415,apple aardvark,income,p2078,4
2416,apple aardvark,income,p2086,3
2417,apple aardvark,income,p2089,3
2418,apple aardvark,income,p2093,3
2419,apple aardvark,income,p2094,3
2420,apple aardvark,income,p2111,2
2421,apple aardvark,income,p2117,4
2422,apple aardvark,income,p2121,3
2423,apple aardvark,income,p2127,3
2424,apple aardvark,income,p2141,3
2425,apple aardvark,income,p2142,2
2426,apple aardvark,income,p2143,4
2427,apple aardvark,income,p2153,1
2428,apple aardvark,income,p2155,2
2429,apple aardvark,income,p2169,4
2430,apple aardvark,income,p2187,3
2431,apple aardvark,income,p2188,4
2432,apple aardvark,income,p2197,2
2433,apple aardvark,income,p2213,3
2434,apple aardvark,income,p2214,2
2435,apple aardvark,income,p2215,5
2436,apple aardvark,income,p2220,3
2437,apple aardvark,income,p2223,2
2438,apple aardvark,income,p2229,3
2439,apple aardvark,income,p2234,3
2440,apple aardvark,income,p2237,4
2441,apple aardvark,income,p2238,4
2442,apple aardvark,income,p2244,2
2443,apple aardvark,income,p2248,3
2444,apple aardvark,income,p2252,3
2445,apple aardvark,income,p2255,1
2446,apple aardvark,income,p2261,3
2447,apple aardvark,income,p2263,4
2448,apple aardvark,income,p2273,3
2449,apple aardvark,income,p2275,2
2450,apple aardvark,income,p2276,2
2451,apple aardvark,income,p2283,1
2452,apple aardvark,income,p2287,3
2453,apple aardvark,income,p2296,2
2454,apple aardvark,income,p2298,3
2455,apple aardvark,income,p2304,3
2456,apple aardvark,income,p2310,2
2457,apple aardvark,income,p2322,2
2458,apple aardvark,income,p2326,3
2459,apple aardvark,income,p2330,3
2460,apple aardvark,income,p2331,3
2461,apple aardvark,income,p2333,2
2462,apple aardvark,income,p2347,3
2463,apple aardvark,income,p2350,2
2464,apple aardvark,income,p2351,3
2465,apple aardvark,income,p2353,2
2466,apple aardvark,income,p2355,2
2467,apple aardvark,income,p2363,2
2468,apple aardvark,income,p2378,3
2469,apple aardvark,income,p2380,2
2470,apple aardvark,income,p2387,4
2471,apple aardvark,income,p2398,2
2472,apple aardvark,income,p2400,4
2473,apple aardvark,income,p2403,2
2474,apple aardvark,income,p2408,3
2475,apple aardvark,income,p2418,2
2476,apple aardvark,income,p2426,2
2477,apple aardvark,income,p2428,2
2478,apple aardvark,income,p2434,3
2479,apple aardvark,income,p2446,1
2480,apple aardvark,income,p2452,3
2481,apple aardvark,income,p2454,2
2482,apple aardvark,income,p2462,3
2483,apple aardvark,income,p2467,5
2484,apple aardvark,income,p2482,3
2485,apple aardvark,income,p2489,3
2486,apple aardvark,income,p2490,2
2487,apple aardvark,income,p2494,2
2488,apple aardvark,income,p2502,4
2489,apple aardvark,income,p2503,3
2490,apple aardvark,income,p2522,3
2491,apple aardvark,income,p2524,3
2492,apple aardvark,income,p2533,3
2493,apple aardvark,income,p2566,3
2494,apple aardvark,income,p2571,3
2495,apple aardvark,income,p2573,2
2496,apple aardvark,income,p2582,4
2497,apple aardvark,income,p2591,3
2498,apple aardvark,income,p2592,3
2499,apple aardvark,income,p2595,2
2500,apple aardvark,party,p0016,2
2501,apple aardvark,party,p0022,3
2502,apple aardvark,party,p0023,3
2503,apple aardvark,party,p0026,1
2504,apple aardvark,party,p0034,1
2505,apple aardvark,party,p0036,2
2506,apple aardvark,party,p0037,1
2507,apple aardvark,party,p0042,3
2508,apple aardvark,party,p0057,3
2509,apple aardvark,party,p0066,1
2510,apple aardvark,party,p0069,1
2511,apple aardvark,party,p0072,1
2512,apple aardvark,party,p0073,1
2513,apple aardvark,party,p0082,3
2514,apple aardvark,party,p0091,3
2515,apple aardvark,party,p0092,3
2516,apple aardvark,party,p0093,1
2517,apple aardvark,party,p0095,3
2518,apple aardvark,party,p0107,1
2519,apple aardvark,party,p0114,2
2520,apple aardvark,party,p0116,1
2521,apple aardvark,party,p0118,1
2522,apple aardvark,party,p0119,2
2523,apple aardvark,party,p0126,2
2524,apple aardvark,party,p0129,3
2525,apple aardvark,party,p0136,2
2526,apple aardvark,party,p0138,2
2527,apple aardvark,party,p0144,2
2528,apple aardvark,party,p0150,3
2529,apple aardvark,party,p0152,1
2530,apple aardvark,party,p0158,3
2531,apple aardvark,party,p0161,1
2532,apple aardvark,party,p0164,1
2533,apple aardvark,party,p0175,3
2534,apple aardvark,party,p0177,2
2535,apple aardvark,party,p0178,3
2536,apple aardvark,party,p0181,1
2537,apple aardvark,party,p0186,3
2538,apple aardvark,party,p0196,3
2539,apple aardvark,party,p0198,3
2540,apple aardvark,party,p0202,3
2541,apple aardvark,party,p0205,2
2542,apple aardvark,party,p0207,3
2543,apple aardvark,party,p0211,3
2544,apple aardvark,party,p0227,2
2545,apple aardvark,party,p0229,3
2546,apple aardvark,party,p0232,3
2547,apple aardvark,party,p0233,2
2548,apple aardvark,party,p0237,3
2549,apple aardvark,party,p0258,3
2550,apple aardvark,party,p0268,3
2551,apple aardvark,party,p0274,3
2552,apple aardvark,party,p0275,3
2553,apple aardvark,party,p0277,2
2554,apple aardvark,party,p0288,3
2555,apple aardvark,party,p0291,2
2556,apple aardvark,party,p0307,1
2557,apple aardvark,party,p0308,1
2558,apple aardvark,party,p0317,1
2559,apple aardvark,party,p0325,2
2560,apple aardvark,party,p0327,3
2561,apple aardvark,party,p0334,3
2562,apple aardvark,party,p0336,3
2563,apple aardvark,party,p0338,1
2564,apple aardvark,party,p0342,3
2565,apple aardvark,party,p0349,1
2566,apple aardvark,party,p0356,3
2567,apple aardvark,party,p0358,3
2568,apple aardvark,party,p0363,2
2569,apple aardvark,party,p0364,2
2570,apple aardvark,party,p0369,1
2571,apple aardvark,party,p0370,2
2572,apple aardvark,party,p0371,1
2573,apple aardvark,party,p0379,1
2574,apple aardvark,party,p0386,3
2575,apple aardvark,party,p0396,3
2576,apple aardvark,party,p0403,3
2577,apple aardvark,party,p0405,3
2578,apple aardvark,party,p0412,1
2579,apple aardvark,party,p0415,1
2580,apple aardvark,party,p0416,2
2581,apple aardvark,party,p0417,3
2582,apple aardvark,party,p0418,2
2583,apple aardvark,party,p0430,3
2584,apple aardvark,party,p0431,3
2585,apple aardvark,party,p0434,1
2586,apple aardvark,party,p0438,3
2587,apple aardvark,party,p0441,3
2588,apple aardvark,party,p0442,3
2589,apple aardvark,party,p0449,1
2590,apple aardvark,party,p0450,2
2591,apple aardvark,party,p0465,3
2592,apple aardvark,party,p0471,1
2593,apple aardvark,party,p0477,3
2594,apple aardvark,party,p0483,3
2595,apple aardvark,party,p0486,1
2596,apple aardvark,party,p0487,1
2597,apple aardvark,party,p0489,3
2598,apple aardvark,party,p0497,1
2599,apple aardvark,party,p0502,1
2600,apple aardvark,party,p0503,3
2601,apple aardvark,party,p0506,2
2602,apple aardvark,party,p0511,1
2603,apple aardvark,party,p0523,3
2604,apple aardvark,party,p0534,1
2605,apple aardvark,party,p0536,3
2606,apple aardvark,party,p0542,1
2607,apple aardvark,party,p0547,2
2608,apple aardvark,party,p0553,3
2609,apple aardvark,party,p0559,2
2610,apple aardvark,party,p0566,2
2611,apple aardvark,party,p0568,2
2612,apple aardvark,party,p0570,3
2613,apple aardvark,party,p0573,1
2614,apple aardvark,party,p0578,3
2615,apple aardvark,party,p0594,2
2616,apple aardvark,party,p0597,3
2617,apple aardvark,party,p0601,1
2618,apple aardvark,party,p0602,3
2619,apple aardvark,party,p0605,2
2620,apple aardvark,party,p0615,3
2621,apple aardvark,party,p0620,3
2622,apple aardvark,party,p0626,3
2623,apple aardvark,party,p0629,3
2624,apple aardvark,party,p0633,2
2625,apple aardvark,party,p0638,3
2626,apple aardvark,party,p0639,1
2627,apple aardvark,party,p0640,1
2628,apple aardvark,party,p0655,1
2629,apple aardvark,party,p0656,3
2630,apple aardvark,party,p0658,1
2631,apple aardvark,party,p0661,2
2632,apple aardvark,party,p0669,2
2633,apple aardvark,party,p0670,3
2634,apple aardvark,party,p0672,3
2635,apple aardvark,party,p0674,3
2636,apple aardvark,party,p0678,3
2637,apple aardvark,party,p0683,3
2638,apple aardvark,party,p0686,1
2639,apple aardvark,party,p0687,3
2640,apple aardvark,party,p0698,1
2641,apple aardvark,party,p0700,2
2642,apple aardvark,party,p0703,2
2643,apple aardvark,party,p0718,1
2644,apple aardvark,party,p0744,3
2645,apple aardvark,party,p0745,1
2646,apple aardvark,party,p0753,2
2647,apple aardvark,party,p0770,2
2648,apple aardvark,party,p0771,3
2649,apple aardvark,party,p0777,3
2650,apple aardvark,party,p0779,1
2651,apple aardvark,party,p0780,1
2652,apple aardvark,party,p0783,1
2653,apple aardvark,party,p0785,1
2654,apple aardvark,party,p0786,2
2655,apple aardvark,party,p0794,1
2656,apple aardvark,party,p0798,1
2657,apple aardvark,party,p0800,3
2658,apple aardvark,party,p0820,3
2659,apple aardvark,party,p0841,1
2660,apple aardvark,party,p0849,2
2661,apple aardvark,party,p0862,3
2662,apple aardvark,party,p0867,3
2663,apple aardvark,party,p0869,3
2664,apple aardvark,party,p0872,3
2665,apple aardvark,party,p0880,3
2666,apple aardvark,party,p0891,1
2667,apple aardvark,party,p0916,3
2668,apple aardvark,party,p0917,1
2669,apple aardvark,party,p0919,3
2670,apple aardvark,party,p0922,1
2671,apple aardvark,party,p0925,1
2672,apple aardvark,party,p0927,3
2673,apple aardvark,party,p0929,3
2674,apple aardvark,party,p0930,1
2675,apple aardvark,party,p0931,1
2676,apple aardvark,party,p0933,3
2677,apple aardvark,party,p0934,1
2678,apple aardvark,party,p0936,3
2679,apple aardvark,party,p0938,3
2680,apple aardvark,party,p0939,2
2681,apple aardvark,party,p0946,2
2682,apple aardvark,party,p0951,3
2683,apple aardvark,party,p0956,1
2684,apple aardvark,party,p0962,1
2685,apple aardvark,party,p0963,1
2686,apple aardvark,party,p0969,1
2687,apple aardvark,party,p0972,2
2688,apple aardvark,party,p0975,1
2689,apple aardvark,party,p0985,2
2690,apple aardvark,party,p0993,3
2691,apple aardvark,party,p0996,3
2692,apple aardvark,party,p1011,1
2693,apple aardvark,party,p1017,2
2694,apple aardvark,party,p1020,1
2695,apple aardvark,party,p1022,3
2696,apple aardvark,party,p1024,1
2697,apple aardvark,party,p1027,3
2698,apple aardvark,party,p1028,3
2699,apple aardvark,party,p1029,2
2700,apple aardvark,party,p1032,2
2701,apple aardvark,party,p1040,2
2702,apple aardvark,party,p1047,2
2703,apple aardvark,party,p1048,3
2704,apple aardvark,party,p1053,3
2705,apple aardvark,party,p1057,1
2706,apple aardvark,party,p1058,1
2707,apple aardvark,party,p1063,1
2708,apple aardvark,party,p1064,3
2709,apple aardvark,party,p1065,1
2710,apple aardvark,party,p1069,3
2711,apple aardvark,party,p1072,2
2712,apple aardvark,party,p1073,3
2713,apple aardvark,party,p1075,2
2714,apple aardvark,party,p1076,2
2715,apple aardvark,party,p1083,1
2716,apple aardvark,party,p1089,3
2717,apple aardvark,party,p1093,3
2718,apple aardvark,party,p1096,2
2719,apple aardvark,party,p1100,2
2720,apple aardvark,party,p1106,3
2721,apple aardvark,party,p1107,2
2722,apple aardvark,party,p1113,1
2723,apple aardvark,party,p1117,1
2724,apple aardvark,party,p1120,1
2725,apple aardvark,party,p1134,2
2726,apple aardvark,party,p1136,1
2727,apple aardvark,party,p1138,1
2728,apple aardvark,party,p1144,1
2729,apple aardvark,party,p1145,3
2730,apple aardvark,party,p1147,3
2731,apple aardvark,party,p1148,3
2732,apple aardvark,party,p1154,3
2733,apple aardvark,party,p1159,3
2734,apple aardvark,party,p1167,3
2735,apple aardvark,party,p1175,3
2736,apple aardvark,party,p1178,3
2737,apple aardvark,party,p1184,1
2738,apple aardvark,party,p1186,3
2739,apple aardvark,party,p1196,1
2740,apple aardvark,party,p1197,3
2741,apple aardvark,party,p1203,3
2742,apple aardvark,party,p1219,3
2743,apple aardvark,party,p1225,1
2744,apple aardvark,party,p1234,2
2745,apple aardvark,party,p1242,1
2746,apple aardvark,party,p1244,3
2747,apple aardvark,party,p1249,2
2748,apple aardvark,party,p1250,2
2749,apple aardvark,party,p1256,1
2750,apple aardvark,party,p1258,1
2751,apple aardvark,party,p1260,2
2752,apple aardvark,party,p1262,1
2753,apple aardvark,party,p1264,2
2754,apple aardvark,party,p1265,2
2755,apple aardvark,party,p1269,1
2756,apple aardvark,party,p1272,1
2757,apple aardvark,party,p1278,3
2758,apple aardvark,party,p1281,3
2759,apple aardvark,party,p1292,1
2760,apple aardvark,party,p1299,1
2761,apple aardvark,party,p1312,2
2762,apple aardvark,party,p1322,3
2763,apple aardvark,party,p1326,2
2764,apple aardvark,party,p1330,3
2765,apple aardvark,party,p1335,1
2766,apple aardvark,party,p1337,1
2767,apple aardvark,party,p1340,1
2768,apple aardvark,party,p1345,1
2769,apple aardvark,party,p1351,3
2770,apple aardvark,party,p1355,1
2771,apple aardvark,party,p1362,1
2772,apple aardvark,party,p1365,1
2773,apple aardvark,party,p1366,2
2774,apple aardvark,party,p1367,1
2775,apple aardvark,party,p1370,1
2776,apple aardvark,party,p1371,1
2777,apple aardvark,party,p1373,1
2778,apple aardvark,party,p1375,1
2779,apple aardvark,party,p1376,3
2780,apple aardvark,party,p1379,3
2781,apple aardvark,party,p1381,3
2782,apple aardvark,party,p1393,1
2783,apple aardvark,party,p1396,3
2784,apple aardvark,party,p1398,1
2785,apple aardvark,party,p1404,3
2786,apple aardvark,party,p1406,1
2787,apple aardvark,party,p1407,2
2788,apple aardvark,party,p1409,2
2789,apple aardvark,party,p1412,2
2790,apple aardvark,party,p1414,3
2791,apple aardvark,party,p1424,1
2792,apple aardvark,party,p1425,1
2793,apple aardvark,party,p1429,1
2794,apple aardvark,party,p1434,1
2795,apple aardvark,party,p1441,3
2796,apple aardvark,party,p1445,3
2797,apple aardvark,party,p1450,1
2798,apple aardvark,party,p1454,2
2799,apple aardvark,party,p1456,2
2800,apple aardvark,party,p1457,3
2801,apple aardvark,party,p1458,3
2802,apple aardvark,party,p1469,1
2803,apple aardvark,party,p1470,1
2804,apple aardvark,party,p1481,3
2805,apple aardvark,party,p1488,1
2806,apple aardvark,party,p1492,2
2807,apple aardvark,party,p1495,1
2808,apple aardvark,party,p1497,2
2809,apple aardvark,party,p1499,1
2810,apple aardvark,party,p1503,3
2811,apple aardvark,party,p1511,2
2812,apple aardvark,party,p1512,3
2813,apple aardvark,party,p1518,2
2814,apple aardvark,party,p1519,1
2815,apple aardvark,party,p1520,1
2816,apple aardvark,party,p1524,1
2817,apple aardvark,party,p1526,1
2818,apple aardvark,party,p1537,3
2819,apple aardvark,party,p1545,3
2820,apple aardvark,party,p1547,3
2821,apple aardvark,party,p1552,3
2822,apple aardvark,party,p1567,2
2823,apple aardvark,party,p1568,3
2824,apple aardvark,party,p1579,1
2825,apple aardvark,party,p1587,3
2826,apple aardvark,party,p1596,2
2827,apple aardvark,party,p1600,3
2828,apple aardvark,party,p1603,3
2829,apple aardvark,party,p1604,1
2830,apple aardvark,party,p1610,2
2831,apple aardvark,party,p1618,1
2832,apple aardvark,party,p1619,3
2833,apple aardvark,party,p1622,1
2834,apple aardvark,party,p1623,1
2835,apple aardvark,party,p1630,2
2836,apple aardvark,party,p1641,1
2837,apple aardvark,party,p1649,2
2838,apple aardvark,party,p1652,2
2839,apple aardvark,party,p1665,3
2840,apple aardvark,party,p1669,1
2841,apple aardvark,party,p1685,1
2842,apple aardvark,party,p1693,3
2843,apple aardvark,party,p1698,2
2844,apple aardvark,party,p1704,1
2845,apple aardvark,party,p1711,3
2846,apple aardvark,party,p1718,1
2847,apple aardvark,party,p1732,1
2848,apple aardvark,party,p1739,3
2849,apple aardvark,party,p1741,1
2850,apple aardvark,party,p1746,3
2851,apple aardvark,party,p1751,1
2852,apple aardvark,party,p1754,3
2853,apple aardvark,party,p1769,1
2854,apple aardvark,party,p1771,2
2855,apple aardvark,party,p1776,3
2856,apple aardvark,party,p1780,1
2857,apple aardvark,party,p1785,3
2858,apple aardvark,party,p1791,2
2859,apple aardvark,party,p1793,1
2860,apple aardvark,party,p1796,1
2861,apple aardvark,party,p1805,2
2862,apple aardvark,party,p1812,2
2863,apple aardvark,party,p1816,2
2864,apple aardvark,party,p1819,3
2865,apple aardvark,party,p1825,3
2866,apple aardvark,party,p1836,1
2867,apple aardvark,party,p1839,1
2868,apple aardvark,party,p1861,2
2869,apple aardvark,party,p1863,3
2870,apple aardvark,party,p1873,3
2871,apple aardvark,party,p1875,1
2872,apple aardvark,party,p1876,3
2873,apple aardvark,party,p1877,3
2874,apple aardvark,party,p1880,1
2875,apple aardvark,party,p1883,1
2876,apple aardvark,party,p1889,1
2877,apple aardvark,party,p1893,3
2878,apple aardvark,party,p1896,2
2879,apple aardvark,party,p1913,1
2880,apple aardvark,party,p1922,1
2881,apple aardvark,party,p1930,1
2882,apple aardvark,party,p1935,1
2883,apple aardvark,party,p1940,3
2884,apple aardvark,party,p1948,1
2885,apple aardvark,party,p1950,2
2886,apple aardvark,party,p1954,2
2887,apple aardvark,party,p1956,2
2888,apple aardvark,party,p1958,1
2889,apple aardvark,party,p1967,1
2890,apple aardvark,party,p1973,3
2891,apple aardvark,party,p1978,1
2892,apple aardvark,party,p1983,2
2893,apple aardvark,party,p1984,3
2894,apple aardvark,party,p1995,1
2895,apple aardvark,party,p1996,1
2896,apple aardvark,party,p1997,1
2897,apple aardvark,party,p2001,3
2898,apple aardvark,party,p2002,3
2899,apple aardvark,party,p2013,3
2900,apple aardvark,party,p2014,1
2901,apple aardvark,party,p2016,3
2902,apple aardvark,party,p2018,1
2903,apple aardvark,party,p2023,3
2904,apple aardvark,party,p2025,1
2905,apple aardvark,party,p2028,3
2906,apple aardvark,party,p2030,3
2907,apple aardvark,party,p2033,3
2908,apple aardvark,party,p2040,3
2909,apple aardvark,party,p2051,3
2910,apple aardvark,party,p2052,1
2911,apple aardvark,party,p2066,3
2912,apple aardvark,party,p2067,1
2913,apple aardvark,party,p2073,2
2914,apple aardvark,party,p2077,1
2915,apple aardvark,party,p2078,3
2916,apple aardvark,party,p2086,3
2917,apple aardvark,party,p2089,1
2918,apple aardvark,party,p2093,1
2919,apple aardvark,party,p2094,2
2920,apple aardvark,party,p2111,1
2921,apple aardvark,party,p2117,3
2922,apple aardvark,party,p2121,3
2923,apple aardvark,party,p2127,1
2924,apple aardvark,party,p2141,2
2925,apple aardvark,party,p2142,2
2926,apple aardvark,party,p2143,1
2927,apple aardvark,party,p2153,3
2928,apple aardvark,party,p2155,3
2929,apple aardvark,party,p2169,1
2930,apple aardvark,party,p2187,3
2931,apple aardvark,party,p2188,3
2932,apple aardvark,party,p2197,1
2933,apple aardvark,party,p2213,2
2934,apple aardvark,party,p2214,2
2935,apple aardvark,party,p2215,1
2936,apple aardvark,party,p2220,2
2937,apple aardvark,party,p2223,2
2938,apple aardvark,party,p2229,2
2939,apple aardvark,party,p2234,3
2940,apple aardvark,party,p2237,3
2941,apple aardvark,party,p2238,1
2942,apple aardvark,party,p2244,3
2943,apple aardvark,party,p2248,3
2944,apple aardvark,party,p2252,3
2945,apple aardvark,party,p2255,1
2946,apple aardvark,party,p2261,1
2947,apple aardvark,party,p2263,3
2948,apple aardvark,party,p2273,3
2949,apple aardvark,party,p2275,3
2950,apple aardvark,party,p2276,3
2951,apple aardvark,party,p2283,3
2952,apple aardvark,party,p2287,3
2953,apple aardvark,party,p2296,3
2954,apple aardvark,party,p2298,2
2955,apple aardvark,party,p2304,3
2956,apple aardvark,party,p2310,3
2957,apple aardvark,party,p2322,2
2958,apple aardvark,party,p2326,1
2959,apple aardvark,party,p2330,1
2960,apple aardvark,party,p2331,3
2961,apple aardvark,party,p2333,1
2962,apple aardvark,party,p2347,3
2963,apple aardvark,party,p2350,2
2964,apple aardvark,party,p2351,1
2965,apple aardvark,party,p2353,3
2966,apple aardvark,party,p2355,3
2967,apple aardvark,party,p2363,3
2968,apple aardvark,party,p2378,2
2969,apple aardvark,party,p2380,3
2970,apple aardvark,party,p2387,3
2971,apple aardvark,party,p2398,1
2972,apple aardvark,party,p2400,3
2973,apple aardvark,party,p2403,3
2974,apple aardvark,party,p2408,3
2975,apple aardvark,party,p2418,3
2976,apple aardvark,party,p2426,3
2977,apple aardvark,party,p2428,2
2978,apple aardvark,party,p2434,3
2979,apple aardvark,party,p2446,3
2980,apple aardvark,party,p2452,1
2981,apple aardvark,party,p2454,2
2982,apple aardvark,party,p2462,3
2983,apple aardvark,party,p2467,1
2984,apple aardvark,party,p2482,2
2985,apple aardvark,party,p2489,1
2986,apple aardvark,party,p2490,3
2987,apple aardvark,party,p2494,1
2988,apple aardvark,party,p2502,3
2989,apple aardvark,party,p2503,3
2990,apple aardvark,party,p2522,1
2991,apple aardvark,party,p2524,3
2992,apple aardvark,party,p2533,3
2993,apple aardvark,party,p2566,3
2994,apple aardvark,party,p2571,3
2995,apple aardvark,party,p2573,2
2996,apple aardvark,party,p2582,1
2997,apple aardvark,party,p2591,1
2998,apple aardvark,party,p2592,2
2999,apple aardvark,party,p2595,3
