,condition,outcome,persona,response
0,complicated cockroach,gender,p0016,2
1,complicated cockroach,gender,p0022,2
2,complicated cockroach,gender,p0023,1
3,complicated cockroach,gender,p0026,2
4,complicated cockroach,gender,p0034,1
5,complicated cockroach,gender,p0036,1
6,complicated cockroach,gender,p0037,1
7,complicated cockroach,gender,p0042,1
8,complicated cockroach,gender,p0057,2
9,complicated cockroach,gender,p0066,1
10,complicated cockroach,gender,p0069,2
11,complicated cockroach,gender,p0072,2
12,complicated cockroach,gender,p0073,1
13,complicated cockroach,gender,p0082,1
14,complicated cockroach,gender,p0091,1
15,complicated cockroach,gender,p0092,1
16,complicated cockroach,gender,p0093,1
17,complicated cockroach,gender,p0095,1
18,complicated cockroach,gender,p0107,2
19,complicated cockroach,gender,p0114,1
20,complicated cockroach,gender,p0116,1
21,complicated cockroach,gender,p0118,2
22,complicated cockroach,gender,p0119,1
23,complicated cockroach,gender,p0126,1
24,complicated cockroach,gender,p0129,1
25,complicated cockroach,gender,p0136,2
26,complicated cockroach,gender,p0138,1
27,complicated cockroach,gender,p0144,2
28,complicated cockroach,gender,p0150,1
29,complicated cockroach,gender,p0152,2
30,complicated cockroach,gender,p0158,2
31,complicated cockroach,gender,p0161,1
32,complicated cockroach,gender,p0164,2
33,complicated cockroach,gender,p0175,1
34,complicated cockroach,gender,p0177,1
35,complicated cockroach,gender,p0178,1
36,complicated cockroach,gender,p0181,2
37,complicated cockroach,gender,p0186,2
38,complicated cockroach,gender,p0196,2
39,complicated cockroach,gender,p0198,1
40,complicated cockroach,gender,p0202,1
41,complicated cockroach,gender,p0205,1
42,complicated cockroach,gender,p0207,1
43,complicated cockroach,gender,p0211,1
44,complicated cockroach,gender,p0227,2
45,complicated cockroach,gender,p0229,1
46,complicated cockroach,gender,p0232,1
47,complicated cockroach,gender,p0233,2
48,complicated cockroach,gender,p0237,1
49,complicated cockroach,gender,p0258,1
50,complicated cockroach,gender,p0268,1
51,complicated cockroach,gender,p0274,1
52,complicated cockroach,gender,p0275,1
53,complicated cockroach,gender,p0277,1
54,complicated cockroach,gender,p0288,1
55,complicated cockroach,gender,p0291,1
56,complicated cockroach,gender,p0307,1
57,complicated cockroach,gender,p0308,1
58,complicated cockroach,gender,p0317,1
59,complicated cockroach,gender,p0325,2
60,complicated cockroach,gender,p0327,1
61,complicated cockroach,gender,p0334,1
62,complicated cockroach,gender,p0336,1
63,complicated cockroach,gender,p0338,1
64,complicated cockroach,gender,p0342,1
65,complicated cockroach,gender,p0349,1
66,complicated cockroach,gender,p0356,2
67,complicated cockroach,gender,p0358,1
68,complicated cockroach,gender,p0363,1
69,complicated cockroach,gender,p0364,1
70,complicated cockroach,gender,p0369,2
71,complicated cockroach,gender,p0370,2
72,complicated cockroach,gender,p0371,1
73,complicated cockroach,gender,p0379,1
74,complicated cockroach,gender,p0386,1
75,complicated cockroach,gender,p0396,2
76,complicated cockroach,gender,p0403,2
77,complicated cockroach,gender,p0405,2
78,complicated cockroach,gender,p0412,1
79,complicated cockroach,gender,p0415,1
80,complicated cockroach,gender,p0416,1
81,complicated cockroach,gender,p0417,1
82,complicated cockroach,gender,p0418,2
83,complicated cockroach,gender,p0430,1
84,complicated cockroach,gender,p0431,2
85,complicated cockroach,gender,p0434,2
86,complicated cockroach,gender,p0438,2
87,complicated cockroach,gender,p0441,2
88,complicated cockroach,gender,p0442,2
89,complicated cockroach,gender,p0449,1
90,complicated cockroach,gender,p0450,2
91,complicated cockroach,gender,p0465,1
92,complicated cockroach,gender,p0471,2
93,complicated cockroach,gender,p0477,2
94,complicated cockroach,gender,p0483,2
95,complicated cockroach,gender,p0486,1
96,complicated cockroach,gender,p0487,1
97,complicated cockroach,gender,p0489,1
98,complicated cockroach,gender,p0497,1
99,complicated cockroach,gender,p0502,1
100,complicated cockroach,gender,p0503,2
101,complicated cockroach,gender,p0506,1
102,complicated cockroach,gender,p0511,1
103,complicated cockroach,gender,p0523,2
104,complicated cockroach,gender,p0534,1
105,complicated cockroach,gender,p0536,1
106,complicated cockroach,gender,p0542,1
107,complicated cockroach,gender,p0547,2
108,complicated cockroach,gender,p0553,1
109,complicated cockroach,gender,p0559,2
110,complicated cockroach,gender,p0566,1
111,complicated cockroach,gender,p0568,2
112,complicated cockroach,gender,p0570,1
113,complicated cockroach,gender,p0573,2
114,complicated cockroach,gender,p0578,1
115,complicated cockroach,gender,p0594,1
116,complicated cockroach,gender,p0597,1
117,complicated cockroach,gender,p0601,1
118,complicated cockroach,gender,p0602,2
119,complicated cockroach,gender,p0605,1
120,complicated cockroach,gender,p0615,1
121,complicated cockroach,gender,p0620,1
122,complicated cockroach,gender,p0626,2
123,complicated cockroach,gender,p0629,2
124,complicated cockroach,gender,p0633,2
125,complicated cockroach,gender,p0638,2
126,complicated cockroach,gender,p0639,1
127,complicated cockroach,gender,p0640,2
128,complicated cockroach,gender,p0655,2
129,complicated cockroach,gender,p0656,1
130,complicated cockroach,gender,p0658,1
131,complicated cockroach,gender,p0661,1
132,complicated cockroach,gender,p0669,1
133,complicated cockroach,gender,p0670,2
134,complicated cockroach,gender,p0672,2
135,complicated cockroach,gender,p0674,1
136,complicated cockroach,gender,p0678,1
137,complicated cockroach,gender,p0683,2
138,complicated cockroach,gender,p0686,1
139,complicated cockroach,gender,p0687,1
140,complicated cockroach,gender,p0698,2
141,complicated cockroach,gender,p0700,1
142,complicated cockroach,gender,p0703,1
143,complicated cockroach,gender,p0718,1
144,complicated cockroach,gender,p0744,2
145,complicated cockroach,gender,p0745,1
146,complicated cockroach,gender,p0753,2
147,complicated cockroach,gender,p0770,1
148,complicated cockroach,gender,p0771,1
149,complicated cockroach,gender,p0777,1
150,complicated cockroach,gender,p0779,1
151,complicated cockroach,gender,p0780,2
152,complicated cockroach,gender,p0783,1
153,complicated cockroach,gender,p0785,2
154,complicated cockroach,gender,p0786,2
155,complicated cockroach,gender,p0794,1
156,complicated cockroach,gender,p0798,1
157,complicated cockroach,gender,p0800,1
158,complicated cockroach,gender,p0820,2
159,complicated cockroach,gender,p0841,2
160,complicated cockroach,gender,p0849,1
161,complicated cockroach,gender,p0862,1
162,complicated cockroach,gender,p0867,2
163,complicated cockroach,gender,p0869,1
164,complicated cockroach,gender,p0872,1
165,complicated cockroach,gender,p0880,2
166,complicated cockroach,gender,p0891,1
167,complicated cockroach,gender,p0916,2
168,complicated cockroach,gender,p0917,2
169,complicated cockroach,gender,p0919,2
170,complicated cockroach,gender,p0922,2
171,complicated cockroach,gender,p0925,2
172,complicated cockroach,gender,p0927,1
173,complicated cockroach,gender,p0929,2
174,complicated cockroach,gender,p0930,1
175,complicated cockroach,gender,p0931,2
176,complicated cockroach,gender,p0933,2
177,complicated cockroach,gender,p0934,2
178,complicated cockroach,gender,p0936,2
179,complicated cockroach,gender,p0938,1
180,complicated cockroach,gender,p0939,2
181,complicated cockroach,gender,p0946,1
182,complicated cockroach,gender,p0951,1
183,complicated cockroach,gender,p0956,2
184,complicated cockroach,gender,p0962,2
185,complicated cockroach,gender,p0963,1
186,complicated cockroach,gender,p0969,1
187,complicated cockroach,gender,p0972,1
188,complicated cockroach,gender,p0975,1
189,complicated cockroach,gender,p0985,2
190,complicated cockroach,gender,p0993,1
191,complicated cockroach,gender,p0996,2
192,complicated cockroach,gender,p1011,1
193,complicated cockroach,gender,p1017,2
194,complicated cockroach,gender,p1020,1
195,complicated cockroach,gender,p1022,1
196,complicated cockroach,gender,p1024,2
197,complicated cockroach,gender,p1027,1
198,complicated cockroach,gender,p1028,1
199,complicated cockroach,gender,p1029,2
200,complicated cockroach,gender,p1032,1
201,complicated cockroach,gender,p1040,1
202,complicated cockroach,gender,p1047,1
203,complicated cockroach,gender,p1048,1
204,complicated cockroach,gender,p1053,2
205,complicated cockroach,gender,p1057,1
206,complicated cockroach,gender,p1058,2
207,complicated cockroach,gender,p1063,1
208,complicated cockroach,gender,p1064,2
209,complicated cockroach,gender,p1065,1
210,complicated cockroach,gender,p1069,2
211,complicated cockroach,gender,p1072,1
212,complicated cockroach,gender,p1073,1
213,complicated cockroach,gender,p1075,2
214,complicated cockroach,gender,p1076,2
215,complicated cockroach,gender,p1083,2
216,complicated cockroach,gender,p1089,1
217,complicated cockroach,gender,p1093,1
218,complicated cockroach,gender,p1096,2
219,complicated cockroach,gender,p1100,1
220,complicated cockroach,gender,p1106,2
221,complicated cockroach,gender,p1107,2
222,complicated cockroach,gender,p1113,1
223,complicated cockroach,gender,p1117,1
224,complicated cockroach,gender,p1120,1
225,complicated cockroach,gender,p1134,1
226,complicated cockroach,gender,p1136,1
227,complicated cockroach,gender,p1138,2
228,complicated cockroach,gender,p1144,1
229,complicated cockroach,gender,p1145,1
230,complicated cockroach,gender,p1147,2
231,complicated cockroach,gender,p1148,1
232,complicated cockroach,gender,p1154,2
233,complicated cockroach,gender,p1159,1
234,complicated cockroach,gender,p1167,1
235,complicated cockroach,gender,p1175,2
236,complicated cockroach,gender,p1178,2
237,complicated cockroach,gender,p1184,2
238,complicated cockroach,gender,p1186,1
239,complicated cockroach,gender,p1196,1
240,complicated cockroach,gender,p1197,2
241,complicated cockroach,gender,p1203,1
242,complicated cockroach,gender,p1219,2
243,complicated cockroach,gender,p1225,1
244,complicated cockroach,gender,p1234,2
245,complicated cockroach,gender,p1242,1
246,complicated cockroach,gender,p1244,1
247,complicated cockroach,gender,p1249,2
248,complicated cockroach,gender,p1250,1
249,complicated cockroach,gender,p1256,1
250,complicated cockroach,gender,p1258,2
251,complicated cockroach,gender,p1260,1
252,complicated cockroach,gender,p1262,1
253,complicated cockroach,gender,p1264,2
254,complicated cockroach,gender,p1265,2
255,complicated cockroach,gender,p1269,1
256,complicated cockroach,gender,p1272,2
257,complicated cockroach,gender,p1278,1
258,complicated cockroach,gender,p1281,2
259,complicated cockroach,gender,p1292,1
260,complicated cockroach,gender,p1299,2
261,complicated cockroach,gender,p1312,2
262,complicated cockroach,gender,p1322,1
263,complicated cockroach,gender,p1326,2
264,complicated cockroach,gender,p1330,2
265,complicated cockroach,gender,p1335,2
266,complicated cockroach,gender,p1337,1
267,complicated cockroach,gender,p1340,1
268,complicated cockroach,gender,p1345,1
269,complicated cockroach,gender,p1351,1
270,complicated cockroach,gender,p1355,2
271,complicated cockroach,gender,p1362,2
272,complicated cockroach,gender,p1365,1
273,complicated cockroach,gender,p1366,2
274,complicated cockroach,gender,p1367,1
275,complicated cockroach,gender,p1370,2
276,complicated cockroach,gender,p1371,1
277,complicated cockroach,gender,p1373,2
278,complicated cockroach,gender,p1375,2
279,complicated cockroach,gender,p1376,2
280,complicated cockroach,gender,p1379,2
281,complicated cockroach,gender,p1381,2
282,complicated cockroach,gender,p1393,2
283,complicated cockroach,gender,p1396,2
284,complicated cockroach,gender,p1398,1
285,complicated cockroach,gender,p1404,2
286,complicated cockroach,gender,p1406,1
287,complicated cockroach,gender,p1407,2
288,complicated cockroach,gender,p1409,1
289,complicated cockroach,gender,p1412,1
290,complicated cockroach,gender,p1414,1
291,complicated cockroach,gender,p1424,1
292,complicated cockroach,gender,p1425,1
293,complicated cockroach,gender,p1429,2
294,complicated cockroach,gender,p1434,1
295,complicated cockroach,gender,p1441,1
296,complicated cockroach,gender,p1445,1
297,complicated cockroach,gender,p1450,1
298,complicated cockroach,gender,p1454,1
299,complicated cockroach,gender,p1456,1
300,complicated cockroach,gender,p1457,2
301,complicated cockroach,gender,p1458,1
302,complicated cockroach,gender,p1469,1
303,complicated cockroach,gender,p1470,1
304,complicated cockroach,gender,p1481,1
305,complicated cockroach,gender,p1488,2
306,complicated cockroach,gender,p1492,1
307,complicated cockroach,gender,p1495,1
308,complicated cockroach,gender,p1497,2
309,complicated cockroach,gender,p1499,1
310,complicated cockroach,gender,p1503,1
311,complicated cockroach,gender,p1511,1
312,complicated cockroach,gender,p1512,2
313,complicated cockroach,gender,p1518,2
314,complicated cockroach,gender,p1519,2
315,complicated cockroach,gender,p1520,2
316,complicated cockroach,gender,p1524,2
317,complicated cockroach,gender,p1526,2
318,complicated cockroach,gender,p1537,1
319,complicated cockroach,gender,p1545,2
320,complicated cockroach,gender,p1547,2
321,complicated cockroach,gender,p1552,1
322,complicated cockroach,gender,p1567,1
323,complicated cockroach,gender,p1568,2
324,complicated cockroach,gender,p1579,2
325,complicated cockroach,gender,p1587,2
326,complicated cockroach,gender,p1596,1
327,complicated cockroach,gender,p1600,1
328,complicated cockroach,gender,p1603,2
329,complicated cockroach,gender,p1604,2
330,complicated cockroach,gender,p1610,2
331,complicated cockroach,gender,p1618,1
332,complicated cockroach,gender,p1619,1
333,complicated cockroach,gender,p1622,1
334,complicated cockroach,gender,p1623,1
335,complicated cockroach,gender,p1630,1
336,complicated cockroach,gender,p1641,1
337,complicated cockroach,gender,p1649,1
338,complicated cockroach,gender,p1652,1
339,complicated cockroach,gender,p1665,1
340,complicated cockroach,gender,p1669,1
341,complicated cockroach,gender,p1685,1
342,complicated cockroach,gender,p1693,2
343,complicated cockroach,gender,p1698,1
344,complicated cockroach,gender,p1704,1
345,complicated cockroach,gender,p1711,1
346,complicated cockroach,gender,p1718,1
347,complicated cockroach,gender,p1732,1
348,complicated cockroach,gender,p1739,1
349,complicated cockroach,gender,p1741,1
350,complicated cockroach,gender,p1746,1
351,complicated cockroach,gender,p1751,1
352,complicated cockroach,gender,p1754,2
353,complicated cockroach,gender,p1769,2
354,complicated cockroach,gender,p1771,2
355,complicated cockroach,gender,p1776,1
356,complicated cockroach,gender,p1780,1
357,complicated cockroach,gender,p1785,2
358,complicated cockroach,gender,p1791,1
359,complicated cockroach,gender,p1793,1
360,complicated cockroach,gender,p1796,1
361,complicated cockroach,gender,p1805,1
362,complicated cockroach,gender,p1812,1
363,complicated cockroach,gender,p1816,2
364,complicated cockroach,gender,p1819,1
365,complicated cockroach,gender,p1825,1
366,complicated cockroach,gender,p1836,1
367,complicated cockroach,gender,p1839,2
368,complicated cockroach,gender,p1861,1
369,complicated cockroach,gender,p1863,1
370,complicated cockroach,gender,p1873,1
371,complicated cockroach,gender,p1875,1
372,complicated cockroach,gender,p1876,2
373,complicated cockroach,gender,p1877,2
374,complicated cockroach,gender,p1880,2
375,complicated cockroach,gender,p1883,1
376,complicated cockroach,gender,p1889,1
377,complicated cockroach,gender,p1893,1
378,complicated cockroach,gender,p1896,1
379,complicated cockroach,gender,p1913,1
380,complicated cockroach,gender,p1922,1
381,complicated cockroach,gender,p1930,1
382,complicated cockroach,gender,p1935,1
383,complicated cockroach,gender,p1940,1
384,complicated cockroach,gender,p1948,2
385,complicated cockroach,gender,p1950,2
386,complicated cockroach,gender,p1954,1
387,complicated cockroach,gender,p1956,2
388,complicated cockroach,gender,p1958,1
389,complicated cockroach,gender,p1967,2
390,complicated cockroach,gender,p1973,1
391,complicated cockroach,gender,p1978,1
392,complicated cockroach,gender,p1983,1
393,complicated cockroach,gender,p1984,2
394,complicated cockroach,gender,p1995,1
395,complicated cockroach,gender,p1996,2
396,complicated cockroach,gender,p1997,1
397,complicated cockroach,gender,p2001,2
398,complicated cockroach,gender,p2002,2
399,complicated cockroach,gender,p2013,2
400,complicated cockroach,gender,p2014,2
401,complicated cockroach,gender,p2016,1
402,complicated cockroach,gender,p2018,1
403,complicated cockroach,gender,p2023,2
404,complicated cockroach,gender,p2025,1
405,complicated cockroach,gender,p2028,1
406,complicated cockroach,gender,p2030,2
407,complicated cockroach,gender,p2033,1
408,complicated cockroach,gender,p2040,1
409,complicated cockroach,gender,p2051,2
410,complicated cockroach,gender,p2052,1
411,complicated cockroach,gender,p2066,1
412,complicated cockroach,gender,p2067,1
413,complicated cockroach,gender,p2073,1
414,complicated cockroach,gender,p2077,2
415,complicated cockroach,gender,p2078,2
416,complicated cockroach,gender,p2086,1
417,complicated cockroach,gender,p2089,1
418,complicated cockroach,gender,p2093,1
419,complicated cockroach,gender,p2094,2
420,complicated cockroach,gender,p2111,2
421,complicated cockroach,gender,p2117,2
422,complicated cockroach,gender,p2121,1
423,complicated cockroach,gender,p2127,1
424,complicated cockroach,gender,p2141,1
425,complicated cockroach,gender,p2142,2
426,complicated cockroach,gender,p2143,1
427,complicated cockroach,gender,p2153,2
428,complicated cockroach,gender,p2155,2
429,complicated cockroach,gender,p2169,1
430,complicated cockroach,gender,p2187,1
431,complicated cockroach,gender,p2188,1
432,complicated cockroach,gender,p2197,2
433,complicated cockroach,gender,p2213,2
434,complicated cockroach,gender,p2214,2
435,complicated cockroach,gender,p2215,2
436,complicated cockroach,gender,p2220,1
437,complicated cockroach,gender,p2223,2
438,complicated cockroach,gender,p2229,1
439,complicated cockroach,gender,p2234,2
440,complicated cockroach,gender,p2237,2
441,complicated cockroach,gender,p2238,1
442,complicated cockroach,gender,p2244,2
443,complicated cockroach,gender,p2248,2
444,complicated cockroach,gender,p2252,1
445,complicated cockroach,gender,p2255,1
446,complicated cockroach,gender,p2261,1
447,complicated cockroach,gender,p2263,2
448,complicated cockroach,gender,p2273,2
449,complicated cockroach,gender,p2275,2
450,complicated cockroach,gender,p2276,2
451,complicated cockroach,gender,p2283,2
452,complicated cockroach,gender,p2287,2
453,complicated cockroach,gender,p2296,1
454,complicated cockroach,gender,p2298,1
455,complicated cockroach,gender,p2304,1
456,complicated cockroach,gender,p2310,2
457,complicated cockroach,gender,p2322,2
458,complicated cockroach,gender,p2326,2
459,complicated cockroach,gender,p2330,2
460,complicated cockroach,gender,p2331,1
461,complicated cockroach,gender,p2333,1
462,complicated cockroach,gender,p2347,2
463,complicated cockroach,gender,p2350,2
464,complicated cockroach,gender,p2351,1
465,complicated cockroach,gender,p2353,2
466,complicated cockroach,gender,p2355,2
467,complicated cockroach,gender,p2363,2
468,complicated cockroach,gender,p2378,2
469,complicated cockroach,gender,p2380,1
470,complicated cockroach,gender,p2387,2
471,complicated cockroach,gender,p2398,1
472,complicated cockroach,gender,p2400,1
473,complicated cockroach,gender,p2403,2
474,complicated cockroach,gender,p2408,2
475,complicated cockroach,gender,p2418,2
476,complicated cockroach,gender,p2426,1
477,complicated cockroach,gender,p2428,2
478,complicated cockroach,gender,p2434,2
479,complicated cockroach,gender,p2446,1
480,complicated cockroach,gender,p2452,1
481,complicated cockroach,gender,p2454,2
482,complicated cockroach,gender,p2462,1
483,complicated cockroach,gender,p2467,1
484,complicated cockroach,gender,p2482,2
485,complicated cockroach,gender,p2489,1
486,complicated cockroach,gender,p2490,2
487,complicated cockroach,gender,p2494,2
488,complicated cockroach,gender,p2502,1
489,complicated cockroach,gender,p2503,2
490,complicated cockroach,gender,p2522,1
491,complicated cockroach,gender,p2524,1
492,complicated cockroach,gender,p2533,2
493,complicated cockroach,gender,p2566,2
494,complicated cockroach,gender,p2571,1
495,complicated cockroach,gender,p2573,1
496,complicated cockroach,gender,p2582,1
497,complicated cockroach,gender,p2591,1
498,complicated cockroach,gender,p2592,2
499,complicated cockroach,gender,p2595,2
500,complicated cockroach,year_birth,p0016,1970
501,complicated cockroach,year_birth,p0022,1991
502,complicated cockroach,year_birth,p0023,1958
503,complicated cockroach,year_birth,p0026,1965
504,complicated cockroach,year_birth,p0034,1950
505,complicated cockroach,year_birth,p0036,1994
506,complicated cockroach,year_birth,p0037,1969
507,complicated cockroach,year_birth,p0042,1960
508,complicated cockroach,year_birth,p0057,1981
509,complicated cockroach,year_birth,p0066,1966
510,complicated cockroach,year_birth,p0069,1986
511,complicated cockroach,year_birth,p0072,1987
512,complicated cockroach,year_birth,p0073,1982
513,complicated cockroach,year_birth,p0082,1973
514,complicated cockroach,year_birth,p0091,1995
515,complicated cockroach,year_birth,p0092,1980
516,complicated cockroach,year_birth,p0093,1947
517,complicated cockroach,year_birth,p0095,1946
518,complicated cockroach,year_birth,p0107,1964
519,complicated cockroach,year_birth,p0114,1987
520,complicated cockroach,year_birth,p0116,1986
521,complicated cockroach,year_birth,p0118,1998
522,complicated cockroach,year_birth,p0119,1989
523,complicated cockroach,year_birth,p0126,1961
524,complicated cockroach,year_birth,p0129,1951
525,complicated cockroach,year_birth,p0136,1986
526,complicated cockroach,year_birth,p0138,1947
527,complicated cockroach,year_birth,p0144,1989
528,complicated cockroach,year_birth,p0150,1975
529,complicated cockroach,year_birth,p0152,1973
530,complicated cockroach,year_birth,p0158,1948
531,complicated cockroach,year_birth,p0161,1984
532,complicated cockroach,year_birth,p0164,1955
533,complicated cockroach,year_birth,p0175,1954
534,complicated cockroach,year_birth,p0177,1972
535,complicated cockroach,year_birth,p0178,1991
536,complicated cockroach,year_birth,p0181,1970
537,complicated cockroach,year_birth,p0186,1968
538,complicated cockroach,year_birth,p0196,1993
539,complicated cockroach,year_birth,p0198,1949
540,complicated cockroach,year_birth,p0202,1950
541,complicated cockroach,year_birth,p0205,1944
542,complicated cockroach,year_birth,p0207,1932
543,complicated cockroach,year_birth,p0211,1947
544,complicated cockroach,year_birth,p0227,1978
545,complicated cockroach,year_birth,p0229,1957
546,complicated cockroach,year_birth,p0232,1939
547,complicated cockroach,year_birth,p0233,1951
548,complicated cockroach,year_birth,p0237,1984
549,complicated cockroach,year_birth,p0258,1936
550,complicated cockroach,year_birth,p0268,1927
551,complicated cockroach,year_birth,p0274,1981
552,complicated cockroach,year_birth,p0275,1970
553,complicated cockroach,year_birth,p0277,1975
554,complicated cockroach,year_birth,p0288,1970
555,complicated cockroach,year_birth,p0291,1936
556,complicated cockroach,year_birth,p0307,1996
557,complicated cockroach,year_birth,p0308,1998
558,complicated cockroach,year_birth,p0317,1960
559,complicated cockroach,year_birth,p0325,1989
560,complicated cockroach,year_birth,p0327,1958
561,complicated cockroach,year_birth,p0334,1956
562,complicated cockroach,year_birth,p0336,1987
563,complicated cockroach,year_birth,p0338,1977
564,complicated cockroach,year_birth,p0342,1981
565,complicated cockroach,year_birth,p0349,1975
566,complicated cockroach,year_birth,p0356,1991
567,complicated cockroach,year_birth,p0358,1956
568,complicated cockroach,year_birth,p0363,1956
569,complicated cockroach,year_birth,p0364,1981
570,complicated cockroach,year_birth,p0369,1989
571,complicated cockroach,year_birth,p0370,1983
572,complicated cockroach,year_birth,p0371,1959
573,complicated cockroach,year_birth,p0379,1962
574,complicated cockroach,year_birth,p0386,1986
575,complicated cockroach,year_birth,p0396,1987
576,complicated cockroach,year_birth,p0403,1988
577,complicated cockroach,year_birth,p0405,1990
578,complicated cockroach,year_birth,p0412,1963
579,complicated cockroach,year_birth,p0415,1992
580,complicated cockroach,year_birth,p0416,1982
581,complicated cockroach,year_birth,p0417,1983
582,complicated cockroach,year_birth,p0418,1952
583,complicated cockroach,year_birth,p0430,1944
584,complicated cockroach,year_birth,p0431,1998
585,complicated cockroach,year_birth,p0434,1964
586,complicated cockroach,year_birth,p0438,1977
587,complicated cockroach,year_birth,p0441,1988
588,complicated cockroach,year_birth,p0442,1994
589,complicated cockroach,year_birth,p0449,1957
590,complicated cockroach,year_birth,p0450,1951
591,complicated cockroach,year_birth,p0465,1965
592,complicated cockroach,year_birth,p0471,1987
593,complicated cockroach,year_birth,p0477,1970
594,complicated cockroach,year_birth,p0483,1993
595,complicated cockroach,year_birth,p0486,1990
596,complicated cockroach,year_birth,p0487,1983
597,complicated cockroach,year_birth,p0489,1959
598,complicated cockroach,year_birth,p0497,1946
599,complicated cockroach,year_birth,p0502,1953
600,complicated cockroach,year_birth,p0503,1991
601,complicated cockroach,year_birth,p0506,1987
602,complicated cockroach,year_birth,p0511,1989
603,complicated cockroach,year_birth,p0523,1993
604,complicated cockroach,year_birth,p0534,1954
605,complicated cockroach,year_birth,p0536,1982
606,complicated cockroach,year_birth,p0542,1948
607,complicated cockroach,year_birth,p0547,1954
608,complicated cockroach,year_birth,p0553,1966
609,complicated cockroach,year_birth,p0559,1991
610,complicated cockroach,year_birth,p0566,1984
611,complicated cockroach,year_birth,p0568,1972
612,complicated cockroach,year_birth,p0570,1977
613,complicated cockroach,year_birth,p0573,1987
614,complicated cockroach,year_birth,p0578,1967
615,complicated cockroach,year_birth,p0594,1984
616,complicated cockroach,year_birth,p0597,1958
617,complicated cockroach,year_birth,p0601,1996
618,complicated cockroach,year_birth,p0602,1952
619,complicated cockroach,year_birth,p0605,1987
620,complicated cockroach,year_birth,p0615,1966
621,complicated cockroach,year_birth,p0620,1994
622,complicated cockroach,year_birth,p0626,1980
623,complicated cockroach,year_birth,p0629,1995
624,complicated cockroach,year_birth,p0633,1996
625,complicated cockroach,year_birth,p0638,1989
626,complicated cockroach,year_birth,p0639,1976
627,complicated cockroach,year_birth,p0640,1951
628,complicated cockroach,year_birth,p0655,1998
629,complicated cockroach,year_birth,p0656,1991
630,complicated cockroach,year_birth,p0658,1968
631,complicated cockroach,year_birth,p0661,1988
632,complicated cockroach,year_birth,p0669,1960
633,complicated cockroach,year_birth,p0670,1980
634,complicated cockroach,year_birth,p0672,1973
635,complicated cockroach,year_birth,p0674,1985
636,complicated cockroach,year_birth,p0678,1978
637,complicated cockroach,year_birth,p0683,1949
638,complicated cockroach,year_birth,p0686,1977
639,complicated cockroach,year_birth,p0687,1953
640,complicated cockroach,year_birth,p0698,1963
641,complicated cockroach,year_birth,p0700,1981
642,complicated cockroach,year_birth,p0703,1970
643,complicated cockroach,year_birth,p0718,1984
644,complicated cockroach,year_birth,p0744,1987
645,complicated cockroach,year_birth,p0745,1987
646,complicated cockroach,year_birth,p0753,1992
647,complicated cockroach,year_birth,p0770,1985
648,complicated cockroach,year_birth,p0771,1964
649,complicated cockroach,year_birth,p0777,1982
650,complicated cockroach,year_birth,p0779,1964
651,complicated cockroach,year_birth,p0780,1970
652,complicated cockroach,year_birth,p0783,1947
653,complicated cockroach,year_birth,p0785,1994
654,complicated cockroach,year_birth,p0786,1970
655,complicated cockroach,year_birth,p0794,1952
656,complicated cockroach,year_birth,p0798,1947
657,complicated cockroach,year_birth,p0800,1967
658,complicated cockroach,year_birth,p0820,1982
659,complicated cockroach,year_birth,p0841,1985
660,complicated cockroach,year_birth,p0849,1970
661,complicated cockroach,year_birth,p0862,1989
662,complicated cockroach,year_birth,p0867,1969
663,complicated cockroach,year_birth,p0869,1955
664,complicated cockroach,year_birth,p0872,1972
665,complicated cockroach,year_birth,p0880,1993
666,complicated cockroach,year_birth,p0891,1984
667,complicated cockroach,year_birth,p0916,1989
668,complicated cockroach,year_birth,p0917,1987
669,complicated cockroach,year_birth,p0919,1991
670,complicated cockroach,year_birth,p0922,1957
671,complicated cockroach,year_birth,p0925,1966
672,complicated cockroach,year_birth,p0927,1990
673,complicated cockroach,year_birth,p0929,1991
674,complicated cockroach,year_birth,p0930,1984
675,complicated cockroach,year_birth,p0931,1958
676,complicated cockroach,year_birth,p0933,1986
677,complicated cockroach,year_birth,p0934,1978
678,complicated cockroach,year_birth,p0936,1976
679,complicated cockroach,year_birth,p0938,1982
680,complicated cockroach,year_birth,p0939,1984
681,complicated cockroach,year_birth,p0946,1980
682,complicated cockroach,year_birth,p0951,1963
683,complicated cockroach,year_birth,p0956,1988
684,complicated cockroach,year_birth,p0962,1942
685,complicated cockroach,year_birth,p0963,1990
686,complicated cockroach,year_birth,p0969,1960
687,complicated cockroach,year_birth,p0972,1956
688,complicated cockroach,year_birth,p0975,1952
689,complicated cockroach,year_birth,p0985,1994
690,complicated cockroach,year_birth,p0993,1983
691,complicated cockroach,year_birth,p0996,1956
692,complicated cockroach,year_birth,p1011,1961
693,complicated cockroach,year_birth,p1017,1992
694,complicated cockroach,year_birth,p1020,1953
695,complicated cockroach,year_birth,p1022,1995
696,complicated cockroach,year_birth,p1024,1972
697,complicated cockroach,year_birth,p1027,1996
698,complicated cockroach,year_birth,p1028,1985
699,complicated cockroach,year_birth,p1029,1986
700,complicated cockroach,year_birth,p1032,1972
701,complicated cockroach,year_birth,p1040,1990
702,complicated cockroach,year_birth,p1047,1997
703,complicated cockroach,year_birth,p1048,1985
704,complicated cockroach,year_birth,p1053,1987
705,complicated cockroach,year_birth,p1057,1986
706,complicated cockroach,year_birth,p1058,1988
707,complicated cockroach,year_birth,p1063,1960
708,complicated cockroach,year_birth,p1064,1955
709,complicated cockroach,year_birth,p1065,1955
710,complicated cockroach,year_birth,p1069,1981
711,complicated cockroach,year_birth,p1072,1986
712,complicated cockroach,year_birth,p1073,1980
713,complicated cockroach,year_birth,p1075,1965
714,complicated cockroach,year_birth,p1076,1997
715,complicated cockroach,year_birth,p1083,1950
716,complicated cockroach,year_birth,p1089,1992
717,complicated cockroach,year_birth,p1093,1995
718,complicated cockroach,year_birth,p1096,1988
719,complicated cockroach,year_birth,p1100,1972
720,complicated cockroach,year_birth,p1106,1988
721,complicated cockroach,year_birth,p1107,1955
722,complicated cockroach,year_birth,p1113,1984
723,complicated cockroach,year_birth,p1117,1940
724,complicated cockroach,year_birth,p1120,1956
725,complicated cockroach,year_birth,p1134,1951
726,complicated cockroach,year_birth,p1136,1967
727,complicated cockroach,year_birth,p1138,1969
728,complicated cockroach,year_birth,p1144,1962
729,complicated cockroach,year_birth,p1145,1952
730,complicated cockroach,year_birth,p1147,1989
731,complicated cockroach,year_birth,p1148,1982
732,complicated cockroach,year_birth,p1154,1985
733,complicated cockroach,year_birth,p1159,1957
734,complicated cockroach,year_birth,p1167,1965
735,complicated cockroach,year_birth,p1175,1989
736,complicated cockroach,year_birth,p1178,1989
737,complicated cockroach,year_birth,p1184,1979
738,complicated cockroach,year_birth,p1186,1970
739,complicated cockroach,year_birth,p1196,1996
740,complicated cockroach,year_birth,p1197,1974
741,complicated cockroach,year_birth,p1203,1954
742,complicated cockroach,year_birth,p1219,1994
743,complicated cockroach,year_birth,p1225,1952
744,complicated cockroach,year_birth,p1234,1996
745,complicated cockroach,year_birth,p1242,1954
746,complicated cockroach,year_birth,p1244,1976
747,complicated cockroach,year_birth,p1249,1972
748,complicated cockroach,year_birth,p1250,1960
749,complicated cockroach,year_birth,p1256,1979
750,complicated cockroach,year_birth,p1258,1986
751,complicated cockroach,year_birth,p1260,1982
752,complicated cockroach,year_birth,p1262,1972
753,complicated cockroach,year_birth,p1264,1997
754,complicated cockroach,year_birth,p1265,1987
755,complicated cockroach,year_birth,p1269,1983
756,complicated cockroach,year_birth,p1272,1998
757,complicated cockroach,year_birth,p1278,1988
758,complicated cockroach,year_birth,p1281,1989
759,complicated cockroach,year_birth,p1292,1990
760,complicated cockroach,year_birth,p1299,1964
761,complicated cockroach,year_birth,p1312,1984
762,complicated cockroach,year_birth,p1322,1986
763,complicated cockroach,year_birth,p1326,1985
764,complicated cockroach,year_birth,p1330,1962
765,complicated cockroach,year_birth,p1335,1991
766,complicated cockroach,year_birth,p1337,1965
767,complicated cockroach,year_birth,p1340,1983
768,complicated cockroach,year_birth,p1345,1960
769,complicated cockroach,year_birth,p1351,1932
770,complicated cockroach,year_birth,p1355,1991
771,complicated cockroach,year_birth,p1362,1941
772,complicated cockroach,year_birth,p1365,1961
773,complicated cockroach,year_birth,p1366,1958
774,complicated cockroach,year_birth,p1367,1984
775,complicated cockroach,year_birth,p1370,1936
776,complicated cockroach,year_birth,p1371,1969
777,complicated cockroach,year_birth,p1373,1991
778,complicated cockroach,year_birth,p1375,1980
779,complicated cockroach,year_birth,p1376,1986
780,complicated cockroach,year_birth,p1379,1977
781,complicated cockroach,year_birth,p1381,1952
782,complicated cockroach,year_birth,p1393,1974
783,complicated cockroach,year_birth,p1396,1970
784,complicated cockroach,year_birth,p1398,1978
785,complicated cockroach,year_birth,p1404,1960
786,complicated cockroach,year_birth,p1406,1961
787,complicated cockroach,year_birth,p1407,1987
788,complicated cockroach,year_birth,p1409,1954
789,complicated cockroach,year_birth,p1412,1966
790,complicated cockroach,year_birth,p1414,1981
791,complicated cockroach,year_birth,p1424,1968
792,complicated cockroach,year_birth,p1425,1968
793,complicated cockroach,year_birth,p1429,1971
794,complicated cockroach,year_birth,p1434,1976
795,complicated cockroach,year_birth,p1441,1975
796,complicated cockroach,year_birth,p1445,1956
797,complicated cockroach,year_birth,p1450,1993
798,complicated cockroach,year_birth,p1454,1967
799,complicated cockroach,year_birth,p1456,1978
800,complicated cockroach,year_birth,p1457,1987
801,complicated cockroach,year_birth,p1458,1966
802,complicated cockroach,year_birth,p1469,1979
803,complicated cockroach,year_birth,p1470,1961
804,complicated cockroach,year_birth,p1481,1958
805,complicated cockroach,year_birth,p1488,1973
806,complicated cockroach,year_birth,p1492,1976
807,complicated cockroach,year_birth,p1495,1943
808,complicated cockroach,year_birth,p1497,1965
809,complicated cockroach,year_birth,p1499,1993
810,complicated cockroach,year_birth,p1503,1963
811,complicated cockroach,year_birth,p1511,1960
812,complicated cockroach,year_birth,p1512,1989
813,complicated cockroach,year_birth,p1518,1992
814,complicated cockroach,year_birth,p1519,1995
815,complicated cockroach,year_birth,p1520,1988
816,complicated cockroach,year_birth,p1524,1968
817,complicated cockroach,year_birth,p1526,1982
818,complicated cockroach,year_birth,p1537,1937
819,complicated cockroach,year_birth,p1545,1975
820,complicated cockroach,year_birth,p1547,1968
821,complicated cockroach,year_birth,p1552,1989
822,complicated cockroach,year_birth,p1567,1949
823,complicated cockroach,year_birth,p1568,1950
824,complicated cockroach,year_birth,p1579,1951
825,complicated cockroach,year_birth,p1587,1965
826,complicated cockroach,year_birth,p1596,1953
827,complicated cockroach,year_birth,p1600,1974
828,complicated cockroach,year_birth,p1603,1990
829,complicated cockroach,year_birth,p1604,1955
830,complicated cockroach,year_birth,p1610,1978
831,complicated cockroach,year_birth,p1618,1971
832,complicated cockroach,year_birth,p1619,1948
833,complicated cockroach,year_birth,p1622,1956
834,complicated cockroach,year_birth,p1623,1971
835,complicated cockroach,year_birth,p1630,1999
836,complicated cockroach,year_birth,p1641,1944
837,complicated cockroach,year_birth,p1649,1943
838,complicated cockroach,year_birth,p1652,1971
839,complicated cockroach,year_birth,p1665,1980
840,complicated cockroach,year_birth,p1669,1968
841,complicated cockroach,year_birth,p1685,1956
842,complicated cockroach,year_birth,p1693,1986
843,complicated cockroach,year_birth,p1698,1973
844,complicated cockroach,year_birth,p1704,1976
845,complicated cockroach,year_birth,p1711,1969
846,complicated cockroach,year_birth,p1718,1975
847,complicated cockroach,year_birth,p1732,1971
848,complicated cockroach,year_birth,p1739,1943
849,complicated cockroach,year_birth,p1741,1942
850,complicated cockroach,year_birth,p1746,1975
851,complicated cockroach,year_birth,p1751,1987
852,complicated cockroach,year_birth,p1754,1959
853,complicated cockroach,year_birth,p1769,1971
854,complicated cockroach,year_birth,p1771,1968
855,complicated cockroach,year_birth,p1776,1953
856,complicated cockroach,year_birth,p1780,1969
857,complicated cockroach,year_birth,p1785,1979
858,complicated cockroach,year_birth,p1791,1986
859,complicated cockroach,year_birth,p1793,1957
860,complicated cockroach,year_birth,p1796,1952
861,complicated cockroach,year_birth,p1805,1981
862,complicated cockroach,year_birth,p1812,1979
863,complicated cockroach,year_birth,p1816,1972
864,complicated cockroach,year_birth,p1819,1972
865,complicated cockroach,year_birth,p1825,1951
866,complicated cockroach,year_birth,p1836,1995
867,complicated cockroach,year_birth,p1839,1940
868,complicated cockroach,year_birth,p1861,1961
869,complicated cockroach,year_birth,p1863,1930
870,complicated cockroach,year_birth,p1873,1979
871,complicated cockroach,year_birth,p1875,1955
872,complicated cockroach,year_birth,p1876,1971
873,complicated cockroach,year_birth,p1877,1996
874,complicated cockroach,year_birth,p1880,1977
875,complicated cockroach,year_birth,p1883,1970
876,complicated cockroach,year_birth,p1889,1978
877,complicated cockroach,year_birth,p1893,1982
878,complicated cockroach,year_birth,p1896,1991
879,complicated cockroach,year_birth,p1913,1969
880,complicated cockroach,year_birth,p1922,1942
881,complicated cockroach,year_birth,p1930,1970
882,complicated cockroach,year_birth,p1935,1946
883,complicated cockroach,year_birth,p1940,1977
884,complicated cockroach,year_birth,p1948,1994
885,complicated cockroach,year_birth,p1950,1963
886,complicated cockroach,year_birth,p1954,1972
887,complicated cockroach,year_birth,p1956,1959
888,complicated cockroach,year_birth,p1958,1978
889,complicated cockroach,year_birth,p1967,1979
890,complicated cockroach,year_birth,p1973,1995
891,complicated cockroach,year_birth,p1978,1953
892,complicated cockroach,year_birth,p1983,1976
893,complicated cockroach,year_birth,p1984,1956
894,complicated cockroach,year_birth,p1995,1942
895,complicated cockroach,year_birth,p1996,1977
896,complicated cockroach,year_birth,p1997,1972
897,complicated cockroach,year_birth,p2001,1977
898,complicated cockroach,year_birth,p2002,1968
899,complicated cockroach,year_birth,p2013,1980
900,complicated cockroach,year_birth,p2014,1968
901,complicated cockroach,year_birth,p2016,1962
902,complicated cockroach,year_birth,p2018,1980
903,complicated cockroach,year_birth,p2023,1969
904,complicated cockroach,year_birth,p2025,1937
905,complicated cockroach,year_birth,p2028,1953
906,complicated cockroach,year_birth,p2030,1973
907,complicated cockroach,year_birth,p2033,1978
908,complicated cockroach,year_birth,p2040,1947
909,complicated cockroach,year_birth,p2051,1991
910,complicated cockroach,year_birth,p2052,1971
911,complicated cockroach,year_birth,p2066,1942
912,complicated cockroach,year_birth,p2067,1953
913,complicated cockroach,year_birth,p2073,1994
914,complicated cockroach,year_birth,p2077,1994
915,complicated cockroach,year_birth,p2078,1988
916,complicated cockroach,year_birth,p2086,1964
917,complicated cockroach,year_birth,p2089,1981
918,complicated cockroach,year_birth,p2093,1956
919,complicated cockroach,year_birth,p2094,1945
920,complicated cockroach,year_birth,p2111,1997
921,complicated cockroach,year_birth,p2117,1979
922,complicated cockroach,year_birth,p2121,1958
923,complicated cockroach,year_birth,p2127,1969
924,complicated cockroach,year_birth,p2141,1996
925,complicated cockroach,year_birth,p2142,1999
926,complicated cockroach,year_birth,p2143,1971
927,complicated cockroach,year_birth,p2153,1984
928,complicated cockroach,year_birth,p2155,1973
929,complicated cockroach,year_birth,p2169,1961
930,complicated cockroach,year_birth,p2187,1991
931,complicated cockroach,year_birth,p2188,1974
932,complicated cockroach,year_birth,p2197,1986
933,complicated cockroach,year_birth,p2213,1997
934,complicated cockroach,year_birth,p2214,1989
935,complicated cockroach,year_birth,p2215,1992
936,complicated cockroach,year_birth,p2220,1971
937,complicated cockroach,year_birth,p2223,1990
938,complicated cockroach,year_birth,p2229,1985
939,complicated cockroach,year_birth,p2234,1991
940,complicated cockroach,year_birth,p2237,1960
941,complicated cockroach,year_birth,p2238,1957
942,complicated cockroach,year_birth,p2244,1987
943,complicated cockroach,year_birth,p2248,1966
944,complicated cockroach,year_birth,p2252,1999
945,complicated cockroach,year_birth,p2255,1950
946,complicated cockroach,year_birth,p2261,1960
947,complicated cockroach,year_birth,p2263,1974
948,complicated cockroach,year_birth,p2273,1993
949,complicated cockroach,year_birth,p2275,1984
950,complicated cockroach,year_birth,p2276,1985
951,complicated cockroach,year_birth,p2283,1964
952,complicated cockroach,year_birth,p2287,1957
953,complicated cockroach,year_birth,p2296,1992
954,complicated cockroach,year_birth,p2298,1994
955,complicated cockroach,year_birth,p2304,1995
956,complicated cockroach,year_birth,p2310,1986
957,complicated cockroach,year_birth,p2322,1988
958,complicated cockroach,year_birth,p2326,1990
959,complicated cockroach,year_birth,p2330,1996
960,complicated cockroach,year_birth,p2331,1997
961,complicated cockroach,year_birth,p2333,1967
962,complicated cockroach,year_birth,p2347,1972
963,complicated cockroach,year_birth,p2350,1989
964,complicated cockroach,year_birth,p2351,1986
965,complicated cockroach,year_birth,p2353,1998
966,complicated cockroach,year_birth,p2355,1988
967,complicated cockroach,year_birth,p2363,1982
968,complicated cockroach,year_birth,p2378,1994
969,complicated cockroach,year_birth,p2380,1994
970,complicated cockroach,year_birth,p2387,1986
971,complicated cockroach,year_birth,p2398,1990
972,complicated cockroach,year_birth,p2400,1961
973,complicated cockroach,year_birth,p2403,1971
974,complicated cockroach,year_birth,p2408,1980
975,complicated cockroach,year_birth,p2418,1987
976,complicated cockroach,year_birth,p2426,1951
977,complicated cockroach,year_birth,p2428,1989
978,complicated cockroach,year_birth,p2434,1968
979,complicated cockroach,year_birth,p2446,1983
980,complicated cockroach,year_birth,p2452,1975
981,complicated cockroach,year_birth,p2454,1978
982,complicated cockroach,year_birth,p2462,1993
983,complicated cockroach,year_birth,p2467,1972
984,complicated cockroach,year_birth,p2482,1967
985,complicated cockroach,year_birth,p2489,1952
986,complicated cockroach,year_birth,p2490,1998
987,complicated cockroach,year_birth,p2494,1947
988,complicated cockroach,year_birth,p2502,1955
989,complicated cockroach,year_birth,p2503,1987
990,complicated cockroach,year_birth,p2522,1945
991,complicated cockroach,year_birth,p2524,1946
992,complicated cockroach,year_birth,p2533,1951
993,complicated cockroach,year_birth,p2566,1968
994,complicated cockroach,year_birth,p2571,1952
995,complicated cockroach,year_birth,p2573,1969
996,complicated cockroach,year_birth,p2582,1985
997,complicated cockroach,year_birth,p2591,1986
998,complicated cockroach,year_birth,p2592,1981
999,complicated cockroach,year_birth,p2595,1973
1000,complicated cockroach,race,p0016,1
1001,complicated cockroach,race,p0022,1
1002,complicated cockroach,race,p0023,1
1003,complicated cockroach,race,p0026,1
1004,complicated cockroach,race,p0034,1
1005,complicated cockroach,race,p0036,1
1006,complicated cockroach,race,p0037,1
1007,complicated cockroach,race,p0042,1
1008,complicated cockroach,race,p0057,1
1009,complicated cockroach,race,p0066,1
1010,complicated cockroach,race,p0069,1
1011,complicated cockroach,race,p0072,1
1012,complicated cockroach,race,p0073,1
1013,complicated cockroach,race,p0082,1
1014,complicated cockroach,race,p0091,1
1015,complicated cockroach,race,p0092,2
1016,complicated cockroach,race,p0093,1
1017,complicated cockroach,race,p0095,1
1018,complicated cockroach,race,p0107,1
1019,complicated cockroach,race,p0114,1
1020,complicated cockroach,race,p0116,1
1021,complicated cockroach,race,p0118,1
1022,complicated cockroach,race,p0119,1
1023,complicated cockroach,race,p0126,1
1024,complicated cockroach,race,p0129,1
1025,complicated cockroach,race,p0136,1
1026,complicated cockroach,race,p0138,1
1027,complicated cockroach,race,p0144,5
1028,complicated cockroach,race,p0150,2
1029,complicated cockroach,race,p0152,1
1030,complicated cockroach,race,p0158,1
1031,complicated cockroach,race,p0161,1
1032,complicated cockroach,race,p0164,1
1033,complicated cockroach,race,p0175,1
1034,complicated cockroach,race,p0177,5
1035,complicated cockroach,race,p0178,1
1036,complicated cockroach,race,p0181,1
1037,complicated cockroach,race,p0186,1
1038,complicated cockroach,race,p0196,1
1039,complicated cockroach,race,p0198,1
1040,complicated cockroach,race,p0202,1
1041,complicated cockroach,race,p0205,1
1042,complicated cockroach,race,p0207,1
1043,complicated cockroach,race,p0211,1
1044,complicated cockroach,race,p0227,5
1045,complicated cockroach,race,p0229,2
1046,complicated cockroach,race,p0232,1
1047,complicated cockroach,race,p0233,1
1048,complicated cockroach,race,p0237,1
1049,complicated cockroach,race,p0258,1
1050,complicated cockroach,race,p0268,1
1051,complicated cockroach,race,p0274,2
1052,complicated cockroach,race,p0275,2
1053,complicated cockroach,race,p0277,2
1054,complicated cockroach,race,p0288,2
1055,complicated cockroach,race,p0291,1
1056,complicated cockroach,race,p0307,1
1057,complicated cockroach,race,p0308,1
1058,complicated cockroach,race,p0317,1
1059,complicated cockroach,race,p0325,1
1060,complicated cockroach,race,p0327,1
1061,complicated cockroach,race,p0334,1
1062,complicated cockroach,race,p0336,1
1063,complicated cockroach,race,p0338,1
1064,complicated cockroach,race,p0342,2
1065,complicated cockroach,race,p0349,1
1066,complicated cockroach,race,p0356,1
1067,complicated cockroach,race,p0358,1
1068,complicated cockroach,race,p0363,1
1069,complicated cockroach,race,p0364,1
1070,complicated cockroach,race,p0369,1
1071,complicated cockroach,race,p0370,1
1072,complicated cockroach,race,p0371,1
1073,complicated cockroach,race,p0379,1
1074,complicated cockroach,race,p0386,1
1075,complicated cockroach,race,p0396,1
1076,complicated cockroach,race,p0403,2
1077,complicated cockroach,race,p0405,1
1078,complicated cockroach,race,p0412,1
1079,complicated cockroach,race,p0415,1
1080,complicated cockroach,race,p0416,1
1081,complicated cockroach,race,p0417,1
1082,complicated cockroach,race,p0418,1
1083,complicated cockroach,race,p0430,1
1084,complicated cockroach,race,p0431,1
1085,complicated cockroach,race,p0434,1
1086,complicated cockroach,race,p0438,1
1087,complicated cockroach,race,p0441,5
1088,complicated cockroach,race,p0442,2
1089,complicated cockroach,race,p0449,1
1090,complicated cockroach,race,p0450,1
1091,complicated cockroach,race,p0465,1
1092,complicated cockroach,race,p0471,1
1093,complicated cockroach,race,p0477,1
1094,complicated cockroach,race,p0483,2
1095,complicated cockroach,race,p0486,1
1096,complicated cockroach,race,p0487,1
1097,complicated cockroach,race,p0489,1
1098,complicated cockroach,race,p0497,1
1099,complicated cockroach,race,p0502,1
1100,complicated cockroach,race,p0503,1
1101,complicated cockroach,race,p0506,1
1102,complicated cockroach,race,p0511,1
1103,complicated cockroach,race,p0523,1
1104,complicated cockroach,race,p0534,1
1105,complicated cockroach,race,p0536,1
1106,complicated cockroach,race,p0542,1
1107,complicated cockroach,race,p0547,1
1108,complicated cockroach,race,p0553,1
1109,complicated cockroach,race,p0559,1
1110,complicated cockroach,race,p0566,1
1111,complicated cockroach,race,p0568,5
1112,complicated cockroach,race,p0570,2
1113,complicated cockroach,race,p0573,1
1114,complicated cockroach,race,p0578,1
1115,complicated cockroach,race,p0594,1
1116,complicated cockroach,race,p0597,1
1117,complicated cockroach,race,p0601,1
1118,complicated cockroach,race,p0602,1
1119,complicated cockroach,race,p0605,1
1120,complicated cockroach,race,p0615,1
1121,complicated cockroach,race,p0620,1
1122,complicated cockroach,race,p0626,1
1123,complicated cockroach,race,p0629,1
1124,complicated cockroach,race,p0633,1
1125,complicated cockroach,race,p0638,1
1126,complicated cockroach,race,p0639,1
1127,complicated cockroach,race,p0640,1
1128,complicated cockroach,race,p0655,1
1129,complicated cockroach,race,p0656,2
1130,complicated cockroach,race,p0658,1
1131,complicated cockroach,race,p0661,1
1132,complicated cockroach,race,p0669,1
1133,complicated cockroach,race,p0670,2
1134,complicated cockroach,race,p0672,5
1135,complicated cockroach,race,p0674,1
1136,complicated cockroach,race,p0678,1
1137,complicated cockroach,race,p0683,1
1138,complicated cockroach,race,p0686,1
1139,complicated cockroach,race,p0687,5
1140,complicated cockroach,race,p0698,1
1141,complicated cockroach,race,p0700,1
1142,complicated cockroach,race,p0703,1
1143,complicated cockroach,race,p0718,2
1144,complicated cockroach,race,p0744,1
1145,complicated cockroach,race,p0745,1
1146,complicated cockroach,race,p0753,1
1147,complicated cockroach,race,p0770,1
1148,complicated cockroach,race,p0771,5
1149,complicated cockroach,race,p0777,1
1150,complicated cockroach,race,p0779,1
1151,complicated cockroach,race,p0780,1
1152,complicated cockroach,race,p0783,1
1153,complicated cockroach,race,p0785,1
1154,complicated cockroach,race,p0786,2
1155,complicated cockroach,race,p0794,1
1156,complicated cockroach,race,p0798,1
1157,complicated cockroach,race,p0800,1
1158,complicated cockroach,race,p0820,1
1159,complicated cockroach,race,p0841,1
1160,complicated cockroach,race,p0849,1
1161,complicated cockroach,race,p0862,5
1162,complicated cockroach,race,p0867,2
1163,complicated cockroach,race,p0869,1
1164,complicated cockroach,race,p0872,1
1165,complicated cockroach,race,p0880,5
1166,complicated cockroach,race,p0891,1
1167,complicated cockroach,race,p0916,1
1168,complicated cockroach,race,p0917,1
1169,complicated cockroach,race,p0919,1
1170,complicated cockroach,race,p0922,1
1171,complicated cockroach,race,p0925,1
1172,complicated cockroach,race,p0927,1
1173,complicated cockroach,race,p0929,1
1174,complicated cockroach,race,p0930,1
1175,complicated cockroach,race,p0931,1
1176,complicated cockroach,race,p0933,5
1177,complicated cockroach,race,p0934,1
1178,complicated cockroach,race,p0936,1
1179,complicated cockroach,race,p0938,1
1180,complicated cockroach,race,p0939,1
1181,complicated cockroach,race,p0946,1
1182,complicated cockroach,race,p0951,2
1183,complicated cockroach,race,p0956,1
1184,complicated cockroach,race,p0962,1
1185,complicated cockroach,race,p0963,1
1186,complicated cockroach,race,p0969,1
1187,complicated cockroach,race,p0972,1
1188,complicated cockroach,race,p0975,1
1189,complicated cockroach,race,p0985,2
1190,complicated cockroach,race,p0993,2
1191,complicated cockroach,race,p0996,1
1192,complicated cockroach,race,p1011,1
1193,complicated cockroach,race,p1017,1
1194,complicated cockroach,race,p1020,1
1195,complicated cockroach,race,p1022,1
1196,complicated cockroach,race,p1024,1
1197,complicated cockroach,race,p1027,5
1198,complicated cockroach,race,p1028,1
1199,complicated cockroach,race,p1029,2
1200,complicated cockroach,race,p1032,1
1201,complicated cockroach,race,p1040,5
1202,complicated cockroach,race,p1047,2
1203,complicated cockroach,race,p1048,1
1204,complicated cockroach,race,p1053,5
1205,complicated cockroach,race,p1057,1
1206,complicated cockroach,race,p1058,1
1207,complicated cockroach,race,p1063,1
1208,complicated cockroach,race,p1064,1
1209,complicated cockroach,race,p1065,1
1210,complicated cockroach,race,p1069,1
1211,complicated cockroach,race,p1072,1
1212,complicated cockroach,race,p1073,2
1213,complicated cockroach,race,p1075,1
1214,complicated cockroach,race,p1076,2
1215,complicated cockroach,race,p1083,1
1216,complicated cockroach,race,p1089,1
1217,complicated cockroach,race,p1093,1
1218,complicated cockroach,race,p1096,1
1219,complicated cockroach,race,p1100,1
1220,complicated cockroach,race,p1106,2
1221,complicated cockroach,race,p1107,1
1222,complicated cockroach,race,p1113,1
1223,complicated cockroach,race,p1117,1
1224,complicated cockroach,race,p1120,1
1225,complicated cockroach,race,p1134,1
1226,complicated cockroach,race,p1136,1
1227,complicated cockroach,race,p1138,1
1228,complicated cockroach,race,p1144,1
1229,complicated cockroach,race,p1145,1
1230,complicated cockroach,race,p1147,1
1231,complicated cockroach,race,p1148,1
1232,complicated cockroach,race,p1154,1
1233,complicated cockroach,race,p1159,2
1234,complicated cockroach,race,p1167,5
1235,complicated cockroach,race,p1175,1
1236,complicated cockroach,race,p1178,1
1237,complicated cockroach,race,p1184,1
1238,complicated cockroach,race,p1186,1
1239,complicated cockroach,race,p1196,1
1240,complicated cockroach,race,p1197,5
1241,complicated cockroach,race,p1203,1
1242,complicated cockroach,race,p1219,2
1243,complicated cockroach,race,p1225,1
1244,complicated cockroach,race,p1234,1
1245,complicated cockroach,race,p1242,1
1246,complicated cockroach,race,p1244,1
1247,complicated cockroach,race,p1249,1
1248,complicated cockroach,race,p1250,1
1249,complicated cockroach,race,p1256,5
1250,complicated cockroach,race,p1258,1
1251,complicated cockroach,race,p1260,2
1252,complicated cockroach,race,p1262,1
1253,complicated cockroach,race,p1264,1
1254,complicated cockroach,race,p1265,1
1255,complicated cockroach,race,p1269,1
1256,complicated cockroach,race,p1272,1
1257,complicated cockroach,race,p1278,1
1258,complicated cockroach,race,p1281,5
1259,complicated cockroach,race,p1292,1
1260,complicated cockroach,race,p1299,1
1261,complicated cockroach,race,p1312,1
1262,complicated cockroach,race,p1322,1
1263,complicated cockroach,race,p1326,1
1264,complicated cockroach,race,p1330,1
1265,complicated cockroach,race,p1335,1
1266,complicated cockroach,race,p1337,1
1267,complicated cockroach,race,p1340,1
1268,complicated cockroach,race,p1345,1
1269,complicated cockroach,race,p1351,1
1270,complicated cockroach,race,p1355,1
1271,complicated cockroach,race,p1362,1
1272,complicated cockroach,race,p1365,1
1273,complicated cockroach,race,p1366,1
1274,complicated cockroach,race,p1367,1
1275,complicated cockroach,race,p1370,1
1276,complicated cockroach,race,p1371,1
1277,complicated cockroach,race,p1373,1
1278,complicated cockroach,race,p1375,1
1279,complicated cockroach,race,p1376,1
1280,complicated cockroach,race,p1379,2
1281,complicated cockroach,race,p1381,1
1282,complicated cockroach,race,p1393,1
1283,complicated cockroach,race,p1396,5
1284,complicated cockroach,race,p1398,5
1285,complicated cockroach,race,p1404,1
1286,complicated cockroach,race,p1406,1
1287,complicated cockroach,race,p1407,1
1288,complicated cockroach,race,p1409,1
1289,complicated cockroach,race,p1412,2
1290,complicated cockroach,race,p1414,1
1291,complicated cockroach,race,p1424,1
1292,complicated cockroach,race,p1425,1
1293,complicated cockroach,race,p1429,2
1294,complicated cockroach,race,p1434,1
1295,complicated cockroach,race,p1441,2
1296,complicated cockroach,race,p1445,2
1297,complicated cockroach,race,p1450,1
1298,complicated cockroach,race,p1454,1
1299,complicated cockroach,race,p1456,1
1300,complicated cockroach,race,p1457,2
1301,complicated cockroach,race,p1458,1
1302,complicated cockroach,race,p1469,1
1303,complicated cockroach,race,p1470,1
1304,complicated cockroach,race,p1481,5
1305,complicated cockroach,race,p1488,5
1306,complicated cockroach,race,p1492,1
1307,complicated cockroach,race,p1495,1
1308,complicated cockroach,race,p1497,1
1309,complicated cockroach,race,p1499,1
1310,complicated cockroach,race,p1503,1
1311,complicated cockroach,race,p1511,1
1312,complicated cockroach,race,p1512,1
1313,complicated cockroach,race,p1518,1
1314,complicated cockroach,race,p1519,1
1315,complicated cockroach,race,p1520,1
1316,complicated cockroach,race,p1524,1
1317,complicated cockroach,race,p1526,1
1318,complicated cockroach,race,p1537,1
1319,complicated cockroach,race,p1545,1
1320,complicated cockroach,race,p1547,2
1321,complicated cockroach,race,p1552,5
1322,complicated cockroach,race,p1567,1
1323,complicated cockroach,race,p1568,1
1324,complicated cockroach,race,p1579,1
1325,complicated cockroach,race,p1587,2
1326,complicated cockroach,race,p1596,1
1327,complicated cockroach,race,p1600,1
1328,complicated cockroach,race,p1603,2
1329,complicated cockroach,race,p1604,1
1330,complicated cockroach,race,p1610,1
1331,complicated cockroach,race,p1618,1
1332,complicated cockroach,race,p1619,1
1333,complicated cockroach,race,p1622,5
1334,complicated cockroach,race,p1623,5
1335,complicated cockroach,race,p1630,1
1336,complicated cockroach,race,p1641,1
1337,complicated cockroach,race,p1649,5
1338,complicated cockroach,race,p1652,5
1339,complicated cockroach,race,p1665,1
1340,complicated cockroach,race,p1669,1
1341,complicated cockroach,race,p1685,1
1342,complicated cockroach,race,p1693,1
1343,complicated cockroach,race,p1698,2
1344,complicated cockroach,race,p1704,1
1345,complicated cockroach,race,p1711,1
1346,complicated cockroach,race,p1718,1
1347,complicated cockroach,race,p1732,1
1348,complicated cockroach,race,p1739,1
1349,complicated cockroach,race,p1741,1
1350,complicated cockroach,race,p1746,1
1351,complicated cockroach,race,p1751,1
1352,complicated cockroach,race,p1754,1
1353,complicated cockroach,race,p1769,1
1354,complicated cockroach,race,p1771,1
1355,complicated cockroach,race,p1776,2
1356,complicated cockroach,race,p1780,1
1357,complicated cockroach,race,p1785,1
1358,complicated cockroach,race,p1791,2
1359,complicated cockroach,race,p1793,1
1360,complicated cockroach,race,p1796,1
1361,complicated cockroach,race,p1805,1
1362,complicated cockroach,race,p1812,1
1363,complicated cockroach,race,p1816,1
1364,complicated cockroach,race,p1819,1
1365,complicated cockroach,race,p1825,1
1366,complicated cockroach,race,p1836,1
1367,complicated cockroach,race,p1839,1
1368,complicated cockroach,race,p1861,5
1369,complicated cockroach,race,p1863,1
1370,complicated cockroach,race,p1873,1
1371,complicated cockroach,race,p1875,1
1372,complicated cockroach,race,p1876,1
1373,complicated cockroach,race,p1877,1
1374,complicated cockroach,race,p1880,1
1375,complicated cockroach,race,p1883,5
1376,complicated cockroach,race,p1889,1
1377,complicated cockroach,race,p1893,5
1378,complicated cockroach,race,p1896,1
1379,complicated cockroach,race,p1913,1
1380,complicated cockroach,race,p1922,1
1381,complicated cockroach,race,p1930,1
1382,complicated cockroach,race,p1935,1
1383,complicated cockroach,race,p1940,5
1384,complicated cockroach,race,p1948,1
1385,complicated cockroach,race,p1950,1
1386,complicated cockroach,race,p1954,1
1387,complicated cockroach,race,p1956,1
1388,complicated cockroach,race,p1958,1
1389,complicated cockroach,race,p1967,1
1390,complicated cockroach,race,p1973,1
1391,complicated cockroach,race,p1978,1
1392,complicated cockroach,race,p1983,1
1393,complicated cockroach,race,p1984,2
1394,complicated cockroach,race,p1995,1
1395,complicated cockroach,race,p1996,1
1396,complicated cockroach,race,p1997,1
1397,complicated cockroach,race,p2001,1
1398,complicated cockroach,race,p2002,2
1399,complicated cockroach,race,p2013,1
1400,complicated cockroach,race,p2014,1
1401,complicated cockroach,race,p2016,5
1402,complicated cockroach,race,p2018,2
1403,complicated cockroach,race,p2023,1
1404,complicated cockroach,race,p2025,1
1405,complicated cockroach,race,p2028,1
1406,complicated cockroach,race,p2030,1
1407,complicated cockroach,race,p2033,1
1408,complicated cockroach,race,p2040,2
1409,complicated cockroach,race,p2051,1
1410,complicated cockroach,race,p2052,1
1411,complicated cockroach,race,p2066,1
1412,complicated cockroach,race,p2067,1
1413,complicated cockroach,race,p2073,1
1414,complicated cockroach,race,p2077,2
1415,complicated cockroach,race,p2078,5
1416,complicated cockroach,race,p2086,1
1417,complicated cockroach,race,p2089,1
1418,complicated cockroach,race,p2093,1
1419,complicated cockroach,race,p2094,1
1420,complicated cockroach,race,p2111,2
1421,complicated cockroach,race,p2117,1
1422,complicated cockroach,race,p2121,1
1423,complicated cockroach,race,p2127,1
1424,complicated cockroach,race,p2141,1
1425,complicated cockroach,race,p2142,2
1426,complicated cockroach,race,p2143,1
1427,complicated cockroach,race,p2153,3
1428,complicated cockroach,race,p2155,3
1429,complicated cockroach,race,p2169,3
1430,complicated cockroach,race,p2187,3
1431,complicated cockroach,race,p2188,3
1432,complicated cockroach,race,p2197,3
1433,complicated cockroach,race,p2213,3
1434,complicated cockroach,race,p2214,3
1435,complicated cockroach,race,p2215,3
1436,complicated cockroach,race,p2220,3
1437,complicated cockroach,race,p2223,3
1438,complicated cockroach,race,p2229,3
1439,complicated cockroach,race,p2234,3
1440,complicated cockroach,race,p2237,3
1441,complicated cockroach,race,p2238,3
1442,complicated cockroach,race,p2244,3
1443,complicated cockroach,race,p2248,3
1444,complicated cockroach,race,p2252,3
1445,complicated cockroach,race,p2255,3
1446,complicated cockroach,race,p2261,3
1447,complicated cockroach,race,p2263,3
1448,complicated cockroach,race,p2273,3
1449,complicated cockroach,race,p2275,3
1450,complicated cockroach,race,p2276,3
1451,complicated cockroach,race,p2283,3
1452,complicated cockroach,race,p2287,3
1453,complicated cockroach,race,p2296,3
1454,complicated cockroach,race,p2298,3
1455,complicated cockroach,race,p2304,3
1456,complicated cockroach,race,p2310,3
1457,complicated cockroach,race,p2322,3
1458,complicated cockroach,race,p2326,3
1459,complicated cockroach,race,p2330,3
1460,complicated cockroach,race,p2331,3
1461,complicated cockroach,race,p2333,3
1462,complicated cockroach,race,p2347,3
1463,complicated cockroach,race,p2350,3
1464,complicated cockroach,race,p2351,3
1465,complicated cockroach,race,p2353,3
1466,complicated cockroach,race,p2355,3
1467,complicated cockroach,race,p2363,3
1468,complicated cockroach,race,p2378,3
1469,complicated cockroach,race,p2380,3
1470,complicated cockroach,race,p2387,3
1471,complicated cockroach,race,p2398,3
1472,complicated cockroach,race,p2400,3
1473,complicated cockroach,race,p2403,3
1474,complicated cockroach,race,p2408,3
1475,complicated cockroach,race,p2418,3
1476,complicated cockroach,race,p2426,3
1477,complicated cockroach,race,p2428,3
1478,complicated cockroach,race,p2434,3
1479,complicated cockroach,race,p2446,3
1480,complicated cockroach,race,p2452,3
1481,complicated cockroach,race,p2454,3
1482,complicated cockroach,race,p2462,3
1483,complicated cockroach,race,p2467,3
1484,complicated cockroach,race,p2482,3
1485,complicated cockroach,race,p2489,3
1486,complicated cockroach,race,p2490,3
1487,complicated cockroach,race,p2494,3
1488,complicated cockroach,race,p2502,3
1489,complicated cockroach,race,p2503,3
1490,complicated cockroach,race,p2522,3
1491,complicated cockroach,race,p2524,3
1492,complicated cockroach,race,p2533,3
1493,complicated cockroach,race,p2566,3
1494,complicated cockroach,race,p2571,3
1495,complicated cockroach,race,p2573,3
1496,complicated cockroach,race,p2582,3
1497,complicated cockroach,race,p2591,3
1498,complicated cockroach,race,p2592,3
1499,complicated cockroach,race,p2595,3
1500,complicated cockroach,education,p0016,4
1501,complicated cockroach,education,p0022,4
1502,complicated cockroach,education,p0023,5
1503,complicated cockroach,education,p0026,4
1504,complicated cockroach,education,p0034,3
1505,complicated cockroach,education,p0036,3
1506,complicated cockroach,education,p0037,4
1507,complicated cockroach,education,p0042,3
1508,complicated cockroach,education,p0057,3
1509,complicated cockroach,education,p0066,4
1510,complicated cockroach,education,p0069,3
1511,complicated cockroach,education,p0072,4
1512,complicated cockroach,education,p0073,4
1513,complicated cockroach,education,p0082,4
1514,complicated cockroach,education,p0091,4
1515,complicated cockroach,education,p0092,2
1516,complicated cockroach,education,p0093,4
1517,complicated cockroach,education,p0095,3
1518,complicated cockroach,education,p0107,3
1519,complicated cockroach,education,p0114,5
1520,complicated cockroach,education,p0116,2
1521,complicated cockroach,education,p0118,3
1522,complicated cockroach,education,p0119,3
1523,complicated cockroach,education,p0126,3
1524,complicated cockroach,education,p0129,5
1525,complicated cockroach,education,p0136,3
1526,complicated cockroach,education,p0138,2
1527,complicated cockroach,education,p0144,4
1528,complicated cockroach,education,p0150,2
1529,complicated cockroach,education,p0152,3
1530,complicated cockroach,education,p0158,2
1531,complicated cockroach,education,p0161,3
1532,complicated cockroach,education,p0164,2
1533,complicated cockroach,education,p0175,3
1534,complicated cockroach,education,p0177,4
1535,complicated cockroach,education,p0178,6
1536,complicated cockroach,education,p0181,4
1537,complicated cockroach,education,p0186,3
1538,complicated cockroach,education,p0196,4
1539,complicated cockroach,education,p0198,5
1540,complicated cockroach,education,p0202,4
1541,complicated cockroach,education,p0205,5
1542,complicated cockroach,education,p0207,4
1543,complicated cockroach,education,p0211,3
1544,complicated cockroach,education,p0227,5
1545,complicated cockroach,education,p0229,2
1546,complicated cockroach,education,p0232,5
1547,complicated cockroach,education,p0233,2
1548,complicated cockroach,education,p0237,5
1549,complicated cockroach,education,p0258,4
1550,complicated cockroach,education,p0268,2
1551,complicated cockroach,education,p0274,5
1552,complicated cockroach,education,p0275,4
1553,complicated cockroach,education,p0277,4
1554,complicated cockroach,education,p0288,4
1555,complicated cockroach,education,p0291,4
1556,complicated cockroach,education,p0307,3
1557,complicated cockroach,education,p0308,3
1558,complicated cockroach,education,p0317,3
1559,complicated cockroach,education,p0325,4
1560,complicated cockroach,education,p0327,5
1561,complicated cockroach,education,p0334,6
1562,complicated cockroach,education,p0336,4
1563,complicated cockroach,education,p0338,1
1564,complicated cockroach,education,p0342,4
1565,complicated cockroach,education,p0349,5
1566,complicated cockroach,education,p0356,4
1567,complicated cockroach,education,p0358,4
1568,complicated cockroach,education,p0363,4
1569,complicated cockroach,education,p0364,5
1570,complicated cockroach,education,p0369,5
1571,complicated cockroach,education,p0370,2
1572,complicated cockroach,education,p0371,4
1573,complicated cockroach,education,p0379,3
1574,complicated cockroach,education,p0386,5
1575,complicated cockroach,education,p0396,5
1576,complicated cockroach,education,p0403,3
1577,complicated cockroach,education,p0405,4
1578,complicated cockroach,education,p0412,4
1579,complicated cockroach,education,p0415,3
1580,complicated cockroach,education,p0416,4
1581,complicated cockroach,education,p0417,2
1582,complicated cockroach,education,p0418,2
1583,complicated cockroach,education,p0430,5
1584,complicated cockroach,education,p0431,5
1585,complicated cockroach,education,p0434,2
1586,complicated cockroach,education,p0438,4
1587,complicated cockroach,education,p0441,5
1588,complicated cockroach,education,p0442,3
1589,complicated cockroach,education,p0449,5
1590,complicated cockroach,education,p0450,4
1591,complicated cockroach,education,p0465,5
1592,complicated cockroach,education,p0471,3
1593,complicated cockroach,education,p0477,3
1594,complicated cockroach,education,p0483,5
1595,complicated cockroach,education,p0486,3
1596,complicated cockroach,education,p0487,4
1597,complicated cockroach,education,p0489,5
1598,complicated cockroach,education,p0497,6
1599,complicated cockroach,education,p0502,5
1600,complicated cockroach,education,p0503,4
1601,complicated cockroach,education,p0506,3
1602,complicated cockroach,education,p0511,4
1603,complicated cockroach,education,p0523,5
1604,complicated cockroach,education,p0534,6
1605,complicated cockroach,education,p0536,3
1606,complicated cockroach,education,p0542,4
1607,complicated cockroach,education,p0547,2
1608,complicated cockroach,education,p0553,4
1609,complicated cockroach,education,p0559,4
1610,complicated cockroach,education,p0566,4
1611,complicated cockroach,education,p0568,3
1612,complicated cockroach,education,p0570,1
1613,complicated cockroach,education,p0573,3
1614,complicated cockroach,education,p0578,2
1615,complicated cockroach,education,p0594,2
1616,complicated cockroach,education,p0597,2
1617,complicated cockroach,education,p0601,2
1618,complicated cockroach,education,p0602,2
1619,complicated cockroach,education,p0605,3
1620,complicated cockroach,education,p0615,3
1621,complicated cockroach,education,p0620,4
1622,complicated cockroach,education,p0626,3
1623,complicated cockroach,education,p0629,4
1624,complicated cockroach,education,p0633,3
1625,complicated cockroach,education,p0638,4
1626,complicated cockroach,education,p0639,4
1627,complicated cockroach,education,p0640,2
1628,complicated cockroach,education,p0655,3
1629,complicated cockroach,education,p0656,3
1630,complicated cockroach,education,p0658,5
1631,complicated cockroach,education,p0661,4
1632,complicated cockroach,education,p0669,4
1633,complicated cockroach,education,p0670,2
1634,complicated cockroach,education,p0672,5
1635,complicated cockroach,education,p0674,4
1636,complicated cockroach,education,p0678,5
1637,complicated cockroach,education,p0683,2
1638,complicated cockroach,education,p0686,3
1639,complicated cockroach,education,p0687,4
1640,complicated cockroach,education,p0698,2
1641,complicated cockroach,education,p0700,4
1642,complicated cockroach,education,p0703,2
1643,complicated cockroach,education,p0718,2
1644,complicated cockroach,education,p0744,4
1645,complicated cockroach,education,p0745,4
1646,complicated cockroach,education,p0753,4
1647,complicated cockroach,education,p0770,4
1648,complicated cockroach,education,p0771,4
1649,complicated cockroach,education,p0777,5
1650,complicated cockroach,education,p0779,4
1651,complicated cockroach,education,p0780,3
1652,complicated cockroach,education,p0783,3
1653,complicated cockroach,education,p0785,4
1654,complicated cockroach,education,p0786,3
1655,complicated cockroach,education,p0794,4
1656,complicated cockroach,education,p0798,5
1657,complicated cockroach,education,p0800,4
1658,complicated cockroach,education,p0820,3
1659,complicated cockroach,education,p0841,3
1660,complicated cockroach,education,p0849,3
1661,complicated cockroach,education,p0862,5
1662,complicated cockroach,education,p0867,5
1663,complicated cockroach,education,p0869,3
1664,complicated cockroach,education,p0872,4
1665,complicated cockroach,education,p0880,2
1666,complicated cockroach,education,p0891,3
1667,complicated cockroach,education,p0916,5
1668,complicated cockroach,education,p0917,4
1669,complicated cockroach,education,p0919,4
1670,complicated cockroach,education,p0922,2
1671,complicated cockroach,education,p0925,2
1672,complicated cockroach,education,p0927,4
1673,complicated cockroach,education,p0929,3
1674,complicated cockroach,education,p0930,4
1675,complicated cockroach,education,p0931,2
1676,complicated cockroach,education,p0933,2
1677,complicated cockroach,education,p0934,3
1678,complicated cockroach,education,p0936,4
1679,complicated cockroach,education,p0938,2
1680,complicated cockroach,education,p0939,2
1681,complicated cockroach,education,p0946,4
1682,complicated cockroach,education,p0951,3
1683,complicated cockroach,education,p0956,3
1684,complicated cockroach,education,p0962,2
1685,complicated cockroach,education,p0963,3
1686,complicated cockroach,education,p0969,4
1687,complicated cockroach,education,p0972,3
1688,complicated cockroach,education,p0975,3
1689,complicated cockroach,education,p0985,2
1690,complicated cockroach,education,p0993,2
1691,complicated cockroach,education,p0996,2
1692,complicated cockroach,education,p1011,2
1693,complicated cockroach,education,p1017,2
1694,complicated cockroach,education,p1020,2
1695,complicated cockroach,education,p1022,4
1696,complicated cockroach,education,p1024,1
1697,complicated cockroach,education,p1027,4
1698,complicated cockroach,education,p1028,5
1699,complicated cockroach,education,p1029,2
1700,complicated cockroach,education,p1032,4
1701,complicated cockroach,education,p1040,4
1702,complicated cockroach,education,p1047,3
1703,complicated cockroach,education,p1048,3
1704,complicated cockroach,education,p1053,3
1705,complicated cockroach,education,p1057,3
1706,complicated cockroach,education,p1058,4
1707,complicated cockroach,education,p1063,4
1708,complicated cockroach,education,p1064,2
1709,complicated cockroach,education,p1065,3
1710,complicated cockroach,education,p1069,3
1711,complicated cockroach,education,p1072,3
1712,complicated cockroach,education,p1073,4
1713,complicated cockroach,education,p1075,3
1714,complicated cockroach,education,p1076,2
1715,complicated cockroach,education,p1083,2
1716,complicated cockroach,education,p1089,4
1717,complicated cockroach,education,p1093,4
1718,complicated cockroach,education,p1096,4
1719,complicated cockroach,education,p1100,4
1720,complicated cockroach,education,p1106,5
1721,complicated cockroach,education,p1107,1
1722,complicated cockroach,education,p1113,3
1723,complicated cockroach,education,p1117,1
1724,complicated cockroach,education,p1120,3
1725,complicated cockroach,education,p1134,4
1726,complicated cockroach,education,p1136,2
1727,complicated cockroach,education,p1138,4
1728,complicated cockroach,education,p1144,3
1729,complicated cockroach,education,p1145,5
1730,complicated cockroach,education,p1147,5
1731,complicated cockroach,education,p1148,4
1732,complicated cockroach,education,p1154,3
1733,complicated cockroach,education,p1159,2
1734,complicated cockroach,education,p1167,5
1735,complicated cockroach,education,p1175,3
1736,complicated cockroach,education,p1178,4
1737,complicated cockroach,education,p1184,4
1738,complicated cockroach,education,p1186,4
1739,complicated cockroach,education,p1196,2
1740,complicated cockroach,education,p1197,3
1741,complicated cockroach,education,p1203,4
1742,complicated cockroach,education,p1219,2
1743,complicated cockroach,education,p1225,5
1744,complicated cockroach,education,p1234,3
1745,complicated cockroach,education,p1242,3
1746,complicated cockroach,education,p1244,4
1747,complicated cockroach,education,p1249,3
1748,complicated cockroach,education,p1250,4
1749,complicated cockroach,education,p1256,5
1750,complicated cockroach,education,p1258,3
1751,complicated cockroach,education,p1260,2
1752,complicated cockroach,education,p1262,4
1753,complicated cockroach,education,p1264,2
1754,complicated cockroach,education,p1265,5
1755,complicated cockroach,education,p1269,4
1756,complicated cockroach,education,p1272,3
1757,complicated cockroach,education,p1278,4
1758,complicated cockroach,education,p1281,3
1759,complicated cockroach,education,p1292,4
1760,complicated cockroach,education,p1299,2
1761,complicated cockroach,education,p1312,2
1762,complicated cockroach,education,p1322,3
1763,complicated cockroach,education,p1326,4
1764,complicated cockroach,education,p1330,3
1765,complicated cockroach,education,p1335,3
1766,complicated cockroach,education,p1337,4
1767,complicated cockroach,education,p1340,4
1768,complicated cockroach,education,p1345,2
1769,complicated cockroach,education,p1351,3
1770,complicated cockroach,education,p1355,2
1771,complicated cockroach,education,p1362,2
1772,complicated cockroach,education,p1365,4
1773,complicated cockroach,education,p1366,3
1774,complicated cockroach,education,p1367,3
1775,complicated cockroach,education,p1370,2
1776,complicated cockroach,education,p1371,4
1777,complicated cockroach,education,p1373,3
1778,complicated cockroach,education,p1375,4
1779,complicated cockroach,education,p1376,3
1780,complicated cockroach,education,p1379,5
1781,complicated cockroach,education,p1381,2
1782,complicated cockroach,education,p1393,5
1783,complicated cockroach,education,p1396,4
1784,complicated cockroach,education,p1398,5
1785,complicated cockroach,education,p1404,2
1786,complicated cockroach,education,p1406,2
1787,complicated cockroach,education,p1407,2
1788,complicated cockroach,education,p1409,4
1789,complicated cockroach,education,p1412,2
1790,complicated cockroach,education,p1414,5
1791,complicated cockroach,education,p1424,2
1792,complicated cockroach,education,p1425,3
1793,complicated cockroach,education,p1429,3
1794,complicated cockroach,education,p1434,4
1795,complicated cockroach,education,p1441,2
1796,complicated cockroach,education,p1445,2
1797,complicated cockroach,education,p1450,2
1798,complicated cockroach,education,p1454,5
1799,complicated cockroach,education,p1456,4
1800,complicated cockroach,education,p1457,3
1801,complicated cockroach,education,p1458,5
1802,complicated cockroach,education,p1469,3
1803,complicated cockroach,education,p1470,4
1804,complicated cockroach,education,p1481,4
1805,complicated cockroach,education,p1488,4
1806,complicated cockroach,education,p1492,5
1807,complicated cockroach,education,p1495,2
1808,complicated cockroach,education,p1497,2
1809,complicated cockroach,education,p1499,4
1810,complicated cockroach,education,p1503,4
1811,complicated cockroach,education,p1511,4
1812,complicated cockroach,education,p1512,2
1813,complicated cockroach,education,p1518,3
1814,complicated cockroach,education,p1519,4
1815,complicated cockroach,education,p1520,3
1816,complicated cockroach,education,p1524,2
1817,complicated cockroach,education,p1526,5
1818,complicated cockroach,education,p1537,2
1819,complicated cockroach,education,p1545,3
1820,complicated cockroach,education,p1547,2
1821,complicated cockroach,education,p1552,4
1822,complicated cockroach,education,p1567,4
1823,complicated cockroach,education,p1568,3
1824,complicated cockroach,education,p1579,2
1825,complicated cockroach,education,p1587,1
1826,complicated cockroach,education,p1596,2
1827,complicated cockroach,education,p1600,4
1828,complicated cockroach,education,p1603,3
1829,complicated cockroach,education,p1604,2
1830,complicated cockroach,education,p1610,2
1831,complicated cockroach,education,p1618,4
1832,complicated cockroach,education,p1619,5
1833,complicated cockroach,education,p1622,5
1834,complicated cockroach,education,p1623,4
1835,complicated cockroach,education,p1630,4
1836,complicated cockroach,education,p1641,4
1837,complicated cockroach,education,p1649,3
1838,complicated cockroach,education,p1652,4
1839,complicated cockroach,education,p1665,4
1840,complicated cockroach,education,p1669,4
1841,complicated cockroach,education,p1685,4
1842,complicated cockroach,education,p1693,3
1843,complicated cockroach,education,p1698,5
1844,complicated cockroach,education,p1704,5
1845,complicated cockroach,education,p1711,4
1846,complicated cockroach,education,p1718,2
1847,complicated cockroach,education,p1732,2
1848,complicated cockroach,education,p1739,4
1849,complicated cockroach,education,p1741,4
1850,complicated cockroach,education,p1746,2
1851,complicated cockroach,education,p1751,3
1852,complicated cockroach,education,p1754,2
1853,complicated cockroach,education,p1769,4
1854,complicated cockroach,education,p1771,2
1855,complicated cockroach,education,p1776,1
1856,complicated cockroach,education,p1780,4
1857,complicated cockroach,education,p1785,3
1858,complicated cockroach,education,p1791,5
1859,complicated cockroach,education,p1793,6
1860,complicated cockroach,education,p1796,4
1861,complicated cockroach,education,p1805,3
1862,complicated cockroach,education,p1812,3
1863,complicated cockroach,education,p1816,3
1864,complicated cockroach,education,p1819,5
1865,complicated cockroach,education,p1825,5
1866,complicated cockroach,education,p1836,4
1867,complicated cockroach,education,p1839,2
1868,complicated cockroach,education,p1861,4
1869,complicated cockroach,education,p1863,5
1870,complicated cockroach,education,p1873,5
1871,complicated cockroach,education,p1875,2
1872,complicated cockroach,education,p1876,4
1873,complicated cockroach,education,p1877,4
1874,complicated cockroach,education,p1880,2
1875,complicated cockroach,education,p1883,2
1876,complicated cockroach,education,p1889,4
1877,complicated cockroach,education,p1893,3
1878,complicated cockroach,education,p1896,4
1879,complicated cockroach,education,p1913,3
1880,complicated cockroach,education,p1922,5
1881,complicated cockroach,education,p1930,4
1882,complicated cockroach,education,p1935,3
1883,complicated cockroach,education,p1940,5
1884,complicated cockroach,education,p1948,4
1885,complicated cockroach,education,p1950,2
1886,complicated cockroach,education,p1954,3
1887,complicated cockroach,education,p1956,3
1888,complicated cockroach,education,p1958,3
1889,complicated cockroach,education,p1967,5
1890,complicated cockroach,education,p1973,5
1891,complicated cockroach,education,p1978,3
1892,complicated cockroach,education,p1983,5
1893,complicated cockroach,education,p1984,3
1894,complicated cockroach,education,p1995,3
1895,complicated cockroach,education,p1996,3
1896,complicated cockroach,education,p1997,4
1897,complicated cockroach,education,p2001,2
1898,complicated cockroach,education,p2002,3
1899,complicated cockroach,education,p2013,5
1900,complicated cockroach,education,p2014,2
1901,complicated cockroach,education,p2016,5
1902,complicated cockroach,education,p2018,2
1903,complicated cockroach,education,p2023,3
1904,complicated cockroach,education,p2025,4
1905,complicated cockroach,education,p2028,3
1906,complicated cockroach,education,p2030,3
1907,complicated cockroach,education,p2033,3
1908,complicated cockroach,education,p2040,5
1909,complicated cockroach,education,p2051,3
1910,complicated cockroach,education,p2052,4
1911,complicated cockroach,education,p2066,2
1912,complicated cockroach,education,p2067,3
1913,complicated cockroach,education,p2073,4
1914,complicated cockroach,education,p2077,3
1915,complicated cockroach,education,p2078,5
1916,complicated cockroach,education,p2086,4
1917,complicated cockroach,education,p2089,4
1918,complicated cockroach,education,p2093,4
1919,complicated cockroach,education,p2094,3
1920,complicated cockroach,education,p2111,2
1921,complicated cockroach,education,p2117,4
1922,complicated cockroach,education,p2121,4
1923,complicated cockroach,education,p2127,3
1924,complicated cockroach,education,p2141,4
1925,complicated cockroach,education,p2142,3
1926,complicated cockroach,education,p2143,4
1927,complicated cockroach,education,p2153,4
1928,complicated cockroach,education,p2155,3
1929,complicated cockroach,education,p2169,3
1930,complicated cockroach,education,p2187,4
1931,complicated cockroach,education,p2188,4
1932,complicated cockroach,education,p2197,3
1933,complicated cockroach,education,p2213,3
1934,complicated cockroach,education,p2214,3
1935,complicated cockroach,education,p2215,4
1936,complicated cockroach,education,p2220,5
1937,complicated cockroach,education,p2223,3
1938,complicated cockroach,education,p2229,4
1939,complicated cockroach,education,p2234,3
1940,complicated cockroach,education,p2237,5
1941,complicated cockroach,education,p2238,5
1942,complicated cockroach,education,p2244,4
1943,complicated cockroach,education,p2248,2
1944,complicated cockroach,education,p2252,4
1945,complicated cockroach,education,p2255,2
1946,complicated cockroach,education,p2261,3
1947,complicated cockroach,education,p2263,3
1948,complicated cockroach,education,p2273,5
1949,complicated cockroach,education,p2275,3
1950,complicated cockroach,education,p2276,4
1951,complicated cockroach,education,p2283,3
1952,complicated cockroach,education,p2287,2
1953,complicated cockroach,education,p2296,3
1954,complicated cockroach,education,p2298,3
1955,complicated cockroach,education,p2304,4
1956,complicated cockroach,education,p2310,2
1957,complicated cockroach,education,p2322,2
1958,complicated cockroach,education,p2326,4
1959,complicated cockroach,education,p2330,3
1960,complicated cockroach,education,p2331,3
1961,complicated cockroach,education,p2333,2
1962,complicated cockroach,education,p2347,2
1963,complicated cockroach,education,p2350,3
1964,complicated cockroach,education,p2351,4
1965,complicated cockroach,education,p2353,3
1966,complicated cockroach,education,p2355,1
1967,complicated cockroach,education,p2363,1
1968,complicated cockroach,education,p2378,4
1969,complicated cockroach,education,p2380,3
1970,complicated cockroach,education,p2387,3
1971,complicated cockroach,education,p2398,2
1972,complicated cockroach,education,p2400,3
1973,complicated cockroach,education,p2403,5
1974,complicated cockroach,education,p2408,3
1975,complicated cockroach,education,p2418,2
1976,complicated cockroach,education,p2426,3
1977,complicated cockroach,education,p2428,2
1978,complicated cockroach,education,p2434,5
1979,complicated cockroach,education,p2446,3
1980,complicated cockroach,education,p2452,2
1981,complicated cockroach,education,p2454,2
1982,complicated cockroach,education,p2462,3
1983,complicated cockroach,education,p2467,4
1984,complicated cockroach,education,p2482,3
1985,complicated cockroach,education,p2489,3
1986,complicated cockroach,education,p2490,2
1987,complicated cockroach,education,p2494,3
1988,complicated cockroach,education,p2502,4
1989,complicated cockroach,education,p2503,3
1990,complicated cockroach,education,p2522,3
1991,complicated cockroach,education,p2524,3
1992,complicated cockroach,education,p2533,1
1993,complicated cockroach,education,p2566,3
1994,complicated cockroach,education,p2571,3
1995,complicated cockroach,education,p2573,1
1996,complicated cockroach,education,p2582,4
1997,complicated cockroach,education,p2591,2
1998,complicated cockroach,education,p2592,3
1999,complicated cockroach,education,p2595,4
2000,complicated cockroach,income,p0016,3
2001,complicated cockroach,income,p0022,4
2002,complicated cockroach,income,p0023,4
2003,complicated cockroach,income,p0026,4
2004,complicated cockroach,income,p0034,3
2005,complicated cockroach,income,p0036,3
2006,complicated cockroach,income,p0037,4
2007,complicated cockroach,income,p0042,3
2008,complicated cockroach,income,p0057,3
2009,complicated cockroach,income,p0066,4
2010,complicated cockroach,income,p0069,1
2011,complicated cockroach,income,p0072,4
2012,complicated cockroach,income,p0073,4
2013,complicated cockroach,income,p0082,4
2014,complicated cockroach,income,p0091,4
2015,complicated cockroach,income,p0092,2
2016,complicated cockroach,income,p0093,4
2017,complicated cockroach,income,p0095,3
2018,complicated cockroach,income,p0107,3
2019,complicated cockroach,income,p0114,3
2020,complicated cockroach,income,p0116,3
2021,complicated cockroach,income,p0118,3
2022,complicated cockroach,income,p0119,3
2023,complicated cockroach,income,p0126,3
2024,complicated cockroach,income,p0129,4
2025,complicated cockroach,income,p0136,3
2026,complicated cockroach,income,p0138,3
2027,complicated cockroach,income,p0144,3
2028,complicated cockroach,income,p0150,1
2029,complicated cockroach,income,p0152,3
2030,complicated cockroach,income,p0158,2
2031,complicated cockroach,income,p0161,4
2032,complicated cockroach,income,p0164,3
2033,complicated cockroach,income,p0175,4
2034,complicated cockroach,income,p0177,4
2035,complicated cockroach,income,p0178,4
2036,complicated cockroach,income,p0181,4
2037,complicated cockroach,income,p0186,2
2038,complicated cockroach,income,p0196,4
2039,complicated cockroach,income,p0198,4
2040,complicated cockroach,income,p0202,3
2041,complicated cockroach,income,p0205,4
2042,complicated cockroach,income,p0207,3
2043,complicated cockroach,income,p0211,3
2044,complicated cockroach,income,p0227,4
2045,complicated cockroach,income,p0229,3
2046,complicated cockroach,income,p0232,4
2047,complicated cockroach,income,p0233,2
2048,complicated cockroach,income,p0237,3
2049,complicated cockroach,income,p0258,3
2050,complicated cockroach,income,p0268,2
2051,complicated cockroach,income,p0274,3
2052,complicated cockroach,income,p0275,2
2053,complicated cockroach,income,p0277,1
2054,complicated cockroach,income,p0288,3
2055,complicated cockroach,income,p0291,3
2056,complicated cockroach,income,p0307,1
2057,complicated cockroach,income,p0308,3
2058,complicated cockroach,income,p0317,4
2059,complicated cockroach,income,p0325,4
2060,complicated cockroach,income,p0327,4
2061,complicated cockroach,income,p0334,4
2062,complicated cockroach,income,p0336,4
2063,complicated cockroach,income,p0338,2
2064,complicated cockroach,income,p0342,4
2065,complicated cockroach,income,p0349,3
2066,complicated cockroach,income,p0356,3
2067,complicated cockroach,income,p0358,1
2068,complicated cockroach,income,p0363,3
2069,complicated cockroach,income,p0364,4
2070,complicated cockroach,income,p0369,4
2071,complicated cockroach,income,p0370,2
2072,complicated cockroach,income,p0371,3
2073,complicated cockroach,income,p0379,3
2074,complicated cockroach,income,p0386,3
2075,complicated cockroach,income,p0396,3
2076,complicated cockroach,income,p0403,2
2077,complicated cockroach,income,p0405,4
2078,complicated cockroach,income,p0412,4
2079,complicated cockroach,income,p0415,4
2080,complicated cockroach,income,p0416,4
2081,complicated cockroach,income,p0417,3
2082,complicated cockroach,income,p0418,3
2083,complicated cockroach,income,p0430,4
2084,complicated cockroach,income,p0431,4
2085,complicated cockroach,income,p0434,3
2086,complicated cockroach,income,p0438,4
2087,complicated cockroach,income,p0441,4
2088,complicated cockroach,income,p0442,2
2089,complicated cockroach,income,p0449,4
2090,complicated cockroach,income,p0450,4
2091,complicated cockroach,income,p0465,4
2092,complicated cockroach,income,p0471,3
2093,complicated cockroach,income,p0477,3
2094,complicated cockroach,income,p0483,3
2095,complicated cockroach,income,p0486,3
2096,complicated cockroach,income,p0487,3
2097,complicated cockroach,income,p0489,4
2098,complicated cockroach,income,p0497,4
2099,complicated cockroach,income,p0502,4
2100,complicated cockroach,income,p0503,2
2101,complicated cockroach,income,p0506,3
2102,complicated cockroach,income,p0511,4
2103,complicated cockroach,income,p0523,2
2104,complicated cockroach,income,p0534,4
2105,complicated cockroach,income,p0536,3
2106,complicated cockroach,income,p0542,4
2107,complicated cockroach,income,p0547,3
2108,complicated cockroach,income,p0553,4
2109,complicated cockroach,income,p0559,4
2110,complicated cockroach,income,p0566,4
2111,complicated cockroach,income,p0568,3
2112,complicated cockroach,income,p0570,2
2113,complicated cockroach,income,p0573,3
2114,complicated cockroach,income,p0578,2
2115,complicated cockroach,income,p0594,3
2116,complicated cockroach,income,p0597,2
2117,complicated cockroach,income,p0601,3
2118,complicated cockroach,income,p0602,2
2119,complicated cockroach,income,p0605,3
2120,complicated cockroach,income,p0615,2
2121,complicated cockroach,income,p0620,3
2122,complicated cockroach,income,p0626,3
2123,complicated cockroach,income,p0629,4
2124,complicated cockroach,income,p0633,2
2125,complicated cockroach,income,p0638,3
2126,complicated cockroach,income,p0639,4
2127,complicated cockroach,income,p0640,3
2128,complicated cockroach,income,p0655,4
2129,complicated cockroach,income,p0656,3
2130,complicated cockroach,income,p0658,4
2131,complicated cockroach,income,p0661,3
2132,complicated cockroach,income,p0669,3
2133,complicated cockroach,income,p0670,2
2134,complicated cockroach,income,p0672,3
2135,complicated cockroach,income,p0674,3
2136,complicated cockroach,income,p0678,4
2137,complicated cockroach,income,p0683,3
2138,complicated cockroach,income,p0686,3
2139,complicated cockroach,income,p0687,3
2140,complicated cockroach,income,p0698,2
2141,complicated cockroach,income,p0700,4
2142,complicated cockroach,income,p0703,3
2143,complicated cockroach,income,p0718,2
2144,complicated cockroach,income,p0744,4
2145,complicated cockroach,income,p0745,4
2146,complicated cockroach,income,p0753,2
2147,complicated cockroach,income,p0770,4
2148,complicated cockroach,income,p0771,3
2149,complicated cockroach,income,p0777,4
2150,complicated cockroach,income,p0779,4
2151,complicated cockroach,income,p0780,1
2152,complicated cockroach,income,p0783,3
2153,complicated cockroach,income,p0785,4
2154,complicated cockroach,income,p0786,3
2155,complicated cockroach,income,p0794,4
2156,complicated cockroach,income,p0798,4
2157,complicated cockroach,income,p0800,3
2158,complicated cockroach,income,p0820,2
2159,complicated cockroach,income,p0841,3
2160,complicated cockroach,income,p0849,3
2161,complicated cockroach,income,p0862,3
2162,complicated cockroach,income,p0867,4
2163,complicated cockroach,income,p0869,4
2164,complicated cockroach,income,p0872,3
2165,complicated cockroach,income,p0880,2
2166,complicated cockroach,income,p0891,3
2167,complicated cockroach,income,p0916,3
2168,complicated cockroach,income,p0917,4
2169,complicated cockroach,income,p0919,3
2170,complicated cockroach,income,p0922,2
2171,complicated cockroach,income,p0925,2
2172,complicated cockroach,income,p0927,4
2173,complicated cockroach,income,p0929,2
2174,complicated cockroach,income,p0930,4
2175,complicated cockroach,income,p0931,2
2176,complicated cockroach,income,p0933,2
2177,complicated cockroach,income,p0934,4
2178,complicated cockroach,income,p0936,3
2179,complicated cockroach,income,p0938,3
2180,complicated cockroach,income,p0939,2
2181,complicated cockroach,income,p0946,4
2182,complicated cockroach,income,p0951,2
2183,complicated cockroach,income,p0956,3
2184,complicated cockroach,income,p0962,3
2185,complicated cockroach,income,p0963,3
2186,complicated cockroach,income,p0969,5
2187,complicated cockroach,income,p0972,3
2188,complicated cockroach,income,p0975,4
2189,complicated cockroach,income,p0985,2
2190,complicated cockroach,income,p0993,1
2191,complicated cockroach,income,p0996,3
2192,complicated cockroach,income,p1011,3
2193,complicated cockroach,income,p1017,4
2194,complicated cockroach,income,p1020,3
2195,complicated cockroach,income,p1022,3
2196,complicated cockroach,income,p1024,2
2197,complicated cockroach,income,p1027,3
2198,complicated cockroach,income,p1028,4
2199,complicated cockroach,income,p1029,2
2200,complicated cockroach,income,p1032,3
2201,complicated cockroach,income,p1040,3
2202,complicated cockroach,income,p1047,4
2203,complicated cockroach,income,p1048,2
2204,complicated cockroach,income,p1053,2
2205,complicated cockroach,income,p1057,3
2206,complicated cockroach,income,p1058,4
2207,complicated cockroach,income,p1063,4
2208,complicated cockroach,income,p1064,3
2209,complicated cockroach,income,p1065,3
2210,complicated cockroach,income,p1069,3
2211,complicated cockroach,income,p1072,3
2212,complicated cockroach,income,p1073,3
2213,complicated cockroach,income,p1075,3
2214,complicated cockroach,income,p1076,2
2215,complicated cockroach,income,p1083,3
2216,complicated cockroach,income,p1089,4
2217,complicated cockroach,income,p1093,3
2218,complicated cockroach,income,p1096,4
2219,complicated cockroach,income,p1100,4
2220,complicated cockroach,income,p1106,2
2221,complicated cockroach,income,p1107,2
2222,complicated cockroach,income,p1113,2
2223,complicated cockroach,income,p1117,3
2224,complicated cockroach,income,p1120,4
2225,complicated cockroach,income,p1134,4
2226,complicated cockroach,income,p1136,3
2227,complicated cockroach,income,p1138,3
2228,complicated cockroach,income,p1144,3
2229,complicated cockroach,income,p1145,4
2230,complicated cockroach,income,p1147,4
2231,complicated cockroach,income,p1148,3
2232,complicated cockroach,income,p1154,3
2233,complicated cockroach,income,p1159,4
2234,complicated cockroach,income,p1167,3
2235,complicated cockroach,income,p1175,2
2236,complicated cockroach,income,p1178,3
2237,complicated cockroach,income,p1184,3
2238,complicated cockroach,income,p1186,3
2239,complicated cockroach,income,p1196,2
2240,complicated cockroach,income,p1197,3
2241,complicated cockroach,income,p1203,3
2242,complicated cockroach,income,p1219,2
2243,complicated cockroach,income,p1225,4
2244,complicated cockroach,income,p1234,2
2245,complicated cockroach,income,p1242,3
2246,complicated cockroach,income,p1244,3
2247,complicated cockroach,income,p1249,3
2248,complicated cockroach,income,p1250,3
2249,complicated cockroach,income,p1256,4
2250,complicated cockroach,income,p1258,4
2251,complicated cockroach,income,p1260,2
2252,complicated cockroach,income,p1262,4
2253,complicated cockroach,income,p1264,2
2254,complicated cockroach,income,p1265,4
2255,complicated cockroach,income,p1269,3
2256,complicated cockroach,income,p1272,3
2257,complicated cockroach,income,p1278,2
2258,complicated cockroach,income,p1281,2
2259,complicated cockroach,income,p1292,4
2260,complicated cockroach,income,p1299,4
2261,complicated cockroach,income,p1312,3
2262,complicated cockroach,income,p1322,1
2263,complicated cockroach,income,p1326,3
2264,complicated cockroach,income,p1330,2
2265,complicated cockroach,income,p1335,3
2266,complicated cockroach,income,p1337,4
2267,complicated cockroach,income,p1340,4
2268,complicated cockroach,income,p1345,3
2269,complicated cockroach,income,p1351,3
2270,complicated cockroach,income,p1355,3
2271,complicated cockroach,income,p1362,4
2272,complicated cockroach,income,p1365,3
2273,complicated cockroach,income,p1366,3
2274,complicated cockroach,income,p1367,3
2275,complicated cockroach,income,p1370,3
2276,complicated cockroach,income,p1371,5
2277,complicated cockroach,income,p1373,4
2278,complicated cockroach,income,p1375,4
2279,complicated cockroach,income,p1376,1
2280,complicated cockroach,income,p1379,3
2281,complicated cockroach,income,p1381,3
2282,complicated cockroach,income,p1393,4
2283,complicated cockroach,income,p1396,3
2284,complicated cockroach,income,p1398,4
2285,complicated cockroach,income,p1404,1
2286,complicated cockroach,income,p1406,3
2287,complicated cockroach,income,p1407,2
2288,complicated cockroach,income,p1409,4
2289,complicated cockroach,income,p1412,2
2290,complicated cockroach,income,p1414,4
2291,complicated cockroach,income,p1424,4
2292,complicated cockroach,income,p1425,4
2293,complicated cockroach,income,p1429,3
2294,complicated cockroach,income,p1434,4
2295,complicated cockroach,income,p1441,2
2296,complicated cockroach,income,p1445,2
2297,complicated cockroach,income,p1450,3
2298,complicated cockroach,income,p1454,4
2299,complicated cockroach,income,p1456,3
2300,complicated cockroach,income,p1457,1
2301,complicated cockroach,income,p1458,4
2302,complicated cockroach,income,p1469,2
2303,complicated cockroach,income,p1470,4
2304,complicated cockroach,income,p1481,3
2305,complicated cockroach,income,p1488,3
2306,complicated cockroach,income,p1492,3
2307,complicated cockroach,income,p1495,3
2308,complicated cockroach,income,p1497,3
2309,complicated cockroach,income,p1499,4
2310,complicated cockroach,income,p1503,2
2311,complicated cockroach,income,p1511,4
2312,complicated cockroach,income,p1512,1
2313,complicated cockroach,income,p1518,2
2314,complicated cockroach,income,p1519,3
2315,complicated cockroach,income,p1520,1
2316,complicated cockroach,income,p1524,3
2317,complicated cockroach,income,p1526,5
2318,complicated cockroach,income,p1537,3
2319,complicated cockroach,income,p1545,3
2320,complicated cockroach,income,p1547,1
2321,complicated cockroach,income,p1552,5
2322,complicated cockroach,income,p1567,4
2323,complicated cockroach,income,p1568,3
2324,complicated cockroach,income,p1579,2
2325,complicated cockroach,income,p1587,1
2326,complicated cockroach,income,p1596,3
2327,complicated cockroach,income,p1600,4
2328,complicated cockroach,income,p1603,2
2329,complicated cockroach,income,p1604,3
2330,complicated cockroach,income,p1610,2
2331,complicated cockroach,income,p1618,3
2332,complicated cockroach,income,p1619,4
2333,complicated cockroach,income,p1622,4
2334,complicated cockroach,income,p1623,3
2335,complicated cockroach,income,p1630,4
2336,complicated cockroach,income,p1641,4
2337,complicated cockroach,income,p1649,2
2338,complicated cockroach,income,p1652,3
2339,complicated cockroach,income,p1665,3
2340,complicated cockroach,income,p1669,4
2341,complicated cockroach,income,p1685,4
2342,complicated cockroach,income,p1693,3
2343,complicated cockroach,income,p1698,4
2344,complicated cockroach,income,p1704,4
2345,complicated cockroach,income,p1711,4
2346,complicated cockroach,income,p1718,3
2347,complicated cockroach,income,p1732,3
2348,complicated cockroach,income,p1739,4
2349,complicated cockroach,income,p1741,4
2350,complicated cockroach,income,p1746,1
2351,complicated cockroach,income,p1751,4
2352,complicated cockroach,income,p1754,1
2353,complicated cockroach,income,p1769,4
2354,complicated cockroach,income,p1771,2
2355,complicated cockroach,income,p1776,2
2356,complicated cockroach,income,p1780,4
2357,complicated cockroach,income,p1785,2
2358,complicated cockroach,income,p1791,3
2359,complicated cockroach,income,p1793,4
2360,complicated cockroach,income,p1796,5
2361,complicated cockroach,income,p1805,3
2362,complicated cockroach,income,p1812,3
2363,complicated cockroach,income,p1816,3
2364,complicated cockroach,income,p1819,4
2365,complicated cockroach,income,p1825,4
2366,complicated cockroach,income,p1836,3
2367,complicated cockroach,income,p1839,4
2368,complicated cockroach,income,p1861,3
2369,complicated cockroach,income,p1863,4
2370,complicated cockroach,income,p1873,4
2371,complicated cockroach,income,p1875,3
2372,complicated cockroach,income,p1876,4
2373,complicated cockroach,income,p1877,2
2374,complicated cockroach,income,p1880,3
2375,complicated cockroach,income,p1883,3
2376,complicated cockroach,income,p1889,1
2377,complicated cockroach,income,p1893,2
2378,complicated cockroach,income,p1896,3
2379,complicated cockroach,income,p1913,4
2380,complicated cockroach,income,p1922,4
2381,complicated cockroach,income,p1930,3
2382,complicated cockroach,income,p1935,4
2383,complicated cockroach,income,p1940,4
2384,complicated cockroach,income,p1948,4
2385,complicated cockroach,income,p1950,2
2386,complicated cockroach,income,p1954,2
2387,complicated cockroach,income,p1956,3
2388,complicated cockroach,income,p1958,3
2389,complicated cockroach,income,p1967,4
2390,complicated cockroach,income,p1973,5
2391,complicated cockroach,income,p1978,4
2392,complicated cockroach,income,p1983,2
2393,complicated cockroach,income,p1984,3
2394,complicated cockroach,income,p1995,3
2395,complicated cockroach,income,p1996,2
2396,complicated cockroach,income,p1997,4
2397,complicated cockroach,income,p2001,3
2398,complicated cockroach,income,p2002,2
2399,complicated cockroach,income,p2013,4
2400,complicated cockroach,income,p2014,3
2401,complicated cockroach,income,p2016,4
2402,complicated cockroach,income,p2018,1
2403,complicated cockroach,income,p2023,3
2404,complicated cockroach,income,p2025,4
2405,complicated cockroach,income,p2028,2
2406,complicated cockroach,income,p2030,3
2407,complicated cockroach,income,p2033,3
2408,complicated cockroach,income,p2040,3
2409,complicated cockroach,income,p2051,3
2410,complicated cockroach,income,p2052,4
2411,complicated cockroach,income,p2066,2
2412,complicated cockroach,income,p2067,3
2413,complicated cockroach,income,p2073,4
2414,complicated cockroach,income,p2077,2
2415,complicated cockroach,income,p2078,4
2416,complicated cockroach,income,p2086,3
2417,complicated cockroach,income,p2089,3
2418,complicated cockroach,income,p2093,3
2419,complicated cockroach,income,p2094,3
2420,complicated cockroach,income,p2111,2
2421,complicated cockroach,income,p2117,4
2422,complicated cockroach,income,p2121,3
2423,complicated cockroach,income,p2127,3
2424,complicated cockroach,income,p2141,3
2425,complicated cockroach,income,p2142,2
2426,complicated cockroach,income,p2143,4
2427,complicated cockroach,income,p2153,1
2428,complicated cockroach,income,p2155,2
2429,complicated cockroach,income,p2169,4
2430,complicated cockroach,income,p2187,3
2431,complicated cockroach,income,p2188,4
2432,complicated cockroach,income,p2197,2
2433,complicated cockroach,income,p2213,3
2434,complicated cockroach,income,p2214,2
2435,complicated cockroach,income,p2215,5
2436,complicated cockroach,income,p2220,3
2437,complicated cockroach,income,p2223,2
2438,complicated cockroach,income,p2229,3
2439,complicated cockroach,income,p2234,3
2440,complicated cockroach,income,p2237,4
2441,complicated cockroach,income,p2238,4
2442,complicated cockroach,income,p2244,2
2443,complicated cockroach,income,p2248,3
2444,complicated cockroach,income,p2252,3
2445,complicated cockroach,income,p2255,1
2446,complicated cockroach,income,p2261,3
2447,complicated cockroach,income,p2263,4
2448,complicated cockroach,income,p2273,3
2449,complicated cockroach,income,p2275,2
2450,complicated cockroach,income,p2276,2
2451,complicated cockroach,income,p2283,1
2452,complicated cockroach,income,p2287,3
2453,complicated cockroach,income,p2296,2
2454,complicated cockroach,income,p2298,3
2455,complicated cockroach,income,p2304,3
2456,complicated cockroach,income,p2310,2
2457,complicated cockroach,income,p2322,2
2458,complicated cockroach,income,p2326,3
2459,complicated cockroach,income,p2330,3
2460,complicated cockroach,income,p2331,3
2461,complicated cockroach,income,p2333,2
2462,complicated cockroach,income,p2347,3
2463,complicated cockroach,income,p2350,2
2464,complicated cockroach,income,p2351,3
2465,complicated cockroach,income,p2353,2
2466,complicated cockroach,income,p2355,2
2467,complicated cockroach,income,p2363,2
2468,complicated cockroach,income,p2378,3
2469,complicated cockroach,income,p2380,2
2470,complicated cockroach,income,p2387,4
2471,complicated cockroach,income,p2398,2
2472,complicated cockroach,income,p2400,4
2473,complicated cockroach,income,p2403,2
2474,complicated cockroach,income,p2408,3
2475,complicated cockroach,income,p2418,2
2476,complicated cockroach,income,p2426,2
2477,complicated cockroach,income,p2428,2
2478,complicated cockroach,income,p2434,3
2479,complicated cockroach,income,p2446,1
2480,complicated cockroach,income,p2452,3
2481,complicated cockroach,income,p2454,2
2482,complicated cockroach,income,p2462,3
2483,complicated cockroach,income,p2467,5
2484,complicated cockroach,income,p2482,3
2485,complicated cockroach,income,p2489,3
2486,complicated cockroach,income,p2490,2
2487,complicated cockroach,income,p2494,2
2488,complicated cockroach,income,p2502,4
2489,complicated cockroach,income,p2503,3
2490,complicated cockroach,income,p2522,3
2491,complicated cockroach,income,p2524,3
2492,complicated cockroach,income,p2533,3
2493,complicated cockroach,income,p2566,3
2494,complicated cockroach,income,p2571,3
2495,complicated cockroach,income,p2573,2
2496,complicated cockroach,income,p2582,4
2497,complicated cockroach,income,p2591,3
2498,complicated cockroach,income,p2592,3
2499,complicated cockroach,income,p2595,2
2500,complicated cockroach,party,p0016,2
2501,complicated cockroach,party,p0022,3
2502,complicated cockroach,party,p0023,3
2503,complicated cockroach,party,p0026,1
2504,complicated cockroach,party,p0034,1
2505,complicated cockroach,party,p0036,2
2506,complicated cockroach,party,p0037,1
2507,complicated cockroach,party,p0042,3
2508,complicated cockroach,party,p0057,3
2509,complicated cockroach,party,p0066,1
2510,complicated cockroach,party,p0069,1
2511,complicated cockroach,party,p0072,1
2512,complicated cockroach,party,p0073,1
2513,complicated cockroach,party,p0082,3
2514,complicated cockroach,party,p0091,3
2515,complicated cockroach,party,p0092,3
2516,complicated cockroach,party,p0093,1
2517,complicated cockroach,party,p0095,3
2518,complicated cockroach,party,p0107,1
2519,complicated cockroach,party,p0114,2
2520,complicated cockroach,party,p0116,1
2521,complicated cockroach,party,p0118,1
2522,complicated cockroach,party,p0119,2
2523,complicated cockroach,party,p0126,2
2524,complicated cockroach,party,p0129,3
2525,complicated cockroach,party,p0136,2
2526,complicated cockroach,party,p0138,2
2527,complicated cockroach,party,p0144,2
2528,complicated cockroach,party,p0150,3
2529,complicated cockroach,party,p0152,1
2530,complicated cockroach,party,p0158,3
2531,complicated cockroach,party,p0161,1
2532,complicated cockroach,party,p0164,1
2533,complicated cockroach,party,p0175,3
2534,complicated cockroach,party,p0177,2
2535,complicated cockroach,party,p0178,3
2536,complicated cockroach,party,p0181,1
2537,complicated cockroach,party,p0186,3
2538,complicated cockroach,party,p0196,3
2539,complicated cockroach,party,p0198,3
2540,complicated cockroach,party,p0202,3
2541,complicated cockroach,party,p0205,2
2542,complicated cockroach,party,p0207,3
2543,complicated cockroach,party,p0211,3
2544,complicated cockroach,party,p0227,2
2545,complicated cockroach,party,p0229,3
2546,complicated cockroach,party,p0232,3
2547,complicated cockroach,party,p0233,2
2548,complicated cockroach,party,p0237,3
2549,complicated cockroach,party,p0258,3
2550,complicated cockroach,party,p0268,3
2551,complicated cockroach,party,p0274,3
2552,complicated cockroach,party,p0275,3
2553,complicated cockroach,party,p0277,2
2554,complicated cockroach,party,p0288,3
2555,complicated cockroach,party,p0291,2
2556,complicated cockroach,party,p0307,1
2557,complicated cockroach,party,p0308,1
2558,complicated cockroach,party,p0317,1
2559,complicated cockroach,party,p0325,2
2560,complicated cockroach,party,p0327,3
2561,complicated cockroach,party,p0334,3
2562,complicated cockroach,party,p0336,3
2563,complicated cockroach,party,p0338,1
2564,complicated cockroach,party,p0342,3
2565,complicated cockroach,party,p0349,1
2566,complicated cockroach,party,p0356,3
2567,complicated cockroach,party,p0358,3
2568,complicated cockroach,party,p0363,2
2569,complicated cockroach,party,p0364,2
2570,complicated cockroach,party,p0369,1
2571,complicated cockroach,party,p0370,2
2572,complicated cockroach,party,p0371,1
2573,complicated cockroach,party,p0379,1
2574,complicated cockroach,party,p0386,3
2575,complicated cockroach,party,p0396,3
2576,complicated cockroach,party,p0403,3
2577,complicated cockroach,party,p0405,3
2578,complicated cockroach,party,p0412,1
2579,complicated cockroach,party,p0415,1
2580,complicated cockroach,party,p0416,2
2581,complicated cockroach,party,p0417,3
2582,complicated cockroach,party,p0418,2
2583,complicated cockroach,party,p0430,3
2584,complicated cockroach,party,p0431,3
2585,complicated cockroach,party,p0434,1
2586,complicated cockroach,party,p0438,3
2587,complicated cockroach,party,p0441,3
2588,complicated cockroach,party,p0442,3
2589,complicated cockroach,party,p0449,1
2590,complicated cockroach,party,p0450,2
2591,complicated cockroach,party,p0465,3
2592,complicated cockroach,party,p0471,1
2593,complicated cockroach,party,p0477,3
2594,complicated cockroach,party,p0483,3
2595,complicated cockroach,party,p0486,1
2596,complicated cockroach,party,p0487,1
2597,complicated cockroach,party,p0489,3
2598,complicated cockroach,party,p0497,1
2599,complicated cockroach,party,p0502,1
2600,complicated cockroach,party,p0503,3
2601,complicated cockroach,party,p0506,2
2602,complicated cockroach,party,p0511,1
2603,complicated cockroach,party,p0523,3
2604,complicated cockroach,party,p0534,1
2605,complicated cockroach,party,p0536,3
2606,complicated cockroach,party,p0542,1
2607,complicated cockroach,party,p0547,2
2608,complicated cockroach,party,p0553,3
2609,complicated cockroach,party,p0559,2
2610,complicated cockroach,party,p0566,2
2611,complicated cockroach,party,p0568,2
2612,complicated cockroach,party,p0570,3
2613,complicated cockroach,party,p0573,1
2614,complicated cockroach,party,p0578,3
2615,complicated cockroach,party,p0594,2
2616,complicated cockroach,party,p0597,3
2617,complicated cockroach,party,p0601,1
2618,complicated cockroach,party,p0602,3
2619,complicated cockroach,party,p0605,2
2620,complicated cockroach,party,p0615,3
2621,complicated cockroach,party,p0620,3
2622,complicated cockroach,party,p0626,3
2623,complicated cockroach,party,p0629,3
2624,complicated cockroach,party,p0633,2
2625,complicated cockroach,party,p0638,3
2626,complicated cockroach,party,p0639,1
2627,complicated cockroach,party,p0640,1
2628,complicated cockroach,party,p0655,1
2629,complicated cockroach,party,p0656,3
2630,complicated cockroach,party,p0658,1
2631,complicated cockroach,party,p0661,2
2632,complicated cockroach,party,p0669,2
2633,complicated cockroach,party,p0670,3
2634,complicated cockroach,party,p0672,3
2635,complicated cockroach,party,p0674,3
2636,complicated cockroach,party,p0678,3
2637,complicated cockroach,party,p0683,3
2638,complicated cockroach,party,p0686,1
2639,complicated cockroach,party,p0687,3
2640,complicated cockroach,party,p0698,1
2641,complicated cockroach,party,p0700,2
2642,complicated cockroach,party,p0703,2
2643,complicated cockroach,party,p0718,1
2644,complicated cockroach,party,p0744,3
2645,complicated cockroach,party,p0745,1
2646,complicated cockroach,party,p0753,2
2647,complicated cockroach,party,p0770,2
2648,complicated cockroach,party,p0771,3
2649,complicated cockroach,party,p0777,3
2650,complicated cockroach,party,p0779,1
2651,complicated cockroach,party,p0780,1
2652,complicated cockroach,party,p0783,1
2653,complicated cockroach,party,p0785,1
2654,complicated cockroach,party,p0786,2
2655,complicated cockroach,party,p0794,1
2656,complicated cockroach,party,p0798,1
2657,complicated cockroach,party,p0800,3
2658,complicated cockroach,party,p0820,3
2659,complicated cockroach,party,p0841,1
2660,complicated cockroach,party,p0849,2
2661,complicated cockroach,party,p0862,3
2662,complicated cockroach,party,p0867,3
2663,complicated cockroach,party,p0869,3
2664,complicated cockroach,party,p0872,3
2665,complicated cockroach,party,p0880,3
2666,complicated cockroach,party,p0891,1
2667,complicated cockroach,party,p0916,3
2668,complicated cockroach,party,p0917,1
2669,complicated cockroach,party,p0919,3
2670,complicated cockroach,party,p0922,1
2671,complicated cockroach,party,p0925,1
2672,complicated cockroach,party,p0927,3
2673,complicated cockroach,party,p0929,3
2674,complicated cockroach,party,p0930,1
2675,complicated cockroach,party,p0931,1
2676,complicated cockroach,party,p0933,3
2677,complicated cockroach,party,p0934,1
2678,complicated cockroach,party,p0936,3
2679,complicated cockroach,party,p0938,3
2680,complicated cockroach,party,p0939,2
2681,complicated cockroach,party,p0946,2
2682,complicated cockroach,party,p0951,3
2683,complicated cockroach,party,p0956,1
2684,complicated cockroach,party,p0962,1
2685,complicated cockroach,party,p0963,1
2686,complicated cockroach,party,p0969,1
2687,complicated cockroach,party,p0972,2
2688,complicated cockroach,party,p0975,1
2689,complicated cockroach,party,p0985,2
2690,complicated cockroach,party,p0993,3
2691,complicated cockroach,party,p0996,3
2692,complicated cockroach,party,p1011,1
2693,complicated cockroach,party,p1017,2
2694,complicated cockroach,party,p1020,1
2695,complicated cockroach,party,p1022,3
2696,complicated cockroach,party,p1024,1
2697,complicated cockroach,party,p1027,3
2698,complicated cockroach,party,p1028,3
2699,complicated cockroach,party,p1029,2
2700,complicated cockroach,party,p1032,2
2701,complicated cockroach,party,p1040,2
2702,complicated cockroach,party,p1047,2
2703,complicated cockroach,party,p1048,3
2704,complicated cockroach,party,p1053,3
2705,complicated cockroach,party,p1057,1
2706,complicated cockroach,party,p1058,1
2707,complicated cockroach,party,p1063,1
2708,complicated cockroach,party,p1064,3
2709,complicated cockroach,party,p1065,1
2710,complicated cockroach,party,p1069,3
2711,complicated cockroach,party,p1072,2
2712,complicated cockroach,party,p1073,3
2713,complicated cockroach,party,p1075,2
2714,complicated cockroach,party,p1076,2
2715,complicated cockroach,party,p1083,1
2716,complicated cockroach,party,p1089,3
2717,complicated cockroach,party,p1093,3
2718,complicated cockroach,party,p1096,2
2719,complicated cockroach,party,p1100,2
2720,complicated cockroach,party,p1106,3
2721,complicated cockroach,party,p1107,2
2722,complicated cockroach,party,p1113,1
2723,complicated cockroach,party,p1117,1
2724,complicated cockroach,party,p1120,1
2725,complicated cockroach,party,p1134,2
2726,complicated cockroach,party,p1136,1
2727,complicated cockroach,party,p1138,1
2728,complicated cockroach,party,p1144,1
2729,complicated cockroach,party,p1145,3
2730,complicated cockroach,party,p1147,3
2731,complicated cockroach,party,p1148,3
2732,complicated cockroach,party,p1154,3
2733,complicated cockroach,party,p1159,3
2734,complicated cockroach,party,p1167,3
2735,complicated cockroach,party,p1175,3
2736,complicated cockroach,party,p1178,3
2737,complicated cockroach,party,p1184,1
2738,complicated cockroach,party,p1186,3
2739,complicated cockroach,party,p1196,1
2740,complicated cockroach,party,p1197,3
2741,complicated cockroach,party,p1203,3
2742,complicated cockroach,party,p1219,3
2743,complicated cockroach,party,p1225,1
2744,complicated cockroach,party,p1234,2
2745,complicated cockroach,party,p1242,1
2746,complicated cockroach,party,p1244,3
2747,complicated cockroach,party,p1249,2
2748,complicated cockroach,party,p1250,2
2749,complicated cockroach,party,p1256,1
2750,complicated cockroach,party,p1258,1
2751,complicated cockroach,party,p1260,2
2752,complicated cockroach,party,p1262,1
2753,complicated cockroach,party,p1264,2
2754,complicated cockroach,party,p1265,2
2755,complicated cockroach,party,p1269,1
2756,complicated cockroach,party,p1272,1
2757,complicated cockroach,party,p1278,3
2758,complicated cockroach,party,p1281,3
2759,complicated cockroach,party,p1292,1
2760,complicated cockroach,party,p1299,1
2761,complicated cockroach,party,p1312,2
2762,complicated cockroach,party,p1322,3
2763,complicated cockroach,party,p1326,2
2764,complicated cockroach,party,p1330,3
2765,complicated cockroach,party,p1335,1
2766,complicated cockroach,party,p1337,1
2767,complicated cockroach,party,p1340,1
2768,complicated cockroach,party,p1345,1
2769,complicated cockroach,party,p1351,3
2770,complicated cockroach,party,p1355,1
2771,complicated cockroach,party,p1362,1
2772,complicated cockroach,party,p1365,1
2773,complicated cockroach,party,p1366,2
2774,complicated cockroach,party,p1367,1
2775,complicated cockroach,party,p1370,1
2776,complicated cockroach,party,p1371,1
2777,complicated cockroach,party,p1373,1
2778,complicated cockroach,party,p1375,1
2779,complicated cockroach,party,p1376,3
2780,complicated cockroach,party,p1379,3
2781,complicated cockroach,party,p1381,3
2782,complicated cockroach,party,p1393,1
2783,complicated cockroach,party,p1396,3
2784,complicated cockroach,party,p1398,1
2785,complicated cockroach,party,p1404,3
2786,complicated cockroach,party,p1406,1
2787,complicated cockroach,party,p1407,2
2788,complicated cockroach,party,p1409,2
2789,complicated cockroach,party,p1412,2
2790,complicated cockroach,party,p1414,3
2791,complicated cockroach,party,p1424,1
2792,complicated cockroach,party,p1425,1
2793,complicated cockroach,party,p1429,1
2794,complicated cockroach,party,p1434,1
2795,complicated cockroach,party,p1441,3
2796,complicated cockroach,party,p1445,3
2797,complicated cockroach,party,p1450,1
2798,complicated cockroach,party,p1454,2
2799,complicated cockroach,party,p1456,2
2800,complicated cockroach,party,p1457,3
2801,complicated cockroach,party,p1458,3
2802,complicated cockroach,party,p1469,1
2803,complicated cockroach,party,p1470,1
2804,complicated cockroach,party,p1481,3
2805,complicated cockroach,party,p1488,1
2806,complicated cockroach,party,p1492,2
2807,complicated cockroach,party,p1495,1
2808,complicated cockroach,party,p1497,2
2809,complicated cockroach,party,p1499,1
2810,complicated cockroach,party,p1503,3
2811,complicated cockroach,party,p1511,2
2812,complicated cockroach,party,p1512,3
2813,complicated cockroach,party,p1518,2
2814,complicated cockroach,party,p1519,1
2815,complicated cockroach,party,p1520,1
2816,complicated cockroach,party,p1524,1
2817,complicated cockroach,party,p1526,1
2818,complicated cockroach,party,p1537,3
2819,complicated cockroach,party,p1545,3
2820,complicated cockroach,party,p1547,3
2821,complicated cockroach,party,p1552,3
2822,complicated cockroach,party,p1567,2
2823,complicated cockroach,party,p1568,3
2824,complicated cockroach,party,p1579,1
2825,complicated cockroach,party,p1587,3
2826,complicated cockroach,party,p1596,2
2827,complicated cockroach,party,p1600,3
2828,complicated cockroach,party,p1603,3
2829,complicated cockroach,party,p1604,1
2830,complicated cockroach,party,p1610,2
2831,complicated cockroach,party,p1618,1
2832,complicated cockroach,party,p1619,3
2833,complicated cockroach,party,p1622,1
2834,complicated cockroach,party,p1623,1
2835,complicated cockroach,party,p1630,2
2836,complicated cockroach,party,p1641,1
2837,complicated cockroach,party,p1649,2
2838,complicated cockroach,party,p1652,2
2839,complicated cockroach,party,p1665,3
2840,complicated cockroach,party,p1669,1
2841,complicated cockroach,party,p1685,1
2842,complicated cockroach,party,p1693,3
2843,complicated cockroach,party,p1698,2
2844,complicated cockroach,party,p1704,1
2845,complicated cockroach,party,p1711,3
2846,complicated cockroach,party,p1718,1
2847,complicated cockroach,party,p1732,1
2848,complicated cockroach,party,p1739,3
2849,complicated cockroach,party,p1741,1
2850,complicated cockroach,party,p1746,3
2851,complicated cockroach,party,p1751,1
2852,complicated cockroach,party,p1754,3
2853,complicated cockroach,party,p1769,1
2854,complicated cockroach,party,p1771,2
2855,complicated cockroach,party,p1776,3
2856,complicated cockroach,party,p1780,1
2857,complicated cockroach,party,p1785,3
2858,complicated cockroach,party,p1791,2
2859,complicated cockroach,party,p1793,1
2860,complicated cockroach,party,p1796,1
2861,complicated cockroach,party,p1805,2
2862,complicated cockroach,party,p1812,2
2863,complicated cockroach,party,p1816,2
2864,complicated cockroach,party,p1819,3
2865,complicated cockroach,party,p1825,3
2866,complicated cockroach,party,p1836,1
2867,complicated cockroach,party,p1839,1
2868,complicated cockroach,party,p1861,2
2869,complicated cockroach,party,p1863,3
2870,complicated cockroach,party,p1873,3
2871,complicated cockroach,party,p1875,1
2872,complicated cockroach,party,p1876,3
2873,complicated cockroach,party,p1877,3
2874,complicated cockroach,party,p1880,1
2875,complicated cockroach,party,p1883,1
2876,complicated cockroach,party,p1889,1
2877,complicated cockroach,party,p1893,3
2878,complicated cockroach,party,p1896,2
2879,complicated cockroach,party,p1913,1
2880,complicated cockroach,party,p1922,1
2881,complicated cockroach,party,p1930,1
2882,complicated cockroach,party,p1935,1
2883,complicated cockroach,party,p1940,3
2884,complicated cockroach,party,p1948,1
2885,complicated cockroach,party,p1950,2
2886,complicated cockroach,party,p1954,2
2887,complicated cockroach,party,p1956,2
2888,complicated cockroach,party,p1958,1
2889,complicated cockroach,party,p1967,1
2890,complicated cockroach,party,p1973,3
2891,complicated cockroach,party,p1978,1
2892,complicated cockroach,party,p1983,2
2893,complicated cockroach,party,p1984,3
2894,complicated cockroach,party,p1995,1
2895,complicated cockroach,party,p1996,1
2896,complicated cockroach,party,p1997,1
2897,complicated cockroach,party,p2001,3
2898,complicated cockroach,party,p2002,3
2899,complicated cockroach,party,p2013,3
2900,complicated cockroach,party,p2014,1
2901,complicated cockroach,party,p2016,3
2902,complicated cockroach,party,p2018,1
2903,complicated cockroach,party,p2023,3
2904,complicated cockroach,party,p2025,1
2905,complicated cockroach,party,p2028,3
2906,complicated cockroach,party,p2030,3
2907,complicated cockroach,party,p2033,3
2908,complicated cockroach,party,p2040,3
2909,complicated cockroach,party,p2051,3
2910,complicated cockroach,party,p2052,1
2911,complicated cockroach,party,p2066,3
2912,complicated cockroach,party,p2067,1
2913,complicated cockroach,party,p2073,2
2914,complicated cockroach,party,p2077,1
2915,complicated cockroach,party,p2078,3
2916,complicated cockroach,party,p2086,3
2917,complicated cockroach,party,p2089,1
2918,complicated cockroach,party,p2093,1
2919,complicated cockroach,party,p2094,2
2920,complicated cockroach,party,p2111,1
2921,complicated cockroach,party,p2117,3
2922,complicated cockroach,party,p2121,3
2923,complicated cockroach,party,p2127,1
2924,complicated cockroach,party,p2141,2
2925,complicated cockroach,party,p2142,2
2926,complicated cockroach,party,p2143,1
2927,complicated cockroach,party,p2153,3
2928,complicated cockroach,party,p2155,3
2929,complicated cockroach,party,p2169,1
2930,complicated cockroach,party,p2187,3
2931,complicated cockroach,party,p2188,3
2932,complicated cockroach,party,p2197,1
2933,complicated cockroach,party,p2213,2
2934,complicated cockroach,party,p2214,2
2935,complicated cockroach,party,p2215,1
2936,complicated cockroach,party,p2220,2
2937,complicated cockroach,party,p2223,2
2938,complicated cockroach,party,p2229,2
2939,complicated cockroach,party,p2234,3
2940,complicated cockroach,party,p2237,3
2941,complicated cockroach,party,p2238,1
2942,complicated cockroach,party,p2244,3
2943,complicated cockroach,party,p2248,3
2944,complicated cockroach,party,p2252,3
2945,complicated cockroach,party,p2255,1
2946,complicated cockroach,party,p2261,1
2947,complicated cockroach,party,p2263,3
2948,complicated cockroach,party,p2273,3
2949,complicated cockroach,party,p2275,3
2950,complicated cockroach,party,p2276,3
2951,complicated cockroach,party,p2283,3
2952,complicated cockroach,party,p2287,3
2953,complicated cockroach,party,p2296,3
2954,complicated cockroach,party,p2298,2
2955,complicated cockroach,party,p2304,3
2956,complicated cockroach,party,p2310,3
2957,complicated cockroach,party,p2322,2
2958,complicated cockroach,party,p2326,1
2959,complicated cockroach,party,p2330,1
2960,complicated cockroach,party,p2331,3
2961,complicated cockroach,party,p2333,1
2962,complicated cockroach,party,p2347,3
2963,complicated cockroach,party,p2350,2
2964,complicated cockroach,party,p2351,1
2965,complicated cockroach,party,p2353,3
2966,complicated cockroach,party,p2355,3
2967,complicated cockroach,party,p2363,3
2968,complicated cockroach,party,p2378,2
2969,complicated cockroach,party,p2380,3
2970,complicated cockroach,party,p2387,3
2971,complicated cockroach,party,p2398,1
2972,complicated cockroach,party,p2400,3
2973,complicated cockroach,party,p2403,3
2974,complicated cockroach,party,p2408,3
2975,complicated cockroach,party,p2418,3
2976,complicated cockroach,party,p2426,3
2977,complicated cockroach,party,p2428,2
2978,complicated cockroach,party,p2434,3
2979,complicated cockroach,party,p2446,3
2980,complicated cockroach,party,p2452,1
2981,complicated cockroach,party,p2454,2
2982,complicated cockroach,party,p2462,3
2983,complicated cockroach,party,p2467,1
2984,complicated cockroach,party,p2482,2
2985,complicated cockroach,party,p2489,1
2986,complicated cockroach,party,p2490,3
2987,complicated cockroach,party,p2494,1
2988,complicated cockroach,party,p2502,3
2989,complicated cockroach,party,p2503,3
2990,complicated cockroach,party,p2522,1
2991,complicated cockroach,party,p2524,3
2992,complicated cockroach,party,p2533,3
2993,complicated cockroach,party,p2566,3
2994,complicated cockroach,party,p2571,3
2995,complicated cockroach,party,p2573,2
2996,complicated cockroach,party,p2582,1
2997,complicated cockroach,party,p2591,1
2998,complicated cockroach,party,p2592,2
2999,complicated cockroach,party,p2595,3
