,condition,outcome,persona,response
0,control neckties,gender,p0016,2
1,control neckties,gender,p0022,2
2,control neckties,gender,p0023,1
3,control neckties,gender,p0026,2
4,control neckties,gender,p0034,1
5,control neckties,gender,p0036,1
6,control neckties,gender,p0037,1
7,control neckties,gender,p0042,1
8,control neckties,gender,p0057,2
9,control neckties,gender,p0066,1
10,control neckties,gender,p0069,2
11,control neckties,gender,p0072,2
12,control neckties,gender,p0073,1
13,control neckties,gender,p0082,1
14,control neckties,gender,p0091,1
15,control neckties,gender,p0092,1
16,control neckties,gender,p0093,1
17,control neckties,gender,p0095,1
18,control neckties,gender,p0107,2
19,control neckties,gender,p0114,1
20,control neckties,gender,p0116,1
21,control neckties,gender,p0118,2
22,control neckties,gender,p0119,1
23,control neckties,gender,p0126,1
24,control neckties,gender,p0129,1
25,control neckties,gender,p0136,2
26,control neckties,gender,p0138,1
27,control neckties,gender,p0144,2
28,control neckties,gender,p0150,1
29,control neckties,gender,p0152,2
30,control neckties,gender,p0158,2
31,control neckties,gender,p0161,1
32,control neckties,gender,p0164,2
33,control neckties,gender,p0175,1
34,control neckties,gender,p0177,1
35,control neckties,gender,p0178,1
36,control neckties,gender,p0181,2
37,control neckties,gender,p0186,2
38,control neckties,gender,p0196,2
39,control neckties,gender,p0198,1
40,control neckties,gender,p0202,1
41,control neckties,gender,p0205,1
42,control neckties,gender,p0207,1
43,control neckties,gender,p0211,1
44,control neckties,gender,p0227,2
45,control neckties,gender,p0229,1
46,control neckties,gender,p0232,1
47,control neckties,gender,p0233,2
48,control neckties,gender,p0237,1
49,control neckties,gender,p0258,1
50,control neckties,gender,p0268,1
51,control neckties,gender,p0274,1
52,control neckties,gender,p0275,1
53,control neckties,gender,p0277,1
54,control neckties,gender,p0288,1
55,control neckties,gender,p0291,1
56,control neckties,gender,p0307,1
57,control neckties,gender,p0308,1
58,control neckties,gender,p0317,1
59,control neckties,gender,p0325,2
60,control neckties,gender,p0327,1
61,control neckties,gender,p0334,1
62,control neckties,gender,p0336,1
63,control neckties,gender,p0338,1
64,control neckties,gender,p0342,1
65,control neckties,gender,p0349,1
66,control neckties,gender,p0356,2
67,control neckties,gender,p0358,1
68,control neckties,gender,p0363,1
69,control neckties,gender,p0364,1
70,control neckties,gender,p0369,2
71,control neckties,gender,p0370,2
72,control neckties,gender,p0371,1
73,control neckties,gender,p0379,1
74,control neckties,gender,p0386,1
75,control neckties,gender,p0396,2
76,control neckties,gender,p0403,2
77,control neckties,gender,p0405,2
78,control neckties,gender,p0412,1
79,control neckties,gender,p0415,1
80,control neckties,gender,p0416,1
81,control neckties,gender,p0417,1
82,control neckties,gender,p0418,2
83,control neckties,gender,p0430,1
84,control neckties,gender,p0431,2
85,control neckties,gender,p0434,2
86,control neckties,gender,p0438,2
87,control neckties,gender,p0441,2
88,control neckties,gender,p0442,2
89,control neckties,gender,p0449,1
90,control neckties,gender,p0450,2
91,control neckties,gender,p0465,1
92,control neckties,gender,p0471,2
93,control neckties,gender,p0477,2
94,control neckties,gender,p0483,2
95,control neckties,gender,p0486,1
96,control neckties,gender,p0487,1
97,control neckties,gender,p0489,1
98,control neckties,gender,p0497,1
99,control neckties,gender,p0502,1
100,control neckties,gender,p0503,2
101,control neckties,gender,p0506,1
102,control neckties,gender,p0511,1
103,control neckties,gender,p0523,2
104,control neckties,gender,p0534,1
105,control neckties,gender,p0536,1
106,control neckties,gender,p0542,1
107,control neckties,gender,p0547,2
108,control neckties,gender,p0553,1
109,control neckties,gender,p0559,2
110,control neckties,gender,p0566,1
111,control neckties,gender,p0568,2
112,control neckties,gender,p0570,1
113,control neckties,gender,p0573,2
114,control neckties,gender,p0578,1
115,control neckties,gender,p0594,1
116,control neckties,gender,p0597,1
117,control neckties,gender,p0601,1
118,control neckties,gender,p0602,2
119,control neckties,gender,p0605,1
120,control neckties,gender,p0615,1
121,control neckties,gender,p0620,1
122,control neckties,gender,p0626,2
123,control neckties,gender,p0629,2
124,control neckties,gender,p0633,2
125,control neckties,gender,p0638,2
126,control neckties,gender,p0639,1
127,control neckties,gender,p0640,2
128,control neckties,gender,p0655,2
129,control neckties,gender,p0656,1
130,control neckties,gender,p0658,1
131,control neckties,gender,p0661,1
132,control neckties,gender,p0669,1
133,control neckties,gender,p0670,2
134,control neckties,gender,p0672,2
135,control neckties,gender,p0674,1
136,control neckties,gender,p0678,1
137,control neckties,gender,p0683,2
138,control neckties,gender,p0686,1
139,control neckties,gender,p0687,1
140,control neckties,gender,p0698,2
141,control neckties,gender,p0700,1
142,control neckties,gender,p0703,1
143,control neckties,gender,p0718,1
144,control neckties,gender,p0744,2
145,control neckties,gender,p0745,1
146,control neckties,gender,p0753,2
147,control neckties,gender,p0770,1
148,control neckties,gender,p0771,1
149,control neckties,gender,p0777,1
150,control neckties,gender,p0779,1
151,control neckties,gender,p0780,2
152,control neckties,gender,p0783,1
153,control neckties,gender,p0785,2
154,control neckties,gender,p0786,2
155,control neckties,gender,p0794,1
156,control neckties,gender,p0798,1
157,control neckties,gender,p0800,1
158,control neckties,gender,p0820,2
159,control neckties,gender,p0841,2
160,control neckties,gender,p0849,1
161,control neckties,gender,p0862,1
162,control neckties,gender,p0867,2
163,control neckties,gender,p0869,1
164,control neckties,gender,p0872,1
165,control neckties,gender,p0880,2
166,control neckties,gender,p0891,1
167,control neckties,gender,p0916,2
168,control neckties,gender,p0917,2
169,control neckties,gender,p0919,2
170,control neckties,gender,p0922,2
171,control neckties,gender,p0925,2
172,control neckties,gender,p0927,1
173,control neckties,gender,p0929,2
174,control neckties,gender,p0930,1
175,control neckties,gender,p0931,2
176,control neckties,gender,p0933,2
177,control neckties,gender,p0934,2
178,control neckties,gender,p0936,2
179,control neckties,gender,p0938,1
180,control neckties,gender,p0939,2
181,control neckties,gender,p0946,1
182,control neckties,gender,p0951,1
183,control neckties,gender,p0956,2
184,control neckties,gender,p0962,2
185,control neckties,gender,p0963,1
186,control neckties,gender,p0969,1
187,control neckties,gender,p0972,1
188,control neckties,gender,p0975,1
189,control neckties,gender,p0985,2
190,control neckties,gender,p0993,1
191,control neckties,gender,p0996,2
192,control neckties,gender,p1011,1
193,control neckties,gender,p1017,2
194,control neckties,gender,p1020,1
195,control neckties,gender,p1022,1
196,control neckties,gender,p1024,2
197,control neckties,gender,p1027,1
198,control neckties,gender,p1028,1
199,control neckties,gender,p1029,2
200,control neckties,gender,p1032,1
201,control neckties,gender,p1040,1
202,control neckties,gender,p1047,1
203,control neckties,gender,p1048,1
204,control neckties,gender,p1053,2
205,control neckties,gender,p1057,1
206,control neckties,gender,p1058,2
207,control neckties,gender,p1063,1
208,control neckties,gender,p1064,2
209,control neckties,gender,p1065,1
210,control neckties,gender,p1069,2
211,control neckties,gender,p1072,1
212,control neckties,gender,p1073,1
213,control neckties,gender,p1075,2
214,control neckties,gender,p1076,2
215,control neckties,gender,p1083,2
216,control neckties,gender,p1089,1
217,control neckties,gender,p1093,1
218,control neckties,gender,p1096,2
219,control neckties,gender,p1100,1
220,control neckties,gender,p1106,2
221,control neckties,gender,p1107,2
222,control neckties,gender,p1113,1
223,control neckties,gender,p1117,1
224,control neckties,gender,p1120,1
225,control neckties,gender,p1134,1
226,control neckties,gender,p1136,1
227,control neckties,gender,p1138,2
228,control neckties,gender,p1144,1
229,control neckties,gender,p1145,1
230,control neckties,gender,p1147,2
231,control neckties,gender,p1148,1
232,control neckties,gender,p1154,2
233,control neckties,gender,p1159,1
234,control neckties,gender,p1167,1
235,control neckties,gender,p1175,2
236,control neckties,gender,p1178,2
237,control neckties,gender,p1184,2
238,control neckties,gender,p1186,1
239,control neckties,gender,p1196,1
240,control neckties,gender,p1197,2
241,control neckties,gender,p1203,1
242,control neckties,gender,p1219,2
243,control neckties,gender,p1225,1
244,control neckties,gender,p1234,2
245,control neckties,gender,p1242,1
246,control neckties,gender,p1244,1
247,control neckties,gender,p1249,2
248,control neckties,gender,p1250,1
249,control neckties,gender,p1256,1
250,control neckties,gender,p1258,2
251,control neckties,gender,p1260,1
252,control neckties,gender,p1262,1
253,control neckties,gender,p1264,2
254,control neckties,gender,p1265,2
255,control neckties,gender,p1269,1
256,control neckties,gender,p1272,2
257,control neckties,gender,p1278,1
258,control neckties,gender,p1281,2
259,control neckties,gender,p1292,1
260,control neckties,gender,p1299,2
261,control neckties,gender,p1312,2
262,control neckties,gender,p1322,1
263,control neckties,gender,p1326,2
264,control neckties,gender,p1330,2
265,control neckties,gender,p1335,2
266,control neckties,gender,p1337,1
267,control neckties,gender,p1340,1
268,control neckties,gender,p1345,1
269,control neckties,gender,p1351,1
270,control neckties,gender,p1355,2
271,control neckties,gender,p1362,2
272,control neckties,gender,p1365,1
273,control neckties,gender,p1366,2
274,control neckties,gender,p1367,1
275,control neckties,gender,p1370,2
276,control neckties,gender,p1371,1
277,control neckties,gender,p1373,2
278,control neckties,gender,p1375,2
279,control neckties,gender,p1376,2
280,control neckties,gender,p1379,2
281,control neckties,gender,p1381,2
282,control neckties,gender,p1393,2
283,control neckties,gender,p1396,2
284,control neckties,gender,p1398,1
285,control neckties,gender,p1404,2
286,control neckties,gender,p1406,1
287,control neckties,gender,p1407,2
288,control neckties,gender,p1409,1
289,control neckties,gender,p1412,1
290,control neckties,gender,p1414,1
291,control neckties,gender,p1424,1
292,control neckties,gender,p1425,1
293,control neckties,gender,p1429,2
294,control neckties,gender,p1434,1
295,control neckties,gender,p1441,1
296,control neckties,gender,p1445,1
297,control neckties,gender,p1450,1
298,control neckties,gender,p1454,1
299,control neckties,gender,p1456,1
300,control neckties,gender,p1457,2
301,control neckties,gender,p1458,1
302,control neckties,gender,p1469,1
303,control neckties,gender,p1470,1
304,control neckties,gender,p1481,1
305,control neckties,gender,p1488,2
306,control neckties,gender,p1492,1
307,control neckties,gender,p1495,1
308,control neckties,gender,p1497,2
309,control neckties,gender,p1499,1
310,control neckties,gender,p1503,1
311,control neckties,gender,p1511,1
312,control neckties,gender,p1512,2
313,control neckties,gender,p1518,2
314,control neckties,gender,p1519,2
315,control neckties,gender,p1520,2
316,control neckties,gender,p1524,2
317,control neckties,gender,p1526,2
318,control neckties,gender,p1537,1
319,control neckties,gender,p1545,2
320,control neckties,gender,p1547,2
321,control neckties,gender,p1552,1
322,control neckties,gender,p1567,1
323,control neckties,gender,p1568,2
324,control neckties,gender,p1579,2
325,control neckties,gender,p1587,2
326,control neckties,gender,p1596,1
327,control neckties,gender,p1600,1
328,control neckties,gender,p1603,2
329,control neckties,gender,p1604,2
330,control neckties,gender,p1610,2
331,control neckties,gender,p1618,1
332,control neckties,gender,p1619,1
333,control neckties,gender,p1622,1
334,control neckties,gender,p1623,1
335,control neckties,gender,p1630,1
336,control neckties,gender,p1641,1
337,control neckties,gender,p1649,1
338,control neckties,gender,p1652,1
339,control neckties,gender,p1665,1
340,control neckties,gender,p1669,1
341,control neckties,gender,p1685,1
342,control neckties,gender,p1693,2
343,control neckties,gender,p1698,1
344,control neckties,gender,p1704,1
345,control neckties,gender,p1711,1
346,control neckties,gender,p1718,1
347,control neckties,gender,p1732,1
348,control neckties,gender,p1739,1
349,control neckties,gender,p1741,1
350,control neckties,gender,p1746,1
351,control neckties,gender,p1751,1
352,control neckties,gender,p1754,2
353,control neckties,gender,p1769,2
354,control neckties,gender,p1771,2
355,control neckties,gender,p1776,1
356,control neckties,gender,p1780,1
357,control neckties,gender,p1785,2
358,control neckties,gender,p1791,1
359,control neckties,gender,p1793,1
360,control neckties,gender,p1796,1
361,control neckties,gender,p1805,1
362,control neckties,gender,p1812,1
363,control neckties,gender,p1816,2
364,control neckties,gender,p1819,1
365,control neckties,gender,p1825,1
366,control neckties,gender,p1836,1
367,control neckties,gender,p1839,2
368,control neckties,gender,p1861,1
369,control neckties,gender,p1863,1
370,control neckties,gender,p1873,1
371,control neckties,gender,p1875,1
372,control neckties,gender,p1876,2
373,control neckties,gender,p1877,2
374,control neckties,gender,p1880,2
375,control neckties,gender,p1883,1
376,control neckties,gender,p1889,1
377,control neckties,gender,p1893,1
378,control neckties,gender,p1896,1
379,control neckties,gender,p1913,1
380,control neckties,gender,p1922,1
381,control neckties,gender,p1930,1
382,control neckties,gender,p1935,1
383,control neckties,gender,p1940,1
384,control neckties,gender,p1948,2
385,control neckties,gender,p1950,2
386,control neckties,gender,p1954,1
387,control neckties,gender,p1956,2
388,control neckties,gender,p1958,1
389,control neckties,gender,p1967,2
390,control neckties,gender,p1973,1
391,control neckties,gender,p1978,1
392,control neckties,gender,p1983,1
393,control neckties,gender,p1984,2
394,control neckties,gender,p1995,1
395,control neckties,gender,p1996,2
396,control neckties,gender,p1997,1
397,control neckties,gender,p2001,2
398,control neckties,gender,p2002,2
399,control neckties,gender,p2013,2
400,control neckties,gender,p2014,2
401,control neckties,gender,p2016,1
402,control neckties,gender,p2018,1
403,control neckties,gender,p2023,2
404,control neckties,gender,p2025,1
405,control neckties,gender,p2028,1
406,control neckties,gender,p2030,2
407,control neckties,gender,p2033,1
408,control neckties,gender,p2040,1
409,control neckties,gender,p2051,2
410,control neckties,gender,p2052,1
411,control neckties,gender,p2066,1
412,control neckties,gender,p2067,1
413,control neckties,gender,p2073,1
414,control neckties,gender,p2077,2
415,control neckties,gender,p2078,2
416,control neckties,gender,p2086,1
417,control neckties,gender,p2089,1
418,control neckties,gender,p2093,1
419,control neckties,gender,p2094,2
420,control neckties,gender,p2111,2
421,control neckties,gender,p2117,2
422,control neckties,gender,p2121,1
423,control neckties,gender,p2127,1
424,control neckties,gender,p2141,1
425,control neckties,gender,p2142,2
426,control neckties,gender,p2143,1
427,control neckties,gender,p2153,2
428,control neckties,gender,p2155,2
429,control neckties,gender,p2169,1
430,control neckties,gender,p2187,1
431,control neckties,gender,p2188,1
432,control neckties,gender,p2197,2
433,control neckties,gender,p2213,2
434,control neckties,gender,p2214,2
435,control neckties,gender,p2215,2
436,control neckties,gender,p2220,1
437,control neckties,gender,p2223,2
438,control neckties,gender,p2229,1
439,control neckties,gender,p2234,2
440,control neckties,gender,p2237,2
441,control neckties,gender,p2238,1
442,control neckties,gender,p2244,2
443,control neckties,gender,p2248,2
444,control neckties,gender,p2252,1
445,control neckties,gender,p2255,1
446,control neckties,gender,p2261,1
447,control neckties,gender,p2263,2
448,control neckties,gender,p2273,2
449,control neckties,gender,p2275,2
450,control neckties,gender,p2276,2
451,control neckties,gender,p2283,2
452,control neckties,gender,p2287,2
453,control neckties,gender,p2296,1
454,control neckties,gender,p2298,1
455,control neckties,gender,p2304,1
456,control neckties,gender,p2310,2
457,control neckties,gender,p2322,2
458,control neckties,gender,p2326,2
459,control neckties,gender,p2330,2
460,control neckties,gender,p2331,1
461,control neckties,gender,p2333,1
462,control neckties,gender,p2347,2
463,control neckties,gender,p2350,2
464,control neckties,gender,p2351,1
465,control neckties,gender,p2353,2
466,control neckties,gender,p2355,2
467,control neckties,gender,p2363,2
468,control neckties,gender,p2378,2
469,control neckties,gender,p2380,1
470,control neckties,gender,p2387,2
471,control neckties,gender,p2398,1
472,control neckties,gender,p2400,1
473,control neckties,gender,p2403,2
474,control neckties,gender,p2408,2
475,control neckties,gender,p2418,2
476,control neckties,gender,p2426,1
477,control neckties,gender,p2428,2
478,control neckties,gender,p2434,2
479,control neckties,gender,p2446,1
480,control neckties,gender,p2452,1
481,control neckties,gender,p2454,2
482,control neckties,gender,p2462,1
483,control neckties,gender,p2467,1
484,control neckties,gender,p2482,2
485,control neckties,gender,p2489,1
486,control neckties,gender,p2490,2
487,control neckties,gender,p2494,2
488,control neckties,gender,p2502,1
489,control neckties,gender,p2503,2
490,control neckties,gender,p2522,1
491,control neckties,gender,p2524,1
492,control neckties,gender,p2533,2
493,control neckties,gender,p2566,2
494,control neckties,gender,p2571,1
495,control neckties,gender,p2573,1
496,control neckties,gender,p2582,1
497,control neckties,gender,p2591,1
498,control neckties,gender,p2592,2
499,control neckties,gender,p2595,2
500,control neckties,year_birth,p0016,1970
501,control neckties,year_birth,p0022,1991
502,control neckties,year_birth,p0023,1958
503,control neckties,year_birth,p0026,1965
504,control neckties,year_birth,p0034,1950
505,control neckties,year_birth,p0036,1994
506,control neckties,year_birth,p0037,1969
507,control neckties,year_birth,p0042,1960
508,control neckties,year_birth,p0057,1981
509,control neckties,year_birth,p0066,1966
510,control neckties,year_birth,p0069,1986
511,control neckties,year_birth,p0072,1987
512,control neckties,year_birth,p0073,1982
513,control neckties,year_birth,p0082,1973
514,control neckties,year_birth,p0091,1995
515,control neckties,year_birth,p0092,1980
516,control neckties,year_birth,p0093,1947
517,control neckties,year_birth,p0095,1946
518,control neckties,year_birth,p0107,1964
519,control neckties,year_birth,p0114,1987
520,control neckties,year_birth,p0116,1986
521,control neckties,year_birth,p0118,1998
522,control neckties,year_birth,p0119,1989
523,control neckties,year_birth,p0126,1961
524,control neckties,year_birth,p0129,1951
525,control neckties,year_birth,p0136,1986
526,control neckties,year_birth,p0138,1947
527,control neckties,year_birth,p0144,1989
528,control neckties,year_birth,p0150,1975
529,control neckties,year_birth,p0152,1973
530,control neckties,year_birth,p0158,1948
531,control neckties,year_birth,p0161,1984
532,control neckties,year_birth,p0164,1955
533,control neckties,year_birth,p0175,1954
534,control neckties,year_birth,p0177,1972
535,control neckties,year_birth,p0178,1991
536,control neckties,year_birth,p0181,1970
537,control neckties,year_birth,p0186,1968
538,control neckties,year_birth,p0196,1993
539,control neckties,year_birth,p0198,1949
540,control neckties,year_birth,p0202,1950
541,control neckties,year_birth,p0205,1944
542,control neckties,year_birth,p0207,1932
543,control neckties,year_birth,p0211,1947
544,control neckties,year_birth,p0227,1978
545,control neckties,year_birth,p0229,1957
546,control neckties,year_birth,p0232,1939
547,control neckties,year_birth,p0233,1951
548,control neckties,year_birth,p0237,1984
549,control neckties,year_birth,p0258,1936
550,control neckties,year_birth,p0268,1927
551,control neckties,year_birth,p0274,1981
552,control neckties,year_birth,p0275,1970
553,control neckties,year_birth,p0277,1975
554,control neckties,year_birth,p0288,1970
555,control neckties,year_birth,p0291,1936
556,control neckties,year_birth,p0307,1996
557,control neckties,year_birth,p0308,1998
558,control neckties,year_birth,p0317,1960
559,control neckties,year_birth,p0325,1989
560,control neckties,year_birth,p0327,1958
561,control neckties,year_birth,p0334,1956
562,control neckties,year_birth,p0336,1987
563,control neckties,year_birth,p0338,1977
564,control neckties,year_birth,p0342,1981
565,control neckties,year_birth,p0349,1975
566,control neckties,year_birth,p0356,1991
567,control neckties,year_birth,p0358,1956
568,control neckties,year_birth,p0363,1956
569,control neckties,year_birth,p0364,1981
570,control neckties,year_birth,p0369,1989
571,control neckties,year_birth,p0370,1983
572,control neckties,year_birth,p0371,1959
573,control neckties,year_birth,p0379,1962
574,control neckties,year_birth,p0386,1986
575,control neckties,year_birth,p0396,1987
576,control neckties,year_birth,p0403,1988
577,control neckties,year_birth,p0405,1990
578,control neckties,year_birth,p0412,1963
579,control neckties,year_birth,p0415,1992
580,control neckties,year_birth,p0416,1982
581,control neckties,year_birth,p0417,1983
582,control neckties,year_birth,p0418,1952
583,control neckties,year_birth,p0430,1944
584,control neckties,year_birth,p0431,1998
585,control neckties,year_birth,p0434,1964
586,control neckties,year_birth,p0438,1977
587,control neckties,year_birth,p0441,1988
588,control neckties,year_birth,p0442,1994
589,control neckties,year_birth,p0449,1957
590,control neckties,year_birth,p0450,1951
591,control neckties,year_birth,p0465,1965
592,control neckties,year_birth,p0471,1987
593,control neckties,year_birth,p0477,1970
594,control neckties,year_birth,p0483,1993
595,control neckties,year_birth,p0486,1990
596,control neckties,year_birth,p0487,1983
597,control neckties,year_birth,p0489,1959
598,control neckties,year_birth,p0497,1946
599,control neckties,year_birth,p0502,1953
600,control neckties,year_birth,p0503,1991
601,control neckties,year_birth,p0506,1987
602,control neckties,year_birth,p0511,1989
603,control neckties,year_birth,p0523,1993
604,control neckties,year_birth,p0534,1954
605,control neckties,year_birth,p0536,1982
606,control neckties,year_birth,p0542,1948
607,control neckties,year_birth,p0547,1954
608,control neckties,year_birth,p0553,1966
609,control neckties,year_birth,p0559,1991
610,control neckties,year_birth,p0566,1984
611,control neckties,year_birth,p0568,1972
612,control neckties,year_birth,p0570,1977
613,control neckties,year_birth,p0573,1987
614,control neckties,year_birth,p0578,1967
615,control neckties,year_birth,p0594,1984
616,control neckties,year_birth,p0597,1958
617,control neckties,year_birth,p0601,1996
618,control neckties,year_birth,p0602,1952
619,control neckties,year_birth,p0605,1987
620,control neckties,year_birth,p0615,1966
621,control neckties,year_birth,p0620,1994
622,control neckties,year_birth,p0626,1980
623,control neckties,year_birth,p0629,1995
624,control neckties,year_birth,p0633,1996
625,control neckties,year_birth,p0638,1989
626,control neckties,year_birth,p0639,1976
627,control neckties,year_birth,p0640,1951
628,control neckties,year_birth,p0655,1998
629,control neckties,year_birth,p0656,1991
630,control neckties,year_birth,p0658,1968
631,control neckties,year_birth,p0661,1988
632,control neckties,year_birth,p0669,1960
633,control neckties,year_birth,p0670,1980
634,control neckties,year_birth,p0672,1973
635,control neckties,year_birth,p0674,1985
636,control neckties,year_birth,p0678,1978
637,control neckties,year_birth,p0683,1949
638,control neckties,year_birth,p0686,1977
639,control neckties,year_birth,p0687,1953
640,control neckties,year_birth,p0698,1963
641,control neckties,year_birth,p0700,1981
642,control neckties,year_birth,p0703,1970
643,control neckties,year_birth,p0718,1984
644,control neckties,year_birth,p0744,1987
645,control neckties,year_birth,p0745,1987
646,control neckties,year_birth,p0753,1992
647,control neckties,year_birth,p0770,1985
648,control neckties,year_birth,p0771,1964
649,control neckties,year_birth,p0777,1982
650,control neckties,year_birth,p0779,1964
651,control neckties,year_birth,p0780,1970
652,control neckties,year_birth,p0783,1947
653,control neckties,year_birth,p0785,1994
654,control neckties,year_birth,p0786,1970
655,control neckties,year_birth,p0794,1952
656,control neckties,year_birth,p0798,1947
657,control neckties,year_birth,p0800,1967
658,control neckties,year_birth,p0820,1982
659,control neckties,year_birth,p0841,1985
660,control neckties,year_birth,p0849,1970
661,control neckties,year_birth,p0862,1989
662,control neckties,year_birth,p0867,1969
663,control neckties,year_birth,p0869,1955
664,control neckties,year_birth,p0872,1972
665,control neckties,year_birth,p0880,1993
666,control neckties,year_birth,p0891,1984
667,control neckties,year_birth,p0916,1989
668,control neckties,year_birth,p0917,1987
669,control neckties,year_birth,p0919,1991
670,control neckties,year_birth,p0922,1957
671,control neckties,year_birth,p0925,1966
672,control neckties,year_birth,p0927,1990
673,control neckties,year_birth,p0929,1991
674,control neckties,year_birth,p0930,1984
675,control neckties,year_birth,p0931,1958
676,control neckties,year_birth,p0933,1986
677,control neckties,year_birth,p0934,1978
678,control neckties,year_birth,p0936,1976
679,control neckties,year_birth,p0938,1982
680,control neckties,year_birth,p0939,1984
681,control neckties,year_birth,p0946,1980
682,control neckties,year_birth,p0951,1963
683,control neckties,year_birth,p0956,1988
684,control neckties,year_birth,p0962,1942
685,control neckties,year_birth,p0963,1990
686,control neckties,year_birth,p0969,1960
687,control neckties,year_birth,p0972,1956
688,control neckties,year_birth,p0975,1952
689,control neckties,year_birth,p0985,1994
690,control neckties,year_birth,p0993,1983
691,control neckties,year_birth,p0996,1956
692,control neckties,year_birth,p1011,1961
693,control neckties,year_birth,p1017,1992
694,control neckties,year_birth,p1020,1953
695,control neckties,year_birth,p1022,1995
696,control neckties,year_birth,p1024,1972
697,control neckties,year_birth,p1027,1996
698,control neckties,year_birth,p1028,1985
699,control neckties,year_birth,p1029,1986
700,control neckties,year_birth,p1032,1972
701,control neckties,year_birth,p1040,1990
702,control neckties,year_birth,p1047,1997
703,control neckties,year_birth,p1048,1985
704,control neckties,year_birth,p1053,1987
705,control neckties,year_birth,p1057,1986
706,control neckties,year_birth,p1058,1988
707,control neckties,year_birth,p1063,1960
708,control neckties,year_birth,p1064,1955
709,control neckties,year_birth,p1065,1955
710,control neckties,year_birth,p1069,1981
711,control neckties,year_birth,p1072,1986
712,control neckties,year_birth,p1073,1980
713,control neckties,year_birth,p1075,1965
714,control neckties,year_birth,p1076,1997
715,control neckties,year_birth,p1083,1950
716,control neckties,year_birth,p1089,1992
717,control neckties,year_birth,p1093,1995
718,control neckties,year_birth,p1096,1988
719,control neckties,year_birth,p1100,1972
720,control neckties,year_birth,p1106,1988
721,control neckties,year_birth,p1107,1955
722,control neckties,year_birth,p1113,1984
723,control neckties,year_birth,p1117,1940
724,control neckties,year_birth,p1120,1956
725,control neckties,year_birth,p1134,1951
726,control neckties,year_birth,p1136,1967
727,control neckties,year_birth,p1138,1969
728,control neckties,year_birth,p1144,1962
729,control neckties,year_birth,p1145,1952
730,control neckties,year_birth,p1147,1989
731,control neckties,year_birth,p1148,1982
732,control neckties,year_birth,p1154,1985
733,control neckties,year_birth,p1159,1957
734,control neckties,year_birth,p1167,1965
735,control neckties,year_birth,p1175,1989
736,control neckties,year_birth,p1178,1989
737,control neckties,year_birth,p1184,1979
738,control neckties,year_birth,p1186,1970
739,control neckties,year_birth,p1196,1996
740,control neckties,year_birth,p1197,1974
741,control neckties,year_birth,p1203,1954
742,control neckties,year_birth,p1219,1994
743,control neckties,year_birth,p1225,1952
744,control neckties,year_birth,p1234,1996
745,control neckties,year_birth,p1242,1954
746,control neckties,year_birth,p1244,1976
747,control neckties,year_birth,p1249,1972
748,control neckties,year_birth,p1250,1960
749,control neckties,year_birth,p1256,1979
750,control neckties,year_birth,p1258,1986
751,control neckties,year_birth,p1260,1982
752,control neckties,year_birth,p1262,1972
753,control neckties,year_birth,p1264,1997
754,control neckties,year_birth,p1265,1987
755,control neckties,year_birth,p1269,1983
756,control neckties,year_birth,p1272,1998
757,control neckties,year_birth,p1278,1988
758,control neckties,year_birth,p1281,1989
759,control neckties,year_birth,p1292,1990
760,control neckties,year_birth,p1299,1964
761,control neckties,year_birth,p1312,1984
762,control neckties,year_birth,p1322,1986
763,control neckties,year_birth,p1326,1985
764,control neckties,year_birth,p1330,1962
765,control neckties,year_birth,p1335,1991
766,control neckties,year_birth,p1337,1965
767,control neckties,year_birth,p1340,1983
768,control neckties,year_birth,p1345,1960
769,control neckties,year_birth,p1351,1932
770,control neckties,year_birth,p1355,1991
771,control neckties,year_birth,p1362,1941
772,control neckties,year_birth,p1365,1961
773,control neckties,year_birth,p1366,1958
774,control neckties,year_birth,p1367,1984
775,control neckties,year_birth,p1370,1936
776,control neckties,year_birth,p1371,1969
777,control neckties,year_birth,p1373,1991
778,control neckties,year_birth,p1375,1980
779,control neckties,year_birth,p1376,1986
780,control neckties,year_birth,p1379,1977
781,control neckties,year_birth,p1381,1952
782,control neckties,year_birth,p1393,1974
783,control neckties,year_birth,p1396,1970
784,control neckties,year_birth,p1398,1978
785,control neckties,year_birth,p1404,1960
786,control neckties,year_birth,p1406,1961
787,control neckties,year_birth,p1407,1987
788,control neckties,year_birth,p1409,1954
789,control neckties,year_birth,p1412,1966
790,control neckties,year_birth,p1414,1981
791,control neckties,year_birth,p1424,1968
792,control neckties,year_birth,p1425,1968
793,control neckties,year_birth,p1429,1971
794,control neckties,year_birth,p1434,1976
795,control neckties,year_birth,p1441,1975
796,control neckties,year_birth,p1445,1956
797,control neckties,year_birth,p1450,1993
798,control neckties,year_birth,p1454,1967
799,control neckties,year_birth,p1456,1978
800,control neckties,year_birth,p1457,1987
801,control neckties,year_birth,p1458,1966
802,control neckties,year_birth,p1469,1979
803,control neckties,year_birth,p1470,1961
804,control neckties,year_birth,p1481,1958
805,control neckties,year_birth,p1488,1973
806,control neckties,year_birth,p1492,1976
807,control neckties,year_birth,p1495,1943
808,control neckties,year_birth,p1497,1965
809,control neckties,year_birth,p1499,1993
810,control neckties,year_birth,p1503,1963
811,control neckties,year_birth,p1511,1960
812,control neckties,year_birth,p1512,1989
813,control neckties,year_birth,p1518,1992
814,control neckties,year_birth,p1519,1995
815,control neckties,year_birth,p1520,1988
816,control neckties,year_birth,p1524,1968
817,control neckties,year_birth,p1526,1982
818,control neckties,year_birth,p1537,1937
819,control neckties,year_birth,p1545,1975
820,control neckties,year_birth,p1547,1968
821,control neckties,year_birth,p1552,1989
822,control neckties,year_birth,p1567,1949
823,control neckties,year_birth,p1568,1950
824,control neckties,year_birth,p1579,1951
825,control neckties,year_birth,p1587,1965
826,control neckties,year_birth,p1596,1953
827,control neckties,year_birth,p1600,1974
828,control neckties,year_birth,p1603,1990
829,control neckties,year_birth,p1604,1955
830,control neckties,year_birth,p1610,1978
831,control neckties,year_birth,p1618,1971
832,control neckties,year_birth,p1619,1948
833,control neckties,year_birth,p1622,1956
834,control neckties,year_birth,p1623,1971
835,control neckties,year_birth,p1630,1999
836,control neckties,year_birth,p1641,1944
837,control neckties,year_birth,p1649,1943
838,control neckties,year_birth,p1652,1971
839,control neckties,year_birth,p1665,1980
840,control neckties,year_birth,p1669,1968
841,control neckties,year_birth,p1685,1956
842,control neckties,year_birth,p1693,1986
843,control neckties,year_birth,p1698,1973
844,control neckties,year_birth,p1704,1976
845,control neckties,year_birth,p1711,1969
846,control neckties,year_birth,p1718,1975
847,control neckties,year_birth,p1732,1971
848,control neckties,year_birth,p1739,1943
849,control neckties,year_birth,p1741,1942
850,control neckties,year_birth,p1746,1975
851,control neckties,year_birth,p1751,1987
852,control neckties,year_birth,p1754,1959
853,control neckties,year_birth,p1769,1971
854,control neckties,year_birth,p1771,1968
855,control neckties,year_birth,p1776,1953
856,control neckties,year_birth,p1780,1969
857,control neckties,year_birth,p1785,1979
858,control neckties,year_birth,p1791,1986
859,control neckties,year_birth,p1793,1957
860,control neckties,year_birth,p1796,1952
861,control neckties,year_birth,p1805,1981
862,control neckties,year_birth,p1812,1979
863,control neckties,year_birth,p1816,1972
864,control neckties,year_birth,p1819,1972
865,control neckties,year_birth,p1825,1951
866,control neckties,year_birth,p1836,1995
867,control neckties,year_birth,p1839,1940
868,control neckties,year_birth,p1861,1961
869,control neckties,year_birth,p1863,1930
870,control neckties,year_birth,p1873,1979
871,control neckties,year_birth,p1875,1955
872,control neckties,year_birth,p1876,1971
873,control neckties,year_birth,p1877,1996
874,control neckties,year_birth,p1880,1977
875,control neckties,year_birth,p1883,1970
876,control neckties,year_birth,p1889,1978
877,control neckties,year_birth,p1893,1982
878,control neckties,year_birth,p1896,1991
879,control neckties,year_birth,p1913,1969
880,control neckties,year_birth,p1922,1942
881,control neckties,year_birth,p1930,1970
882,control neckties,year_birth,p1935,1946
883,control neckties,year_birth,p1940,1977
884,control neckties,year_birth,p1948,1994
885,control neckties,year_birth,p1950,1963
886,control neckties,year_birth,p1954,1972
887,control neckties,year_birth,p1956,1959
888,control neckties,year_birth,p1958,1978
889,control neckties,year_birth,p1967,1979
890,control neckties,year_birth,p1973,1995
891,control neckties,year_birth,p1978,1953
892,control neckties,year_birth,p1983,1976
893,control neckties,year_birth,p1984,1956
894,control neckties,year_birth,p1995,1942
895,control neckties,year_birth,p1996,1977
896,control neckties,year_birth,p1997,1972
897,control neckties,year_birth,p2001,1977
898,control neckties,year_birth,p2002,1968
899,control neckties,year_birth,p2013,1980
900,control neckties,year_birth,p2014,1968
901,control neckties,year_birth,p2016,1962
902,control neckties,year_birth,p2018,1980
903,control neckties,year_birth,p2023,1969
904,control neckties,year_birth,p2025,1937
905,control neckties,year_birth,p2028,1953
906,control neckties,year_birth,p2030,1973
907,control neckties,year_birth,p2033,1978
908,control neckties,year_birth,p2040,1947
909,control neckties,year_birth,p2051,1991
910,control neckties,year_birth,p2052,1971
911,control neckties,year_birth,p2066,1942
912,control neckties,year_birth,p2067,1953
913,control neckties,year_birth,p2073,1994
914,control neckties,year_birth,p2077,1994
915,control neckties,year_birth,p2078,1988
916,control neckties,year_birth,p2086,1964
917,control neckties,year_birth,p2089,1981
918,control neckties,year_birth,p2093,1956
919,control neckties,year_birth,p2094,1945
920,control neckties,year_birth,p2111,1997
921,control neckties,year_birth,p2117,1979
922,control neckties,year_birth,p2121,1958
923,control neckties,year_birth,p2127,1969
924,control neckties,year_birth,p2141,1996
925,control neckties,year_birth,p2142,1999
926,control neckties,year_birth,p2143,1971
927,control neckties,year_birth,p2153,1984
928,control neckties,year_birth,p2155,1973
929,control neckties,year_birth,p2169,1961
930,control neckties,year_birth,p2187,1991
931,control neckties,year_birth,p2188,1974
932,control neckties,year_birth,p2197,1986
933,control neckties,year_birth,p2213,1997
934,control neckties,year_birth,p2214,1989
935,control neckties,year_birth,p2215,1992
936,control neckties,year_birth,p2220,1971
937,control neckties,year_birth,p2223,1990
938,control neckties,year_birth,p2229,1985
939,control neckties,year_birth,p2234,1991
940,control neckties,year_birth,p2237,1960
941,control neckties,year_birth,p2238,1957
942,control neckties,year_birth,p2244,1987
943,control neckties,year_birth,p2248,1966
944,control neckties,year_birth,p2252,1999
945,control neckties,year_birth,p2255,1950
946,control neckties,year_birth,p2261,1960
947,control neckties,year_birth,p2263,1974
948,control neckties,year_birth,p2273,1993
949,control neckties,year_birth,p2275,1984
950,control neckties,year_birth,p2276,1985
951,control neckties,year_birth,p2283,1964
952,control neckties,year_birth,p2287,1957
953,control neckties,year_birth,p2296,1992
954,control neckties,year_birth,p2298,1994
955,control neckties,year_birth,p2304,1995
956,control neckties,year_birth,p2310,1986
957,control neckties,year_birth,p2322,1988
958,control neckties,year_birth,p2326,1990
959,control neckties,year_birth,p2330,1996
960,control neckties,year_birth,p2331,1997
961,control neckties,year_birth,p2333,1967
962,control neckties,year_birth,p2347,1972
963,control neckties,year_birth,p2350,1989
964,control neckties,year_birth,p2351,1986
965,control neckties,year_birth,p2353,1998
966,control neckties,year_birth,p2355,1988
967,control neckties,year_birth,p2363,1982
968,control neckties,year_birth,p2378,1994
969,control neckties,year_birth,p2380,1994
970,control neckties,year_birth,p2387,1986
971,control neckties,year_birth,p2398,1990
972,control neckties,year_birth,p2400,1961
973,control neckties,year_birth,p2403,1971
974,control neckties,year_birth,p2408,1980
975,control neckties,year_birth,p2418,1987
976,control neckties,year_birth,p2426,1951
977,control neckties,year_birth,p2428,1989
978,control neckties,year_birth,p2434,1968
979,control neckties,year_birth,p2446,1983
980,control neckties,year_birth,p2452,1975
981,control neckties,year_birth,p2454,1978
982,control neckties,year_birth,p2462,1993
983,control neckties,year_birth,p2467,1972
984,control neckties,year_birth,p2482,1967
985,control neckties,year_birth,p2489,1952
986,control neckties,year_birth,p2490,1998
987,control neckties,year_birth,p2494,1947
988,control neckties,year_birth,p2502,1955
989,control neckties,year_birth,p2503,1987
990,control neckties,year_birth,p2522,1945
991,control neckties,year_birth,p2524,1946
992,control neckties,year_birth,p2533,1951
993,control neckties,year_birth,p2566,1968
994,control neckties,year_birth,p2571,1952
995,control neckties,year_birth,p2573,1969
996,control neckties,year_birth,p2582,1985
997,control neckties,year_birth,p2591,1986
998,control neckties,year_birth,p2592,1981
999,control neckties,year_birth,p2595,1973
1000,control neckties,race,p0016,1
1001,control neckties,race,p0022,1
1002,control neckties,race,p0023,1
1003,control neckties,race,p0026,1
1004,control neckties,race,p0034,1
1005,control neckties,race,p0036,1
1006,control neckties,race,p0037,1
1007,control neckties,race,p0042,1
1008,control neckties,race,p0057,1
1009,control neckties,race,p0066,1
1010,control neckties,race,p0069,1
1011,control neckties,race,p0072,1
1012,control neckties,race,p0073,1
1013,control neckties,race,p0082,1
1014,control neckties,race,p0091,1
1015,control neckties,race,p0092,2
1016,control neckties,race,p0093,1
1017,control neckties,race,p0095,1
1018,control neckties,race,p0107,1
1019,control neckties,race,p0114,1
1020,control neckties,race,p0116,1
1021,control neckties,race,p0118,1
1022,control neckties,race,p0119,1
1023,control neckties,race,p0126,1
1024,control neckties,race,p0129,1
1025,control neckties,race,p0136,1
1026,control neckties,race,p0138,1
1027,control neckties,race,p0144,5
1028,control neckties,race,p0150,2
1029,control neckties,race,p0152,1
1030,control neckties,race,p0158,1
1031,control neckties,race,p0161,1
1032,control neckties,race,p0164,1
1033,control neckties,race,p0175,1
1034,control neckties,race,p0177,5
1035,control neckties,race,p0178,1
1036,control neckties,race,p0181,1
1037,control neckties,race,p0186,1
1038,control neckties,race,p0196,1
1039,control neckties,race,p0198,1
1040,control neckties,race,p0202,1
1041,control neckties,race,p0205,1
1042,control neckties,race,p0207,1
1043,control neckties,race,p0211,1
1044,control neckties,race,p0227,5
1045,control neckties,race,p0229,2
1046,control neckties,race,p0232,1
1047,control neckties,race,p0233,1
1048,control neckties,race,p0237,1
1049,control neckties,race,p0258,1
1050,control neckties,race,p0268,1
1051,control neckties,race,p0274,2
1052,control neckties,race,p0275,2
1053,control neckties,race,p0277,2
1054,control neckties,race,p0288,2
1055,control neckties,race,p0291,1
1056,control neckties,race,p0307,1
1057,control neckties,race,p0308,1
1058,control neckties,race,p0317,1
1059,control neckties,race,p0325,1
1060,control neckties,race,p0327,1
1061,control neckties,race,p0334,1
1062,control neckties,race,p0336,1
1063,control neckties,race,p0338,1
1064,control neckties,race,p0342,2
1065,control neckties,race,p0349,1
1066,control neckties,race,p0356,1
1067,control neckties,race,p0358,1
1068,control neckties,race,p0363,1
1069,control neckties,race,p0364,1
1070,control neckties,race,p0369,1
1071,control neckties,race,p0370,1
1072,control neckties,race,p0371,1
1073,control neckties,race,p0379,1
1074,control neckties,race,p0386,1
1075,control neckties,race,p0396,1
1076,control neckties,race,p0403,2
1077,control neckties,race,p0405,1
1078,control neckties,race,p0412,1
1079,control neckties,race,p0415,1
1080,control neckties,race,p0416,1
1081,control neckties,race,p0417,1
1082,control neckties,race,p0418,1
1083,control neckties,race,p0430,1
1084,control neckties,race,p0431,1
1085,control neckties,race,p0434,1
1086,control neckties,race,p0438,1
1087,control neckties,race,p0441,5
1088,control neckties,race,p0442,2
1089,control neckties,race,p0449,1
1090,control neckties,race,p0450,1
1091,control neckties,race,p0465,1
1092,control neckties,race,p0471,1
1093,control neckties,race,p0477,1
1094,control neckties,race,p0483,2
1095,control neckties,race,p0486,1
1096,control neckties,race,p0487,1
1097,control neckties,race,p0489,1
1098,control neckties,race,p0497,1
1099,control neckties,race,p0502,1
1100,control neckties,race,p0503,1
1101,control neckties,race,p0506,1
1102,control neckties,race,p0511,1
1103,control neckties,race,p0523,1
1104,control neckties,race,p0534,1
1105,control neckties,race,p0536,1
1106,control neckties,race,p0542,1
1107,control neckties,race,p0547,1
1108,control neckties,race,p0553,1
1109,control neckties,race,p0559,1
1110,control neckties,race,p0566,1
1111,control neckties,race,p0568,5
1112,control neckties,race,p0570,2
1113,control neckties,race,p0573,1
1114,control neckties,race,p0578,1
1115,control neckties,race,p0594,1
1116,control neckties,race,p0597,1
1117,control neckties,race,p0601,1
1118,control neckties,race,p0602,1
1119,control neckties,race,p0605,1
1120,control neckties,race,p0615,1
1121,control neckties,race,p0620,1
1122,control neckties,race,p0626,1
1123,control neckties,race,p0629,1
1124,control neckties,race,p0633,1
1125,control neckties,race,p0638,1
1126,control neckties,race,p0639,1
1127,control neckties,race,p0640,1
1128,control neckties,race,p0655,1
1129,control neckties,race,p0656,2
1130,control neckties,race,p0658,1
1131,control neckties,race,p0661,1
1132,control neckties,race,p0669,1
1133,control neckties,race,p0670,2
1134,control neckties,race,p0672,5
1135,control neckties,race,p0674,1
1136,control neckties,race,p0678,1
1137,control neckties,race,p0683,1
1138,control neckties,race,p0686,1
1139,control neckties,race,p0687,5
1140,control neckties,race,p0698,1
1141,control neckties,race,p0700,1
1142,control neckties,race,p0703,1
1143,control neckties,race,p0718,2
1144,control neckties,race,p0744,1
1145,control neckties,race,p0745,1
1146,control neckties,race,p0753,1
1147,control neckties,race,p0770,1
1148,control neckties,race,p0771,5
1149,control neckties,race,p0777,1
1150,control neckties,race,p0779,1
1151,control neckties,race,p0780,1
1152,control neckties,race,p0783,1
1153,control neckties,race,p0785,1
1154,control neckties,race,p0786,2
1155,control neckties,race,p0794,1
1156,control neckties,race,p0798,1
1157,control neckties,race,p0800,1
1158,control neckties,race,p0820,1
1159,control neckties,race,p0841,1
1160,control neckties,race,p0849,1
1161,control neckties,race,p0862,5
1162,control neckties,race,p0867,2
1163,control neckties,race,p0869,1
1164,control neckties,race,p0872,1
1165,control neckties,race,p0880,5
1166,control neckties,race,p0891,1
1167,control neckties,race,p0916,1
1168,control neckties,race,p0917,1
1169,control neckties,race,p0919,1
1170,control neckties,race,p0922,1
1171,control neckties,race,p0925,1
1172,control neckties,race,p0927,1
1173,control neckties,race,p0929,1
1174,control neckties,race,p0930,1
1175,control neckties,race,p0931,1
1176,control neckties,race,p0933,5
1177,control neckties,race,p0934,1
1178,control neckties,race,p0936,1
1179,control neckties,race,p0938,1
1180,control neckties,race,p0939,1
1181,control neckties,race,p0946,1
1182,control neckties,race,p0951,2
1183,control neckties,race,p0956,1
1184,control neckties,race,p0962,1
1185,control neckties,race,p0963,1
1186,control neckties,race,p0969,1
1187,control neckties,race,p0972,1
1188,control neckties,race,p0975,1
1189,control neckties,race,p0985,2
1190,control neckties,race,p0993,2
1191,control neckties,race,p0996,1
1192,control neckties,race,p1011,1
1193,control neckties,race,p1017,1
1194,control neckties,race,p1020,1
1195,control neckties,race,p1022,1
1196,control neckties,race,p1024,1
1197,control neckties,race,p1027,5
1198,control neckties,race,p1028,1
1199,control neckties,race,p1029,2
1200,control neckties,race,p1032,1
1201,control neckties,race,p1040,5
1202,control neckties,race,p1047,2
1203,control neckties,race,p1048,1
1204,control neckties,race,p1053,5
1205,control neckties,race,p1057,1
1206,control neckties,race,p1058,1
1207,control neckties,race,p1063,1
1208,control neckties,race,p1064,1
1209,control neckties,race,p1065,1
1210,control neckties,race,p1069,1
1211,control neckties,race,p1072,1
1212,control neckties,race,p1073,2
1213,control neckties,race,p1075,1
1214,control neckties,race,p1076,2
1215,control neckties,race,p1083,1
1216,control neckties,race,p1089,1
1217,control neckties,race,p1093,1
1218,control neckties,race,p1096,1
1219,control neckties,race,p1100,1
1220,control neckties,race,p1106,2
1221,control neckties,race,p1107,1
1222,control neckties,race,p1113,1
1223,control neckties,race,p1117,1
1224,control neckties,race,p1120,1
1225,control neckties,race,p1134,1
1226,control neckties,race,p1136,1
1227,control neckties,race,p1138,1
1228,control neckties,race,p1144,1
1229,control neckties,race,p1145,1
1230,control neckties,race,p1147,1
1231,control neckties,race,p1148,1
1232,control neckties,race,p1154,1
1233,control neckties,race,p1159,2
1234,control neckties,race,p1167,5
1235,control neckties,race,p1175,1
1236,control neckties,race,p1178,1
1237,control neckties,race,p1184,1
1238,control neckties,race,p1186,1
1239,control neckties,race,p1196,1
1240,control neckties,race,p1197,5
1241,control neckties,race,p1203,1
1242,control neckties,race,p1219,2
1243,control neckties,race,p1225,1
1244,control neckties,race,p1234,1
1245,control neckties,race,p1242,1
1246,control neckties,race,p1244,1
1247,control neckties,race,p1249,1
1248,control neckties,race,p1250,1
1249,control neckties,race,p1256,5
1250,control neckties,race,p1258,1
1251,control neckties,race,p1260,2
1252,control neckties,race,p1262,1
1253,control neckties,race,p1264,1
1254,control neckties,race,p1265,1
1255,control neckties,race,p1269,1
1256,control neckties,race,p1272,1
1257,control neckties,race,p1278,1
1258,control neckties,race,p1281,5
1259,control neckties,race,p1292,1
1260,control neckties,race,p1299,1
1261,control neckties,race,p1312,1
1262,control neckties,race,p1322,1
1263,control neckties,race,p1326,1
1264,control neckties,race,p1330,1
1265,control neckties,race,p1335,1
1266,control neckties,race,p1337,1
1267,control neckties,race,p1340,1
1268,control neckties,race,p1345,1
1269,control neckties,race,p1351,1
1270,control neckties,race,p1355,1
1271,control neckties,race,p1362,1
1272,control neckties,race,p1365,1
1273,control neckties,race,p1366,1
1274,control neckties,race,p1367,1
1275,control neckties,race,p1370,1
1276,control neckties,race,p1371,1
1277,control neckties,race,p1373,1
1278,control neckties,race,p1375,1
1279,control neckties,race,p1376,1
1280,control neckties,race,p1379,2
1281,control neckties,race,p1381,1
1282,control neckties,race,p1393,1
1283,control neckties,race,p1396,5
1284,control neckties,race,p1398,5
1285,control neckties,race,p1404,1
1286,control neckties,race,p1406,1
1287,control neckties,race,p1407,1
1288,control neckties,race,p1409,1
1289,control neckties,race,p1412,2
1290,control neckties,race,p1414,1
1291,control neckties,race,p1424,1
1292,control neckties,race,p1425,1
1293,control neckties,race,p1429,2
1294,control neckties,race,p1434,1
1295,control neckties,race,p1441,2
1296,control neckties,race,p1445,2
1297,control neckties,race,p1450,1
1298,control neckties,race,p1454,1
1299,control neckties,race,p1456,1
1300,control neckties,race,p1457,2
1301,control neckties,race,p1458,1
1302,control neckties,race,p1469,1
1303,control neckties,race,p1470,1
1304,control neckties,race,p1481,5
1305,control neckties,race,p1488,5
1306,control neckties,race,p1492,1
1307,control neckties,race,p1495,1
1308,control neckties,race,p1497,1
1309,control neckties,race,p1499,1
1310,control neckties,race,p1503,1
1311,control neckties,race,p1511,1
1312,control neckties,race,p1512,1
1313,control neckties,race,p1518,1
1314,control neckties,race,p1519,1
1315,control neckties,race,p1520,1
1316,control neckties,race,p1524,1
1317,control neckties,race,p1526,1
1318,control neckties,race,p1537,1
1319,control neckties,race,p1545,1
1320,control neckties,race,p1547,2
1321,control neckties,race,p1552,5
1322,control neckties,race,p1567,1
1323,control neckties,race,p1568,1
1324,control neckties,race,p1579,1
1325,control neckties,race,p1587,2
1326,control neckties,race,p1596,1
1327,control neckties,race,p1600,1
1328,control neckties,race,p1603,2
1329,control neckties,race,p1604,1
1330,control neckties,race,p1610,1
1331,control neckties,race,p1618,1
1332,control neckties,race,p1619,1
1333,control neckties,race,p1622,5
1334,control neckties,race,p1623,5
1335,control neckties,race,p1630,1
1336,control neckties,race,p1641,1
1337,control neckties,race,p1649,5
1338,control neckties,race,p1652,5
1339,control neckties,race,p1665,1
1340,control neckties,race,p1669,1
1341,control neckties,race,p1685,1
1342,control neckties,race,p1693,1
1343,control neckties,race,p1698,2
1344,control neckties,race,p1704,1
1345,control neckties,race,p1711,1
1346,control neckties,race,p1718,1
1347,control neckties,race,p1732,1
1348,control neckties,race,p1739,1
1349,control neckties,race,p1741,1
1350,control neckties,race,p1746,1
1351,control neckties,race,p1751,1
1352,control neckties,race,p1754,1
1353,control neckties,race,p1769,1
1354,control neckties,race,p1771,1
1355,control neckties,race,p1776,2
1356,control neckties,race,p1780,1
1357,control neckties,race,p1785,1
1358,control neckties,race,p1791,2
1359,control neckties,race,p1793,1
1360,control neckties,race,p1796,1
1361,control neckties,race,p1805,1
1362,control neckties,race,p1812,1
1363,control neckties,race,p1816,1
1364,control neckties,race,p1819,1
1365,control neckties,race,p1825,1
1366,control neckties,race,p1836,1
1367,control neckties,race,p1839,1
1368,control neckties,race,p1861,5
1369,control neckties,race,p1863,1
1370,control neckties,race,p1873,1
1371,control neckties,race,p1875,1
1372,control neckties,race,p1876,1
1373,control neckties,race,p1877,1
1374,control neckties,race,p1880,1
1375,control neckties,race,p1883,5
1376,control neckties,race,p1889,1
1377,control neckties,race,p1893,5
1378,control neckties,race,p1896,1
1379,control neckties,race,p1913,1
1380,control neckties,race,p1922,1
1381,control neckties,race,p1930,1
1382,control neckties,race,p1935,1
1383,control neckties,race,p1940,5
1384,control neckties,race,p1948,1
1385,control neckties,race,p1950,1
1386,control neckties,race,p1954,1
1387,control neckties,race,p1956,1
1388,control neckties,race,p1958,1
1389,control neckties,race,p1967,1
1390,control neckties,race,p1973,1
1391,control neckties,race,p1978,1
1392,control neckties,race,p1983,1
1393,control neckties,race,p1984,2
1394,control neckties,race,p1995,1
1395,control neckties,race,p1996,1
1396,control neckties,race,p1997,1
1397,control neckties,race,p2001,1
1398,control neckties,race,p2002,2
1399,control neckties,race,p2013,1
1400,control neckties,race,p2014,1
1401,control neckties,race,p2016,5
1402,control neckties,race,p2018,2
1403,control neckties,race,p2023,1
1404,control neckties,race,p2025,1
1405,control neckties,race,p2028,1
1406,control neckties,race,p2030,1
1407,control neckties,race,p2033,1
1408,control neckties,race,p2040,2
1409,control neckties,race,p2051,1
1410,control neckties,race,p2052,1
1411,control neckties,race,p2066,1
1412,control neckties,race,p2067,1
1413,control neckties,race,p2073,1
1414,control neckties,race,p2077,2
1415,control neckties,race,p2078,5
1416,control neckties,race,p2086,1
1417,control neckties,race,p2089,1
1418,control neckties,race,p2093,1
1419,control neckties,race,p2094,1
1420,control neckties,race,p2111,2
1421,control neckties,race,p2117,1
1422,control neckties,race,p2121,1
1423,control neckties,race,p2127,1
1424,control neckties,race,p2141,1
1425,control neckties,race,p2142,2
1426,control neckties,race,p2143,1
1427,control neckties,race,p2153,3
1428,control neckties,race,p2155,3
1429,control neckties,race,p2169,3
1430,control neckties,race,p2187,3
1431,control neckties,race,p2188,3
1432,control neckties,race,p2197,3
1433,control neckties,race,p2213,3
1434,control neckties,race,p2214,3
1435,control neckties,race,p2215,3
1436,control neckties,race,p2220,3
1437,control neckties,race,p2223,3
1438,control neckties,race,p2229,3
1439,control neckties,race,p2234,3
1440,control neckties,race,p2237,3
1441,control neckties,race,p2238,3
1442,control neckties,race,p2244,3
1443,control neckties,race,p2248,3
1444,control neckties,race,p2252,3
1445,control neckties,race,p2255,3
1446,control neckties,race,p2261,3
1447,control neckties,race,p2263,3
1448,control neckties,race,p2273,3
1449,control neckties,race,p2275,3
1450,control neckties,race,p2276,3
1451,control neckties,race,p2283,3
1452,control neckties,race,p2287,3
1453,control neckties,race,p2296,3
1454,control neckties,race,p2298,3
1455,control neckties,race,p2304,3
1456,control neckties,race,p2310,3
1457,control neckties,race,p2322,3
1458,control neckties,race,p2326,3
1459,control neckties,race,p2330,3
1460,control neckties,race,p2331,3
1461,control neckties,race,p2333,3
1462,control neckties,race,p2347,3
1463,control neckties,race,p2350,3
1464,control neckties,race,p2351,3
1465,control neckties,race,p2353,3
1466,control neckties,race,p2355,3
1467,control neckties,race,p2363,3
1468,control neckties,race,p2378,3
1469,control neckties,race,p2380,3
1470,control neckties,race,p2387,3
1471,control neckties,race,p2398,3
1472,control neckties,race,p2400,3
1473,control neckties,race,p2403,3
1474,control neckties,race,p2408,3
1475,control neckties,race,p2418,3
1476,control neckties,race,p2426,3
1477,control neckties,race,p2428,3
1478,control neckties,race,p2434,3
1479,control neckties,race,p2446,3
1480,control neckties,race,p2452,3
1481,control neckties,race,p2454,3
1482,control neckties,race,p2462,3
1483,control neckties,race,p2467,3
1484,control neckties,race,p2482,3
1485,control neckties,race,p2489,3
1486,control neckties,race,p2490,3
1487,control neckties,race,p2494,3
1488,control neckties,race,p2502,3
1489,control neckties,race,p2503,3
1490,control neckties,race,p2522,3
1491,control neckties,race,p2524,3
1492,control neckties,race,p2533,3
1493,control neckties,race,p2566,3
1494,control neckties,race,p2571,3
1495,control neckties,race,p2573,3
1496,control neckties,race,p2582,3
1497,control neckties,race,p2591,3
1498,control neckties,race,p2592,3
1499,control neckties,race,p2595,3
1500,control neckties,education,p0016,4
1501,control neckties,education,p0022,4
1502,control neckties,education,p0023,5
1503,control neckties,education,p0026,4
1504,control neckties,education,p0034,3
1505,control neckties,education,p0036,3
1506,control neckties,education,p0037,4
1507,control neckties,education,p0042,3
1508,control neckties,education,p0057,3
1509,control neckties,education,p0066,4
1510,control neckties,education,p0069,3
1511,control neckties,education,p0072,4
1512,control neckties,education,p0073,4
1513,control neckties,education,p0082,4
1514,control neckties,education,p0091,4
1515,control neckties,education,p0092,2
1516,control neckties,education,p0093,4
1517,control neckties,education,p0095,3
1518,control neckties,education,p0107,3
1519,control neckties,education,p0114,5
1520,control neckties,education,p0116,2
1521,control neckties,education,p0118,3
1522,control neckties,education,p0119,3
1523,control neckties,education,p0126,3
1524,control neckties,education,p0129,5
1525,control neckties,education,p0136,3
1526,control neckties,education,p0138,2
1527,control neckties,education,p0144,4
1528,control neckties,education,p0150,2
1529,control neckties,education,p0152,3
1530,control neckties,education,p0158,2
1531,control neckties,education,p0161,3
1532,control neckties,education,p0164,2
1533,control neckties,education,p0175,3
1534,control neckties,education,p0177,4
1535,control neckties,education,p0178,6
1536,control neckties,education,p0181,4
1537,control neckties,education,p0186,3
1538,control neckties,education,p0196,4
1539,control neckties,education,p0198,5
1540,control neckties,education,p0202,4
1541,control neckties,education,p0205,5
1542,control neckties,education,p0207,4
1543,control neckties,education,p0211,3
1544,control neckties,education,p0227,5
1545,control neckties,education,p0229,2
1546,control neckties,education,p0232,5
1547,control neckties,education,p0233,2
1548,control neckties,education,p0237,5
1549,control neckties,education,p0258,4
1550,control neckties,education,p0268,2
1551,control neckties,education,p0274,5
1552,control neckties,education,p0275,4
1553,control neckties,education,p0277,4
1554,control neckties,education,p0288,4
1555,control neckties,education,p0291,4
1556,control neckties,education,p0307,3
1557,control neckties,education,p0308,3
1558,control neckties,education,p0317,3
1559,control neckties,education,p0325,4
1560,control neckties,education,p0327,5
1561,control neckties,education,p0334,6
1562,control neckties,education,p0336,4
1563,control neckties,education,p0338,1
1564,control neckties,education,p0342,4
1565,control neckties,education,p0349,5
1566,control neckties,education,p0356,4
1567,control neckties,education,p0358,4
1568,control neckties,education,p0363,4
1569,control neckties,education,p0364,5
1570,control neckties,education,p0369,5
1571,control neckties,education,p0370,2
1572,control neckties,education,p0371,4
1573,control neckties,education,p0379,3
1574,control neckties,education,p0386,5
1575,control neckties,education,p0396,5
1576,control neckties,education,p0403,3
1577,control neckties,education,p0405,4
1578,control neckties,education,p0412,4
1579,control neckties,education,p0415,3
1580,control neckties,education,p0416,4
1581,control neckties,education,p0417,2
1582,control neckties,education,p0418,2
1583,control neckties,education,p0430,5
1584,control neckties,education,p0431,5
1585,control neckties,education,p0434,2
1586,control neckties,education,p0438,4
1587,control neckties,education,p0441,5
1588,control neckties,education,p0442,3
1589,control neckties,education,p0449,5
1590,control neckties,education,p0450,4
1591,control neckties,education,p0465,5
1592,control neckties,education,p0471,3
1593,control neckties,education,p0477,3
1594,control neckties,education,p0483,5
1595,control neckties,education,p0486,3
1596,control neckties,education,p0487,4
1597,control neckties,education,p0489,5
1598,control neckties,education,p0497,6
1599,control neckties,education,p0502,5
1600,control neckties,education,p0503,4
1601,control neckties,education,p0506,3
1602,control neckties,education,p0511,4
1603,control neckties,education,p0523,5
1604,control neckties,education,p0534,6
1605,control neckties,education,p0536,3
1606,control neckties,education,p0542,4
1607,control neckties,education,p0547,2
1608,control neckties,education,p0553,4
1609,control neckties,education,p0559,4
1610,control neckties,education,p0566,4
1611,control neckties,education,p0568,3
1612,control neckties,education,p0570,1
1613,control neckties,education,p0573,3
1614,control neckties,education,p0578,2
1615,control neckties,education,p0594,2
1616,control neckties,education,p0597,2
1617,control neckties,education,p0601,2
1618,control neckties,education,p0602,2
1619,control neckties,education,p0605,3
1620,control neckties,education,p0615,3
1621,control neckties,education,p0620,4
1622,control neckties,education,p0626,3
1623,control neckties,education,p0629,4
1624,control neckties,education,p0633,3
1625,control neckties,education,p0638,4
1626,control neckties,education,p0639,4
1627,control neckties,education,p0640,2
1628,control neckties,education,p0655,3
1629,control neckties,education,p0656,3
1630,control neckties,education,p0658,5
1631,control neckties,education,p0661,4
1632,control neckties,education,p0669,4
1633,control neckties,education,p0670,2
1634,control neckties,education,p0672,5
1635,control neckties,education,p0674,4
1636,control neckties,education,p0678,5
1637,control neckties,education,p0683,2
1638,control neckties,education,p0686,3
1639,control neckties,education,p0687,4
1640,control neckties,education,p0698,2
1641,control neckties,education,p0700,4
1642,control neckties,education,p0703,2
1643,control neckties,education,p0718,2
1644,control neckties,education,p0744,4
1645,control neckties,education,p0745,4
1646,control neckties,education,p0753,4
1647,control neckties,education,p0770,4
1648,control neckties,education,p0771,4
1649,control neckties,education,p0777,5
1650,control neckties,education,p0779,4
1651,control neckties,education,p0780,3
1652,control neckties,education,p0783,3
1653,control neckties,education,p0785,4
1654,control neckties,education,p0786,3
1655,control neckties,education,p0794,4
1656,control neckties,education,p0798,5
1657,control neckties,education,p0800,4
1658,control neckties,education,p0820,3
1659,control neckties,education,p0841,3
1660,control neckties,education,p0849,3
1661,control neckties,education,p0862,5
1662,control neckties,education,p0867,5
1663,control neckties,education,p0869,3
1664,control neckties,education,p0872,4
1665,control neckties,education,p0880,2
1666,control neckties,education,p0891,3
1667,control neckties,education,p0916,5
1668,control neckties,education,p0917,4
1669,control neckties,education,p0919,4
1670,control neckties,education,p0922,2
1671,control neckties,education,p0925,2
1672,control neckties,education,p0927,4
1673,control neckties,education,p0929,3
1674,control neckties,education,p0930,4
1675,control neckties,education,p0931,2
1676,control neckties,education,p0933,2
1677,control neckties,education,p0934,3
1678,control neckties,education,p0936,4
1679,control neckties,education,p0938,2
1680,control neckties,education,p0939,2
1681,control neckties,education,p0946,4
1682,control neckties,education,p0951,3
1683,control neckties,education,p0956,3
1684,control neckties,education,p0962,2
1685,control neckties,education,p0963,3
1686,control neckties,education,p0969,4
1687,control neckties,education,p0972,3
1688,control neckties,education,p0975,3
1689,control neckties,education,p0985,2
1690,control neckties,education,p0993,2
1691,control neckties,education,p0996,2
1692,control neckties,education,p1011,2
1693,control neckties,education,p1017,2
1694,control neckties,education,p1020,2
1695,control neckties,education,p1022,4
1696,control neckties,education,p1024,1
1697,control neckties,education,p1027,4
1698,control neckties,education,p1028,5
1699,control neckties,education,p1029,2
1700,control neckties,education,p1032,4
1701,control neckties,education,p1040,4
1702,control neckties,education,p1047,3
1703,control neckties,education,p1048,3
1704,control neckties,education,p1053,3
1705,control neckties,education,p1057,3
1706,control neckties,education,p1058,4
1707,control neckties,education,p1063,4
1708,control neckties,education,p1064,2
1709,control neckties,education,p1065,3
1710,control neckties,education,p1069,3
1711,control neckties,education,p1072,3
1712,control neckties,education,p1073,4
1713,control neckties,education,p1075,3
1714,control neckties,education,p1076,2
1715,control neckties,education,p1083,2
1716,control neckties,education,p1089,4
1717,control neckties,education,p1093,4
1718,control neckties,education,p1096,4
1719,control neckties,education,p1100,4
1720,control neckties,education,p1106,5
1721,control neckties,education,p1107,1
1722,control neckties,education,p1113,3
1723,control neckties,education,p1117,1
1724,control neckties,education,p1120,3
1725,control neckties,education,p1134,4
1726,control neckties,education,p1136,2
1727,control neckties,education,p1138,4
1728,control neckties,education,p1144,3
1729,control neckties,education,p1145,5
1730,control neckties,education,p1147,5
1731,control neckties,education,p1148,4
1732,control neckties,education,p1154,3
1733,control neckties,education,p1159,2
1734,control neckties,education,p1167,5
1735,control neckties,education,p1175,3
1736,control neckties,education,p1178,4
1737,control neckties,education,p1184,4
1738,control neckties,education,p1186,4
1739,control neckties,education,p1196,2
1740,control neckties,education,p1197,3
1741,control neckties,education,p1203,4
1742,control neckties,education,p1219,2
1743,control neckties,education,p1225,5
1744,control neckties,education,p1234,3
1745,control neckties,education,p1242,3
1746,control neckties,education,p1244,4
1747,control neckties,education,p1249,3
1748,control neckties,education,p1250,4
1749,control neckties,education,p1256,5
1750,control neckties,education,p1258,3
1751,control neckties,education,p1260,2
1752,control neckties,education,p1262,4
1753,control neckties,education,p1264,2
1754,control neckties,education,p1265,5
1755,control neckties,education,p1269,4
1756,control neckties,education,p1272,3
1757,control neckties,education,p1278,4
1758,control neckties,education,p1281,3
1759,control neckties,education,p1292,4
1760,control neckties,education,p1299,2
1761,control neckties,education,p1312,2
1762,control neckties,education,p1322,3
1763,control neckties,education,p1326,4
1764,control neckties,education,p1330,3
1765,control neckties,education,p1335,3
1766,control neckties,education,p1337,4
1767,control neckties,education,p1340,4
1768,control neckties,education,p1345,2
1769,control neckties,education,p1351,3
1770,control neckties,education,p1355,2
1771,control neckties,education,p1362,2
1772,control neckties,education,p1365,4
1773,control neckties,education,p1366,3
1774,control neckties,education,p1367,3
1775,control neckties,education,p1370,2
1776,control neckties,education,p1371,4
1777,control neckties,education,p1373,3
1778,control neckties,education,p1375,4
1779,control neckties,education,p1376,3
1780,control neckties,education,p1379,5
1781,control neckties,education,p1381,2
1782,control neckties,education,p1393,5
1783,control neckties,education,p1396,4
1784,control neckties,education,p1398,5
1785,control neckties,education,p1404,2
1786,control neckties,education,p1406,2
1787,control neckties,education,p1407,2
1788,control neckties,education,p1409,4
1789,control neckties,education,p1412,2
1790,control neckties,education,p1414,5
1791,control neckties,education,p1424,2
1792,control neckties,education,p1425,3
1793,control neckties,education,p1429,3
1794,control neckties,education,p1434,4
1795,control neckties,education,p1441,2
1796,control neckties,education,p1445,2
1797,control neckties,education,p1450,2
1798,control neckties,education,p1454,5
1799,control neckties,education,p1456,4
1800,control neckties,education,p1457,3
1801,control neckties,education,p1458,5
1802,control neckties,education,p1469,3
1803,control neckties,education,p1470,4
1804,control neckties,education,p1481,4
1805,control neckties,education,p1488,4
1806,control neckties,education,p1492,5
1807,control neckties,education,p1495,2
1808,control neckties,education,p1497,2
1809,control neckties,education,p1499,4
1810,control neckties,education,p1503,4
1811,control neckties,education,p1511,4
1812,control neckties,education,p1512,2
1813,control neckties,education,p1518,3
1814,control neckties,education,p1519,4
1815,control neckties,education,p1520,3
1816,control neckties,education,p1524,2
1817,control neckties,education,p1526,5
1818,control neckties,education,p1537,2
1819,control neckties,education,p1545,3
1820,control neckties,education,p1547,2
1821,control neckties,education,p1552,4
1822,control neckties,education,p1567,4
1823,control neckties,education,p1568,3
1824,control neckties,education,p1579,2
1825,control neckties,education,p1587,1
1826,control neckties,education,p1596,2
1827,control neckties,education,p1600,4
1828,control neckties,education,p1603,3
1829,control neckties,education,p1604,2
1830,control neckties,education,p1610,2
1831,control neckties,education,p1618,4
1832,control neckties,education,p1619,5
1833,control neckties,education,p1622,5
1834,control neckties,education,p1623,4
1835,control neckties,education,p1630,4
1836,control neckties,education,p1641,4
1837,control neckties,education,p1649,3
1838,control neckties,education,p1652,4
1839,control neckties,education,p1665,4
1840,control neckties,education,p1669,4
1841,control neckties,education,p1685,4
1842,control neckties,education,p1693,3
1843,control neckties,education,p1698,5
1844,control neckties,education,p1704,5
1845,control neckties,education,p1711,4
1846,control neckties,education,p1718,2
1847,control neckties,education,p1732,2
1848,control neckties,education,p1739,4
1849,control neckties,education,p1741,4
1850,control neckties,education,p1746,2
1851,control neckties,education,p1751,3
1852,control neckties,education,p1754,2
1853,control neckties,education,p1769,4
1854,control neckties,education,p1771,2
1855,control neckties,education,p1776,1
1856,control neckties,education,p1780,4
1857,control neckties,education,p1785,3
1858,control neckties,education,p1791,5
1859,control neckties,education,p1793,6
1860,control neckties,education,p1796,4
1861,control neckties,education,p1805,3
1862,control neckties,education,p1812,3
1863,control neckties,education,p1816,3
1864,control neckties,education,p1819,5
1865,control neckties,education,p1825,5
1866,control neckties,education,p1836,4
1867,control neckties,education,p1839,2
1868,control neckties,education,p1861,4
1869,control neckties,education,p1863,5
1870,control neckties,education,p1873,5
1871,control neckties,education,p1875,2
1872,control neckties,education,p1876,4
1873,control neckties,education,p1877,4
1874,control neckties,education,p1880,2
1875,control neckties,education,p1883,2
1876,control neckties,education,p1889,4
1877,control neckties,education,p1893,3
1878,control neckties,education,p1896,4
1879,control neckties,education,p1913,3
1880,control neckties,education,p1922,5
1881,control neckties,education,p1930,4
1882,control neckties,education,p1935,3
1883,control neckties,education,p1940,5
1884,control neckties,education,p1948,4
1885,control neckties,education,p1950,2
1886,control neckties,education,p1954,3
1887,control neckties,education,p1956,3
1888,control neckties,education,p1958,3
1889,control neckties,education,p1967,5
1890,control neckties,education,p1973,5
1891,control neckties,education,p1978,3
1892,control neckties,education,p1983,5
1893,control neckties,education,p1984,3
1894,control neckties,education,p1995,3
1895,control neckties,education,p1996,3
1896,control neckties,education,p1997,4
1897,control neckties,education,p2001,2
1898,control neckties,education,p2002,3
1899,control neckties,education,p2013,5
1900,control neckties,education,p2014,2
1901,control neckties,education,p2016,5
1902,control neckties,education,p2018,2
1903,control neckties,education,p2023,3
1904,control neckties,education,p2025,4
1905,control neckties,education,p2028,3
1906,control neckties,education,p2030,3
1907,control neckties,education,p2033,3
1908,control neckties,education,p2040,5
1909,control neckties,education,p2051,3
1910,control neckties,education,p2052,4
1911,control neckties,education,p2066,2
1912,control neckties,education,p2067,3
1913,control neckties,education,p2073,4
1914,control neckties,education,p2077,3
1915,control neckties,education,p2078,5
1916,control neckties,education,p2086,4
1917,control neckties,education,p2089,4
1918,control neckties,education,p2093,4
1919,control neckties,education,p2094,3
1920,control neckties,education,p2111,2
1921,control neckties,education,p2117,4
1922,control neckties,education,p2121,4
1923,control neckties,education,p2127,3
1924,control neckties,education,p2141,4
1925,control neckties,education,p2142,3
1926,control neckties,education,p2143,4
1927,control neckties,education,p2153,4
1928,control neckties,education,p2155,3
1929,control neckties,education,p2169,3
1930,control neckties,education,p2187,4
1931,control neckties,education,p2188,4
1932,control neckties,education,p2197,3
1933,control neckties,education,p2213,3
1934,control neckties,education,p2214,3
1935,control neckties,education,p2215,4
1936,control neckties,education,p2220,5
1937,control neckties,education,p2223,3
1938,control neckties,education,p2229,4
1939,control neckties,education,p2234,3
1940,control neckties,education,p2237,5
1941,control neckties,education,p2238,5
1942,control neckties,education,p2244,4
1943,control neckties,education,p2248,2
1944,control neckties,education,p2252,4
1945,control neckties,education,p2255,2
1946,control neckties,education,p2261,3
1947,control neckties,education,p2263,3
1948,control neckties,education,p2273,5
1949,control neckties,education,p2275,3
1950,control neckties,education,p2276,4
1951,control neckties,education,p2283,3
1952,control neckties,education,p2287,2
1953,control neckties,education,p2296,3
1954,control neckties,education,p2298,3
1955,control neckties,education,p2304,4
1956,control neckties,education,p2310,2
1957,control neckties,education,p2322,2
1958,control neckties,education,p2326,4
1959,control neckties,education,p2330,3
1960,control neckties,education,p2331,3
1961,control neckties,education,p2333,2
1962,control neckties,education,p2347,2
1963,control neckties,education,p2350,3
1964,control neckties,education,p2351,4
1965,control neckties,education,p2353,3
1966,control neckties,education,p2355,1
1967,control neckties,education,p2363,1
1968,control neckties,education,p2378,4
1969,control neckties,education,p2380,3
1970,control neckties,education,p2387,3
1971,control neckties,education,p2398,2
1972,control neckties,education,p2400,3
1973,control neckties,education,p2403,5
1974,control neckties,education,p2408,3
1975,control neckties,education,p2418,2
1976,control neckties,education,p2426,3
1977,control neckties,education,p2428,2
1978,control neckties,education,p2434,5
1979,control neckties,education,p2446,3
1980,control neckties,education,p2452,2
1981,control neckties,education,p2454,2
1982,control neckties,education,p2462,3
1983,control neckties,education,p2467,4
1984,control neckties,education,p2482,3
1985,control neckties,education,p2489,3
1986,control neckties,education,p2490,2
1987,control neckties,education,p2494,3
1988,control neckties,education,p2502,4
1989,control neckties,education,p2503,3
1990,control neckties,education,p2522,3
1991,control neckties,education,p2524,3
1992,control neckties,education,p2533,1
1993,control neckties,education,p2566,3
1994,control neckties,education,p2571,3
1995,control neckties,education,p2573,1
1996,control neckties,education,p2582,4
1997,control neckties,education,p2591,2
1998,control neckties,education,p2592,3
1999,control neckties,education,p2595,4
2000,control neckties,income,p0016,3
2001,control neckties,income,p0022,4
2002,control neckties,income,p0023,4
2003,control neckties,income,p0026,4
2004,control neckties,income,p0034,3
2005,control neckties,income,p0036,3
2006,control neckties,income,p0037,4
2007,control neckties,income,p0042,3
2008,control neckties,income,p0057,3
2009,control neckties,income,p0066,4
2010,control neckties,income,p0069,1
2011,control neckties,income,p0072,4
2012,control neckties,income,p0073,4
2013,control neckties,income,p0082,4
2014,control neckties,income,p0091,4
2015,control neckties,income,p0092,2
2016,control neckties,income,p0093,4
2017,control neckties,income,p0095,3
2018,control neckties,income,p0107,3
2019,control neckties,income,p0114,3
2020,control neckties,income,p0116,3
2021,control neckties,income,p0118,3
2022,control neckties,income,p0119,3
2023,control neckties,income,p0126,3
2024,control neckties,income,p0129,4
2025,control neckties,income,p0136,3
2026,control neckties,income,p0138,3
2027,control neckties,income,p0144,3
2028,control neckties,income,p0150,1
2029,control neckties,income,p0152,3
2030,control neckties,income,p0158,2
2031,control neckties,income,p0161,4
2032,control neckties,income,p0164,3
2033,control neckties,income,p0175,4
2034,control neckties,income,p0177,4
2035,control neckties,income,p0178,4
2036,control neckties,income,p0181,4
2037,control neckties,income,p0186,2
2038,control neckties,income,p0196,4
2039,control neckties,income,p0198,4
2040,control neckties,income,p0202,3
2041,control neckties,income,p0205,4
2042,control neckties,income,p0207,3
2043,control neckties,income,p0211,3
2044,control neckties,income,p0227,4
2045,control neckties,income,p0229,3
2046,control neckties,income,p0232,4
2047,control neckties,income,p0233,2
2048,control neckties,income,p0237,3
2049,control neckties,income,p0258,3
2050,control neckties,income,p0268,2
2051,control neckties,income,p0274,3
2052,control neckties,income,p0275,2
2053,control neckties,income,p0277,1
2054,control neckties,income,p0288,3
2055,control neckties,income,p0291,3
2056,control neckties,income,p0307,1
2057,control neckties,income,p0308,3
2058,control neckties,income,p0317,4
2059,control neckties,income,p0325,4
2060,control neckties,income,p0327,4
2061,control neckties,income,p0334,4
2062,control neckties,income,p0336,4
2063,control neckties,income,p0338,2
2064,control neckties,income,p0342,4
2065,control neckties,income,p0349,3
2066,control neckties,income,p0356,3
2067,control neckties,income,p0358,1
2068,control neckties,income,p0363,3
2069,control neckties,income,p0364,4
2070,control neckties,income,p0369,4
2071,control neckties,income,p0370,2
2072,control neckties,income,p0371,3
2073,control neckties,income,p0379,3
2074,control neckties,income,p0386,3
2075,control neckties,income,p0396,3
2076,control neckties,income,p0403,2
2077,control neckties,income,p0405,4
2078,control neckties,income,p0412,4
2079,control neckties,income,p0415,4
2080,control neckties,income,p0416,4
2081,control neckties,income,p0417,3
2082,control neckties,income,p0418,3
2083,control neckties,income,p0430,4
2084,control neckties,income,p0431,4
2085,control neckties,income,p0434,3
2086,control neckties,income,p0438,4
2087,control neckties,income,p0441,4
2088,control neckties,income,p0442,2
2089,control neckties,income,p0449,4
2090,control neckties,income,p0450,4
2091,control neckties,income,p0465,4
2092,control neckties,income,p0471,3
2093,control neckties,income,p0477,3
2094,control neckties,income,p0483,3
2095,control neckties,income,p0486,3
2096,control neckties,income,p0487,3
2097,control neckties,income,p0489,4
2098,control neckties,income,p0497,4
2099,control neckties,income,p0502,4
2100,control neckties,income,p0503,2
2101,control neckties,income,p0506,3
2102,control neckties,income,p0511,4
2103,control neckties,income,p0523,2
2104,control neckties,income,p0534,4
2105,control neckties,income,p0536,3
2106,control neckties,income,p0542,4
2107,control neckties,income,p0547,3
2108,control neckties,income,p0553,4
2109,control neckties,income,p0559,4
2110,control neckties,income,p0566,4
2111,control neckties,income,p0568,3
2112,control neckties,income,p0570,2
2113,control neckties,income,p0573,3
2114,control neckties,income,p0578,2
2115,control neckties,income,p0594,3
2116,control neckties,income,p0597,2
2117,control neckties,income,p0601,3
2118,control neckties,income,p0602,2
2119,control neckties,income,p0605,3
2120,control neckties,income,p0615,2
2121,control neckties,income,p0620,3
2122,control neckties,income,p0626,3
2123,control neckties,income,p0629,4
2124,control neckties,income,p0633,2
2125,control neckties,income,p0638,3
2126,control neckties,income,p0639,4
2127,control neckties,income,p0640,3
2128,control neckties,income,p0655,4
2129,control neckties,income,p0656,3
2130,control neckties,income,p0658,4
2131,control neckties,income,p0661,3
2132,control neckties,income,p0669,3
2133,control neckties,income,p0670,2
2134,control neckties,income,p0672,3
2135,control neckties,income,p0674,3
2136,control neckties,income,p0678,4
2137,control neckties,income,p0683,3
2138,control neckties,income,p0686,3
2139,control neckties,income,p0687,3
2140,control neckties,income,p0698,2
2141,control neckties,income,p0700,4
2142,control neckties,income,p0703,3
2143,control neckties,income,p0718,2
2144,control neckties,income,p0744,4
2145,control neckties,income,p0745,4
2146,control neckties,income,p0753,2
2147,control neckties,income,p0770,4
2148,control neckties,income,p0771,3
2149,control neckties,income,p0777,4
2150,control neckties,income,p0779,4
2151,control neckties,income,p0780,1
2152,control neckties,income,p0783,3
2153,control neckties,income,p0785,4
2154,control neckties,income,p0786,3
2155,control neckties,income,p0794,4
2156,control neckties,income,p0798,4
2157,control neckties,income,p0800,3
2158,control neckties,income,p0820,2
2159,control neckties,income,p0841,3
2160,control neckties,income,p0849,3
2161,control neckties,income,p0862,3
2162,control neckties,income,p0867,4
2163,control neckties,income,p0869,4
2164,control neckties,income,p0872,3
2165,control neckties,income,p0880,2
2166,control neckties,income,p0891,3
2167,control neckties,income,p0916,3
2168,control neckties,income,p0917,4
2169,control neckties,income,p0919,3
2170,control neckties,income,p0922,2
2171,control neckties,income,p0925,2
2172,control neckties,income,p0927,4
2173,control neckties,income,p0929,2
2174,control neckties,income,p0930,4
2175,control neckties,income,p0931,2
2176,control neckties,income,p0933,2
2177,control neckties,income,p0934,4
2178,control neckties,income,p0936,3
2179,control neckties,income,p0938,3
2180,control neckties,income,p0939,2
2181,control neckties,income,p0946,4
2182,control neckties,income,p0951,2
2183,control neckties,income,p0956,3
2184,control neckties,income,p0962,3
2185,control neckties,income,p0963,3
2186,control neckties,income,p0969,5
2187,control neckties,income,p0972,3
2188,control neckties,income,p0975,4
2189,control neckties,income,p0985,2
2190,control neckties,income,p0993,1
2191,control neckties,income,p0996,3
2192,control neckties,income,p1011,3
2193,control neckties,income,p1017,4
2194,control neckties,income,p1020,3
2195,control neckties,income,p1022,3
2196,control neckties,income,p1024,2
2197,control neckties,income,p1027,3
2198,control neckties,income,p1028,4
2199,control neckties,income,p1029,2
2200,control neckties,income,p1032,3
2201,control neckties,income,p1040,3
2202,control neckties,income,p1047,4
2203,control neckties,income,p1048,2
2204,control neckties,income,p1053,2
2205,control neckties,income,p1057,3
2206,control neckties,income,p1058,4
2207,control neckties,income,p1063,4
2208,control neckties,income,p1064,3
2209,control neckties,income,p1065,3
2210,control neckties,income,p1069,3
2211,control neckties,income,p1072,3
2212,control neckties,income,p1073,3
2213,control neckties,income,p1075,3
2214,control neckties,income,p1076,2
2215,control neckties,income,p1083,3
2216,control neckties,income,p1089,4
2217,control neckties,income,p1093,3
2218,control neckties,income,p1096,4
2219,control neckties,income,p1100,4
2220,control neckties,income,p1106,2
2221,control neckties,income,p1107,2
2222,control neckties,income,p1113,2
2223,control neckties,income,p1117,3
2224,control neckties,income,p1120,4
2225,control neckties,income,p1134,4
2226,control neckties,income,p1136,3
2227,control neckties,income,p1138,3
2228,control neckties,income,p1144,3
2229,control neckties,income,p1145,4
2230,control neckties,income,p1147,4
2231,control neckties,income,p1148,3
2232,control neckties,income,p1154,3
2233,control neckties,income,p1159,4
2234,control neckties,income,p1167,3
2235,control neckties,income,p1175,2
2236,control neckties,income,p1178,3
2237,control neckties,income,p1184,3
2238,control neckties,income,p1186,3
2239,control neckties,income,p1196,2
2240,control neckties,income,p1197,3
2241,control neckties,income,p1203,3
2242,control neckties,income,p1219,2
2243,control neckties,income,p1225,4
2244,control neckties,income,p1234,2
2245,control neckties,income,p1242,3
2246,control neckties,income,p1244,3
2247,control neckties,income,p1249,3
2248,control neckties,income,p1250,3
2249,control neckties,income,p1256,4
2250,control neckties,income,p1258,4
2251,control neckties,income,p1260,2
2252,control neckties,income,p1262,4
2253,control neckties,income,p1264,2
2254,control neckties,income,p1265,4
2255,control neckties,income,p1269,3
2256,control neckties,income,p1272,3
2257,control neckties,income,p1278,2
2258,control neckties,income,p1281,2
2259,control neckties,income,p1292,4
2260,control neckties,income,p1299,4
2261,control neckties,income,p1312,3
2262,control neckties,income,p1322,1
2263,control neckties,income,p1326,3
2264,control neckties,income,p1330,2
2265,control neckties,income,p1335,3
2266,control neckties,income,p1337,4
2267,control neckties,income,p1340,4
2268,control neckties,income,p1345,3
2269,control neckties,income,p1351,3
2270,control neckties,income,p1355,3
2271,control neckties,income,p1362,4
2272,control neckties,income,p1365,3
2273,control neckties,income,p1366,3
2274,control neckties,income,p1367,3
2275,control neckties,income,p1370,3
2276,control neckties,income,p1371,5
2277,control neckties,income,p1373,4
2278,control neckties,income,p1375,4
2279,control neckties,income,p1376,1
2280,control neckties,income,p1379,3
2281,control neckties,income,p1381,3
2282,control neckties,income,p1393,4
2283,control neckties,income,p1396,3
2284,control neckties,income,p1398,4
2285,control neckties,income,p1404,1
2286,control neckties,income,p1406,3
2287,control neckties,income,p1407,2
2288,control neckties,income,p1409,4
2289,control neckties,income,p1412,2
2290,control neckties,income,p1414,4
2291,control neckties,income,p1424,4
2292,control neckties,income,p1425,4
2293,control neckties,income,p1429,3
2294,control neckties,income,p1434,4
2295,control neckties,income,p1441,2
2296,control neckties,income,p1445,2
2297,control neckties,income,p1450,3
2298,control neckties,income,p1454,4
2299,control neckties,income,p1456,3
2300,control neckties,income,p1457,1
2301,control neckties,income,p1458,4
2302,control neckties,income,p1469,2
2303,control neckties,income,p1470,4
2304,control neckties,income,p1481,3
2305,control neckties,income,p1488,3
2306,control neckties,income,p1492,3
2307,control neckties,income,p1495,3
2308,control neckties,income,p1497,3
2309,control neckties,income,p1499,4
2310,control neckties,income,p1503,2
2311,control neckties,income,p1511,4
2312,control neckties,income,p1512,1
2313,control neckties,income,p1518,2
2314,control neckties,income,p1519,3
2315,control neckties,income,p1520,1
2316,control neckties,income,p1524,3
2317,control neckties,income,p1526,5
2318,control neckties,income,p1537,3
2319,control neckties,income,p1545,3
2320,control neckties,income,p1547,1
2321,control neckties,income,p1552,5
2322,control neckties,income,p1567,4
2323,control neckties,income,p1568,3
2324,control neckties,income,p1579,2
2325,control neckties,income,p1587,1
2326,control neckties,income,p1596,3
2327,control neckties,income,p1600,4
2328,control neckties,income,p1603,2
2329,control neckties,income,p1604,3
2330,control neckties,income,p1610,2
2331,control neckties,income,p1618,3
2332,control neckties,income,p1619,4
2333,control neckties,income,p1622,4
2334,control neckties,income,p1623,3
2335,control neckties,income,p1630,4
2336,control neckties,income,p1641,4
2337,control neckties,income,p1649,2
2338,control neckties,income,p1652,3
2339,control neckties,income,p1665,3
2340,control neckties,income,p1669,4
2341,control neckties,income,p1685,4
2342,control neckties,income,p1693,3
2343,control neckties,income,p1698,4
2344,control neckties,income,p1704,4
2345,control neckties,income,p1711,4
2346,control neckties,income,p1718,3
2347,control neckties,income,p1732,3
2348,control neckties,income,p1739,4
2349,control neckties,income,p1741,4
2350,control neckties,income,p1746,1
2351,control neckties,income,p1751,4
2352,control neckties,income,p1754,1
2353,control neckties,income,p1769,4
2354,control neckties,income,p1771,2
2355,control neckties,income,p1776,2
2356,control neckties,income,p1780,4
2357,control neckties,income,p1785,2
2358,control neckties,income,p1791,3
2359,control neckties,income,p1793,4
2360,control neckties,income,p1796,5
2361,control neckties,income,p1805,3
2362,control neckties,income,p1812,3
2363,control neckties,income,p1816,3
2364,control neckties,income,p1819,4
2365,control neckties,income,p1825,4
2366,control neckties,income,p1836,3
2367,control neckties,income,p1839,4
2368,control neckties,income,p1861,3
2369,control neckties,income,p1863,4
2370,control neckties,income,p1873,4
2371,control neckties,income,p1875,3
2372,control neckties,income,p1876,4
2373,control neckties,income,p1877,2
2374,control neckties,income,p1880,3
2375,control neckties,income,p1883,3
2376,control neckties,income,p1889,1
2377,control neckties,income,p1893,2
2378,control neckties,income,p1896,3
2379,control neckties,income,p1913,4
2380,control neckties,income,p1922,4
2381,control neckties,income,p1930,3
2382,control neckties,income,p1935,4
2383,control neckties,income,p1940,4
2384,control neckties,income,p1948,4
2385,control neckties,income,p1950,2
2386,control neckties,income,p1954,2
2387,control neckties,income,p1956,3
2388,control neckties,income,p1958,3
2389,control neckties,income,p1967,4
2390,control neckties,income,p1973,5
2391,control neckties,income,p1978,4
2392,control neckties,income,p1983,2
2393,control neckties,income,p1984,3
2394,control neckties,income,p1995,3
2395,control neckties,income,p1996,2
2396,control neckties,income,p1997,4
2397,control neckties,income,p2001,3
2398,control neckties,income,p2002,2
2399,control neckties,income,p2013,4
2400,control neckties,income,p2014,3
2401,control neckties,income,p2016,4
2402,control neckties,income,p2018,1
2403,control neckties,income,p2023,3
2404,control neckties,income,p2025,4
2405,control neckties,income,p2028,2
2406,control neckties,income,p2030,3
2407,control neckties,income,p2033,3
2408,control neckties,income,p2040,3
2409,control neckties,income,p2051,3
2410,control neckties,income,p2052,4
2411,control neckties,income,p2066,2
2412,control neckties,income,p2067,3
2413,control neckties,income,p2073,4
2414,control neckties,income,p2077,2
2415,control neckties,income,p2078,4
2416,control neckties,income,p2086,3
2417,control neckties,income,p2089,3
2418,control neckties,income,p2093,3
2419,control neckties,income,p2094,3
2420,control neckties,income,p2111,2
2421,control neckties,income,p2117,4
2422,control neckties,income,p2121,3
2423,control neckties,income,p2127,3
2424,control neckties,income,p2141,3
2425,control neckties,income,p2142,2
2426,control neckties,income,p2143,4
2427,control neckties,income,p2153,1
2428,control neckties,income,p2155,2
2429,control neckties,income,p2169,4
2430,control neckties,income,p2187,3
2431,control neckties,income,p2188,4
2432,control neckties,income,p2197,2
2433,control neckties,income,p2213,3
2434,control neckties,income,p2214,2
2435,control neckties,income,p2215,5
2436,control neckties,income,p2220,3
2437,control neckties,income,p2223,2
2438,control neckties,income,p2229,3
2439,control neckties,income,p2234,3
2440,control neckties,income,p2237,4
2441,control neckties,income,p2238,4
2442,control neckties,income,p2244,2
2443,control neckties,income,p2248,3
2444,control neckties,income,p2252,3
2445,control neckties,income,p2255,1
2446,control neckties,income,p2261,3
2447,control neckties,income,p2263,4
2448,control neckties,income,p2273,3
2449,control neckties,income,p2275,2
2450,control neckties,income,p2276,2
2451,control neckties,income,p2283,1
2452,control neckties,income,p2287,3
2453,control neckties,income,p2296,2
2454,control neckties,income,p2298,3
2455,control neckties,income,p2304,3
2456,control neckties,income,p2310,2
2457,control neckties,income,p2322,2
2458,control neckties,income,p2326,3
2459,control neckties,income,p2330,3
2460,control neckties,income,p2331,3
2461,control neckties,income,p2333,2
2462,control neckties,income,p2347,3
2463,control neckties,income,p2350,2
2464,control neckties,income,p2351,3
2465,control neckties,income,p2353,2
2466,control neckties,income,p2355,2
2467,control neckties,income,p2363,2
2468,control neckties,income,p2378,3
2469,control neckties,income,p2380,2
2470,control neckties,income,p2387,4
2471,control neckties,income,p2398,2
2472,control neckties,income,p2400,4
2473,control neckties,income,p2403,2
2474,control neckties,income,p2408,3
2475,control neckties,income,p2418,2
2476,control neckties,income,p2426,2
2477,control neckties,income,p2428,2
2478,control neckties,income,p2434,3
2479,control neckties,income,p2446,1
2480,control neckties,income,p2452,3
2481,control neckties,income,p2454,2
2482,control neckties,income,p2462,3
2483,control neckties,income,p2467,5
2484,control neckties,income,p2482,3
2485,control neckties,income,p2489,3
2486,control neckties,income,p2490,2
2487,control neckties,income,p2494,2
2488,control neckties,income,p2502,4
2489,control neckties,income,p2503,3
2490,control neckties,income,p2522,3
2491,control neckties,income,p2524,3
2492,control neckties,income,p2533,3
2493,control neckties,income,p2566,3
2494,control neckties,income,p2571,3
2495,control neckties,income,p2573,2
2496,control neckties,income,p2582,4
2497,control neckties,income,p2591,3
2498,control neckties,income,p2592,3
2499,control neckties,income,p2595,2
2500,control neckties,party,p0016,2
2501,control neckties,party,p0022,3
2502,control neckties,party,p0023,3
2503,control neckties,party,p0026,1
2504,control neckties,party,p0034,1
2505,control neckties,party,p0036,2
2506,control neckties,party,p0037,1
2507,control neckties,party,p0042,3
2508,control neckties,party,p0057,3
2509,control neckties,party,p0066,1
2510,control neckties,party,p0069,1
2511,control neckties,party,p0072,1
2512,control neckties,party,p0073,1
2513,control neckties,party,p0082,3
2514,control neckties,party,p0091,3
2515,control neckties,party,p0092,3
2516,control neckties,party,p0093,1
2517,control neckties,party,p0095,3
2518,control neckties,party,p0107,1
2519,control neckties,party,p0114,2
2520,control neckties,party,p0116,1
2521,control neckties,party,p0118,1
2522,control neckties,party,p0119,2
2523,control neckties,party,p0126,2
2524,control neckties,party,p0129,3
2525,control neckties,party,p0136,2
2526,control neckties,party,p0138,2
2527,control neckties,party,p0144,2
2528,control neckties,party,p0150,3
2529,control neckties,party,p0152,1
2530,control neckties,party,p0158,3
2531,control neckties,party,p0161,1
2532,control neckties,party,p0164,1
2533,control neckties,party,p0175,3
2534,control neckties,party,p0177,2
2535,control neckties,party,p0178,3
2536,control neckties,party,p0181,1
2537,control neckties,party,p0186,3
2538,control neckties,party,p0196,3
2539,control neckties,party,p0198,3
2540,control neckties,party,p0202,3
2541,control neckties,party,p0205,2
2542,control neckties,party,p0207,3
2543,control neckties,party,p0211,3
2544,control neckties,party,p0227,2
2545,control neckties,party,p0229,3
2546,control neckties,party,p0232,3
2547,control neckties,party,p0233,2
2548,control neckties,party,p0237,3
2549,control neckties,party,p0258,3
2550,control neckties,party,p0268,3
2551,control neckties,party,p0274,3
2552,control neckties,party,p0275,3
2553,control neckties,party,p0277,2
2554,control neckties,party,p0288,3
2555,control neckties,party,p0291,2
2556,control neckties,party,p0307,1
2557,control neckties,party,p0308,1
2558,control neckties,party,p0317,1
2559,control neckties,party,p0325,2
2560,control neckties,party,p0327,3
2561,control neckties,party,p0334,3
2562,control neckties,party,p0336,3
2563,control neckties,party,p0338,1
2564,control neckties,party,p0342,3
2565,control neckties,party,p0349,1
2566,control neckties,party,p0356,3
2567,control neckties,party,p0358,3
2568,control neckties,party,p0363,2
2569,control neckties,party,p0364,2
2570,control neckties,party,p0369,1
2571,control neckties,party,p0370,2
2572,control neckties,party,p0371,1
2573,control neckties,party,p0379,1
2574,control neckties,party,p0386,3
2575,control neckties,party,p0396,3
2576,control neckties,party,p0403,3
2577,control neckties,party,p0405,3
2578,control neckties,party,p0412,1
2579,control neckties,party,p0415,1
2580,control neckties,party,p0416,2
2581,control neckties,party,p0417,3
2582,control neckties,party,p0418,2
2583,control neckties,party,p0430,3
2584,control neckties,party,p0431,3
2585,control neckties,party,p0434,1
2586,control neckties,party,p0438,3
2587,control neckties,party,p0441,3
2588,control neckties,party,p0442,3
2589,control neckties,party,p0449,1
2590,control neckties,party,p0450,2
2591,control neckties,party,p0465,3
2592,control neckties,party,p0471,1
2593,control neckties,party,p0477,3
2594,control neckties,party,p0483,3
2595,control neckties,party,p0486,1
2596,control neckties,party,p0487,1
2597,control neckties,party,p0489,3
2598,control neckties,party,p0497,1
2599,control neckties,party,p0502,1
2600,control neckties,party,p0503,3
2601,control neckties,party,p0506,2
2602,control neckties,party,p0511,1
2603,control neckties,party,p0523,3
2604,control neckties,party,p0534,1
2605,control neckties,party,p0536,3
2606,control neckties,party,p0542,1
2607,control neckties,party,p0547,2
2608,control neckties,party,p0553,3
2609,control neckties,party,p0559,2
2610,control neckties,party,p0566,2
2611,control neckties,party,p0568,2
2612,control neckties,party,p0570,3
2613,control neckties,party,p0573,1
2614,control neckties,party,p0578,3
2615,control neckties,party,p0594,2
2616,control neckties,party,p0597,3
2617,control neckties,party,p0601,1
2618,control neckties,party,p0602,3
2619,control neckties,party,p0605,2
2620,control neckties,party,p0615,3
2621,control neckties,party,p0620,3
2622,control neckties,party,p0626,3
2623,control neckties,party,p0629,3
2624,control neckties,party,p0633,2
2625,control neckties,party,p0638,3
2626,control neckties,party,p0639,1
2627,control neckties,party,p0640,1
2628,control neckties,party,p0655,1
2629,control neckties,party,p0656,3
2630,control neckties,party,p0658,1
2631,control neckties,party,p0661,2
2632,control neckties,party,p0669,2
2633,control neckties,party,p0670,3
2634,control neckties,party,p0672,3
2635,control neckties,party,p0674,3
2636,control neckties,party,p0678,3
2637,control neckties,party,p0683,3
2638,control neckties,party,p0686,1
2639,control neckties,party,p0687,3
2640,control neckties,party,p0698,1
2641,control neckties,party,p0700,2
2642,control neckties,party,p0703,2
2643,control neckties,party,p0718,1
2644,control neckties,party,p0744,3
2645,control neckties,party,p0745,1
2646,control neckties,party,p0753,2
2647,control neckties,party,p0770,2
2648,control neckties,party,p0771,3
2649,control neckties,party,p0777,3
2650,control neckties,party,p0779,1
2651,control neckties,party,p0780,1
2652,control neckties,party,p0783,1
2653,control neckties,party,p0785,1
2654,control neckties,party,p0786,2
2655,control neckties,party,p0794,1
2656,control neckties,party,p0798,1
2657,control neckties,party,p0800,3
2658,control neckties,party,p0820,3
2659,control neckties,party,p0841,1
2660,control neckties,party,p0849,2
2661,control neckties,party,p0862,3
2662,control neckties,party,p0867,3
2663,control neckties,party,p0869,3
2664,control neckties,party,p0872,3
2665,control neckties,party,p0880,3
2666,control neckties,party,p0891,1
2667,control neckties,party,p0916,3
2668,control neckties,party,p0917,1
2669,control neckties,party,p0919,3
2670,control neckties,party,p0922,1
2671,control neckties,party,p0925,1
2672,control neckties,party,p0927,3
2673,control neckties,party,p0929,3
2674,control neckties,party,p0930,1
2675,control neckties,party,p0931,1
2676,control neckties,party,p0933,3
2677,control neckties,party,p0934,1
2678,control neckties,party,p0936,3
2679,control neckties,party,p0938,3
2680,control neckties,party,p0939,2
2681,control neckties,party,p0946,2
2682,control neckties,party,p0951,3
2683,control neckties,party,p0956,1
2684,control neckties,party,p0962,1
2685,control neckties,party,p0963,1
2686,control neckties,party,p0969,1
2687,control neckties,party,p0972,2
2688,control neckties,party,p0975,1
2689,control neckties,party,p0985,2
2690,control neckties,party,p0993,3
2691,control neckties,party,p0996,3
2692,control neckties,party,p1011,1
2693,control neckties,party,p1017,2
2694,control neckties,party,p1020,1
2695,control neckties,party,p1022,3
2696,control neckties,party,p1024,1
2697,control neckties,party,p1027,3
2698,control neckties,party,p1028,3
2699,control neckties,party,p1029,2
2700,control neckties,party,p1032,2
2701,control neckties,party,p1040,2
2702,control neckties,party,p1047,2
2703,control neckties,party,p1048,3
2704,control neckties,party,p1053,3
2705,control neckties,party,p1057,1
2706,control neckties,party,p1058,1
2707,control neckties,party,p1063,1
2708,control neckties,party,p1064,3
2709,control neckties,party,p1065,1
2710,control neckties,party,p1069,3
2711,control neckties,party,p1072,2
2712,control neckties,party,p1073,3
2713,control neckties,party,p1075,2
2714,control neckties,party,p1076,2
2715,control neckties,party,p1083,1
2716,control neckties,party,p1089,3
2717,control neckties,party,p1093,3
2718,control neckties,party,p1096,2
2719,control neckties,party,p1100,2
2720,control neckties,party,p1106,3
2721,control neckties,party,p1107,2
2722,control neckties,party,p1113,1
2723,control neckties,party,p1117,1
2724,control neckties,party,p1120,1
2725,control neckties,party,p1134,2
2726,control neckties,party,p1136,1
2727,control neckties,party,p1138,1
2728,control neckties,party,p1144,1
2729,control neckties,party,p1145,3
2730,control neckties,party,p1147,3
2731,control neckties,party,p1148,3
2732,control neckties,party,p1154,3
2733,control neckties,party,p1159,3
2734,control neckties,party,p1167,3
2735,control neckties,party,p1175,3
2736,control neckties,party,p1178,3
2737,control neckties,party,p1184,1
2738,control neckties,party,p1186,3
2739,control neckties,party,p1196,1
2740,control neckties,party,p1197,3
2741,control neckties,party,p1203,3
2742,control neckties,party,p1219,3
2743,control neckties,party,p1225,1
2744,control neckties,party,p1234,2
2745,control neckties,party,p1242,1
2746,control neckties,party,p1244,3
2747,control neckties,party,p1249,2
2748,control neckties,party,p1250,2
2749,control neckties,party,p1256,1
2750,control neckties,party,p1258,1
2751,control neckties,party,p1260,2
2752,control neckties,party,p1262,1
2753,control neckties,party,p1264,2
2754,control neckties,party,p1265,2
2755,control neckties,party,p1269,1
2756,control neckties,party,p1272,1
2757,control neckties,party,p1278,3
2758,control neckties,party,p1281,3
2759,control neckties,party,p1292,1
2760,control neckties,party,p1299,1
2761,control neckties,party,p1312,2
2762,control neckties,party,p1322,3
2763,control neckties,party,p1326,2
2764,control neckties,party,p1330,3
2765,control neckties,party,p1335,1
2766,control neckties,party,p1337,1
2767,control neckties,party,p1340,1
2768,control neckties,party,p1345,1
2769,control neckties,party,p1351,3
2770,control neckties,party,p1355,1
2771,control neckties,party,p1362,1
2772,control neckties,party,p1365,1
2773,control neckties,party,p1366,2
2774,control neckties,party,p1367,1
2775,control neckties,party,p1370,1
2776,control neckties,party,p1371,1
2777,control neckties,party,p1373,1
2778,control neckties,party,p1375,1
2779,control neckties,party,p1376,3
2780,control neckties,party,p1379,3
2781,control neckties,party,p1381,3
2782,control neckties,party,p1393,1
2783,control neckties,party,p1396,3
2784,control neckties,party,p1398,1
2785,control neckties,party,p1404,3
2786,control neckties,party,p1406,1
2787,control neckties,party,p1407,2
2788,control neckties,party,p1409,2
2789,control neckties,party,p1412,2
2790,control neckties,party,p1414,3
2791,control neckties,party,p1424,1
2792,control neckties,party,p1425,1
2793,control neckties,party,p1429,1
2794,control neckties,party,p1434,1
2795,control neckties,party,p1441,3
2796,control neckties,party,p1445,3
2797,control neckties,party,p1450,1
2798,control neckties,party,p1454,2
2799,control neckties,party,p1456,2
2800,control neckties,party,p1457,3
2801,control neckties,party,p1458,3
2802,control neckties,party,p1469,1
2803,control neckties,party,p1470,1
2804,control neckties,party,p1481,3
2805,control neckties,party,p1488,1
2806,control neckties,party,p1492,2
2807,control neckties,party,p1495,1
2808,control neckties,party,p1497,2
2809,control neckties,party,p1499,1
2810,control neckties,party,p1503,3
2811,control neckties,party,p1511,2
2812,control neckties,party,p1512,3
2813,control neckties,party,p1518,2
2814,control neckties,party,p1519,1
2815,control neckties,party,p1520,1
2816,control neckties,party,p1524,1
2817,control neckties,party,p1526,1
2818,control neckties,party,p1537,3
2819,control neckties,party,p1545,3
2820,control neckties,party,p1547,3
2821,control neckties,party,p1552,3
2822,control neckties,party,p1567,2
2823,control neckties,party,p1568,3
2824,control neckties,party,p1579,1
2825,control neckties,party,p1587,3
2826,control neckties,party,p1596,2
2827,control neckties,party,p1600,3
2828,control neckties,party,p1603,3
2829,control neckties,party,p1604,1
2830,control neckties,party,p1610,2
2831,control neckties,party,p1618,1
2832,control neckties,party,p1619,3
2833,control neckties,party,p1622,1
2834,control neckties,party,p1623,1
2835,control neckties,party,p1630,2
2836,control neckties,party,p1641,1
2837,control neckties,party,p1649,2
2838,control neckties,party,p1652,2
2839,control neckties,party,p1665,3
2840,control neckties,party,p1669,1
2841,control neckties,party,p1685,1
2842,control neckties,party,p1693,3
2843,control neckties,party,p1698,2
2844,control neckties,party,p1704,1
2845,control neckties,party,p1711,3
2846,control neckties,party,p1718,1
2847,control neckties,party,p1732,1
2848,control neckties,party,p1739,3
2849,control neckties,party,p1741,1
2850,control neckties,party,p1746,3
2851,control neckties,party,p1751,1
2852,control neckties,party,p1754,3
2853,control neckties,party,p1769,1
2854,control neckties,party,p1771,2
2855,control neckties,party,p1776,3
2856,control neckties,party,p1780,1
2857,control neckties,party,p1785,3
2858,control neckties,party,p1791,2
2859,control neckties,party,p1793,1
2860,control neckties,party,p1796,1
2861,control neckties,party,p1805,2
2862,control neckties,party,p1812,2
2863,control neckties,party,p1816,2
2864,control neckties,party,p1819,3
2865,control neckties,party,p1825,3
2866,control neckties,party,p1836,1
2867,control neckties,party,p1839,1
2868,control neckties,party,p1861,2
2869,control neckties,party,p1863,3
2870,control neckties,party,p1873,3
2871,control neckties,party,p1875,1
2872,control neckties,party,p1876,3
2873,control neckties,party,p1877,3
2874,control neckties,party,p1880,1
2875,control neckties,party,p1883,1
2876,control neckties,party,p1889,1
2877,control neckties,party,p1893,3
2878,control neckties,party,p1896,2
2879,control neckties,party,p1913,1
2880,control neckties,party,p1922,1
2881,control neckties,party,p1930,1
2882,control neckties,party,p1935,1
2883,control neckties,party,p1940,3
2884,control neckties,party,p1948,1
2885,control neckties,party,p1950,2
2886,control neckties,party,p1954,2
2887,control neckties,party,p1956,2
2888,control neckties,party,p1958,1
2889,control neckties,party,p1967,1
2890,control neckties,party,p1973,3
2891,control neckties,party,p1978,1
2892,control neckties,party,p1983,2
2893,control neckties,party,p1984,3
2894,control neckties,party,p1995,1
2895,control neckties,party,p1996,1
2896,control neckties,party,p1997,1
2897,control neckties,party,p2001,3
2898,control neckties,party,p2002,3
2899,control neckties,party,p2013,3
2900,control neckties,party,p2014,1
2901,control neckties,party,p2016,3
2902,control neckties,party,p2018,1
2903,control neckties,party,p2023,3
2904,control neckties,party,p2025,1
2905,control neckties,party,p2028,3
2906,control neckties,party,p2030,3
2907,control neckties,party,p2033,3
2908,control neckties,party,p2040,3
2909,control neckties,party,p2051,3
2910,control neckties,party,p2052,1
2911,control neckties,party,p2066,3
2912,control neckties,party,p2067,1
2913,control neckties,party,p2073,2
2914,control neckties,party,p2077,1
2915,control neckties,party,p2078,3
2916,control neckties,party,p2086,3
2917,control neckties,party,p2089,1
2918,control neckties,party,p2093,1
2919,control neckties,party,p2094,2
2920,control neckties,party,p2111,1
2921,control neckties,party,p2117,3
2922,control neckties,party,p2121,3
2923,control neckties,party,p2127,1
2924,control neckties,party,p2141,2
2925,control neckties,party,p2142,2
2926,control neckties,party,p2143,1
2927,control neckties,party,p2153,3
2928,control neckties,party,p2155,3
2929,control neckties,party,p2169,1
2930,control neckties,party,p2187,3
2931,control neckties,party,p2188,3
2932,control neckties,party,p2197,1
2933,control neckties,party,p2213,2
2934,control neckties,party,p2214,2
2935,control neckties,party,p2215,1
2936,control neckties,party,p2220,2
2937,control neckties,party,p2223,2
2938,control neckties,party,p2229,2
2939,control neckties,party,p2234,3
2940,control neckties,party,p2237,3
2941,control neckties,party,p2238,1
2942,control neckties,party,p2244,3
2943,control neckties,party,p2248,3
2944,control neckties,party,p2252,3
2945,control neckties,party,p2255,1
2946,control neckties,party,p2261,1
2947,control neckties,party,p2263,3
2948,control neckties,party,p2273,3
2949,control neckties,party,p2275,3
2950,control neckties,party,p2276,3
2951,control neckties,party,p2283,3
2952,control neckties,party,p2287,3
2953,control neckties,party,p2296,3
2954,control neckties,party,p2298,2
2955,control neckties,party,p2304,3
2956,control neckties,party,p2310,3
2957,control neckties,party,p2322,2
2958,control neckties,party,p2326,1
2959,control neckties,party,p2330,1
2960,control neckties,party,p2331,3
2961,control neckties,party,p2333,1
2962,control neckties,party,p2347,3
2963,control neckties,party,p2350,2
2964,control neckties,party,p2351,1
2965,control neckties,party,p2353,3
2966,control neckties,party,p2355,3
2967,control neckties,party,p2363,3
2968,control neckties,party,p2378,2
2969,control neckties,party,p2380,3
2970,control neckties,party,p2387,3
2971,control neckties,party,p2398,1
2972,control neckties,party,p2400,3
2973,control neckties,party,p2403,3
2974,control neckties,party,p2408,3
2975,control neckties,party,p2418,3
2976,control neckties,party,p2426,3
2977,control neckties,party,p2428,2
2978,control neckties,party,p2434,3
2979,control neckties,party,p2446,3
2980,control neckties,party,p2452,1
2981,control neckties,party,p2454,2
2982,control neckties,party,p2462,3
2983,control neckties,party,p2467,1
2984,control neckties,party,p2482,2
2985,control neckties,party,p2489,1
2986,control neckties,party,p2490,3
2987,control neckties,party,p2494,1
2988,control neckties,party,p2502,3
2989,control neckties,party,p2503,3
2990,control neckties,party,p2522,1
2991,control neckties,party,p2524,3
2992,control neckties,party,p2533,3
2993,control neckties,party,p2566,3
2994,control neckties,party,p2571,3
2995,control neckties,party,p2573,2
2996,control neckties,party,p2582,1
2997,control neckties,party,p2591,1
2998,control neckties,party,p2592,2
2999,control neckties,party,p2595,3
