,condition,outcome,persona,response
0,crushing chicken; gross grasshopper; homely halibut,gender,p0016,2
1,crushing chicken; gross grasshopper; homely halibut,gender,p0022,2
2,crushing chicken; gross grasshopper; homely halibut,gender,p0023,1
3,crushing chicken; gross grasshopper; homely halibut,gender,p0026,2
4,crushing chicken; gross grasshopper; homely halibut,gender,p0034,1
5,crushing chicken; gross grasshopper; homely halibut,gender,p0036,1
6,crushing chicken; gross grasshopper; homely halibut,gender,p0037,1
7,crushing chicken; gross grasshopper; homely halibut,gender,p0042,1
8,crushing chicken; gross grasshopper; homely halibut,gender,p0057,2
9,crushing chicken; gross grasshopper; homely halibut,gender,p0066,1
10,crushing chicken; gross grasshopper; homely halibut,gender,p0069,2
11,crushing chicken; gross grasshopper; homely halibut,gender,p0072,2
12,crushing chicken; gross grasshopper; homely halibut,gender,p0073,1
13,crushing chicken; gross grasshopper; homely halibut,gender,p0082,1
14,crushing chicken; gross grasshopper; homely halibut,gender,p0091,1
15,crushing chicken; gross grasshopper; homely halibut,gender,p0092,1
16,crushing chicken; gross grasshopper; homely halibut,gender,p0093,1
17,crushing chicken; gross grasshopper; homely halibut,gender,p0095,1
18,crushing chicken; gross grasshopper; homely halibut,gender,p0107,2
19,crushing chicken; gross grasshopper; homely halibut,gender,p0114,1
20,crushing chicken; gross grasshopper; homely halibut,gender,p0116,1
21,crushing chicken; gross grasshopper; homely halibut,gender,p0118,2
22,crushing chicken; gross grasshopper; homely halibut,gender,p0119,1
23,crushing chicken; gross grasshopper; homely halibut,gender,p0126,1
24,crushing chicken; gross grasshopper; homely halibut,gender,p0129,1
25,crushing chicken; gross grasshopper; homely halibut,gender,p0136,2
26,crushing chicken; gross grasshopper; homely halibut,gender,p0138,1
27,crushing chicken; gross grasshopper; homely halibut,gender,p0144,2
28,crushing chicken; gross grasshopper; homely halibut,gender,p0150,1
29,crushing chicken; gross grasshopper; homely halibut,gender,p0152,2
30,crushing chicken; gross grasshopper; homely halibut,gender,p0158,2
31,crushing chicken; gross grasshopper; homely halibut,gender,p0161,1
32,crushing chicken; gross grasshopper; homely halibut,gender,p0164,2
33,crushing chicken; gross grasshopper; homely halibut,gender,p0175,1
34,crushing chicken; gross grasshopper; homely halibut,gender,p0177,1
35,crushing chicken; gross grasshopper; homely halibut,gender,p0178,1
36,crushing chicken; gross grasshopper; homely halibut,gender,p0181,2
37,crushing chicken; gross grasshopper; homely halibut,gender,p0186,2
38,crushing chicken; gross grasshopper; homely halibut,gender,p0196,2
39,crushing chicken; gross grasshopper; homely halibut,gender,p0198,1
40,crushing chicken; gross grasshopper; homely halibut,gender,p0202,1
41,crushing chicken; gross grasshopper; homely halibut,gender,p0205,1
42,crushing chicken; gross grasshopper; homely halibut,gender,p0207,1
43,crushing chicken; gross grasshopper; homely halibut,gender,p0211,1
44,crushing chicken; gross grasshopper; homely halibut,gender,p0227,2
45,crushing chicken; gross grasshopper; homely halibut,gender,p0229,1
46,crushing chicken; gross grasshopper; homely halibut,gender,p0232,1
47,crushing chicken; gross grasshopper; homely halibut,gender,p0233,2
48,crushing chicken; gross grasshopper; homely halibut,gender,p0237,1
49,crushing chicken; gross grasshopper; homely halibut,gender,p0258,1
50,crushing chicken; gross grasshopper; homely halibut,gender,p0268,1
51,crushing chicken; gross grasshopper; homely halibut,gender,p0274,1
52,crushing chicken; gross grasshopper; homely halibut,gender,p0275,1
53,crushing chicken; gross grasshopper; homely halibut,gender,p0277,1
54,crushing chicken; gross grasshopper; homely halibut,gender,p0288,1
55,crushing chicken; gross grasshopper; homely halibut,gender,p0291,1
56,crushing chicken; gross grasshopper; homely halibut,gender,p0307,1
57,crushing chicken; gross grasshopper; homely halibut,gender,p0308,1
58,crushing chicken; gross grasshopper; homely halibut,gender,p0317,1
59,crushing chicken; gross grasshopper; homely halibut,gender,p0325,2
60,crushing chicken; gross grasshopper; homely halibut,gender,p0327,1
61,crushing chicken; gross grasshopper; homely halibut,gender,p0334,1
62,crushing chicken; gross grasshopper; homely halibut,gender,p0336,1
63,crushing chicken; gross grasshopper; homely halibut,gender,p0338,1
64,crushing chicken; gross grasshopper; homely halibut,gender,p0342,1
65,crushing chicken; gross grasshopper; homely halibut,gender,p0349,1
66,crushing chicken; gross grasshopper; homely halibut,gender,p0356,2
67,crushing chicken; gross grasshopper; homely halibut,gender,p0358,1
68,crushing chicken; gross grasshopper; homely halibut,gender,p0363,1
69,crushing chicken; gross grasshopper; homely halibut,gender,p0364,1
70,crushing chicken; gross grasshopper; homely halibut,gender,p0369,2
71,crushing chicken; gross grasshopper; homely halibut,gender,p0370,2
72,crushing chicken; gross grasshopper; homely halibut,gender,p0371,1
73,crushing chicken; gross grasshopper; homely halibut,gender,p0379,1
74,crushing chicken; gross grasshopper; homely halibut,gender,p0386,1
75,crushing chicken; gross grasshopper; homely halibut,gender,p0396,2
76,crushing chicken; gross grasshopper; homely halibut,gender,p0403,2
77,crushing chicken; gross grasshopper; homely halibut,gender,p0405,2
78,crushing chicken; gross grasshopper; homely halibut,gender,p0412,1
79,crushing chicken; gross grasshopper; homely halibut,gender,p0415,1
80,crushing chicken; gross grasshopper; homely halibut,gender,p0416,1
81,crushing chicken; gross grasshopper; homely halibut,gender,p0417,1
82,crushing chicken; gross grasshopper; homely halibut,gender,p0418,2
83,crushing chicken; gross grasshopper; homely halibut,gender,p0430,1
84,crushing chicken; gross grasshopper; homely halibut,gender,p0431,2
85,crushing chicken; gross grasshopper; homely halibut,gender,p0434,2
86,crushing chicken; gross grasshopper; homely halibut,gender,p0438,2
87,crushing chicken; gross grasshopper; homely halibut,gender,p0441,2
88,crushing chicken; gross grasshopper; homely halibut,gender,p0442,2
89,crushing chicken; gross grasshopper; homely halibut,gender,p0449,1
90,crushing chicken; gross grasshopper; homely halibut,gender,p0450,2
91,crushing chicken; gross grasshopper; homely halibut,gender,p0465,1
92,crushing chicken; gross grasshopper; homely halibut,gender,p0471,2
93,crushing chicken; gross grasshopper; homely halibut,gender,p0477,2
94,crushing chicken; gross grasshopper; homely halibut,gender,p0483,2
95,crushing chicken; gross grasshopper; homely halibut,gender,p0486,1
96,crushing chicken; gross grasshopper; homely halibut,gender,p0487,1
97,crushing chicken; gross grasshopper; homely halibut,gender,p0489,1
98,crushing chicken; gross grasshopper; homely halibut,gender,p0497,1
99,crushing chicken; gross grasshopper; homely halibut,gender,p0502,1
100,crushing chicken; gross grasshopper; homely halibut,gender,p0503,2
101,crushing chicken; gross grasshopper; homely halibut,gender,p0506,1
102,crushing chicken; gross grasshopper; homely halibut,gender,p0511,1
103,crushing chicken; gross grasshopper; homely halibut,gender,p0523,2
104,crushing chicken; gross grasshopper; homely halibut,gender,p0534,1
105,crushing chicken; gross grasshopper; homely halibut,gender,p0536,1
106,crushing chicken; gross grasshopper; homely halibut,gender,p0542,1
107,crushing chicken; gross grasshopper; homely halibut,gender,p0547,2
108,crushing chicken; gross grasshopper; homely halibut,gender,p0553,1
109,crushing chicken; gross grasshopper; homely halibut,gender,p0559,2
110,crushing chicken; gross grasshopper; homely halibut,gender,p0566,1
111,crushing chicken; gross grasshopper; homely halibut,gender,p0568,2
112,crushing chicken; gross grasshopper; homely halibut,gender,p0570,1
113,crushing chicken; gross grasshopper; homely halibut,gender,p0573,2
114,crushing chicken; gross grasshopper; homely halibut,gender,p0578,1
115,crushing chicken; gross grasshopper; homely halibut,gender,p0594,1
116,crushing chicken; gross grasshopper; homely halibut,gender,p0597,1
117,crushing chicken; gross grasshopper; homely halibut,gender,p0601,1
118,crushing chicken; gross grasshopper; homely halibut,gender,p0602,2
119,crushing chicken; gross grasshopper; homely halibut,gender,p0605,1
120,crushing chicken; gross grasshopper; homely halibut,gender,p0615,1
121,crushing chicken; gross grasshopper; homely halibut,gender,p0620,1
122,crushing chicken; gross grasshopper; homely halibut,gender,p0626,2
123,crushing chicken; gross grasshopper; homely halibut,gender,p0629,2
124,crushing chicken; gross grasshopper; homely halibut,gender,p0633,2
125,crushing chicken; gross grasshopper; homely halibut,gender,p0638,2
126,crushing chicken; gross grasshopper; homely halibut,gender,p0639,1
127,crushing chicken; gross grasshopper; homely halibut,gender,p0640,2
128,crushing chicken; gross grasshopper; homely halibut,gender,p0655,2
129,crushing chicken; gross grasshopper; homely halibut,gender,p0656,1
130,crushing chicken; gross grasshopper; homely halibut,gender,p0658,1
131,crushing chicken; gross grasshopper; homely halibut,gender,p0661,1
132,crushing chicken; gross grasshopper; homely halibut,gender,p0669,1
133,crushing chicken; gross grasshopper; homely halibut,gender,p0670,2
134,crushing chicken; gross grasshopper; homely halibut,gender,p0672,2
135,crushing chicken; gross grasshopper; homely halibut,gender,p0674,1
136,crushing chicken; gross grasshopper; homely halibut,gender,p0678,1
137,crushing chicken; gross grasshopper; homely halibut,gender,p0683,2
138,crushing chicken; gross grasshopper; homely halibut,gender,p0686,1
139,crushing chicken; gross grasshopper; homely halibut,gender,p0687,1
140,crushing chicken; gross grasshopper; homely halibut,gender,p0698,2
141,crushing chicken; gross grasshopper; homely halibut,gender,p0700,1
142,crushing chicken; gross grasshopper; homely halibut,gender,p0703,1
143,crushing chicken; gross grasshopper; homely halibut,gender,p0718,1
144,crushing chicken; gross grasshopper; homely halibut,gender,p0744,2
145,crushing chicken; gross grasshopper; homely halibut,gender,p0745,1
146,crushing chicken; gross grasshopper; homely halibut,gender,p0753,2
147,crushing chicken; gross grasshopper; homely halibut,gender,p0770,1
148,crushing chicken; gross grasshopper; homely halibut,gender,p0771,1
149,crushing chicken; gross grasshopper; homely halibut,gender,p0777,1
150,crushing chicken; gross grasshopper; homely halibut,gender,p0779,1
151,crushing chicken; gross grasshopper; homely halibut,gender,p0780,2
152,crushing chicken; gross grasshopper; homely halibut,gender,p0783,1
153,crushing chicken; gross grasshopper; homely halibut,gender,p0785,2
154,crushing chicken; gross grasshopper; homely halibut,gender,p0786,2
155,crushing chicken; gross grasshopper; homely halibut,gender,p0794,1
156,crushing chicken; gross grasshopper; homely halibut,gender,p0798,1
157,crushing chicken; gross grasshopper; homely halibut,gender,p0800,1
158,crushing chicken; gross grasshopper; homely halibut,gender,p0820,2
159,crushing chicken; gross grasshopper; homely halibut,gender,p0841,2
160,crushing chicken; gross grasshopper; homely halibut,gender,p0849,1
161,crushing chicken; gross grasshopper; homely halibut,gender,p0862,1
162,crushing chicken; gross grasshopper; homely halibut,gender,p0867,2
163,crushing chicken; gross grasshopper; homely halibut,gender,p0869,1
164,crushing chicken; gross grasshopper; homely halibut,gender,p0872,1
165,crushing chicken; gross grasshopper; homely halibut,gender,p0880,2
166,crushing chicken; gross grasshopper; homely halibut,gender,p0891,1
167,crushing chicken; gross grasshopper; homely halibut,gender,p0916,2
168,crushing chicken; gross grasshopper; homely halibut,gender,p0917,2
169,crushing chicken; gross grasshopper; homely halibut,gender,p0919,2
170,crushing chicken; gross grasshopper; homely halibut,gender,p0922,2
171,crushing chicken; gross grasshopper; homely halibut,gender,p0925,2
172,crushing chicken; gross grasshopper; homely halibut,gender,p0927,1
173,crushing chicken; gross grasshopper; homely halibut,gender,p0929,2
174,crushing chicken; gross grasshopper; homely halibut,gender,p0930,1
175,crushing chicken; gross grasshopper; homely halibut,gender,p0931,2
176,crushing chicken; gross grasshopper; homely halibut,gender,p0933,2
177,crushing chicken; gross grasshopper; homely halibut,gender,p0934,2
178,crushing chicken; gross grasshopper; homely halibut,gender,p0936,2
179,crushing chicken; gross grasshopper; homely halibut,gender,p0938,1
180,crushing chicken; gross grasshopper; homely halibut,gender,p0939,2
181,crushing chicken; gross grasshopper; homely halibut,gender,p0946,1
182,crushing chicken; gross grasshopper; homely halibut,gender,p0951,1
183,crushing chicken; gross grasshopper; homely halibut,gender,p0956,2
184,crushing chicken; gross grasshopper; homely halibut,gender,p0962,2
185,crushing chicken; gross grasshopper; homely halibut,gender,p0963,1
186,crushing chicken; gross grasshopper; homely halibut,gender,p0969,1
187,crushing chicken; gross grasshopper; homely halibut,gender,p0972,1
188,crushing chicken; gross grasshopper; homely halibut,gender,p0975,1
189,crushing chicken; gross grasshopper; homely halibut,gender,p0985,2
190,crushing chicken; gross grasshopper; homely halibut,gender,p0993,1
191,crushing chicken; gross grasshopper; homely halibut,gender,p0996,2
192,crushing chicken; gross grasshopper; homely halibut,gender,p1011,1
193,crushing chicken; gross grasshopper; homely halibut,gender,p1017,2
194,crushing chicken; gross grasshopper; homely halibut,gender,p1020,1
195,crushing chicken; gross grasshopper; homely halibut,gender,p1022,1
196,crushing chicken; gross grasshopper; homely halibut,gender,p1024,2
197,crushing chicken; gross grasshopper; homely halibut,gender,p1027,1
198,crushing chicken; gross grasshopper; homely halibut,gender,p1028,1
199,crushing chicken; gross grasshopper; homely halibut,gender,p1029,2
200,crushing chicken; gross grasshopper; homely halibut,gender,p1032,1
201,crushing chicken; gross grasshopper; homely halibut,gender,p1040,1
202,crushing chicken; gross grasshopper; homely halibut,gender,p1047,1
203,crushing chicken; gross grasshopper; homely halibut,gender,p1048,1
204,crushing chicken; gross grasshopper; homely halibut,gender,p1053,2
205,crushing chicken; gross grasshopper; homely halibut,gender,p1057,1
206,crushing chicken; gross grasshopper; homely halibut,gender,p1058,2
207,crushing chicken; gross grasshopper; homely halibut,gender,p1063,1
208,crushing chicken; gross grasshopper; homely halibut,gender,p1064,2
209,crushing chicken; gross grasshopper; homely halibut,gender,p1065,1
210,crushing chicken; gross grasshopper; homely halibut,gender,p1069,2
211,crushing chicken; gross grasshopper; homely halibut,gender,p1072,1
212,crushing chicken; gross grasshopper; homely halibut,gender,p1073,1
213,crushing chicken; gross grasshopper; homely halibut,gender,p1075,2
214,crushing chicken; gross grasshopper; homely halibut,gender,p1076,2
215,crushing chicken; gross grasshopper; homely halibut,gender,p1083,2
216,crushing chicken; gross grasshopper; homely halibut,gender,p1089,1
217,crushing chicken; gross grasshopper; homely halibut,gender,p1093,1
218,crushing chicken; gross grasshopper; homely halibut,gender,p1096,2
219,crushing chicken; gross grasshopper; homely halibut,gender,p1100,1
220,crushing chicken; gross grasshopper; homely halibut,gender,p1106,2
221,crushing chicken; gross grasshopper; homely halibut,gender,p1107,2
222,crushing chicken; gross grasshopper; homely halibut,gender,p1113,1
223,crushing chicken; gross grasshopper; homely halibut,gender,p1117,1
224,crushing chicken; gross grasshopper; homely halibut,gender,p1120,1
225,crushing chicken; gross grasshopper; homely halibut,gender,p1134,1
226,crushing chicken; gross grasshopper; homely halibut,gender,p1136,1
227,crushing chicken; gross grasshopper; homely halibut,gender,p1138,2
228,crushing chicken; gross grasshopper; homely halibut,gender,p1144,1
229,crushing chicken; gross grasshopper; homely halibut,gender,p1145,1
230,crushing chicken; gross grasshopper; homely halibut,gender,p1147,2
231,crushing chicken; gross grasshopper; homely halibut,gender,p1148,1
232,crushing chicken; gross grasshopper; homely halibut,gender,p1154,2
233,crushing chicken; gross grasshopper; homely halibut,gender,p1159,1
234,crushing chicken; gross grasshopper; homely halibut,gender,p1167,1
235,crushing chicken; gross grasshopper; homely halibut,gender,p1175,2
236,crushing chicken; gross grasshopper; homely halibut,gender,p1178,2
237,crushing chicken; gross grasshopper; homely halibut,gender,p1184,2
238,crushing chicken; gross grasshopper; homely halibut,gender,p1186,1
239,crushing chicken; gross grasshopper; homely halibut,gender,p1196,1
240,crushing chicken; gross grasshopper; homely halibut,gender,p1197,2
241,crushing chicken; gross grasshopper; homely halibut,gender,p1203,1
242,crushing chicken; gross grasshopper; homely halibut,gender,p1219,2
243,crushing chicken; gross grasshopper; homely halibut,gender,p1225,1
244,crushing chicken; gross grasshopper; homely halibut,gender,p1234,2
245,crushing chicken; gross grasshopper; homely halibut,gender,p1242,1
246,crushing chicken; gross grasshopper; homely halibut,gender,p1244,1
247,crushing chicken; gross grasshopper; homely halibut,gender,p1249,2
248,crushing chicken; gross grasshopper; homely halibut,gender,p1250,1
249,crushing chicken; gross grasshopper; homely halibut,gender,p1256,1
250,crushing chicken; gross grasshopper; homely halibut,gender,p1258,2
251,crushing chicken; gross grasshopper; homely halibut,gender,p1260,1
252,crushing chicken; gross grasshopper; homely halibut,gender,p1262,1
253,crushing chicken; gross grasshopper; homely halibut,gender,p1264,2
254,crushing chicken; gross grasshopper; homely halibut,gender,p1265,2
255,crushing chicken; gross grasshopper; homely halibut,gender,p1269,1
256,crushing chicken; gross grasshopper; homely halibut,gender,p1272,2
257,crushing chicken; gross grasshopper; homely halibut,gender,p1278,1
258,crushing chicken; gross grasshopper; homely halibut,gender,p1281,2
259,crushing chicken; gross grasshopper; homely halibut,gender,p1292,1
260,crushing chicken; gross grasshopper; homely halibut,gender,p1299,2
261,crushing chicken; gross grasshopper; homely halibut,gender,p1312,2
262,crushing chicken; gross grasshopper; homely halibut,gender,p1322,1
263,crushing chicken; gross grasshopper; homely halibut,gender,p1326,2
264,crushing chicken; gross grasshopper; homely halibut,gender,p1330,2
265,crushing chicken; gross grasshopper; homely halibut,gender,p1335,2
266,crushing chicken; gross grasshopper; homely halibut,gender,p1337,1
267,crushing chicken; gross grasshopper; homely halibut,gender,p1340,1
268,crushing chicken; gross grasshopper; homely halibut,gender,p1345,1
269,crushing chicken; gross grasshopper; homely halibut,gender,p1351,1
270,crushing chicken; gross grasshopper; homely halibut,gender,p1355,2
271,crushing chicken; gross grasshopper; homely halibut,gender,p1362,2
272,crushing chicken; gross grasshopper; homely halibut,gender,p1365,1
273,crushing chicken; gross grasshopper; homely halibut,gender,p1366,2
274,crushing chicken; gross grasshopper; homely halibut,gender,p1367,1
275,crushing chicken; gross grasshopper; homely halibut,gender,p1370,2
276,crushing chicken; gross grasshopper; homely halibut,gender,p1371,1
277,crushing chicken; gross grasshopper; homely halibut,gender,p1373,2
278,crushing chicken; gross grasshopper; homely halibut,gender,p1375,2
279,crushing chicken; gross grasshopper; homely halibut,gender,p1376,2
280,crushing chicken; gross grasshopper; homely halibut,gender,p1379,2
281,crushing chicken; gross grasshopper; homely halibut,gender,p1381,2
282,crushing chicken; gross grasshopper; homely halibut,gender,p1393,2
283,crushing chicken; gross grasshopper; homely halibut,gender,p1396,2
284,crushing chicken; gross grasshopper; homely halibut,gender,p1398,1
285,crushing chicken; gross grasshopper; homely halibut,gender,p1404,2
286,crushing chicken; gross grasshopper; homely halibut,gender,p1406,1
287,crushing chicken; gross grasshopper; homely halibut,gender,p1407,2
288,crushing chicken; gross grasshopper; homely halibut,gender,p1409,1
289,crushing chicken; gross grasshopper; homely halibut,gender,p1412,1
290,crushing chicken; gross grasshopper; homely halibut,gender,p1414,1
291,crushing chicken; gross grasshopper; homely halibut,gender,p1424,1
292,crushing chicken; gross grasshopper; homely halibut,gender,p1425,1
293,crushing chicken; gross grasshopper; homely halibut,gender,p1429,2
294,crushing chicken; gross grasshopper; homely halibut,gender,p1434,1
295,crushing chicken; gross grasshopper; homely halibut,gender,p1441,1
296,crushing chicken; gross grasshopper; homely halibut,gender,p1445,1
297,crushing chicken; gross grasshopper; homely halibut,gender,p1450,1
298,crushing chicken; gross grasshopper; homely halibut,gender,p1454,1
299,crushing chicken; gross grasshopper; homely halibut,gender,p1456,1
300,crushing chicken; gross grasshopper; homely halibut,gender,p1457,2
301,crushing chicken; gross grasshopper; homely halibut,gender,p1458,1
302,crushing chicken; gross grasshopper; homely halibut,gender,p1469,1
303,crushing chicken; gross grasshopper; homely halibut,gender,p1470,1
304,crushing chicken; gross grasshopper; homely halibut,gender,p1481,1
305,crushing chicken; gross grasshopper; homely halibut,gender,p1488,2
306,crushing chicken; gross grasshopper; homely halibut,gender,p1492,1
307,crushing chicken; gross grasshopper; homely halibut,gender,p1495,1
308,crushing chicken; gross grasshopper; homely halibut,gender,p1497,2
309,crushing chicken; gross grasshopper; homely halibut,gender,p1499,1
310,crushing chicken; gross grasshopper; homely halibut,gender,p1503,1
311,crushing chicken; gross grasshopper; homely halibut,gender,p1511,1
312,crushing chicken; gross grasshopper; homely halibut,gender,p1512,2
313,crushing chicken; gross grasshopper; homely halibut,gender,p1518,2
314,crushing chicken; gross grasshopper; homely halibut,gender,p1519,2
315,crushing chicken; gross grasshopper; homely halibut,gender,p1520,2
316,crushing chicken; gross grasshopper; homely halibut,gender,p1524,2
317,crushing chicken; gross grasshopper; homely halibut,gender,p1526,2
318,crushing chicken; gross grasshopper; homely halibut,gender,p1537,1
319,crushing chicken; gross grasshopper; homely halibut,gender,p1545,2
320,crushing chicken; gross grasshopper; homely halibut,gender,p1547,2
321,crushing chicken; gross grasshopper; homely halibut,gender,p1552,1
322,crushing chicken; gross grasshopper; homely halibut,gender,p1567,1
323,crushing chicken; gross grasshopper; homely halibut,gender,p1568,2
324,crushing chicken; gross grasshopper; homely halibut,gender,p1579,2
325,crushing chicken; gross grasshopper; homely halibut,gender,p1587,2
326,crushing chicken; gross grasshopper; homely halibut,gender,p1596,1
327,crushing chicken; gross grasshopper; homely halibut,gender,p1600,1
328,crushing chicken; gross grasshopper; homely halibut,gender,p1603,2
329,crushing chicken; gross grasshopper; homely halibut,gender,p1604,2
330,crushing chicken; gross grasshopper; homely halibut,gender,p1610,2
331,crushing chicken; gross grasshopper; homely halibut,gender,p1618,1
332,crushing chicken; gross grasshopper; homely halibut,gender,p1619,1
333,crushing chicken; gross grasshopper; homely halibut,gender,p1622,1
334,crushing chicken; gross grasshopper; homely halibut,gender,p1623,1
335,crushing chicken; gross grasshopper; homely halibut,gender,p1630,1
336,crushing chicken; gross grasshopper; homely halibut,gender,p1641,1
337,crushing chicken; gross grasshopper; homely halibut,gender,p1649,1
338,crushing chicken; gross grasshopper; homely halibut,gender,p1652,1
339,crushing chicken; gross grasshopper; homely halibut,gender,p1665,1
340,crushing chicken; gross grasshopper; homely halibut,gender,p1669,1
341,crushing chicken; gross grasshopper; homely halibut,gender,p1685,1
342,crushing chicken; gross grasshopper; homely halibut,gender,p1693,2
343,crushing chicken; gross grasshopper; homely halibut,gender,p1698,1
344,crushing chicken; gross grasshopper; homely halibut,gender,p1704,1
345,crushing chicken; gross grasshopper; homely halibut,gender,p1711,1
346,crushing chicken; gross grasshopper; homely halibut,gender,p1718,1
347,crushing chicken; gross grasshopper; homely halibut,gender,p1732,1
348,crushing chicken; gross grasshopper; homely halibut,gender,p1739,1
349,crushing chicken; gross grasshopper; homely halibut,gender,p1741,1
350,crushing chicken; gross grasshopper; homely halibut,gender,p1746,1
351,crushing chicken; gross grasshopper; homely halibut,gender,p1751,1
352,crushing chicken; gross grasshopper; homely halibut,gender,p1754,2
353,crushing chicken; gross grasshopper; homely halibut,gender,p1769,2
354,crushing chicken; gross grasshopper; homely halibut,gender,p1771,2
355,crushing chicken; gross grasshopper; homely halibut,gender,p1776,1
356,crushing chicken; gross grasshopper; homely halibut,gender,p1780,1
357,crushing chicken; gross grasshopper; homely halibut,gender,p1785,2
358,crushing chicken; gross grasshopper; homely halibut,gender,p1791,1
359,crushing chicken; gross grasshopper; homely halibut,gender,p1793,1
360,crushing chicken; gross grasshopper; homely halibut,gender,p1796,1
361,crushing chicken; gross grasshopper; homely halibut,gender,p1805,1
362,crushing chicken; gross grasshopper; homely halibut,gender,p1812,1
363,crushing chicken; gross grasshopper; homely halibut,gender,p1816,2
364,crushing chicken; gross grasshopper; homely halibut,gender,p1819,1
365,crushing chicken; gross grasshopper; homely halibut,gender,p1825,1
366,crushing chicken; gross grasshopper; homely halibut,gender,p1836,1
367,crushing chicken; gross grasshopper; homely halibut,gender,p1839,2
368,crushing chicken; gross grasshopper; homely halibut,gender,p1861,1
369,crushing chicken; gross grasshopper; homely halibut,gender,p1863,1
370,crushing chicken; gross grasshopper; homely halibut,gender,p1873,1
371,crushing chicken; gross grasshopper; homely halibut,gender,p1875,1
372,crushing chicken; gross grasshopper; homely halibut,gender,p1876,2
373,crushing chicken; gross grasshopper; homely halibut,gender,p1877,2
374,crushing chicken; gross grasshopper; homely halibut,gender,p1880,2
375,crushing chicken; gross grasshopper; homely halibut,gender,p1883,1
376,crushing chicken; gross grasshopper; homely halibut,gender,p1889,1
377,crushing chicken; gross grasshopper; homely halibut,gender,p1893,1
378,crushing chicken; gross grasshopper; homely halibut,gender,p1896,1
379,crushing chicken; gross grasshopper; homely halibut,gender,p1913,1
380,crushing chicken; gross grasshopper; homely halibut,gender,p1922,1
381,crushing chicken; gross grasshopper; homely halibut,gender,p1930,1
382,crushing chicken; gross grasshopper; homely halibut,gender,p1935,1
383,crushing chicken; gross grasshopper; homely halibut,gender,p1940,1
384,crushing chicken; gross grasshopper; homely halibut,gender,p1948,2
385,crushing chicken; gross grasshopper; homely halibut,gender,p1950,2
386,crushing chicken; gross grasshopper; homely halibut,gender,p1954,1
387,crushing chicken; gross grasshopper; homely halibut,gender,p1956,2
388,crushing chicken; gross grasshopper; homely halibut,gender,p1958,1
389,crushing chicken; gross grasshopper; homely halibut,gender,p1967,2
390,crushing chicken; gross grasshopper; homely halibut,gender,p1973,1
391,crushing chicken; gross grasshopper; homely halibut,gender,p1978,1
392,crushing chicken; gross grasshopper; homely halibut,gender,p1983,1
393,crushing chicken; gross grasshopper; homely halibut,gender,p1984,2
394,crushing chicken; gross grasshopper; homely halibut,gender,p1995,1
395,crushing chicken; gross grasshopper; homely halibut,gender,p1996,2
396,crushing chicken; gross grasshopper; homely halibut,gender,p1997,1
397,crushing chicken; gross grasshopper; homely halibut,gender,p2001,2
398,crushing chicken; gross grasshopper; homely halibut,gender,p2002,2
399,crushing chicken; gross grasshopper; homely halibut,gender,p2013,2
400,crushing chicken; gross grasshopper; homely halibut,gender,p2014,2
401,crushing chicken; gross grasshopper; homely halibut,gender,p2016,1
402,crushing chicken; gross grasshopper; homely halibut,gender,p2018,1
403,crushing chicken; gross grasshopper; homely halibut,gender,p2023,2
404,crushing chicken; gross grasshopper; homely halibut,gender,p2025,1
405,crushing chicken; gross grasshopper; homely halibut,gender,p2028,1
406,crushing chicken; gross grasshopper; homely halibut,gender,p2030,2
407,crushing chicken; gross grasshopper; homely halibut,gender,p2033,1
408,crushing chicken; gross grasshopper; homely halibut,gender,p2040,1
409,crushing chicken; gross grasshopper; homely halibut,gender,p2051,2
410,crushing chicken; gross grasshopper; homely halibut,gender,p2052,1
411,crushing chicken; gross grasshopper; homely halibut,gender,p2066,1
412,crushing chicken; gross grasshopper; homely halibut,gender,p2067,1
413,crushing chicken; gross grasshopper; homely halibut,gender,p2073,1
414,crushing chicken; gross grasshopper; homely halibut,gender,p2077,2
415,crushing chicken; gross grasshopper; homely halibut,gender,p2078,2
416,crushing chicken; gross grasshopper; homely halibut,gender,p2086,1
417,crushing chicken; gross grasshopper; homely halibut,gender,p2089,1
418,crushing chicken; gross grasshopper; homely halibut,gender,p2093,1
419,crushing chicken; gross grasshopper; homely halibut,gender,p2094,2
420,crushing chicken; gross grasshopper; homely halibut,gender,p2111,2
421,crushing chicken; gross grasshopper; homely halibut,gender,p2117,2
422,crushing chicken; gross grasshopper; homely halibut,gender,p2121,1
423,crushing chicken; gross grasshopper; homely halibut,gender,p2127,1
424,crushing chicken; gross grasshopper; homely halibut,gender,p2141,1
425,crushing chicken; gross grasshopper; homely halibut,gender,p2142,2
426,crushing chicken; gross grasshopper; homely halibut,gender,p2143,1
427,crushing chicken; gross grasshopper; homely halibut,gender,p2153,2
428,crushing chicken; gross grasshopper; homely halibut,gender,p2155,2
429,crushing chicken; gross grasshopper; homely halibut,gender,p2169,1
430,crushing chicken; gross grasshopper; homely halibut,gender,p2187,1
431,crushing chicken; gross grasshopper; homely halibut,gender,p2188,1
432,crushing chicken; gross grasshopper; homely halibut,gender,p2197,2
433,crushing chicken; gross grasshopper; homely halibut,gender,p2213,2
434,crushing chicken; gross grasshopper; homely halibut,gender,p2214,2
435,crushing chicken; gross grasshopper; homely halibut,gender,p2215,2
436,crushing chicken; gross grasshopper; homely halibut,gender,p2220,1
437,crushing chicken; gross grasshopper; homely halibut,gender,p2223,2
438,crushing chicken; gross grasshopper; homely halibut,gender,p2229,1
439,crushing chicken; gross grasshopper; homely halibut,gender,p2234,2
440,crushing chicken; gross grasshopper; homely halibut,gender,p2237,2
441,crushing chicken; gross grasshopper; homely halibut,gender,p2238,1
442,crushing chicken; gross grasshopper; homely halibut,gender,p2244,2
443,crushing chicken; gross grasshopper; homely halibut,gender,p2248,2
444,crushing chicken; gross grasshopper; homely halibut,gender,p2252,1
445,crushing chicken; gross grasshopper; homely halibut,gender,p2255,1
446,crushing chicken; gross grasshopper; homely halibut,gender,p2261,1
447,crushing chicken; gross grasshopper; homely halibut,gender,p2263,2
448,crushing chicken; gross grasshopper; homely halibut,gender,p2273,2
449,crushing chicken; gross grasshopper; homely halibut,gender,p2275,2
450,crushing chicken; gross grasshopper; homely halibut,gender,p2276,2
451,crushing chicken; gross grasshopper; homely halibut,gender,p2283,2
452,crushing chicken; gross grasshopper; homely halibut,gender,p2287,2
453,crushing chicken; gross grasshopper; homely halibut,gender,p2296,1
454,crushing chicken; gross grasshopper; homely halibut,gender,p2298,1
455,crushing chicken; gross grasshopper; homely halibut,gender,p2304,1
456,crushing chicken; gross grasshopper; homely halibut,gender,p2310,2
457,crushing chicken; gross grasshopper; homely halibut,gender,p2322,2
458,crushing chicken; gross grasshopper; homely halibut,gender,p2326,2
459,crushing chicken; gross grasshopper; homely halibut,gender,p2330,2
460,crushing chicken; gross grasshopper; homely halibut,gender,p2331,1
461,crushing chicken; gross grasshopper; homely halibut,gender,p2333,1
462,crushing chicken; gross grasshopper; homely halibut,gender,p2347,2
463,crushing chicken; gross grasshopper; homely halibut,gender,p2350,2
464,crushing chicken; gross grasshopper; homely halibut,gender,p2351,1
465,crushing chicken; gross grasshopper; homely halibut,gender,p2353,2
466,crushing chicken; gross grasshopper; homely halibut,gender,p2355,2
467,crushing chicken; gross grasshopper; homely halibut,gender,p2363,2
468,crushing chicken; gross grasshopper; homely halibut,gender,p2378,2
469,crushing chicken; gross grasshopper; homely halibut,gender,p2380,1
470,crushing chicken; gross grasshopper; homely halibut,gender,p2387,2
471,crushing chicken; gross grasshopper; homely halibut,gender,p2398,1
472,crushing chicken; gross grasshopper; homely halibut,gender,p2400,1
473,crushing chicken; gross grasshopper; homely halibut,gender,p2403,2
474,crushing chicken; gross grasshopper; homely halibut,gender,p2408,2
475,crushing chicken; gross grasshopper; homely halibut,gender,p2418,2
476,crushing chicken; gross grasshopper; homely halibut,gender,p2426,1
477,crushing chicken; gross grasshopper; homely halibut,gender,p2428,2
478,crushing chicken; gross grasshopper; homely halibut,gender,p2434,2
479,crushing chicken; gross grasshopper; homely halibut,gender,p2446,1
480,crushing chicken; gross grasshopper; homely halibut,gender,p2452,1
481,crushing chicken; gross grasshopper; homely halibut,gender,p2454,2
482,crushing chicken; gross grasshopper; homely halibut,gender,p2462,1
483,crushing chicken; gross grasshopper; homely halibut,gender,p2467,1
484,crushing chicken; gross grasshopper; homely halibut,gender,p2482,2
485,crushing chicken; gross grasshopper; homely halibut,gender,p2489,1
486,crushing chicken; gross grasshopper; homely halibut,gender,p2490,2
487,crushing chicken; gross grasshopper; homely halibut,gender,p2494,2
488,crushing chicken; gross grasshopper; homely halibut,gender,p2502,1
489,crushing chicken; gross grasshopper; homely halibut,gender,p2503,2
490,crushing chicken; gross grasshopper; homely halibut,gender,p2522,1
491,crushing chicken; gross grasshopper; homely halibut,gender,p2524,1
492,crushing chicken; gross grasshopper; homely halibut,gender,p2533,2
493,crushing chicken; gross grasshopper; homely halibut,gender,p2566,2
494,crushing chicken; gross grasshopper; homely halibut,gender,p2571,1
495,crushing chicken; gross grasshopper; homely halibut,gender,p2573,1
496,crushing chicken; gross grasshopper; homely halibut,gender,p2582,1
497,crushing chicken; gross grasshopper; homely halibut,gender,p2591,1
498,crushing chicken; gross grasshopper; homely halibut,gender,p2592,2
499,crushing chicken; gross grasshopper; homely halibut,gender,p2595,2
500,crushing chicken; gross grasshopper; homely halibut,year_birth,p0016,1970
501,crushing chicken; gross grasshopper; homely halibut,year_birth,p0022,1991
502,crushing chicken; gross grasshopper; homely halibut,year_birth,p0023,1958
503,crushing chicken; gross grasshopper; homely halibut,year_birth,p0026,1965
504,crushing chicken; gross grasshopper; homely halibut,year_birth,p0034,1950
505,crushing chicken; gross grasshopper; homely halibut,year_birth,p0036,1994
506,crushing chicken; gross grasshopper; homely halibut,year_birth,p0037,1969
507,crushing chicken; gross grasshopper; homely halibut,year_birth,p0042,1960
508,crushing chicken; gross grasshopper; homely halibut,year_birth,p0057,1981
509,crushing chicken; gross grasshopper; homely halibut,year_birth,p0066,1966
510,crushing chicken; gross grasshopper; homely halibut,year_birth,p0069,1986
511,crushing chicken; gross grasshopper; homely halibut,year_birth,p0072,1987
512,crushing chicken; gross grasshopper; homely halibut,year_birth,p0073,1982
513,crushing chicken; gross grasshopper; homely halibut,year_birth,p0082,1973
514,crushing chicken; gross grasshopper; homely halibut,year_birth,p0091,1995
515,crushing chicken; gross grasshopper; homely halibut,year_birth,p0092,1980
516,crushing chicken; gross grasshopper; homely halibut,year_birth,p0093,1947
517,crushing chicken; gross grasshopper; homely halibut,year_birth,p0095,1946
518,crushing chicken; gross grasshopper; homely halibut,year_birth,p0107,1964
519,crushing chicken; gross grasshopper; homely halibut,year_birth,p0114,1987
520,crushing chicken; gross grasshopper; homely halibut,year_birth,p0116,1986
521,crushing chicken; gross grasshopper; homely halibut,year_birth,p0118,1998
522,crushing chicken; gross grasshopper; homely halibut,year_birth,p0119,1989
523,crushing chicken; gross grasshopper; homely halibut,year_birth,p0126,1961
524,crushing chicken; gross grasshopper; homely halibut,year_birth,p0129,1951
525,crushing chicken; gross grasshopper; homely halibut,year_birth,p0136,1986
526,crushing chicken; gross grasshopper; homely halibut,year_birth,p0138,1947
527,crushing chicken; gross grasshopper; homely halibut,year_birth,p0144,1989
528,crushing chicken; gross grasshopper; homely halibut,year_birth,p0150,1975
529,crushing chicken; gross grasshopper; homely halibut,year_birth,p0152,1973
530,crushing chicken; gross grasshopper; homely halibut,year_birth,p0158,1948
531,crushing chicken; gross grasshopper; homely halibut,year_birth,p0161,1984
532,crushing chicken; gross grasshopper; homely halibut,year_birth,p0164,1955
533,crushing chicken; gross grasshopper; homely halibut,year_birth,p0175,1954
534,crushing chicken; gross grasshopper; homely halibut,year_birth,p0177,1972
535,crushing chicken; gross grasshopper; homely halibut,year_birth,p0178,1991
536,crushing chicken; gross grasshopper; homely halibut,year_birth,p0181,1970
537,crushing chicken; gross grasshopper; homely halibut,year_birth,p0186,1968
538,crushing chicken; gross grasshopper; homely halibut,year_birth,p0196,1993
539,crushing chicken; gross grasshopper; homely halibut,year_birth,p0198,1949
540,crushing chicken; gross grasshopper; homely halibut,year_birth,p0202,1950
541,crushing chicken; gross grasshopper; homely halibut,year_birth,p0205,1944
542,crushing chicken; gross grasshopper; homely halibut,year_birth,p0207,1932
543,crushing chicken; gross grasshopper; homely halibut,year_birth,p0211,1947
544,crushing chicken; gross grasshopper; homely halibut,year_birth,p0227,1978
545,crushing chicken; gross grasshopper; homely halibut,year_birth,p0229,1957
546,crushing chicken; gross grasshopper; homely halibut,year_birth,p0232,1939
547,crushing chicken; gross grasshopper; homely halibut,year_birth,p0233,1951
548,crushing chicken; gross grasshopper; homely halibut,year_birth,p0237,1984
549,crushing chicken; gross grasshopper; homely halibut,year_birth,p0258,1936
550,crushing chicken; gross grasshopper; homely halibut,year_birth,p0268,1927
551,crushing chicken; gross grasshopper; homely halibut,year_birth,p0274,1981
552,crushing chicken; gross grasshopper; homely halibut,year_birth,p0275,1970
553,crushing chicken; gross grasshopper; homely halibut,year_birth,p0277,1975
554,crushing chicken; gross grasshopper; homely halibut,year_birth,p0288,1970
555,crushing chicken; gross grasshopper; homely halibut,year_birth,p0291,1936
556,crushing chicken; gross grasshopper; homely halibut,year_birth,p0307,1996
557,crushing chicken; gross grasshopper; homely halibut,year_birth,p0308,1998
558,crushing chicken; gross grasshopper; homely halibut,year_birth,p0317,1960
559,crushing chicken; gross grasshopper; homely halibut,year_birth,p0325,1989
560,crushing chicken; gross grasshopper; homely halibut,year_birth,p0327,1958
561,crushing chicken; gross grasshopper; homely halibut,year_birth,p0334,1956
562,crushing chicken; gross grasshopper; homely halibut,year_birth,p0336,1987
563,crushing chicken; gross grasshopper; homely halibut,year_birth,p0338,1977
564,crushing chicken; gross grasshopper; homely halibut,year_birth,p0342,1981
565,crushing chicken; gross grasshopper; homely halibut,year_birth,p0349,1975
566,crushing chicken; gross grasshopper; homely halibut,year_birth,p0356,1991
567,crushing chicken; gross grasshopper; homely halibut,year_birth,p0358,1956
568,crushing chicken; gross grasshopper; homely halibut,year_birth,p0363,1956
569,crushing chicken; gross grasshopper; homely halibut,year_birth,p0364,1981
570,crushing chicken; gross grasshopper; homely halibut,year_birth,p0369,1989
571,crushing chicken; gross grasshopper; homely halibut,year_birth,p0370,1983
572,crushing chicken; gross grasshopper; homely halibut,year_birth,p0371,1959
573,crushing chicken; gross grasshopper; homely halibut,year_birth,p0379,1962
574,crushing chicken; gross grasshopper; homely halibut,year_birth,p0386,1986
575,crushing chicken; gross grasshopper; homely halibut,year_birth,p0396,1987
576,crushing chicken; gross grasshopper; homely halibut,year_birth,p0403,1988
577,crushing chicken; gross grasshopper; homely halibut,year_birth,p0405,1990
578,crushing chicken; gross grasshopper; homely halibut,year_birth,p0412,1963
579,crushing chicken; gross grasshopper; homely halibut,year_birth,p0415,1992
580,crushing chicken; gross grasshopper; homely halibut,year_birth,p0416,1982
581,crushing chicken; gross grasshopper; homely halibut,year_birth,p0417,1983
582,crushing chicken; gross grasshopper; homely halibut,year_birth,p0418,1952
583,crushing chicken; gross grasshopper; homely halibut,year_birth,p0430,1944
584,crushing chicken; gross grasshopper; homely halibut,year_birth,p0431,1998
585,crushing chicken; gross grasshopper; homely halibut,year_birth,p0434,1964
586,crushing chicken; gross grasshopper; homely halibut,year_birth,p0438,1977
587,crushing chicken; gross grasshopper; homely halibut,year_birth,p0441,1988
588,crushing chicken; gross grasshopper; homely halibut,year_birth,p0442,1994
589,crushing chicken; gross grasshopper; homely halibut,year_birth,p0449,1957
590,crushing chicken; gross grasshopper; homely halibut,year_birth,p0450,1951
591,crushing chicken; gross grasshopper; homely halibut,year_birth,p0465,1965
592,crushing chicken; gross grasshopper; homely halibut,year_birth,p0471,1987
593,crushing chicken; gross grasshopper; homely halibut,year_birth,p0477,1970
594,crushing chicken; gross grasshopper; homely halibut,year_birth,p0483,1993
595,crushing chicken; gross grasshopper; homely halibut,year_birth,p0486,1990
596,crushing chicken; gross grasshopper; homely halibut,year_birth,p0487,1983
597,crushing chicken; gross grasshopper; homely halibut,year_birth,p0489,1959
598,crushing chicken; gross grasshopper; homely halibut,year_birth,p0497,1946
599,crushing chicken; gross grasshopper; homely halibut,year_birth,p0502,1953
600,crushing chicken; gross grasshopper; homely halibut,year_birth,p0503,1991
601,crushing chicken; gross grasshopper; homely halibut,year_birth,p0506,1987
602,crushing chicken; gross grasshopper; homely halibut,year_birth,p0511,1989
603,crushing chicken; gross grasshopper; homely halibut,year_birth,p0523,1993
604,crushing chicken; gross grasshopper; homely halibut,year_birth,p0534,1954
605,crushing chicken; gross grasshopper; homely halibut,year_birth,p0536,1982
606,crushing chicken; gross grasshopper; homely halibut,year_birth,p0542,1948
607,crushing chicken; gross grasshopper; homely halibut,year_birth,p0547,1954
608,crushing chicken; gross grasshopper; homely halibut,year_birth,p0553,1966
609,crushing chicken; gross grasshopper; homely halibut,year_birth,p0559,1991
610,crushing chicken; gross grasshopper; homely halibut,year_birth,p0566,1984
611,crushing chicken; gross grasshopper; homely halibut,year_birth,p0568,1972
612,crushing chicken; gross grasshopper; homely halibut,year_birth,p0570,1977
613,crushing chicken; gross grasshopper; homely halibut,year_birth,p0573,1987
614,crushing chicken; gross grasshopper; homely halibut,year_birth,p0578,1967
615,crushing chicken; gross grasshopper; homely halibut,year_birth,p0594,1984
616,crushing chicken; gross grasshopper; homely halibut,year_birth,p0597,1958
617,crushing chicken; gross grasshopper; homely halibut,year_birth,p0601,1996
618,crushing chicken; gross grasshopper; homely halibut,year_birth,p0602,1952
619,crushing chicken; gross grasshopper; homely halibut,year_birth,p0605,1987
620,crushing chicken; gross grasshopper; homely halibut,year_birth,p0615,1966
621,crushing chicken; gross grasshopper; homely halibut,year_birth,p0620,1994
622,crushing chicken; gross grasshopper; homely halibut,year_birth,p0626,1980
623,crushing chicken; gross grasshopper; homely halibut,year_birth,p0629,1995
624,crushing chicken; gross grasshopper; homely halibut,year_birth,p0633,1996
625,crushing chicken; gross grasshopper; homely halibut,year_birth,p0638,1989
626,crushing chicken; gross grasshopper; homely halibut,year_birth,p0639,1976
627,crushing chicken; gross grasshopper; homely halibut,year_birth,p0640,1951
628,crushing chicken; gross grasshopper; homely halibut,year_birth,p0655,1998
629,crushing chicken; gross grasshopper; homely halibut,year_birth,p0656,1991
630,crushing chicken; gross grasshopper; homely halibut,year_birth,p0658,1968
631,crushing chicken; gross grasshopper; homely halibut,year_birth,p0661,1988
632,crushing chicken; gross grasshopper; homely halibut,year_birth,p0669,1960
633,crushing chicken; gross grasshopper; homely halibut,year_birth,p0670,1980
634,crushing chicken; gross grasshopper; homely halibut,year_birth,p0672,1973
635,crushing chicken; gross grasshopper; homely halibut,year_birth,p0674,1985
636,crushing chicken; gross grasshopper; homely halibut,year_birth,p0678,1978
637,crushing chicken; gross grasshopper; homely halibut,year_birth,p0683,1949
638,crushing chicken; gross grasshopper; homely halibut,year_birth,p0686,1977
639,crushing chicken; gross grasshopper; homely halibut,year_birth,p0687,1953
640,crushing chicken; gross grasshopper; homely halibut,year_birth,p0698,1963
641,crushing chicken; gross grasshopper; homely halibut,year_birth,p0700,1981
642,crushing chicken; gross grasshopper; homely halibut,year_birth,p0703,1970
643,crushing chicken; gross grasshopper; homely halibut,year_birth,p0718,1984
644,crushing chicken; gross grasshopper; homely halibut,year_birth,p0744,1987
645,crushing chicken; gross grasshopper; homely halibut,year_birth,p0745,1987
646,crushing chicken; gross grasshopper; homely halibut,year_birth,p0753,1992
647,crushing chicken; gross grasshopper; homely halibut,year_birth,p0770,1985
648,crushing chicken; gross grasshopper; homely halibut,year_birth,p0771,1964
649,crushing chicken; gross grasshopper; homely halibut,year_birth,p0777,1982
650,crushing chicken; gross grasshopper; homely halibut,year_birth,p0779,1964
651,crushing chicken; gross grasshopper; homely halibut,year_birth,p0780,1970
652,crushing chicken; gross grasshopper; homely halibut,year_birth,p0783,1947
653,crushing chicken; gross grasshopper; homely halibut,year_birth,p0785,1994
654,crushing chicken; gross grasshopper; homely halibut,year_birth,p0786,1970
655,crushing chicken; gross grasshopper; homely halibut,year_birth,p0794,1952
656,crushing chicken; gross grasshopper; homely halibut,year_birth,p0798,1947
657,crushing chicken; gross grasshopper; homely halibut,year_birth,p0800,1967
658,crushing chicken; gross grasshopper; homely halibut,year_birth,p0820,1982
659,crushing chicken; gross grasshopper; homely halibut,year_birth,p0841,1985
660,crushing chicken; gross grasshopper; homely halibut,year_birth,p0849,1970
661,crushing chicken; gross grasshopper; homely halibut,year_birth,p0862,1989
662,crushing chicken; gross grasshopper; homely halibut,year_birth,p0867,1969
663,crushing chicken; gross grasshopper; homely halibut,year_birth,p0869,1955
664,crushing chicken; gross grasshopper; homely halibut,year_birth,p0872,1972
665,crushing chicken; gross grasshopper; homely halibut,year_birth,p0880,1993
666,crushing chicken; gross grasshopper; homely halibut,year_birth,p0891,1984
667,crushing chicken; gross grasshopper; homely halibut,year_birth,p0916,1989
668,crushing chicken; gross grasshopper; homely halibut,year_birth,p0917,1987
669,crushing chicken; gross grasshopper; homely halibut,year_birth,p0919,1991
670,crushing chicken; gross grasshopper; homely halibut,year_birth,p0922,1957
671,crushing chicken; gross grasshopper; homely halibut,year_birth,p0925,1966
672,crushing chicken; gross grasshopper; homely halibut,year_birth,p0927,1990
673,crushing chicken; gross grasshopper; homely halibut,year_birth,p0929,1991
674,crushing chicken; gross grasshopper; homely halibut,year_birth,p0930,1984
675,crushing chicken; gross grasshopper; homely halibut,year_birth,p0931,1958
676,crushing chicken; gross grasshopper; homely halibut,year_birth,p0933,1986
677,crushing chicken; gross grasshopper; homely halibut,year_birth,p0934,1978
678,crushing chicken; gross grasshopper; homely halibut,year_birth,p0936,1976
679,crushing chicken; gross grasshopper; homely halibut,year_birth,p0938,1982
680,crushing chicken; gross grasshopper; homely halibut,year_birth,p0939,1984
681,crushing chicken; gross grasshopper; homely halibut,year_birth,p0946,1980
682,crushing chicken; gross grasshopper; homely halibut,year_birth,p0951,1963
683,crushing chicken; gross grasshopper; homely halibut,year_birth,p0956,1988
684,crushing chicken; gross grasshopper; homely halibut,year_birth,p0962,1942
685,crushing chicken; gross grasshopper; homely halibut,year_birth,p0963,1990
686,crushing chicken; gross grasshopper; homely halibut,year_birth,p0969,1960
687,crushing chicken; gross grasshopper; homely halibut,year_birth,p0972,1956
688,crushing chicken; gross grasshopper; homely halibut,year_birth,p0975,1952
689,crushing chicken; gross grasshopper; homely halibut,year_birth,p0985,1994
690,crushing chicken; gross grasshopper; homely halibut,year_birth,p0993,1983
691,crushing chicken; gross grasshopper; homely halibut,year_birth,p0996,1956
692,crushing chicken; gross grasshopper; homely halibut,year_birth,p1011,1961
693,crushing chicken; gross grasshopper; homely halibut,year_birth,p1017,1992
694,crushing chicken; gross grasshopper; homely halibut,year_birth,p1020,1953
695,crushing chicken; gross grasshopper; homely halibut,year_birth,p1022,1995
696,crushing chicken; gross grasshopper; homely halibut,year_birth,p1024,1972
697,crushing chicken; gross grasshopper; homely halibut,year_birth,p1027,1996
698,crushing chicken; gross grasshopper; homely halibut,year_birth,p1028,1985
699,crushing chicken; gross grasshopper; homely halibut,year_birth,p1029,1986
700,crushing chicken; gross grasshopper; homely halibut,year_birth,p1032,1972
701,crushing chicken; gross grasshopper; homely halibut,year_birth,p1040,1990
702,crushing chicken; gross grasshopper; homely halibut,year_birth,p1047,1997
703,crushing chicken; gross grasshopper; homely halibut,year_birth,p1048,1985
704,crushing chicken; gross grasshopper; homely halibut,year_birth,p1053,1987
705,crushing chicken; gross grasshopper; homely halibut,year_birth,p1057,1986
706,crushing chicken; gross grasshopper; homely halibut,year_birth,p1058,1988
707,crushing chicken; gross grasshopper; homely halibut,year_birth,p1063,1960
708,crushing chicken; gross grasshopper; homely halibut,year_birth,p1064,1955
709,crushing chicken; gross grasshopper; homely halibut,year_birth,p1065,1955
710,crushing chicken; gross grasshopper; homely halibut,year_birth,p1069,1981
711,crushing chicken; gross grasshopper; homely halibut,year_birth,p1072,1986
712,crushing chicken; gross grasshopper; homely halibut,year_birth,p1073,1980
713,crushing chicken; gross grasshopper; homely halibut,year_birth,p1075,1965
714,crushing chicken; gross grasshopper; homely halibut,year_birth,p1076,1997
715,crushing chicken; gross grasshopper; homely halibut,year_birth,p1083,1950
716,crushing chicken; gross grasshopper; homely halibut,year_birth,p1089,1992
717,crushing chicken; gross grasshopper; homely halibut,year_birth,p1093,1995
718,crushing chicken; gross grasshopper; homely halibut,year_birth,p1096,1988
719,crushing chicken; gross grasshopper; homely halibut,year_birth,p1100,1972
720,crushing chicken; gross grasshopper; homely halibut,year_birth,p1106,1988
721,crushing chicken; gross grasshopper; homely halibut,year_birth,p1107,1955
722,crushing chicken; gross grasshopper; homely halibut,year_birth,p1113,1984
723,crushing chicken; gross grasshopper; homely halibut,year_birth,p1117,1940
724,crushing chicken; gross grasshopper; homely halibut,year_birth,p1120,1956
725,crushing chicken; gross grasshopper; homely halibut,year_birth,p1134,1951
726,crushing chicken; gross grasshopper; homely halibut,year_birth,p1136,1967
727,crushing chicken; gross grasshopper; homely halibut,year_birth,p1138,1969
728,crushing chicken; gross grasshopper; homely halibut,year_birth,p1144,1962
729,crushing chicken; gross grasshopper; homely halibut,year_birth,p1145,1952
730,crushing chicken; gross grasshopper; homely halibut,year_birth,p1147,1989
731,crushing chicken; gross grasshopper; homely halibut,year_birth,p1148,1982
732,crushing chicken; gross grasshopper; homely halibut,year_birth,p1154,1985
733,crushing chicken; gross grasshopper; homely halibut,year_birth,p1159,1957
734,crushing chicken; gross grasshopper; homely halibut,year_birth,p1167,1965
735,crushing chicken; gross grasshopper; homely halibut,year_birth,p1175,1989
736,crushing chicken; gross grasshopper; homely halibut,year_birth,p1178,1989
737,crushing chicken; gross grasshopper; homely halibut,year_birth,p1184,1979
738,crushing chicken; gross grasshopper; homely halibut,year_birth,p1186,1970
739,crushing chicken; gross grasshopper; homely halibut,year_birth,p1196,1996
740,crushing chicken; gross grasshopper; homely halibut,year_birth,p1197,1974
741,crushing chicken; gross grasshopper; homely halibut,year_birth,p1203,1954
742,crushing chicken; gross grasshopper; homely halibut,year_birth,p1219,1994
743,crushing chicken; gross grasshopper; homely halibut,year_birth,p1225,1952
744,crushing chicken; gross grasshopper; homely halibut,year_birth,p1234,1996
745,crushing chicken; gross grasshopper; homely halibut,year_birth,p1242,1954
746,crushing chicken; gross grasshopper; homely halibut,year_birth,p1244,1976
747,crushing chicken; gross grasshopper; homely halibut,year_birth,p1249,1972
748,crushing chicken; gross grasshopper; homely halibut,year_birth,p1250,1960
749,crushing chicken; gross grasshopper; homely halibut,year_birth,p1256,1979
750,crushing chicken; gross grasshopper; homely halibut,year_birth,p1258,1986
751,crushing chicken; gross grasshopper; homely halibut,year_birth,p1260,1982
752,crushing chicken; gross grasshopper; homely halibut,year_birth,p1262,1972
753,crushing chicken; gross grasshopper; homely halibut,year_birth,p1264,1997
754,crushing chicken; gross grasshopper; homely halibut,year_birth,p1265,1987
755,crushing chicken; gross grasshopper; homely halibut,year_birth,p1269,1983
756,crushing chicken; gross grasshopper; homely halibut,year_birth,p1272,1998
757,crushing chicken; gross grasshopper; homely halibut,year_birth,p1278,1988
758,crushing chicken; gross grasshopper; homely halibut,year_birth,p1281,1989
759,crushing chicken; gross grasshopper; homely halibut,year_birth,p1292,1990
760,crushing chicken; gross grasshopper; homely halibut,year_birth,p1299,1964
761,crushing chicken; gross grasshopper; homely halibut,year_birth,p1312,1984
762,crushing chicken; gross grasshopper; homely halibut,year_birth,p1322,1986
763,crushing chicken; gross grasshopper; homely halibut,year_birth,p1326,1985
764,crushing chicken; gross grasshopper; homely halibut,year_birth,p1330,1962
765,crushing chicken; gross grasshopper; homely halibut,year_birth,p1335,1991
766,crushing chicken; gross grasshopper; homely halibut,year_birth,p1337,1965
767,crushing chicken; gross grasshopper; homely halibut,year_birth,p1340,1983
768,crushing chicken; gross grasshopper; homely halibut,year_birth,p1345,1960
769,crushing chicken; gross grasshopper; homely halibut,year_birth,p1351,1932
770,crushing chicken; gross grasshopper; homely halibut,year_birth,p1355,1991
771,crushing chicken; gross grasshopper; homely halibut,year_birth,p1362,1941
772,crushing chicken; gross grasshopper; homely halibut,year_birth,p1365,1961
773,crushing chicken; gross grasshopper; homely halibut,year_birth,p1366,1958
774,crushing chicken; gross grasshopper; homely halibut,year_birth,p1367,1984
775,crushing chicken; gross grasshopper; homely halibut,year_birth,p1370,1936
776,crushing chicken; gross grasshopper; homely halibut,year_birth,p1371,1969
777,crushing chicken; gross grasshopper; homely halibut,year_birth,p1373,1991
778,crushing chicken; gross grasshopper; homely halibut,year_birth,p1375,1980
779,crushing chicken; gross grasshopper; homely halibut,year_birth,p1376,1986
780,crushing chicken; gross grasshopper; homely halibut,year_birth,p1379,1977
781,crushing chicken; gross grasshopper; homely halibut,year_birth,p1381,1952
782,crushing chicken; gross grasshopper; homely halibut,year_birth,p1393,1974
783,crushing chicken; gross grasshopper; homely halibut,year_birth,p1396,1970
784,crushing chicken; gross grasshopper; homely halibut,year_birth,p1398,1978
785,crushing chicken; gross grasshopper; homely halibut,year_birth,p1404,1960
786,crushing chicken; gross grasshopper; homely halibut,year_birth,p1406,1961
787,crushing chicken; gross grasshopper; homely halibut,year_birth,p1407,1987
788,crushing chicken; gross grasshopper; homely halibut,year_birth,p1409,1954
789,crushing chicken; gross grasshopper; homely halibut,year_birth,p1412,1966
790,crushing chicken; gross grasshopper; homely halibut,year_birth,p1414,1981
791,crushing chicken; gross grasshopper; homely halibut,year_birth,p1424,1968
792,crushing chicken; gross grasshopper; homely halibut,year_birth,p1425,1968
793,crushing chicken; gross grasshopper; homely halibut,year_birth,p1429,1971
794,crushing chicken; gross grasshopper; homely halibut,year_birth,p1434,1976
795,crushing chicken; gross grasshopper; homely halibut,year_birth,p1441,1975
796,crushing chicken; gross grasshopper; homely halibut,year_birth,p1445,1956
797,crushing chicken; gross grasshopper; homely halibut,year_birth,p1450,1993
798,crushing chicken; gross grasshopper; homely halibut,year_birth,p1454,1967
799,crushing chicken; gross grasshopper; homely halibut,year_birth,p1456,1978
800,crushing chicken; gross grasshopper; homely halibut,year_birth,p1457,1987
801,crushing chicken; gross grasshopper; homely halibut,year_birth,p1458,1966
802,crushing chicken; gross grasshopper; homely halibut,year_birth,p1469,1979
803,crushing chicken; gross grasshopper; homely halibut,year_birth,p1470,1961
804,crushing chicken; gross grasshopper; homely halibut,year_birth,p1481,1958
805,crushing chicken; gross grasshopper; homely halibut,year_birth,p1488,1973
806,crushing chicken; gross grasshopper; homely halibut,year_birth,p1492,1976
807,crushing chicken; gross grasshopper; homely halibut,year_birth,p1495,1943
808,crushing chicken; gross grasshopper; homely halibut,year_birth,p1497,1965
809,crushing chicken; gross grasshopper; homely halibut,year_birth,p1499,1993
810,crushing chicken; gross grasshopper; homely halibut,year_birth,p1503,1963
811,crushing chicken; gross grasshopper; homely halibut,year_birth,p1511,1960
812,crushing chicken; gross grasshopper; homely halibut,year_birth,p1512,1989
813,crushing chicken; gross grasshopper; homely halibut,year_birth,p1518,1992
814,crushing chicken; gross grasshopper; homely halibut,year_birth,p1519,1995
815,crushing chicken; gross grasshopper; homely halibut,year_birth,p1520,1988
816,crushing chicken; gross grasshopper; homely halibut,year_birth,p1524,1968
817,crushing chicken; gross grasshopper; homely halibut,year_birth,p1526,1982
818,crushing chicken; gross grasshopper; homely halibut,year_birth,p1537,1937
819,crushing chicken; gross grasshopper; homely halibut,year_birth,p1545,1975
820,crushing chicken; gross grasshopper; homely halibut,year_birth,p1547,1968
821,crushing chicken; gross grasshopper; homely halibut,year_birth,p1552,1989
822,crushing chicken; gross grasshopper; homely halibut,year_birth,p1567,1949
823,crushing chicken; gross grasshopper; homely halibut,year_birth,p1568,1950
824,crushing chicken; gross grasshopper; homely halibut,year_birth,p1579,1951
825,crushing chicken; gross grasshopper; homely halibut,year_birth,p1587,1965
826,crushing chicken; gross grasshopper; homely halibut,year_birth,p1596,1953
827,crushing chicken; gross grasshopper; homely halibut,year_birth,p1600,1974
828,crushing chicken; gross grasshopper; homely halibut,year_birth,p1603,1990
829,crushing chicken; gross grasshopper; homely halibut,year_birth,p1604,1955
830,crushing chicken; gross grasshopper; homely halibut,year_birth,p1610,1978
831,crushing chicken; gross grasshopper; homely halibut,year_birth,p1618,1971
832,crushing chicken; gross grasshopper; homely halibut,year_birth,p1619,1948
833,crushing chicken; gross grasshopper; homely halibut,year_birth,p1622,1956
834,crushing chicken; gross grasshopper; homely halibut,year_birth,p1623,1971
835,crushing chicken; gross grasshopper; homely halibut,year_birth,p1630,1999
836,crushing chicken; gross grasshopper; homely halibut,year_birth,p1641,1944
837,crushing chicken; gross grasshopper; homely halibut,year_birth,p1649,1943
838,crushing chicken; gross grasshopper; homely halibut,year_birth,p1652,1971
839,crushing chicken; gross grasshopper; homely halibut,year_birth,p1665,1980
840,crushing chicken; gross grasshopper; homely halibut,year_birth,p1669,1968
841,crushing chicken; gross grasshopper; homely halibut,year_birth,p1685,1956
842,crushing chicken; gross grasshopper; homely halibut,year_birth,p1693,1986
843,crushing chicken; gross grasshopper; homely halibut,year_birth,p1698,1973
844,crushing chicken; gross grasshopper; homely halibut,year_birth,p1704,1976
845,crushing chicken; gross grasshopper; homely halibut,year_birth,p1711,1969
846,crushing chicken; gross grasshopper; homely halibut,year_birth,p1718,1975
847,crushing chicken; gross grasshopper; homely halibut,year_birth,p1732,1971
848,crushing chicken; gross grasshopper; homely halibut,year_birth,p1739,1943
849,crushing chicken; gross grasshopper; homely halibut,year_birth,p1741,1942
850,crushing chicken; gross grasshopper; homely halibut,year_birth,p1746,1975
851,crushing chicken; gross grasshopper; homely halibut,year_birth,p1751,1987
852,crushing chicken; gross grasshopper; homely halibut,year_birth,p1754,1959
853,crushing chicken; gross grasshopper; homely halibut,year_birth,p1769,1971
854,crushing chicken; gross grasshopper; homely halibut,year_birth,p1771,1968
855,crushing chicken; gross grasshopper; homely halibut,year_birth,p1776,1953
856,crushing chicken; gross grasshopper; homely halibut,year_birth,p1780,1969
857,crushing chicken; gross grasshopper; homely halibut,year_birth,p1785,1979
858,crushing chicken; gross grasshopper; homely halibut,year_birth,p1791,1986
859,crushing chicken; gross grasshopper; homely halibut,year_birth,p1793,1957
860,crushing chicken; gross grasshopper; homely halibut,year_birth,p1796,1952
861,crushing chicken; gross grasshopper; homely halibut,year_birth,p1805,1981
862,crushing chicken; gross grasshopper; homely halibut,year_birth,p1812,1979
863,crushing chicken; gross grasshopper; homely halibut,year_birth,p1816,1972
864,crushing chicken; gross grasshopper; homely halibut,year_birth,p1819,1972
865,crushing chicken; gross grasshopper; homely halibut,year_birth,p1825,1951
866,crushing chicken; gross grasshopper; homely halibut,year_birth,p1836,1995
867,crushing chicken; gross grasshopper; homely halibut,year_birth,p1839,1940
868,crushing chicken; gross grasshopper; homely halibut,year_birth,p1861,1961
869,crushing chicken; gross grasshopper; homely halibut,year_birth,p1863,1930
870,crushing chicken; gross grasshopper; homely halibut,year_birth,p1873,1979
871,crushing chicken; gross grasshopper; homely halibut,year_birth,p1875,1955
872,crushing chicken; gross grasshopper; homely halibut,year_birth,p1876,1971
873,crushing chicken; gross grasshopper; homely halibut,year_birth,p1877,1996
874,crushing chicken; gross grasshopper; homely halibut,year_birth,p1880,1977
875,crushing chicken; gross grasshopper; homely halibut,year_birth,p1883,1970
876,crushing chicken; gross grasshopper; homely halibut,year_birth,p1889,1978
877,crushing chicken; gross grasshopper; homely halibut,year_birth,p1893,1982
878,crushing chicken; gross grasshopper; homely halibut,year_birth,p1896,1991
879,crushing chicken; gross grasshopper; homely halibut,year_birth,p1913,1969
880,crushing chicken; gross grasshopper; homely halibut,year_birth,p1922,1942
881,crushing chicken; gross grasshopper; homely halibut,year_birth,p1930,1970
882,crushing chicken; gross grasshopper; homely halibut,year_birth,p1935,1946
883,crushing chicken; gross grasshopper; homely halibut,year_birth,p1940,1977
884,crushing chicken; gross grasshopper; homely halibut,year_birth,p1948,1994
885,crushing chicken; gross grasshopper; homely halibut,year_birth,p1950,1963
886,crushing chicken; gross grasshopper; homely halibut,year_birth,p1954,1972
887,crushing chicken; gross grasshopper; homely halibut,year_birth,p1956,1959
888,crushing chicken; gross grasshopper; homely halibut,year_birth,p1958,1978
889,crushing chicken; gross grasshopper; homely halibut,year_birth,p1967,1979
890,crushing chicken; gross grasshopper; homely halibut,year_birth,p1973,1995
891,crushing chicken; gross grasshopper; homely halibut,year_birth,p1978,1953
892,crushing chicken; gross grasshopper; homely halibut,year_birth,p1983,1976
893,crushing chicken; gross grasshopper; homely halibut,year_birth,p1984,1956
894,crushing chicken; gross grasshopper; homely halibut,year_birth,p1995,1942
895,crushing chicken; gross grasshopper; homely halibut,year_birth,p1996,1977
896,crushing chicken; gross grasshopper; homely halibut,year_birth,p1997,1972
897,crushing chicken; gross grasshopper; homely halibut,year_birth,p2001,1977
898,crushing chicken; gross grasshopper; homely halibut,year_birth,p2002,1968
899,crushing chicken; gross grasshopper; homely halibut,year_birth,p2013,1980
900,crushing chicken; gross grasshopper; homely halibut,year_birth,p2014,1968
901,crushing chicken; gross grasshopper; homely halibut,year_birth,p2016,1962
902,crushing chicken; gross grasshopper; homely halibut,year_birth,p2018,1980
903,crushing chicken; gross grasshopper; homely halibut,year_birth,p2023,1969
904,crushing chicken; gross grasshopper; homely halibut,year_birth,p2025,1937
905,crushing chicken; gross grasshopper; homely halibut,year_birth,p2028,1953
906,crushing chicken; gross grasshopper; homely halibut,year_birth,p2030,1973
907,crushing chicken; gross grasshopper; homely halibut,year_birth,p2033,1978
908,crushing chicken; gross grasshopper; homely halibut,year_birth,p2040,1947
909,crushing chicken; gross grasshopper; homely halibut,year_birth,p2051,1991
910,crushing chicken; gross grasshopper; homely halibut,year_birth,p2052,1971
911,crushing chicken; gross grasshopper; homely halibut,year_birth,p2066,1942
912,crushing chicken; gross grasshopper; homely halibut,year_birth,p2067,1953
913,crushing chicken; gross grasshopper; homely halibut,year_birth,p2073,1994
914,crushing chicken; gross grasshopper; homely halibut,year_birth,p2077,1994
915,crushing chicken; gross grasshopper; homely halibut,year_birth,p2078,1988
916,crushing chicken; gross grasshopper; homely halibut,year_birth,p2086,1964
917,crushing chicken; gross grasshopper; homely halibut,year_birth,p2089,1981
918,crushing chicken; gross grasshopper; homely halibut,year_birth,p2093,1956
919,crushing chicken; gross grasshopper; homely halibut,year_birth,p2094,1945
920,crushing chicken; gross grasshopper; homely halibut,year_birth,p2111,1997
921,crushing chicken; gross grasshopper; homely halibut,year_birth,p2117,1979
922,crushing chicken; gross grasshopper; homely halibut,year_birth,p2121,1958
923,crushing chicken; gross grasshopper; homely halibut,year_birth,p2127,1969
924,crushing chicken; gross grasshopper; homely halibut,year_birth,p2141,1996
925,crushing chicken; gross grasshopper; homely halibut,year_birth,p2142,1999
926,crushing chicken; gross grasshopper; homely halibut,year_birth,p2143,1971
927,crushing chicken; gross grasshopper; homely halibut,year_birth,p2153,1984
928,crushing chicken; gross grasshopper; homely halibut,year_birth,p2155,1973
929,crushing chicken; gross grasshopper; homely halibut,year_birth,p2169,1961
930,crushing chicken; gross grasshopper; homely halibut,year_birth,p2187,1991
931,crushing chicken; gross grasshopper; homely halibut,year_birth,p2188,1974
932,crushing chicken; gross grasshopper; homely halibut,year_birth,p2197,1986
933,crushing chicken; gross grasshopper; homely halibut,year_birth,p2213,1997
934,crushing chicken; gross grasshopper; homely halibut,year_birth,p2214,1989
935,crushing chicken; gross grasshopper; homely halibut,year_birth,p2215,1992
936,crushing chicken; gross grasshopper; homely halibut,year_birth,p2220,1971
937,crushing chicken; gross grasshopper; homely halibut,year_birth,p2223,1990
938,crushing chicken; gross grasshopper; homely halibut,year_birth,p2229,1985
939,crushing chicken; gross grasshopper; homely halibut,year_birth,p2234,1991
940,crushing chicken; gross grasshopper; homely halibut,year_birth,p2237,1960
941,crushing chicken; gross grasshopper; homely halibut,year_birth,p2238,1957
942,crushing chicken; gross grasshopper; homely halibut,year_birth,p2244,1987
943,crushing chicken; gross grasshopper; homely halibut,year_birth,p2248,1966
944,crushing chicken; gross grasshopper; homely halibut,year_birth,p2252,1999
945,crushing chicken; gross grasshopper; homely halibut,year_birth,p2255,1950
946,crushing chicken; gross grasshopper; homely halibut,year_birth,p2261,1960
947,crushing chicken; gross grasshopper; homely halibut,year_birth,p2263,1974
948,crushing chicken; gross grasshopper; homely halibut,year_birth,p2273,1993
949,crushing chicken; gross grasshopper; homely halibut,year_birth,p2275,1984
950,crushing chicken; gross grasshopper; homely halibut,year_birth,p2276,1985
951,crushing chicken; gross grasshopper; homely halibut,year_birth,p2283,1964
952,crushing chicken; gross grasshopper; homely halibut,year_birth,p2287,1957
953,crushing chicken; gross grasshopper; homely halibut,year_birth,p2296,1992
954,crushing chicken; gross grasshopper; homely halibut,year_birth,p2298,1994
955,crushing chicken; gross grasshopper; homely halibut,year_birth,p2304,1995
956,crushing chicken; gross grasshopper; homely halibut,year_birth,p2310,1986
957,crushing chicken; gross grasshopper; homely halibut,year_birth,p2322,1988
958,crushing chicken; gross grasshopper; homely halibut,year_birth,p2326,1990
959,crushing chicken; gross grasshopper; homely halibut,year_birth,p2330,1996
960,crushing chicken; gross grasshopper; homely halibut,year_birth,p2331,1997
961,crushing chicken; gross grasshopper; homely halibut,year_birth,p2333,1967
962,crushing chicken; gross grasshopper; homely halibut,year_birth,p2347,1972
963,crushing chicken; gross grasshopper; homely halibut,year_birth,p2350,1989
964,crushing chicken; gross grasshopper; homely halibut,year_birth,p2351,1986
965,crushing chicken; gross grasshopper; homely halibut,year_birth,p2353,1998
966,crushing chicken; gross grasshopper; homely halibut,year_birth,p2355,1988
967,crushing chicken; gross grasshopper; homely halibut,year_birth,p2363,1982
968,crushing chicken; gross grasshopper; homely halibut,year_birth,p2378,1994
969,crushing chicken; gross grasshopper; homely halibut,year_birth,p2380,1994
970,crushing chicken; gross grasshopper; homely halibut,year_birth,p2387,1986
971,crushing chicken; gross grasshopper; homely halibut,year_birth,p2398,1990
972,crushing chicken; gross grasshopper; homely halibut,year_birth,p2400,1961
973,crushing chicken; gross grasshopper; homely halibut,year_birth,p2403,1971
974,crushing chicken; gross grasshopper; homely halibut,year_birth,p2408,1980
975,crushing chicken; gross grasshopper; homely halibut,year_birth,p2418,1987
976,crushing chicken; gross grasshopper; homely halibut,year_birth,p2426,1951
977,crushing chicken; gross grasshopper; homely halibut,year_birth,p2428,1989
978,crushing chicken; gross grasshopper; homely halibut,year_birth,p2434,1968
979,crushing chicken; gross grasshopper; homely halibut,year_birth,p2446,1983
980,crushing chicken; gross grasshopper; homely halibut,year_birth,p2452,1975
981,crushing chicken; gross grasshopper; homely halibut,year_birth,p2454,1978
982,crushing chicken; gross grasshopper; homely halibut,year_birth,p2462,1993
983,crushing chicken; gross grasshopper; homely halibut,year_birth,p2467,1972
984,crushing chicken; gross grasshopper; homely halibut,year_birth,p2482,1967
985,crushing chicken; gross grasshopper; homely halibut,year_birth,p2489,1952
986,crushing chicken; gross grasshopper; homely halibut,year_birth,p2490,1998
987,crushing chicken; gross grasshopper; homely halibut,year_birth,p2494,1947
988,crushing chicken; gross grasshopper; homely halibut,year_birth,p2502,1955
989,crushing chicken; gross grasshopper; homely halibut,year_birth,p2503,1987
990,crushing chicken; gross grasshopper; homely halibut,year_birth,p2522,1945
991,crushing chicken; gross grasshopper; homely halibut,year_birth,p2524,1946
992,crushing chicken; gross grasshopper; homely halibut,year_birth,p2533,1951
993,crushing chicken; gross grasshopper; homely halibut,year_birth,p2566,1968
994,crushing chicken; gross grasshopper; homely halibut,year_birth,p2571,1952
995,crushing chicken; gross grasshopper; homely halibut,year_birth,p2573,1969
996,crushing chicken; gross grasshopper; homely halibut,year_birth,p2582,1985
997,crushing chicken; gross grasshopper; homely halibut,year_birth,p2591,1986
998,crushing chicken; gross grasshopper; homely halibut,year_birth,p2592,1981
999,crushing chicken; gross grasshopper; homely halibut,year_birth,p2595,1973
1000,crushing chicken; gross grasshopper; homely halibut,race,p0016,1
1001,crushing chicken; gross grasshopper; homely halibut,race,p0022,1
1002,crushing chicken; gross grasshopper; homely halibut,race,p0023,1
1003,crushing chicken; gross grasshopper; homely halibut,race,p0026,1
1004,crushing chicken; gross grasshopper; homely halibut,race,p0034,1
1005,crushing chicken; gross grasshopper; homely halibut,race,p0036,1
1006,crushing chicken; gross grasshopper; homely halibut,race,p0037,1
1007,crushing chicken; gross grasshopper; homely halibut,race,p0042,1
1008,crushing chicken; gross grasshopper; homely halibut,race,p0057,1
1009,crushing chicken; gross grasshopper; homely halibut,race,p0066,1
1010,crushing chicken; gross grasshopper; homely halibut,race,p0069,1
1011,crushing chicken; gross grasshopper; homely halibut,race,p0072,1
1012,crushing chicken; gross grasshopper; homely halibut,race,p0073,1
1013,crushing chicken; gross grasshopper; homely halibut,race,p0082,1
1014,crushing chicken; gross grasshopper; homely halibut,race,p0091,1
1015,crushing chicken; gross grasshopper; homely halibut,race,p0092,2
1016,crushing chicken; gross grasshopper; homely halibut,race,p0093,1
1017,crushing chicken; gross grasshopper; homely halibut,race,p0095,1
1018,crushing chicken; gross grasshopper; homely halibut,race,p0107,1
1019,crushing chicken; gross grasshopper; homely halibut,race,p0114,1
1020,crushing chicken; gross grasshopper; homely halibut,race,p0116,1
1021,crushing chicken; gross grasshopper; homely halibut,race,p0118,1
1022,crushing chicken; gross grasshopper; homely halibut,race,p0119,1
1023,crushing chicken; gross grasshopper; homely halibut,race,p0126,1
1024,crushing chicken; gross grasshopper; homely halibut,race,p0129,1
1025,crushing chicken; gross grasshopper; homely halibut,race,p0136,1
1026,crushing chicken; gross grasshopper; homely halibut,race,p0138,1
1027,crushing chicken; gross grasshopper; homely halibut,race,p0144,5
1028,crushing chicken; gross grasshopper; homely halibut,race,p0150,2
1029,crushing chicken; gross grasshopper; homely halibut,race,p0152,1
1030,crushing chicken; gross grasshopper; homely halibut,race,p0158,1
1031,crushing chicken; gross grasshopper; homely halibut,race,p0161,1
1032,crushing chicken; gross grasshopper; homely halibut,race,p0164,1
1033,crushing chicken; gross grasshopper; homely halibut,race,p0175,1
1034,crushing chicken; gross grasshopper; homely halibut,race,p0177,5
1035,crushing chicken; gross grasshopper; homely halibut,race,p0178,1
1036,crushing chicken; gross grasshopper; homely halibut,race,p0181,1
1037,crushing chicken; gross grasshopper; homely halibut,race,p0186,1
1038,crushing chicken; gross grasshopper; homely halibut,race,p0196,1
1039,crushing chicken; gross grasshopper; homely halibut,race,p0198,1
1040,crushing chicken; gross grasshopper; homely halibut,race,p0202,1
1041,crushing chicken; gross grasshopper; homely halibut,race,p0205,1
1042,crushing chicken; gross grasshopper; homely halibut,race,p0207,1
1043,crushing chicken; gross grasshopper; homely halibut,race,p0211,1
1044,crushing chicken; gross grasshopper; homely halibut,race,p0227,5
1045,crushing chicken; gross grasshopper; homely halibut,race,p0229,2
1046,crushing chicken; gross grasshopper; homely halibut,race,p0232,1
1047,crushing chicken; gross grasshopper; homely halibut,race,p0233,1
1048,crushing chicken; gross grasshopper; homely halibut,race,p0237,1
1049,crushing chicken; gross grasshopper; homely halibut,race,p0258,1
1050,crushing chicken; gross grasshopper; homely halibut,race,p0268,1
1051,crushing chicken; gross grasshopper; homely halibut,race,p0274,2
1052,crushing chicken; gross grasshopper; homely halibut,race,p0275,2
1053,crushing chicken; gross grasshopper; homely halibut,race,p0277,2
1054,crushing chicken; gross grasshopper; homely halibut,race,p0288,2
1055,crushing chicken; gross grasshopper; homely halibut,race,p0291,1
1056,crushing chicken; gross grasshopper; homely halibut,race,p0307,1
1057,crushing chicken; gross grasshopper; homely halibut,race,p0308,1
1058,crushing chicken; gross grasshopper; homely halibut,race,p0317,1
1059,crushing chicken; gross grasshopper; homely halibut,race,p0325,1
1060,crushing chicken; gross grasshopper; homely halibut,race,p0327,1
1061,crushing chicken; gross grasshopper; homely halibut,race,p0334,1
1062,crushing chicken; gross grasshopper; homely halibut,race,p0336,1
1063,crushing chicken; gross grasshopper; homely halibut,race,p0338,1
1064,crushing chicken; gross grasshopper; homely halibut,race,p0342,2
1065,crushing chicken; gross grasshopper; homely halibut,race,p0349,1
1066,crushing chicken; gross grasshopper; homely halibut,race,p0356,1
1067,crushing chicken; gross grasshopper; homely halibut,race,p0358,1
1068,crushing chicken; gross grasshopper; homely halibut,race,p0363,1
1069,crushing chicken; gross grasshopper; homely halibut,race,p0364,1
1070,crushing chicken; gross grasshopper; homely halibut,race,p0369,1
1071,crushing chicken; gross grasshopper; homely halibut,race,p0370,1
1072,crushing chicken; gross grasshopper; homely halibut,race,p0371,1
1073,crushing chicken; gross grasshopper; homely halibut,race,p0379,1
1074,crushing chicken; gross grasshopper; homely halibut,race,p0386,1
1075,crushing chicken; gross grasshopper; homely halibut,race,p0396,1
1076,crushing chicken; gross grasshopper; homely halibut,race,p0403,2
1077,crushing chicken; gross grasshopper; homely halibut,race,p0405,1
1078,crushing chicken; gross grasshopper; homely halibut,race,p0412,1
1079,crushing chicken; gross grasshopper; homely halibut,race,p0415,1
1080,crushing chicken; gross grasshopper; homely halibut,race,p0416,1
1081,crushing chicken; gross grasshopper; homely halibut,race,p0417,1
1082,crushing chicken; gross grasshopper; homely halibut,race,p0418,1
1083,crushing chicken; gross grasshopper; homely halibut,race,p0430,1
1084,crushing chicken; gross grasshopper; homely halibut,race,p0431,1
1085,crushing chicken; gross grasshopper; homely halibut,race,p0434,1
1086,crushing chicken; gross grasshopper; homely halibut,race,p0438,1
1087,crushing chicken; gross grasshopper; homely halibut,race,p0441,5
1088,crushing chicken; gross grasshopper; homely halibut,race,p0442,2
1089,crushing chicken; gross grasshopper; homely halibut,race,p0449,1
1090,crushing chicken; gross grasshopper; homely halibut,race,p0450,1
1091,crushing chicken; gross grasshopper; homely halibut,race,p0465,1
1092,crushing chicken; gross grasshopper; homely halibut,race,p0471,1
1093,crushing chicken; gross grasshopper; homely halibut,race,p0477,1
1094,crushing chicken; gross grasshopper; homely halibut,race,p0483,2
1095,crushing chicken; gross grasshopper; homely halibut,race,p0486,1
1096,crushing chicken; gross grasshopper; homely halibut,race,p0487,1
1097,crushing chicken; gross grasshopper; homely halibut,race,p0489,1
1098,crushing chicken; gross grasshopper; homely halibut,race,p0497,1
1099,crushing chicken; gross grasshopper; homely halibut,race,p0502,1
1100,crushing chicken; gross grasshopper; homely halibut,race,p0503,1
1101,crushing chicken; gross grasshopper; homely halibut,race,p0506,1
1102,crushing chicken; gross grasshopper; homely halibut,race,p0511,1
1103,crushing chicken; gross grasshopper; homely halibut,race,p0523,1
1104,crushing chicken; gross grasshopper; homely halibut,race,p0534,1
1105,crushing chicken; gross grasshopper; homely halibut,race,p0536,1
1106,crushing chicken; gross grasshopper; homely halibut,race,p0542,1
1107,crushing chicken; gross grasshopper; homely halibut,race,p0547,1
1108,crushing chicken; gross grasshopper; homely halibut,race,p0553,1
1109,crushing chicken; gross grasshopper; homely halibut,race,p0559,1
1110,crushing chicken; gross grasshopper; homely halibut,race,p0566,1
1111,crushing chicken; gross grasshopper; homely halibut,race,p0568,5
1112,crushing chicken; gross grasshopper; homely halibut,race,p0570,2
1113,crushing chicken; gross grasshopper; homely halibut,race,p0573,1
1114,crushing chicken; gross grasshopper; homely halibut,race,p0578,1
1115,crushing chicken; gross grasshopper; homely halibut,race,p0594,1
1116,crushing chicken; gross grasshopper; homely halibut,race,p0597,1
1117,crushing chicken; gross grasshopper; homely halibut,race,p0601,1
1118,crushing chicken; gross grasshopper; homely halibut,race,p0602,1
1119,crushing chicken; gross grasshopper; homely halibut,race,p0605,1
1120,crushing chicken; gross grasshopper; homely halibut,race,p0615,1
1121,crushing chicken; gross grasshopper; homely halibut,race,p0620,1
1122,crushing chicken; gross grasshopper; homely halibut,race,p0626,1
1123,crushing chicken; gross grasshopper; homely halibut,race,p0629,1
1124,crushing chicken; gross grasshopper; homely halibut,race,p0633,1
1125,crushing chicken; gross grasshopper; homely halibut,race,p0638,1
1126,crushing chicken; gross grasshopper; homely halibut,race,p0639,1
1127,crushing chicken; gross grasshopper; homely halibut,race,p0640,1
1128,crushing chicken; gross grasshopper; homely halibut,race,p0655,1
1129,crushing chicken; gross grasshopper; homely halibut,race,p0656,2
1130,crushing chicken; gross grasshopper; homely halibut,race,p0658,1
1131,crushing chicken; gross grasshopper; homely halibut,race,p0661,1
1132,crushing chicken; gross grasshopper; homely halibut,race,p0669,1
1133,crushing chicken; gross grasshopper; homely halibut,race,p0670,2
1134,crushing chicken; gross grasshopper; homely halibut,race,p0672,5
1135,crushing chicken; gross grasshopper; homely halibut,race,p0674,1
1136,crushing chicken; gross grasshopper; homely halibut,race,p0678,1
1137,crushing chicken; gross grasshopper; homely halibut,race,p0683,1
1138,crushing chicken; gross grasshopper; homely halibut,race,p0686,1
1139,crushing chicken; gross grasshopper; homely halibut,race,p0687,5
1140,crushing chicken; gross grasshopper; homely halibut,race,p0698,1
1141,crushing chicken; gross grasshopper; homely halibut,race,p0700,1
1142,crushing chicken; gross grasshopper; homely halibut,race,p0703,1
1143,crushing chicken; gross grasshopper; homely halibut,race,p0718,2
1144,crushing chicken; gross grasshopper; homely halibut,race,p0744,1
1145,crushing chicken; gross grasshopper; homely halibut,race,p0745,1
1146,crushing chicken; gross grasshopper; homely halibut,race,p0753,1
1147,crushing chicken; gross grasshopper; homely halibut,race,p0770,1
1148,crushing chicken; gross grasshopper; homely halibut,race,p0771,5
1149,crushing chicken; gross grasshopper; homely halibut,race,p0777,1
1150,crushing chicken; gross grasshopper; homely halibut,race,p0779,1
1151,crushing chicken; gross grasshopper; homely halibut,race,p0780,1
1152,crushing chicken; gross grasshopper; homely halibut,race,p0783,1
1153,crushing chicken; gross grasshopper; homely halibut,race,p0785,1
1154,crushing chicken; gross grasshopper; homely halibut,race,p0786,2
1155,crushing chicken; gross grasshopper; homely halibut,race,p0794,1
1156,crushing chicken; gross grasshopper; homely halibut,race,p0798,1
1157,crushing chicken; gross grasshopper; homely halibut,race,p0800,1
1158,crushing chicken; gross grasshopper; homely halibut,race,p0820,1
1159,crushing chicken; gross grasshopper; homely halibut,race,p0841,1
1160,crushing chicken; gross grasshopper; homely halibut,race,p0849,1
1161,crushing chicken; gross grasshopper; homely halibut,race,p0862,5
1162,crushing chicken; gross grasshopper; homely halibut,race,p0867,2
1163,crushing chicken; gross grasshopper; homely halibut,race,p0869,1
1164,crushing chicken; gross grasshopper; homely halibut,race,p0872,1
1165,crushing chicken; gross grasshopper; homely halibut,race,p0880,5
1166,crushing chicken; gross grasshopper; homely halibut,race,p0891,1
1167,crushing chicken; gross grasshopper; homely halibut,race,p0916,1
1168,crushing chicken; gross grasshopper; homely halibut,race,p0917,1
1169,crushing chicken; gross grasshopper; homely halibut,race,p0919,1
1170,crushing chicken; gross grasshopper; homely halibut,race,p0922,1
1171,crushing chicken; gross grasshopper; homely halibut,race,p0925,1
1172,crushing chicken; gross grasshopper; homely halibut,race,p0927,1
1173,crushing chicken; gross grasshopper; homely halibut,race,p0929,1
1174,crushing chicken; gross grasshopper; homely halibut,race,p0930,1
1175,crushing chicken; gross grasshopper; homely halibut,race,p0931,1
1176,crushing chicken; gross grasshopper; homely halibut,race,p0933,5
1177,crushing chicken; gross grasshopper; homely halibut,race,p0934,1
1178,crushing chicken; gross grasshopper; homely halibut,race,p0936,1
1179,crushing chicken; gross grasshopper; homely halibut,race,p0938,1
1180,crushing chicken; gross grasshopper; homely halibut,race,p0939,1
1181,crushing chicken; gross grasshopper; homely halibut,race,p0946,1
1182,crushing chicken; gross grasshopper; homely halibut,race,p0951,2
1183,crushing chicken; gross grasshopper; homely halibut,race,p0956,1
1184,crushing chicken; gross grasshopper; homely halibut,race,p0962,1
1185,crushing chicken; gross grasshopper; homely halibut,race,p0963,1
1186,crushing chicken; gross grasshopper; homely halibut,race,p0969,1
1187,crushing chicken; gross grasshopper; homely halibut,race,p0972,1
1188,crushing chicken; gross grasshopper; homely halibut,race,p0975,1
1189,crushing chicken; gross grasshopper; homely halibut,race,p0985,2
1190,crushing chicken; gross grasshopper; homely halibut,race,p0993,2
1191,crushing chicken; gross grasshopper; homely halibut,race,p0996,1
1192,crushing chicken; gross grasshopper; homely halibut,race,p1011,1
1193,crushing chicken; gross grasshopper; homely halibut,race,p1017,1
1194,crushing chicken; gross grasshopper; homely halibut,race,p1020,1
1195,crushing chicken; gross grasshopper; homely halibut,race,p1022,1
1196,crushing chicken; gross grasshopper; homely halibut,race,p1024,1
1197,crushing chicken; gross grasshopper; homely halibut,race,p1027,5
1198,crushing chicken; gross grasshopper; homely halibut,race,p1028,1
1199,crushing chicken; gross grasshopper; homely halibut,race,p1029,2
1200,crushing chicken; gross grasshopper; homely halibut,race,p1032,1
1201,crushing chicken; gross grasshopper; homely halibut,race,p1040,5
1202,crushing chicken; gross grasshopper; homely halibut,race,p1047,2
1203,crushing chicken; gross grasshopper; homely halibut,race,p1048,1
1204,crushing chicken; gross grasshopper; homely halibut,race,p1053,5
1205,crushing chicken; gross grasshopper; homely halibut,race,p1057,1
1206,crushing chicken; gross grasshopper; homely halibut,race,p1058,1
1207,crushing chicken; gross grasshopper; homely halibut,race,p1063,1
1208,crushing chicken; gross grasshopper; homely halibut,race,p1064,1
1209,crushing chicken; gross grasshopper; homely halibut,race,p1065,1
1210,crushing chicken; gross grasshopper; homely halibut,race,p1069,1
1211,crushing chicken; gross grasshopper; homely halibut,race,p1072,1
1212,crushing chicken; gross grasshopper; homely halibut,race,p1073,2
1213,crushing chicken; gross grasshopper; homely halibut,race,p1075,1
1214,crushing chicken; gross grasshopper; homely halibut,race,p1076,2
1215,crushing chicken; gross grasshopper; homely halibut,race,p1083,1
1216,crushing chicken; gross grasshopper; homely halibut,race,p1089,1
1217,crushing chicken; gross grasshopper; homely halibut,race,p1093,1
1218,crushing chicken; gross grasshopper; homely halibut,race,p1096,1
1219,crushing chicken; gross grasshopper; homely halibut,race,p1100,1
1220,crushing chicken; gross grasshopper; homely halibut,race,p1106,2
1221,crushing chicken; gross grasshopper; homely halibut,race,p1107,1
1222,crushing chicken; gross grasshopper; homely halibut,race,p1113,1
1223,crushing chicken; gross grasshopper; homely halibut,race,p1117,1
1224,crushing chicken; gross grasshopper; homely halibut,race,p1120,1
1225,crushing chicken; gross grasshopper; homely halibut,race,p1134,1
1226,crushing chicken; gross grasshopper; homely halibut,race,p1136,1
1227,crushing chicken; gross grasshopper; homely halibut,race,p1138,1
1228,crushing chicken; gross grasshopper; homely halibut,race,p1144,1
1229,crushing chicken; gross grasshopper; homely halibut,race,p1145,1
1230,crushing chicken; gross grasshopper; homely halibut,race,p1147,1
1231,crushing chicken; gross grasshopper; homely halibut,race,p1148,1
1232,crushing chicken; gross grasshopper; homely halibut,race,p1154,1
1233,crushing chicken; gross grasshopper; homely halibut,race,p1159,2
1234,crushing chicken; gross grasshopper; homely halibut,race,p1167,5
1235,crushing chicken; gross grasshopper; homely halibut,race,p1175,1
1236,crushing chicken; gross grasshopper; homely halibut,race,p1178,1
1237,crushing chicken; gross grasshopper; homely halibut,race,p1184,1
1238,crushing chicken; gross grasshopper; homely halibut,race,p1186,1
1239,crushing chicken; gross grasshopper; homely halibut,race,p1196,1
1240,crushing chicken; gross grasshopper; homely halibut,race,p1197,5
1241,crushing chicken; gross grasshopper; homely halibut,race,p1203,1
1242,crushing chicken; gross grasshopper; homely halibut,race,p1219,2
1243,crushing chicken; gross grasshopper; homely halibut,race,p1225,1
1244,crushing chicken; gross grasshopper; homely halibut,race,p1234,1
1245,crushing chicken; gross grasshopper; homely halibut,race,p1242,1
1246,crushing chicken; gross grasshopper; homely halibut,race,p1244,1
1247,crushing chicken; gross grasshopper; homely halibut,race,p1249,1
1248,crushing chicken; gross grasshopper; homely halibut,race,p1250,1
1249,crushing chicken; gross grasshopper; homely halibut,race,p1256,5
1250,crushing chicken; gross grasshopper; homely halibut,race,p1258,1
1251,crushing chicken; gross grasshopper; homely halibut,race,p1260,2
1252,crushing chicken; gross grasshopper; homely halibut,race,p1262,1
1253,crushing chicken; gross grasshopper; homely halibut,race,p1264,1
1254,crushing chicken; gross grasshopper; homely halibut,race,p1265,1
1255,crushing chicken; gross grasshopper; homely halibut,race,p1269,1
1256,crushing chicken; gross grasshopper; homely halibut,race,p1272,1
1257,crushing chicken; gross grasshopper; homely halibut,race,p1278,1
1258,crushing chicken; gross grasshopper; homely halibut,race,p1281,5
1259,crushing chicken; gross grasshopper; homely halibut,race,p1292,1
1260,crushing chicken; gross grasshopper; homely halibut,race,p1299,1
1261,crushing chicken; gross grasshopper; homely halibut,race,p1312,1
1262,crushing chicken; gross grasshopper; homely halibut,race,p1322,1
1263,crushing chicken; gross grasshopper; homely halibut,race,p1326,1
1264,crushing chicken; gross grasshopper; homely halibut,race,p1330,1
1265,crushing chicken; gross grasshopper; homely halibut,race,p1335,1
1266,crushing chicken; gross grasshopper; homely halibut,race,p1337,1
1267,crushing chicken; gross grasshopper; homely halibut,race,p1340,1
1268,crushing chicken; gross grasshopper; homely halibut,race,p1345,1
1269,crushing chicken; gross grasshopper; homely halibut,race,p1351,1
1270,crushing chicken; gross grasshopper; homely halibut,race,p1355,1
1271,crushing chicken; gross grasshopper; homely halibut,race,p1362,1
1272,crushing chicken; gross grasshopper; homely halibut,race,p1365,1
1273,crushing chicken; gross grasshopper; homely halibut,race,p1366,1
1274,crushing chicken; gross grasshopper; homely halibut,race,p1367,1
1275,crushing chicken; gross grasshopper; homely halibut,race,p1370,1
1276,crushing chicken; gross grasshopper; homely halibut,race,p1371,1
1277,crushing chicken; gross grasshopper; homely halibut,race,p1373,1
1278,crushing chicken; gross grasshopper; homely halibut,race,p1375,1
1279,crushing chicken; gross grasshopper; homely halibut,race,p1376,1
1280,crushing chicken; gross grasshopper; homely halibut,race,p1379,2
1281,crushing chicken; gross grasshopper; homely halibut,race,p1381,1
1282,crushing chicken; gross grasshopper; homely halibut,race,p1393,1
1283,crushing chicken; gross grasshopper; homely halibut,race,p1396,5
1284,crushing chicken; gross grasshopper; homely halibut,race,p1398,5
1285,crushing chicken; gross grasshopper; homely halibut,race,p1404,1
1286,crushing chicken; gross grasshopper; homely halibut,race,p1406,1
1287,crushing chicken; gross grasshopper; homely halibut,race,p1407,1
1288,crushing chicken; gross grasshopper; homely halibut,race,p1409,1
1289,crushing chicken; gross grasshopper; homely halibut,race,p1412,2
1290,crushing chicken; gross grasshopper; homely halibut,race,p1414,1
1291,crushing chicken; gross grasshopper; homely halibut,race,p1424,1
1292,crushing chicken; gross grasshopper; homely halibut,race,p1425,1
1293,crushing chicken; gross grasshopper; homely halibut,race,p1429,2
1294,crushing chicken; gross grasshopper; homely halibut,race,p1434,1
1295,crushing chicken; gross grasshopper; homely halibut,race,p1441,2
1296,crushing chicken; gross grasshopper; homely halibut,race,p1445,2
1297,crushing chicken; gross grasshopper; homely halibut,race,p1450,1
1298,crushing chicken; gross grasshopper; homely halibut,race,p1454,1
1299,crushing chicken; gross grasshopper; homely halibut,race,p1456,1
1300,crushing chicken; gross grasshopper; homely halibut,race,p1457,2
1301,crushing chicken; gross grasshopper; homely halibut,race,p1458,1
1302,crushing chicken; gross grasshopper; homely halibut,race,p1469,1
1303,crushing chicken; gross grasshopper; homely halibut,race,p1470,1
1304,crushing chicken; gross grasshopper; homely halibut,race,p1481,5
1305,crushing chicken; gross grasshopper; homely halibut,race,p1488,5
1306,crushing chicken; gross grasshopper; homely halibut,race,p1492,1
1307,crushing chicken; gross grasshopper; homely halibut,race,p1495,1
1308,crushing chicken; gross grasshopper; homely halibut,race,p1497,1
1309,crushing chicken; gross grasshopper; homely halibut,race,p1499,1
1310,crushing chicken; gross grasshopper; homely halibut,race,p1503,1
1311,crushing chicken; gross grasshopper; homely halibut,race,p1511,1
1312,crushing chicken; gross grasshopper; homely halibut,race,p1512,1
1313,crushing chicken; gross grasshopper; homely halibut,race,p1518,1
1314,crushing chicken; gross grasshopper; homely halibut,race,p1519,1
1315,crushing chicken; gross grasshopper; homely halibut,race,p1520,1
1316,crushing chicken; gross grasshopper; homely halibut,race,p1524,1
1317,crushing chicken; gross grasshopper; homely halibut,race,p1526,1
1318,crushing chicken; gross grasshopper; homely halibut,race,p1537,1
1319,crushing chicken; gross grasshopper; homely halibut,race,p1545,1
1320,crushing chicken; gross grasshopper; homely halibut,race,p1547,2
1321,crushing chicken; gross grasshopper; homely halibut,race,p1552,5
1322,crushing chicken; gross grasshopper; homely halibut,race,p1567,1
1323,crushing chicken; gross grasshopper; homely halibut,race,p1568,1
1324,crushing chicken; gross grasshopper; homely halibut,race,p1579,1
1325,crushing chicken; gross grasshopper; homely halibut,race,p1587,2
1326,crushing chicken; gross grasshopper; homely halibut,race,p1596,1
1327,crushing chicken; gross grasshopper; homely halibut,race,p1600,1
1328,crushing chicken; gross grasshopper; homely halibut,race,p1603,2
1329,crushing chicken; gross grasshopper; homely halibut,race,p1604,1
1330,crushing chicken; gross grasshopper; homely halibut,race,p1610,1
1331,crushing chicken; gross grasshopper; homely halibut,race,p1618,1
1332,crushing chicken; gross grasshopper; homely halibut,race,p1619,1
1333,crushing chicken; gross grasshopper; homely halibut,race,p1622,5
1334,crushing chicken; gross grasshopper; homely halibut,race,p1623,5
1335,crushing chicken; gross grasshopper; homely halibut,race,p1630,1
1336,crushing chicken; gross grasshopper; homely halibut,race,p1641,1
1337,crushing chicken; gross grasshopper; homely halibut,race,p1649,5
1338,crushing chicken; gross grasshopper; homely halibut,race,p1652,5
1339,crushing chicken; gross grasshopper; homely halibut,race,p1665,1
1340,crushing chicken; gross grasshopper; homely halibut,race,p1669,1
1341,crushing chicken; gross grasshopper; homely halibut,race,p1685,1
1342,crushing chicken; gross grasshopper; homely halibut,race,p1693,1
1343,crushing chicken; gross grasshopper; homely halibut,race,p1698,2
1344,crushing chicken; gross grasshopper; homely halibut,race,p1704,1
1345,crushing chicken; gross grasshopper; homely halibut,race,p1711,1
1346,crushing chicken; gross grasshopper; homely halibut,race,p1718,1
1347,crushing chicken; gross grasshopper; homely halibut,race,p1732,1
1348,crushing chicken; gross grasshopper; homely halibut,race,p1739,1
1349,crushing chicken; gross grasshopper; homely halibut,race,p1741,1
1350,crushing chicken; gross grasshopper; homely halibut,race,p1746,1
1351,crushing chicken; gross grasshopper; homely halibut,race,p1751,1
1352,crushing chicken; gross grasshopper; homely halibut,race,p1754,1
1353,crushing chicken; gross grasshopper; homely halibut,race,p1769,1
1354,crushing chicken; gross grasshopper; homely halibut,race,p1771,1
1355,crushing chicken; gross grasshopper; homely halibut,race,p1776,2
1356,crushing chicken; gross grasshopper; homely halibut,race,p1780,1
1357,crushing chicken; gross grasshopper; homely halibut,race,p1785,1
1358,crushing chicken; gross grasshopper; homely halibut,race,p1791,2
1359,crushing chicken; gross grasshopper; homely halibut,race,p1793,1
1360,crushing chicken; gross grasshopper; homely halibut,race,p1796,1
1361,crushing chicken; gross grasshopper; homely halibut,race,p1805,1
1362,crushing chicken; gross grasshopper; homely halibut,race,p1812,1
1363,crushing chicken; gross grasshopper; homely halibut,race,p1816,1
1364,crushing chicken; gross grasshopper; homely halibut,race,p1819,1
1365,crushing chicken; gross grasshopper; homely halibut,race,p1825,1
1366,crushing chicken; gross grasshopper; homely halibut,race,p1836,1
1367,crushing chicken; gross grasshopper; homely halibut,race,p1839,1
1368,crushing chicken; gross grasshopper; homely halibut,race,p1861,5
1369,crushing chicken; gross grasshopper; homely halibut,race,p1863,1
1370,crushing chicken; gross grasshopper; homely halibut,race,p1873,1
1371,crushing chicken; gross grasshopper; homely halibut,race,p1875,1
1372,crushing chicken; gross grasshopper; homely halibut,race,p1876,1
1373,crushing chicken; gross grasshopper; homely halibut,race,p1877,1
1374,crushing chicken; gross grasshopper; homely halibut,race,p1880,1
1375,crushing chicken; gross grasshopper; homely halibut,race,p1883,5
1376,crushing chicken; gross grasshopper; homely halibut,race,p1889,1
1377,crushing chicken; gross grasshopper; homely halibut,race,p1893,5
1378,crushing chicken; gross grasshopper; homely halibut,race,p1896,1
1379,crushing chicken; gross grasshopper; homely halibut,race,p1913,1
1380,crushing chicken; gross grasshopper; homely halibut,race,p1922,1
1381,crushing chicken; gross grasshopper; homely halibut,race,p1930,1
1382,crushing chicken; gross grasshopper; homely halibut,race,p1935,1
1383,crushing chicken; gross grasshopper; homely halibut,race,p1940,5
1384,crushing chicken; gross grasshopper; homely halibut,race,p1948,1
1385,crushing chicken; gross grasshopper; homely halibut,race,p1950,1
1386,crushing chicken; gross grasshopper; homely halibut,race,p1954,1
1387,crushing chicken; gross grasshopper; homely halibut,race,p1956,1
1388,crushing chicken; gross grasshopper; homely halibut,race,p1958,1
1389,crushing chicken; gross grasshopper; homely halibut,race,p1967,1
1390,crushing chicken; gross grasshopper; homely halibut,race,p1973,1
1391,crushing chicken; gross grasshopper; homely halibut,race,p1978,1
1392,crushing chicken; gross grasshopper; homely halibut,race,p1983,1
1393,crushing chicken; gross grasshopper; homely halibut,race,p1984,2
1394,crushing chicken; gross grasshopper; homely halibut,race,p1995,1
1395,crushing chicken; gross grasshopper; homely halibut,race,p1996,1
1396,crushing chicken; gross grasshopper; homely halibut,race,p1997,1
1397,crushing chicken; gross grasshopper; homely halibut,race,p2001,1
1398,crushing chicken; gross grasshopper; homely halibut,race,p2002,2
1399,crushing chicken; gross grasshopper; homely halibut,race,p2013,1
1400,crushing chicken; gross grasshopper; homely halibut,race,p2014,1
1401,crushing chicken; gross grasshopper; homely halibut,race,p2016,5
1402,crushing chicken; gross grasshopper; homely halibut,race,p2018,2
1403,crushing chicken; gross grasshopper; homely halibut,race,p2023,1
1404,crushing chicken; gross grasshopper; homely halibut,race,p2025,1
1405,crushing chicken; gross grasshopper; homely halibut,race,p2028,1
1406,crushing chicken; gross grasshopper; homely halibut,race,p2030,1
1407,crushing chicken; gross grasshopper; homely halibut,race,p2033,1
1408,crushing chicken; gross grasshopper; homely halibut,race,p2040,2
1409,crushing chicken; gross grasshopper; homely halibut,race,p2051,1
1410,crushing chicken; gross grasshopper; homely halibut,race,p2052,1
1411,crushing chicken; gross grasshopper; homely halibut,race,p2066,1
1412,crushing chicken; gross grasshopper; homely halibut,race,p2067,1
1413,crushing chicken; gross grasshopper; homely halibut,race,p2073,1
1414,crushing chicken; gross grasshopper; homely halibut,race,p2077,2
1415,crushing chicken; gross grasshopper; homely halibut,race,p2078,5
1416,crushing chicken; gross grasshopper; homely halibut,race,p2086,1
1417,crushing chicken; gross grasshopper; homely halibut,race,p2089,1
1418,crushing chicken; gross grasshopper; homely halibut,race,p2093,1
1419,crushing chicken; gross grasshopper; homely halibut,race,p2094,1
1420,crushing chicken; gross grasshopper; homely halibut,race,p2111,2
1421,crushing chicken; gross grasshopper; homely halibut,race,p2117,1
1422,crushing chicken; gross grasshopper; homely halibut,race,p2121,1
1423,crushing chicken; gross grasshopper; homely halibut,race,p2127,1
1424,crushing chicken; gross grasshopper; homely halibut,race,p2141,1
1425,crushing chicken; gross grasshopper; homely halibut,race,p2142,2
1426,crushing chicken; gross grasshopper; homely halibut,race,p2143,1
1427,crushing chicken; gross grasshopper; homely halibut,race,p2153,3
1428,crushing chicken; gross grasshopper; homely halibut,race,p2155,3
1429,crushing chicken; gross grasshopper; homely halibut,race,p2169,3
1430,crushing chicken; gross grasshopper; homely halibut,race,p2187,3
1431,crushing chicken; gross grasshopper; homely halibut,race,p2188,3
1432,crushing chicken; gross grasshopper; homely halibut,race,p2197,3
1433,crushing chicken; gross grasshopper; homely halibut,race,p2213,3
1434,crushing chicken; gross grasshopper; homely halibut,race,p2214,3
1435,crushing chicken; gross grasshopper; homely halibut,race,p2215,3
1436,crushing chicken; gross grasshopper; homely halibut,race,p2220,3
1437,crushing chicken; gross grasshopper; homely halibut,race,p2223,3
1438,crushing chicken; gross grasshopper; homely halibut,race,p2229,3
1439,crushing chicken; gross grasshopper; homely halibut,race,p2234,3
1440,crushing chicken; gross grasshopper; homely halibut,race,p2237,3
1441,crushing chicken; gross grasshopper; homely halibut,race,p2238,3
1442,crushing chicken; gross grasshopper; homely halibut,race,p2244,3
1443,crushing chicken; gross grasshopper; homely halibut,race,p2248,3
1444,crushing chicken; gross grasshopper; homely halibut,race,p2252,3
1445,crushing chicken; gross grasshopper; homely halibut,race,p2255,3
1446,crushing chicken; gross grasshopper; homely halibut,race,p2261,3
1447,crushing chicken; gross grasshopper; homely halibut,race,p2263,3
1448,crushing chicken; gross grasshopper; homely halibut,race,p2273,3
1449,crushing chicken; gross grasshopper; homely halibut,race,p2275,3
1450,crushing chicken; gross grasshopper; homely halibut,race,p2276,3
1451,crushing chicken; gross grasshopper; homely halibut,race,p2283,3
1452,crushing chicken; gross grasshopper; homely halibut,race,p2287,3
1453,crushing chicken; gross grasshopper; homely halibut,race,p2296,3
1454,crushing chicken; gross grasshopper; homely halibut,race,p2298,3
1455,crushing chicken; gross grasshopper; homely halibut,race,p2304,3
1456,crushing chicken; gross grasshopper; homely halibut,race,p2310,3
1457,crushing chicken; gross grasshopper; homely halibut,race,p2322,3
1458,crushing chicken; gross grasshopper; homely halibut,race,p2326,3
1459,crushing chicken; gross grasshopper; homely halibut,race,p2330,3
1460,crushing chicken; gross grasshopper; homely halibut,race,p2331,3
1461,crushing chicken; gross grasshopper; homely halibut,race,p2333,3
1462,crushing chicken; gross grasshopper; homely halibut,race,p2347,3
1463,crushing chicken; gross grasshopper; homely halibut,race,p2350,3
1464,crushing chicken; gross grasshopper; homely halibut,race,p2351,3
1465,crushing chicken; gross grasshopper; homely halibut,race,p2353,3
1466,crushing chicken; gross grasshopper; homely halibut,race,p2355,3
1467,crushing chicken; gross grasshopper; homely halibut,race,p2363,3
1468,crushing chicken; gross grasshopper; homely halibut,race,p2378,3
1469,crushing chicken; gross grasshopper; homely halibut,race,p2380,3
1470,crushing chicken; gross grasshopper; homely halibut,race,p2387,3
1471,crushing chicken; gross grasshopper; homely halibut,race,p2398,3
1472,crushing chicken; gross grasshopper; homely halibut,race,p2400,3
1473,crushing chicken; gross grasshopper; homely halibut,race,p2403,3
1474,crushing chicken; gross grasshopper; homely halibut,race,p2408,3
1475,crushing chicken; gross grasshopper; homely halibut,race,p2418,3
1476,crushing chicken; gross grasshopper; homely halibut,race,p2426,3
1477,crushing chicken; gross grasshopper; homely halibut,race,p2428,3
1478,crushing chicken; gross grasshopper; homely halibut,race,p2434,3
1479,crushing chicken; gross grasshopper; homely halibut,race,p2446,3
1480,crushing chicken; gross grasshopper; homely halibut,race,p2452,3
1481,crushing chicken; gross grasshopper; homely halibut,race,p2454,3
1482,crushing chicken; gross grasshopper; homely halibut,race,p2462,3
1483,crushing chicken; gross grasshopper; homely halibut,race,p2467,3
1484,crushing chicken; gross grasshopper; homely halibut,race,p2482,3
1485,crushing chicken; gross grasshopper; homely halibut,race,p2489,3
1486,crushing chicken; gross grasshopper; homely halibut,race,p2490,3
1487,crushing chicken; gross grasshopper; homely halibut,race,p2494,3
1488,crushing chicken; gross grasshopper; homely halibut,race,p2502,3
1489,crushing chicken; gross grasshopper; homely halibut,race,p2503,3
1490,crushing chicken; gross grasshopper; homely halibut,race,p2522,3
1491,crushing chicken; gross grasshopper; homely halibut,race,p2524,3
1492,crushing chicken; gross grasshopper; homely halibut,race,p2533,3
1493,crushing chicken; gross grasshopper; homely halibut,race,p2566,3
1494,crushing chicken; gross grasshopper; homely halibut,race,p2571,3
1495,crushing chicken; gross grasshopper; homely halibut,race,p2573,3
1496,crushing chicken; gross grasshopper; homely halibut,race,p2582,3
1497,crushing chicken; gross grasshopper; homely halibut,race,p2591,3
1498,crushing chicken; gross grasshopper; homely halibut,race,p2592,3
1499,crushing chicken; gross grasshopper; homely halibut,race,p2595,3
1500,crushing chicken; gross grasshopper; homely halibut,education,p0016,4
1501,crushing chicken; gross grasshopper; homely halibut,education,p0022,4
1502,crushing chicken; gross grasshopper; homely halibut,education,p0023,5
1503,crushing chicken; gross grasshopper; homely halibut,education,p0026,4
1504,crushing chicken; gross grasshopper; homely halibut,education,p0034,3
1505,crushing chicken; gross grasshopper; homely halibut,education,p0036,3
1506,crushing chicken; gross grasshopper; homely halibut,education,p0037,4
1507,crushing chicken; gross grasshopper; homely halibut,education,p0042,3
1508,crushing chicken; gross grasshopper; homely halibut,education,p0057,3
1509,crushing chicken; gross grasshopper; homely halibut,education,p0066,4
1510,crushing chicken; gross grasshopper; homely halibut,education,p0069,3
1511,crushing chicken; gross grasshopper; homely halibut,education,p0072,4
1512,crushing chicken; gross grasshopper; homely halibut,education,p0073,4
1513,crushing chicken; gross grasshopper; homely halibut,education,p0082,4
1514,crushing chicken; gross grasshopper; homely halibut,education,p0091,4
1515,crushing chicken; gross grasshopper; homely halibut,education,p0092,2
1516,crushing chicken; gross grasshopper; homely halibut,education,p0093,4
1517,crushing chicken; gross grasshopper; homely halibut,education,p0095,3
1518,crushing chicken; gross grasshopper; homely halibut,education,p0107,3
1519,crushing chicken; gross grasshopper; homely halibut,education,p0114,5
1520,crushing chicken; gross grasshopper; homely halibut,education,p0116,2
1521,crushing chicken; gross grasshopper; homely halibut,education,p0118,3
1522,crushing chicken; gross grasshopper; homely halibut,education,p0119,3
1523,crushing chicken; gross grasshopper; homely halibut,education,p0126,3
1524,crushing chicken; gross grasshopper; homely halibut,education,p0129,5
1525,crushing chicken; gross grasshopper; homely halibut,education,p0136,3
1526,crushing chicken; gross grasshopper; homely halibut,education,p0138,2
1527,crushing chicken; gross grasshopper; homely halibut,education,p0144,4
1528,crushing chicken; gross grasshopper; homely halibut,education,p0150,2
1529,crushing chicken; gross grasshopper; homely halibut,education,p0152,3
1530,crushing chicken; gross grasshopper; homely halibut,education,p0158,2
1531,crushing chicken; gross grasshopper; homely halibut,education,p0161,3
1532,crushing chicken; gross grasshopper; homely halibut,education,p0164,2
1533,crushing chicken; gross grasshopper; homely halibut,education,p0175,3
1534,crushing chicken; gross grasshopper; homely halibut,education,p0177,4
1535,crushing chicken; gross grasshopper; homely halibut,education,p0178,6
1536,crushing chicken; gross grasshopper; homely halibut,education,p0181,4
1537,crushing chicken; gross grasshopper; homely halibut,education,p0186,3
1538,crushing chicken; gross grasshopper; homely halibut,education,p0196,4
1539,crushing chicken; gross grasshopper; homely halibut,education,p0198,5
1540,crushing chicken; gross grasshopper; homely halibut,education,p0202,4
1541,crushing chicken; gross grasshopper; homely halibut,education,p0205,5
1542,crushing chicken; gross grasshopper; homely halibut,education,p0207,4
1543,crushing chicken; gross grasshopper; homely halibut,education,p0211,3
1544,crushing chicken; gross grasshopper; homely halibut,education,p0227,5
1545,crushing chicken; gross grasshopper; homely halibut,education,p0229,2
1546,crushing chicken; gross grasshopper; homely halibut,education,p0232,5
1547,crushing chicken; gross grasshopper; homely halibut,education,p0233,2
1548,crushing chicken; gross grasshopper; homely halibut,education,p0237,5
1549,crushing chicken; gross grasshopper; homely halibut,education,p0258,4
1550,crushing chicken; gross grasshopper; homely halibut,education,p0268,2
1551,crushing chicken; gross grasshopper; homely halibut,education,p0274,5
1552,crushing chicken; gross grasshopper; homely halibut,education,p0275,4
1553,crushing chicken; gross grasshopper; homely halibut,education,p0277,4
1554,crushing chicken; gross grasshopper; homely halibut,education,p0288,4
1555,crushing chicken; gross grasshopper; homely halibut,education,p0291,4
1556,crushing chicken; gross grasshopper; homely halibut,education,p0307,3
1557,crushing chicken; gross grasshopper; homely halibut,education,p0308,3
1558,crushing chicken; gross grasshopper; homely halibut,education,p0317,3
1559,crushing chicken; gross grasshopper; homely halibut,education,p0325,4
1560,crushing chicken; gross grasshopper; homely halibut,education,p0327,5
1561,crushing chicken; gross grasshopper; homely halibut,education,p0334,6
1562,crushing chicken; gross grasshopper; homely halibut,education,p0336,4
1563,crushing chicken; gross grasshopper; homely halibut,education,p0338,1
1564,crushing chicken; gross grasshopper; homely halibut,education,p0342,4
1565,crushing chicken; gross grasshopper; homely halibut,education,p0349,5
1566,crushing chicken; gross grasshopper; homely halibut,education,p0356,4
1567,crushing chicken; gross grasshopper; homely halibut,education,p0358,4
1568,crushing chicken; gross grasshopper; homely halibut,education,p0363,4
1569,crushing chicken; gross grasshopper; homely halibut,education,p0364,5
1570,crushing chicken; gross grasshopper; homely halibut,education,p0369,5
1571,crushing chicken; gross grasshopper; homely halibut,education,p0370,2
1572,crushing chicken; gross grasshopper; homely halibut,education,p0371,4
1573,crushing chicken; gross grasshopper; homely halibut,education,p0379,3
1574,crushing chicken; gross grasshopper; homely halibut,education,p0386,5
1575,crushing chicken; gross grasshopper; homely halibut,education,p0396,5
1576,crushing chicken; gross grasshopper; homely halibut,education,p0403,3
1577,crushing chicken; gross grasshopper; homely halibut,education,p0405,4
1578,crushing chicken; gross grasshopper; homely halibut,education,p0412,4
1579,crushing chicken; gross grasshopper; homely halibut,education,p0415,3
1580,crushing chicken; gross grasshopper; homely halibut,education,p0416,4
1581,crushing chicken; gross grasshopper; homely halibut,education,p0417,2
1582,crushing chicken; gross grasshopper; homely halibut,education,p0418,2
1583,crushing chicken; gross grasshopper; homely halibut,education,p0430,5
1584,crushing chicken; gross grasshopper; homely halibut,education,p0431,5
1585,crushing chicken; gross grasshopper; homely halibut,education,p0434,2
1586,crushing chicken; gross grasshopper; homely halibut,education,p0438,4
1587,crushing chicken; gross grasshopper; homely halibut,education,p0441,5
1588,crushing chicken; gross grasshopper; homely halibut,education,p0442,3
1589,crushing chicken; gross grasshopper; homely halibut,education,p0449,5
1590,crushing chicken; gross grasshopper; homely halibut,education,p0450,4
1591,crushing chicken; gross grasshopper; homely halibut,education,p0465,5
1592,crushing chicken; gross grasshopper; homely halibut,education,p0471,3
1593,crushing chicken; gross grasshopper; homely halibut,education,p0477,3
1594,crushing chicken; gross grasshopper; homely halibut,education,p0483,5
1595,crushing chicken; gross grasshopper; homely halibut,education,p0486,3
1596,crushing chicken; gross grasshopper; homely halibut,education,p0487,4
1597,crushing chicken; gross grasshopper; homely halibut,education,p0489,5
1598,crushing chicken; gross grasshopper; homely halibut,education,p0497,6
1599,crushing chicken; gross grasshopper; homely halibut,education,p0502,5
1600,crushing chicken; gross grasshopper; homely halibut,education,p0503,4
1601,crushing chicken; gross grasshopper; homely halibut,education,p0506,3
1602,crushing chicken; gross grasshopper; homely halibut,education,p0511,4
1603,crushing chicken; gross grasshopper; homely halibut,education,p0523,5
1604,crushing chicken; gross grasshopper; homely halibut,education,p0534,6
1605,crushing chicken; gross grasshopper; homely halibut,education,p0536,3
1606,crushing chicken; gross grasshopper; homely halibut,education,p0542,4
1607,crushing chicken; gross grasshopper; homely halibut,education,p0547,2
1608,crushing chicken; gross grasshopper; homely halibut,education,p0553,4
1609,crushing chicken; gross grasshopper; homely halibut,education,p0559,4
1610,crushing chicken; gross grasshopper; homely halibut,education,p0566,4
1611,crushing chicken; gross grasshopper; homely halibut,education,p0568,3
1612,crushing chicken; gross grasshopper; homely halibut,education,p0570,1
1613,crushing chicken; gross grasshopper; homely halibut,education,p0573,3
1614,crushing chicken; gross grasshopper; homely halibut,education,p0578,2
1615,crushing chicken; gross grasshopper; homely halibut,education,p0594,2
1616,crushing chicken; gross grasshopper; homely halibut,education,p0597,2
1617,crushing chicken; gross grasshopper; homely halibut,education,p0601,2
1618,crushing chicken; gross grasshopper; homely halibut,education,p0602,2
1619,crushing chicken; gross grasshopper; homely halibut,education,p0605,3
1620,crushing chicken; gross grasshopper; homely halibut,education,p0615,3
1621,crushing chicken; gross grasshopper; homely halibut,education,p0620,4
1622,crushing chicken; gross grasshopper; homely halibut,education,p0626,3
1623,crushing chicken; gross grasshopper; homely halibut,education,p0629,4
1624,crushing chicken; gross grasshopper; homely halibut,education,p0633,3
1625,crushing chicken; gross grasshopper; homely halibut,education,p0638,4
1626,crushing chicken; gross grasshopper; homely halibut,education,p0639,4
1627,crushing chicken; gross grasshopper; homely halibut,education,p0640,2
1628,crushing chicken; gross grasshopper; homely halibut,education,p0655,3
1629,crushing chicken; gross grasshopper; homely halibut,education,p0656,3
1630,crushing chicken; gross grasshopper; homely halibut,education,p0658,5
1631,crushing chicken; gross grasshopper; homely halibut,education,p0661,4
1632,crushing chicken; gross grasshopper; homely halibut,education,p0669,4
1633,crushing chicken; gross grasshopper; homely halibut,education,p0670,2
1634,crushing chicken; gross grasshopper; homely halibut,education,p0672,5
1635,crushing chicken; gross grasshopper; homely halibut,education,p0674,4
1636,crushing chicken; gross grasshopper; homely halibut,education,p0678,5
1637,crushing chicken; gross grasshopper; homely halibut,education,p0683,2
1638,crushing chicken; gross grasshopper; homely halibut,education,p0686,3
1639,crushing chicken; gross grasshopper; homely halibut,education,p0687,4
1640,crushing chicken; gross grasshopper; homely halibut,education,p0698,2
1641,crushing chicken; gross grasshopper; homely halibut,education,p0700,4
1642,crushing chicken; gross grasshopper; homely halibut,education,p0703,2
1643,crushing chicken; gross grasshopper; homely halibut,education,p0718,2
1644,crushing chicken; gross grasshopper; homely halibut,education,p0744,4
1645,crushing chicken; gross grasshopper; homely halibut,education,p0745,4
1646,crushing chicken; gross grasshopper; homely halibut,education,p0753,4
1647,crushing chicken; gross grasshopper; homely halibut,education,p0770,4
1648,crushing chicken; gross grasshopper; homely halibut,education,p0771,4
1649,crushing chicken; gross grasshopper; homely halibut,education,p0777,5
1650,crushing chicken; gross grasshopper; homely halibut,education,p0779,4
1651,crushing chicken; gross grasshopper; homely halibut,education,p0780,3
1652,crushing chicken; gross grasshopper; homely halibut,education,p0783,3
1653,crushing chicken; gross grasshopper; homely halibut,education,p0785,4
1654,crushing chicken; gross grasshopper; homely halibut,education,p0786,3
1655,crushing chicken; gross grasshopper; homely halibut,education,p0794,4
1656,crushing chicken; gross grasshopper; homely halibut,education,p0798,5
1657,crushing chicken; gross grasshopper; homely halibut,education,p0800,4
1658,crushing chicken; gross grasshopper; homely halibut,education,p0820,3
1659,crushing chicken; gross grasshopper; homely halibut,education,p0841,3
1660,crushing chicken; gross grasshopper; homely halibut,education,p0849,3
1661,crushing chicken; gross grasshopper; homely halibut,education,p0862,5
1662,crushing chicken; gross grasshopper; homely halibut,education,p0867,5
1663,crushing chicken; gross grasshopper; homely halibut,education,p0869,3
1664,crushing chicken; gross grasshopper; homely halibut,education,p0872,4
1665,crushing chicken; gross grasshopper; homely halibut,education,p0880,2
1666,crushing chicken; gross grasshopper; homely halibut,education,p0891,3
1667,crushing chicken; gross grasshopper; homely halibut,education,p0916,5
1668,crushing chicken; gross grasshopper; homely halibut,education,p0917,4
1669,crushing chicken; gross grasshopper; homely halibut,education,p0919,4
1670,crushing chicken; gross grasshopper; homely halibut,education,p0922,2
1671,crushing chicken; gross grasshopper; homely halibut,education,p0925,2
1672,crushing chicken; gross grasshopper; homely halibut,education,p0927,4
1673,crushing chicken; gross grasshopper; homely halibut,education,p0929,3
1674,crushing chicken; gross grasshopper; homely halibut,education,p0930,4
1675,crushing chicken; gross grasshopper; homely halibut,education,p0931,2
1676,crushing chicken; gross grasshopper; homely halibut,education,p0933,2
1677,crushing chicken; gross grasshopper; homely halibut,education,p0934,3
1678,crushing chicken; gross grasshopper; homely halibut,education,p0936,4
1679,crushing chicken; gross grasshopper; homely halibut,education,p0938,2
1680,crushing chicken; gross grasshopper; homely halibut,education,p0939,2
1681,crushing chicken; gross grasshopper; homely halibut,education,p0946,4
1682,crushing chicken; gross grasshopper; homely halibut,education,p0951,3
1683,crushing chicken; gross grasshopper; homely halibut,education,p0956,3
1684,crushing chicken; gross grasshopper; homely halibut,education,p0962,2
1685,crushing chicken; gross grasshopper; homely halibut,education,p0963,3
1686,crushing chicken; gross grasshopper; homely halibut,education,p0969,4
1687,crushing chicken; gross grasshopper; homely halibut,education,p0972,3
1688,crushing chicken; gross grasshopper; homely halibut,education,p0975,3
1689,crushing chicken; gross grasshopper; homely halibut,education,p0985,2
1690,crushing chicken; gross grasshopper; homely halibut,education,p0993,2
1691,crushing chicken; gross grasshopper; homely halibut,education,p0996,2
1692,crushing chicken; gross grasshopper; homely halibut,education,p1011,2
1693,crushing chicken; gross grasshopper; homely halibut,education,p1017,2
1694,crushing chicken; gross grasshopper; homely halibut,education,p1020,2
1695,crushing chicken; gross grasshopper; homely halibut,education,p1022,4
1696,crushing chicken; gross grasshopper; homely halibut,education,p1024,1
1697,crushing chicken; gross grasshopper; homely halibut,education,p1027,4
1698,crushing chicken; gross grasshopper; homely halibut,education,p1028,5
1699,crushing chicken; gross grasshopper; homely halibut,education,p1029,2
1700,crushing chicken; gross grasshopper; homely halibut,education,p1032,4
1701,crushing chicken; gross grasshopper; homely halibut,education,p1040,4
1702,crushing chicken; gross grasshopper; homely halibut,education,p1047,3
1703,crushing chicken; gross grasshopper; homely halibut,education,p1048,3
1704,crushing chicken; gross grasshopper; homely halibut,education,p1053,3
1705,crushing chicken; gross grasshopper; homely halibut,education,p1057,3
1706,crushing chicken; gross grasshopper; homely halibut,education,p1058,4
1707,crushing chicken; gross grasshopper; homely halibut,education,p1063,4
1708,crushing chicken; gross grasshopper; homely halibut,education,p1064,2
1709,crushing chicken; gross grasshopper; homely halibut,education,p1065,3
1710,crushing chicken; gross grasshopper; homely halibut,education,p1069,3
1711,crushing chicken; gross grasshopper; homely halibut,education,p1072,3
1712,crushing chicken; gross grasshopper; homely halibut,education,p1073,4
1713,crushing chicken; gross grasshopper; homely halibut,education,p1075,3
1714,crushing chicken; gross grasshopper; homely halibut,education,p1076,2
1715,crushing chicken; gross grasshopper; homely halibut,education,p1083,2
1716,crushing chicken; gross grasshopper; homely halibut,education,p1089,4
1717,crushing chicken; gross grasshopper; homely halibut,education,p1093,4
1718,crushing chicken; gross grasshopper; homely halibut,education,p1096,4
1719,crushing chicken; gross grasshopper; homely halibut,education,p1100,4
1720,crushing chicken; gross grasshopper; homely halibut,education,p1106,5
1721,crushing chicken; gross grasshopper; homely halibut,education,p1107,1
1722,crushing chicken; gross grasshopper; homely halibut,education,p1113,3
1723,crushing chicken; gross grasshopper; homely halibut,education,p1117,1
1724,crushing chicken; gross grasshopper; homely halibut,education,p1120,3
1725,crushing chicken; gross grasshopper; homely halibut,education,p1134,4
1726,crushing chicken; gross grasshopper; homely halibut,education,p1136,2
1727,crushing chicken; gross grasshopper; homely halibut,education,p1138,4
1728,crushing chicken; gross grasshopper; homely halibut,education,p1144,3
1729,crushing chicken; gross grasshopper; homely halibut,education,p1145,5
1730,crushing chicken; gross grasshopper; homely halibut,education,p1147,5
1731,crushing chicken; gross grasshopper; homely halibut,education,p1148,4
1732,crushing chicken; gross grasshopper; homely halibut,education,p1154,3
1733,crushing chicken; gross grasshopper; homely halibut,education,p1159,2
1734,crushing chicken; gross grasshopper; homely halibut,education,p1167,5
1735,crushing chicken; gross grasshopper; homely halibut,education,p1175,3
1736,crushing chicken; gross grasshopper; homely halibut,education,p1178,4
1737,crushing chicken; gross grasshopper; homely halibut,education,p1184,4
1738,crushing chicken; gross grasshopper; homely halibut,education,p1186,4
1739,crushing chicken; gross grasshopper; homely halibut,education,p1196,2
1740,crushing chicken; gross grasshopper; homely halibut,education,p1197,3
1741,crushing chicken; gross grasshopper; homely halibut,education,p1203,4
1742,crushing chicken; gross grasshopper; homely halibut,education,p1219,2
1743,crushing chicken; gross grasshopper; homely halibut,education,p1225,5
1744,crushing chicken; gross grasshopper; homely halibut,education,p1234,3
1745,crushing chicken; gross grasshopper; homely halibut,education,p1242,3
1746,crushing chicken; gross grasshopper; homely halibut,education,p1244,4
1747,crushing chicken; gross grasshopper; homely halibut,education,p1249,3
1748,crushing chicken; gross grasshopper; homely halibut,education,p1250,4
1749,crushing chicken; gross grasshopper; homely halibut,education,p1256,5
1750,crushing chicken; gross grasshopper; homely halibut,education,p1258,3
1751,crushing chicken; gross grasshopper; homely halibut,education,p1260,2
1752,crushing chicken; gross grasshopper; homely halibut,education,p1262,4
1753,crushing chicken; gross grasshopper; homely halibut,education,p1264,2
1754,crushing chicken; gross grasshopper; homely halibut,education,p1265,5
1755,crushing chicken; gross grasshopper; homely halibut,education,p1269,4
1756,crushing chicken; gross grasshopper; homely halibut,education,p1272,3
1757,crushing chicken; gross grasshopper; homely halibut,education,p1278,4
1758,crushing chicken; gross grasshopper; homely halibut,education,p1281,3
1759,crushing chicken; gross grasshopper; homely halibut,education,p1292,4
1760,crushing chicken; gross grasshopper; homely halibut,education,p1299,2
1761,crushing chicken; gross grasshopper; homely halibut,education,p1312,2
1762,crushing chicken; gross grasshopper; homely halibut,education,p1322,3
1763,crushing chicken; gross grasshopper; homely halibut,education,p1326,4
1764,crushing chicken; gross grasshopper; homely halibut,education,p1330,3
1765,crushing chicken; gross grasshopper; homely halibut,education,p1335,3
1766,crushing chicken; gross grasshopper; homely halibut,education,p1337,4
1767,crushing chicken; gross grasshopper; homely halibut,education,p1340,4
1768,crushing chicken; gross grasshopper; homely halibut,education,p1345,2
1769,crushing chicken; gross grasshopper; homely halibut,education,p1351,3
1770,crushing chicken; gross grasshopper; homely halibut,education,p1355,2
1771,crushing chicken; gross grasshopper; homely halibut,education,p1362,2
1772,crushing chicken; gross grasshopper; homely halibut,education,p1365,4
1773,crushing chicken; gross grasshopper; homely halibut,education,p1366,3
1774,crushing chicken; gross grasshopper; homely halibut,education,p1367,3
1775,crushing chicken; gross grasshopper; homely halibut,education,p1370,2
1776,crushing chicken; gross grasshopper; homely halibut,education,p1371,4
1777,crushing chicken; gross grasshopper; homely halibut,education,p1373,3
1778,crushing chicken; gross grasshopper; homely halibut,education,p1375,4
1779,crushing chicken; gross grasshopper; homely halibut,education,p1376,3
1780,crushing chicken; gross grasshopper; homely halibut,education,p1379,5
1781,crushing chicken; gross grasshopper; homely halibut,education,p1381,2
1782,crushing chicken; gross grasshopper; homely halibut,education,p1393,5
1783,crushing chicken; gross grasshopper; homely halibut,education,p1396,4
1784,crushing chicken; gross grasshopper; homely halibut,education,p1398,5
1785,crushing chicken; gross grasshopper; homely halibut,education,p1404,2
1786,crushing chicken; gross grasshopper; homely halibut,education,p1406,2
1787,crushing chicken; gross grasshopper; homely halibut,education,p1407,2
1788,crushing chicken; gross grasshopper; homely halibut,education,p1409,4
1789,crushing chicken; gross grasshopper; homely halibut,education,p1412,2
1790,crushing chicken; gross grasshopper; homely halibut,education,p1414,5
1791,crushing chicken; gross grasshopper; homely halibut,education,p1424,2
1792,crushing chicken; gross grasshopper; homely halibut,education,p1425,3
1793,crushing chicken; gross grasshopper; homely halibut,education,p1429,3
1794,crushing chicken; gross grasshopper; homely halibut,education,p1434,4
1795,crushing chicken; gross grasshopper; homely halibut,education,p1441,2
1796,crushing chicken; gross grasshopper; homely halibut,education,p1445,2
1797,crushing chicken; gross grasshopper; homely halibut,education,p1450,2
1798,crushing chicken; gross grasshopper; homely halibut,education,p1454,5
1799,crushing chicken; gross grasshopper; homely halibut,education,p1456,4
1800,crushing chicken; gross grasshopper; homely halibut,education,p1457,3
1801,crushing chicken; gross grasshopper; homely halibut,education,p1458,5
1802,crushing chicken; gross grasshopper; homely halibut,education,p1469,3
1803,crushing chicken; gross grasshopper; homely halibut,education,p1470,4
1804,crushing chicken; gross grasshopper; homely halibut,education,p1481,4
1805,crushing chicken; gross grasshopper; homely halibut,education,p1488,4
1806,crushing chicken; gross grasshopper; homely halibut,education,p1492,5
1807,crushing chicken; gross grasshopper; homely halibut,education,p1495,2
1808,crushing chicken; gross grasshopper; homely halibut,education,p1497,2
1809,crushing chicken; gross grasshopper; homely halibut,education,p1499,4
1810,crushing chicken; gross grasshopper; homely halibut,education,p1503,4
1811,crushing chicken; gross grasshopper; homely halibut,education,p1511,4
1812,crushing chicken; gross grasshopper; homely halibut,education,p1512,2
1813,crushing chicken; gross grasshopper; homely halibut,education,p1518,3
1814,crushing chicken; gross grasshopper; homely halibut,education,p1519,4
1815,crushing chicken; gross grasshopper; homely halibut,education,p1520,3
1816,crushing chicken; gross grasshopper; homely halibut,education,p1524,2
1817,crushing chicken; gross grasshopper; homely halibut,education,p1526,5
1818,crushing chicken; gross grasshopper; homely halibut,education,p1537,2
1819,crushing chicken; gross grasshopper; homely halibut,education,p1545,3
1820,crushing chicken; gross grasshopper; homely halibut,education,p1547,2
1821,crushing chicken; gross grasshopper; homely halibut,education,p1552,4
1822,crushing chicken; gross grasshopper; homely halibut,education,p1567,4
1823,crushing chicken; gross grasshopper; homely halibut,education,p1568,3
1824,crushing chicken; gross grasshopper; homely halibut,education,p1579,2
1825,crushing chicken; gross grasshopper; homely halibut,education,p1587,1
1826,crushing chicken; gross grasshopper; homely halibut,education,p1596,2
1827,crushing chicken; gross grasshopper; homely halibut,education,p1600,4
1828,crushing chicken; gross grasshopper; homely halibut,education,p1603,3
1829,crushing chicken; gross grasshopper; homely halibut,education,p1604,2
1830,crushing chicken; gross grasshopper; homely halibut,education,p1610,2
1831,crushing chicken; gross grasshopper; homely halibut,education,p1618,4
1832,crushing chicken; gross grasshopper; homely halibut,education,p1619,5
1833,crushing chicken; gross grasshopper; homely halibut,education,p1622,5
1834,crushing chicken; gross grasshopper; homely halibut,education,p1623,4
1835,crushing chicken; gross grasshopper; homely halibut,education,p1630,4
1836,crushing chicken; gross grasshopper; homely halibut,education,p1641,4
1837,crushing chicken; gross grasshopper; homely halibut,education,p1649,3
1838,crushing chicken; gross grasshopper; homely halibut,education,p1652,4
1839,crushing chicken; gross grasshopper; homely halibut,education,p1665,4
1840,crushing chicken; gross grasshopper; homely halibut,education,p1669,4
1841,crushing chicken; gross grasshopper; homely halibut,education,p1685,4
1842,crushing chicken; gross grasshopper; homely halibut,education,p1693,3
1843,crushing chicken; gross grasshopper; homely halibut,education,p1698,5
1844,crushing chicken; gross grasshopper; homely halibut,education,p1704,5
1845,crushing chicken; gross grasshopper; homely halibut,education,p1711,4
1846,crushing chicken; gross grasshopper; homely halibut,education,p1718,2
1847,crushing chicken; gross grasshopper; homely halibut,education,p1732,2
1848,crushing chicken; gross grasshopper; homely halibut,education,p1739,4
1849,crushing chicken; gross grasshopper; homely halibut,education,p1741,4
1850,crushing chicken; gross grasshopper; homely halibut,education,p1746,2
1851,crushing chicken; gross grasshopper; homely halibut,education,p1751,3
1852,crushing chicken; gross grasshopper; homely halibut,education,p1754,2
1853,crushing chicken; gross grasshopper; homely halibut,education,p1769,4
1854,crushing chicken; gross grasshopper; homely halibut,education,p1771,2
1855,crushing chicken; gross grasshopper; homely halibut,education,p1776,1
1856,crushing chicken; gross grasshopper; homely halibut,education,p1780,4
1857,crushing chicken; gross grasshopper; homely halibut,education,p1785,3
1858,crushing chicken; gross grasshopper; homely halibut,education,p1791,5
1859,crushing chicken; gross grasshopper; homely halibut,education,p1793,6
1860,crushing chicken; gross grasshopper; homely halibut,education,p1796,4
1861,crushing chicken; gross grasshopper; homely halibut,education,p1805,3
1862,crushing chicken; gross grasshopper; homely halibut,education,p1812,3
1863,crushing chicken; gross grasshopper; homely halibut,education,p1816,3
1864,crushing chicken; gross grasshopper; homely halibut,education,p1819,5
1865,crushing chicken; gross grasshopper; homely halibut,education,p1825,5
1866,crushing chicken; gross grasshopper; homely halibut,education,p1836,4
1867,crushing chicken; gross grasshopper; homely halibut,education,p1839,2
1868,crushing chicken; gross grasshopper; homely halibut,education,p1861,4
1869,crushing chicken; gross grasshopper; homely halibut,education,p1863,5
1870,crushing chicken; gross grasshopper; homely halibut,education,p1873,5
1871,crushing chicken; gross grasshopper; homely halibut,education,p1875,2
1872,crushing chicken; gross grasshopper; homely halibut,education,p1876,4
1873,crushing chicken; gross grasshopper; homely halibut,education,p1877,4
1874,crushing chicken; gross grasshopper; homely halibut,education,p1880,2
1875,crushing chicken; gross grasshopper; homely halibut,education,p1883,2
1876,crushing chicken; gross grasshopper; homely halibut,education,p1889,4
1877,crushing chicken; gross grasshopper; homely halibut,education,p1893,3
1878,crushing chicken; gross grasshopper; homely halibut,education,p1896,4
1879,crushing chicken; gross grasshopper; homely halibut,education,p1913,3
1880,crushing chicken; gross grasshopper; homely halibut,education,p1922,5
1881,crushing chicken; gross grasshopper; homely halibut,education,p1930,4
1882,crushing chicken; gross grasshopper; homely halibut,education,p1935,3
1883,crushing chicken; gross grasshopper; homely halibut,education,p1940,5
1884,crushing chicken; gross grasshopper; homely halibut,education,p1948,4
1885,crushing chicken; gross grasshopper; homely halibut,education,p1950,2
1886,crushing chicken; gross grasshopper; homely halibut,education,p1954,3
1887,crushing chicken; gross grasshopper; homely halibut,education,p1956,3
1888,crushing chicken; gross grasshopper; homely halibut,education,p1958,3
1889,crushing chicken; gross grasshopper; homely halibut,education,p1967,5
1890,crushing chicken; gross grasshopper; homely halibut,education,p1973,5
1891,crushing chicken; gross grasshopper; homely halibut,education,p1978,3
1892,crushing chicken; gross grasshopper; homely halibut,education,p1983,5
1893,crushing chicken; gross grasshopper; homely halibut,education,p1984,3
1894,crushing chicken; gross grasshopper; homely halibut,education,p1995,3
1895,crushing chicken; gross grasshopper; homely halibut,education,p1996,3
1896,crushing chicken; gross grasshopper; homely halibut,education,p1997,4
1897,crushing chicken; gross grasshopper; homely halibut,education,p2001,2
1898,crushing chicken; gross grasshopper; homely halibut,education,p2002,3
1899,crushing chicken; gross grasshopper; homely halibut,education,p2013,5
1900,crushing chicken; gross grasshopper; homely halibut,education,p2014,2
1901,crushing chicken; gross grasshopper; homely halibut,education,p2016,5
1902,crushing chicken; gross grasshopper; homely halibut,education,p2018,2
1903,crushing chicken; gross grasshopper; homely halibut,education,p2023,3
1904,crushing chicken; gross grasshopper; homely halibut,education,p2025,4
1905,crushing chicken; gross grasshopper; homely halibut,education,p2028,3
1906,crushing chicken; gross grasshopper; homely halibut,education,p2030,3
1907,crushing chicken; gross grasshopper; homely halibut,education,p2033,3
1908,crushing chicken; gross grasshopper; homely halibut,education,p2040,5
1909,crushing chicken; gross grasshopper; homely halibut,education,p2051,3
1910,crushing chicken; gross grasshopper; homely halibut,education,p2052,4
1911,crushing chicken; gross grasshopper; homely halibut,education,p2066,2
1912,crushing chicken; gross grasshopper; homely halibut,education,p2067,3
1913,crushing chicken; gross grasshopper; homely halibut,education,p2073,4
1914,crushing chicken; gross grasshopper; homely halibut,education,p2077,3
1915,crushing chicken; gross grasshopper; homely halibut,education,p2078,5
1916,crushing chicken; gross grasshopper; homely halibut,education,p2086,4
1917,crushing chicken; gross grasshopper; homely halibut,education,p2089,4
1918,crushing chicken; gross grasshopper; homely halibut,education,p2093,4
1919,crushing chicken; gross grasshopper; homely halibut,education,p2094,3
1920,crushing chicken; gross grasshopper; homely halibut,education,p2111,2
1921,crushing chicken; gross grasshopper; homely halibut,education,p2117,4
1922,crushing chicken; gross grasshopper; homely halibut,education,p2121,4
1923,crushing chicken; gross grasshopper; homely halibut,education,p2127,3
1924,crushing chicken; gross grasshopper; homely halibut,education,p2141,4
1925,crushing chicken; gross grasshopper; homely halibut,education,p2142,3
1926,crushing chicken; gross grasshopper; homely halibut,education,p2143,4
1927,crushing chicken; gross grasshopper; homely halibut,education,p2153,4
1928,crushing chicken; gross grasshopper; homely halibut,education,p2155,3
1929,crushing chicken; gross grasshopper; homely halibut,education,p2169,3
1930,crushing chicken; gross grasshopper; homely halibut,education,p2187,4
1931,crushing chicken; gross grasshopper; homely halibut,education,p2188,4
1932,crushing chicken; gross grasshopper; homely halibut,education,p2197,3
1933,crushing chicken; gross grasshopper; homely halibut,education,p2213,3
1934,crushing chicken; gross grasshopper; homely halibut,education,p2214,3
1935,crushing chicken; gross grasshopper; homely halibut,education,p2215,4
1936,crushing chicken; gross grasshopper; homely halibut,education,p2220,5
1937,crushing chicken; gross grasshopper; homely halibut,education,p2223,3
1938,crushing chicken; gross grasshopper; homely halibut,education,p2229,4
1939,crushing chicken; gross grasshopper; homely halibut,education,p2234,3
1940,crushing chicken; gross grasshopper; homely halibut,education,p2237,5
1941,crushing chicken; gross grasshopper; homely halibut,education,p2238,5
1942,crushing chicken; gross grasshopper; homely halibut,education,p2244,4
1943,crushing chicken; gross grasshopper; homely halibut,education,p2248,2
1944,crushing chicken; gross grasshopper; homely halibut,education,p2252,4
1945,crushing chicken; gross grasshopper; homely halibut,education,p2255,2
1946,crushing chicken; gross grasshopper; homely halibut,education,p2261,3
1947,crushing chicken; gross grasshopper; homely halibut,education,p2263,3
1948,crushing chicken; gross grasshopper; homely halibut,education,p2273,5
1949,crushing chicken; gross grasshopper; homely halibut,education,p2275,3
1950,crushing chicken; gross grasshopper; homely halibut,education,p2276,4
1951,crushing chicken; gross grasshopper; homely halibut,education,p2283,3
1952,crushing chicken; gross grasshopper; homely halibut,education,p2287,2
1953,crushing chicken; gross grasshopper; homely halibut,education,p2296,3
1954,crushing chicken; gross grasshopper; homely halibut,education,p2298,3
1955,crushing chicken; gross grasshopper; homely halibut,education,p2304,4
1956,crushing chicken; gross grasshopper; homely halibut,education,p2310,2
1957,crushing chicken; gross grasshopper; homely halibut,education,p2322,2
1958,crushing chicken; gross grasshopper; homely halibut,education,p2326,4
1959,crushing chicken; gross grasshopper; homely halibut,education,p2330,3
1960,crushing chicken; gross grasshopper; homely halibut,education,p2331,3
1961,crushing chicken; gross grasshopper; homely halibut,education,p2333,2
1962,crushing chicken; gross grasshopper; homely halibut,education,p2347,2
1963,crushing chicken; gross grasshopper; homely halibut,education,p2350,3
1964,crushing chicken; gross grasshopper; homely halibut,education,p2351,4
1965,crushing chicken; gross grasshopper; homely halibut,education,p2353,3
1966,crushing chicken; gross grasshopper; homely halibut,education,p2355,1
1967,crushing chicken; gross grasshopper; homely halibut,education,p2363,1
1968,crushing chicken; gross grasshopper; homely halibut,education,p2378,4
1969,crushing chicken; gross grasshopper; homely halibut,education,p2380,3
1970,crushing chicken; gross grasshopper; homely halibut,education,p2387,3
1971,crushing chicken; gross grasshopper; homely halibut,education,p2398,2
1972,crushing chicken; gross grasshopper; homely halibut,education,p2400,3
1973,crushing chicken; gross grasshopper; homely halibut,education,p2403,5
1974,crushing chicken; gross grasshopper; homely halibut,education,p2408,3
1975,crushing chicken; gross grasshopper; homely halibut,education,p2418,2
1976,crushing chicken; gross grasshopper; homely halibut,education,p2426,3
1977,crushing chicken; gross grasshopper; homely halibut,education,p2428,2
1978,crushing chicken; gross grasshopper; homely halibut,education,p2434,5
1979,crushing chicken; gross grasshopper; homely halibut,education,p2446,3
1980,crushing chicken; gross grasshopper; homely halibut,education,p2452,2
1981,crushing chicken; gross grasshopper; homely halibut,education,p2454,2
1982,crushing chicken; gross grasshopper; homely halibut,education,p2462,3
1983,crushing chicken; gross grasshopper; homely halibut,education,p2467,4
1984,crushing chicken; gross grasshopper; homely halibut,education,p2482,3
1985,crushing chicken; gross grasshopper; homely halibut,education,p2489,3
1986,crushing chicken; gross grasshopper; homely halibut,education,p2490,2
1987,crushing chicken; gross grasshopper; homely halibut,education,p2494,3
1988,crushing chicken; gross grasshopper; homely halibut,education,p2502,4
1989,crushing chicken; gross grasshopper; homely halibut,education,p2503,3
1990,crushing chicken; gross grasshopper; homely halibut,education,p2522,3
1991,crushing chicken; gross grasshopper; homely halibut,education,p2524,3
1992,crushing chicken; gross grasshopper; homely halibut,education,p2533,1
1993,crushing chicken; gross grasshopper; homely halibut,education,p2566,3
1994,crushing chicken; gross grasshopper; homely halibut,education,p2571,3
1995,crushing chicken; gross grasshopper; homely halibut,education,p2573,1
1996,crushing chicken; gross grasshopper; homely halibut,education,p2582,4
1997,crushing chicken; gross grasshopper; homely halibut,education,p2591,2
1998,crushing chicken; gross grasshopper; homely halibut,education,p2592,3
1999,crushing chicken; gross grasshopper; homely halibut,education,p2595,4
2000,crushing chicken; gross grasshopper; homely halibut,income,p0016,3
2001,crushing chicken; gross grasshopper; homely halibut,income,p0022,4
2002,crushing chicken; gross grasshopper; homely halibut,income,p0023,4
2003,crushing chicken; gross grasshopper; homely halibut,income,p0026,4
2004,crushing chicken; gross grasshopper; homely halibut,income,p0034,3
2005,crushing chicken; gross grasshopper; homely halibut,income,p0036,3
2006,crushing chicken; gross grasshopper; homely halibut,income,p0037,4
2007,crushing chicken; gross grasshopper; homely halibut,income,p0042,3
2008,crushing chicken; gross grasshopper; homely halibut,income,p0057,3
2009,crushing chicken; gross grasshopper; homely halibut,income,p0066,4
2010,crushing chicken; gross grasshopper; homely halibut,income,p0069,1
2011,crushing chicken; gross grasshopper; homely halibut,income,p0072,4
2012,crushing chicken; gross grasshopper; homely halibut,income,p0073,4
2013,crushing chicken; gross grasshopper; homely halibut,income,p0082,4
2014,crushing chicken; gross grasshopper; homely halibut,income,p0091,4
2015,crushing chicken; gross grasshopper; homely halibut,income,p0092,2
2016,crushing chicken; gross grasshopper; homely halibut,income,p0093,4
2017,crushing chicken; gross grasshopper; homely halibut,income,p0095,3
2018,crushing chicken; gross grasshopper; homely halibut,income,p0107,3
2019,crushing chicken; gross grasshopper; homely halibut,income,p0114,3
2020,crushing chicken; gross grasshopper; homely halibut,income,p0116,3
2021,crushing chicken; gross grasshopper; homely halibut,income,p0118,3
2022,crushing chicken; gross grasshopper; homely halibut,income,p0119,3
2023,crushing chicken; gross grasshopper; homely halibut,income,p0126,3
2024,crushing chicken; gross grasshopper; homely halibut,income,p0129,4
2025,crushing chicken; gross grasshopper; homely halibut,income,p0136,3
2026,crushing chicken; gross grasshopper; homely halibut,income,p0138,3
2027,crushing chicken; gross grasshopper; homely halibut,income,p0144,3
2028,crushing chicken; gross grasshopper; homely halibut,income,p0150,1
2029,crushing chicken; gross grasshopper; homely halibut,income,p0152,3
2030,crushing chicken; gross grasshopper; homely halibut,income,p0158,2
2031,crushing chicken; gross grasshopper; homely halibut,income,p0161,4
2032,crushing chicken; gross grasshopper; homely halibut,income,p0164,3
2033,crushing chicken; gross grasshopper; homely halibut,income,p0175,4
2034,crushing chicken; gross grasshopper; homely halibut,income,p0177,4
2035,crushing chicken; gross grasshopper; homely halibut,income,p0178,4
2036,crushing chicken; gross grasshopper; homely halibut,income,p0181,4
2037,crushing chicken; gross grasshopper; homely halibut,income,p0186,2
2038,crushing chicken; gross grasshopper; homely halibut,income,p0196,4
2039,crushing chicken; gross grasshopper; homely halibut,income,p0198,4
2040,crushing chicken; gross grasshopper; homely halibut,income,p0202,3
2041,crushing chicken; gross grasshopper; homely halibut,income,p0205,4
2042,crushing chicken; gross grasshopper; homely halibut,income,p0207,3
2043,crushing chicken; gross grasshopper; homely halibut,income,p0211,3
2044,crushing chicken; gross grasshopper; homely halibut,income,p0227,4
2045,crushing chicken; gross grasshopper; homely halibut,income,p0229,3
2046,crushing chicken; gross grasshopper; homely halibut,income,p0232,4
2047,crushing chicken; gross grasshopper; homely halibut,income,p0233,2
2048,crushing chicken; gross grasshopper; homely halibut,income,p0237,3
2049,crushing chicken; gross grasshopper; homely halibut,income,p0258,3
2050,crushing chicken; gross grasshopper; homely halibut,income,p0268,2
2051,crushing chicken; gross grasshopper; homely halibut,income,p0274,3
2052,crushing chicken; gross grasshopper; homely halibut,income,p0275,2
2053,crushing chicken; gross grasshopper; homely halibut,income,p0277,1
2054,crushing chicken; gross grasshopper; homely halibut,income,p0288,3
2055,crushing chicken; gross grasshopper; homely halibut,income,p0291,3
2056,crushing chicken; gross grasshopper; homely halibut,income,p0307,1
2057,crushing chicken; gross grasshopper; homely halibut,income,p0308,3
2058,crushing chicken; gross grasshopper; homely halibut,income,p0317,4
2059,crushing chicken; gross grasshopper; homely halibut,income,p0325,4
2060,crushing chicken; gross grasshopper; homely halibut,income,p0327,4
2061,crushing chicken; gross grasshopper; homely halibut,income,p0334,4
2062,crushing chicken; gross grasshopper; homely halibut,income,p0336,4
2063,crushing chicken; gross grasshopper; homely halibut,income,p0338,2
2064,crushing chicken; gross grasshopper; homely halibut,income,p0342,4
2065,crushing chicken; gross grasshopper; homely halibut,income,p0349,3
2066,crushing chicken; gross grasshopper; homely halibut,income,p0356,3
2067,crushing chicken; gross grasshopper; homely halibut,income,p0358,1
2068,crushing chicken; gross grasshopper; homely halibut,income,p0363,3
2069,crushing chicken; gross grasshopper; homely halibut,income,p0364,4
2070,crushing chicken; gross grasshopper; homely halibut,income,p0369,4
2071,crushing chicken; gross grasshopper; homely halibut,income,p0370,2
2072,crushing chicken; gross grasshopper; homely halibut,income,p0371,3
2073,crushing chicken; gross grasshopper; homely halibut,income,p0379,3
2074,crushing chicken; gross grasshopper; homely halibut,income,p0386,3
2075,crushing chicken; gross grasshopper; homely halibut,income,p0396,3
2076,crushing chicken; gross grasshopper; homely halibut,income,p0403,2
2077,crushing chicken; gross grasshopper; homely halibut,income,p0405,4
2078,crushing chicken; gross grasshopper; homely halibut,income,p0412,4
2079,crushing chicken; gross grasshopper; homely halibut,income,p0415,4
2080,crushing chicken; gross grasshopper; homely halibut,income,p0416,4
2081,crushing chicken; gross grasshopper; homely halibut,income,p0417,3
2082,crushing chicken; gross grasshopper; homely halibut,income,p0418,3
2083,crushing chicken; gross grasshopper; homely halibut,income,p0430,4
2084,crushing chicken; gross grasshopper; homely halibut,income,p0431,4
2085,crushing chicken; gross grasshopper; homely halibut,income,p0434,3
2086,crushing chicken; gross grasshopper; homely halibut,income,p0438,4
2087,crushing chicken; gross grasshopper; homely halibut,income,p0441,4
2088,crushing chicken; gross grasshopper; homely halibut,income,p0442,2
2089,crushing chicken; gross grasshopper; homely halibut,income,p0449,4
2090,crushing chicken; gross grasshopper; homely halibut,income,p0450,4
2091,crushing chicken; gross grasshopper; homely halibut,income,p0465,4
2092,crushing chicken; gross grasshopper; homely halibut,income,p0471,3
2093,crushing chicken; gross grasshopper; homely halibut,income,p0477,3
2094,crushing chicken; gross grasshopper; homely halibut,income,p0483,3
2095,crushing chicken; gross grasshopper; homely halibut,income,p0486,3
2096,crushing chicken; gross grasshopper; homely halibut,income,p0487,3
2097,crushing chicken; gross grasshopper; homely halibut,income,p0489,4
2098,crushing chicken; gross grasshopper; homely halibut,income,p0497,4
2099,crushing chicken; gross grasshopper; homely halibut,income,p0502,4
2100,crushing chicken; gross grasshopper; homely halibut,income,p0503,2
2101,crushing chicken; gross grasshopper; homely halibut,income,p0506,3
2102,crushing chicken; gross grasshopper; homely halibut,income,p0511,4
2103,crushing chicken; gross grasshopper; homely halibut,income,p0523,2
2104,crushing chicken; gross grasshopper; homely halibut,income,p0534,4
2105,crushing chicken; gross grasshopper; homely halibut,income,p0536,3
2106,crushing chicken; gross grasshopper; homely halibut,income,p0542,4
2107,crushing chicken; gross grasshopper; homely halibut,income,p0547,3
2108,crushing chicken; gross grasshopper; homely halibut,income,p0553,4
2109,crushing chicken; gross grasshopper; homely halibut,income,p0559,4
2110,crushing chicken; gross grasshopper; homely halibut,income,p0566,4
2111,crushing chicken; gross grasshopper; homely halibut,income,p0568,3
2112,crushing chicken; gross grasshopper; homely halibut,income,p0570,2
2113,crushing chicken; gross grasshopper; homely halibut,income,p0573,3
2114,crushing chicken; gross grasshopper; homely halibut,income,p0578,2
2115,crushing chicken; gross grasshopper; homely halibut,income,p0594,3
2116,crushing chicken; gross grasshopper; homely halibut,income,p0597,2
2117,crushing chicken; gross grasshopper; homely halibut,income,p0601,3
2118,crushing chicken; gross grasshopper; homely halibut,income,p0602,2
2119,crushing chicken; gross grasshopper; homely halibut,income,p0605,3
2120,crushing chicken; gross grasshopper; homely halibut,income,p0615,2
2121,crushing chicken; gross grasshopper; homely halibut,income,p0620,3
2122,crushing chicken; gross grasshopper; homely halibut,income,p0626,3
2123,crushing chicken; gross grasshopper; homely halibut,income,p0629,4
2124,crushing chicken; gross grasshopper; homely halibut,income,p0633,2
2125,crushing chicken; gross grasshopper; homely halibut,income,p0638,3
2126,crushing chicken; gross grasshopper; homely halibut,income,p0639,4
2127,crushing chicken; gross grasshopper; homely halibut,income,p0640,3
2128,crushing chicken; gross grasshopper; homely halibut,income,p0655,4
2129,crushing chicken; gross grasshopper; homely halibut,income,p0656,3
2130,crushing chicken; gross grasshopper; homely halibut,income,p0658,4
2131,crushing chicken; gross grasshopper; homely halibut,income,p0661,3
2132,crushing chicken; gross grasshopper; homely halibut,income,p0669,3
2133,crushing chicken; gross grasshopper; homely halibut,income,p0670,2
2134,crushing chicken; gross grasshopper; homely halibut,income,p0672,3
2135,crushing chicken; gross grasshopper; homely halibut,income,p0674,3
2136,crushing chicken; gross grasshopper; homely halibut,income,p0678,4
2137,crushing chicken; gross grasshopper; homely halibut,income,p0683,3
2138,crushing chicken; gross grasshopper; homely halibut,income,p0686,3
2139,crushing chicken; gross grasshopper; homely halibut,income,p0687,3
2140,crushing chicken; gross grasshopper; homely halibut,income,p0698,2
2141,crushing chicken; gross grasshopper; homely halibut,income,p0700,4
2142,crushing chicken; gross grasshopper; homely halibut,income,p0703,3
2143,crushing chicken; gross grasshopper; homely halibut,income,p0718,2
2144,crushing chicken; gross grasshopper; homely halibut,income,p0744,4
2145,crushing chicken; gross grasshopper; homely halibut,income,p0745,4
2146,crushing chicken; gross grasshopper; homely halibut,income,p0753,2
2147,crushing chicken; gross grasshopper; homely halibut,income,p0770,4
2148,crushing chicken; gross grasshopper; homely halibut,income,p0771,3
2149,crushing chicken; gross grasshopper; homely halibut,income,p0777,4
2150,crushing chicken; gross grasshopper; homely halibut,income,p0779,4
2151,crushing chicken; gross grasshopper; homely halibut,income,p0780,1
2152,crushing chicken; gross grasshopper; homely halibut,income,p0783,3
2153,crushing chicken; gross grasshopper; homely halibut,income,p0785,4
2154,crushing chicken; gross grasshopper; homely halibut,income,p0786,3
2155,crushing chicken; gross grasshopper; homely halibut,income,p0794,4
2156,crushing chicken; gross grasshopper; homely halibut,income,p0798,4
2157,crushing chicken; gross grasshopper; homely halibut,income,p0800,3
2158,crushing chicken; gross grasshopper; homely halibut,income,p0820,2
2159,crushing chicken; gross grasshopper; homely halibut,income,p0841,3
2160,crushing chicken; gross grasshopper; homely halibut,income,p0849,3
2161,crushing chicken; gross grasshopper; homely halibut,income,p0862,3
2162,crushing chicken; gross grasshopper; homely halibut,income,p0867,4
2163,crushing chicken; gross grasshopper; homely halibut,income,p0869,4
2164,crushing chicken; gross grasshopper; homely halibut,income,p0872,3
2165,crushing chicken; gross grasshopper; homely halibut,income,p0880,2
2166,crushing chicken; gross grasshopper; homely halibut,income,p0891,3
2167,crushing chicken; gross grasshopper; homely halibut,income,p0916,3
2168,crushing chicken; gross grasshopper; homely halibut,income,p0917,4
2169,crushing chicken; gross grasshopper; homely halibut,income,p0919,3
2170,crushing chicken; gross grasshopper; homely halibut,income,p0922,2
2171,crushing chicken; gross grasshopper; homely halibut,income,p0925,2
2172,crushing chicken; gross grasshopper; homely halibut,income,p0927,4
2173,crushing chicken; gross grasshopper; homely halibut,income,p0929,2
2174,crushing chicken; gross grasshopper; homely halibut,income,p0930,4
2175,crushing chicken; gross grasshopper; homely halibut,income,p0931,2
2176,crushing chicken; gross grasshopper; homely halibut,income,p0933,2
2177,crushing chicken; gross grasshopper; homely halibut,income,p0934,4
2178,crushing chicken; gross grasshopper; homely halibut,income,p0936,3
2179,crushing chicken; gross grasshopper; homely halibut,income,p0938,3
2180,crushing chicken; gross grasshopper; homely halibut,income,p0939,2
2181,crushing chicken; gross grasshopper; homely halibut,income,p0946,4
2182,crushing chicken; gross grasshopper; homely halibut,income,p0951,2
2183,crushing chicken; gross grasshopper; homely halibut,income,p0956,3
2184,crushing chicken; gross grasshopper; homely halibut,income,p0962,3
2185,crushing chicken; gross grasshopper; homely halibut,income,p0963,3
2186,crushing chicken; gross grasshopper; homely halibut,income,p0969,5
2187,crushing chicken; gross grasshopper; homely halibut,income,p0972,3
2188,crushing chicken; gross grasshopper; homely halibut,income,p0975,4
2189,crushing chicken; gross grasshopper; homely halibut,income,p0985,2
2190,crushing chicken; gross grasshopper; homely halibut,income,p0993,1
2191,crushing chicken; gross grasshopper; homely halibut,income,p0996,3
2192,crushing chicken; gross grasshopper; homely halibut,income,p1011,3
2193,crushing chicken; gross grasshopper; homely halibut,income,p1017,4
2194,crushing chicken; gross grasshopper; homely halibut,income,p1020,3
2195,crushing chicken; gross grasshopper; homely halibut,income,p1022,3
2196,crushing chicken; gross grasshopper; homely halibut,income,p1024,2
2197,crushing chicken; gross grasshopper; homely halibut,income,p1027,3
2198,crushing chicken; gross grasshopper; homely halibut,income,p1028,4
2199,crushing chicken; gross grasshopper; homely halibut,income,p1029,2
2200,crushing chicken; gross grasshopper; homely halibut,income,p1032,3
2201,crushing chicken; gross grasshopper; homely halibut,income,p1040,3
2202,crushing chicken; gross grasshopper; homely halibut,income,p1047,4
2203,crushing chicken; gross grasshopper; homely halibut,income,p1048,2
2204,crushing chicken; gross grasshopper; homely halibut,income,p1053,2
2205,crushing chicken; gross grasshopper; homely halibut,income,p1057,3
2206,crushing chicken; gross grasshopper; homely halibut,income,p1058,4
2207,crushing chicken; gross grasshopper; homely halibut,income,p1063,4
2208,crushing chicken; gross grasshopper; homely halibut,income,p1064,3
2209,crushing chicken; gross grasshopper; homely halibut,income,p1065,3
2210,crushing chicken; gross grasshopper; homely halibut,income,p1069,3
2211,crushing chicken; gross grasshopper; homely halibut,income,p1072,3
2212,crushing chicken; gross grasshopper; homely halibut,income,p1073,3
2213,crushing chicken; gross grasshopper; homely halibut,income,p1075,3
2214,crushing chicken; gross grasshopper; homely halibut,income,p1076,2
2215,crushing chicken; gross grasshopper; homely halibut,income,p1083,3
2216,crushing chicken; gross grasshopper; homely halibut,income,p1089,4
2217,crushing chicken; gross grasshopper; homely halibut,income,p1093,3
2218,crushing chicken; gross grasshopper; homely halibut,income,p1096,4
2219,crushing chicken; gross grasshopper; homely halibut,income,p1100,4
2220,crushing chicken; gross grasshopper; homely halibut,income,p1106,2
2221,crushing chicken; gross grasshopper; homely halibut,income,p1107,2
2222,crushing chicken; gross grasshopper; homely halibut,income,p1113,2
2223,crushing chicken; gross grasshopper; homely halibut,income,p1117,3
2224,crushing chicken; gross grasshopper; homely halibut,income,p1120,4
2225,crushing chicken; gross grasshopper; homely halibut,income,p1134,4
2226,crushing chicken; gross grasshopper; homely halibut,income,p1136,3
2227,crushing chicken; gross grasshopper; homely halibut,income,p1138,3
2228,crushing chicken; gross grasshopper; homely halibut,income,p1144,3
2229,crushing chicken; gross grasshopper; homely halibut,income,p1145,4
2230,crushing chicken; gross grasshopper; homely halibut,income,p1147,4
2231,crushing chicken; gross grasshopper; homely halibut,income,p1148,3
2232,crushing chicken; gross grasshopper; homely halibut,income,p1154,3
2233,crushing chicken; gross grasshopper; homely halibut,income,p1159,4
2234,crushing chicken; gross grasshopper; homely halibut,income,p1167,3
2235,crushing chicken; gross grasshopper; homely halibut,income,p1175,2
2236,crushing chicken; gross grasshopper; homely halibut,income,p1178,3
2237,crushing chicken; gross grasshopper; homely halibut,income,p1184,3
2238,crushing chicken; gross grasshopper; homely halibut,income,p1186,3
2239,crushing chicken; gross grasshopper; homely halibut,income,p1196,2
2240,crushing chicken; gross grasshopper; homely halibut,income,p1197,3
2241,crushing chicken; gross grasshopper; homely halibut,income,p1203,3
2242,crushing chicken; gross grasshopper; homely halibut,income,p1219,2
2243,crushing chicken; gross grasshopper; homely halibut,income,p1225,4
2244,crushing chicken; gross grasshopper; homely halibut,income,p1234,2
2245,crushing chicken; gross grasshopper; homely halibut,income,p1242,3
2246,crushing chicken; gross grasshopper; homely halibut,income,p1244,3
2247,crushing chicken; gross grasshopper; homely halibut,income,p1249,3
2248,crushing chicken; gross grasshopper; homely halibut,income,p1250,3
2249,crushing chicken; gross grasshopper; homely halibut,income,p1256,4
2250,crushing chicken; gross grasshopper; homely halibut,income,p1258,4
2251,crushing chicken; gross grasshopper; homely halibut,income,p1260,2
2252,crushing chicken; gross grasshopper; homely halibut,income,p1262,4
2253,crushing chicken; gross grasshopper; homely halibut,income,p1264,2
2254,crushing chicken; gross grasshopper; homely halibut,income,p1265,4
2255,crushing chicken; gross grasshopper; homely halibut,income,p1269,3
2256,crushing chicken; gross grasshopper; homely halibut,income,p1272,3
2257,crushing chicken; gross grasshopper; homely halibut,income,p1278,2
2258,crushing chicken; gross grasshopper; homely halibut,income,p1281,2
2259,crushing chicken; gross grasshopper; homely halibut,income,p1292,4
2260,crushing chicken; gross grasshopper; homely halibut,income,p1299,4
2261,crushing chicken; gross grasshopper; homely halibut,income,p1312,3
2262,crushing chicken; gross grasshopper; homely halibut,income,p1322,1
2263,crushing chicken; gross grasshopper; homely halibut,income,p1326,3
2264,crushing chicken; gross grasshopper; homely halibut,income,p1330,2
2265,crushing chicken; gross grasshopper; homely halibut,income,p1335,3
2266,crushing chicken; gross grasshopper; homely halibut,income,p1337,4
2267,crushing chicken; gross grasshopper; homely halibut,income,p1340,4
2268,crushing chicken; gross grasshopper; homely halibut,income,p1345,3
2269,crushing chicken; gross grasshopper; homely halibut,income,p1351,3
2270,crushing chicken; gross grasshopper; homely halibut,income,p1355,3
2271,crushing chicken; gross grasshopper; homely halibut,income,p1362,4
2272,crushing chicken; gross grasshopper; homely halibut,income,p1365,3
2273,crushing chicken; gross grasshopper; homely halibut,income,p1366,3
2274,crushing chicken; gross grasshopper; homely halibut,income,p1367,3
2275,crushing chicken; gross grasshopper; homely halibut,income,p1370,3
2276,crushing chicken; gross grasshopper; homely halibut,income,p1371,5
2277,crushing chicken; gross grasshopper; homely halibut,income,p1373,4
2278,crushing chicken; gross grasshopper; homely halibut,income,p1375,4
2279,crushing chicken; gross grasshopper; homely halibut,income,p1376,1
2280,crushing chicken; gross grasshopper; homely halibut,income,p1379,3
2281,crushing chicken; gross grasshopper; homely halibut,income,p1381,3
2282,crushing chicken; gross grasshopper; homely halibut,income,p1393,4
2283,crushing chicken; gross grasshopper; homely halibut,income,p1396,3
2284,crushing chicken; gross grasshopper; homely halibut,income,p1398,4
2285,crushing chicken; gross grasshopper; homely halibut,income,p1404,1
2286,crushing chicken; gross grasshopper; homely halibut,income,p1406,3
2287,crushing chicken; gross grasshopper; homely halibut,income,p1407,2
2288,crushing chicken; gross grasshopper; homely halibut,income,p1409,4
2289,crushing chicken; gross grasshopper; homely halibut,income,p1412,2
2290,crushing chicken; gross grasshopper; homely halibut,income,p1414,4
2291,crushing chicken; gross grasshopper; homely halibut,income,p1424,4
2292,crushing chicken; gross grasshopper; homely halibut,income,p1425,4
2293,crushing chicken; gross grasshopper; homely halibut,income,p1429,3
2294,crushing chicken; gross grasshopper; homely halibut,income,p1434,4
2295,crushing chicken; gross grasshopper; homely halibut,income,p1441,2
2296,crushing chicken; gross grasshopper; homely halibut,income,p1445,2
2297,crushing chicken; gross grasshopper; homely halibut,income,p1450,3
2298,crushing chicken; gross grasshopper; homely halibut,income,p1454,4
2299,crushing chicken; gross grasshopper; homely halibut,income,p1456,3
2300,crushing chicken; gross grasshopper; homely halibut,income,p1457,1
2301,crushing chicken; gross grasshopper; homely halibut,income,p1458,4
2302,crushing chicken; gross grasshopper; homely halibut,income,p1469,2
2303,crushing chicken; gross grasshopper; homely halibut,income,p1470,4
2304,crushing chicken; gross grasshopper; homely halibut,income,p1481,3
2305,crushing chicken; gross grasshopper; homely halibut,income,p1488,3
2306,crushing chicken; gross grasshopper; homely halibut,income,p1492,3
2307,crushing chicken; gross grasshopper; homely halibut,income,p1495,3
2308,crushing chicken; gross grasshopper; homely halibut,income,p1497,3
2309,crushing chicken; gross grasshopper; homely halibut,income,p1499,4
2310,crushing chicken; gross grasshopper; homely halibut,income,p1503,2
2311,crushing chicken; gross grasshopper; homely halibut,income,p1511,4
2312,crushing chicken; gross grasshopper; homely halibut,income,p1512,1
2313,crushing chicken; gross grasshopper; homely halibut,income,p1518,2
2314,crushing chicken; gross grasshopper; homely halibut,income,p1519,3
2315,crushing chicken; gross grasshopper; homely halibut,income,p1520,1
2316,crushing chicken; gross grasshopper; homely halibut,income,p1524,3
2317,crushing chicken; gross grasshopper; homely halibut,income,p1526,5
2318,crushing chicken; gross grasshopper; homely halibut,income,p1537,3
2319,crushing chicken; gross grasshopper; homely halibut,income,p1545,3
2320,crushing chicken; gross grasshopper; homely halibut,income,p1547,1
2321,crushing chicken; gross grasshopper; homely halibut,income,p1552,5
2322,crushing chicken; gross grasshopper; homely halibut,income,p1567,4
2323,crushing chicken; gross grasshopper; homely halibut,income,p1568,3
2324,crushing chicken; gross grasshopper; homely halibut,income,p1579,2
2325,crushing chicken; gross grasshopper; homely halibut,income,p1587,1
2326,crushing chicken; gross grasshopper; homely halibut,income,p1596,3
2327,crushing chicken; gross grasshopper; homely halibut,income,p1600,4
2328,crushing chicken; gross grasshopper; homely halibut,income,p1603,2
2329,crushing chicken; gross grasshopper; homely halibut,income,p1604,3
2330,crushing chicken; gross grasshopper; homely halibut,income,p1610,2
2331,crushing chicken; gross grasshopper; homely halibut,income,p1618,3
2332,crushing chicken; gross grasshopper; homely halibut,income,p1619,4
2333,crushing chicken; gross grasshopper; homely halibut,income,p1622,4
2334,crushing chicken; gross grasshopper; homely halibut,income,p1623,3
2335,crushing chicken; gross grasshopper; homely halibut,income,p1630,4
2336,crushing chicken; gross grasshopper; homely halibut,income,p1641,4
2337,crushing chicken; gross grasshopper; homely halibut,income,p1649,2
2338,crushing chicken; gross grasshopper; homely halibut,income,p1652,3
2339,crushing chicken; gross grasshopper; homely halibut,income,p1665,3
2340,crushing chicken; gross grasshopper; homely halibut,income,p1669,4
2341,crushing chicken; gross grasshopper; homely halibut,income,p1685,4
2342,crushing chicken; gross grasshopper; homely halibut,income,p1693,3
2343,crushing chicken; gross grasshopper; homely halibut,income,p1698,4
2344,crushing chicken; gross grasshopper; homely halibut,income,p1704,4
2345,crushing chicken; gross grasshopper; homely halibut,income,p1711,4
2346,crushing chicken; gross grasshopper; homely halibut,income,p1718,3
2347,crushing chicken; gross grasshopper; homely halibut,income,p1732,3
2348,crushing chicken; gross grasshopper; homely halibut,income,p1739,4
2349,crushing chicken; gross grasshopper; homely halibut,income,p1741,4
2350,crushing chicken; gross grasshopper; homely halibut,income,p1746,1
2351,crushing chicken; gross grasshopper; homely halibut,income,p1751,4
2352,crushing chicken; gross grasshopper; homely halibut,income,p1754,1
2353,crushing chicken; gross grasshopper; homely halibut,income,p1769,4
2354,crushing chicken; gross grasshopper; homely halibut,income,p1771,2
2355,crushing chicken; gross grasshopper; homely halibut,income,p1776,2
2356,crushing chicken; gross grasshopper; homely halibut,income,p1780,4
2357,crushing chicken; gross grasshopper; homely halibut,income,p1785,2
2358,crushing chicken; gross grasshopper; homely halibut,income,p1791,3
2359,crushing chicken; gross grasshopper; homely halibut,income,p1793,4
2360,crushing chicken; gross grasshopper; homely halibut,income,p1796,5
2361,crushing chicken; gross grasshopper; homely halibut,income,p1805,3
2362,crushing chicken; gross grasshopper; homely halibut,income,p1812,3
2363,crushing chicken; gross grasshopper; homely halibut,income,p1816,3
2364,crushing chicken; gross grasshopper; homely halibut,income,p1819,4
2365,crushing chicken; gross grasshopper; homely halibut,income,p1825,4
2366,crushing chicken; gross grasshopper; homely halibut,income,p1836,3
2367,crushing chicken; gross grasshopper; homely halibut,income,p1839,4
2368,crushing chicken; gross grasshopper; homely halibut,income,p1861,3
2369,crushing chicken; gross grasshopper; homely halibut,income,p1863,4
2370,crushing chicken; gross grasshopper; homely halibut,income,p1873,4
2371,crushing chicken; gross grasshopper; homely halibut,income,p1875,3
2372,crushing chicken; gross grasshopper; homely halibut,income,p1876,4
2373,crushing chicken; gross grasshopper; homely halibut,income,p1877,2
2374,crushing chicken; gross grasshopper; homely halibut,income,p1880,3
2375,crushing chicken; gross grasshopper; homely halibut,income,p1883,3
2376,crushing chicken; gross grasshopper; homely halibut,income,p1889,1
2377,crushing chicken; gross grasshopper; homely halibut,income,p1893,2
2378,crushing chicken; gross grasshopper; homely halibut,income,p1896,3
2379,crushing chicken; gross grasshopper; homely halibut,income,p1913,4
2380,crushing chicken; gross grasshopper; homely halibut,income,p1922,4
2381,crushing chicken; gross grasshopper; homely halibut,income,p1930,3
2382,crushing chicken; gross grasshopper; homely halibut,income,p1935,4
2383,crushing chicken; gross grasshopper; homely halibut,income,p1940,4
2384,crushing chicken; gross grasshopper; homely halibut,income,p1948,4
2385,crushing chicken; gross grasshopper; homely halibut,income,p1950,2
2386,crushing chicken; gross grasshopper; homely halibut,income,p1954,2
2387,crushing chicken; gross grasshopper; homely halibut,income,p1956,3
2388,crushing chicken; gross grasshopper; homely halibut,income,p1958,3
2389,crushing chicken; gross grasshopper; homely halibut,income,p1967,4
2390,crushing chicken; gross grasshopper; homely halibut,income,p1973,5
2391,crushing chicken; gross grasshopper; homely halibut,income,p1978,4
2392,crushing chicken; gross grasshopper; homely halibut,income,p1983,2
2393,crushing chicken; gross grasshopper; homely halibut,income,p1984,3
2394,crushing chicken; gross grasshopper; homely halibut,income,p1995,3
2395,crushing chicken; gross grasshopper; homely halibut,income,p1996,2
2396,crushing chicken; gross grasshopper; homely halibut,income,p1997,4
2397,crushing chicken; gross grasshopper; homely halibut,income,p2001,3
2398,crushing chicken; gross grasshopper; homely halibut,income,p2002,2
2399,crushing chicken; gross grasshopper; homely halibut,income,p2013,4
2400,crushing chicken; gross grasshopper; homely halibut,income,p2014,3
2401,crushing chicken; gross grasshopper; homely halibut,income,p2016,4
2402,crushing chicken; gross grasshopper; homely halibut,income,p2018,1
2403,crushing chicken; gross grasshopper; homely halibut,income,p2023,3
2404,crushing chicken; gross grasshopper; homely halibut,income,p2025,4
2405,crushing chicken; gross grasshopper; homely halibut,income,p2028,2
2406,crushing chicken; gross grasshopper; homely halibut,income,p2030,3
2407,crushing chicken; gross grasshopper; homely halibut,income,p2033,3
2408,crushing chicken; gross grasshopper; homely halibut,income,p2040,3
2409,crushing chicken; gross grasshopper; homely halibut,income,p2051,3
2410,crushing chicken; gross grasshopper; homely halibut,income,p2052,4
2411,crushing chicken; gross grasshopper; homely halibut,income,p2066,2
2412,crushing chicken; gross grasshopper; homely halibut,income,p2067,3
2413,crushing chicken; gross grasshopper; homely halibut,income,p2073,4
2414,crushing chicken; gross grasshopper; homely halibut,income,p2077,2
2415,crushing chicken; gross grasshopper; homely halibut,income,p2078,4
2416,crushing chicken; gross grasshopper; homely halibut,income,p2086,3
2417,crushing chicken; gross grasshopper; homely halibut,income,p2089,3
2418,crushing chicken; gross grasshopper; homely halibut,income,p2093,3
2419,crushing chicken; gross grasshopper; homely halibut,income,p2094,3
2420,crushing chicken; gross grasshopper; homely halibut,income,p2111,2
2421,crushing chicken; gross grasshopper; homely halibut,income,p2117,4
2422,crushing chicken; gross grasshopper; homely halibut,income,p2121,3
2423,crushing chicken; gross grasshopper; homely halibut,income,p2127,3
2424,crushing chicken; gross grasshopper; homely halibut,income,p2141,3
2425,crushing chicken; gross grasshopper; homely halibut,income,p2142,2
2426,crushing chicken; gross grasshopper; homely halibut,income,p2143,4
2427,crushing chicken; gross grasshopper; homely halibut,income,p2153,1
2428,crushing chicken; gross grasshopper; homely halibut,income,p2155,2
2429,crushing chicken; gross grasshopper; homely halibut,income,p2169,4
2430,crushing chicken; gross grasshopper; homely halibut,income,p2187,3
2431,crushing chicken; gross grasshopper; homely halibut,income,p2188,4
2432,crushing chicken; gross grasshopper; homely halibut,income,p2197,2
2433,crushing chicken; gross grasshopper; homely halibut,income,p2213,3
2434,crushing chicken; gross grasshopper; homely halibut,income,p2214,2
2435,crushing chicken; gross grasshopper; homely halibut,income,p2215,5
2436,crushing chicken; gross grasshopper; homely halibut,income,p2220,3
2437,crushing chicken; gross grasshopper; homely halibut,income,p2223,2
2438,crushing chicken; gross grasshopper; homely halibut,income,p2229,3
2439,crushing chicken; gross grasshopper; homely halibut,income,p2234,3
2440,crushing chicken; gross grasshopper; homely halibut,income,p2237,4
2441,crushing chicken; gross grasshopper; homely halibut,income,p2238,4
2442,crushing chicken; gross grasshopper; homely halibut,income,p2244,2
2443,crushing chicken; gross grasshopper; homely halibut,income,p2248,3
2444,crushing chicken; gross grasshopper; homely halibut,income,p2252,3
2445,crushing chicken; gross grasshopper; homely halibut,income,p2255,1
2446,crushing chicken; gross grasshopper; homely halibut,income,p2261,3
2447,crushing chicken; gross grasshopper; homely halibut,income,p2263,4
2448,crushing chicken; gross grasshopper; homely halibut,income,p2273,3
2449,crushing chicken; gross grasshopper; homely halibut,income,p2275,2
2450,crushing chicken; gross grasshopper; homely halibut,income,p2276,2
2451,crushing chicken; gross grasshopper; homely halibut,income,p2283,1
2452,crushing chicken; gross grasshopper; homely halibut,income,p2287,3
2453,crushing chicken; gross grasshopper; homely halibut,income,p2296,2
2454,crushing chicken; gross grasshopper; homely halibut,income,p2298,3
2455,crushing chicken; gross grasshopper; homely halibut,income,p2304,3
2456,crushing chicken; gross grasshopper; homely halibut,income,p2310,2
2457,crushing chicken; gross grasshopper; homely halibut,income,p2322,2
2458,crushing chicken; gross grasshopper; homely halibut,income,p2326,3
2459,crushing chicken; gross grasshopper; homely halibut,income,p2330,3
2460,crushing chicken; gross grasshopper; homely halibut,income,p2331,3
2461,crushing chicken; gross grasshopper; homely halibut,income,p2333,2
2462,crushing chicken; gross grasshopper; homely halibut,income,p2347,3
2463,crushing chicken; gross grasshopper; homely halibut,income,p2350,2
2464,crushing chicken; gross grasshopper; homely halibut,income,p2351,3
2465,crushing chicken; gross grasshopper; homely halibut,income,p2353,2
2466,crushing chicken; gross grasshopper; homely halibut,income,p2355,2
2467,crushing chicken; gross grasshopper; homely halibut,income,p2363,2
2468,crushing chicken; gross grasshopper; homely halibut,income,p2378,3
2469,crushing chicken; gross grasshopper; homely halibut,income,p2380,2
2470,crushing chicken; gross grasshopper; homely halibut,income,p2387,4
2471,crushing chicken; gross grasshopper; homely halibut,income,p2398,2
2472,crushing chicken; gross grasshopper; homely halibut,income,p2400,4
2473,crushing chicken; gross grasshopper; homely halibut,income,p2403,2
2474,crushing chicken; gross grasshopper; homely halibut,income,p2408,3
2475,crushing chicken; gross grasshopper; homely halibut,income,p2418,2
2476,crushing chicken; gross grasshopper; homely halibut,income,p2426,2
2477,crushing chicken; gross grasshopper; homely halibut,income,p2428,2
2478,crushing chicken; gross grasshopper; homely halibut,income,p2434,3
2479,crushing chicken; gross grasshopper; homely halibut,income,p2446,1
2480,crushing chicken; gross grasshopper; homely halibut,income,p2452,3
2481,crushing chicken; gross grasshopper; homely halibut,income,p2454,2
2482,crushing chicken; gross grasshopper; homely halibut,income,p2462,3
2483,crushing chicken; gross grasshopper; homely halibut,income,p2467,5
2484,crushing chicken; gross grasshopper; homely halibut,income,p2482,3
2485,crushing chicken; gross grasshopper; homely halibut,income,p2489,3
2486,crushing chicken; gross grasshopper; homely halibut,income,p2490,2
2487,crushing chicken; gross grasshopper; homely halibut,income,p2494,2
2488,crushing chicken; gross grasshopper; homely halibut,income,p2502,4
2489,crushing chicken; gross grasshopper; homely halibut,income,p2503,3
2490,crushing chicken; gross grasshopper; homely halibut,income,p2522,3
2491,crushing chicken; gross grasshopper; homely halibut,income,p2524,3
2492,crushing chicken; gross grasshopper; homely halibut,income,p2533,3
2493,crushing chicken; gross grasshopper; homely halibut,income,p2566,3
2494,crushing chicken; gross grasshopper; homely halibut,income,p2571,3
2495,crushing chicken; gross grasshopper; homely halibut,income,p2573,2
2496,crushing chicken; gross grasshopper; homely halibut,income,p2582,4
2497,crushing chicken; gross grasshopper; homely halibut,income,p2591,3
2498,crushing chicken; gross grasshopper; homely halibut,income,p2592,3
2499,crushing chicken; gross grasshopper; homely halibut,income,p2595,2
2500,crushing chicken; gross grasshopper; homely halibut,party,p0016,2
2501,crushing chicken; gross grasshopper; homely halibut,party,p0022,3
2502,crushing chicken; gross grasshopper; homely halibut,party,p0023,3
2503,crushing chicken; gross grasshopper; homely halibut,party,p0026,1
2504,crushing chicken; gross grasshopper; homely halibut,party,p0034,1
2505,crushing chicken; gross grasshopper; homely halibut,party,p0036,2
2506,crushing chicken; gross grasshopper; homely halibut,party,p0037,1
2507,crushing chicken; gross grasshopper; homely halibut,party,p0042,3
2508,crushing chicken; gross grasshopper; homely halibut,party,p0057,3
2509,crushing chicken; gross grasshopper; homely halibut,party,p0066,1
2510,crushing chicken; gross grasshopper; homely halibut,party,p0069,1
2511,crushing chicken; gross grasshopper; homely halibut,party,p0072,1
2512,crushing chicken; gross grasshopper; homely halibut,party,p0073,1
2513,crushing chicken; gross grasshopper; homely halibut,party,p0082,3
2514,crushing chicken; gross grasshopper; homely halibut,party,p0091,3
2515,crushing chicken; gross grasshopper; homely halibut,party,p0092,3
2516,crushing chicken; gross grasshopper; homely halibut,party,p0093,1
2517,crushing chicken; gross grasshopper; homely halibut,party,p0095,3
2518,crushing chicken; gross grasshopper; homely halibut,party,p0107,1
2519,crushing chicken; gross grasshopper; homely halibut,party,p0114,2
2520,crushing chicken; gross grasshopper; homely halibut,party,p0116,1
2521,crushing chicken; gross grasshopper; homely halibut,party,p0118,1
2522,crushing chicken; gross grasshopper; homely halibut,party,p0119,2
2523,crushing chicken; gross grasshopper; homely halibut,party,p0126,2
2524,crushing chicken; gross grasshopper; homely halibut,party,p0129,3
2525,crushing chicken; gross grasshopper; homely halibut,party,p0136,2
2526,crushing chicken; gross grasshopper; homely halibut,party,p0138,2
2527,crushing chicken; gross grasshopper; homely halibut,party,p0144,2
2528,crushing chicken; gross grasshopper; homely halibut,party,p0150,3
2529,crushing chicken; gross grasshopper; homely halibut,party,p0152,1
2530,crushing chicken; gross grasshopper; homely halibut,party,p0158,3
2531,crushing chicken; gross grasshopper; homely halibut,party,p0161,1
2532,crushing chicken; gross grasshopper; homely halibut,party,p0164,1
2533,crushing chicken; gross grasshopper; homely halibut,party,p0175,3
2534,crushing chicken; gross grasshopper; homely halibut,party,p0177,2
2535,crushing chicken; gross grasshopper; homely halibut,party,p0178,3
2536,crushing chicken; gross grasshopper; homely halibut,party,p0181,1
2537,crushing chicken; gross grasshopper; homely halibut,party,p0186,3
2538,crushing chicken; gross grasshopper; homely halibut,party,p0196,3
2539,crushing chicken; gross grasshopper; homely halibut,party,p0198,3
2540,crushing chicken; gross grasshopper; homely halibut,party,p0202,3
2541,crushing chicken; gross grasshopper; homely halibut,party,p0205,2
2542,crushing chicken; gross grasshopper; homely halibut,party,p0207,3
2543,crushing chicken; gross grasshopper; homely halibut,party,p0211,3
2544,crushing chicken; gross grasshopper; homely halibut,party,p0227,2
2545,crushing chicken; gross grasshopper; homely halibut,party,p0229,3
2546,crushing chicken; gross grasshopper; homely halibut,party,p0232,3
2547,crushing chicken; gross grasshopper; homely halibut,party,p0233,2
2548,crushing chicken; gross grasshopper; homely halibut,party,p0237,3
2549,crushing chicken; gross grasshopper; homely halibut,party,p0258,3
2550,crushing chicken; gross grasshopper; homely halibut,party,p0268,3
2551,crushing chicken; gross grasshopper; homely halibut,party,p0274,3
2552,crushing chicken; gross grasshopper; homely halibut,party,p0275,3
2553,crushing chicken; gross grasshopper; homely halibut,party,p0277,2
2554,crushing chicken; gross grasshopper; homely halibut,party,p0288,3
2555,crushing chicken; gross grasshopper; homely halibut,party,p0291,2
2556,crushing chicken; gross grasshopper; homely halibut,party,p0307,1
2557,crushing chicken; gross grasshopper; homely halibut,party,p0308,1
2558,crushing chicken; gross grasshopper; homely halibut,party,p0317,1
2559,crushing chicken; gross grasshopper; homely halibut,party,p0325,2
2560,crushing chicken; gross grasshopper; homely halibut,party,p0327,3
2561,crushing chicken; gross grasshopper; homely halibut,party,p0334,3
2562,crushing chicken; gross grasshopper; homely halibut,party,p0336,3
2563,crushing chicken; gross grasshopper; homely halibut,party,p0338,1
2564,crushing chicken; gross grasshopper; homely halibut,party,p0342,3
2565,crushing chicken; gross grasshopper; homely halibut,party,p0349,1
2566,crushing chicken; gross grasshopper; homely halibut,party,p0356,3
2567,crushing chicken; gross grasshopper; homely halibut,party,p0358,3
2568,crushing chicken; gross grasshopper; homely halibut,party,p0363,2
2569,crushing chicken; gross grasshopper; homely halibut,party,p0364,2
2570,crushing chicken; gross grasshopper; homely halibut,party,p0369,1
2571,crushing chicken; gross grasshopper; homely halibut,party,p0370,2
2572,crushing chicken; gross grasshopper; homely halibut,party,p0371,1
2573,crushing chicken; gross grasshopper; homely halibut,party,p0379,1
2574,crushing chicken; gross grasshopper; homely halibut,party,p0386,3
2575,crushing chicken; gross grasshopper; homely halibut,party,p0396,3
2576,crushing chicken; gross grasshopper; homely halibut,party,p0403,3
2577,crushing chicken; gross grasshopper; homely halibut,party,p0405,3
2578,crushing chicken; gross grasshopper; homely halibut,party,p0412,1
2579,crushing chicken; gross grasshopper; homely halibut,party,p0415,1
2580,crushing chicken; gross grasshopper; homely halibut,party,p0416,2
2581,crushing chicken; gross grasshopper; homely halibut,party,p0417,3
2582,crushing chicken; gross grasshopper; homely halibut,party,p0418,2
2583,crushing chicken; gross grasshopper; homely halibut,party,p0430,3
2584,crushing chicken; gross grasshopper; homely halibut,party,p0431,3
2585,crushing chicken; gross grasshopper; homely halibut,party,p0434,1
2586,crushing chicken; gross grasshopper; homely halibut,party,p0438,3
2587,crushing chicken; gross grasshopper; homely halibut,party,p0441,3
2588,crushing chicken; gross grasshopper; homely halibut,party,p0442,3
2589,crushing chicken; gross grasshopper; homely halibut,party,p0449,1
2590,crushing chicken; gross grasshopper; homely halibut,party,p0450,2
2591,crushing chicken; gross grasshopper; homely halibut,party,p0465,3
2592,crushing chicken; gross grasshopper; homely halibut,party,p0471,1
2593,crushing chicken; gross grasshopper; homely halibut,party,p0477,3
2594,crushing chicken; gross grasshopper; homely halibut,party,p0483,3
2595,crushing chicken; gross grasshopper; homely halibut,party,p0486,1
2596,crushing chicken; gross grasshopper; homely halibut,party,p0487,1
2597,crushing chicken; gross grasshopper; homely halibut,party,p0489,3
2598,crushing chicken; gross grasshopper; homely halibut,party,p0497,1
2599,crushing chicken; gross grasshopper; homely halibut,party,p0502,1
2600,crushing chicken; gross grasshopper; homely halibut,party,p0503,3
2601,crushing chicken; gross grasshopper; homely halibut,party,p0506,2
2602,crushing chicken; gross grasshopper; homely halibut,party,p0511,1
2603,crushing chicken; gross grasshopper; homely halibut,party,p0523,3
2604,crushing chicken; gross grasshopper; homely halibut,party,p0534,1
2605,crushing chicken; gross grasshopper; homely halibut,party,p0536,3
2606,crushing chicken; gross grasshopper; homely halibut,party,p0542,1
2607,crushing chicken; gross grasshopper; homely halibut,party,p0547,2
2608,crushing chicken; gross grasshopper; homely halibut,party,p0553,3
2609,crushing chicken; gross grasshopper; homely halibut,party,p0559,2
2610,crushing chicken; gross grasshopper; homely halibut,party,p0566,2
2611,crushing chicken; gross grasshopper; homely halibut,party,p0568,2
2612,crushing chicken; gross grasshopper; homely halibut,party,p0570,3
2613,crushing chicken; gross grasshopper; homely halibut,party,p0573,1
2614,crushing chicken; gross grasshopper; homely halibut,party,p0578,3
2615,crushing chicken; gross grasshopper; homely halibut,party,p0594,2
2616,crushing chicken; gross grasshopper; homely halibut,party,p0597,3
2617,crushing chicken; gross grasshopper; homely halibut,party,p0601,1
2618,crushing chicken; gross grasshopper; homely halibut,party,p0602,3
2619,crushing chicken; gross grasshopper; homely halibut,party,p0605,2
2620,crushing chicken; gross grasshopper; homely halibut,party,p0615,3
2621,crushing chicken; gross grasshopper; homely halibut,party,p0620,3
2622,crushing chicken; gross grasshopper; homely halibut,party,p0626,3
2623,crushing chicken; gross grasshopper; homely halibut,party,p0629,3
2624,crushing chicken; gross grasshopper; homely halibut,party,p0633,2
2625,crushing chicken; gross grasshopper; homely halibut,party,p0638,3
2626,crushing chicken; gross grasshopper; homely halibut,party,p0639,1
2627,crushing chicken; gross grasshopper; homely halibut,party,p0640,1
2628,crushing chicken; gross grasshopper; homely halibut,party,p0655,1
2629,crushing chicken; gross grasshopper; homely halibut,party,p0656,3
2630,crushing chicken; gross grasshopper; homely halibut,party,p0658,1
2631,crushing chicken; gross grasshopper; homely halibut,party,p0661,2
2632,crushing chicken; gross grasshopper; homely halibut,party,p0669,2
2633,crushing chicken; gross grasshopper; homely halibut,party,p0670,3
2634,crushing chicken; gross grasshopper; homely halibut,party,p0672,3
2635,crushing chicken; gross grasshopper; homely halibut,party,p0674,3
2636,crushing chicken; gross grasshopper; homely halibut,party,p0678,3
2637,crushing chicken; gross grasshopper; homely halibut,party,p0683,3
2638,crushing chicken; gross grasshopper; homely halibut,party,p0686,1
2639,crushing chicken; gross grasshopper; homely halibut,party,p0687,3
2640,crushing chicken; gross grasshopper; homely halibut,party,p0698,1
2641,crushing chicken; gross grasshopper; homely halibut,party,p0700,2
2642,crushing chicken; gross grasshopper; homely halibut,party,p0703,2
2643,crushing chicken; gross grasshopper; homely halibut,party,p0718,1
2644,crushing chicken; gross grasshopper; homely halibut,party,p0744,3
2645,crushing chicken; gross grasshopper; homely halibut,party,p0745,1
2646,crushing chicken; gross grasshopper; homely halibut,party,p0753,2
2647,crushing chicken; gross grasshopper; homely halibut,party,p0770,2
2648,crushing chicken; gross grasshopper; homely halibut,party,p0771,3
2649,crushing chicken; gross grasshopper; homely halibut,party,p0777,3
2650,crushing chicken; gross grasshopper; homely halibut,party,p0779,1
2651,crushing chicken; gross grasshopper; homely halibut,party,p0780,1
2652,crushing chicken; gross grasshopper; homely halibut,party,p0783,1
2653,crushing chicken; gross grasshopper; homely halibut,party,p0785,1
2654,crushing chicken; gross grasshopper; homely halibut,party,p0786,2
2655,crushing chicken; gross grasshopper; homely halibut,party,p0794,1
2656,crushing chicken; gross grasshopper; homely halibut,party,p0798,1
2657,crushing chicken; gross grasshopper; homely halibut,party,p0800,3
2658,crushing chicken; gross grasshopper; homely halibut,party,p0820,3
2659,crushing chicken; gross grasshopper; homely halibut,party,p0841,1
2660,crushing chicken; gross grasshopper; homely halibut,party,p0849,2
2661,crushing chicken; gross grasshopper; homely halibut,party,p0862,3
2662,crushing chicken; gross grasshopper; homely halibut,party,p0867,3
2663,crushing chicken; gross grasshopper; homely halibut,party,p0869,3
2664,crushing chicken; gross grasshopper; homely halibut,party,p0872,3
2665,crushing chicken; gross grasshopper; homely halibut,party,p0880,3
2666,crushing chicken; gross grasshopper; homely halibut,party,p0891,1
2667,crushing chicken; gross grasshopper; homely halibut,party,p0916,3
2668,crushing chicken; gross grasshopper; homely halibut,party,p0917,1
2669,crushing chicken; gross grasshopper; homely halibut,party,p0919,3
2670,crushing chicken; gross grasshopper; homely halibut,party,p0922,1
2671,crushing chicken; gross grasshopper; homely halibut,party,p0925,1
2672,crushing chicken; gross grasshopper; homely halibut,party,p0927,3
2673,crushing chicken; gross grasshopper; homely halibut,party,p0929,3
2674,crushing chicken; gross grasshopper; homely halibut,party,p0930,1
2675,crushing chicken; gross grasshopper; homely halibut,party,p0931,1
2676,crushing chicken; gross grasshopper; homely halibut,party,p0933,3
2677,crushing chicken; gross grasshopper; homely halibut,party,p0934,1
2678,crushing chicken; gross grasshopper; homely halibut,party,p0936,3
2679,crushing chicken; gross grasshopper; homely halibut,party,p0938,3
2680,crushing chicken; gross grasshopper; homely halibut,party,p0939,2
2681,crushing chicken; gross grasshopper; homely halibut,party,p0946,2
2682,crushing chicken; gross grasshopper; homely halibut,party,p0951,3
2683,crushing chicken; gross grasshopper; homely halibut,party,p0956,1
2684,crushing chicken; gross grasshopper; homely halibut,party,p0962,1
2685,crushing chicken; gross grasshopper; homely halibut,party,p0963,1
2686,crushing chicken; gross grasshopper; homely halibut,party,p0969,1
2687,crushing chicken; gross grasshopper; homely halibut,party,p0972,2
2688,crushing chicken; gross grasshopper; homely halibut,party,p0975,1
2689,crushing chicken; gross grasshopper; homely halibut,party,p0985,2
2690,crushing chicken; gross grasshopper; homely halibut,party,p0993,3
2691,crushing chicken; gross grasshopper; homely halibut,party,p0996,3
2692,crushing chicken; gross grasshopper; homely halibut,party,p1011,1
2693,crushing chicken; gross grasshopper; homely halibut,party,p1017,2
2694,crushing chicken; gross grasshopper; homely halibut,party,p1020,1
2695,crushing chicken; gross grasshopper; homely halibut,party,p1022,3
2696,crushing chicken; gross grasshopper; homely halibut,party,p1024,1
2697,crushing chicken; gross grasshopper; homely halibut,party,p1027,3
2698,crushing chicken; gross grasshopper; homely halibut,party,p1028,3
2699,crushing chicken; gross grasshopper; homely halibut,party,p1029,2
2700,crushing chicken; gross grasshopper; homely halibut,party,p1032,2
2701,crushing chicken; gross grasshopper; homely halibut,party,p1040,2
2702,crushing chicken; gross grasshopper; homely halibut,party,p1047,2
2703,crushing chicken; gross grasshopper; homely halibut,party,p1048,3
2704,crushing chicken; gross grasshopper; homely halibut,party,p1053,3
2705,crushing chicken; gross grasshopper; homely halibut,party,p1057,1
2706,crushing chicken; gross grasshopper; homely halibut,party,p1058,1
2707,crushing chicken; gross grasshopper; homely halibut,party,p1063,1
2708,crushing chicken; gross grasshopper; homely halibut,party,p1064,3
2709,crushing chicken; gross grasshopper; homely halibut,party,p1065,1
2710,crushing chicken; gross grasshopper; homely halibut,party,p1069,3
2711,crushing chicken; gross grasshopper; homely halibut,party,p1072,2
2712,crushing chicken; gross grasshopper; homely halibut,party,p1073,3
2713,crushing chicken; gross grasshopper; homely halibut,party,p1075,2
2714,crushing chicken; gross grasshopper; homely halibut,party,p1076,2
2715,crushing chicken; gross grasshopper; homely halibut,party,p1083,1
2716,crushing chicken; gross grasshopper; homely halibut,party,p1089,3
2717,crushing chicken; gross grasshopper; homely halibut,party,p1093,3
2718,crushing chicken; gross grasshopper; homely halibut,party,p1096,2
2719,crushing chicken; gross grasshopper; homely halibut,party,p1100,2
2720,crushing chicken; gross grasshopper; homely halibut,party,p1106,3
2721,crushing chicken; gross grasshopper; homely halibut,party,p1107,2
2722,crushing chicken; gross grasshopper; homely halibut,party,p1113,1
2723,crushing chicken; gross grasshopper; homely halibut,party,p1117,1
2724,crushing chicken; gross grasshopper; homely halibut,party,p1120,1
2725,crushing chicken; gross grasshopper; homely halibut,party,p1134,2
2726,crushing chicken; gross grasshopper; homely halibut,party,p1136,1
2727,crushing chicken; gross grasshopper; homely halibut,party,p1138,1
2728,crushing chicken; gross grasshopper; homely halibut,party,p1144,1
2729,crushing chicken; gross grasshopper; homely halibut,party,p1145,3
2730,crushing chicken; gross grasshopper; homely halibut,party,p1147,3
2731,crushing chicken; gross grasshopper; homely halibut,party,p1148,3
2732,crushing chicken; gross grasshopper; homely halibut,party,p1154,3
2733,crushing chicken; gross grasshopper; homely halibut,party,p1159,3
2734,crushing chicken; gross grasshopper; homely halibut,party,p1167,3
2735,crushing chicken; gross grasshopper; homely halibut,party,p1175,3
2736,crushing chicken; gross grasshopper; homely halibut,party,p1178,3
2737,crushing chicken; gross grasshopper; homely halibut,party,p1184,1
2738,crushing chicken; gross grasshopper; homely halibut,party,p1186,3
2739,crushing chicken; gross grasshopper; homely halibut,party,p1196,1
2740,crushing chicken; gross grasshopper; homely halibut,party,p1197,3
2741,crushing chicken; gross grasshopper; homely halibut,party,p1203,3
2742,crushing chicken; gross grasshopper; homely halibut,party,p1219,3
2743,crushing chicken; gross grasshopper; homely halibut,party,p1225,1
2744,crushing chicken; gross grasshopper; homely halibut,party,p1234,2
2745,crushing chicken; gross grasshopper; homely halibut,party,p1242,1
2746,crushing chicken; gross grasshopper; homely halibut,party,p1244,3
2747,crushing chicken; gross grasshopper; homely halibut,party,p1249,2
2748,crushing chicken; gross grasshopper; homely halibut,party,p1250,2
2749,crushing chicken; gross grasshopper; homely halibut,party,p1256,1
2750,crushing chicken; gross grasshopper; homely halibut,party,p1258,1
2751,crushing chicken; gross grasshopper; homely halibut,party,p1260,2
2752,crushing chicken; gross grasshopper; homely halibut,party,p1262,1
2753,crushing chicken; gross grasshopper; homely halibut,party,p1264,2
2754,crushing chicken; gross grasshopper; homely halibut,party,p1265,2
2755,crushing chicken; gross grasshopper; homely halibut,party,p1269,1
2756,crushing chicken; gross grasshopper; homely halibut,party,p1272,1
2757,crushing chicken; gross grasshopper; homely halibut,party,p1278,3
2758,crushing chicken; gross grasshopper; homely halibut,party,p1281,3
2759,crushing chicken; gross grasshopper; homely halibut,party,p1292,1
2760,crushing chicken; gross grasshopper; homely halibut,party,p1299,1
2761,crushing chicken; gross grasshopper; homely halibut,party,p1312,2
2762,crushing chicken; gross grasshopper; homely halibut,party,p1322,3
2763,crushing chicken; gross grasshopper; homely halibut,party,p1326,2
2764,crushing chicken; gross grasshopper; homely halibut,party,p1330,3
2765,crushing chicken; gross grasshopper; homely halibut,party,p1335,1
2766,crushing chicken; gross grasshopper; homely halibut,party,p1337,1
2767,crushing chicken; gross grasshopper; homely halibut,party,p1340,1
2768,crushing chicken; gross grasshopper; homely halibut,party,p1345,1
2769,crushing chicken; gross grasshopper; homely halibut,party,p1351,3
2770,crushing chicken; gross grasshopper; homely halibut,party,p1355,1
2771,crushing chicken; gross grasshopper; homely halibut,party,p1362,1
2772,crushing chicken; gross grasshopper; homely halibut,party,p1365,1
2773,crushing chicken; gross grasshopper; homely halibut,party,p1366,2
2774,crushing chicken; gross grasshopper; homely halibut,party,p1367,1
2775,crushing chicken; gross grasshopper; homely halibut,party,p1370,1
2776,crushing chicken; gross grasshopper; homely halibut,party,p1371,1
2777,crushing chicken; gross grasshopper; homely halibut,party,p1373,1
2778,crushing chicken; gross grasshopper; homely halibut,party,p1375,1
2779,crushing chicken; gross grasshopper; homely halibut,party,p1376,3
2780,crushing chicken; gross grasshopper; homely halibut,party,p1379,3
2781,crushing chicken; gross grasshopper; homely halibut,party,p1381,3
2782,crushing chicken; gross grasshopper; homely halibut,party,p1393,1
2783,crushing chicken; gross grasshopper; homely halibut,party,p1396,3
2784,crushing chicken; gross grasshopper; homely halibut,party,p1398,1
2785,crushing chicken; gross grasshopper; homely halibut,party,p1404,3
2786,crushing chicken; gross grasshopper; homely halibut,party,p1406,1
2787,crushing chicken; gross grasshopper; homely halibut,party,p1407,2
2788,crushing chicken; gross grasshopper; homely halibut,party,p1409,2
2789,crushing chicken; gross grasshopper; homely halibut,party,p1412,2
2790,crushing chicken; gross grasshopper; homely halibut,party,p1414,3
2791,crushing chicken; gross grasshopper; homely halibut,party,p1424,1
2792,crushing chicken; gross grasshopper; homely halibut,party,p1425,1
2793,crushing chicken; gross grasshopper; homely halibut,party,p1429,1
2794,crushing chicken; gross grasshopper; homely halibut,party,p1434,1
2795,crushing chicken; gross grasshopper; homely halibut,party,p1441,3
2796,crushing chicken; gross grasshopper; homely halibut,party,p1445,3
2797,crushing chicken; gross grasshopper; homely halibut,party,p1450,1
2798,crushing chicken; gross grasshopper; homely halibut,party,p1454,2
2799,crushing chicken; gross grasshopper; homely halibut,party,p1456,2
2800,crushing chicken; gross grasshopper; homely halibut,party,p1457,3
2801,crushing chicken; gross grasshopper; homely halibut,party,p1458,3
2802,crushing chicken; gross grasshopper; homely halibut,party,p1469,1
2803,crushing chicken; gross grasshopper; homely halibut,party,p1470,1
2804,crushing chicken; gross grasshopper; homely halibut,party,p1481,3
2805,crushing chicken; gross grasshopper; homely halibut,party,p1488,1
2806,crushing chicken; gross grasshopper; homely halibut,party,p1492,2
2807,crushing chicken; gross grasshopper; homely halibut,party,p1495,1
2808,crushing chicken; gross grasshopper; homely halibut,party,p1497,2
2809,crushing chicken; gross grasshopper; homely halibut,party,p1499,1
2810,crushing chicken; gross grasshopper; homely halibut,party,p1503,3
2811,crushing chicken; gross grasshopper; homely halibut,party,p1511,2
2812,crushing chicken; gross grasshopper; homely halibut,party,p1512,3
2813,crushing chicken; gross grasshopper; homely halibut,party,p1518,2
2814,crushing chicken; gross grasshopper; homely halibut,party,p1519,1
2815,crushing chicken; gross grasshopper; homely halibut,party,p1520,1
2816,crushing chicken; gross grasshopper; homely halibut,party,p1524,1
2817,crushing chicken; gross grasshopper; homely halibut,party,p1526,1
2818,crushing chicken; gross grasshopper; homely halibut,party,p1537,3
2819,crushing chicken; gross grasshopper; homely halibut,party,p1545,3
2820,crushing chicken; gross grasshopper; homely halibut,party,p1547,3
2821,crushing chicken; gross grasshopper; homely halibut,party,p1552,3
2822,crushing chicken; gross grasshopper; homely halibut,party,p1567,2
2823,crushing chicken; gross grasshopper; homely halibut,party,p1568,3
2824,crushing chicken; gross grasshopper; homely halibut,party,p1579,1
2825,crushing chicken; gross grasshopper; homely halibut,party,p1587,3
2826,crushing chicken; gross grasshopper; homely halibut,party,p1596,2
2827,crushing chicken; gross grasshopper; homely halibut,party,p1600,3
2828,crushing chicken; gross grasshopper; homely halibut,party,p1603,3
2829,crushing chicken; gross grasshopper; homely halibut,party,p1604,1
2830,crushing chicken; gross grasshopper; homely halibut,party,p1610,2
2831,crushing chicken; gross grasshopper; homely halibut,party,p1618,1
2832,crushing chicken; gross grasshopper; homely halibut,party,p1619,3
2833,crushing chicken; gross grasshopper; homely halibut,party,p1622,1
2834,crushing chicken; gross grasshopper; homely halibut,party,p1623,1
2835,crushing chicken; gross grasshopper; homely halibut,party,p1630,2
2836,crushing chicken; gross grasshopper; homely halibut,party,p1641,1
2837,crushing chicken; gross grasshopper; homely halibut,party,p1649,2
2838,crushing chicken; gross grasshopper; homely halibut,party,p1652,2
2839,crushing chicken; gross grasshopper; homely halibut,party,p1665,3
2840,crushing chicken; gross grasshopper; homely halibut,party,p1669,1
2841,crushing chicken; gross grasshopper; homely halibut,party,p1685,1
2842,crushing chicken; gross grasshopper; homely halibut,party,p1693,3
2843,crushing chicken; gross grasshopper; homely halibut,party,p1698,2
2844,crushing chicken; gross grasshopper; homely halibut,party,p1704,1
2845,crushing chicken; gross grasshopper; homely halibut,party,p1711,3
2846,crushing chicken; gross grasshopper; homely halibut,party,p1718,1
2847,crushing chicken; gross grasshopper; homely halibut,party,p1732,1
2848,crushing chicken; gross grasshopper; homely halibut,party,p1739,3
2849,crushing chicken; gross grasshopper; homely halibut,party,p1741,1
2850,crushing chicken; gross grasshopper; homely halibut,party,p1746,3
2851,crushing chicken; gross grasshopper; homely halibut,party,p1751,1
2852,crushing chicken; gross grasshopper; homely halibut,party,p1754,3
2853,crushing chicken; gross grasshopper; homely halibut,party,p1769,1
2854,crushing chicken; gross grasshopper; homely halibut,party,p1771,2
2855,crushing chicken; gross grasshopper; homely halibut,party,p1776,3
2856,crushing chicken; gross grasshopper; homely halibut,party,p1780,1
2857,crushing chicken; gross grasshopper; homely halibut,party,p1785,3
2858,crushing chicken; gross grasshopper; homely halibut,party,p1791,2
2859,crushing chicken; gross grasshopper; homely halibut,party,p1793,1
2860,crushing chicken; gross grasshopper; homely halibut,party,p1796,1
2861,crushing chicken; gross grasshopper; homely halibut,party,p1805,2
2862,crushing chicken; gross grasshopper; homely halibut,party,p1812,2
2863,crushing chicken; gross grasshopper; homely halibut,party,p1816,2
2864,crushing chicken; gross grasshopper; homely halibut,party,p1819,3
2865,crushing chicken; gross grasshopper; homely halibut,party,p1825,3
2866,crushing chicken; gross grasshopper; homely halibut,party,p1836,1
2867,crushing chicken; gross grasshopper; homely halibut,party,p1839,1
2868,crushing chicken; gross grasshopper; homely halibut,party,p1861,2
2869,crushing chicken; gross grasshopper; homely halibut,party,p1863,3
2870,crushing chicken; gross grasshopper; homely halibut,party,p1873,3
2871,crushing chicken; gross grasshopper; homely halibut,party,p1875,1
2872,crushing chicken; gross grasshopper; homely halibut,party,p1876,3
2873,crushing chicken; gross grasshopper; homely halibut,party,p1877,3
2874,crushing chicken; gross grasshopper; homely halibut,party,p1880,1
2875,crushing chicken; gross grasshopper; homely halibut,party,p1883,1
2876,crushing chicken; gross grasshopper; homely halibut,party,p1889,1
2877,crushing chicken; gross grasshopper; homely halibut,party,p1893,3
2878,crushing chicken; gross grasshopper; homely halibut,party,p1896,2
2879,crushing chicken; gross grasshopper; homely halibut,party,p1913,1
2880,crushing chicken; gross grasshopper; homely halibut,party,p1922,1
2881,crushing chicken; gross grasshopper; homely halibut,party,p1930,1
2882,crushing chicken; gross grasshopper; homely halibut,party,p1935,1
2883,crushing chicken; gross grasshopper; homely halibut,party,p1940,3
2884,crushing chicken; gross grasshopper; homely halibut,party,p1948,1
2885,crushing chicken; gross grasshopper; homely halibut,party,p1950,2
2886,crushing chicken; gross grasshopper; homely halibut,party,p1954,2
2887,crushing chicken; gross grasshopper; homely halibut,party,p1956,2
2888,crushing chicken; gross grasshopper; homely halibut,party,p1958,1
2889,crushing chicken; gross grasshopper; homely halibut,party,p1967,1
2890,crushing chicken; gross grasshopper; homely halibut,party,p1973,3
2891,crushing chicken; gross grasshopper; homely halibut,party,p1978,1
2892,crushing chicken; gross grasshopper; homely halibut,party,p1983,2
2893,crushing chicken; gross grasshopper; homely halibut,party,p1984,3
2894,crushing chicken; gross grasshopper; homely halibut,party,p1995,1
2895,crushing chicken; gross grasshopper; homely halibut,party,p1996,1
2896,crushing chicken; gross grasshopper; homely halibut,party,p1997,1
2897,crushing chicken; gross grasshopper; homely halibut,party,p2001,3
2898,crushing chicken; gross grasshopper; homely halibut,party,p2002,3
2899,crushing chicken; gross grasshopper; homely halibut,party,p2013,3
2900,crushing chicken; gross grasshopper; homely halibut,party,p2014,1
2901,crushing chicken; gross grasshopper; homely halibut,party,p2016,3
2902,crushing chicken; gross grasshopper; homely halibut,party,p2018,1
2903,crushing chicken; gross grasshopper; homely halibut,party,p2023,3
2904,crushing chicken; gross grasshopper; homely halibut,party,p2025,1
2905,crushing chicken; gross grasshopper; homely halibut,party,p2028,3
2906,crushing chicken; gross grasshopper; homely halibut,party,p2030,3
2907,crushing chicken; gross grasshopper; homely halibut,party,p2033,3
2908,crushing chicken; gross grasshopper; homely halibut,party,p2040,3
2909,crushing chicken; gross grasshopper; homely halibut,party,p2051,3
2910,crushing chicken; gross grasshopper; homely halibut,party,p2052,1
2911,crushing chicken; gross grasshopper; homely halibut,party,p2066,3
2912,crushing chicken; gross grasshopper; homely halibut,party,p2067,1
2913,crushing chicken; gross grasshopper; homely halibut,party,p2073,2
2914,crushing chicken; gross grasshopper; homely halibut,party,p2077,1
2915,crushing chicken; gross grasshopper; homely halibut,party,p2078,3
2916,crushing chicken; gross grasshopper; homely halibut,party,p2086,3
2917,crushing chicken; gross grasshopper; homely halibut,party,p2089,1
2918,crushing chicken; gross grasshopper; homely halibut,party,p2093,1
2919,crushing chicken; gross grasshopper; homely halibut,party,p2094,2
2920,crushing chicken; gross grasshopper; homely halibut,party,p2111,1
2921,crushing chicken; gross grasshopper; homely halibut,party,p2117,3
2922,crushing chicken; gross grasshopper; homely halibut,party,p2121,3
2923,crushing chicken; gross grasshopper; homely halibut,party,p2127,1
2924,crushing chicken; gross grasshopper; homely halibut,party,p2141,2
2925,crushing chicken; gross grasshopper; homely halibut,party,p2142,2
2926,crushing chicken; gross grasshopper; homely halibut,party,p2143,1
2927,crushing chicken; gross grasshopper; homely halibut,party,p2153,3
2928,crushing chicken; gross grasshopper; homely halibut,party,p2155,3
2929,crushing chicken; gross grasshopper; homely halibut,party,p2169,1
2930,crushing chicken; gross grasshopper; homely halibut,party,p2187,3
2931,crushing chicken; gross grasshopper; homely halibut,party,p2188,3
2932,crushing chicken; gross grasshopper; homely halibut,party,p2197,1
2933,crushing chicken; gross grasshopper; homely halibut,party,p2213,2
2934,crushing chicken; gross grasshopper; homely halibut,party,p2214,2
2935,crushing chicken; gross grasshopper; homely halibut,party,p2215,1
2936,crushing chicken; gross grasshopper; homely halibut,party,p2220,2
2937,crushing chicken; gross grasshopper; homely halibut,party,p2223,2
2938,crushing chicken; gross grasshopper; homely halibut,party,p2229,2
2939,crushing chicken; gross grasshopper; homely halibut,party,p2234,3
2940,crushing chicken; gross grasshopper; homely halibut,party,p2237,3
2941,crushing chicken; gross grasshopper; homely halibut,party,p2238,1
2942,crushing chicken; gross grasshopper; homely halibut,party,p2244,3
2943,crushing chicken; gross grasshopper; homely halibut,party,p2248,3
2944,crushing chicken; gross grasshopper; homely halibut,party,p2252,3
2945,crushing chicken; gross grasshopper; homely halibut,party,p2255,1
2946,crushing chicken; gross grasshopper; homely halibut,party,p2261,1
2947,crushing chicken; gross grasshopper; homely halibut,party,p2263,3
2948,crushing chicken; gross grasshopper; homely halibut,party,p2273,3
2949,crushing chicken; gross grasshopper; homely halibut,party,p2275,3
2950,crushing chicken; gross grasshopper; homely halibut,party,p2276,3
2951,crushing chicken; gross grasshopper; homely halibut,party,p2283,3
2952,crushing chicken; gross grasshopper; homely halibut,party,p2287,3
2953,crushing chicken; gross grasshopper; homely halibut,party,p2296,3
2954,crushing chicken; gross grasshopper; homely halibut,party,p2298,2
2955,crushing chicken; gross grasshopper; homely halibut,party,p2304,3
2956,crushing chicken; gross grasshopper; homely halibut,party,p2310,3
2957,crushing chicken; gross grasshopper; homely halibut,party,p2322,2
2958,crushing chicken; gross grasshopper; homely halibut,party,p2326,1
2959,crushing chicken; gross grasshopper; homely halibut,party,p2330,1
2960,crushing chicken; gross grasshopper; homely halibut,party,p2331,3
2961,crushing chicken; gross grasshopper; homely halibut,party,p2333,1
2962,crushing chicken; gross grasshopper; homely halibut,party,p2347,3
2963,crushing chicken; gross grasshopper; homely halibut,party,p2350,2
2964,crushing chicken; gross grasshopper; homely halibut,party,p2351,1
2965,crushing chicken; gross grasshopper; homely halibut,party,p2353,3
2966,crushing chicken; gross grasshopper; homely halibut,party,p2355,3
2967,crushing chicken; gross grasshopper; homely halibut,party,p2363,3
2968,crushing chicken; gross grasshopper; homely halibut,party,p2378,2
2969,crushing chicken; gross grasshopper; homely halibut,party,p2380,3
2970,crushing chicken; gross grasshopper; homely halibut,party,p2387,3
2971,crushing chicken; gross grasshopper; homely halibut,party,p2398,1
2972,crushing chicken; gross grasshopper; homely halibut,party,p2400,3
2973,crushing chicken; gross grasshopper; homely halibut,party,p2403,3
2974,crushing chicken; gross grasshopper; homely halibut,party,p2408,3
2975,crushing chicken; gross grasshopper; homely halibut,party,p2418,3
2976,crushing chicken; gross grasshopper; homely halibut,party,p2426,3
2977,crushing chicken; gross grasshopper; homely halibut,party,p2428,2
2978,crushing chicken; gross grasshopper; homely halibut,party,p2434,3
2979,crushing chicken; gross grasshopper; homely halibut,party,p2446,3
2980,crushing chicken; gross grasshopper; homely halibut,party,p2452,1
2981,crushing chicken; gross grasshopper; homely halibut,party,p2454,2
2982,crushing chicken; gross grasshopper; homely halibut,party,p2462,3
2983,crushing chicken; gross grasshopper; homely halibut,party,p2467,1
2984,crushing chicken; gross grasshopper; homely halibut,party,p2482,2
2985,crushing chicken; gross grasshopper; homely halibut,party,p2489,1
2986,crushing chicken; gross grasshopper; homely halibut,party,p2490,3
2987,crushing chicken; gross grasshopper; homely halibut,party,p2494,1
2988,crushing chicken; gross grasshopper; homely halibut,party,p2502,3
2989,crushing chicken; gross grasshopper; homely halibut,party,p2503,3
2990,crushing chicken; gross grasshopper; homely halibut,party,p2522,1
2991,crushing chicken; gross grasshopper; homely halibut,party,p2524,3
2992,crushing chicken; gross grasshopper; homely halibut,party,p2533,3
2993,crushing chicken; gross grasshopper; homely halibut,party,p2566,3
2994,crushing chicken; gross grasshopper; homely halibut,party,p2571,3
2995,crushing chicken; gross grasshopper; homely halibut,party,p2573,2
2996,crushing chicken; gross grasshopper; homely halibut,party,p2582,1
2997,crushing chicken; gross grasshopper; homely halibut,party,p2591,1
2998,crushing chicken; gross grasshopper; homely halibut,party,p2592,2
2999,crushing chicken; gross grasshopper; homely halibut,party,p2595,3
