,condition,outcome,persona,response
0,difficult dog,trust_competent_1,p0016,72
1,difficult dog,trust_competent_1,p0022,68
2,difficult dog,trust_competent_1,p0023,75
3,difficult dog,trust_competent_1,p0026,68
4,difficult dog,trust_competent_1,p0034,55
5,difficult dog,trust_competent_1,p0036,68
6,difficult dog,trust_competent_1,p0037,68
7,difficult dog,trust_competent_1,p0042,68
8,difficult dog,trust_competent_1,p0057,68
9,difficult dog,trust_competent_1,p0066,68
10,difficult dog,trust_competent_1,p0069,45
11,difficult dog,trust_competent_1,p0072,75
12,difficult dog,trust_competent_1,p0073,65
13,difficult dog,trust_competent_1,p0082,72
14,difficult dog,trust_competent_1,p0091,75
15,difficult dog,trust_competent_1,p0092,68
16,difficult dog,trust_competent_1,p0093,75
17,difficult dog,trust_competent_1,p0095,72
18,difficult dog,trust_competent_1,p0107,55
19,difficult dog,trust_competent_1,p0114,78
20,difficult dog,trust_competent_1,p0116,62
21,difficult dog,trust_competent_1,p0118,62
22,difficult dog,trust_competent_1,p0119,68
23,difficult dog,trust_competent_1,p0126,68
24,difficult dog,trust_competent_1,p0129,75
25,difficult dog,trust_competent_1,p0136,45
26,difficult dog,trust_competent_1,p0138,62
27,difficult dog,trust_competent_1,p0144,65
28,difficult dog,trust_competent_1,p0150,62
29,difficult dog,trust_competent_1,p0152,45
30,difficult dog,trust_competent_1,p0158,45
31,difficult dog,trust_competent_1,p0161,65
32,difficult dog,trust_competent_1,p0164,65
33,difficult dog,trust_competent_1,p0175,68
34,difficult dog,trust_competent_1,p0177,68
35,difficult dog,trust_competent_1,p0178,75
36,difficult dog,trust_competent_1,p0181,45
37,difficult dog,trust_competent_1,p0186,62
38,difficult dog,trust_competent_1,p0196,65
39,difficult dog,trust_competent_1,p0198,78
40,difficult dog,trust_competent_1,p0202,78
41,difficult dog,trust_competent_1,p0205,45
42,difficult dog,trust_competent_1,p0207,65
43,difficult dog,trust_competent_1,p0211,45
44,difficult dog,trust_competent_1,p0227,78
45,difficult dog,trust_competent_1,p0229,65
46,difficult dog,trust_competent_1,p0232,75
47,difficult dog,trust_competent_1,p0233,65
48,difficult dog,trust_competent_1,p0237,78
49,difficult dog,trust_competent_1,p0258,68
50,difficult dog,trust_competent_1,p0268,45
51,difficult dog,trust_competent_1,p0274,75
52,difficult dog,trust_competent_1,p0275,35
53,difficult dog,trust_competent_1,p0277,45
54,difficult dog,trust_competent_1,p0288,78
55,difficult dog,trust_competent_1,p0291,75
56,difficult dog,trust_competent_1,p0307,45
57,difficult dog,trust_competent_1,p0308,68
58,difficult dog,trust_competent_1,p0317,45
59,difficult dog,trust_competent_1,p0325,78
60,difficult dog,trust_competent_1,p0327,75
61,difficult dog,trust_competent_1,p0334,78
62,difficult dog,trust_competent_1,p0336,72
63,difficult dog,trust_competent_1,p0338,45
64,difficult dog,trust_competent_1,p0342,75
65,difficult dog,trust_competent_1,p0349,62
66,difficult dog,trust_competent_1,p0356,65
67,difficult dog,trust_competent_1,p0358,68
68,difficult dog,trust_competent_1,p0363,68
69,difficult dog,trust_competent_1,p0364,78
70,difficult dog,trust_competent_1,p0369,78
71,difficult dog,trust_competent_1,p0370,55
72,difficult dog,trust_competent_1,p0371,65
73,difficult dog,trust_competent_1,p0379,55
74,difficult dog,trust_competent_1,p0386,78
75,difficult dog,trust_competent_1,p0396,72
76,difficult dog,trust_competent_1,p0403,68
77,difficult dog,trust_competent_1,p0405,75
78,difficult dog,trust_competent_1,p0412,68
79,difficult dog,trust_competent_1,p0415,45
80,difficult dog,trust_competent_1,p0416,65
81,difficult dog,trust_competent_1,p0417,75
82,difficult dog,trust_competent_1,p0418,55
83,difficult dog,trust_competent_1,p0430,75
84,difficult dog,trust_competent_1,p0431,75
85,difficult dog,trust_competent_1,p0434,35
86,difficult dog,trust_competent_1,p0438,75
87,difficult dog,trust_competent_1,p0441,68
88,difficult dog,trust_competent_1,p0442,45
89,difficult dog,trust_competent_1,p0449,65
90,difficult dog,trust_competent_1,p0450,68
91,difficult dog,trust_competent_1,p0465,45
92,difficult dog,trust_competent_1,p0471,68
93,difficult dog,trust_competent_1,p0477,68
94,difficult dog,trust_competent_1,p0483,68
95,difficult dog,trust_competent_1,p0486,75
96,difficult dog,trust_competent_1,p0487,75
97,difficult dog,trust_competent_1,p0489,75
98,difficult dog,trust_competent_1,p0497,45
99,difficult dog,trust_competent_1,p0502,65
100,difficult dog,trust_competent_1,p0503,75
101,difficult dog,trust_competent_1,p0506,58
102,difficult dog,trust_competent_1,p0511,68
103,difficult dog,trust_competent_1,p0523,68
104,difficult dog,trust_competent_1,p0534,78
105,difficult dog,trust_competent_1,p0536,68
106,difficult dog,trust_competent_1,p0542,35
107,difficult dog,trust_competent_1,p0547,78
108,difficult dog,trust_competent_1,p0553,78
109,difficult dog,trust_competent_1,p0559,72
110,difficult dog,trust_competent_1,p0566,65
111,difficult dog,trust_competent_1,p0568,68
112,difficult dog,trust_competent_1,p0570,45
113,difficult dog,trust_competent_1,p0573,68
114,difficult dog,trust_competent_1,p0578,65
115,difficult dog,trust_competent_1,p0594,55
116,difficult dog,trust_competent_1,p0597,65
117,difficult dog,trust_competent_1,p0601,65
118,difficult dog,trust_competent_1,p0602,55
119,difficult dog,trust_competent_1,p0605,62
120,difficult dog,trust_competent_1,p0615,68
121,difficult dog,trust_competent_1,p0620,68
122,difficult dog,trust_competent_1,p0626,68
123,difficult dog,trust_competent_1,p0629,78
124,difficult dog,trust_competent_1,p0633,55
125,difficult dog,trust_competent_1,p0638,68
126,difficult dog,trust_competent_1,p0639,68
127,difficult dog,trust_competent_1,p0640,55
128,difficult dog,trust_competent_1,p0655,65
129,difficult dog,trust_competent_1,p0656,68
130,difficult dog,trust_competent_1,p0658,45
131,difficult dog,trust_competent_1,p0661,65
132,difficult dog,trust_competent_1,p0669,78
133,difficult dog,trust_competent_1,p0670,65
134,difficult dog,trust_competent_1,p0672,68
135,difficult dog,trust_competent_1,p0674,78
136,difficult dog,trust_competent_1,p0678,75
137,difficult dog,trust_competent_1,p0683,68
138,difficult dog,trust_competent_1,p0686,55
139,difficult dog,trust_competent_1,p0687,75
140,difficult dog,trust_competent_1,p0698,68
141,difficult dog,trust_competent_1,p0700,65
142,difficult dog,trust_competent_1,p0703,65
143,difficult dog,trust_competent_1,p0718,65
144,difficult dog,trust_competent_1,p0744,78
145,difficult dog,trust_competent_1,p0745,65
146,difficult dog,trust_competent_1,p0753,45
147,difficult dog,trust_competent_1,p0770,75
148,difficult dog,trust_competent_1,p0771,68
149,difficult dog,trust_competent_1,p0777,75
150,difficult dog,trust_competent_1,p0779,72
151,difficult dog,trust_competent_1,p0780,45
152,difficult dog,trust_competent_1,p0783,58
153,difficult dog,trust_competent_1,p0785,65
154,difficult dog,trust_competent_1,p0786,45
155,difficult dog,trust_competent_1,p0794,35
156,difficult dog,trust_competent_1,p0798,45
157,difficult dog,trust_competent_1,p0800,68
158,difficult dog,trust_competent_1,p0820,45
159,difficult dog,trust_competent_1,p0841,45
160,difficult dog,trust_competent_1,p0849,68
161,difficult dog,trust_competent_1,p0862,78
162,difficult dog,trust_competent_1,p0867,68
163,difficult dog,trust_competent_1,p0869,72
164,difficult dog,trust_competent_1,p0872,72
165,difficult dog,trust_competent_1,p0880,68
166,difficult dog,trust_competent_1,p0891,68
167,difficult dog,trust_competent_1,p0916,75
168,difficult dog,trust_competent_1,p0917,72
169,difficult dog,trust_competent_1,p0919,78
170,difficult dog,trust_competent_1,p0922,65
171,difficult dog,trust_competent_1,p0925,65
172,difficult dog,trust_competent_1,p0927,68
173,difficult dog,trust_competent_1,p0929,68
174,difficult dog,trust_competent_1,p0930,62
175,difficult dog,trust_competent_1,p0931,45
176,difficult dog,trust_competent_1,p0933,68
177,difficult dog,trust_competent_1,p0934,45
178,difficult dog,trust_competent_1,p0936,68
179,difficult dog,trust_competent_1,p0938,75
180,difficult dog,trust_competent_1,p0939,65
181,difficult dog,trust_competent_1,p0946,65
182,difficult dog,trust_competent_1,p0951,65
183,difficult dog,trust_competent_1,p0956,68
184,difficult dog,trust_competent_1,p0962,65
185,difficult dog,trust_competent_1,p0963,72
186,difficult dog,trust_competent_1,p0969,45
187,difficult dog,trust_competent_1,p0972,62
188,difficult dog,trust_competent_1,p0975,45
189,difficult dog,trust_competent_1,p0985,45
190,difficult dog,trust_competent_1,p0993,75
191,difficult dog,trust_competent_1,p0996,65
192,difficult dog,trust_competent_1,p1011,55
193,difficult dog,trust_competent_1,p1017,45
194,difficult dog,trust_competent_1,p1020,65
195,difficult dog,trust_competent_1,p1022,78
196,difficult dog,trust_competent_1,p1024,45
197,difficult dog,trust_competent_1,p1027,78
198,difficult dog,trust_competent_1,p1028,75
199,difficult dog,trust_competent_1,p1029,45
200,difficult dog,trust_competent_1,p1032,68
201,difficult dog,trust_competent_1,p1040,75
202,difficult dog,trust_competent_1,p1047,55
203,difficult dog,trust_competent_1,p1048,62
204,difficult dog,trust_competent_1,p1053,55
205,difficult dog,trust_competent_1,p1057,45
206,difficult dog,trust_competent_1,p1058,68
207,difficult dog,trust_competent_1,p1063,45
208,difficult dog,trust_competent_1,p1064,78
209,difficult dog,trust_competent_1,p1065,45
210,difficult dog,trust_competent_1,p1069,65
211,difficult dog,trust_competent_1,p1072,78
212,difficult dog,trust_competent_1,p1073,65
213,difficult dog,trust_competent_1,p1075,75
214,difficult dog,trust_competent_1,p1076,45
215,difficult dog,trust_competent_1,p1083,55
216,difficult dog,trust_competent_1,p1089,75
217,difficult dog,trust_competent_1,p1093,78
218,difficult dog,trust_competent_1,p1096,72
219,difficult dog,trust_competent_1,p1100,65
220,difficult dog,trust_competent_1,p1106,75
221,difficult dog,trust_competent_1,p1107,55
222,difficult dog,trust_competent_1,p1113,68
223,difficult dog,trust_competent_1,p1117,45
224,difficult dog,trust_competent_1,p1120,62
225,difficult dog,trust_competent_1,p1134,65
226,difficult dog,trust_competent_1,p1136,45
227,difficult dog,trust_competent_1,p1138,68
228,difficult dog,trust_competent_1,p1144,45
229,difficult dog,trust_competent_1,p1145,78
230,difficult dog,trust_competent_1,p1147,78
231,difficult dog,trust_competent_1,p1148,78
232,difficult dog,trust_competent_1,p1154,78
233,difficult dog,trust_competent_1,p1159,68
234,difficult dog,trust_competent_1,p1167,75
235,difficult dog,trust_competent_1,p1175,72
236,difficult dog,trust_competent_1,p1178,65
237,difficult dog,trust_competent_1,p1184,65
238,difficult dog,trust_competent_1,p1186,75
239,difficult dog,trust_competent_1,p1196,45
240,difficult dog,trust_competent_1,p1197,62
241,difficult dog,trust_competent_1,p1203,75
242,difficult dog,trust_competent_1,p1219,62
243,difficult dog,trust_competent_1,p1225,62
244,difficult dog,trust_competent_1,p1234,68
245,difficult dog,trust_competent_1,p1242,65
246,difficult dog,trust_competent_1,p1244,68
247,difficult dog,trust_competent_1,p1249,55
248,difficult dog,trust_competent_1,p1250,68
249,difficult dog,trust_competent_1,p1256,68
250,difficult dog,trust_competent_1,p1258,72
251,difficult dog,trust_competent_1,p1260,55
252,difficult dog,trust_competent_1,p1262,45
253,difficult dog,trust_competent_1,p1264,65
254,difficult dog,trust_competent_1,p1265,72
255,difficult dog,trust_competent_1,p1269,68
256,difficult dog,trust_competent_1,p1272,68
257,difficult dog,trust_competent_1,p1278,75
258,difficult dog,trust_competent_1,p1281,68
259,difficult dog,trust_competent_1,p1292,55
260,difficult dog,trust_competent_1,p1299,65
261,difficult dog,trust_competent_1,p1312,65
262,difficult dog,trust_competent_1,p1322,68
263,difficult dog,trust_competent_1,p1326,68
264,difficult dog,trust_competent_1,p1330,65
265,difficult dog,trust_competent_1,p1335,68
266,difficult dog,trust_competent_1,p1337,75
267,difficult dog,trust_competent_1,p1340,75
268,difficult dog,trust_competent_1,p1345,65
269,difficult dog,trust_competent_1,p1351,45
270,difficult dog,trust_competent_1,p1355,62
271,difficult dog,trust_competent_1,p1362,45
272,difficult dog,trust_competent_1,p1365,45
273,difficult dog,trust_competent_1,p1366,45
274,difficult dog,trust_competent_1,p1367,45
275,difficult dog,trust_competent_1,p1370,68
276,difficult dog,trust_competent_1,p1371,75
277,difficult dog,trust_competent_1,p1373,68
278,difficult dog,trust_competent_1,p1375,45
279,difficult dog,trust_competent_1,p1376,45
280,difficult dog,trust_competent_1,p1379,65
281,difficult dog,trust_competent_1,p1381,65
282,difficult dog,trust_competent_1,p1393,68
283,difficult dog,trust_competent_1,p1396,75
284,difficult dog,trust_competent_1,p1398,65
285,difficult dog,trust_competent_1,p1404,75
286,difficult dog,trust_competent_1,p1406,68
287,difficult dog,trust_competent_1,p1407,55
288,difficult dog,trust_competent_1,p1409,68
289,difficult dog,trust_competent_1,p1412,68
290,difficult dog,trust_competent_1,p1414,78
291,difficult dog,trust_competent_1,p1424,68
292,difficult dog,trust_competent_1,p1425,45
293,difficult dog,trust_competent_1,p1429,65
294,difficult dog,trust_competent_1,p1434,65
295,difficult dog,trust_competent_1,p1441,55
296,difficult dog,trust_competent_1,p1445,65
297,difficult dog,trust_competent_1,p1450,75
298,difficult dog,trust_competent_1,p1454,68
299,difficult dog,trust_competent_1,p1456,45
300,difficult dog,trust_competent_1,p1457,45
301,difficult dog,trust_competent_1,p1458,75
302,difficult dog,trust_competent_1,p1469,68
303,difficult dog,trust_competent_1,p1470,45
304,difficult dog,trust_competent_1,p1481,68
305,difficult dog,trust_competent_1,p1488,65
306,difficult dog,trust_competent_1,p1492,55
307,difficult dog,trust_competent_1,p1495,68
308,difficult dog,trust_competent_1,p1497,68
309,difficult dog,trust_competent_1,p1499,65
310,difficult dog,trust_competent_1,p1503,68
311,difficult dog,trust_competent_1,p1511,75
312,difficult dog,trust_competent_1,p1512,65
313,difficult dog,trust_competent_1,p1518,68
314,difficult dog,trust_competent_1,p1519,65
315,difficult dog,trust_competent_1,p1520,45
316,difficult dog,trust_competent_1,p1524,68
317,difficult dog,trust_competent_1,p1526,45
318,difficult dog,trust_competent_1,p1537,68
319,difficult dog,trust_competent_1,p1545,72
320,difficult dog,trust_competent_1,p1547,72
321,difficult dog,trust_competent_1,p1552,75
322,difficult dog,trust_competent_1,p1567,68
323,difficult dog,trust_competent_1,p1568,68
324,difficult dog,trust_competent_1,p1579,45
325,difficult dog,trust_competent_1,p1587,45
326,difficult dog,trust_competent_1,p1596,62
327,difficult dog,trust_competent_1,p1600,78
328,difficult dog,trust_competent_1,p1603,68
329,difficult dog,trust_competent_1,p1604,68
330,difficult dog,trust_competent_1,p1610,65
331,difficult dog,trust_competent_1,p1618,55
332,difficult dog,trust_competent_1,p1619,75
333,difficult dog,trust_competent_1,p1622,68
334,difficult dog,trust_competent_1,p1623,35
335,difficult dog,trust_competent_1,p1630,45
336,difficult dog,trust_competent_1,p1641,68
337,difficult dog,trust_competent_1,p1649,45
338,difficult dog,trust_competent_1,p1652,65
339,difficult dog,trust_competent_1,p1665,65
340,difficult dog,trust_competent_1,p1669,65
341,difficult dog,trust_competent_1,p1685,65
342,difficult dog,trust_competent_1,p1693,65
343,difficult dog,trust_competent_1,p1698,68
344,difficult dog,trust_competent_1,p1704,65
345,difficult dog,trust_competent_1,p1711,78
346,difficult dog,trust_competent_1,p1718,45
347,difficult dog,trust_competent_1,p1732,62
348,difficult dog,trust_competent_1,p1739,65
349,difficult dog,trust_competent_1,p1741,78
350,difficult dog,trust_competent_1,p1746,45
351,difficult dog,trust_competent_1,p1751,45
352,difficult dog,trust_competent_1,p1754,68
353,difficult dog,trust_competent_1,p1769,65
354,difficult dog,trust_competent_1,p1771,68
355,difficult dog,trust_competent_1,p1776,68
356,difficult dog,trust_competent_1,p1780,68
357,difficult dog,trust_competent_1,p1785,45
358,difficult dog,trust_competent_1,p1791,65
359,difficult dog,trust_competent_1,p1793,55
360,difficult dog,trust_competent_1,p1796,65
361,difficult dog,trust_competent_1,p1805,68
362,difficult dog,trust_competent_1,p1812,78
363,difficult dog,trust_competent_1,p1816,45
364,difficult dog,trust_competent_1,p1819,68
365,difficult dog,trust_competent_1,p1825,75
366,difficult dog,trust_competent_1,p1836,78
367,difficult dog,trust_competent_1,p1839,68
368,difficult dog,trust_competent_1,p1861,65
369,difficult dog,trust_competent_1,p1863,68
370,difficult dog,trust_competent_1,p1873,65
371,difficult dog,trust_competent_1,p1875,65
372,difficult dog,trust_competent_1,p1876,78
373,difficult dog,trust_competent_1,p1877,75
374,difficult dog,trust_competent_1,p1880,62
375,difficult dog,trust_competent_1,p1883,65
376,difficult dog,trust_competent_1,p1889,35
377,difficult dog,trust_competent_1,p1893,78
378,difficult dog,trust_competent_1,p1896,68
379,difficult dog,trust_competent_1,p1913,68
380,difficult dog,trust_competent_1,p1922,75
381,difficult dog,trust_competent_1,p1930,75
382,difficult dog,trust_competent_1,p1935,68
383,difficult dog,trust_competent_1,p1940,75
384,difficult dog,trust_competent_1,p1948,45
385,difficult dog,trust_competent_1,p1950,65
386,difficult dog,trust_competent_1,p1954,55
387,difficult dog,trust_competent_1,p1956,35
388,difficult dog,trust_competent_1,p1958,68
389,difficult dog,trust_competent_1,p1967,75
390,difficult dog,trust_competent_1,p1973,75
391,difficult dog,trust_competent_1,p1978,68
392,difficult dog,trust_competent_1,p1983,45
393,difficult dog,trust_competent_1,p1984,45
394,difficult dog,trust_competent_1,p1995,68
395,difficult dog,trust_competent_1,p1996,55
396,difficult dog,trust_competent_1,p1997,68
397,difficult dog,trust_competent_1,p2001,78
398,difficult dog,trust_competent_1,p2002,68
399,difficult dog,trust_competent_1,p2013,75
400,difficult dog,trust_competent_1,p2014,62
401,difficult dog,trust_competent_1,p2016,75
402,difficult dog,trust_competent_1,p2018,55
403,difficult dog,trust_competent_1,p2023,78
404,difficult dog,trust_competent_1,p2025,75
405,difficult dog,trust_competent_1,p2028,62
406,difficult dog,trust_competent_1,p2030,68
407,difficult dog,trust_competent_1,p2033,68
408,difficult dog,trust_competent_1,p2040,45
409,difficult dog,trust_competent_1,p2051,68
410,difficult dog,trust_competent_1,p2052,68
411,difficult dog,trust_competent_1,p2066,55
412,difficult dog,trust_competent_1,p2067,75
413,difficult dog,trust_competent_1,p2073,75
414,difficult dog,trust_competent_1,p2077,68
415,difficult dog,trust_competent_1,p2078,62
416,difficult dog,trust_competent_1,p2086,68
417,difficult dog,trust_competent_1,p2089,78
418,difficult dog,trust_competent_1,p2093,35
419,difficult dog,trust_competent_1,p2094,75
420,difficult dog,trust_competent_1,p2111,65
421,difficult dog,trust_competent_1,p2117,75
422,difficult dog,trust_competent_1,p2121,68
423,difficult dog,trust_competent_1,p2127,68
424,difficult dog,trust_competent_1,p2141,65
425,difficult dog,trust_competent_1,p2142,45
426,difficult dog,trust_competent_1,p2143,75
427,difficult dog,trust_competent_1,p2153,65
428,difficult dog,trust_competent_1,p2155,45
429,difficult dog,trust_competent_1,p2169,45
430,difficult dog,trust_competent_1,p2187,65
431,difficult dog,trust_competent_1,p2188,68
432,difficult dog,trust_competent_1,p2197,68
433,difficult dog,trust_competent_1,p2213,45
434,difficult dog,trust_competent_1,p2214,68
435,difficult dog,trust_competent_1,p2215,68
436,difficult dog,trust_competent_1,p2220,68
437,difficult dog,trust_competent_1,p2223,45
438,difficult dog,trust_competent_1,p2229,68
439,difficult dog,trust_competent_1,p2234,78
440,difficult dog,trust_competent_1,p2237,78
441,difficult dog,trust_competent_1,p2238,45
442,difficult dog,trust_competent_1,p2244,65
443,difficult dog,trust_competent_1,p2248,68
444,difficult dog,trust_competent_1,p2252,75
445,difficult dog,trust_competent_1,p2255,35
446,difficult dog,trust_competent_1,p2261,45
447,difficult dog,trust_competent_1,p2263,68
448,difficult dog,trust_competent_1,p2273,55
449,difficult dog,trust_competent_1,p2275,68
450,difficult dog,trust_competent_1,p2276,55
451,difficult dog,trust_competent_1,p2283,45
452,difficult dog,trust_competent_1,p2287,68
453,difficult dog,trust_competent_1,p2296,45
454,difficult dog,trust_competent_1,p2298,55
455,difficult dog,trust_competent_1,p2304,78
456,difficult dog,trust_competent_1,p2310,45
457,difficult dog,trust_competent_1,p2322,45
458,difficult dog,trust_competent_1,p2326,65
459,difficult dog,trust_competent_1,p2330,45
460,difficult dog,trust_competent_1,p2331,75
461,difficult dog,trust_competent_1,p2333,45
462,difficult dog,trust_competent_1,p2347,78
463,difficult dog,trust_competent_1,p2350,65
464,difficult dog,trust_competent_1,p2351,65
465,difficult dog,trust_competent_1,p2353,68
466,difficult dog,trust_competent_1,p2355,65
467,difficult dog,trust_competent_1,p2363,65
468,difficult dog,trust_competent_1,p2378,78
469,difficult dog,trust_competent_1,p2380,75
470,difficult dog,trust_competent_1,p2387,68
471,difficult dog,trust_competent_1,p2398,72
472,difficult dog,trust_competent_1,p2400,75
473,difficult dog,trust_competent_1,p2403,75
474,difficult dog,trust_competent_1,p2408,45
475,difficult dog,trust_competent_1,p2418,65
476,difficult dog,trust_competent_1,p2426,75
477,difficult dog,trust_competent_1,p2428,45
478,difficult dog,trust_competent_1,p2434,68
479,difficult dog,trust_competent_1,p2446,45
480,difficult dog,trust_competent_1,p2452,45
481,difficult dog,trust_competent_1,p2454,45
482,difficult dog,trust_competent_1,p2462,68
483,difficult dog,trust_competent_1,p2467,35
484,difficult dog,trust_competent_1,p2482,62
485,difficult dog,trust_competent_1,p2489,45
486,difficult dog,trust_competent_1,p2490,68
487,difficult dog,trust_competent_1,p2494,45
488,difficult dog,trust_competent_1,p2502,78
489,difficult dog,trust_competent_1,p2503,68
490,difficult dog,trust_competent_1,p2522,75
491,difficult dog,trust_competent_1,p2524,78
492,difficult dog,trust_competent_1,p2533,45
493,difficult dog,trust_competent_1,p2566,68
494,difficult dog,trust_competent_1,p2571,72
495,difficult dog,trust_competent_1,p2573,65
496,difficult dog,trust_competent_1,p2582,68
497,difficult dog,trust_competent_1,p2591,45
498,difficult dog,trust_competent_1,p2592,68
499,difficult dog,trust_competent_1,p2595,45
500,difficult dog,trust_intelligent_1,p0016,78
501,difficult dog,trust_intelligent_1,p0022,78
502,difficult dog,trust_intelligent_1,p0023,85
503,difficult dog,trust_intelligent_1,p0026,75
504,difficult dog,trust_intelligent_1,p0034,68
505,difficult dog,trust_intelligent_1,p0036,65
506,difficult dog,trust_intelligent_1,p0037,75
507,difficult dog,trust_intelligent_1,p0042,78
508,difficult dog,trust_intelligent_1,p0057,78
509,difficult dog,trust_intelligent_1,p0066,85
510,difficult dog,trust_intelligent_1,p0069,65
511,difficult dog,trust_intelligent_1,p0072,88
512,difficult dog,trust_intelligent_1,p0073,78
513,difficult dog,trust_intelligent_1,p0082,78
514,difficult dog,trust_intelligent_1,p0091,88
515,difficult dog,trust_intelligent_1,p0092,78
516,difficult dog,trust_intelligent_1,p0093,82
517,difficult dog,trust_intelligent_1,p0095,82
518,difficult dog,trust_intelligent_1,p0107,68
519,difficult dog,trust_intelligent_1,p0114,82
520,difficult dog,trust_intelligent_1,p0116,68
521,difficult dog,trust_intelligent_1,p0118,68
522,difficult dog,trust_intelligent_1,p0119,78
523,difficult dog,trust_intelligent_1,p0126,78
524,difficult dog,trust_intelligent_1,p0129,88
525,difficult dog,trust_intelligent_1,p0136,65
526,difficult dog,trust_intelligent_1,p0138,68
527,difficult dog,trust_intelligent_1,p0144,68
528,difficult dog,trust_intelligent_1,p0150,75
529,difficult dog,trust_intelligent_1,p0152,72
530,difficult dog,trust_intelligent_1,p0158,68
531,difficult dog,trust_intelligent_1,p0161,78
532,difficult dog,trust_intelligent_1,p0164,68
533,difficult dog,trust_intelligent_1,p0175,78
534,difficult dog,trust_intelligent_1,p0177,78
535,difficult dog,trust_intelligent_1,p0178,85
536,difficult dog,trust_intelligent_1,p0181,65
537,difficult dog,trust_intelligent_1,p0186,68
538,difficult dog,trust_intelligent_1,p0196,78
539,difficult dog,trust_intelligent_1,p0198,82
540,difficult dog,trust_intelligent_1,p0202,85
541,difficult dog,trust_intelligent_1,p0205,68
542,difficult dog,trust_intelligent_1,p0207,75
543,difficult dog,trust_intelligent_1,p0211,68
544,difficult dog,trust_intelligent_1,p0227,88
545,difficult dog,trust_intelligent_1,p0229,68
546,difficult dog,trust_intelligent_1,p0232,85
547,difficult dog,trust_intelligent_1,p0233,68
548,difficult dog,trust_intelligent_1,p0237,88
549,difficult dog,trust_intelligent_1,p0258,75
550,difficult dog,trust_intelligent_1,p0268,55
551,difficult dog,trust_intelligent_1,p0274,78
552,difficult dog,trust_intelligent_1,p0275,45
553,difficult dog,trust_intelligent_1,p0277,68
554,difficult dog,trust_intelligent_1,p0288,85
555,difficult dog,trust_intelligent_1,p0291,82
556,difficult dog,trust_intelligent_1,p0307,68
557,difficult dog,trust_intelligent_1,p0308,78
558,difficult dog,trust_intelligent_1,p0317,65
559,difficult dog,trust_intelligent_1,p0325,88
560,difficult dog,trust_intelligent_1,p0327,88
561,difficult dog,trust_intelligent_1,p0334,82
562,difficult dog,trust_intelligent_1,p0336,78
563,difficult dog,trust_intelligent_1,p0338,55
564,difficult dog,trust_intelligent_1,p0342,82
565,difficult dog,trust_intelligent_1,p0349,68
566,difficult dog,trust_intelligent_1,p0356,75
567,difficult dog,trust_intelligent_1,p0358,78
568,difficult dog,trust_intelligent_1,p0363,78
569,difficult dog,trust_intelligent_1,p0364,78
570,difficult dog,trust_intelligent_1,p0369,88
571,difficult dog,trust_intelligent_1,p0370,68
572,difficult dog,trust_intelligent_1,p0371,68
573,difficult dog,trust_intelligent_1,p0379,68
574,difficult dog,trust_intelligent_1,p0386,82
575,difficult dog,trust_intelligent_1,p0396,78
576,difficult dog,trust_intelligent_1,p0403,78
577,difficult dog,trust_intelligent_1,p0405,88
578,difficult dog,trust_intelligent_1,p0412,78
579,difficult dog,trust_intelligent_1,p0415,62
580,difficult dog,trust_intelligent_1,p0416,78
581,difficult dog,trust_intelligent_1,p0417,82
582,difficult dog,trust_intelligent_1,p0418,68
583,difficult dog,trust_intelligent_1,p0430,85
584,difficult dog,trust_intelligent_1,p0431,88
585,difficult dog,trust_intelligent_1,p0434,45
586,difficult dog,trust_intelligent_1,p0438,88
587,difficult dog,trust_intelligent_1,p0441,78
588,difficult dog,trust_intelligent_1,p0442,45
589,difficult dog,trust_intelligent_1,p0449,68
590,difficult dog,trust_intelligent_1,p0450,85
591,difficult dog,trust_intelligent_1,p0465,68
592,difficult dog,trust_intelligent_1,p0471,78
593,difficult dog,trust_intelligent_1,p0477,78
594,difficult dog,trust_intelligent_1,p0483,78
595,difficult dog,trust_intelligent_1,p0486,85
596,difficult dog,trust_intelligent_1,p0487,82
597,difficult dog,trust_intelligent_1,p0489,82
598,difficult dog,trust_intelligent_1,p0497,65
599,difficult dog,trust_intelligent_1,p0502,68
600,difficult dog,trust_intelligent_1,p0503,82
601,difficult dog,trust_intelligent_1,p0506,68
602,difficult dog,trust_intelligent_1,p0511,78
603,difficult dog,trust_intelligent_1,p0523,78
604,difficult dog,trust_intelligent_1,p0534,88
605,difficult dog,trust_intelligent_1,p0536,78
606,difficult dog,trust_intelligent_1,p0542,68
607,difficult dog,trust_intelligent_1,p0547,85
608,difficult dog,trust_intelligent_1,p0553,82
609,difficult dog,trust_intelligent_1,p0559,78
610,difficult dog,trust_intelligent_1,p0566,78
611,difficult dog,trust_intelligent_1,p0568,78
612,difficult dog,trust_intelligent_1,p0570,45
613,difficult dog,trust_intelligent_1,p0573,78
614,difficult dog,trust_intelligent_1,p0578,78
615,difficult dog,trust_intelligent_1,p0594,68
616,difficult dog,trust_intelligent_1,p0597,78
617,difficult dog,trust_intelligent_1,p0601,78
618,difficult dog,trust_intelligent_1,p0602,65
619,difficult dog,trust_intelligent_1,p0605,75
620,difficult dog,trust_intelligent_1,p0615,72
621,difficult dog,trust_intelligent_1,p0620,78
622,difficult dog,trust_intelligent_1,p0626,75
623,difficult dog,trust_intelligent_1,p0629,85
624,difficult dog,trust_intelligent_1,p0633,68
625,difficult dog,trust_intelligent_1,p0638,78
626,difficult dog,trust_intelligent_1,p0639,78
627,difficult dog,trust_intelligent_1,p0640,68
628,difficult dog,trust_intelligent_1,p0655,85
629,difficult dog,trust_intelligent_1,p0656,75
630,difficult dog,trust_intelligent_1,p0658,68
631,difficult dog,trust_intelligent_1,p0661,72
632,difficult dog,trust_intelligent_1,p0669,82
633,difficult dog,trust_intelligent_1,p0670,68
634,difficult dog,trust_intelligent_1,p0672,78
635,difficult dog,trust_intelligent_1,p0674,82
636,difficult dog,trust_intelligent_1,p0678,82
637,difficult dog,trust_intelligent_1,p0683,78
638,difficult dog,trust_intelligent_1,p0686,68
639,difficult dog,trust_intelligent_1,p0687,85
640,difficult dog,trust_intelligent_1,p0698,68
641,difficult dog,trust_intelligent_1,p0700,68
642,difficult dog,trust_intelligent_1,p0703,78
643,difficult dog,trust_intelligent_1,p0718,78
644,difficult dog,trust_intelligent_1,p0744,82
645,difficult dog,trust_intelligent_1,p0745,78
646,difficult dog,trust_intelligent_1,p0753,62
647,difficult dog,trust_intelligent_1,p0770,78
648,difficult dog,trust_intelligent_1,p0771,78
649,difficult dog,trust_intelligent_1,p0777,88
650,difficult dog,trust_intelligent_1,p0779,78
651,difficult dog,trust_intelligent_1,p0780,65
652,difficult dog,trust_intelligent_1,p0783,68
653,difficult dog,trust_intelligent_1,p0785,78
654,difficult dog,trust_intelligent_1,p0786,55
655,difficult dog,trust_intelligent_1,p0794,45
656,difficult dog,trust_intelligent_1,p0798,65
657,difficult dog,trust_intelligent_1,p0800,78
658,difficult dog,trust_intelligent_1,p0820,62
659,difficult dog,trust_intelligent_1,p0841,75
660,difficult dog,trust_intelligent_1,p0849,78
661,difficult dog,trust_intelligent_1,p0862,85
662,difficult dog,trust_intelligent_1,p0867,78
663,difficult dog,trust_intelligent_1,p0869,82
664,difficult dog,trust_intelligent_1,p0872,78
665,difficult dog,trust_intelligent_1,p0880,78
666,difficult dog,trust_intelligent_1,p0891,78
667,difficult dog,trust_intelligent_1,p0916,82
668,difficult dog,trust_intelligent_1,p0917,82
669,difficult dog,trust_intelligent_1,p0919,82
670,difficult dog,trust_intelligent_1,p0922,68
671,difficult dog,trust_intelligent_1,p0925,78
672,difficult dog,trust_intelligent_1,p0927,78
673,difficult dog,trust_intelligent_1,p0929,78
674,difficult dog,trust_intelligent_1,p0930,78
675,difficult dog,trust_intelligent_1,p0931,55
676,difficult dog,trust_intelligent_1,p0933,78
677,difficult dog,trust_intelligent_1,p0934,65
678,difficult dog,trust_intelligent_1,p0936,78
679,difficult dog,trust_intelligent_1,p0938,82
680,difficult dog,trust_intelligent_1,p0939,72
681,difficult dog,trust_intelligent_1,p0946,72
682,difficult dog,trust_intelligent_1,p0951,72
683,difficult dog,trust_intelligent_1,p0956,78
684,difficult dog,trust_intelligent_1,p0962,85
685,difficult dog,trust_intelligent_1,p0963,78
686,difficult dog,trust_intelligent_1,p0969,68
687,difficult dog,trust_intelligent_1,p0972,72
688,difficult dog,trust_intelligent_1,p0975,78
689,difficult dog,trust_intelligent_1,p0985,65
690,difficult dog,trust_intelligent_1,p0993,88
691,difficult dog,trust_intelligent_1,p0996,72
692,difficult dog,trust_intelligent_1,p1011,65
693,difficult dog,trust_intelligent_1,p1017,68
694,difficult dog,trust_intelligent_1,p1020,78
695,difficult dog,trust_intelligent_1,p1022,82
696,difficult dog,trust_intelligent_1,p1024,55
697,difficult dog,trust_intelligent_1,p1027,85
698,difficult dog,trust_intelligent_1,p1028,88
699,difficult dog,trust_intelligent_1,p1029,62
700,difficult dog,trust_intelligent_1,p1032,75
701,difficult dog,trust_intelligent_1,p1040,82
702,difficult dog,trust_intelligent_1,p1047,65
703,difficult dog,trust_intelligent_1,p1048,68
704,difficult dog,trust_intelligent_1,p1053,68
705,difficult dog,trust_intelligent_1,p1057,75
706,difficult dog,trust_intelligent_1,p1058,65
707,difficult dog,trust_intelligent_1,p1063,68
708,difficult dog,trust_intelligent_1,p1064,85
709,difficult dog,trust_intelligent_1,p1065,65
710,difficult dog,trust_intelligent_1,p1069,68
711,difficult dog,trust_intelligent_1,p1072,78
712,difficult dog,trust_intelligent_1,p1073,78
713,difficult dog,trust_intelligent_1,p1075,85
714,difficult dog,trust_intelligent_1,p1076,65
715,difficult dog,trust_intelligent_1,p1083,68
716,difficult dog,trust_intelligent_1,p1089,88
717,difficult dog,trust_intelligent_1,p1093,85
718,difficult dog,trust_intelligent_1,p1096,78
719,difficult dog,trust_intelligent_1,p1100,78
720,difficult dog,trust_intelligent_1,p1106,78
721,difficult dog,trust_intelligent_1,p1107,68
722,difficult dog,trust_intelligent_1,p1113,75
723,difficult dog,trust_intelligent_1,p1117,65
724,difficult dog,trust_intelligent_1,p1120,78
725,difficult dog,trust_intelligent_1,p1134,78
726,difficult dog,trust_intelligent_1,p1136,58
727,difficult dog,trust_intelligent_1,p1138,75
728,difficult dog,trust_intelligent_1,p1144,65
729,difficult dog,trust_intelligent_1,p1145,85
730,difficult dog,trust_intelligent_1,p1147,88
731,difficult dog,trust_intelligent_1,p1148,82
732,difficult dog,trust_intelligent_1,p1154,88
733,difficult dog,trust_intelligent_1,p1159,78
734,difficult dog,trust_intelligent_1,p1167,82
735,difficult dog,trust_intelligent_1,p1175,85
736,difficult dog,trust_intelligent_1,p1178,75
737,difficult dog,trust_intelligent_1,p1184,68
738,difficult dog,trust_intelligent_1,p1186,78
739,difficult dog,trust_intelligent_1,p1196,75
740,difficult dog,trust_intelligent_1,p1197,65
741,difficult dog,trust_intelligent_1,p1203,78
742,difficult dog,trust_intelligent_1,p1219,68
743,difficult dog,trust_intelligent_1,p1225,68
744,difficult dog,trust_intelligent_1,p1234,78
745,difficult dog,trust_intelligent_1,p1242,68
746,difficult dog,trust_intelligent_1,p1244,85
747,difficult dog,trust_intelligent_1,p1249,68
748,difficult dog,trust_intelligent_1,p1250,75
749,difficult dog,trust_intelligent_1,p1256,78
750,difficult dog,trust_intelligent_1,p1258,82
751,difficult dog,trust_intelligent_1,p1260,68
752,difficult dog,trust_intelligent_1,p1262,68
753,difficult dog,trust_intelligent_1,p1264,68
754,difficult dog,trust_intelligent_1,p1265,78
755,difficult dog,trust_intelligent_1,p1269,75
756,difficult dog,trust_intelligent_1,p1272,75
757,difficult dog,trust_intelligent_1,p1278,88
758,difficult dog,trust_intelligent_1,p1281,78
759,difficult dog,trust_intelligent_1,p1292,68
760,difficult dog,trust_intelligent_1,p1299,75
761,difficult dog,trust_intelligent_1,p1312,75
762,difficult dog,trust_intelligent_1,p1322,75
763,difficult dog,trust_intelligent_1,p1326,78
764,difficult dog,trust_intelligent_1,p1330,78
765,difficult dog,trust_intelligent_1,p1335,75
766,difficult dog,trust_intelligent_1,p1337,82
767,difficult dog,trust_intelligent_1,p1340,82
768,difficult dog,trust_intelligent_1,p1345,78
769,difficult dog,trust_intelligent_1,p1351,68
770,difficult dog,trust_intelligent_1,p1355,68
771,difficult dog,trust_intelligent_1,p1362,75
772,difficult dog,trust_intelligent_1,p1365,68
773,difficult dog,trust_intelligent_1,p1366,62
774,difficult dog,trust_intelligent_1,p1367,62
775,difficult dog,trust_intelligent_1,p1370,78
776,difficult dog,trust_intelligent_1,p1371,88
777,difficult dog,trust_intelligent_1,p1373,75
778,difficult dog,trust_intelligent_1,p1375,75
779,difficult dog,trust_intelligent_1,p1376,68
780,difficult dog,trust_intelligent_1,p1379,68
781,difficult dog,trust_intelligent_1,p1381,75
782,difficult dog,trust_intelligent_1,p1393,78
783,difficult dog,trust_intelligent_1,p1396,88
784,difficult dog,trust_intelligent_1,p1398,75
785,difficult dog,trust_intelligent_1,p1404,85
786,difficult dog,trust_intelligent_1,p1406,68
787,difficult dog,trust_intelligent_1,p1407,68
788,difficult dog,trust_intelligent_1,p1409,78
789,difficult dog,trust_intelligent_1,p1412,78
790,difficult dog,trust_intelligent_1,p1414,88
791,difficult dog,trust_intelligent_1,p1424,78
792,difficult dog,trust_intelligent_1,p1425,68
793,difficult dog,trust_intelligent_1,p1429,75
794,difficult dog,trust_intelligent_1,p1434,78
795,difficult dog,trust_intelligent_1,p1441,65
796,difficult dog,trust_intelligent_1,p1445,68
797,difficult dog,trust_intelligent_1,p1450,78
798,difficult dog,trust_intelligent_1,p1454,78
799,difficult dog,trust_intelligent_1,p1456,65
800,difficult dog,trust_intelligent_1,p1457,65
801,difficult dog,trust_intelligent_1,p1458,88
802,difficult dog,trust_intelligent_1,p1469,78
803,difficult dog,trust_intelligent_1,p1470,75
804,difficult dog,trust_intelligent_1,p1481,85
805,difficult dog,trust_intelligent_1,p1488,78
806,difficult dog,trust_intelligent_1,p1492,62
807,difficult dog,trust_intelligent_1,p1495,75
808,difficult dog,trust_intelligent_1,p1497,68
809,difficult dog,trust_intelligent_1,p1499,78
810,difficult dog,trust_intelligent_1,p1503,75
811,difficult dog,trust_intelligent_1,p1511,85
812,difficult dog,trust_intelligent_1,p1512,68
813,difficult dog,trust_intelligent_1,p1518,78
814,difficult dog,trust_intelligent_1,p1519,75
815,difficult dog,trust_intelligent_1,p1520,65
816,difficult dog,trust_intelligent_1,p1524,78
817,difficult dog,trust_intelligent_1,p1526,75
818,difficult dog,trust_intelligent_1,p1537,78
819,difficult dog,trust_intelligent_1,p1545,78
820,difficult dog,trust_intelligent_1,p1547,85
821,difficult dog,trust_intelligent_1,p1552,88
822,difficult dog,trust_intelligent_1,p1567,78
823,difficult dog,trust_intelligent_1,p1568,78
824,difficult dog,trust_intelligent_1,p1579,45
825,difficult dog,trust_intelligent_1,p1587,45
826,difficult dog,trust_intelligent_1,p1596,68
827,difficult dog,trust_intelligent_1,p1600,85
828,difficult dog,trust_intelligent_1,p1603,78
829,difficult dog,trust_intelligent_1,p1604,78
830,difficult dog,trust_intelligent_1,p1610,68
831,difficult dog,trust_intelligent_1,p1618,68
832,difficult dog,trust_intelligent_1,p1619,88
833,difficult dog,trust_intelligent_1,p1622,78
834,difficult dog,trust_intelligent_1,p1623,62
835,difficult dog,trust_intelligent_1,p1630,55
836,difficult dog,trust_intelligent_1,p1641,78
837,difficult dog,trust_intelligent_1,p1649,65
838,difficult dog,trust_intelligent_1,p1652,68
839,difficult dog,trust_intelligent_1,p1665,68
840,difficult dog,trust_intelligent_1,p1669,75
841,difficult dog,trust_intelligent_1,p1685,75
842,difficult dog,trust_intelligent_1,p1693,78
843,difficult dog,trust_intelligent_1,p1698,78
844,difficult dog,trust_intelligent_1,p1704,75
845,difficult dog,trust_intelligent_1,p1711,82
846,difficult dog,trust_intelligent_1,p1718,55
847,difficult dog,trust_intelligent_1,p1732,68
848,difficult dog,trust_intelligent_1,p1739,78
849,difficult dog,trust_intelligent_1,p1741,85
850,difficult dog,trust_intelligent_1,p1746,65
851,difficult dog,trust_intelligent_1,p1751,65
852,difficult dog,trust_intelligent_1,p1754,85
853,difficult dog,trust_intelligent_1,p1769,78
854,difficult dog,trust_intelligent_1,p1771,78
855,difficult dog,trust_intelligent_1,p1776,75
856,difficult dog,trust_intelligent_1,p1780,78
857,difficult dog,trust_intelligent_1,p1785,68
858,difficult dog,trust_intelligent_1,p1791,78
859,difficult dog,trust_intelligent_1,p1793,68
860,difficult dog,trust_intelligent_1,p1796,68
861,difficult dog,trust_intelligent_1,p1805,75
862,difficult dog,trust_intelligent_1,p1812,88
863,difficult dog,trust_intelligent_1,p1816,65
864,difficult dog,trust_intelligent_1,p1819,78
865,difficult dog,trust_intelligent_1,p1825,85
866,difficult dog,trust_intelligent_1,p1836,82
867,difficult dog,trust_intelligent_1,p1839,82
868,difficult dog,trust_intelligent_1,p1861,75
869,difficult dog,trust_intelligent_1,p1863,78
870,difficult dog,trust_intelligent_1,p1873,72
871,difficult dog,trust_intelligent_1,p1875,75
872,difficult dog,trust_intelligent_1,p1876,88
873,difficult dog,trust_intelligent_1,p1877,82
874,difficult dog,trust_intelligent_1,p1880,68
875,difficult dog,trust_intelligent_1,p1883,72
876,difficult dog,trust_intelligent_1,p1889,65
877,difficult dog,trust_intelligent_1,p1893,85
878,difficult dog,trust_intelligent_1,p1896,78
879,difficult dog,trust_intelligent_1,p1913,75
880,difficult dog,trust_intelligent_1,p1922,88
881,difficult dog,trust_intelligent_1,p1930,82
882,difficult dog,trust_intelligent_1,p1935,78
883,difficult dog,trust_intelligent_1,p1940,85
884,difficult dog,trust_intelligent_1,p1948,68
885,difficult dog,trust_intelligent_1,p1950,75
886,difficult dog,trust_intelligent_1,p1954,68
887,difficult dog,trust_intelligent_1,p1956,45
888,difficult dog,trust_intelligent_1,p1958,75
889,difficult dog,trust_intelligent_1,p1967,78
890,difficult dog,trust_intelligent_1,p1973,88
891,difficult dog,trust_intelligent_1,p1978,78
892,difficult dog,trust_intelligent_1,p1983,62
893,difficult dog,trust_intelligent_1,p1984,65
894,difficult dog,trust_intelligent_1,p1995,75
895,difficult dog,trust_intelligent_1,p1996,68
896,difficult dog,trust_intelligent_1,p1997,78
897,difficult dog,trust_intelligent_1,p2001,82
898,difficult dog,trust_intelligent_1,p2002,68
899,difficult dog,trust_intelligent_1,p2013,88
900,difficult dog,trust_intelligent_1,p2014,68
901,difficult dog,trust_intelligent_1,p2016,78
902,difficult dog,trust_intelligent_1,p2018,58
903,difficult dog,trust_intelligent_1,p2023,85
904,difficult dog,trust_intelligent_1,p2025,92
905,difficult dog,trust_intelligent_1,p2028,68
906,difficult dog,trust_intelligent_1,p2030,85
907,difficult dog,trust_intelligent_1,p2033,78
908,difficult dog,trust_intelligent_1,p2040,45
909,difficult dog,trust_intelligent_1,p2051,75
910,difficult dog,trust_intelligent_1,p2052,78
911,difficult dog,trust_intelligent_1,p2066,62
912,difficult dog,trust_intelligent_1,p2067,85
913,difficult dog,trust_intelligent_1,p2073,88
914,difficult dog,trust_intelligent_1,p2077,72
915,difficult dog,trust_intelligent_1,p2078,75
916,difficult dog,trust_intelligent_1,p2086,82
917,difficult dog,trust_intelligent_1,p2089,82
918,difficult dog,trust_intelligent_1,p2093,45
919,difficult dog,trust_intelligent_1,p2094,78
920,difficult dog,trust_intelligent_1,p2111,78
921,difficult dog,trust_intelligent_1,p2117,78
922,difficult dog,trust_intelligent_1,p2121,75
923,difficult dog,trust_intelligent_1,p2127,78
924,difficult dog,trust_intelligent_1,p2141,75
925,difficult dog,trust_intelligent_1,p2142,45
926,difficult dog,trust_intelligent_1,p2143,82
927,difficult dog,trust_intelligent_1,p2153,78
928,difficult dog,trust_intelligent_1,p2155,68
929,difficult dog,trust_intelligent_1,p2169,55
930,difficult dog,trust_intelligent_1,p2187,75
931,difficult dog,trust_intelligent_1,p2188,78
932,difficult dog,trust_intelligent_1,p2197,75
933,difficult dog,trust_intelligent_1,p2213,68
934,difficult dog,trust_intelligent_1,p2214,78
935,difficult dog,trust_intelligent_1,p2215,78
936,difficult dog,trust_intelligent_1,p2220,78
937,difficult dog,trust_intelligent_1,p2223,68
938,difficult dog,trust_intelligent_1,p2229,75
939,difficult dog,trust_intelligent_1,p2234,88
940,difficult dog,trust_intelligent_1,p2237,82
941,difficult dog,trust_intelligent_1,p2238,75
942,difficult dog,trust_intelligent_1,p2244,78
943,difficult dog,trust_intelligent_1,p2248,78
944,difficult dog,trust_intelligent_1,p2252,85
945,difficult dog,trust_intelligent_1,p2255,35
946,difficult dog,trust_intelligent_1,p2261,45
947,difficult dog,trust_intelligent_1,p2263,78
948,difficult dog,trust_intelligent_1,p2273,78
949,difficult dog,trust_intelligent_1,p2275,78
950,difficult dog,trust_intelligent_1,p2276,68
951,difficult dog,trust_intelligent_1,p2283,55
952,difficult dog,trust_intelligent_1,p2287,78
953,difficult dog,trust_intelligent_1,p2296,68
954,difficult dog,trust_intelligent_1,p2298,68
955,difficult dog,trust_intelligent_1,p2304,78
956,difficult dog,trust_intelligent_1,p2310,68
957,difficult dog,trust_intelligent_1,p2322,55
958,difficult dog,trust_intelligent_1,p2326,78
959,difficult dog,trust_intelligent_1,p2330,68
960,difficult dog,trust_intelligent_1,p2331,85
961,difficult dog,trust_intelligent_1,p2333,75
962,difficult dog,trust_intelligent_1,p2347,82
963,difficult dog,trust_intelligent_1,p2350,75
964,difficult dog,trust_intelligent_1,p2351,78
965,difficult dog,trust_intelligent_1,p2353,78
966,difficult dog,trust_intelligent_1,p2355,85
967,difficult dog,trust_intelligent_1,p2363,65
968,difficult dog,trust_intelligent_1,p2378,78
969,difficult dog,trust_intelligent_1,p2380,88
970,difficult dog,trust_intelligent_1,p2387,78
971,difficult dog,trust_intelligent_1,p2398,78
972,difficult dog,trust_intelligent_1,p2400,85
973,difficult dog,trust_intelligent_1,p2403,85
974,difficult dog,trust_intelligent_1,p2408,45
975,difficult dog,trust_intelligent_1,p2418,78
976,difficult dog,trust_intelligent_1,p2426,82
977,difficult dog,trust_intelligent_1,p2428,65
978,difficult dog,trust_intelligent_1,p2434,78
979,difficult dog,trust_intelligent_1,p2446,55
980,difficult dog,trust_intelligent_1,p2452,68
981,difficult dog,trust_intelligent_1,p2454,68
982,difficult dog,trust_intelligent_1,p2462,78
983,difficult dog,trust_intelligent_1,p2467,35
984,difficult dog,trust_intelligent_1,p2482,72
985,difficult dog,trust_intelligent_1,p2489,68
986,difficult dog,trust_intelligent_1,p2490,68
987,difficult dog,trust_intelligent_1,p2494,68
988,difficult dog,trust_intelligent_1,p2502,78
989,difficult dog,trust_intelligent_1,p2503,78
990,difficult dog,trust_intelligent_1,p2522,85
991,difficult dog,trust_intelligent_1,p2524,85
992,difficult dog,trust_intelligent_1,p2533,45
993,difficult dog,trust_intelligent_1,p2566,78
994,difficult dog,trust_intelligent_1,p2571,78
995,difficult dog,trust_intelligent_1,p2573,68
996,difficult dog,trust_intelligent_1,p2582,78
997,difficult dog,trust_intelligent_1,p2591,65
998,difficult dog,trust_intelligent_1,p2592,75
999,difficult dog,trust_intelligent_1,p2595,45
1000,difficult dog,trust_qualified_1,p0016,78
1001,difficult dog,trust_qualified_1,p0022,78
1002,difficult dog,trust_qualified_1,p0023,85
1003,difficult dog,trust_qualified_1,p0026,78
1004,difficult dog,trust_qualified_1,p0034,68
1005,difficult dog,trust_qualified_1,p0036,68
1006,difficult dog,trust_qualified_1,p0037,78
1007,difficult dog,trust_qualified_1,p0042,78
1008,difficult dog,trust_qualified_1,p0057,78
1009,difficult dog,trust_qualified_1,p0066,82
1010,difficult dog,trust_qualified_1,p0069,75
1011,difficult dog,trust_qualified_1,p0072,88
1012,difficult dog,trust_qualified_1,p0073,78
1013,difficult dog,trust_qualified_1,p0082,82
1014,difficult dog,trust_qualified_1,p0091,88
1015,difficult dog,trust_qualified_1,p0092,78
1016,difficult dog,trust_qualified_1,p0093,82
1017,difficult dog,trust_qualified_1,p0095,85
1018,difficult dog,trust_qualified_1,p0107,68
1019,difficult dog,trust_qualified_1,p0114,85
1020,difficult dog,trust_qualified_1,p0116,68
1021,difficult dog,trust_qualified_1,p0118,68
1022,difficult dog,trust_qualified_1,p0119,82
1023,difficult dog,trust_qualified_1,p0126,78
1024,difficult dog,trust_qualified_1,p0129,88
1025,difficult dog,trust_qualified_1,p0136,68
1026,difficult dog,trust_qualified_1,p0138,68
1027,difficult dog,trust_qualified_1,p0144,68
1028,difficult dog,trust_qualified_1,p0150,75
1029,difficult dog,trust_qualified_1,p0152,68
1030,difficult dog,trust_qualified_1,p0158,62
1031,difficult dog,trust_qualified_1,p0161,78
1032,difficult dog,trust_qualified_1,p0164,68
1033,difficult dog,trust_qualified_1,p0175,78
1034,difficult dog,trust_qualified_1,p0177,78
1035,difficult dog,trust_qualified_1,p0178,88
1036,difficult dog,trust_qualified_1,p0181,45
1037,difficult dog,trust_qualified_1,p0186,68
1038,difficult dog,trust_qualified_1,p0196,78
1039,difficult dog,trust_qualified_1,p0198,82
1040,difficult dog,trust_qualified_1,p0202,88
1041,difficult dog,trust_qualified_1,p0205,68
1042,difficult dog,trust_qualified_1,p0207,75
1043,difficult dog,trust_qualified_1,p0211,68
1044,difficult dog,trust_qualified_1,p0227,88
1045,difficult dog,trust_qualified_1,p0229,78
1046,difficult dog,trust_qualified_1,p0232,82
1047,difficult dog,trust_qualified_1,p0233,75
1048,difficult dog,trust_qualified_1,p0237,88
1049,difficult dog,trust_qualified_1,p0258,78
1050,difficult dog,trust_qualified_1,p0268,65
1051,difficult dog,trust_qualified_1,p0274,78
1052,difficult dog,trust_qualified_1,p0275,45
1053,difficult dog,trust_qualified_1,p0277,68
1054,difficult dog,trust_qualified_1,p0288,88
1055,difficult dog,trust_qualified_1,p0291,82
1056,difficult dog,trust_qualified_1,p0307,68
1057,difficult dog,trust_qualified_1,p0308,78
1058,difficult dog,trust_qualified_1,p0317,68
1059,difficult dog,trust_qualified_1,p0325,88
1060,difficult dog,trust_qualified_1,p0327,88
1061,difficult dog,trust_qualified_1,p0334,85
1062,difficult dog,trust_qualified_1,p0336,82
1063,difficult dog,trust_qualified_1,p0338,55
1064,difficult dog,trust_qualified_1,p0342,82
1065,difficult dog,trust_qualified_1,p0349,68
1066,difficult dog,trust_qualified_1,p0356,75
1067,difficult dog,trust_qualified_1,p0358,78
1068,difficult dog,trust_qualified_1,p0363,78
1069,difficult dog,trust_qualified_1,p0364,82
1070,difficult dog,trust_qualified_1,p0369,88
1071,difficult dog,trust_qualified_1,p0370,68
1072,difficult dog,trust_qualified_1,p0371,75
1073,difficult dog,trust_qualified_1,p0379,68
1074,difficult dog,trust_qualified_1,p0386,85
1075,difficult dog,trust_qualified_1,p0396,82
1076,difficult dog,trust_qualified_1,p0403,78
1077,difficult dog,trust_qualified_1,p0405,88
1078,difficult dog,trust_qualified_1,p0412,78
1079,difficult dog,trust_qualified_1,p0415,45
1080,difficult dog,trust_qualified_1,p0416,78
1081,difficult dog,trust_qualified_1,p0417,85
1082,difficult dog,trust_qualified_1,p0418,68
1083,difficult dog,trust_qualified_1,p0430,85
1084,difficult dog,trust_qualified_1,p0431,88
1085,difficult dog,trust_qualified_1,p0434,45
1086,difficult dog,trust_qualified_1,p0438,88
1087,difficult dog,trust_qualified_1,p0441,85
1088,difficult dog,trust_qualified_1,p0442,45
1089,difficult dog,trust_qualified_1,p0449,65
1090,difficult dog,trust_qualified_1,p0450,85
1091,difficult dog,trust_qualified_1,p0465,68
1092,difficult dog,trust_qualified_1,p0471,78
1093,difficult dog,trust_qualified_1,p0477,75
1094,difficult dog,trust_qualified_1,p0483,78
1095,difficult dog,trust_qualified_1,p0486,85
1096,difficult dog,trust_qualified_1,p0487,82
1097,difficult dog,trust_qualified_1,p0489,82
1098,difficult dog,trust_qualified_1,p0497,65
1099,difficult dog,trust_qualified_1,p0502,75
1100,difficult dog,trust_qualified_1,p0503,82
1101,difficult dog,trust_qualified_1,p0506,68
1102,difficult dog,trust_qualified_1,p0511,82
1103,difficult dog,trust_qualified_1,p0523,78
1104,difficult dog,trust_qualified_1,p0534,88
1105,difficult dog,trust_qualified_1,p0536,78
1106,difficult dog,trust_qualified_1,p0542,65
1107,difficult dog,trust_qualified_1,p0547,85
1108,difficult dog,trust_qualified_1,p0553,82
1109,difficult dog,trust_qualified_1,p0559,82
1110,difficult dog,trust_qualified_1,p0566,78
1111,difficult dog,trust_qualified_1,p0568,78
1112,difficult dog,trust_qualified_1,p0570,65
1113,difficult dog,trust_qualified_1,p0573,78
1114,difficult dog,trust_qualified_1,p0578,72
1115,difficult dog,trust_qualified_1,p0594,68
1116,difficult dog,trust_qualified_1,p0597,78
1117,difficult dog,trust_qualified_1,p0601,78
1118,difficult dog,trust_qualified_1,p0602,65
1119,difficult dog,trust_qualified_1,p0605,68
1120,difficult dog,trust_qualified_1,p0615,78
1121,difficult dog,trust_qualified_1,p0620,78
1122,difficult dog,trust_qualified_1,p0626,78
1123,difficult dog,trust_qualified_1,p0629,88
1124,difficult dog,trust_qualified_1,p0633,68
1125,difficult dog,trust_qualified_1,p0638,78
1126,difficult dog,trust_qualified_1,p0639,78
1127,difficult dog,trust_qualified_1,p0640,68
1128,difficult dog,trust_qualified_1,p0655,82
1129,difficult dog,trust_qualified_1,p0656,78
1130,difficult dog,trust_qualified_1,p0658,75
1131,difficult dog,trust_qualified_1,p0661,68
1132,difficult dog,trust_qualified_1,p0669,85
1133,difficult dog,trust_qualified_1,p0670,68
1134,difficult dog,trust_qualified_1,p0672,78
1135,difficult dog,trust_qualified_1,p0674,82
1136,difficult dog,trust_qualified_1,p0678,85
1137,difficult dog,trust_qualified_1,p0683,78
1138,difficult dog,trust_qualified_1,p0686,68
1139,difficult dog,trust_qualified_1,p0687,85
1140,difficult dog,trust_qualified_1,p0698,75
1141,difficult dog,trust_qualified_1,p0700,75
1142,difficult dog,trust_qualified_1,p0703,78
1143,difficult dog,trust_qualified_1,p0718,78
1144,difficult dog,trust_qualified_1,p0744,85
1145,difficult dog,trust_qualified_1,p0745,78
1146,difficult dog,trust_qualified_1,p0753,62
1147,difficult dog,trust_qualified_1,p0770,78
1148,difficult dog,trust_qualified_1,p0771,82
1149,difficult dog,trust_qualified_1,p0777,88
1150,difficult dog,trust_qualified_1,p0779,78
1151,difficult dog,trust_qualified_1,p0780,62
1152,difficult dog,trust_qualified_1,p0783,68
1153,difficult dog,trust_qualified_1,p0785,78
1154,difficult dog,trust_qualified_1,p0786,55
1155,difficult dog,trust_qualified_1,p0794,45
1156,difficult dog,trust_qualified_1,p0798,45
1157,difficult dog,trust_qualified_1,p0800,78
1158,difficult dog,trust_qualified_1,p0820,45
1159,difficult dog,trust_qualified_1,p0841,78
1160,difficult dog,trust_qualified_1,p0849,68
1161,difficult dog,trust_qualified_1,p0862,88
1162,difficult dog,trust_qualified_1,p0867,78
1163,difficult dog,trust_qualified_1,p0869,82
1164,difficult dog,trust_qualified_1,p0872,82
1165,difficult dog,trust_qualified_1,p0880,78
1166,difficult dog,trust_qualified_1,p0891,78
1167,difficult dog,trust_qualified_1,p0916,85
1168,difficult dog,trust_qualified_1,p0917,82
1169,difficult dog,trust_qualified_1,p0919,85
1170,difficult dog,trust_qualified_1,p0922,78
1171,difficult dog,trust_qualified_1,p0925,78
1172,difficult dog,trust_qualified_1,p0927,82
1173,difficult dog,trust_qualified_1,p0929,78
1174,difficult dog,trust_qualified_1,p0930,75
1175,difficult dog,trust_qualified_1,p0931,62
1176,difficult dog,trust_qualified_1,p0933,78
1177,difficult dog,trust_qualified_1,p0934,68
1178,difficult dog,trust_qualified_1,p0936,78
1179,difficult dog,trust_qualified_1,p0938,85
1180,difficult dog,trust_qualified_1,p0939,78
1181,difficult dog,trust_qualified_1,p0946,68
1182,difficult dog,trust_qualified_1,p0951,68
1183,difficult dog,trust_qualified_1,p0956,78
1184,difficult dog,trust_qualified_1,p0962,85
1185,difficult dog,trust_qualified_1,p0963,78
1186,difficult dog,trust_qualified_1,p0969,75
1187,difficult dog,trust_qualified_1,p0972,68
1188,difficult dog,trust_qualified_1,p0975,78
1189,difficult dog,trust_qualified_1,p0985,65
1190,difficult dog,trust_qualified_1,p0993,85
1191,difficult dog,trust_qualified_1,p0996,72
1192,difficult dog,trust_qualified_1,p1011,68
1193,difficult dog,trust_qualified_1,p1017,68
1194,difficult dog,trust_qualified_1,p1020,78
1195,difficult dog,trust_qualified_1,p1022,85
1196,difficult dog,trust_qualified_1,p1024,45
1197,difficult dog,trust_qualified_1,p1027,85
1198,difficult dog,trust_qualified_1,p1028,88
1199,difficult dog,trust_qualified_1,p1029,45
1200,difficult dog,trust_qualified_1,p1032,78
1201,difficult dog,trust_qualified_1,p1040,85
1202,difficult dog,trust_qualified_1,p1047,65
1203,difficult dog,trust_qualified_1,p1048,68
1204,difficult dog,trust_qualified_1,p1053,68
1205,difficult dog,trust_qualified_1,p1057,78
1206,difficult dog,trust_qualified_1,p1058,68
1207,difficult dog,trust_qualified_1,p1063,68
1208,difficult dog,trust_qualified_1,p1064,85
1209,difficult dog,trust_qualified_1,p1065,68
1210,difficult dog,trust_qualified_1,p1069,68
1211,difficult dog,trust_qualified_1,p1072,78
1212,difficult dog,trust_qualified_1,p1073,78
1213,difficult dog,trust_qualified_1,p1075,82
1214,difficult dog,trust_qualified_1,p1076,65
1215,difficult dog,trust_qualified_1,p1083,68
1216,difficult dog,trust_qualified_1,p1089,88
1217,difficult dog,trust_qualified_1,p1093,78
1218,difficult dog,trust_qualified_1,p1096,78
1219,difficult dog,trust_qualified_1,p1100,78
1220,difficult dog,trust_qualified_1,p1106,78
1221,difficult dog,trust_qualified_1,p1107,72
1222,difficult dog,trust_qualified_1,p1113,75
1223,difficult dog,trust_qualified_1,p1117,65
1224,difficult dog,trust_qualified_1,p1120,75
1225,difficult dog,trust_qualified_1,p1134,78
1226,difficult dog,trust_qualified_1,p1136,62
1227,difficult dog,trust_qualified_1,p1138,78
1228,difficult dog,trust_qualified_1,p1144,65
1229,difficult dog,trust_qualified_1,p1145,88
1230,difficult dog,trust_qualified_1,p1147,88
1231,difficult dog,trust_qualified_1,p1148,85
1232,difficult dog,trust_qualified_1,p1154,88
1233,difficult dog,trust_qualified_1,p1159,78
1234,difficult dog,trust_qualified_1,p1167,82
1235,difficult dog,trust_qualified_1,p1175,82
1236,difficult dog,trust_qualified_1,p1178,78
1237,difficult dog,trust_qualified_1,p1184,68
1238,difficult dog,trust_qualified_1,p1186,78
1239,difficult dog,trust_qualified_1,p1196,75
1240,difficult dog,trust_qualified_1,p1197,68
1241,difficult dog,trust_qualified_1,p1203,78
1242,difficult dog,trust_qualified_1,p1219,68
1243,difficult dog,trust_qualified_1,p1225,68
1244,difficult dog,trust_qualified_1,p1234,78
1245,difficult dog,trust_qualified_1,p1242,68
1246,difficult dog,trust_qualified_1,p1244,78
1247,difficult dog,trust_qualified_1,p1249,68
1248,difficult dog,trust_qualified_1,p1250,78
1249,difficult dog,trust_qualified_1,p1256,78
1250,difficult dog,trust_qualified_1,p1258,82
1251,difficult dog,trust_qualified_1,p1260,75
1252,difficult dog,trust_qualified_1,p1262,68
1253,difficult dog,trust_qualified_1,p1264,78
1254,difficult dog,trust_qualified_1,p1265,78
1255,difficult dog,trust_qualified_1,p1269,78
1256,difficult dog,trust_qualified_1,p1272,78
1257,difficult dog,trust_qualified_1,p1278,82
1258,difficult dog,trust_qualified_1,p1281,75
1259,difficult dog,trust_qualified_1,p1292,68
1260,difficult dog,trust_qualified_1,p1299,72
1261,difficult dog,trust_qualified_1,p1312,72
1262,difficult dog,trust_qualified_1,p1322,78
1263,difficult dog,trust_qualified_1,p1326,78
1264,difficult dog,trust_qualified_1,p1330,78
1265,difficult dog,trust_qualified_1,p1335,78
1266,difficult dog,trust_qualified_1,p1337,85
1267,difficult dog,trust_qualified_1,p1340,82
1268,difficult dog,trust_qualified_1,p1345,78
1269,difficult dog,trust_qualified_1,p1351,65
1270,difficult dog,trust_qualified_1,p1355,68
1271,difficult dog,trust_qualified_1,p1362,75
1272,difficult dog,trust_qualified_1,p1365,68
1273,difficult dog,trust_qualified_1,p1366,55
1274,difficult dog,trust_qualified_1,p1367,62
1275,difficult dog,trust_qualified_1,p1370,78
1276,difficult dog,trust_qualified_1,p1371,90
1277,difficult dog,trust_qualified_1,p1373,78
1278,difficult dog,trust_qualified_1,p1375,75
1279,difficult dog,trust_qualified_1,p1376,75
1280,difficult dog,trust_qualified_1,p1379,68
1281,difficult dog,trust_qualified_1,p1381,72
1282,difficult dog,trust_qualified_1,p1393,78
1283,difficult dog,trust_qualified_1,p1396,88
1284,difficult dog,trust_qualified_1,p1398,78
1285,difficult dog,trust_qualified_1,p1404,85
1286,difficult dog,trust_qualified_1,p1406,78
1287,difficult dog,trust_qualified_1,p1407,68
1288,difficult dog,trust_qualified_1,p1409,78
1289,difficult dog,trust_qualified_1,p1412,78
1290,difficult dog,trust_qualified_1,p1414,88
1291,difficult dog,trust_qualified_1,p1424,78
1292,difficult dog,trust_qualified_1,p1425,68
1293,difficult dog,trust_qualified_1,p1429,75
1294,difficult dog,trust_qualified_1,p1434,78
1295,difficult dog,trust_qualified_1,p1441,68
1296,difficult dog,trust_qualified_1,p1445,68
1297,difficult dog,trust_qualified_1,p1450,78
1298,difficult dog,trust_qualified_1,p1454,78
1299,difficult dog,trust_qualified_1,p1456,65
1300,difficult dog,trust_qualified_1,p1457,68
1301,difficult dog,trust_qualified_1,p1458,88
1302,difficult dog,trust_qualified_1,p1469,78
1303,difficult dog,trust_qualified_1,p1470,75
1304,difficult dog,trust_qualified_1,p1481,78
1305,difficult dog,trust_qualified_1,p1488,78
1306,difficult dog,trust_qualified_1,p1492,68
1307,difficult dog,trust_qualified_1,p1495,78
1308,difficult dog,trust_qualified_1,p1497,75
1309,difficult dog,trust_qualified_1,p1499,78
1310,difficult dog,trust_qualified_1,p1503,78
1311,difficult dog,trust_qualified_1,p1511,82
1312,difficult dog,trust_qualified_1,p1512,75
1313,difficult dog,trust_qualified_1,p1518,75
1314,difficult dog,trust_qualified_1,p1519,75
1315,difficult dog,trust_qualified_1,p1520,62
1316,difficult dog,trust_qualified_1,p1524,78
1317,difficult dog,trust_qualified_1,p1526,75
1318,difficult dog,trust_qualified_1,p1537,78
1319,difficult dog,trust_qualified_1,p1545,78
1320,difficult dog,trust_qualified_1,p1547,85
1321,difficult dog,trust_qualified_1,p1552,88
1322,difficult dog,trust_qualified_1,p1567,78
1323,difficult dog,trust_qualified_1,p1568,78
1324,difficult dog,trust_qualified_1,p1579,45
1325,difficult dog,trust_qualified_1,p1587,45
1326,difficult dog,trust_qualified_1,p1596,68
1327,difficult dog,trust_qualified_1,p1600,82
1328,difficult dog,trust_qualified_1,p1603,75
1329,difficult dog,trust_qualified_1,p1604,78
1330,difficult dog,trust_qualified_1,p1610,78
1331,difficult dog,trust_qualified_1,p1618,75
1332,difficult dog,trust_qualified_1,p1619,88
1333,difficult dog,trust_qualified_1,p1622,78
1334,difficult dog,trust_qualified_1,p1623,45
1335,difficult dog,trust_qualified_1,p1630,45
1336,difficult dog,trust_qualified_1,p1641,78
1337,difficult dog,trust_qualified_1,p1649,68
1338,difficult dog,trust_qualified_1,p1652,68
1339,difficult dog,trust_qualified_1,p1665,68
1340,difficult dog,trust_qualified_1,p1669,68
1341,difficult dog,trust_qualified_1,p1685,78
1342,difficult dog,trust_qualified_1,p1693,78
1343,difficult dog,trust_qualified_1,p1698,78
1344,difficult dog,trust_qualified_1,p1704,78
1345,difficult dog,trust_qualified_1,p1711,82
1346,difficult dog,trust_qualified_1,p1718,45
1347,difficult dog,trust_qualified_1,p1732,68
1348,difficult dog,trust_qualified_1,p1739,78
1349,difficult dog,trust_qualified_1,p1741,88
1350,difficult dog,trust_qualified_1,p1746,55
1351,difficult dog,trust_qualified_1,p1751,45
1352,difficult dog,trust_qualified_1,p1754,85
1353,difficult dog,trust_qualified_1,p1769,78
1354,difficult dog,trust_qualified_1,p1771,78
1355,difficult dog,trust_qualified_1,p1776,78
1356,difficult dog,trust_qualified_1,p1780,78
1357,difficult dog,trust_qualified_1,p1785,62
1358,difficult dog,trust_qualified_1,p1791,85
1359,difficult dog,trust_qualified_1,p1793,78
1360,difficult dog,trust_qualified_1,p1796,75
1361,difficult dog,trust_qualified_1,p1805,75
1362,difficult dog,trust_qualified_1,p1812,88
1363,difficult dog,trust_qualified_1,p1816,68
1364,difficult dog,trust_qualified_1,p1819,78
1365,difficult dog,trust_qualified_1,p1825,85
1366,difficult dog,trust_qualified_1,p1836,85
1367,difficult dog,trust_qualified_1,p1839,85
1368,difficult dog,trust_qualified_1,p1861,75
1369,difficult dog,trust_qualified_1,p1863,82
1370,difficult dog,trust_qualified_1,p1873,78
1371,difficult dog,trust_qualified_1,p1875,78
1372,difficult dog,trust_qualified_1,p1876,88
1373,difficult dog,trust_qualified_1,p1877,85
1374,difficult dog,trust_qualified_1,p1880,68
1375,difficult dog,trust_qualified_1,p1883,72
1376,difficult dog,trust_qualified_1,p1889,45
1377,difficult dog,trust_qualified_1,p1893,85
1378,difficult dog,trust_qualified_1,p1896,82
1379,difficult dog,trust_qualified_1,p1913,68
1380,difficult dog,trust_qualified_1,p1922,90
1381,difficult dog,trust_qualified_1,p1930,82
1382,difficult dog,trust_qualified_1,p1935,78
1383,difficult dog,trust_qualified_1,p1940,85
1384,difficult dog,trust_qualified_1,p1948,68
1385,difficult dog,trust_qualified_1,p1950,75
1386,difficult dog,trust_qualified_1,p1954,68
1387,difficult dog,trust_qualified_1,p1956,45
1388,difficult dog,trust_qualified_1,p1958,78
1389,difficult dog,trust_qualified_1,p1967,78
1390,difficult dog,trust_qualified_1,p1973,92
1391,difficult dog,trust_qualified_1,p1978,78
1392,difficult dog,trust_qualified_1,p1983,68
1393,difficult dog,trust_qualified_1,p1984,68
1394,difficult dog,trust_qualified_1,p1995,75
1395,difficult dog,trust_qualified_1,p1996,68
1396,difficult dog,trust_qualified_1,p1997,78
1397,difficult dog,trust_qualified_1,p2001,85
1398,difficult dog,trust_qualified_1,p2002,75
1399,difficult dog,trust_qualified_1,p2013,88
1400,difficult dog,trust_qualified_1,p2014,68
1401,difficult dog,trust_qualified_1,p2016,78
1402,difficult dog,trust_qualified_1,p2018,62
1403,difficult dog,trust_qualified_1,p2023,88
1404,difficult dog,trust_qualified_1,p2025,88
1405,difficult dog,trust_qualified_1,p2028,78
1406,difficult dog,trust_qualified_1,p2030,78
1407,difficult dog,trust_qualified_1,p2033,78
1408,difficult dog,trust_qualified_1,p2040,45
1409,difficult dog,trust_qualified_1,p2051,75
1410,difficult dog,trust_qualified_1,p2052,78
1411,difficult dog,trust_qualified_1,p2066,65
1412,difficult dog,trust_qualified_1,p2067,85
1413,difficult dog,trust_qualified_1,p2073,82
1414,difficult dog,trust_qualified_1,p2077,75
1415,difficult dog,trust_qualified_1,p2078,78
1416,difficult dog,trust_qualified_1,p2086,78
1417,difficult dog,trust_qualified_1,p2089,85
1418,difficult dog,trust_qualified_1,p2093,45
1419,difficult dog,trust_qualified_1,p2094,78
1420,difficult dog,trust_qualified_1,p2111,78
1421,difficult dog,trust_qualified_1,p2117,78
1422,difficult dog,trust_qualified_1,p2121,78
1423,difficult dog,trust_qualified_1,p2127,75
1424,difficult dog,trust_qualified_1,p2141,75
1425,difficult dog,trust_qualified_1,p2142,45
1426,difficult dog,trust_qualified_1,p2143,78
1427,difficult dog,trust_qualified_1,p2153,78
1428,difficult dog,trust_qualified_1,p2155,68
1429,difficult dog,trust_qualified_1,p2169,62
1430,difficult dog,trust_qualified_1,p2187,78
1431,difficult dog,trust_qualified_1,p2188,78
1432,difficult dog,trust_qualified_1,p2197,68
1433,difficult dog,trust_qualified_1,p2213,68
1434,difficult dog,trust_qualified_1,p2214,78
1435,difficult dog,trust_qualified_1,p2215,85
1436,difficult dog,trust_qualified_1,p2220,68
1437,difficult dog,trust_qualified_1,p2223,68
1438,difficult dog,trust_qualified_1,p2229,68
1439,difficult dog,trust_qualified_1,p2234,88
1440,difficult dog,trust_qualified_1,p2237,88
1441,difficult dog,trust_qualified_1,p2238,78
1442,difficult dog,trust_qualified_1,p2244,78
1443,difficult dog,trust_qualified_1,p2248,72
1444,difficult dog,trust_qualified_1,p2252,88
1445,difficult dog,trust_qualified_1,p2255,35
1446,difficult dog,trust_qualified_1,p2261,45
1447,difficult dog,trust_qualified_1,p2263,78
1448,difficult dog,trust_qualified_1,p2273,72
1449,difficult dog,trust_qualified_1,p2275,78
1450,difficult dog,trust_qualified_1,p2276,62
1451,difficult dog,trust_qualified_1,p2283,62
1452,difficult dog,trust_qualified_1,p2287,78
1453,difficult dog,trust_qualified_1,p2296,68
1454,difficult dog,trust_qualified_1,p2298,75
1455,difficult dog,trust_qualified_1,p2304,78
1456,difficult dog,trust_qualified_1,p2310,62
1457,difficult dog,trust_qualified_1,p2322,55
1458,difficult dog,trust_qualified_1,p2326,78
1459,difficult dog,trust_qualified_1,p2330,68
1460,difficult dog,trust_qualified_1,p2331,85
1461,difficult dog,trust_qualified_1,p2333,68
1462,difficult dog,trust_qualified_1,p2347,85
1463,difficult dog,trust_qualified_1,p2350,75
1464,difficult dog,trust_qualified_1,p2351,72
1465,difficult dog,trust_qualified_1,p2353,78
1466,difficult dog,trust_qualified_1,p2355,75
1467,difficult dog,trust_qualified_1,p2363,68
1468,difficult dog,trust_qualified_1,p2378,78
1469,difficult dog,trust_qualified_1,p2380,88
1470,difficult dog,trust_qualified_1,p2387,78
1471,difficult dog,trust_qualified_1,p2398,78
1472,difficult dog,trust_qualified_1,p2400,88
1473,difficult dog,trust_qualified_1,p2403,82
1474,difficult dog,trust_qualified_1,p2408,45
1475,difficult dog,trust_qualified_1,p2418,78
1476,difficult dog,trust_qualified_1,p2426,85
1477,difficult dog,trust_qualified_1,p2428,62
1478,difficult dog,trust_qualified_1,p2434,78
1479,difficult dog,trust_qualified_1,p2446,45
1480,difficult dog,trust_qualified_1,p2452,68
1481,difficult dog,trust_qualified_1,p2454,68
1482,difficult dog,trust_qualified_1,p2462,78
1483,difficult dog,trust_qualified_1,p2467,35
1484,difficult dog,trust_qualified_1,p2482,68
1485,difficult dog,trust_qualified_1,p2489,68
1486,difficult dog,trust_qualified_1,p2490,72
1487,difficult dog,trust_qualified_1,p2494,58
1488,difficult dog,trust_qualified_1,p2502,78
1489,difficult dog,trust_qualified_1,p2503,78
1490,difficult dog,trust_qualified_1,p2522,88
1491,difficult dog,trust_qualified_1,p2524,85
1492,difficult dog,trust_qualified_1,p2533,45
1493,difficult dog,trust_qualified_1,p2566,78
1494,difficult dog,trust_qualified_1,p2571,82
1495,difficult dog,trust_qualified_1,p2573,68
1496,difficult dog,trust_qualified_1,p2582,78
1497,difficult dog,trust_qualified_1,p2591,68
1498,difficult dog,trust_qualified_1,p2592,78
1499,difficult dog,trust_qualified_1,p2595,45
1500,difficult dog,trust_honest_1,p0016,78
1501,difficult dog,trust_honest_1,p0022,68
1502,difficult dog,trust_honest_1,p0023,82
1503,difficult dog,trust_honest_1,p0026,78
1504,difficult dog,trust_honest_1,p0034,68
1505,difficult dog,trust_honest_1,p0036,68
1506,difficult dog,trust_honest_1,p0037,68
1507,difficult dog,trust_honest_1,p0042,72
1508,difficult dog,trust_honest_1,p0057,68
1509,difficult dog,trust_honest_1,p0066,78
1510,difficult dog,trust_honest_1,p0069,65
1511,difficult dog,trust_honest_1,p0072,85
1512,difficult dog,trust_honest_1,p0073,72
1513,difficult dog,trust_honest_1,p0082,78
1514,difficult dog,trust_honest_1,p0091,82
1515,difficult dog,trust_honest_1,p0092,68
1516,difficult dog,trust_honest_1,p0093,78
1517,difficult dog,trust_honest_1,p0095,78
1518,difficult dog,trust_honest_1,p0107,62
1519,difficult dog,trust_honest_1,p0114,78
1520,difficult dog,trust_honest_1,p0116,68
1521,difficult dog,trust_honest_1,p0118,65
1522,difficult dog,trust_honest_1,p0119,78
1523,difficult dog,trust_honest_1,p0126,72
1524,difficult dog,trust_honest_1,p0129,78
1525,difficult dog,trust_honest_1,p0136,68
1526,difficult dog,trust_honest_1,p0138,62
1527,difficult dog,trust_honest_1,p0144,68
1528,difficult dog,trust_honest_1,p0150,65
1529,difficult dog,trust_honest_1,p0152,62
1530,difficult dog,trust_honest_1,p0158,62
1531,difficult dog,trust_honest_1,p0161,68
1532,difficult dog,trust_honest_1,p0164,65
1533,difficult dog,trust_honest_1,p0175,68
1534,difficult dog,trust_honest_1,p0177,78
1535,difficult dog,trust_honest_1,p0178,78
1536,difficult dog,trust_honest_1,p0181,45
1537,difficult dog,trust_honest_1,p0186,68
1538,difficult dog,trust_honest_1,p0196,72
1539,difficult dog,trust_honest_1,p0198,78
1540,difficult dog,trust_honest_1,p0202,78
1541,difficult dog,trust_honest_1,p0205,62
1542,difficult dog,trust_honest_1,p0207,65
1543,difficult dog,trust_honest_1,p0211,65
1544,difficult dog,trust_honest_1,p0227,85
1545,difficult dog,trust_honest_1,p0229,68
1546,difficult dog,trust_honest_1,p0232,78
1547,difficult dog,trust_honest_1,p0233,65
1548,difficult dog,trust_honest_1,p0237,85
1549,difficult dog,trust_honest_1,p0258,78
1550,difficult dog,trust_honest_1,p0268,65
1551,difficult dog,trust_honest_1,p0274,78
1552,difficult dog,trust_honest_1,p0275,45
1553,difficult dog,trust_honest_1,p0277,65
1554,difficult dog,trust_honest_1,p0288,78
1555,difficult dog,trust_honest_1,p0291,78
1556,difficult dog,trust_honest_1,p0307,65
1557,difficult dog,trust_honest_1,p0308,78
1558,difficult dog,trust_honest_1,p0317,62
1559,difficult dog,trust_honest_1,p0325,85
1560,difficult dog,trust_honest_1,p0327,82
1561,difficult dog,trust_honest_1,p0334,78
1562,difficult dog,trust_honest_1,p0336,78
1563,difficult dog,trust_honest_1,p0338,55
1564,difficult dog,trust_honest_1,p0342,78
1565,difficult dog,trust_honest_1,p0349,62
1566,difficult dog,trust_honest_1,p0356,65
1567,difficult dog,trust_honest_1,p0358,78
1568,difficult dog,trust_honest_1,p0363,75
1569,difficult dog,trust_honest_1,p0364,78
1570,difficult dog,trust_honest_1,p0369,85
1571,difficult dog,trust_honest_1,p0370,65
1572,difficult dog,trust_honest_1,p0371,65
1573,difficult dog,trust_honest_1,p0379,62
1574,difficult dog,trust_honest_1,p0386,78
1575,difficult dog,trust_honest_1,p0396,78
1576,difficult dog,trust_honest_1,p0403,78
1577,difficult dog,trust_honest_1,p0405,82
1578,difficult dog,trust_honest_1,p0412,78
1579,difficult dog,trust_honest_1,p0415,45
1580,difficult dog,trust_honest_1,p0416,78
1581,difficult dog,trust_honest_1,p0417,78
1582,difficult dog,trust_honest_1,p0418,65
1583,difficult dog,trust_honest_1,p0430,78
1584,difficult dog,trust_honest_1,p0431,82
1585,difficult dog,trust_honest_1,p0434,35
1586,difficult dog,trust_honest_1,p0438,82
1587,difficult dog,trust_honest_1,p0441,78
1588,difficult dog,trust_honest_1,p0442,45
1589,difficult dog,trust_honest_1,p0449,62
1590,difficult dog,trust_honest_1,p0450,78
1591,difficult dog,trust_honest_1,p0465,62
1592,difficult dog,trust_honest_1,p0471,72
1593,difficult dog,trust_honest_1,p0477,65
1594,difficult dog,trust_honest_1,p0483,78
1595,difficult dog,trust_honest_1,p0486,78
1596,difficult dog,trust_honest_1,p0487,78
1597,difficult dog,trust_honest_1,p0489,78
1598,difficult dog,trust_honest_1,p0497,45
1599,difficult dog,trust_honest_1,p0502,68
1600,difficult dog,trust_honest_1,p0503,78
1601,difficult dog,trust_honest_1,p0506,58
1602,difficult dog,trust_honest_1,p0511,75
1603,difficult dog,trust_honest_1,p0523,78
1604,difficult dog,trust_honest_1,p0534,85
1605,difficult dog,trust_honest_1,p0536,68
1606,difficult dog,trust_honest_1,p0542,45
1607,difficult dog,trust_honest_1,p0547,78
1608,difficult dog,trust_honest_1,p0553,78
1609,difficult dog,trust_honest_1,p0559,78
1610,difficult dog,trust_honest_1,p0566,72
1611,difficult dog,trust_honest_1,p0568,75
1612,difficult dog,trust_honest_1,p0570,45
1613,difficult dog,trust_honest_1,p0573,68
1614,difficult dog,trust_honest_1,p0578,68
1615,difficult dog,trust_honest_1,p0594,62
1616,difficult dog,trust_honest_1,p0597,78
1617,difficult dog,trust_honest_1,p0601,68
1618,difficult dog,trust_honest_1,p0602,65
1619,difficult dog,trust_honest_1,p0605,65
1620,difficult dog,trust_honest_1,p0615,68
1621,difficult dog,trust_honest_1,p0620,78
1622,difficult dog,trust_honest_1,p0626,78
1623,difficult dog,trust_honest_1,p0629,82
1624,difficult dog,trust_honest_1,p0633,65
1625,difficult dog,trust_honest_1,p0638,78
1626,difficult dog,trust_honest_1,p0639,75
1627,difficult dog,trust_honest_1,p0640,65
1628,difficult dog,trust_honest_1,p0655,78
1629,difficult dog,trust_honest_1,p0656,78
1630,difficult dog,trust_honest_1,p0658,65
1631,difficult dog,trust_honest_1,p0661,68
1632,difficult dog,trust_honest_1,p0669,78
1633,difficult dog,trust_honest_1,p0670,65
1634,difficult dog,trust_honest_1,p0672,75
1635,difficult dog,trust_honest_1,p0674,78
1636,difficult dog,trust_honest_1,p0678,78
1637,difficult dog,trust_honest_1,p0683,78
1638,difficult dog,trust_honest_1,p0686,62
1639,difficult dog,trust_honest_1,p0687,78
1640,difficult dog,trust_honest_1,p0698,68
1641,difficult dog,trust_honest_1,p0700,68
1642,difficult dog,trust_honest_1,p0703,75
1643,difficult dog,trust_honest_1,p0718,72
1644,difficult dog,trust_honest_1,p0744,78
1645,difficult dog,trust_honest_1,p0745,78
1646,difficult dog,trust_honest_1,p0753,55
1647,difficult dog,trust_honest_1,p0770,78
1648,difficult dog,trust_honest_1,p0771,78
1649,difficult dog,trust_honest_1,p0777,82
1650,difficult dog,trust_honest_1,p0779,78
1651,difficult dog,trust_honest_1,p0780,62
1652,difficult dog,trust_honest_1,p0783,65
1653,difficult dog,trust_honest_1,p0785,68
1654,difficult dog,trust_honest_1,p0786,55
1655,difficult dog,trust_honest_1,p0794,45
1656,difficult dog,trust_honest_1,p0798,45
1657,difficult dog,trust_honest_1,p0800,78
1658,difficult dog,trust_honest_1,p0820,45
1659,difficult dog,trust_honest_1,p0841,65
1660,difficult dog,trust_honest_1,p0849,68
1661,difficult dog,trust_honest_1,p0862,85
1662,difficult dog,trust_honest_1,p0867,78
1663,difficult dog,trust_honest_1,p0869,78
1664,difficult dog,trust_honest_1,p0872,78
1665,difficult dog,trust_honest_1,p0880,78
1666,difficult dog,trust_honest_1,p0891,68
1667,difficult dog,trust_honest_1,p0916,78
1668,difficult dog,trust_honest_1,p0917,78
1669,difficult dog,trust_honest_1,p0919,78
1670,difficult dog,trust_honest_1,p0922,65
1671,difficult dog,trust_honest_1,p0925,78
1672,difficult dog,trust_honest_1,p0927,78
1673,difficult dog,trust_honest_1,p0929,68
1674,difficult dog,trust_honest_1,p0930,65
1675,difficult dog,trust_honest_1,p0931,62
1676,difficult dog,trust_honest_1,p0933,78
1677,difficult dog,trust_honest_1,p0934,62
1678,difficult dog,trust_honest_1,p0936,78
1679,difficult dog,trust_honest_1,p0938,78
1680,difficult dog,trust_honest_1,p0939,68
1681,difficult dog,trust_honest_1,p0946,68
1682,difficult dog,trust_honest_1,p0951,65
1683,difficult dog,trust_honest_1,p0956,75
1684,difficult dog,trust_honest_1,p0962,75
1685,difficult dog,trust_honest_1,p0963,78
1686,difficult dog,trust_honest_1,p0969,65
1687,difficult dog,trust_honest_1,p0972,62
1688,difficult dog,trust_honest_1,p0975,65
1689,difficult dog,trust_honest_1,p0985,55
1690,difficult dog,trust_honest_1,p0993,85
1691,difficult dog,trust_honest_1,p0996,68
1692,difficult dog,trust_honest_1,p1011,65
1693,difficult dog,trust_honest_1,p1017,65
1694,difficult dog,trust_honest_1,p1020,78
1695,difficult dog,trust_honest_1,p1022,78
1696,difficult dog,trust_honest_1,p1024,45
1697,difficult dog,trust_honest_1,p1027,78
1698,difficult dog,trust_honest_1,p1028,85
1699,difficult dog,trust_honest_1,p1029,45
1700,difficult dog,trust_honest_1,p1032,65
1701,difficult dog,trust_honest_1,p1040,78
1702,difficult dog,trust_honest_1,p1047,65
1703,difficult dog,trust_honest_1,p1048,68
1704,difficult dog,trust_honest_1,p1053,65
1705,difficult dog,trust_honest_1,p1057,68
1706,difficult dog,trust_honest_1,p1058,68
1707,difficult dog,trust_honest_1,p1063,62
1708,difficult dog,trust_honest_1,p1064,78
1709,difficult dog,trust_honest_1,p1065,62
1710,difficult dog,trust_honest_1,p1069,65
1711,difficult dog,trust_honest_1,p1072,78
1712,difficult dog,trust_honest_1,p1073,78
1713,difficult dog,trust_honest_1,p1075,78
1714,difficult dog,trust_honest_1,p1076,65
1715,difficult dog,trust_honest_1,p1083,65
1716,difficult dog,trust_honest_1,p1089,78
1717,difficult dog,trust_honest_1,p1093,78
1718,difficult dog,trust_honest_1,p1096,78
1719,difficult dog,trust_honest_1,p1100,75
1720,difficult dog,trust_honest_1,p1106,78
1721,difficult dog,trust_honest_1,p1107,65
1722,difficult dog,trust_honest_1,p1113,75
1723,difficult dog,trust_honest_1,p1117,65
1724,difficult dog,trust_honest_1,p1120,68
1725,difficult dog,trust_honest_1,p1134,68
1726,difficult dog,trust_honest_1,p1136,62
1727,difficult dog,trust_honest_1,p1138,78
1728,difficult dog,trust_honest_1,p1144,65
1729,difficult dog,trust_honest_1,p1145,85
1730,difficult dog,trust_honest_1,p1147,88
1731,difficult dog,trust_honest_1,p1148,78
1732,difficult dog,trust_honest_1,p1154,85
1733,difficult dog,trust_honest_1,p1159,75
1734,difficult dog,trust_honest_1,p1167,78
1735,difficult dog,trust_honest_1,p1175,78
1736,difficult dog,trust_honest_1,p1178,68
1737,difficult dog,trust_honest_1,p1184,65
1738,difficult dog,trust_honest_1,p1186,78
1739,difficult dog,trust_honest_1,p1196,65
1740,difficult dog,trust_honest_1,p1197,62
1741,difficult dog,trust_honest_1,p1203,78
1742,difficult dog,trust_honest_1,p1219,68
1743,difficult dog,trust_honest_1,p1225,62
1744,difficult dog,trust_honest_1,p1234,75
1745,difficult dog,trust_honest_1,p1242,65
1746,difficult dog,trust_honest_1,p1244,78
1747,difficult dog,trust_honest_1,p1249,65
1748,difficult dog,trust_honest_1,p1250,65
1749,difficult dog,trust_honest_1,p1256,68
1750,difficult dog,trust_honest_1,p1258,78
1751,difficult dog,trust_honest_1,p1260,65
1752,difficult dog,trust_honest_1,p1262,65
1753,difficult dog,trust_honest_1,p1264,68
1754,difficult dog,trust_honest_1,p1265,78
1755,difficult dog,trust_honest_1,p1269,68
1756,difficult dog,trust_honest_1,p1272,78
1757,difficult dog,trust_honest_1,p1278,78
1758,difficult dog,trust_honest_1,p1281,65
1759,difficult dog,trust_honest_1,p1292,65
1760,difficult dog,trust_honest_1,p1299,68
1761,difficult dog,trust_honest_1,p1312,68
1762,difficult dog,trust_honest_1,p1322,78
1763,difficult dog,trust_honest_1,p1326,75
1764,difficult dog,trust_honest_1,p1330,78
1765,difficult dog,trust_honest_1,p1335,78
1766,difficult dog,trust_honest_1,p1337,78
1767,difficult dog,trust_honest_1,p1340,78
1768,difficult dog,trust_honest_1,p1345,78
1769,difficult dog,trust_honest_1,p1351,65
1770,difficult dog,trust_honest_1,p1355,62
1771,difficult dog,trust_honest_1,p1362,65
1772,difficult dog,trust_honest_1,p1365,62
1773,difficult dog,trust_honest_1,p1366,45
1774,difficult dog,trust_honest_1,p1367,45
1775,difficult dog,trust_honest_1,p1370,75
1776,difficult dog,trust_honest_1,p1371,88
1777,difficult dog,trust_honest_1,p1373,68
1778,difficult dog,trust_honest_1,p1375,62
1779,difficult dog,trust_honest_1,p1376,65
1780,difficult dog,trust_honest_1,p1379,65
1781,difficult dog,trust_honest_1,p1381,68
1782,difficult dog,trust_honest_1,p1393,75
1783,difficult dog,trust_honest_1,p1396,85
1784,difficult dog,trust_honest_1,p1398,68
1785,difficult dog,trust_honest_1,p1404,75
1786,difficult dog,trust_honest_1,p1406,68
1787,difficult dog,trust_honest_1,p1407,65
1788,difficult dog,trust_honest_1,p1409,72
1789,difficult dog,trust_honest_1,p1412,78
1790,difficult dog,trust_honest_1,p1414,85
1791,difficult dog,trust_honest_1,p1424,75
1792,difficult dog,trust_honest_1,p1425,62
1793,difficult dog,trust_honest_1,p1429,65
1794,difficult dog,trust_honest_1,p1434,75
1795,difficult dog,trust_honest_1,p1441,65
1796,difficult dog,trust_honest_1,p1445,65
1797,difficult dog,trust_honest_1,p1450,78
1798,difficult dog,trust_honest_1,p1454,75
1799,difficult dog,trust_honest_1,p1456,65
1800,difficult dog,trust_honest_1,p1457,62
1801,difficult dog,trust_honest_1,p1458,82
1802,difficult dog,trust_honest_1,p1469,68
1803,difficult dog,trust_honest_1,p1470,68
1804,difficult dog,trust_honest_1,p1481,78
1805,difficult dog,trust_honest_1,p1488,78
1806,difficult dog,trust_honest_1,p1492,55
1807,difficult dog,trust_honest_1,p1495,68
1808,difficult dog,trust_honest_1,p1497,68
1809,difficult dog,trust_honest_1,p1499,68
1810,difficult dog,trust_honest_1,p1503,78
1811,difficult dog,trust_honest_1,p1511,78
1812,difficult dog,trust_honest_1,p1512,65
1813,difficult dog,trust_honest_1,p1518,75
1814,difficult dog,trust_honest_1,p1519,68
1815,difficult dog,trust_honest_1,p1520,62
1816,difficult dog,trust_honest_1,p1524,78
1817,difficult dog,trust_honest_1,p1526,65
1818,difficult dog,trust_honest_1,p1537,75
1819,difficult dog,trust_honest_1,p1545,78
1820,difficult dog,trust_honest_1,p1547,78
1821,difficult dog,trust_honest_1,p1552,85
1822,difficult dog,trust_honest_1,p1567,75
1823,difficult dog,trust_honest_1,p1568,75
1824,difficult dog,trust_honest_1,p1579,45
1825,difficult dog,trust_honest_1,p1587,45
1826,difficult dog,trust_honest_1,p1596,62
1827,difficult dog,trust_honest_1,p1600,78
1828,difficult dog,trust_honest_1,p1603,65
1829,difficult dog,trust_honest_1,p1604,78
1830,difficult dog,trust_honest_1,p1610,68
1831,difficult dog,trust_honest_1,p1618,65
1832,difficult dog,trust_honest_1,p1619,85
1833,difficult dog,trust_honest_1,p1622,78
1834,difficult dog,trust_honest_1,p1623,45
1835,difficult dog,trust_honest_1,p1630,45
1836,difficult dog,trust_honest_1,p1641,75
1837,difficult dog,trust_honest_1,p1649,65
1838,difficult dog,trust_honest_1,p1652,65
1839,difficult dog,trust_honest_1,p1665,68
1840,difficult dog,trust_honest_1,p1669,62
1841,difficult dog,trust_honest_1,p1685,65
1842,difficult dog,trust_honest_1,p1693,72
1843,difficult dog,trust_honest_1,p1698,78
1844,difficult dog,trust_honest_1,p1704,68
1845,difficult dog,trust_honest_1,p1711,78
1846,difficult dog,trust_honest_1,p1718,45
1847,difficult dog,trust_honest_1,p1732,65
1848,difficult dog,trust_honest_1,p1739,78
1849,difficult dog,trust_honest_1,p1741,78
1850,difficult dog,trust_honest_1,p1746,55
1851,difficult dog,trust_honest_1,p1751,45
1852,difficult dog,trust_honest_1,p1754,75
1853,difficult dog,trust_honest_1,p1769,68
1854,difficult dog,trust_honest_1,p1771,78
1855,difficult dog,trust_honest_1,p1776,75
1856,difficult dog,trust_honest_1,p1780,75
1857,difficult dog,trust_honest_1,p1785,62
1858,difficult dog,trust_honest_1,p1791,78
1859,difficult dog,trust_honest_1,p1793,65
1860,difficult dog,trust_honest_1,p1796,65
1861,difficult dog,trust_honest_1,p1805,65
1862,difficult dog,trust_honest_1,p1812,78
1863,difficult dog,trust_honest_1,p1816,68
1864,difficult dog,trust_honest_1,p1819,75
1865,difficult dog,trust_honest_1,p1825,75
1866,difficult dog,trust_honest_1,p1836,78
1867,difficult dog,trust_honest_1,p1839,75
1868,difficult dog,trust_honest_1,p1861,65
1869,difficult dog,trust_honest_1,p1863,78
1870,difficult dog,trust_honest_1,p1873,68
1871,difficult dog,trust_honest_1,p1875,72
1872,difficult dog,trust_honest_1,p1876,85
1873,difficult dog,trust_honest_1,p1877,78
1874,difficult dog,trust_honest_1,p1880,62
1875,difficult dog,trust_honest_1,p1883,65
1876,difficult dog,trust_honest_1,p1889,45
1877,difficult dog,trust_honest_1,p1893,78
1878,difficult dog,trust_honest_1,p1896,78
1879,difficult dog,trust_honest_1,p1913,65
1880,difficult dog,trust_honest_1,p1922,85
1881,difficult dog,trust_honest_1,p1930,78
1882,difficult dog,trust_honest_1,p1935,68
1883,difficult dog,trust_honest_1,p1940,78
1884,difficult dog,trust_honest_1,p1948,65
1885,difficult dog,trust_honest_1,p1950,68
1886,difficult dog,trust_honest_1,p1954,62
1887,difficult dog,trust_honest_1,p1956,45
1888,difficult dog,trust_honest_1,p1958,68
1889,difficult dog,trust_honest_1,p1967,78
1890,difficult dog,trust_honest_1,p1973,88
1891,difficult dog,trust_honest_1,p1978,68
1892,difficult dog,trust_honest_1,p1983,45
1893,difficult dog,trust_honest_1,p1984,55
1894,difficult dog,trust_honest_1,p1995,68
1895,difficult dog,trust_honest_1,p1996,65
1896,difficult dog,trust_honest_1,p1997,72
1897,difficult dog,trust_honest_1,p2001,78
1898,difficult dog,trust_honest_1,p2002,65
1899,difficult dog,trust_honest_1,p2013,82
1900,difficult dog,trust_honest_1,p2014,62
1901,difficult dog,trust_honest_1,p2016,78
1902,difficult dog,trust_honest_1,p2018,62
1903,difficult dog,trust_honest_1,p2023,85
1904,difficult dog,trust_honest_1,p2025,75
1905,difficult dog,trust_honest_1,p2028,68
1906,difficult dog,trust_honest_1,p2030,78
1907,difficult dog,trust_honest_1,p2033,75
1908,difficult dog,trust_honest_1,p2040,45
1909,difficult dog,trust_honest_1,p2051,65
1910,difficult dog,trust_honest_1,p2052,78
1911,difficult dog,trust_honest_1,p2066,55
1912,difficult dog,trust_honest_1,p2067,75
1913,difficult dog,trust_honest_1,p2073,78
1914,difficult dog,trust_honest_1,p2077,65
1915,difficult dog,trust_honest_1,p2078,75
1916,difficult dog,trust_honest_1,p2086,78
1917,difficult dog,trust_honest_1,p2089,78
1918,difficult dog,trust_honest_1,p2093,35
1919,difficult dog,trust_honest_1,p2094,78
1920,difficult dog,trust_honest_1,p2111,75
1921,difficult dog,trust_honest_1,p2117,78
1922,difficult dog,trust_honest_1,p2121,78
1923,difficult dog,trust_honest_1,p2127,65
1924,difficult dog,trust_honest_1,p2141,75
1925,difficult dog,trust_honest_1,p2142,45
1926,difficult dog,trust_honest_1,p2143,78
1927,difficult dog,trust_honest_1,p2153,75
1928,difficult dog,trust_honest_1,p2155,62
1929,difficult dog,trust_honest_1,p2169,62
1930,difficult dog,trust_honest_1,p2187,68
1931,difficult dog,trust_honest_1,p2188,78
1932,difficult dog,trust_honest_1,p2197,65
1933,difficult dog,trust_honest_1,p2213,68
1934,difficult dog,trust_honest_1,p2214,72
1935,difficult dog,trust_honest_1,p2215,75
1936,difficult dog,trust_honest_1,p2220,68
1937,difficult dog,trust_honest_1,p2223,62
1938,difficult dog,trust_honest_1,p2229,62
1939,difficult dog,trust_honest_1,p2234,85
1940,difficult dog,trust_honest_1,p2237,78
1941,difficult dog,trust_honest_1,p2238,68
1942,difficult dog,trust_honest_1,p2244,75
1943,difficult dog,trust_honest_1,p2248,68
1944,difficult dog,trust_honest_1,p2252,78
1945,difficult dog,trust_honest_1,p2255,35
1946,difficult dog,trust_honest_1,p2261,45
1947,difficult dog,trust_honest_1,p2263,68
1948,difficult dog,trust_honest_1,p2273,62
1949,difficult dog,trust_honest_1,p2275,78
1950,difficult dog,trust_honest_1,p2276,62
1951,difficult dog,trust_honest_1,p2283,62
1952,difficult dog,trust_honest_1,p2287,78
1953,difficult dog,trust_honest_1,p2296,62
1954,difficult dog,trust_honest_1,p2298,65
1955,difficult dog,trust_honest_1,p2304,78
1956,difficult dog,trust_honest_1,p2310,62
1957,difficult dog,trust_honest_1,p2322,45
1958,difficult dog,trust_honest_1,p2326,72
1959,difficult dog,trust_honest_1,p2330,65
1960,difficult dog,trust_honest_1,p2331,75
1961,difficult dog,trust_honest_1,p2333,62
1962,difficult dog,trust_honest_1,p2347,78
1963,difficult dog,trust_honest_1,p2350,75
1964,difficult dog,trust_honest_1,p2351,68
1965,difficult dog,trust_honest_1,p2353,68
1966,difficult dog,trust_honest_1,p2355,75
1967,difficult dog,trust_honest_1,p2363,65
1968,difficult dog,trust_honest_1,p2378,78
1969,difficult dog,trust_honest_1,p2380,82
1970,difficult dog,trust_honest_1,p2387,68
1971,difficult dog,trust_honest_1,p2398,72
1972,difficult dog,trust_honest_1,p2400,78
1973,difficult dog,trust_honest_1,p2403,78
1974,difficult dog,trust_honest_1,p2408,45
1975,difficult dog,trust_honest_1,p2418,72
1976,difficult dog,trust_honest_1,p2426,78
1977,difficult dog,trust_honest_1,p2428,62
1978,difficult dog,trust_honest_1,p2434,78
1979,difficult dog,trust_honest_1,p2446,45
1980,difficult dog,trust_honest_1,p2452,65
1981,difficult dog,trust_honest_1,p2454,62
1982,difficult dog,trust_honest_1,p2462,78
1983,difficult dog,trust_honest_1,p2467,25
1984,difficult dog,trust_honest_1,p2482,65
1985,difficult dog,trust_honest_1,p2489,62
1986,difficult dog,trust_honest_1,p2490,68
1987,difficult dog,trust_honest_1,p2494,55
1988,difficult dog,trust_honest_1,p2502,78
1989,difficult dog,trust_honest_1,p2503,68
1990,difficult dog,trust_honest_1,p2522,78
1991,difficult dog,trust_honest_1,p2524,78
1992,difficult dog,trust_honest_1,p2533,45
1993,difficult dog,trust_honest_1,p2566,68
1994,difficult dog,trust_honest_1,p2571,78
1995,difficult dog,trust_honest_1,p2573,62
1996,difficult dog,trust_honest_1,p2582,75
1997,difficult dog,trust_honest_1,p2591,65
1998,difficult dog,trust_honest_1,p2592,72
1999,difficult dog,trust_honest_1,p2595,45
2000,difficult dog,trust_ethical_1,p0016,78
2001,difficult dog,trust_ethical_1,p0022,78
2002,difficult dog,trust_ethical_1,p0023,82
2003,difficult dog,trust_ethical_1,p0026,78
2004,difficult dog,trust_ethical_1,p0034,68
2005,difficult dog,trust_ethical_1,p0036,68
2006,difficult dog,trust_ethical_1,p0037,78
2007,difficult dog,trust_ethical_1,p0042,75
2008,difficult dog,trust_ethical_1,p0057,78
2009,difficult dog,trust_ethical_1,p0066,78
2010,difficult dog,trust_ethical_1,p0069,75
2011,difficult dog,trust_ethical_1,p0072,85
2012,difficult dog,trust_ethical_1,p0073,78
2013,difficult dog,trust_ethical_1,p0082,82
2014,difficult dog,trust_ethical_1,p0091,82
2015,difficult dog,trust_ethical_1,p0092,78
2016,difficult dog,trust_ethical_1,p0093,78
2017,difficult dog,trust_ethical_1,p0095,78
2018,difficult dog,trust_ethical_1,p0107,62
2019,difficult dog,trust_ethical_1,p0114,85
2020,difficult dog,trust_ethical_1,p0116,68
2021,difficult dog,trust_ethical_1,p0118,68
2022,difficult dog,trust_ethical_1,p0119,82
2023,difficult dog,trust_ethical_1,p0126,75
2024,difficult dog,trust_ethical_1,p0129,85
2025,difficult dog,trust_ethical_1,p0136,68
2026,difficult dog,trust_ethical_1,p0138,68
2027,difficult dog,trust_ethical_1,p0144,68
2028,difficult dog,trust_ethical_1,p0150,75
2029,difficult dog,trust_ethical_1,p0152,68
2030,difficult dog,trust_ethical_1,p0158,68
2031,difficult dog,trust_ethical_1,p0161,78
2032,difficult dog,trust_ethical_1,p0164,65
2033,difficult dog,trust_ethical_1,p0175,78
2034,difficult dog,trust_ethical_1,p0177,78
2035,difficult dog,trust_ethical_1,p0178,85
2036,difficult dog,trust_ethical_1,p0181,45
2037,difficult dog,trust_ethical_1,p0186,75
2038,difficult dog,trust_ethical_1,p0196,78
2039,difficult dog,trust_ethical_1,p0198,82
2040,difficult dog,trust_ethical_1,p0202,78
2041,difficult dog,trust_ethical_1,p0205,68
2042,difficult dog,trust_ethical_1,p0207,75
2043,difficult dog,trust_ethical_1,p0211,68
2044,difficult dog,trust_ethical_1,p0227,85
2045,difficult dog,trust_ethical_1,p0229,78
2046,difficult dog,trust_ethical_1,p0232,78
2047,difficult dog,trust_ethical_1,p0233,75
2048,difficult dog,trust_ethical_1,p0237,85
2049,difficult dog,trust_ethical_1,p0258,78
2050,difficult dog,trust_ethical_1,p0268,65
2051,difficult dog,trust_ethical_1,p0274,78
2052,difficult dog,trust_ethical_1,p0275,45
2053,difficult dog,trust_ethical_1,p0277,68
2054,difficult dog,trust_ethical_1,p0288,88
2055,difficult dog,trust_ethical_1,p0291,78
2056,difficult dog,trust_ethical_1,p0307,68
2057,difficult dog,trust_ethical_1,p0308,78
2058,difficult dog,trust_ethical_1,p0317,62
2059,difficult dog,trust_ethical_1,p0325,85
2060,difficult dog,trust_ethical_1,p0327,82
2061,difficult dog,trust_ethical_1,p0334,78
2062,difficult dog,trust_ethical_1,p0336,82
2063,difficult dog,trust_ethical_1,p0338,62
2064,difficult dog,trust_ethical_1,p0342,78
2065,difficult dog,trust_ethical_1,p0349,68
2066,difficult dog,trust_ethical_1,p0356,75
2067,difficult dog,trust_ethical_1,p0358,78
2068,difficult dog,trust_ethical_1,p0363,78
2069,difficult dog,trust_ethical_1,p0364,82
2070,difficult dog,trust_ethical_1,p0369,85
2071,difficult dog,trust_ethical_1,p0370,68
2072,difficult dog,trust_ethical_1,p0371,68
2073,difficult dog,trust_ethical_1,p0379,65
2074,difficult dog,trust_ethical_1,p0386,85
2075,difficult dog,trust_ethical_1,p0396,78
2076,difficult dog,trust_ethical_1,p0403,78
2077,difficult dog,trust_ethical_1,p0405,82
2078,difficult dog,trust_ethical_1,p0412,78
2079,difficult dog,trust_ethical_1,p0415,45
2080,difficult dog,trust_ethical_1,p0416,78
2081,difficult dog,trust_ethical_1,p0417,78
2082,difficult dog,trust_ethical_1,p0418,68
2083,difficult dog,trust_ethical_1,p0430,85
2084,difficult dog,trust_ethical_1,p0431,82
2085,difficult dog,trust_ethical_1,p0434,25
2086,difficult dog,trust_ethical_1,p0438,82
2087,difficult dog,trust_ethical_1,p0441,78
2088,difficult dog,trust_ethical_1,p0442,45
2089,difficult dog,trust_ethical_1,p0449,65
2090,difficult dog,trust_ethical_1,p0450,78
2091,difficult dog,trust_ethical_1,p0465,68
2092,difficult dog,trust_ethical_1,p0471,75
2093,difficult dog,trust_ethical_1,p0477,68
2094,difficult dog,trust_ethical_1,p0483,78
2095,difficult dog,trust_ethical_1,p0486,78
2096,difficult dog,trust_ethical_1,p0487,78
2097,difficult dog,trust_ethical_1,p0489,78
2098,difficult dog,trust_ethical_1,p0497,65
2099,difficult dog,trust_ethical_1,p0502,68
2100,difficult dog,trust_ethical_1,p0503,78
2101,difficult dog,trust_ethical_1,p0506,68
2102,difficult dog,trust_ethical_1,p0511,82
2103,difficult dog,trust_ethical_1,p0523,78
2104,difficult dog,trust_ethical_1,p0534,85
2105,difficult dog,trust_ethical_1,p0536,72
2106,difficult dog,trust_ethical_1,p0542,45
2107,difficult dog,trust_ethical_1,p0547,82
2108,difficult dog,trust_ethical_1,p0553,78
2109,difficult dog,trust_ethical_1,p0559,82
2110,difficult dog,trust_ethical_1,p0566,78
2111,difficult dog,trust_ethical_1,p0568,78
2112,difficult dog,trust_ethical_1,p0570,65
2113,difficult dog,trust_ethical_1,p0573,78
2114,difficult dog,trust_ethical_1,p0578,72
2115,difficult dog,trust_ethical_1,p0594,68
2116,difficult dog,trust_ethical_1,p0597,78
2117,difficult dog,trust_ethical_1,p0601,78
2118,difficult dog,trust_ethical_1,p0602,65
2119,difficult dog,trust_ethical_1,p0605,68
2120,difficult dog,trust_ethical_1,p0615,72
2121,difficult dog,trust_ethical_1,p0620,78
2122,difficult dog,trust_ethical_1,p0626,78
2123,difficult dog,trust_ethical_1,p0629,82
2124,difficult dog,trust_ethical_1,p0633,68
2125,difficult dog,trust_ethical_1,p0638,78
2126,difficult dog,trust_ethical_1,p0639,78
2127,difficult dog,trust_ethical_1,p0640,68
2128,difficult dog,trust_ethical_1,p0655,78
2129,difficult dog,trust_ethical_1,p0656,78
2130,difficult dog,trust_ethical_1,p0658,68
2131,difficult dog,trust_ethical_1,p0661,72
2132,difficult dog,trust_ethical_1,p0669,78
2133,difficult dog,trust_ethical_1,p0670,68
2134,difficult dog,trust_ethical_1,p0672,78
2135,difficult dog,trust_ethical_1,p0674,78
2136,difficult dog,trust_ethical_1,p0678,78
2137,difficult dog,trust_ethical_1,p0683,78
2138,difficult dog,trust_ethical_1,p0686,68
2139,difficult dog,trust_ethical_1,p0687,82
2140,difficult dog,trust_ethical_1,p0698,75
2141,difficult dog,trust_ethical_1,p0700,68
2142,difficult dog,trust_ethical_1,p0703,78
2143,difficult dog,trust_ethical_1,p0718,78
2144,difficult dog,trust_ethical_1,p0744,85
2145,difficult dog,trust_ethical_1,p0745,78
2146,difficult dog,trust_ethical_1,p0753,65
2147,difficult dog,trust_ethical_1,p0770,78
2148,difficult dog,trust_ethical_1,p0771,78
2149,difficult dog,trust_ethical_1,p0777,88
2150,difficult dog,trust_ethical_1,p0779,78
2151,difficult dog,trust_ethical_1,p0780,68
2152,difficult dog,trust_ethical_1,p0783,65
2153,difficult dog,trust_ethical_1,p0785,78
2154,difficult dog,trust_ethical_1,p0786,62
2155,difficult dog,trust_ethical_1,p0794,45
2156,difficult dog,trust_ethical_1,p0798,45
2157,difficult dog,trust_ethical_1,p0800,78
2158,difficult dog,trust_ethical_1,p0820,45
2159,difficult dog,trust_ethical_1,p0841,75
2160,difficult dog,trust_ethical_1,p0849,68
2161,difficult dog,trust_ethical_1,p0862,85
2162,difficult dog,trust_ethical_1,p0867,78
2163,difficult dog,trust_ethical_1,p0869,78
2164,difficult dog,trust_ethical_1,p0872,82
2165,difficult dog,trust_ethical_1,p0880,78
2166,difficult dog,trust_ethical_1,p0891,68
2167,difficult dog,trust_ethical_1,p0916,78
2168,difficult dog,trust_ethical_1,p0917,78
2169,difficult dog,trust_ethical_1,p0919,85
2170,difficult dog,trust_ethical_1,p0922,75
2171,difficult dog,trust_ethical_1,p0925,78
2172,difficult dog,trust_ethical_1,p0927,82
2173,difficult dog,trust_ethical_1,p0929,78
2174,difficult dog,trust_ethical_1,p0930,75
2175,difficult dog,trust_ethical_1,p0931,65
2176,difficult dog,trust_ethical_1,p0933,78
2177,difficult dog,trust_ethical_1,p0934,68
2178,difficult dog,trust_ethical_1,p0936,78
2179,difficult dog,trust_ethical_1,p0938,78
2180,difficult dog,trust_ethical_1,p0939,72
2181,difficult dog,trust_ethical_1,p0946,72
2182,difficult dog,trust_ethical_1,p0951,68
2183,difficult dog,trust_ethical_1,p0956,78
2184,difficult dog,trust_ethical_1,p0962,75
2185,difficult dog,trust_ethical_1,p0963,78
2186,difficult dog,trust_ethical_1,p0969,68
2187,difficult dog,trust_ethical_1,p0972,68
2188,difficult dog,trust_ethical_1,p0975,75
2189,difficult dog,trust_ethical_1,p0985,65
2190,difficult dog,trust_ethical_1,p0993,85
2191,difficult dog,trust_ethical_1,p0996,72
2192,difficult dog,trust_ethical_1,p1011,68
2193,difficult dog,trust_ethical_1,p1017,65
2194,difficult dog,trust_ethical_1,p1020,78
2195,difficult dog,trust_ethical_1,p1022,85
2196,difficult dog,trust_ethical_1,p1024,55
2197,difficult dog,trust_ethical_1,p1027,85
2198,difficult dog,trust_ethical_1,p1028,85
2199,difficult dog,trust_ethical_1,p1029,65
2200,difficult dog,trust_ethical_1,p1032,75
2201,difficult dog,trust_ethical_1,p1040,85
2202,difficult dog,trust_ethical_1,p1047,65
2203,difficult dog,trust_ethical_1,p1048,68
2204,difficult dog,trust_ethical_1,p1053,68
2205,difficult dog,trust_ethical_1,p1057,68
2206,difficult dog,trust_ethical_1,p1058,68
2207,difficult dog,trust_ethical_1,p1063,68
2208,difficult dog,trust_ethical_1,p1064,82
2209,difficult dog,trust_ethical_1,p1065,68
2210,difficult dog,trust_ethical_1,p1069,75
2211,difficult dog,trust_ethical_1,p1072,78
2212,difficult dog,trust_ethical_1,p1073,78
2213,difficult dog,trust_ethical_1,p1075,82
2214,difficult dog,trust_ethical_1,p1076,65
2215,difficult dog,trust_ethical_1,p1083,68
2216,difficult dog,trust_ethical_1,p1089,82
2217,difficult dog,trust_ethical_1,p1093,78
2218,difficult dog,trust_ethical_1,p1096,78
2219,difficult dog,trust_ethical_1,p1100,75
2220,difficult dog,trust_ethical_1,p1106,78
2221,difficult dog,trust_ethical_1,p1107,72
2222,difficult dog,trust_ethical_1,p1113,75
2223,difficult dog,trust_ethical_1,p1117,65
2224,difficult dog,trust_ethical_1,p1120,68
2225,difficult dog,trust_ethical_1,p1134,78
2226,difficult dog,trust_ethical_1,p1136,68
2227,difficult dog,trust_ethical_1,p1138,78
2228,difficult dog,trust_ethical_1,p1144,65
2229,difficult dog,trust_ethical_1,p1145,85
2230,difficult dog,trust_ethical_1,p1147,88
2231,difficult dog,trust_ethical_1,p1148,85
2232,difficult dog,trust_ethical_1,p1154,85
2233,difficult dog,trust_ethical_1,p1159,78
2234,difficult dog,trust_ethical_1,p1167,78
2235,difficult dog,trust_ethical_1,p1175,78
2236,difficult dog,trust_ethical_1,p1178,72
2237,difficult dog,trust_ethical_1,p1184,68
2238,difficult dog,trust_ethical_1,p1186,78
2239,difficult dog,trust_ethical_1,p1196,75
2240,difficult dog,trust_ethical_1,p1197,68
2241,difficult dog,trust_ethical_1,p1203,78
2242,difficult dog,trust_ethical_1,p1219,68
2243,difficult dog,trust_ethical_1,p1225,68
2244,difficult dog,trust_ethical_1,p1234,78
2245,difficult dog,trust_ethical_1,p1242,68
2246,difficult dog,trust_ethical_1,p1244,78
2247,difficult dog,trust_ethical_1,p1249,65
2248,difficult dog,trust_ethical_1,p1250,78
2249,difficult dog,trust_ethical_1,p1256,78
2250,difficult dog,trust_ethical_1,p1258,78
2251,difficult dog,trust_ethical_1,p1260,75
2252,difficult dog,trust_ethical_1,p1262,68
2253,difficult dog,trust_ethical_1,p1264,78
2254,difficult dog,trust_ethical_1,p1265,78
2255,difficult dog,trust_ethical_1,p1269,75
2256,difficult dog,trust_ethical_1,p1272,78
2257,difficult dog,trust_ethical_1,p1278,82
2258,difficult dog,trust_ethical_1,p1281,75
2259,difficult dog,trust_ethical_1,p1292,68
2260,difficult dog,trust_ethical_1,p1299,72
2261,difficult dog,trust_ethical_1,p1312,72
2262,difficult dog,trust_ethical_1,p1322,78
2263,difficult dog,trust_ethical_1,p1326,78
2264,difficult dog,trust_ethical_1,p1330,78
2265,difficult dog,trust_ethical_1,p1335,78
2266,difficult dog,trust_ethical_1,p1337,78
2267,difficult dog,trust_ethical_1,p1340,78
2268,difficult dog,trust_ethical_1,p1345,78
2269,difficult dog,trust_ethical_1,p1351,65
2270,difficult dog,trust_ethical_1,p1355,68
2271,difficult dog,trust_ethical_1,p1362,75
2272,difficult dog,trust_ethical_1,p1365,68
2273,difficult dog,trust_ethical_1,p1366,45
2274,difficult dog,trust_ethical_1,p1367,62
2275,difficult dog,trust_ethical_1,p1370,78
2276,difficult dog,trust_ethical_1,p1371,88
2277,difficult dog,trust_ethical_1,p1373,75
2278,difficult dog,trust_ethical_1,p1375,68
2279,difficult dog,trust_ethical_1,p1376,68
2280,difficult dog,trust_ethical_1,p1379,68
2281,difficult dog,trust_ethical_1,p1381,72
2282,difficult dog,trust_ethical_1,p1393,78
2283,difficult dog,trust_ethical_1,p1396,85
2284,difficult dog,trust_ethical_1,p1398,78
2285,difficult dog,trust_ethical_1,p1404,85
2286,difficult dog,trust_ethical_1,p1406,78
2287,difficult dog,trust_ethical_1,p1407,68
2288,difficult dog,trust_ethical_1,p1409,78
2289,difficult dog,trust_ethical_1,p1412,78
2290,difficult dog,trust_ethical_1,p1414,85
2291,difficult dog,trust_ethical_1,p1424,78
2292,difficult dog,trust_ethical_1,p1425,68
2293,difficult dog,trust_ethical_1,p1429,75
2294,difficult dog,trust_ethical_1,p1434,78
2295,difficult dog,trust_ethical_1,p1441,68
2296,difficult dog,trust_ethical_1,p1445,68
2297,difficult dog,trust_ethical_1,p1450,78
2298,difficult dog,trust_ethical_1,p1454,78
2299,difficult dog,trust_ethical_1,p1456,65
2300,difficult dog,trust_ethical_1,p1457,68
2301,difficult dog,trust_ethical_1,p1458,82
2302,difficult dog,trust_ethical_1,p1469,78
2303,difficult dog,trust_ethical_1,p1470,68
2304,difficult dog,trust_ethical_1,p1481,78
2305,difficult dog,trust_ethical_1,p1488,78
2306,difficult dog,trust_ethical_1,p1492,65
2307,difficult dog,trust_ethical_1,p1495,75
2308,difficult dog,trust_ethical_1,p1497,75
2309,difficult dog,trust_ethical_1,p1499,78
2310,difficult dog,trust_ethical_1,p1503,78
2311,difficult dog,trust_ethical_1,p1511,82
2312,difficult dog,trust_ethical_1,p1512,68
2313,difficult dog,trust_ethical_1,p1518,75
2314,difficult dog,trust_ethical_1,p1519,75
2315,difficult dog,trust_ethical_1,p1520,65
2316,difficult dog,trust_ethical_1,p1524,78
2317,difficult dog,trust_ethical_1,p1526,68
2318,difficult dog,trust_ethical_1,p1537,78
2319,difficult dog,trust_ethical_1,p1545,78
2320,difficult dog,trust_ethical_1,p1547,78
2321,difficult dog,trust_ethical_1,p1552,85
2322,difficult dog,trust_ethical_1,p1567,78
2323,difficult dog,trust_ethical_1,p1568,78
2324,difficult dog,trust_ethical_1,p1579,45
2325,difficult dog,trust_ethical_1,p1587,45
2326,difficult dog,trust_ethical_1,p1596,68
2327,difficult dog,trust_ethical_1,p1600,82
2328,difficult dog,trust_ethical_1,p1603,72
2329,difficult dog,trust_ethical_1,p1604,78
2330,difficult dog,trust_ethical_1,p1610,78
2331,difficult dog,trust_ethical_1,p1618,65
2332,difficult dog,trust_ethical_1,p1619,88
2333,difficult dog,trust_ethical_1,p1622,78
2334,difficult dog,trust_ethical_1,p1623,45
2335,difficult dog,trust_ethical_1,p1630,65
2336,difficult dog,trust_ethical_1,p1641,78
2337,difficult dog,trust_ethical_1,p1649,68
2338,difficult dog,trust_ethical_1,p1652,68
2339,difficult dog,trust_ethical_1,p1665,68
2340,difficult dog,trust_ethical_1,p1669,68
2341,difficult dog,trust_ethical_1,p1685,75
2342,difficult dog,trust_ethical_1,p1693,78
2343,difficult dog,trust_ethical_1,p1698,78
2344,difficult dog,trust_ethical_1,p1704,72
2345,difficult dog,trust_ethical_1,p1711,82
2346,difficult dog,trust_ethical_1,p1718,45
2347,difficult dog,trust_ethical_1,p1732,68
2348,difficult dog,trust_ethical_1,p1739,78
2349,difficult dog,trust_ethical_1,p1741,78
2350,difficult dog,trust_ethical_1,p1746,68
2351,difficult dog,trust_ethical_1,p1751,65
2352,difficult dog,trust_ethical_1,p1754,82
2353,difficult dog,trust_ethical_1,p1769,68
2354,difficult dog,trust_ethical_1,p1771,78
2355,difficult dog,trust_ethical_1,p1776,75
2356,difficult dog,trust_ethical_1,p1780,78
2357,difficult dog,trust_ethical_1,p1785,65
2358,difficult dog,trust_ethical_1,p1791,82
2359,difficult dog,trust_ethical_1,p1793,78
2360,difficult dog,trust_ethical_1,p1796,72
2361,difficult dog,trust_ethical_1,p1805,65
2362,difficult dog,trust_ethical_1,p1812,85
2363,difficult dog,trust_ethical_1,p1816,68
2364,difficult dog,trust_ethical_1,p1819,78
2365,difficult dog,trust_ethical_1,p1825,82
2366,difficult dog,trust_ethical_1,p1836,85
2367,difficult dog,trust_ethical_1,p1839,78
2368,difficult dog,trust_ethical_1,p1861,75
2369,difficult dog,trust_ethical_1,p1863,78
2370,difficult dog,trust_ethical_1,p1873,72
2371,difficult dog,trust_ethical_1,p1875,72
2372,difficult dog,trust_ethical_1,p1876,85
2373,difficult dog,trust_ethical_1,p1877,85
2374,difficult dog,trust_ethical_1,p1880,68
2375,difficult dog,trust_ethical_1,p1883,65
2376,difficult dog,trust_ethical_1,p1889,45
2377,difficult dog,trust_ethical_1,p1893,82
2378,difficult dog,trust_ethical_1,p1896,78
2379,difficult dog,trust_ethical_1,p1913,68
2380,difficult dog,trust_ethical_1,p1922,85
2381,difficult dog,trust_ethical_1,p1930,78
2382,difficult dog,trust_ethical_1,p1935,78
2383,difficult dog,trust_ethical_1,p1940,82
2384,difficult dog,trust_ethical_1,p1948,68
2385,difficult dog,trust_ethical_1,p1950,75
2386,difficult dog,trust_ethical_1,p1954,65
2387,difficult dog,trust_ethical_1,p1956,45
2388,difficult dog,trust_ethical_1,p1958,78
2389,difficult dog,trust_ethical_1,p1967,78
2390,difficult dog,trust_ethical_1,p1973,88
2391,difficult dog,trust_ethical_1,p1978,72
2392,difficult dog,trust_ethical_1,p1983,65
2393,difficult dog,trust_ethical_1,p1984,68
2394,difficult dog,trust_ethical_1,p1995,68
2395,difficult dog,trust_ethical_1,p1996,65
2396,difficult dog,trust_ethical_1,p1997,78
2397,difficult dog,trust_ethical_1,p2001,78
2398,difficult dog,trust_ethical_1,p2002,75
2399,difficult dog,trust_ethical_1,p2013,82
2400,difficult dog,trust_ethical_1,p2014,68
2401,difficult dog,trust_ethical_1,p2016,78
2402,difficult dog,trust_ethical_1,p2018,68
2403,difficult dog,trust_ethical_1,p2023,85
2404,difficult dog,trust_ethical_1,p2025,85
2405,difficult dog,trust_ethical_1,p2028,78
2406,difficult dog,trust_ethical_1,p2030,78
2407,difficult dog,trust_ethical_1,p2033,78
2408,difficult dog,trust_ethical_1,p2040,45
2409,difficult dog,trust_ethical_1,p2051,75
2410,difficult dog,trust_ethical_1,p2052,78
2411,difficult dog,trust_ethical_1,p2066,65
2412,difficult dog,trust_ethical_1,p2067,78
2413,difficult dog,trust_ethical_1,p2073,82
2414,difficult dog,trust_ethical_1,p2077,68
2415,difficult dog,trust_ethical_1,p2078,78
2416,difficult dog,trust_ethical_1,p2086,78
2417,difficult dog,trust_ethical_1,p2089,85
2418,difficult dog,trust_ethical_1,p2093,45
2419,difficult dog,trust_ethical_1,p2094,78
2420,difficult dog,trust_ethical_1,p2111,78
2421,difficult dog,trust_ethical_1,p2117,78
2422,difficult dog,trust_ethical_1,p2121,78
2423,difficult dog,trust_ethical_1,p2127,68
2424,difficult dog,trust_ethical_1,p2141,75
2425,difficult dog,trust_ethical_1,p2142,45
2426,difficult dog,trust_ethical_1,p2143,78
2427,difficult dog,trust_ethical_1,p2153,78
2428,difficult dog,trust_ethical_1,p2155,62
2429,difficult dog,trust_ethical_1,p2169,65
2430,difficult dog,trust_ethical_1,p2187,75
2431,difficult dog,trust_ethical_1,p2188,78
2432,difficult dog,trust_ethical_1,p2197,65
2433,difficult dog,trust_ethical_1,p2213,68
2434,difficult dog,trust_ethical_1,p2214,78
2435,difficult dog,trust_ethical_1,p2215,75
2436,difficult dog,trust_ethical_1,p2220,68
2437,difficult dog,trust_ethical_1,p2223,68
2438,difficult dog,trust_ethical_1,p2229,68
2439,difficult dog,trust_ethical_1,p2234,85
2440,difficult dog,trust_ethical_1,p2237,78
2441,difficult dog,trust_ethical_1,p2238,75
2442,difficult dog,trust_ethical_1,p2244,78
2443,difficult dog,trust_ethical_1,p2248,68
2444,difficult dog,trust_ethical_1,p2252,78
2445,difficult dog,trust_ethical_1,p2255,35
2446,difficult dog,trust_ethical_1,p2261,45
2447,difficult dog,trust_ethical_1,p2263,78
2448,difficult dog,trust_ethical_1,p2273,68
2449,difficult dog,trust_ethical_1,p2275,78
2450,difficult dog,trust_ethical_1,p2276,62
2451,difficult dog,trust_ethical_1,p2283,65
2452,difficult dog,trust_ethical_1,p2287,78
2453,difficult dog,trust_ethical_1,p2296,68
2454,difficult dog,trust_ethical_1,p2298,75
2455,difficult dog,trust_ethical_1,p2304,78
2456,difficult dog,trust_ethical_1,p2310,62
2457,difficult dog,trust_ethical_1,p2322,62
2458,difficult dog,trust_ethical_1,p2326,78
2459,difficult dog,trust_ethical_1,p2330,65
2460,difficult dog,trust_ethical_1,p2331,75
2461,difficult dog,trust_ethical_1,p2333,68
2462,difficult dog,trust_ethical_1,p2347,78
2463,difficult dog,trust_ethical_1,p2350,75
2464,difficult dog,trust_ethical_1,p2351,68
2465,difficult dog,trust_ethical_1,p2353,78
2466,difficult dog,trust_ethical_1,p2355,75
2467,difficult dog,trust_ethical_1,p2363,75
2468,difficult dog,trust_ethical_1,p2378,78
2469,difficult dog,trust_ethical_1,p2380,82
2470,difficult dog,trust_ethical_1,p2387,78
2471,difficult dog,trust_ethical_1,p2398,78
2472,difficult dog,trust_ethical_1,p2400,82
2473,difficult dog,trust_ethical_1,p2403,82
2474,difficult dog,trust_ethical_1,p2408,45
2475,difficult dog,trust_ethical_1,p2418,78
2476,difficult dog,trust_ethical_1,p2426,78
2477,difficult dog,trust_ethical_1,p2428,62
2478,difficult dog,trust_ethical_1,p2434,78
2479,difficult dog,trust_ethical_1,p2446,65
2480,difficult dog,trust_ethical_1,p2452,68
2481,difficult dog,trust_ethical_1,p2454,68
2482,difficult dog,trust_ethical_1,p2462,78
2483,difficult dog,trust_ethical_1,p2467,25
2484,difficult dog,trust_ethical_1,p2482,68
2485,difficult dog,trust_ethical_1,p2489,68
2486,difficult dog,trust_ethical_1,p2490,72
2487,difficult dog,trust_ethical_1,p2494,68
2488,difficult dog,trust_ethical_1,p2502,78
2489,difficult dog,trust_ethical_1,p2503,78
2490,difficult dog,trust_ethical_1,p2522,78
2491,difficult dog,trust_ethical_1,p2524,78
2492,difficult dog,trust_ethical_1,p2533,65
2493,difficult dog,trust_ethical_1,p2566,78
2494,difficult dog,trust_ethical_1,p2571,78
2495,difficult dog,trust_ethical_1,p2573,68
2496,difficult dog,trust_ethical_1,p2582,78
2497,difficult dog,trust_ethical_1,p2591,68
2498,difficult dog,trust_ethical_1,p2592,78
2499,difficult dog,trust_ethical_1,p2595,45
2500,difficult dog,trust_sincere_1,p0016,78
2501,difficult dog,trust_sincere_1,p0022,75
2502,difficult dog,trust_sincere_1,p0023,78
2503,difficult dog,trust_sincere_1,p0026,75
2504,difficult dog,trust_sincere_1,p0034,62
2505,difficult dog,trust_sincere_1,p0036,65
2506,difficult dog,trust_sincere_1,p0037,65
2507,difficult dog,trust_sincere_1,p0042,68
2508,difficult dog,trust_sincere_1,p0057,68
2509,difficult dog,trust_sincere_1,p0066,75
2510,difficult dog,trust_sincere_1,p0069,65
2511,difficult dog,trust_sincere_1,p0072,78
2512,difficult dog,trust_sincere_1,p0073,72
2513,difficult dog,trust_sincere_1,p0082,78
2514,difficult dog,trust_sincere_1,p0091,78
2515,difficult dog,trust_sincere_1,p0092,68
2516,difficult dog,trust_sincere_1,p0093,78
2517,difficult dog,trust_sincere_1,p0095,78
2518,difficult dog,trust_sincere_1,p0107,62
2519,difficult dog,trust_sincere_1,p0114,78
2520,difficult dog,trust_sincere_1,p0116,68
2521,difficult dog,trust_sincere_1,p0118,68
2522,difficult dog,trust_sincere_1,p0119,78
2523,difficult dog,trust_sincere_1,p0126,68
2524,difficult dog,trust_sincere_1,p0129,78
2525,difficult dog,trust_sincere_1,p0136,62
2526,difficult dog,trust_sincere_1,p0138,62
2527,difficult dog,trust_sincere_1,p0144,68
2528,difficult dog,trust_sincere_1,p0150,68
2529,difficult dog,trust_sincere_1,p0152,62
2530,difficult dog,trust_sincere_1,p0158,58
2531,difficult dog,trust_sincere_1,p0161,65
2532,difficult dog,trust_sincere_1,p0164,65
2533,difficult dog,trust_sincere_1,p0175,78
2534,difficult dog,trust_sincere_1,p0177,78
2535,difficult dog,trust_sincere_1,p0178,78
2536,difficult dog,trust_sincere_1,p0181,45
2537,difficult dog,trust_sincere_1,p0186,68
2538,difficult dog,trust_sincere_1,p0196,68
2539,difficult dog,trust_sincere_1,p0198,78
2540,difficult dog,trust_sincere_1,p0202,75
2541,difficult dog,trust_sincere_1,p0205,62
2542,difficult dog,trust_sincere_1,p0207,65
2543,difficult dog,trust_sincere_1,p0211,45
2544,difficult dog,trust_sincere_1,p0227,78
2545,difficult dog,trust_sincere_1,p0229,68
2546,difficult dog,trust_sincere_1,p0232,78
2547,difficult dog,trust_sincere_1,p0233,65
2548,difficult dog,trust_sincere_1,p0237,82
2549,difficult dog,trust_sincere_1,p0258,65
2550,difficult dog,trust_sincere_1,p0268,45
2551,difficult dog,trust_sincere_1,p0274,78
2552,difficult dog,trust_sincere_1,p0275,35
2553,difficult dog,trust_sincere_1,p0277,68
2554,difficult dog,trust_sincere_1,p0288,75
2555,difficult dog,trust_sincere_1,p0291,78
2556,difficult dog,trust_sincere_1,p0307,62
2557,difficult dog,trust_sincere_1,p0308,72
2558,difficult dog,trust_sincere_1,p0317,45
2559,difficult dog,trust_sincere_1,p0325,78
2560,difficult dog,trust_sincere_1,p0327,78
2561,difficult dog,trust_sincere_1,p0334,78
2562,difficult dog,trust_sincere_1,p0336,78
2563,difficult dog,trust_sincere_1,p0338,55
2564,difficult dog,trust_sincere_1,p0342,78
2565,difficult dog,trust_sincere_1,p0349,58
2566,difficult dog,trust_sincere_1,p0356,65
2567,difficult dog,trust_sincere_1,p0358,78
2568,difficult dog,trust_sincere_1,p0363,72
2569,difficult dog,trust_sincere_1,p0364,78
2570,difficult dog,trust_sincere_1,p0369,78
2571,difficult dog,trust_sincere_1,p0370,62
2572,difficult dog,trust_sincere_1,p0371,68
2573,difficult dog,trust_sincere_1,p0379,62
2574,difficult dog,trust_sincere_1,p0386,78
2575,difficult dog,trust_sincere_1,p0396,78
2576,difficult dog,trust_sincere_1,p0403,78
2577,difficult dog,trust_sincere_1,p0405,78
2578,difficult dog,trust_sincere_1,p0412,75
2579,difficult dog,trust_sincere_1,p0415,45
2580,difficult dog,trust_sincere_1,p0416,78
2581,difficult dog,trust_sincere_1,p0417,78
2582,difficult dog,trust_sincere_1,p0418,62
2583,difficult dog,trust_sincere_1,p0430,78
2584,difficult dog,trust_sincere_1,p0431,78
2585,difficult dog,trust_sincere_1,p0434,35
2586,difficult dog,trust_sincere_1,p0438,78
2587,difficult dog,trust_sincere_1,p0441,78
2588,difficult dog,trust_sincere_1,p0442,45
2589,difficult dog,trust_sincere_1,p0449,55
2590,difficult dog,trust_sincere_1,p0450,75
2591,difficult dog,trust_sincere_1,p0465,62
2592,difficult dog,trust_sincere_1,p0471,68
2593,difficult dog,trust_sincere_1,p0477,68
2594,difficult dog,trust_sincere_1,p0483,68
2595,difficult dog,trust_sincere_1,p0486,75
2596,difficult dog,trust_sincere_1,p0487,78
2597,difficult dog,trust_sincere_1,p0489,78
2598,difficult dog,trust_sincere_1,p0497,45
2599,difficult dog,trust_sincere_1,p0502,62
2600,difficult dog,trust_sincere_1,p0503,78
2601,difficult dog,trust_sincere_1,p0506,62
2602,difficult dog,trust_sincere_1,p0511,78
2603,difficult dog,trust_sincere_1,p0523,68
2604,difficult dog,trust_sincere_1,p0534,78
2605,difficult dog,trust_sincere_1,p0536,68
2606,difficult dog,trust_sincere_1,p0542,45
2607,difficult dog,trust_sincere_1,p0547,78
2608,difficult dog,trust_sincere_1,p0553,78
2609,difficult dog,trust_sincere_1,p0559,78
2610,difficult dog,trust_sincere_1,p0566,72
2611,difficult dog,trust_sincere_1,p0568,68
2612,difficult dog,trust_sincere_1,p0570,45
2613,difficult dog,trust_sincere_1,p0573,68
2614,difficult dog,trust_sincere_1,p0578,68
2615,difficult dog,trust_sincere_1,p0594,58
2616,difficult dog,trust_sincere_1,p0597,78
2617,difficult dog,trust_sincere_1,p0601,68
2618,difficult dog,trust_sincere_1,p0602,62
2619,difficult dog,trust_sincere_1,p0605,68
2620,difficult dog,trust_sincere_1,p0615,68
2621,difficult dog,trust_sincere_1,p0620,78
2622,difficult dog,trust_sincere_1,p0626,65
2623,difficult dog,trust_sincere_1,p0629,78
2624,difficult dog,trust_sincere_1,p0633,62
2625,difficult dog,trust_sincere_1,p0638,68
2626,difficult dog,trust_sincere_1,p0639,68
2627,difficult dog,trust_sincere_1,p0640,62
2628,difficult dog,trust_sincere_1,p0655,78
2629,difficult dog,trust_sincere_1,p0656,65
2630,difficult dog,trust_sincere_1,p0658,65
2631,difficult dog,trust_sincere_1,p0661,68
2632,difficult dog,trust_sincere_1,p0669,78
2633,difficult dog,trust_sincere_1,p0670,68
2634,difficult dog,trust_sincere_1,p0672,75
2635,difficult dog,trust_sincere_1,p0674,78
2636,difficult dog,trust_sincere_1,p0678,78
2637,difficult dog,trust_sincere_1,p0683,68
2638,difficult dog,trust_sincere_1,p0686,45
2639,difficult dog,trust_sincere_1,p0687,78
2640,difficult dog,trust_sincere_1,p0698,68
2641,difficult dog,trust_sincere_1,p0700,68
2642,difficult dog,trust_sincere_1,p0703,68
2643,difficult dog,trust_sincere_1,p0718,68
2644,difficult dog,trust_sincere_1,p0744,78
2645,difficult dog,trust_sincere_1,p0745,78
2646,difficult dog,trust_sincere_1,p0753,55
2647,difficult dog,trust_sincere_1,p0770,78
2648,difficult dog,trust_sincere_1,p0771,78
2649,difficult dog,trust_sincere_1,p0777,82
2650,difficult dog,trust_sincere_1,p0779,78
2651,difficult dog,trust_sincere_1,p0780,62
2652,difficult dog,trust_sincere_1,p0783,62
2653,difficult dog,trust_sincere_1,p0785,68
2654,difficult dog,trust_sincere_1,p0786,55
2655,difficult dog,trust_sincere_1,p0794,35
2656,difficult dog,trust_sincere_1,p0798,35
2657,difficult dog,trust_sincere_1,p0800,75
2658,difficult dog,trust_sincere_1,p0820,45
2659,difficult dog,trust_sincere_1,p0841,65
2660,difficult dog,trust_sincere_1,p0849,72
2661,difficult dog,trust_sincere_1,p0862,82
2662,difficult dog,trust_sincere_1,p0867,78
2663,difficult dog,trust_sincere_1,p0869,78
2664,difficult dog,trust_sincere_1,p0872,78
2665,difficult dog,trust_sincere_1,p0880,78
2666,difficult dog,trust_sincere_1,p0891,72
2667,difficult dog,trust_sincere_1,p0916,78
2668,difficult dog,trust_sincere_1,p0917,78
2669,difficult dog,trust_sincere_1,p0919,78
2670,difficult dog,trust_sincere_1,p0922,68
2671,difficult dog,trust_sincere_1,p0925,78
2672,difficult dog,trust_sincere_1,p0927,78
2673,difficult dog,trust_sincere_1,p0929,68
2674,difficult dog,trust_sincere_1,p0930,68
2675,difficult dog,trust_sincere_1,p0931,45
2676,difficult dog,trust_sincere_1,p0933,68
2677,difficult dog,trust_sincere_1,p0934,45
2678,difficult dog,trust_sincere_1,p0936,78
2679,difficult dog,trust_sincere_1,p0938,78
2680,difficult dog,trust_sincere_1,p0939,68
2681,difficult dog,trust_sincere_1,p0946,68
2682,difficult dog,trust_sincere_1,p0951,68
2683,difficult dog,trust_sincere_1,p0956,72
2684,difficult dog,trust_sincere_1,p0962,75
2685,difficult dog,trust_sincere_1,p0963,78
2686,difficult dog,trust_sincere_1,p0969,68
2687,difficult dog,trust_sincere_1,p0972,68
2688,difficult dog,trust_sincere_1,p0975,68
2689,difficult dog,trust_sincere_1,p0985,62
2690,difficult dog,trust_sincere_1,p0993,78
2691,difficult dog,trust_sincere_1,p0996,68
2692,difficult dog,trust_sincere_1,p1011,62
2693,difficult dog,trust_sincere_1,p1017,55
2694,difficult dog,trust_sincere_1,p1020,75
2695,difficult dog,trust_sincere_1,p1022,78
2696,difficult dog,trust_sincere_1,p1024,45
2697,difficult dog,trust_sincere_1,p1027,82
2698,difficult dog,trust_sincere_1,p1028,78
2699,difficult dog,trust_sincere_1,p1029,62
2700,difficult dog,trust_sincere_1,p1032,68
2701,difficult dog,trust_sincere_1,p1040,78
2702,difficult dog,trust_sincere_1,p1047,65
2703,difficult dog,trust_sincere_1,p1048,68
2704,difficult dog,trust_sincere_1,p1053,62
2705,difficult dog,trust_sincere_1,p1057,65
2706,difficult dog,trust_sincere_1,p1058,62
2707,difficult dog,trust_sincere_1,p1063,55
2708,difficult dog,trust_sincere_1,p1064,78
2709,difficult dog,trust_sincere_1,p1065,62
2710,difficult dog,trust_sincere_1,p1069,65
2711,difficult dog,trust_sincere_1,p1072,75
2712,difficult dog,trust_sincere_1,p1073,78
2713,difficult dog,trust_sincere_1,p1075,78
2714,difficult dog,trust_sincere_1,p1076,55
2715,difficult dog,trust_sincere_1,p1083,62
2716,difficult dog,trust_sincere_1,p1089,78
2717,difficult dog,trust_sincere_1,p1093,75
2718,difficult dog,trust_sincere_1,p1096,78
2719,difficult dog,trust_sincere_1,p1100,75
2720,difficult dog,trust_sincere_1,p1106,78
2721,difficult dog,trust_sincere_1,p1107,68
2722,difficult dog,trust_sincere_1,p1113,75
2723,difficult dog,trust_sincere_1,p1117,45
2724,difficult dog,trust_sincere_1,p1120,62
2725,difficult dog,trust_sincere_1,p1134,68
2726,difficult dog,trust_sincere_1,p1136,58
2727,difficult dog,trust_sincere_1,p1138,65
2728,difficult dog,trust_sincere_1,p1144,62
2729,difficult dog,trust_sincere_1,p1145,82
2730,difficult dog,trust_sincere_1,p1147,78
2731,difficult dog,trust_sincere_1,p1148,78
2732,difficult dog,trust_sincere_1,p1154,78
2733,difficult dog,trust_sincere_1,p1159,75
2734,difficult dog,trust_sincere_1,p1167,78
2735,difficult dog,trust_sincere_1,p1175,78
2736,difficult dog,trust_sincere_1,p1178,68
2737,difficult dog,trust_sincere_1,p1184,68
2738,difficult dog,trust_sincere_1,p1186,78
2739,difficult dog,trust_sincere_1,p1196,65
2740,difficult dog,trust_sincere_1,p1197,62
2741,difficult dog,trust_sincere_1,p1203,78
2742,difficult dog,trust_sincere_1,p1219,68
2743,difficult dog,trust_sincere_1,p1225,68
2744,difficult dog,trust_sincere_1,p1234,75
2745,difficult dog,trust_sincere_1,p1242,62
2746,difficult dog,trust_sincere_1,p1244,75
2747,difficult dog,trust_sincere_1,p1249,62
2748,difficult dog,trust_sincere_1,p1250,68
2749,difficult dog,trust_sincere_1,p1256,68
2750,difficult dog,trust_sincere_1,p1258,78
2751,difficult dog,trust_sincere_1,p1260,68
2752,difficult dog,trust_sincere_1,p1262,62
2753,difficult dog,trust_sincere_1,p1264,68
2754,difficult dog,trust_sincere_1,p1265,78
2755,difficult dog,trust_sincere_1,p1269,68
2756,difficult dog,trust_sincere_1,p1272,65
2757,difficult dog,trust_sincere_1,p1278,78
2758,difficult dog,trust_sincere_1,p1281,68
2759,difficult dog,trust_sincere_1,p1292,62
2760,difficult dog,trust_sincere_1,p1299,68
2761,difficult dog,trust_sincere_1,p1312,68
2762,difficult dog,trust_sincere_1,p1322,75
2763,difficult dog,trust_sincere_1,p1326,72
2764,difficult dog,trust_sincere_1,p1330,78
2765,difficult dog,trust_sincere_1,p1335,65
2766,difficult dog,trust_sincere_1,p1337,78
2767,difficult dog,trust_sincere_1,p1340,78
2768,difficult dog,trust_sincere_1,p1345,78
2769,difficult dog,trust_sincere_1,p1351,62
2770,difficult dog,trust_sincere_1,p1355,62
2771,difficult dog,trust_sincere_1,p1362,65
2772,difficult dog,trust_sincere_1,p1365,45
2773,difficult dog,trust_sincere_1,p1366,45
2774,difficult dog,trust_sincere_1,p1367,45
2775,difficult dog,trust_sincere_1,p1370,68
2776,difficult dog,trust_sincere_1,p1371,85
2777,difficult dog,trust_sincere_1,p1373,65
2778,difficult dog,trust_sincere_1,p1375,65
2779,difficult dog,trust_sincere_1,p1376,65
2780,difficult dog,trust_sincere_1,p1379,68
2781,difficult dog,trust_sincere_1,p1381,68
2782,difficult dog,trust_sincere_1,p1393,78
2783,difficult dog,trust_sincere_1,p1396,85
2784,difficult dog,trust_sincere_1,p1398,68
2785,difficult dog,trust_sincere_1,p1404,78
2786,difficult dog,trust_sincere_1,p1406,68
2787,difficult dog,trust_sincere_1,p1407,62
2788,difficult dog,trust_sincere_1,p1409,68
2789,difficult dog,trust_sincere_1,p1412,78
2790,difficult dog,trust_sincere_1,p1414,82
2791,difficult dog,trust_sincere_1,p1424,68
2792,difficult dog,trust_sincere_1,p1425,55
2793,difficult dog,trust_sincere_1,p1429,65
2794,difficult dog,trust_sincere_1,p1434,75
2795,difficult dog,trust_sincere_1,p1441,62
2796,difficult dog,trust_sincere_1,p1445,65
2797,difficult dog,trust_sincere_1,p1450,78
2798,difficult dog,trust_sincere_1,p1454,68
2799,difficult dog,trust_sincere_1,p1456,65
2800,difficult dog,trust_sincere_1,p1457,62
2801,difficult dog,trust_sincere_1,p1458,78
2802,difficult dog,trust_sincere_1,p1469,68
2803,difficult dog,trust_sincere_1,p1470,65
2804,difficult dog,trust_sincere_1,p1481,75
2805,difficult dog,trust_sincere_1,p1488,72
2806,difficult dog,trust_sincere_1,p1492,62
2807,difficult dog,trust_sincere_1,p1495,68
2808,difficult dog,trust_sincere_1,p1497,68
2809,difficult dog,trust_sincere_1,p1499,68
2810,difficult dog,trust_sincere_1,p1503,65
2811,difficult dog,trust_sincere_1,p1511,78
2812,difficult dog,trust_sincere_1,p1512,68
2813,difficult dog,trust_sincere_1,p1518,68
2814,difficult dog,trust_sincere_1,p1519,68
2815,difficult dog,trust_sincere_1,p1520,62
2816,difficult dog,trust_sincere_1,p1524,78
2817,difficult dog,trust_sincere_1,p1526,68
2818,difficult dog,trust_sincere_1,p1537,68
2819,difficult dog,trust_sincere_1,p1545,72
2820,difficult dog,trust_sincere_1,p1547,78
2821,difficult dog,trust_sincere_1,p1552,75
2822,difficult dog,trust_sincere_1,p1567,75
2823,difficult dog,trust_sincere_1,p1568,68
2824,difficult dog,trust_sincere_1,p1579,45
2825,difficult dog,trust_sincere_1,p1587,45
2826,difficult dog,trust_sincere_1,p1596,62
2827,difficult dog,trust_sincere_1,p1600,78
2828,difficult dog,trust_sincere_1,p1603,68
2829,difficult dog,trust_sincere_1,p1604,68
2830,difficult dog,trust_sincere_1,p1610,68
2831,difficult dog,trust_sincere_1,p1618,65
2832,difficult dog,trust_sincere_1,p1619,82
2833,difficult dog,trust_sincere_1,p1622,68
2834,difficult dog,trust_sincere_1,p1623,35
2835,difficult dog,trust_sincere_1,p1630,45
2836,difficult dog,trust_sincere_1,p1641,68
2837,difficult dog,trust_sincere_1,p1649,62
2838,difficult dog,trust_sincere_1,p1652,65
2839,difficult dog,trust_sincere_1,p1665,68
2840,difficult dog,trust_sincere_1,p1669,62
2841,difficult dog,trust_sincere_1,p1685,65
2842,difficult dog,trust_sincere_1,p1693,72
2843,difficult dog,trust_sincere_1,p1698,78
2844,difficult dog,trust_sincere_1,p1704,68
2845,difficult dog,trust_sincere_1,p1711,78
2846,difficult dog,trust_sincere_1,p1718,45
2847,difficult dog,trust_sincere_1,p1732,68
2848,difficult dog,trust_sincere_1,p1739,78
2849,difficult dog,trust_sincere_1,p1741,78
2850,difficult dog,trust_sincere_1,p1746,62
2851,difficult dog,trust_sincere_1,p1751,45
2852,difficult dog,trust_sincere_1,p1754,75
2853,difficult dog,trust_sincere_1,p1769,75
2854,difficult dog,trust_sincere_1,p1771,68
2855,difficult dog,trust_sincere_1,p1776,75
2856,difficult dog,trust_sincere_1,p1780,68
2857,difficult dog,trust_sincere_1,p1785,62
2858,difficult dog,trust_sincere_1,p1791,78
2859,difficult dog,trust_sincere_1,p1793,62
2860,difficult dog,trust_sincere_1,p1796,65
2861,difficult dog,trust_sincere_1,p1805,68
2862,difficult dog,trust_sincere_1,p1812,78
2863,difficult dog,trust_sincere_1,p1816,62
2864,difficult dog,trust_sincere_1,p1819,75
2865,difficult dog,trust_sincere_1,p1825,78
2866,difficult dog,trust_sincere_1,p1836,78
2867,difficult dog,trust_sincere_1,p1839,68
2868,difficult dog,trust_sincere_1,p1861,68
2869,difficult dog,trust_sincere_1,p1863,78
2870,difficult dog,trust_sincere_1,p1873,68
2871,difficult dog,trust_sincere_1,p1875,68
2872,difficult dog,trust_sincere_1,p1876,78
2873,difficult dog,trust_sincere_1,p1877,78
2874,difficult dog,trust_sincere_1,p1880,68
2875,difficult dog,trust_sincere_1,p1883,62
2876,difficult dog,trust_sincere_1,p1889,35
2877,difficult dog,trust_sincere_1,p1893,78
2878,difficult dog,trust_sincere_1,p1896,78
2879,difficult dog,trust_sincere_1,p1913,68
2880,difficult dog,trust_sincere_1,p1922,85
2881,difficult dog,trust_sincere_1,p1930,78
2882,difficult dog,trust_sincere_1,p1935,78
2883,difficult dog,trust_sincere_1,p1940,78
2884,difficult dog,trust_sincere_1,p1948,62
2885,difficult dog,trust_sincere_1,p1950,68
2886,difficult dog,trust_sincere_1,p1954,62
2887,difficult dog,trust_sincere_1,p1956,45
2888,difficult dog,trust_sincere_1,p1958,65
2889,difficult dog,trust_sincere_1,p1967,78
2890,difficult dog,trust_sincere_1,p1973,85
2891,difficult dog,trust_sincere_1,p1978,68
2892,difficult dog,trust_sincere_1,p1983,62
2893,difficult dog,trust_sincere_1,p1984,62
2894,difficult dog,trust_sincere_1,p1995,65
2895,difficult dog,trust_sincere_1,p1996,62
2896,difficult dog,trust_sincere_1,p1997,68
2897,difficult dog,trust_sincere_1,p2001,78
2898,difficult dog,trust_sincere_1,p2002,62
2899,difficult dog,trust_sincere_1,p2013,78
2900,difficult dog,trust_sincere_1,p2014,62
2901,difficult dog,trust_sincere_1,p2016,78
2902,difficult dog,trust_sincere_1,p2018,58
2903,difficult dog,trust_sincere_1,p2023,82
2904,difficult dog,trust_sincere_1,p2025,75
2905,difficult dog,trust_sincere_1,p2028,68
2906,difficult dog,trust_sincere_1,p2030,75
2907,difficult dog,trust_sincere_1,p2033,72
2908,difficult dog,trust_sincere_1,p2040,45
2909,difficult dog,trust_sincere_1,p2051,65
2910,difficult dog,trust_sincere_1,p2052,68
2911,difficult dog,trust_sincere_1,p2066,62
2912,difficult dog,trust_sincere_1,p2067,78
2913,difficult dog,trust_sincere_1,p2073,78
2914,difficult dog,trust_sincere_1,p2077,68
2915,difficult dog,trust_sincere_1,p2078,68
2916,difficult dog,trust_sincere_1,p2086,78
2917,difficult dog,trust_sincere_1,p2089,78
2918,difficult dog,trust_sincere_1,p2093,35
2919,difficult dog,trust_sincere_1,p2094,75
2920,difficult dog,trust_sincere_1,p2111,68
2921,difficult dog,trust_sincere_1,p2117,78
2922,difficult dog,trust_sincere_1,p2121,65
2923,difficult dog,trust_sincere_1,p2127,68
2924,difficult dog,trust_sincere_1,p2141,65
2925,difficult dog,trust_sincere_1,p2142,45
2926,difficult dog,trust_sincere_1,p2143,78
2927,difficult dog,trust_sincere_1,p2153,75
2928,difficult dog,trust_sincere_1,p2155,45
2929,difficult dog,trust_sincere_1,p2169,45
2930,difficult dog,trust_sincere_1,p2187,68
2931,difficult dog,trust_sincere_1,p2188,78
2932,difficult dog,trust_sincere_1,p2197,68
2933,difficult dog,trust_sincere_1,p2213,62
2934,difficult dog,trust_sincere_1,p2214,68
2935,difficult dog,trust_sincere_1,p2215,75
2936,difficult dog,trust_sincere_1,p2220,68
2937,difficult dog,trust_sincere_1,p2223,62
2938,difficult dog,trust_sincere_1,p2229,68
2939,difficult dog,trust_sincere_1,p2234,85
2940,difficult dog,trust_sincere_1,p2237,78
2941,difficult dog,trust_sincere_1,p2238,68
2942,difficult dog,trust_sincere_1,p2244,75
2943,difficult dog,trust_sincere_1,p2248,68
2944,difficult dog,trust_sincere_1,p2252,78
2945,difficult dog,trust_sincere_1,p2255,25
2946,difficult dog,trust_sincere_1,p2261,35
2947,difficult dog,trust_sincere_1,p2263,72
2948,difficult dog,trust_sincere_1,p2273,68
2949,difficult dog,trust_sincere_1,p2275,78
2950,difficult dog,trust_sincere_1,p2276,62
2951,difficult dog,trust_sincere_1,p2283,45
2952,difficult dog,trust_sincere_1,p2287,75
2953,difficult dog,trust_sincere_1,p2296,62
2954,difficult dog,trust_sincere_1,p2298,65
2955,difficult dog,trust_sincere_1,p2304,78
2956,difficult dog,trust_sincere_1,p2310,62
2957,difficult dog,trust_sincere_1,p2322,45
2958,difficult dog,trust_sincere_1,p2326,72
2959,difficult dog,trust_sincere_1,p2330,45
2960,difficult dog,trust_sincere_1,p2331,75
2961,difficult dog,trust_sincere_1,p2333,68
2962,difficult dog,trust_sincere_1,p2347,78
2963,difficult dog,trust_sincere_1,p2350,65
2964,difficult dog,trust_sincere_1,p2351,68
2965,difficult dog,trust_sincere_1,p2353,72
2966,difficult dog,trust_sincere_1,p2355,75
2967,difficult dog,trust_sincere_1,p2363,65
2968,difficult dog,trust_sincere_1,p2378,78
2969,difficult dog,trust_sincere_1,p2380,78
2970,difficult dog,trust_sincere_1,p2387,68
2971,difficult dog,trust_sincere_1,p2398,78
2972,difficult dog,trust_sincere_1,p2400,78
2973,difficult dog,trust_sincere_1,p2403,78
2974,difficult dog,trust_sincere_1,p2408,45
2975,difficult dog,trust_sincere_1,p2418,72
2976,difficult dog,trust_sincere_1,p2426,75
2977,difficult dog,trust_sincere_1,p2428,62
2978,difficult dog,trust_sincere_1,p2434,78
2979,difficult dog,trust_sincere_1,p2446,45
2980,difficult dog,trust_sincere_1,p2452,62
2981,difficult dog,trust_sincere_1,p2454,62
2982,difficult dog,trust_sincere_1,p2462,68
2983,difficult dog,trust_sincere_1,p2467,25
2984,difficult dog,trust_sincere_1,p2482,62
2985,difficult dog,trust_sincere_1,p2489,62
2986,difficult dog,trust_sincere_1,p2490,68
2987,difficult dog,trust_sincere_1,p2494,55
2988,difficult dog,trust_sincere_1,p2502,78
2989,difficult dog,trust_sincere_1,p2503,68
2990,difficult dog,trust_sincere_1,p2522,75
2991,difficult dog,trust_sincere_1,p2524,78
2992,difficult dog,trust_sincere_1,p2533,45
2993,difficult dog,trust_sincere_1,p2566,72
2994,difficult dog,trust_sincere_1,p2571,78
2995,difficult dog,trust_sincere_1,p2573,68
2996,difficult dog,trust_sincere_1,p2582,75
2997,difficult dog,trust_sincere_1,p2591,62
2998,difficult dog,trust_sincere_1,p2592,65
2999,difficult dog,trust_sincere_1,p2595,45
3000,difficult dog,trust_concerned_1,p0016,85
3001,difficult dog,trust_concerned_1,p0022,85
3002,difficult dog,trust_concerned_1,p0023,88
3003,difficult dog,trust_concerned_1,p0026,78
3004,difficult dog,trust_concerned_1,p0034,78
3005,difficult dog,trust_concerned_1,p0036,78
3006,difficult dog,trust_concerned_1,p0037,78
3007,difficult dog,trust_concerned_1,p0042,78
3008,difficult dog,trust_concerned_1,p0057,78
3009,difficult dog,trust_concerned_1,p0066,82
3010,difficult dog,trust_concerned_1,p0069,75
3011,difficult dog,trust_concerned_1,p0072,92
3012,difficult dog,trust_concerned_1,p0073,78
3013,difficult dog,trust_concerned_1,p0082,85
3014,difficult dog,trust_concerned_1,p0091,88
3015,difficult dog,trust_concerned_1,p0092,75
3016,difficult dog,trust_concerned_1,p0093,85
3017,difficult dog,trust_concerned_1,p0095,82
3018,difficult dog,trust_concerned_1,p0107,75
3019,difficult dog,trust_concerned_1,p0114,85
3020,difficult dog,trust_concerned_1,p0116,78
3021,difficult dog,trust_concerned_1,p0118,75
3022,difficult dog,trust_concerned_1,p0119,85
3023,difficult dog,trust_concerned_1,p0126,75
3024,difficult dog,trust_concerned_1,p0129,85
3025,difficult dog,trust_concerned_1,p0136,72
3026,difficult dog,trust_concerned_1,p0138,78
3027,difficult dog,trust_concerned_1,p0144,78
3028,difficult dog,trust_concerned_1,p0150,75
3029,difficult dog,trust_concerned_1,p0152,75
3030,difficult dog,trust_concerned_1,p0158,75
3031,difficult dog,trust_concerned_1,p0161,78
3032,difficult dog,trust_concerned_1,p0164,75
3033,difficult dog,trust_concerned_1,p0175,78
3034,difficult dog,trust_concerned_1,p0177,78
3035,difficult dog,trust_concerned_1,p0178,85
3036,difficult dog,trust_concerned_1,p0181,65
3037,difficult dog,trust_concerned_1,p0186,75
3038,difficult dog,trust_concerned_1,p0196,78
3039,difficult dog,trust_concerned_1,p0198,85
3040,difficult dog,trust_concerned_1,p0202,85
3041,difficult dog,trust_concerned_1,p0205,75
3042,difficult dog,trust_concerned_1,p0207,75
3043,difficult dog,trust_concerned_1,p0211,75
3044,difficult dog,trust_concerned_1,p0227,85
3045,difficult dog,trust_concerned_1,p0229,78
3046,difficult dog,trust_concerned_1,p0232,85
3047,difficult dog,trust_concerned_1,p0233,75
3048,difficult dog,trust_concerned_1,p0237,88
3049,difficult dog,trust_concerned_1,p0258,78
3050,difficult dog,trust_concerned_1,p0268,65
3051,difficult dog,trust_concerned_1,p0274,85
3052,difficult dog,trust_concerned_1,p0275,45
3053,difficult dog,trust_concerned_1,p0277,75
3054,difficult dog,trust_concerned_1,p0288,88
3055,difficult dog,trust_concerned_1,p0291,85
3056,difficult dog,trust_concerned_1,p0307,75
3057,difficult dog,trust_concerned_1,p0308,78
3058,difficult dog,trust_concerned_1,p0317,65
3059,difficult dog,trust_concerned_1,p0325,85
3060,difficult dog,trust_concerned_1,p0327,88
3061,difficult dog,trust_concerned_1,p0334,85
3062,difficult dog,trust_concerned_1,p0336,85
3063,difficult dog,trust_concerned_1,p0338,68
3064,difficult dog,trust_concerned_1,p0342,88
3065,difficult dog,trust_concerned_1,p0349,75
3066,difficult dog,trust_concerned_1,p0356,75
3067,difficult dog,trust_concerned_1,p0358,78
3068,difficult dog,trust_concerned_1,p0363,78
3069,difficult dog,trust_concerned_1,p0364,85
3070,difficult dog,trust_concerned_1,p0369,88
3071,difficult dog,trust_concerned_1,p0370,75
3072,difficult dog,trust_concerned_1,p0371,75
3073,difficult dog,trust_concerned_1,p0379,75
3074,difficult dog,trust_concerned_1,p0386,85
3075,difficult dog,trust_concerned_1,p0396,85
3076,difficult dog,trust_concerned_1,p0403,78
3077,difficult dog,trust_concerned_1,p0405,88
3078,difficult dog,trust_concerned_1,p0412,78
3079,difficult dog,trust_concerned_1,p0415,68
3080,difficult dog,trust_concerned_1,p0416,78
3081,difficult dog,trust_concerned_1,p0417,85
3082,difficult dog,trust_concerned_1,p0418,75
3083,difficult dog,trust_concerned_1,p0430,85
3084,difficult dog,trust_concerned_1,p0431,88
3085,difficult dog,trust_concerned_1,p0434,45
3086,difficult dog,trust_concerned_1,p0438,88
3087,difficult dog,trust_concerned_1,p0441,85
3088,difficult dog,trust_concerned_1,p0442,65
3089,difficult dog,trust_concerned_1,p0449,75
3090,difficult dog,trust_concerned_1,p0450,85
3091,difficult dog,trust_concerned_1,p0465,75
3092,difficult dog,trust_concerned_1,p0471,78
3093,difficult dog,trust_concerned_1,p0477,75
3094,difficult dog,trust_concerned_1,p0483,78
3095,difficult dog,trust_concerned_1,p0486,85
3096,difficult dog,trust_concerned_1,p0487,85
3097,difficult dog,trust_concerned_1,p0489,85
3098,difficult dog,trust_concerned_1,p0497,65
3099,difficult dog,trust_concerned_1,p0502,75
3100,difficult dog,trust_concerned_1,p0503,85
3101,difficult dog,trust_concerned_1,p0506,75
3102,difficult dog,trust_concerned_1,p0511,85
3103,difficult dog,trust_concerned_1,p0523,78
3104,difficult dog,trust_concerned_1,p0534,85
3105,difficult dog,trust_concerned_1,p0536,78
3106,difficult dog,trust_concerned_1,p0542,65
3107,difficult dog,trust_concerned_1,p0547,85
3108,difficult dog,trust_concerned_1,p0553,82
3109,difficult dog,trust_concerned_1,p0559,85
3110,difficult dog,trust_concerned_1,p0566,78
3111,difficult dog,trust_concerned_1,p0568,75
3112,difficult dog,trust_concerned_1,p0570,65
3113,difficult dog,trust_concerned_1,p0573,75
3114,difficult dog,trust_concerned_1,p0578,78
3115,difficult dog,trust_concerned_1,p0594,75
3116,difficult dog,trust_concerned_1,p0597,78
3117,difficult dog,trust_concerned_1,p0601,78
3118,difficult dog,trust_concerned_1,p0602,75
3119,difficult dog,trust_concerned_1,p0605,75
3120,difficult dog,trust_concerned_1,p0615,78
3121,difficult dog,trust_concerned_1,p0620,82
3122,difficult dog,trust_concerned_1,p0626,78
3123,difficult dog,trust_concerned_1,p0629,85
3124,difficult dog,trust_concerned_1,p0633,78
3125,difficult dog,trust_concerned_1,p0638,78
3126,difficult dog,trust_concerned_1,p0639,85
3127,difficult dog,trust_concerned_1,p0640,75
3128,difficult dog,trust_concerned_1,p0655,85
3129,difficult dog,trust_concerned_1,p0656,78
3130,difficult dog,trust_concerned_1,p0658,75
3131,difficult dog,trust_concerned_1,p0661,78
3132,difficult dog,trust_concerned_1,p0669,85
3133,difficult dog,trust_concerned_1,p0670,78
3134,difficult dog,trust_concerned_1,p0672,78
3135,difficult dog,trust_concerned_1,p0674,82
3136,difficult dog,trust_concerned_1,p0678,82
3137,difficult dog,trust_concerned_1,p0683,85
3138,difficult dog,trust_concerned_1,p0686,68
3139,difficult dog,trust_concerned_1,p0687,85
3140,difficult dog,trust_concerned_1,p0698,78
3141,difficult dog,trust_concerned_1,p0700,78
3142,difficult dog,trust_concerned_1,p0703,78
3143,difficult dog,trust_concerned_1,p0718,75
3144,difficult dog,trust_concerned_1,p0744,85
3145,difficult dog,trust_concerned_1,p0745,78
3146,difficult dog,trust_concerned_1,p0753,65
3147,difficult dog,trust_concerned_1,p0770,82
3148,difficult dog,trust_concerned_1,p0771,85
3149,difficult dog,trust_concerned_1,p0777,88
3150,difficult dog,trust_concerned_1,p0779,78
3151,difficult dog,trust_concerned_1,p0780,68
3152,difficult dog,trust_concerned_1,p0783,75
3153,difficult dog,trust_concerned_1,p0785,78
3154,difficult dog,trust_concerned_1,p0786,65
3155,difficult dog,trust_concerned_1,p0794,65
3156,difficult dog,trust_concerned_1,p0798,65
3157,difficult dog,trust_concerned_1,p0800,82
3158,difficult dog,trust_concerned_1,p0820,65
3159,difficult dog,trust_concerned_1,p0841,75
3160,difficult dog,trust_concerned_1,p0849,78
3161,difficult dog,trust_concerned_1,p0862,85
3162,difficult dog,trust_concerned_1,p0867,85
3163,difficult dog,trust_concerned_1,p0869,85
3164,difficult dog,trust_concerned_1,p0872,85
3165,difficult dog,trust_concerned_1,p0880,75
3166,difficult dog,trust_concerned_1,p0891,78
3167,difficult dog,trust_concerned_1,p0916,85
3168,difficult dog,trust_concerned_1,p0917,85
3169,difficult dog,trust_concerned_1,p0919,85
3170,difficult dog,trust_concerned_1,p0922,78
3171,difficult dog,trust_concerned_1,p0925,78
3172,difficult dog,trust_concerned_1,p0927,85
3173,difficult dog,trust_concerned_1,p0929,75
3174,difficult dog,trust_concerned_1,p0930,85
3175,difficult dog,trust_concerned_1,p0931,68
3176,difficult dog,trust_concerned_1,p0933,75
3177,difficult dog,trust_concerned_1,p0934,68
3178,difficult dog,trust_concerned_1,p0936,82
3179,difficult dog,trust_concerned_1,p0938,85
3180,difficult dog,trust_concerned_1,p0939,78
3181,difficult dog,trust_concerned_1,p0946,78
3182,difficult dog,trust_concerned_1,p0951,78
3183,difficult dog,trust_concerned_1,p0956,78
3184,difficult dog,trust_concerned_1,p0962,85
3185,difficult dog,trust_concerned_1,p0963,85
3186,difficult dog,trust_concerned_1,p0969,75
3187,difficult dog,trust_concerned_1,p0972,75
3188,difficult dog,trust_concerned_1,p0975,75
3189,difficult dog,trust_concerned_1,p0985,75
3190,difficult dog,trust_concerned_1,p0993,85
3191,difficult dog,trust_concerned_1,p0996,78
3192,difficult dog,trust_concerned_1,p1011,75
3193,difficult dog,trust_concerned_1,p1017,75
3194,difficult dog,trust_concerned_1,p1020,78
3195,difficult dog,trust_concerned_1,p1022,85
3196,difficult dog,trust_concerned_1,p1024,65
3197,difficult dog,trust_concerned_1,p1027,88
3198,difficult dog,trust_concerned_1,p1028,92
3199,difficult dog,trust_concerned_1,p1029,68
3200,difficult dog,trust_concerned_1,p1032,78
3201,difficult dog,trust_concerned_1,p1040,85
3202,difficult dog,trust_concerned_1,p1047,75
3203,difficult dog,trust_concerned_1,p1048,78
3204,difficult dog,trust_concerned_1,p1053,78
3205,difficult dog,trust_concerned_1,p1057,75
3206,difficult dog,trust_concerned_1,p1058,75
3207,difficult dog,trust_concerned_1,p1063,75
3208,difficult dog,trust_concerned_1,p1064,85
3209,difficult dog,trust_concerned_1,p1065,68
3210,difficult dog,trust_concerned_1,p1069,75
3211,difficult dog,trust_concerned_1,p1072,82
3212,difficult dog,trust_concerned_1,p1073,78
3213,difficult dog,trust_concerned_1,p1075,85
3214,difficult dog,trust_concerned_1,p1076,75
3215,difficult dog,trust_concerned_1,p1083,75
3216,difficult dog,trust_concerned_1,p1089,88
3217,difficult dog,trust_concerned_1,p1093,85
3218,difficult dog,trust_concerned_1,p1096,78
3219,difficult dog,trust_concerned_1,p1100,78
3220,difficult dog,trust_concerned_1,p1106,78
3221,difficult dog,trust_concerned_1,p1107,75
3222,difficult dog,trust_concerned_1,p1113,85
3223,difficult dog,trust_concerned_1,p1117,65
3224,difficult dog,trust_concerned_1,p1120,75
3225,difficult dog,trust_concerned_1,p1134,78
3226,difficult dog,trust_concerned_1,p1136,68
3227,difficult dog,trust_concerned_1,p1138,78
3228,difficult dog,trust_concerned_1,p1144,75
3229,difficult dog,trust_concerned_1,p1145,88
3230,difficult dog,trust_concerned_1,p1147,85
3231,difficult dog,trust_concerned_1,p1148,85
3232,difficult dog,trust_concerned_1,p1154,85
3233,difficult dog,trust_concerned_1,p1159,85
3234,difficult dog,trust_concerned_1,p1167,85
3235,difficult dog,trust_concerned_1,p1175,85
3236,difficult dog,trust_concerned_1,p1178,78
3237,difficult dog,trust_concerned_1,p1184,78
3238,difficult dog,trust_concerned_1,p1186,78
3239,difficult dog,trust_concerned_1,p1196,75
3240,difficult dog,trust_concerned_1,p1197,75
3241,difficult dog,trust_concerned_1,p1203,78
3242,difficult dog,trust_concerned_1,p1219,75
3243,difficult dog,trust_concerned_1,p1225,75
3244,difficult dog,trust_concerned_1,p1234,75
3245,difficult dog,trust_concerned_1,p1242,78
3246,difficult dog,trust_concerned_1,p1244,85
3247,difficult dog,trust_concerned_1,p1249,75
3248,difficult dog,trust_concerned_1,p1250,78
3249,difficult dog,trust_concerned_1,p1256,78
3250,difficult dog,trust_concerned_1,p1258,85
3251,difficult dog,trust_concerned_1,p1260,75
3252,difficult dog,trust_concerned_1,p1262,75
3253,difficult dog,trust_concerned_1,p1264,78
3254,difficult dog,trust_concerned_1,p1265,78
3255,difficult dog,trust_concerned_1,p1269,75
3256,difficult dog,trust_concerned_1,p1272,78
3257,difficult dog,trust_concerned_1,p1278,88
3258,difficult dog,trust_concerned_1,p1281,75
3259,difficult dog,trust_concerned_1,p1292,75
3260,difficult dog,trust_concerned_1,p1299,78
3261,difficult dog,trust_concerned_1,p1312,78
3262,difficult dog,trust_concerned_1,p1322,78
3263,difficult dog,trust_concerned_1,p1326,78
3264,difficult dog,trust_concerned_1,p1330,78
3265,difficult dog,trust_concerned_1,p1335,78
3266,difficult dog,trust_concerned_1,p1337,85
3267,difficult dog,trust_concerned_1,p1340,85
3268,difficult dog,trust_concerned_1,p1345,78
3269,difficult dog,trust_concerned_1,p1351,75
3270,difficult dog,trust_concerned_1,p1355,75
3271,difficult dog,trust_concerned_1,p1362,75
3272,difficult dog,trust_concerned_1,p1365,65
3273,difficult dog,trust_concerned_1,p1366,65
3274,difficult dog,trust_concerned_1,p1367,65
3275,difficult dog,trust_concerned_1,p1370,85
3276,difficult dog,trust_concerned_1,p1371,92
3277,difficult dog,trust_concerned_1,p1373,78
3278,difficult dog,trust_concerned_1,p1375,75
3279,difficult dog,trust_concerned_1,p1376,75
3280,difficult dog,trust_concerned_1,p1379,78
3281,difficult dog,trust_concerned_1,p1381,78
3282,difficult dog,trust_concerned_1,p1393,75
3283,difficult dog,trust_concerned_1,p1396,88
3284,difficult dog,trust_concerned_1,p1398,78
3285,difficult dog,trust_concerned_1,p1404,85
3286,difficult dog,trust_concerned_1,p1406,78
3287,difficult dog,trust_concerned_1,p1407,75
3288,difficult dog,trust_concerned_1,p1409,78
3289,difficult dog,trust_concerned_1,p1412,85
3290,difficult dog,trust_concerned_1,p1414,88
3291,difficult dog,trust_concerned_1,p1424,85
3292,difficult dog,trust_concerned_1,p1425,75
3293,difficult dog,trust_concerned_1,p1429,78
3294,difficult dog,trust_concerned_1,p1434,78
3295,difficult dog,trust_concerned_1,p1441,75
3296,difficult dog,trust_concerned_1,p1445,75
3297,difficult dog,trust_concerned_1,p1450,78
3298,difficult dog,trust_concerned_1,p1454,85
3299,difficult dog,trust_concerned_1,p1456,75
3300,difficult dog,trust_concerned_1,p1457,68
3301,difficult dog,trust_concerned_1,p1458,88
3302,difficult dog,trust_concerned_1,p1469,75
3303,difficult dog,trust_concerned_1,p1470,75
3304,difficult dog,trust_concerned_1,p1481,85
3305,difficult dog,trust_concerned_1,p1488,78
3306,difficult dog,trust_concerned_1,p1492,68
3307,difficult dog,trust_concerned_1,p1495,78
3308,difficult dog,trust_concerned_1,p1497,78
3309,difficult dog,trust_concerned_1,p1499,78
3310,difficult dog,trust_concerned_1,p1503,78
3311,difficult dog,trust_concerned_1,p1511,88
3312,difficult dog,trust_concerned_1,p1512,78
3313,difficult dog,trust_concerned_1,p1518,85
3314,difficult dog,trust_concerned_1,p1519,75
3315,difficult dog,trust_concerned_1,p1520,68
3316,difficult dog,trust_concerned_1,p1524,75
3317,difficult dog,trust_concerned_1,p1526,75
3318,difficult dog,trust_concerned_1,p1537,78
3319,difficult dog,trust_concerned_1,p1545,78
3320,difficult dog,trust_concerned_1,p1547,85
3321,difficult dog,trust_concerned_1,p1552,92
3322,difficult dog,trust_concerned_1,p1567,85
3323,difficult dog,trust_concerned_1,p1568,75
3324,difficult dog,trust_concerned_1,p1579,55
3325,difficult dog,trust_concerned_1,p1587,55
3326,difficult dog,trust_concerned_1,p1596,75
3327,difficult dog,trust_concerned_1,p1600,85
3328,difficult dog,trust_concerned_1,p1603,75
3329,difficult dog,trust_concerned_1,p1604,78
3330,difficult dog,trust_concerned_1,p1610,78
3331,difficult dog,trust_concerned_1,p1618,75
3332,difficult dog,trust_concerned_1,p1619,88
3333,difficult dog,trust_concerned_1,p1622,78
3334,difficult dog,trust_concerned_1,p1623,65
3335,difficult dog,trust_concerned_1,p1630,65
3336,difficult dog,trust_concerned_1,p1641,75
3337,difficult dog,trust_concerned_1,p1649,68
3338,difficult dog,trust_concerned_1,p1652,78
3339,difficult dog,trust_concerned_1,p1665,78
3340,difficult dog,trust_concerned_1,p1669,75
3341,difficult dog,trust_concerned_1,p1685,85
3342,difficult dog,trust_concerned_1,p1693,78
3343,difficult dog,trust_concerned_1,p1698,75
3344,difficult dog,trust_concerned_1,p1704,78
3345,difficult dog,trust_concerned_1,p1711,85
3346,difficult dog,trust_concerned_1,p1718,65
3347,difficult dog,trust_concerned_1,p1732,75
3348,difficult dog,trust_concerned_1,p1739,78
3349,difficult dog,trust_concerned_1,p1741,88
3350,difficult dog,trust_concerned_1,p1746,75
3351,difficult dog,trust_concerned_1,p1751,65
3352,difficult dog,trust_concerned_1,p1754,85
3353,difficult dog,trust_concerned_1,p1769,75
3354,difficult dog,trust_concerned_1,p1771,78
3355,difficult dog,trust_concerned_1,p1776,85
3356,difficult dog,trust_concerned_1,p1780,85
3357,difficult dog,trust_concerned_1,p1785,75
3358,difficult dog,trust_concerned_1,p1791,85
3359,difficult dog,trust_concerned_1,p1793,78
3360,difficult dog,trust_concerned_1,p1796,78
3361,difficult dog,trust_concerned_1,p1805,75
3362,difficult dog,trust_concerned_1,p1812,85
3363,difficult dog,trust_concerned_1,p1816,68
3364,difficult dog,trust_concerned_1,p1819,85
3365,difficult dog,trust_concerned_1,p1825,85
3366,difficult dog,trust_concerned_1,p1836,85
3367,difficult dog,trust_concerned_1,p1839,85
3368,difficult dog,trust_concerned_1,p1861,75
3369,difficult dog,trust_concerned_1,p1863,85
3370,difficult dog,trust_concerned_1,p1873,78
3371,difficult dog,trust_concerned_1,p1875,78
3372,difficult dog,trust_concerned_1,p1876,85
3373,difficult dog,trust_concerned_1,p1877,85
3374,difficult dog,trust_concerned_1,p1880,78
3375,difficult dog,trust_concerned_1,p1883,78
3376,difficult dog,trust_concerned_1,p1889,65
3377,difficult dog,trust_concerned_1,p1893,85
3378,difficult dog,trust_concerned_1,p1896,85
3379,difficult dog,trust_concerned_1,p1913,75
3380,difficult dog,trust_concerned_1,p1922,85
3381,difficult dog,trust_concerned_1,p1930,85
3382,difficult dog,trust_concerned_1,p1935,78
3383,difficult dog,trust_concerned_1,p1940,85
3384,difficult dog,trust_concerned_1,p1948,75
3385,difficult dog,trust_concerned_1,p1950,78
3386,difficult dog,trust_concerned_1,p1954,75
3387,difficult dog,trust_concerned_1,p1956,45
3388,difficult dog,trust_concerned_1,p1958,78
3389,difficult dog,trust_concerned_1,p1967,78
3390,difficult dog,trust_concerned_1,p1973,88
3391,difficult dog,trust_concerned_1,p1978,75
3392,difficult dog,trust_concerned_1,p1983,75
3393,difficult dog,trust_concerned_1,p1984,68
3394,difficult dog,trust_concerned_1,p1995,75
3395,difficult dog,trust_concerned_1,p1996,75
3396,difficult dog,trust_concerned_1,p1997,78
3397,difficult dog,trust_concerned_1,p2001,85
3398,difficult dog,trust_concerned_1,p2002,75
3399,difficult dog,trust_concerned_1,p2013,88
3400,difficult dog,trust_concerned_1,p2014,78
3401,difficult dog,trust_concerned_1,p2016,78
3402,difficult dog,trust_concerned_1,p2018,78
3403,difficult dog,trust_concerned_1,p2023,88
3404,difficult dog,trust_concerned_1,p2025,85
3405,difficult dog,trust_concerned_1,p2028,78
3406,difficult dog,trust_concerned_1,p2030,88
3407,difficult dog,trust_concerned_1,p2033,78
3408,difficult dog,trust_concerned_1,p2040,65
3409,difficult dog,trust_concerned_1,p2051,75
3410,difficult dog,trust_concerned_1,p2052,78
3411,difficult dog,trust_concerned_1,p2066,75
3412,difficult dog,trust_concerned_1,p2067,85
3413,difficult dog,trust_concerned_1,p2073,88
3414,difficult dog,trust_concerned_1,p2077,75
3415,difficult dog,trust_concerned_1,p2078,78
3416,difficult dog,trust_concerned_1,p2086,85
3417,difficult dog,trust_concerned_1,p2089,85
3418,difficult dog,trust_concerned_1,p2093,65
3419,difficult dog,trust_concerned_1,p2094,85
3420,difficult dog,trust_concerned_1,p2111,75
3421,difficult dog,trust_concerned_1,p2117,85
3422,difficult dog,trust_concerned_1,p2121,78
3423,difficult dog,trust_concerned_1,p2127,75
3424,difficult dog,trust_concerned_1,p2141,85
3425,difficult dog,trust_concerned_1,p2142,65
3426,difficult dog,trust_concerned_1,p2143,85
3427,difficult dog,trust_concerned_1,p2153,85
3428,difficult dog,trust_concerned_1,p2155,65
3429,difficult dog,trust_concerned_1,p2169,68
3430,difficult dog,trust_concerned_1,p2187,78
3431,difficult dog,trust_concerned_1,p2188,85
3432,difficult dog,trust_concerned_1,p2197,75
3433,difficult dog,trust_concerned_1,p2213,75
3434,difficult dog,trust_concerned_1,p2214,75
3435,difficult dog,trust_concerned_1,p2215,85
3436,difficult dog,trust_concerned_1,p2220,78
3437,difficult dog,trust_concerned_1,p2223,75
3438,difficult dog,trust_concerned_1,p2229,78
3439,difficult dog,trust_concerned_1,p2234,85
3440,difficult dog,trust_concerned_1,p2237,88
3441,difficult dog,trust_concerned_1,p2238,78
3442,difficult dog,trust_concerned_1,p2244,85
3443,difficult dog,trust_concerned_1,p2248,78
3444,difficult dog,trust_concerned_1,p2252,88
3445,difficult dog,trust_concerned_1,p2255,45
3446,difficult dog,trust_concerned_1,p2261,65
3447,difficult dog,trust_concerned_1,p2263,78
3448,difficult dog,trust_concerned_1,p2273,78
3449,difficult dog,trust_concerned_1,p2275,78
3450,difficult dog,trust_concerned_1,p2276,78
3451,difficult dog,trust_concerned_1,p2283,75
3452,difficult dog,trust_concerned_1,p2287,78
3453,difficult dog,trust_concerned_1,p2296,75
3454,difficult dog,trust_concerned_1,p2298,75
3455,difficult dog,trust_concerned_1,p2304,85
3456,difficult dog,trust_concerned_1,p2310,68
3457,difficult dog,trust_concerned_1,p2322,68
3458,difficult dog,trust_concerned_1,p2326,78
3459,difficult dog,trust_concerned_1,p2330,75
3460,difficult dog,trust_concerned_1,p2331,85
3461,difficult dog,trust_concerned_1,p2333,75
3462,difficult dog,trust_concerned_1,p2347,85
3463,difficult dog,trust_concerned_1,p2350,75
3464,difficult dog,trust_concerned_1,p2351,78
3465,difficult dog,trust_concerned_1,p2353,78
3466,difficult dog,trust_concerned_1,p2355,85
3467,difficult dog,trust_concerned_1,p2363,75
3468,difficult dog,trust_concerned_1,p2378,85
3469,difficult dog,trust_concerned_1,p2380,92
3470,difficult dog,trust_concerned_1,p2387,75
3471,difficult dog,trust_concerned_1,p2398,82
3472,difficult dog,trust_concerned_1,p2400,85
3473,difficult dog,trust_concerned_1,p2403,85
3474,difficult dog,trust_concerned_1,p2408,65
3475,difficult dog,trust_concerned_1,p2418,78
3476,difficult dog,trust_concerned_1,p2426,85
3477,difficult dog,trust_concerned_1,p2428,65
3478,difficult dog,trust_concerned_1,p2434,85
3479,difficult dog,trust_concerned_1,p2446,65
3480,difficult dog,trust_concerned_1,p2452,78
3481,difficult dog,trust_concerned_1,p2454,78
3482,difficult dog,trust_concerned_1,p2462,75
3483,difficult dog,trust_concerned_1,p2467,45
3484,difficult dog,trust_concerned_1,p2482,75
3485,difficult dog,trust_concerned_1,p2489,75
3486,difficult dog,trust_concerned_1,p2490,78
3487,difficult dog,trust_concerned_1,p2494,65
3488,difficult dog,trust_concerned_1,p2502,85
3489,difficult dog,trust_concerned_1,p2503,78
3490,difficult dog,trust_concerned_1,p2522,85
3491,difficult dog,trust_concerned_1,p2524,85
3492,difficult dog,trust_concerned_1,p2533,75
3493,difficult dog,trust_concerned_1,p2566,78
3494,difficult dog,trust_concerned_1,p2571,85
3495,difficult dog,trust_concerned_1,p2573,75
3496,difficult dog,trust_concerned_1,p2582,78
3497,difficult dog,trust_concerned_1,p2591,75
3498,difficult dog,trust_concerned_1,p2592,78
3499,difficult dog,trust_concerned_1,p2595,65
3500,difficult dog,trust_improve_1,p0016,78
3501,difficult dog,trust_improve_1,p0022,75
3502,difficult dog,trust_improve_1,p0023,85
3503,difficult dog,trust_improve_1,p0026,78
3504,difficult dog,trust_improve_1,p0034,68
3505,difficult dog,trust_improve_1,p0036,68
3506,difficult dog,trust_improve_1,p0037,72
3507,difficult dog,trust_improve_1,p0042,75
3508,difficult dog,trust_improve_1,p0057,75
3509,difficult dog,trust_improve_1,p0066,78
3510,difficult dog,trust_improve_1,p0069,65
3511,difficult dog,trust_improve_1,p0072,85
3512,difficult dog,trust_improve_1,p0073,78
3513,difficult dog,trust_improve_1,p0082,85
3514,difficult dog,trust_improve_1,p0091,88
3515,difficult dog,trust_improve_1,p0092,75
3516,difficult dog,trust_improve_1,p0093,78
3517,difficult dog,trust_improve_1,p0095,78
3518,difficult dog,trust_improve_1,p0107,65
3519,difficult dog,trust_improve_1,p0114,85
3520,difficult dog,trust_improve_1,p0116,68
3521,difficult dog,trust_improve_1,p0118,65
3522,difficult dog,trust_improve_1,p0119,78
3523,difficult dog,trust_improve_1,p0126,75
3524,difficult dog,trust_improve_1,p0129,85
3525,difficult dog,trust_improve_1,p0136,68
3526,difficult dog,trust_improve_1,p0138,68
3527,difficult dog,trust_improve_1,p0144,68
3528,difficult dog,trust_improve_1,p0150,75
3529,difficult dog,trust_improve_1,p0152,65
3530,difficult dog,trust_improve_1,p0158,68
3531,difficult dog,trust_improve_1,p0161,78
3532,difficult dog,trust_improve_1,p0164,65
3533,difficult dog,trust_improve_1,p0175,78
3534,difficult dog,trust_improve_1,p0177,78
3535,difficult dog,trust_improve_1,p0178,85
3536,difficult dog,trust_improve_1,p0181,45
3537,difficult dog,trust_improve_1,p0186,65
3538,difficult dog,trust_improve_1,p0196,78
3539,difficult dog,trust_improve_1,p0198,85
3540,difficult dog,trust_improve_1,p0202,82
3541,difficult dog,trust_improve_1,p0205,65
3542,difficult dog,trust_improve_1,p0207,65
3543,difficult dog,trust_improve_1,p0211,65
3544,difficult dog,trust_improve_1,p0227,85
3545,difficult dog,trust_improve_1,p0229,78
3546,difficult dog,trust_improve_1,p0232,78
3547,difficult dog,trust_improve_1,p0233,68
3548,difficult dog,trust_improve_1,p0237,85
3549,difficult dog,trust_improve_1,p0258,78
3550,difficult dog,trust_improve_1,p0268,45
3551,difficult dog,trust_improve_1,p0274,78
3552,difficult dog,trust_improve_1,p0275,45
3553,difficult dog,trust_improve_1,p0277,65
3554,difficult dog,trust_improve_1,p0288,88
3555,difficult dog,trust_improve_1,p0291,78
3556,difficult dog,trust_improve_1,p0307,65
3557,difficult dog,trust_improve_1,p0308,78
3558,difficult dog,trust_improve_1,p0317,55
3559,difficult dog,trust_improve_1,p0325,85
3560,difficult dog,trust_improve_1,p0327,85
3561,difficult dog,trust_improve_1,p0334,78
3562,difficult dog,trust_improve_1,p0336,82
3563,difficult dog,trust_improve_1,p0338,55
3564,difficult dog,trust_improve_1,p0342,78
3565,difficult dog,trust_improve_1,p0349,68
3566,difficult dog,trust_improve_1,p0356,75
3567,difficult dog,trust_improve_1,p0358,78
3568,difficult dog,trust_improve_1,p0363,78
3569,difficult dog,trust_improve_1,p0364,82
3570,difficult dog,trust_improve_1,p0369,85
3571,difficult dog,trust_improve_1,p0370,68
3572,difficult dog,trust_improve_1,p0371,68
3573,difficult dog,trust_improve_1,p0379,65
3574,difficult dog,trust_improve_1,p0386,82
3575,difficult dog,trust_improve_1,p0396,78
3576,difficult dog,trust_improve_1,p0403,78
3577,difficult dog,trust_improve_1,p0405,85
3578,difficult dog,trust_improve_1,p0412,78
3579,difficult dog,trust_improve_1,p0415,45
3580,difficult dog,trust_improve_1,p0416,78
3581,difficult dog,trust_improve_1,p0417,78
3582,difficult dog,trust_improve_1,p0418,68
3583,difficult dog,trust_improve_1,p0430,85
3584,difficult dog,trust_improve_1,p0431,85
3585,difficult dog,trust_improve_1,p0434,35
3586,difficult dog,trust_improve_1,p0438,88
3587,difficult dog,trust_improve_1,p0441,75
3588,difficult dog,trust_improve_1,p0442,45
3589,difficult dog,trust_improve_1,p0449,65
3590,difficult dog,trust_improve_1,p0450,78
3591,difficult dog,trust_improve_1,p0465,65
3592,difficult dog,trust_improve_1,p0471,75
3593,difficult dog,trust_improve_1,p0477,75
3594,difficult dog,trust_improve_1,p0483,78
3595,difficult dog,trust_improve_1,p0486,82
3596,difficult dog,trust_improve_1,p0487,78
3597,difficult dog,trust_improve_1,p0489,78
3598,difficult dog,trust_improve_1,p0497,45
3599,difficult dog,trust_improve_1,p0502,68
3600,difficult dog,trust_improve_1,p0503,78
3601,difficult dog,trust_improve_1,p0506,65
3602,difficult dog,trust_improve_1,p0511,78
3603,difficult dog,trust_improve_1,p0523,78
3604,difficult dog,trust_improve_1,p0534,85
3605,difficult dog,trust_improve_1,p0536,75
3606,difficult dog,trust_improve_1,p0542,65
3607,difficult dog,trust_improve_1,p0547,85
3608,difficult dog,trust_improve_1,p0553,78
3609,difficult dog,trust_improve_1,p0559,82
3610,difficult dog,trust_improve_1,p0566,78
3611,difficult dog,trust_improve_1,p0568,75
3612,difficult dog,trust_improve_1,p0570,55
3613,difficult dog,trust_improve_1,p0573,75
3614,difficult dog,trust_improve_1,p0578,75
3615,difficult dog,trust_improve_1,p0594,68
3616,difficult dog,trust_improve_1,p0597,78
3617,difficult dog,trust_improve_1,p0601,78
3618,difficult dog,trust_improve_1,p0602,65
3619,difficult dog,trust_improve_1,p0605,68
3620,difficult dog,trust_improve_1,p0615,78
3621,difficult dog,trust_improve_1,p0620,78
3622,difficult dog,trust_improve_1,p0626,78
3623,difficult dog,trust_improve_1,p0629,85
3624,difficult dog,trust_improve_1,p0633,68
3625,difficult dog,trust_improve_1,p0638,78
3626,difficult dog,trust_improve_1,p0639,78
3627,difficult dog,trust_improve_1,p0640,68
3628,difficult dog,trust_improve_1,p0655,78
3629,difficult dog,trust_improve_1,p0656,78
3630,difficult dog,trust_improve_1,p0658,65
3631,difficult dog,trust_improve_1,p0661,68
3632,difficult dog,trust_improve_1,p0669,85
3633,difficult dog,trust_improve_1,p0670,68
3634,difficult dog,trust_improve_1,p0672,75
3635,difficult dog,trust_improve_1,p0674,78
3636,difficult dog,trust_improve_1,p0678,78
3637,difficult dog,trust_improve_1,p0683,78
3638,difficult dog,trust_improve_1,p0686,65
3639,difficult dog,trust_improve_1,p0687,85
3640,difficult dog,trust_improve_1,p0698,75
3641,difficult dog,trust_improve_1,p0700,68
3642,difficult dog,trust_improve_1,p0703,75
3643,difficult dog,trust_improve_1,p0718,75
3644,difficult dog,trust_improve_1,p0744,82
3645,difficult dog,trust_improve_1,p0745,78
3646,difficult dog,trust_improve_1,p0753,65
3647,difficult dog,trust_improve_1,p0770,78
3648,difficult dog,trust_improve_1,p0771,78
3649,difficult dog,trust_improve_1,p0777,88
3650,difficult dog,trust_improve_1,p0779,78
3651,difficult dog,trust_improve_1,p0780,55
3652,difficult dog,trust_improve_1,p0783,65
3653,difficult dog,trust_improve_1,p0785,78
3654,difficult dog,trust_improve_1,p0786,65
3655,difficult dog,trust_improve_1,p0794,45
3656,difficult dog,trust_improve_1,p0798,45
3657,difficult dog,trust_improve_1,p0800,78
3658,difficult dog,trust_improve_1,p0820,45
3659,difficult dog,trust_improve_1,p0841,68
3660,difficult dog,trust_improve_1,p0849,75
3661,difficult dog,trust_improve_1,p0862,85
3662,difficult dog,trust_improve_1,p0867,75
3663,difficult dog,trust_improve_1,p0869,85
3664,difficult dog,trust_improve_1,p0872,78
3665,difficult dog,trust_improve_1,p0880,75
3666,difficult dog,trust_improve_1,p0891,68
3667,difficult dog,trust_improve_1,p0916,78
3668,difficult dog,trust_improve_1,p0917,78
3669,difficult dog,trust_improve_1,p0919,82
3670,difficult dog,trust_improve_1,p0922,75
3671,difficult dog,trust_improve_1,p0925,78
3672,difficult dog,trust_improve_1,p0927,82
3673,difficult dog,trust_improve_1,p0929,75
3674,difficult dog,trust_improve_1,p0930,75
3675,difficult dog,trust_improve_1,p0931,55
3676,difficult dog,trust_improve_1,p0933,75
3677,difficult dog,trust_improve_1,p0934,55
3678,difficult dog,trust_improve_1,p0936,78
3679,difficult dog,trust_improve_1,p0938,78
3680,difficult dog,trust_improve_1,p0939,78
3681,difficult dog,trust_improve_1,p0946,68
3682,difficult dog,trust_improve_1,p0951,68
3683,difficult dog,trust_improve_1,p0956,78
3684,difficult dog,trust_improve_1,p0962,75
3685,difficult dog,trust_improve_1,p0963,78
3686,difficult dog,trust_improve_1,p0969,65
3687,difficult dog,trust_improve_1,p0972,68
3688,difficult dog,trust_improve_1,p0975,65
3689,difficult dog,trust_improve_1,p0985,65
3690,difficult dog,trust_improve_1,p0993,85
3691,difficult dog,trust_improve_1,p0996,68
3692,difficult dog,trust_improve_1,p1011,65
3693,difficult dog,trust_improve_1,p1017,65
3694,difficult dog,trust_improve_1,p1020,78
3695,difficult dog,trust_improve_1,p1022,82
3696,difficult dog,trust_improve_1,p1024,65
3697,difficult dog,trust_improve_1,p1027,85
3698,difficult dog,trust_improve_1,p1028,85
3699,difficult dog,trust_improve_1,p1029,62
3700,difficult dog,trust_improve_1,p1032,75
3701,difficult dog,trust_improve_1,p1040,82
3702,difficult dog,trust_improve_1,p1047,68
3703,difficult dog,trust_improve_1,p1048,68
3704,difficult dog,trust_improve_1,p1053,68
3705,difficult dog,trust_improve_1,p1057,68
3706,difficult dog,trust_improve_1,p1058,68
3707,difficult dog,trust_improve_1,p1063,65
3708,difficult dog,trust_improve_1,p1064,85
3709,difficult dog,trust_improve_1,p1065,68
3710,difficult dog,trust_improve_1,p1069,65
3711,difficult dog,trust_improve_1,p1072,78
3712,difficult dog,trust_improve_1,p1073,78
3713,difficult dog,trust_improve_1,p1075,78
3714,difficult dog,trust_improve_1,p1076,65
3715,difficult dog,trust_improve_1,p1083,68
3716,difficult dog,trust_improve_1,p1089,85
3717,difficult dog,trust_improve_1,p1093,82
3718,difficult dog,trust_improve_1,p1096,78
3719,difficult dog,trust_improve_1,p1100,75
3720,difficult dog,trust_improve_1,p1106,78
3721,difficult dog,trust_improve_1,p1107,65
3722,difficult dog,trust_improve_1,p1113,75
3723,difficult dog,trust_improve_1,p1117,55
3724,difficult dog,trust_improve_1,p1120,75
3725,difficult dog,trust_improve_1,p1134,78
3726,difficult dog,trust_improve_1,p1136,55
3727,difficult dog,trust_improve_1,p1138,78
3728,difficult dog,trust_improve_1,p1144,65
3729,difficult dog,trust_improve_1,p1145,85
3730,difficult dog,trust_improve_1,p1147,85
3731,difficult dog,trust_improve_1,p1148,82
3732,difficult dog,trust_improve_1,p1154,85
3733,difficult dog,trust_improve_1,p1159,75
3734,difficult dog,trust_improve_1,p1167,78
3735,difficult dog,trust_improve_1,p1175,82
3736,difficult dog,trust_improve_1,p1178,68
3737,difficult dog,trust_improve_1,p1184,68
3738,difficult dog,trust_improve_1,p1186,78
3739,difficult dog,trust_improve_1,p1196,65
3740,difficult dog,trust_improve_1,p1197,68
3741,difficult dog,trust_improve_1,p1203,78
3742,difficult dog,trust_improve_1,p1219,68
3743,difficult dog,trust_improve_1,p1225,68
3744,difficult dog,trust_improve_1,p1234,75
3745,difficult dog,trust_improve_1,p1242,68
3746,difficult dog,trust_improve_1,p1244,82
3747,difficult dog,trust_improve_1,p1249,65
3748,difficult dog,trust_improve_1,p1250,75
3749,difficult dog,trust_improve_1,p1256,78
3750,difficult dog,trust_improve_1,p1258,85
3751,difficult dog,trust_improve_1,p1260,65
3752,difficult dog,trust_improve_1,p1262,65
3753,difficult dog,trust_improve_1,p1264,78
3754,difficult dog,trust_improve_1,p1265,78
3755,difficult dog,trust_improve_1,p1269,75
3756,difficult dog,trust_improve_1,p1272,78
3757,difficult dog,trust_improve_1,p1278,85
3758,difficult dog,trust_improve_1,p1281,75
3759,difficult dog,trust_improve_1,p1292,68
3760,difficult dog,trust_improve_1,p1299,75
3761,difficult dog,trust_improve_1,p1312,75
3762,difficult dog,trust_improve_1,p1322,78
3763,difficult dog,trust_improve_1,p1326,78
3764,difficult dog,trust_improve_1,p1330,78
3765,difficult dog,trust_improve_1,p1335,78
3766,difficult dog,trust_improve_1,p1337,78
3767,difficult dog,trust_improve_1,p1340,78
3768,difficult dog,trust_improve_1,p1345,78
3769,difficult dog,trust_improve_1,p1351,65
3770,difficult dog,trust_improve_1,p1355,68
3771,difficult dog,trust_improve_1,p1362,65
3772,difficult dog,trust_improve_1,p1365,65
3773,difficult dog,trust_improve_1,p1366,65
3774,difficult dog,trust_improve_1,p1367,65
3775,difficult dog,trust_improve_1,p1370,78
3776,difficult dog,trust_improve_1,p1371,88
3777,difficult dog,trust_improve_1,p1373,68
3778,difficult dog,trust_improve_1,p1375,65
3779,difficult dog,trust_improve_1,p1376,68
3780,difficult dog,trust_improve_1,p1379,68
3781,difficult dog,trust_improve_1,p1381,68
3782,difficult dog,trust_improve_1,p1393,75
3783,difficult dog,trust_improve_1,p1396,85
3784,difficult dog,trust_improve_1,p1398,75
3785,difficult dog,trust_improve_1,p1404,85
3786,difficult dog,trust_improve_1,p1406,78
3787,difficult dog,trust_improve_1,p1407,68
3788,difficult dog,trust_improve_1,p1409,75
3789,difficult dog,trust_improve_1,p1412,75
3790,difficult dog,trust_improve_1,p1414,85
3791,difficult dog,trust_improve_1,p1424,75
3792,difficult dog,trust_improve_1,p1425,68
3793,difficult dog,trust_improve_1,p1429,75
3794,difficult dog,trust_improve_1,p1434,78
3795,difficult dog,trust_improve_1,p1441,65
3796,difficult dog,trust_improve_1,p1445,68
3797,difficult dog,trust_improve_1,p1450,78
3798,difficult dog,trust_improve_1,p1454,75
3799,difficult dog,trust_improve_1,p1456,65
3800,difficult dog,trust_improve_1,p1457,68
3801,difficult dog,trust_improve_1,p1458,88
3802,difficult dog,trust_improve_1,p1469,75
3803,difficult dog,trust_improve_1,p1470,68
3804,difficult dog,trust_improve_1,p1481,78
3805,difficult dog,trust_improve_1,p1488,78
3806,difficult dog,trust_improve_1,p1492,62
3807,difficult dog,trust_improve_1,p1495,75
3808,difficult dog,trust_improve_1,p1497,75
3809,difficult dog,trust_improve_1,p1499,75
3810,difficult dog,trust_improve_1,p1503,78
3811,difficult dog,trust_improve_1,p1511,78
3812,difficult dog,trust_improve_1,p1512,68
3813,difficult dog,trust_improve_1,p1518,78
3814,difficult dog,trust_improve_1,p1519,68
3815,difficult dog,trust_improve_1,p1520,55
3816,difficult dog,trust_improve_1,p1524,75
3817,difficult dog,trust_improve_1,p1526,65
3818,difficult dog,trust_improve_1,p1537,78
3819,difficult dog,trust_improve_1,p1545,78
3820,difficult dog,trust_improve_1,p1547,75
3821,difficult dog,trust_improve_1,p1552,92
3822,difficult dog,trust_improve_1,p1567,75
3823,difficult dog,trust_improve_1,p1568,75
3824,difficult dog,trust_improve_1,p1579,35
3825,difficult dog,trust_improve_1,p1587,55
3826,difficult dog,trust_improve_1,p1596,68
3827,difficult dog,trust_improve_1,p1600,85
3828,difficult dog,trust_improve_1,p1603,75
3829,difficult dog,trust_improve_1,p1604,78
3830,difficult dog,trust_improve_1,p1610,72
3831,difficult dog,trust_improve_1,p1618,65
3832,difficult dog,trust_improve_1,p1619,85
3833,difficult dog,trust_improve_1,p1622,78
3834,difficult dog,trust_improve_1,p1623,45
3835,difficult dog,trust_improve_1,p1630,65
3836,difficult dog,trust_improve_1,p1641,75
3837,difficult dog,trust_improve_1,p1649,65
3838,difficult dog,trust_improve_1,p1652,68
3839,difficult dog,trust_improve_1,p1665,68
3840,difficult dog,trust_improve_1,p1669,68
3841,difficult dog,trust_improve_1,p1685,75
3842,difficult dog,trust_improve_1,p1693,78
3843,difficult dog,trust_improve_1,p1698,75
3844,difficult dog,trust_improve_1,p1704,75
3845,difficult dog,trust_improve_1,p1711,82
3846,difficult dog,trust_improve_1,p1718,45
3847,difficult dog,trust_improve_1,p1732,68
3848,difficult dog,trust_improve_1,p1739,78
3849,difficult dog,trust_improve_1,p1741,82
3850,difficult dog,trust_improve_1,p1746,65
3851,difficult dog,trust_improve_1,p1751,62
3852,difficult dog,trust_improve_1,p1754,75
3853,difficult dog,trust_improve_1,p1769,75
3854,difficult dog,trust_improve_1,p1771,78
3855,difficult dog,trust_improve_1,p1776,75
3856,difficult dog,trust_improve_1,p1780,75
3857,difficult dog,trust_improve_1,p1785,65
3858,difficult dog,trust_improve_1,p1791,82
3859,difficult dog,trust_improve_1,p1793,68
3860,difficult dog,trust_improve_1,p1796,68
3861,difficult dog,trust_improve_1,p1805,75
3862,difficult dog,trust_improve_1,p1812,85
3863,difficult dog,trust_improve_1,p1816,55
3864,difficult dog,trust_improve_1,p1819,75
3865,difficult dog,trust_improve_1,p1825,85
3866,difficult dog,trust_improve_1,p1836,82
3867,difficult dog,trust_improve_1,p1839,78
3868,difficult dog,trust_improve_1,p1861,75
3869,difficult dog,trust_improve_1,p1863,78
3870,difficult dog,trust_improve_1,p1873,68
3871,difficult dog,trust_improve_1,p1875,78
3872,difficult dog,trust_improve_1,p1876,85
3873,difficult dog,trust_improve_1,p1877,85
3874,difficult dog,trust_improve_1,p1880,68
3875,difficult dog,trust_improve_1,p1883,68
3876,difficult dog,trust_improve_1,p1889,45
3877,difficult dog,trust_improve_1,p1893,85
3878,difficult dog,trust_improve_1,p1896,82
3879,difficult dog,trust_improve_1,p1913,68
3880,difficult dog,trust_improve_1,p1922,85
3881,difficult dog,trust_improve_1,p1930,78
3882,difficult dog,trust_improve_1,p1935,78
3883,difficult dog,trust_improve_1,p1940,85
3884,difficult dog,trust_improve_1,p1948,65
3885,difficult dog,trust_improve_1,p1950,75
3886,difficult dog,trust_improve_1,p1954,65
3887,difficult dog,trust_improve_1,p1956,45
3888,difficult dog,trust_improve_1,p1958,75
3889,difficult dog,trust_improve_1,p1967,78
3890,difficult dog,trust_improve_1,p1973,88
3891,difficult dog,trust_improve_1,p1978,75
3892,difficult dog,trust_improve_1,p1983,62
3893,difficult dog,trust_improve_1,p1984,55
3894,difficult dog,trust_improve_1,p1995,68
3895,difficult dog,trust_improve_1,p1996,65
3896,difficult dog,trust_improve_1,p1997,78
3897,difficult dog,trust_improve_1,p2001,78
3898,difficult dog,trust_improve_1,p2002,75
3899,difficult dog,trust_improve_1,p2013,88
3900,difficult dog,trust_improve_1,p2014,68
3901,difficult dog,trust_improve_1,p2016,78
3902,difficult dog,trust_improve_1,p2018,68
3903,difficult dog,trust_improve_1,p2023,82
3904,difficult dog,trust_improve_1,p2025,85
3905,difficult dog,trust_improve_1,p2028,68
3906,difficult dog,trust_improve_1,p2030,82
3907,difficult dog,trust_improve_1,p2033,78
3908,difficult dog,trust_improve_1,p2040,45
3909,difficult dog,trust_improve_1,p2051,75
3910,difficult dog,trust_improve_1,p2052,75
3911,difficult dog,trust_improve_1,p2066,65
3912,difficult dog,trust_improve_1,p2067,85
3913,difficult dog,trust_improve_1,p2073,85
3914,difficult dog,trust_improve_1,p2077,75
3915,difficult dog,trust_improve_1,p2078,75
3916,difficult dog,trust_improve_1,p2086,85
3917,difficult dog,trust_improve_1,p2089,82
3918,difficult dog,trust_improve_1,p2093,35
3919,difficult dog,trust_improve_1,p2094,85
3920,difficult dog,trust_improve_1,p2111,75
3921,difficult dog,trust_improve_1,p2117,78
3922,difficult dog,trust_improve_1,p2121,78
3923,difficult dog,trust_improve_1,p2127,75
3924,difficult dog,trust_improve_1,p2141,75
3925,difficult dog,trust_improve_1,p2142,45
3926,difficult dog,trust_improve_1,p2143,78
3927,difficult dog,trust_improve_1,p2153,82
3928,difficult dog,trust_improve_1,p2155,55
3929,difficult dog,trust_improve_1,p2169,65
3930,difficult dog,trust_improve_1,p2187,78
3931,difficult dog,trust_improve_1,p2188,78
3932,difficult dog,trust_improve_1,p2197,68
3933,difficult dog,trust_improve_1,p2213,65
3934,difficult dog,trust_improve_1,p2214,75
3935,difficult dog,trust_improve_1,p2215,75
3936,difficult dog,trust_improve_1,p2220,68
3937,difficult dog,trust_improve_1,p2223,65
3938,difficult dog,trust_improve_1,p2229,68
3939,difficult dog,trust_improve_1,p2234,85
3940,difficult dog,trust_improve_1,p2237,85
3941,difficult dog,trust_improve_1,p2238,68
3942,difficult dog,trust_improve_1,p2244,78
3943,difficult dog,trust_improve_1,p2248,75
3944,difficult dog,trust_improve_1,p2252,85
3945,difficult dog,trust_improve_1,p2255,30
3946,difficult dog,trust_improve_1,p2261,45
3947,difficult dog,trust_improve_1,p2263,75
3948,difficult dog,trust_improve_1,p2273,68
3949,difficult dog,trust_improve_1,p2275,75
3950,difficult dog,trust_improve_1,p2276,68
3951,difficult dog,trust_improve_1,p2283,65
3952,difficult dog,trust_improve_1,p2287,78
3953,difficult dog,trust_improve_1,p2296,65
3954,difficult dog,trust_improve_1,p2298,75
3955,difficult dog,trust_improve_1,p2304,85
3956,difficult dog,trust_improve_1,p2310,68
3957,difficult dog,trust_improve_1,p2322,65
3958,difficult dog,trust_improve_1,p2326,78
3959,difficult dog,trust_improve_1,p2330,65
3960,difficult dog,trust_improve_1,p2331,85
3961,difficult dog,trust_improve_1,p2333,68
3962,difficult dog,trust_improve_1,p2347,85
3963,difficult dog,trust_improve_1,p2350,75
3964,difficult dog,trust_improve_1,p2351,68
3965,difficult dog,trust_improve_1,p2353,78
3966,difficult dog,trust_improve_1,p2355,75
3967,difficult dog,trust_improve_1,p2363,75
3968,difficult dog,trust_improve_1,p2378,82
3969,difficult dog,trust_improve_1,p2380,85
3970,difficult dog,trust_improve_1,p2387,75
3971,difficult dog,trust_improve_1,p2398,78
3972,difficult dog,trust_improve_1,p2400,85
3973,difficult dog,trust_improve_1,p2403,85
3974,difficult dog,trust_improve_1,p2408,45
3975,difficult dog,trust_improve_1,p2418,78
3976,difficult dog,trust_improve_1,p2426,78
3977,difficult dog,trust_improve_1,p2428,65
3978,difficult dog,trust_improve_1,p2434,78
3979,difficult dog,trust_improve_1,p2446,65
3980,difficult dog,trust_improve_1,p2452,68
3981,difficult dog,trust_improve_1,p2454,68
3982,difficult dog,trust_improve_1,p2462,75
3983,difficult dog,trust_improve_1,p2467,35
3984,difficult dog,trust_improve_1,p2482,68
3985,difficult dog,trust_improve_1,p2489,68
3986,difficult dog,trust_improve_1,p2490,75
3987,difficult dog,trust_improve_1,p2494,65
3988,difficult dog,trust_improve_1,p2502,82
3989,difficult dog,trust_improve_1,p2503,78
3990,difficult dog,trust_improve_1,p2522,85
3991,difficult dog,trust_improve_1,p2524,75
3992,difficult dog,trust_improve_1,p2533,45
3993,difficult dog,trust_improve_1,p2566,75
3994,difficult dog,trust_improve_1,p2571,78
3995,difficult dog,trust_improve_1,p2573,68
3996,difficult dog,trust_improve_1,p2582,78
3997,difficult dog,trust_improve_1,p2591,68
3998,difficult dog,trust_improve_1,p2592,78
3999,difficult dog,trust_improve_1,p2595,45
4000,difficult dog,trust_considerate_1,p0016,78
4001,difficult dog,trust_considerate_1,p0022,75
4002,difficult dog,trust_considerate_1,p0023,78
4003,difficult dog,trust_considerate_1,p0026,75
4004,difficult dog,trust_considerate_1,p0034,68
4005,difficult dog,trust_considerate_1,p0036,65
4006,difficult dog,trust_considerate_1,p0037,68
4007,difficult dog,trust_considerate_1,p0042,68
4008,difficult dog,trust_considerate_1,p0057,68
4009,difficult dog,trust_considerate_1,p0066,78
4010,difficult dog,trust_considerate_1,p0069,65
4011,difficult dog,trust_considerate_1,p0072,85
4012,difficult dog,trust_considerate_1,p0073,68
4013,difficult dog,trust_considerate_1,p0082,78
4014,difficult dog,trust_considerate_1,p0091,85
4015,difficult dog,trust_considerate_1,p0092,68
4016,difficult dog,trust_considerate_1,p0093,75
4017,difficult dog,trust_considerate_1,p0095,78
4018,difficult dog,trust_considerate_1,p0107,68
4019,difficult dog,trust_considerate_1,p0114,78
4020,difficult dog,trust_considerate_1,p0116,68
4021,difficult dog,trust_considerate_1,p0118,65
4022,difficult dog,trust_considerate_1,p0119,75
4023,difficult dog,trust_considerate_1,p0126,68
4024,difficult dog,trust_considerate_1,p0129,78
4025,difficult dog,trust_considerate_1,p0136,65
4026,difficult dog,trust_considerate_1,p0138,65
4027,difficult dog,trust_considerate_1,p0144,68
4028,difficult dog,trust_considerate_1,p0150,68
4029,difficult dog,trust_considerate_1,p0152,65
4030,difficult dog,trust_considerate_1,p0158,62
4031,difficult dog,trust_considerate_1,p0161,65
4032,difficult dog,trust_considerate_1,p0164,68
4033,difficult dog,trust_considerate_1,p0175,75
4034,difficult dog,trust_considerate_1,p0177,78
4035,difficult dog,trust_considerate_1,p0178,78
4036,difficult dog,trust_considerate_1,p0181,45
4037,difficult dog,trust_considerate_1,p0186,68
4038,difficult dog,trust_considerate_1,p0196,68
4039,difficult dog,trust_considerate_1,p0198,78
4040,difficult dog,trust_considerate_1,p0202,75
4041,difficult dog,trust_considerate_1,p0205,45
4042,difficult dog,trust_considerate_1,p0207,65
4043,difficult dog,trust_considerate_1,p0211,62
4044,difficult dog,trust_considerate_1,p0227,78
4045,difficult dog,trust_considerate_1,p0229,68
4046,difficult dog,trust_considerate_1,p0232,75
4047,difficult dog,trust_considerate_1,p0233,68
4048,difficult dog,trust_considerate_1,p0237,78
4049,difficult dog,trust_considerate_1,p0258,65
4050,difficult dog,trust_considerate_1,p0268,45
4051,difficult dog,trust_considerate_1,p0274,78
4052,difficult dog,trust_considerate_1,p0275,35
4053,difficult dog,trust_considerate_1,p0277,65
4054,difficult dog,trust_considerate_1,p0288,85
4055,difficult dog,trust_considerate_1,p0291,75
4056,difficult dog,trust_considerate_1,p0307,62
4057,difficult dog,trust_considerate_1,p0308,72
4058,difficult dog,trust_considerate_1,p0317,45
4059,difficult dog,trust_considerate_1,p0325,82
4060,difficult dog,trust_considerate_1,p0327,85
4061,difficult dog,trust_considerate_1,p0334,78
4062,difficult dog,trust_considerate_1,p0336,78
4063,difficult dog,trust_considerate_1,p0338,45
4064,difficult dog,trust_considerate_1,p0342,78
4065,difficult dog,trust_considerate_1,p0349,62
4066,difficult dog,trust_considerate_1,p0356,75
4067,difficult dog,trust_considerate_1,p0358,78
4068,difficult dog,trust_considerate_1,p0363,78
4069,difficult dog,trust_considerate_1,p0364,78
4070,difficult dog,trust_considerate_1,p0369,78
4071,difficult dog,trust_considerate_1,p0370,68
4072,difficult dog,trust_considerate_1,p0371,68
4073,difficult dog,trust_considerate_1,p0379,68
4074,difficult dog,trust_considerate_1,p0386,78
4075,difficult dog,trust_considerate_1,p0396,78
4076,difficult dog,trust_considerate_1,p0403,72
4077,difficult dog,trust_considerate_1,p0405,85
4078,difficult dog,trust_considerate_1,p0412,75
4079,difficult dog,trust_considerate_1,p0415,45
4080,difficult dog,trust_considerate_1,p0416,75
4081,difficult dog,trust_considerate_1,p0417,78
4082,difficult dog,trust_considerate_1,p0418,68
4083,difficult dog,trust_considerate_1,p0430,78
4084,difficult dog,trust_considerate_1,p0431,85
4085,difficult dog,trust_considerate_1,p0434,35
4086,difficult dog,trust_considerate_1,p0438,85
4087,difficult dog,trust_considerate_1,p0441,78
4088,difficult dog,trust_considerate_1,p0442,45
4089,difficult dog,trust_considerate_1,p0449,65
4090,difficult dog,trust_considerate_1,p0450,75
4091,difficult dog,trust_considerate_1,p0465,55
4092,difficult dog,trust_considerate_1,p0471,68
4093,difficult dog,trust_considerate_1,p0477,68
4094,difficult dog,trust_considerate_1,p0483,78
4095,difficult dog,trust_considerate_1,p0486,78
4096,difficult dog,trust_considerate_1,p0487,78
4097,difficult dog,trust_considerate_1,p0489,78
4098,difficult dog,trust_considerate_1,p0497,45
4099,difficult dog,trust_considerate_1,p0502,68
4100,difficult dog,trust_considerate_1,p0503,78
4101,difficult dog,trust_considerate_1,p0506,62
4102,difficult dog,trust_considerate_1,p0511,75
4103,difficult dog,trust_considerate_1,p0523,78
4104,difficult dog,trust_considerate_1,p0534,78
4105,difficult dog,trust_considerate_1,p0536,68
4106,difficult dog,trust_considerate_1,p0542,45
4107,difficult dog,trust_considerate_1,p0547,78
4108,difficult dog,trust_considerate_1,p0553,78
4109,difficult dog,trust_considerate_1,p0559,78
4110,difficult dog,trust_considerate_1,p0566,68
4111,difficult dog,trust_considerate_1,p0568,68
4112,difficult dog,trust_considerate_1,p0570,55
4113,difficult dog,trust_considerate_1,p0573,68
4114,difficult dog,trust_considerate_1,p0578,68
4115,difficult dog,trust_considerate_1,p0594,62
4116,difficult dog,trust_considerate_1,p0597,75
4117,difficult dog,trust_considerate_1,p0601,68
4118,difficult dog,trust_considerate_1,p0602,68
4119,difficult dog,trust_considerate_1,p0605,65
4120,difficult dog,trust_considerate_1,p0615,68
4121,difficult dog,trust_considerate_1,p0620,78
4122,difficult dog,trust_considerate_1,p0626,68
4123,difficult dog,trust_considerate_1,p0629,78
4124,difficult dog,trust_considerate_1,p0633,68
4125,difficult dog,trust_considerate_1,p0638,78
4126,difficult dog,trust_considerate_1,p0639,78
4127,difficult dog,trust_considerate_1,p0640,68
4128,difficult dog,trust_considerate_1,p0655,75
4129,difficult dog,trust_considerate_1,p0656,68
4130,difficult dog,trust_considerate_1,p0658,62
4131,difficult dog,trust_considerate_1,p0661,65
4132,difficult dog,trust_considerate_1,p0669,78
4133,difficult dog,trust_considerate_1,p0670,65
4134,difficult dog,trust_considerate_1,p0672,75
4135,difficult dog,trust_considerate_1,p0674,78
4136,difficult dog,trust_considerate_1,p0678,78
4137,difficult dog,trust_considerate_1,p0683,78
4138,difficult dog,trust_considerate_1,p0686,58
4139,difficult dog,trust_considerate_1,p0687,78
4140,difficult dog,trust_considerate_1,p0698,68
4141,difficult dog,trust_considerate_1,p0700,68
4142,difficult dog,trust_considerate_1,p0703,75
4143,difficult dog,trust_considerate_1,p0718,78
4144,difficult dog,trust_considerate_1,p0744,78
4145,difficult dog,trust_considerate_1,p0745,75
4146,difficult dog,trust_considerate_1,p0753,55
4147,difficult dog,trust_considerate_1,p0770,78
4148,difficult dog,trust_considerate_1,p0771,78
4149,difficult dog,trust_considerate_1,p0777,85
4150,difficult dog,trust_considerate_1,p0779,78
4151,difficult dog,trust_considerate_1,p0780,45
4152,difficult dog,trust_considerate_1,p0783,68
4153,difficult dog,trust_considerate_1,p0785,68
4154,difficult dog,trust_considerate_1,p0786,45
4155,difficult dog,trust_considerate_1,p0794,35
4156,difficult dog,trust_considerate_1,p0798,35
4157,difficult dog,trust_considerate_1,p0800,75
4158,difficult dog,trust_considerate_1,p0820,45
4159,difficult dog,trust_considerate_1,p0841,65
4160,difficult dog,trust_considerate_1,p0849,65
4161,difficult dog,trust_considerate_1,p0862,85
4162,difficult dog,trust_considerate_1,p0867,78
4163,difficult dog,trust_considerate_1,p0869,78
4164,difficult dog,trust_considerate_1,p0872,78
4165,difficult dog,trust_considerate_1,p0880,78
4166,difficult dog,trust_considerate_1,p0891,65
4167,difficult dog,trust_considerate_1,p0916,78
4168,difficult dog,trust_considerate_1,p0917,78
4169,difficult dog,trust_considerate_1,p0919,78
4170,difficult dog,trust_considerate_1,p0922,68
4171,difficult dog,trust_considerate_1,p0925,75
4172,difficult dog,trust_considerate_1,p0927,78
4173,difficult dog,trust_considerate_1,p0929,68
4174,difficult dog,trust_considerate_1,p0930,75
4175,difficult dog,trust_considerate_1,p0931,45
4176,difficult dog,trust_considerate_1,p0933,68
4177,difficult dog,trust_considerate_1,p0934,45
4178,difficult dog,trust_considerate_1,p0936,78
4179,difficult dog,trust_considerate_1,p0938,78
4180,difficult dog,trust_considerate_1,p0939,68
4181,difficult dog,trust_considerate_1,p0946,68
4182,difficult dog,trust_considerate_1,p0951,65
4183,difficult dog,trust_considerate_1,p0956,78
4184,difficult dog,trust_considerate_1,p0962,75
4185,difficult dog,trust_considerate_1,p0963,78
4186,difficult dog,trust_considerate_1,p0969,65
4187,difficult dog,trust_considerate_1,p0972,65
4188,difficult dog,trust_considerate_1,p0975,68
4189,difficult dog,trust_considerate_1,p0985,65
4190,difficult dog,trust_considerate_1,p0993,78
4191,difficult dog,trust_considerate_1,p0996,68
4192,difficult dog,trust_considerate_1,p1011,68
4193,difficult dog,trust_considerate_1,p1017,45
4194,difficult dog,trust_considerate_1,p1020,75
4195,difficult dog,trust_considerate_1,p1022,78
4196,difficult dog,trust_considerate_1,p1024,45
4197,difficult dog,trust_considerate_1,p1027,78
4198,difficult dog,trust_considerate_1,p1028,85
4199,difficult dog,trust_considerate_1,p1029,45
4200,difficult dog,trust_considerate_1,p1032,68
4201,difficult dog,trust_considerate_1,p1040,78
4202,difficult dog,trust_considerate_1,p1047,65
4203,difficult dog,trust_considerate_1,p1048,62
4204,difficult dog,trust_considerate_1,p1053,68
4205,difficult dog,trust_considerate_1,p1057,65
4206,difficult dog,trust_considerate_1,p1058,65
4207,difficult dog,trust_considerate_1,p1063,45
4208,difficult dog,trust_considerate_1,p1064,78
4209,difficult dog,trust_considerate_1,p1065,65
4210,difficult dog,trust_considerate_1,p1069,68
4211,difficult dog,trust_considerate_1,p1072,75
4212,difficult dog,trust_considerate_1,p1073,72
4213,difficult dog,trust_considerate_1,p1075,75
4214,difficult dog,trust_considerate_1,p1076,65
4215,difficult dog,trust_considerate_1,p1083,68
4216,difficult dog,trust_considerate_1,p1089,78
4217,difficult dog,trust_considerate_1,p1093,75
4218,difficult dog,trust_considerate_1,p1096,78
4219,difficult dog,trust_considerate_1,p1100,65
4220,difficult dog,trust_considerate_1,p1106,78
4221,difficult dog,trust_considerate_1,p1107,68
4222,difficult dog,trust_considerate_1,p1113,75
4223,difficult dog,trust_considerate_1,p1117,35
4224,difficult dog,trust_considerate_1,p1120,68
4225,difficult dog,trust_considerate_1,p1134,68
4226,difficult dog,trust_considerate_1,p1136,45
4227,difficult dog,trust_considerate_1,p1138,75
4228,difficult dog,trust_considerate_1,p1144,65
4229,difficult dog,trust_considerate_1,p1145,85
4230,difficult dog,trust_considerate_1,p1147,82
4231,difficult dog,trust_considerate_1,p1148,78
4232,difficult dog,trust_considerate_1,p1154,85
4233,difficult dog,trust_considerate_1,p1159,75
4234,difficult dog,trust_considerate_1,p1167,78
4235,difficult dog,trust_considerate_1,p1175,78
4236,difficult dog,trust_considerate_1,p1178,68
4237,difficult dog,trust_considerate_1,p1184,68
4238,difficult dog,trust_considerate_1,p1186,78
4239,difficult dog,trust_considerate_1,p1196,65
4240,difficult dog,trust_considerate_1,p1197,55
4241,difficult dog,trust_considerate_1,p1203,78
4242,difficult dog,trust_considerate_1,p1219,68
4243,difficult dog,trust_considerate_1,p1225,65
4244,difficult dog,trust_considerate_1,p1234,72
4245,difficult dog,trust_considerate_1,p1242,68
4246,difficult dog,trust_considerate_1,p1244,75
4247,difficult dog,trust_considerate_1,p1249,68
4248,difficult dog,trust_considerate_1,p1250,72
4249,difficult dog,trust_considerate_1,p1256,72
4250,difficult dog,trust_considerate_1,p1258,78
4251,difficult dog,trust_considerate_1,p1260,68
4252,difficult dog,trust_considerate_1,p1262,68
4253,difficult dog,trust_considerate_1,p1264,72
4254,difficult dog,trust_considerate_1,p1265,78
4255,difficult dog,trust_considerate_1,p1269,68
4256,difficult dog,trust_considerate_1,p1272,75
4257,difficult dog,trust_considerate_1,p1278,78
4258,difficult dog,trust_considerate_1,p1281,68
4259,difficult dog,trust_considerate_1,p1292,68
4260,difficult dog,trust_considerate_1,p1299,68
4261,difficult dog,trust_considerate_1,p1312,68
4262,difficult dog,trust_considerate_1,p1322,75
4263,difficult dog,trust_considerate_1,p1326,78
4264,difficult dog,trust_considerate_1,p1330,75
4265,difficult dog,trust_considerate_1,p1335,75
4266,difficult dog,trust_considerate_1,p1337,78
4267,difficult dog,trust_considerate_1,p1340,78
4268,difficult dog,trust_considerate_1,p1345,75
4269,difficult dog,trust_considerate_1,p1351,65
4270,difficult dog,trust_considerate_1,p1355,62
4271,difficult dog,trust_considerate_1,p1362,65
4272,difficult dog,trust_considerate_1,p1365,45
4273,difficult dog,trust_considerate_1,p1366,45
4274,difficult dog,trust_considerate_1,p1367,45
4275,difficult dog,trust_considerate_1,p1370,78
4276,difficult dog,trust_considerate_1,p1371,85
4277,difficult dog,trust_considerate_1,p1373,65
4278,difficult dog,trust_considerate_1,p1375,55
4279,difficult dog,trust_considerate_1,p1376,62
4280,difficult dog,trust_considerate_1,p1379,68
4281,difficult dog,trust_considerate_1,p1381,68
4282,difficult dog,trust_considerate_1,p1393,75
4283,difficult dog,trust_considerate_1,p1396,85
4284,difficult dog,trust_considerate_1,p1398,68
4285,difficult dog,trust_considerate_1,p1404,78
4286,difficult dog,trust_considerate_1,p1406,72
4287,difficult dog,trust_considerate_1,p1407,68
4288,difficult dog,trust_considerate_1,p1409,72
4289,difficult dog,trust_considerate_1,p1412,78
4290,difficult dog,trust_considerate_1,p1414,78
4291,difficult dog,trust_considerate_1,p1424,75
4292,difficult dog,trust_considerate_1,p1425,62
4293,difficult dog,trust_considerate_1,p1429,68
4294,difficult dog,trust_considerate_1,p1434,75
4295,difficult dog,trust_considerate_1,p1441,68
4296,difficult dog,trust_considerate_1,p1445,68
4297,difficult dog,trust_considerate_1,p1450,75
4298,difficult dog,trust_considerate_1,p1454,78
4299,difficult dog,trust_considerate_1,p1456,65
4300,difficult dog,trust_considerate_1,p1457,65
4301,difficult dog,trust_considerate_1,p1458,85
4302,difficult dog,trust_considerate_1,p1469,68
4303,difficult dog,trust_considerate_1,p1470,65
4304,difficult dog,trust_considerate_1,p1481,75
4305,difficult dog,trust_considerate_1,p1488,68
4306,difficult dog,trust_considerate_1,p1492,55
4307,difficult dog,trust_considerate_1,p1495,68
4308,difficult dog,trust_considerate_1,p1497,68
4309,difficult dog,trust_considerate_1,p1499,68
4310,difficult dog,trust_considerate_1,p1503,75
4311,difficult dog,trust_considerate_1,p1511,78
4312,difficult dog,trust_considerate_1,p1512,68
4313,difficult dog,trust_considerate_1,p1518,78
4314,difficult dog,trust_considerate_1,p1519,65
4315,difficult dog,trust_considerate_1,p1520,45
4316,difficult dog,trust_considerate_1,p1524,78
4317,difficult dog,trust_considerate_1,p1526,65
4318,difficult dog,trust_considerate_1,p1537,78
4319,difficult dog,trust_considerate_1,p1545,78
4320,difficult dog,trust_considerate_1,p1547,78
4321,difficult dog,trust_considerate_1,p1552,85
4322,difficult dog,trust_considerate_1,p1567,75
4323,difficult dog,trust_considerate_1,p1568,78
4324,difficult dog,trust_considerate_1,p1579,45
4325,difficult dog,trust_considerate_1,p1587,45
4326,difficult dog,trust_considerate_1,p1596,62
4327,difficult dog,trust_considerate_1,p1600,78
4328,difficult dog,trust_considerate_1,p1603,68
4329,difficult dog,trust_considerate_1,p1604,78
4330,difficult dog,trust_considerate_1,p1610,68
4331,difficult dog,trust_considerate_1,p1618,65
4332,difficult dog,trust_considerate_1,p1619,78
4333,difficult dog,trust_considerate_1,p1622,78
4334,difficult dog,trust_considerate_1,p1623,35
4335,difficult dog,trust_considerate_1,p1630,45
4336,difficult dog,trust_considerate_1,p1641,75
4337,difficult dog,trust_considerate_1,p1649,65
4338,difficult dog,trust_considerate_1,p1652,68
4339,difficult dog,trust_considerate_1,p1665,68
4340,difficult dog,trust_considerate_1,p1669,62
4341,difficult dog,trust_considerate_1,p1685,75
4342,difficult dog,trust_considerate_1,p1693,72
4343,difficult dog,trust_considerate_1,p1698,75
4344,difficult dog,trust_considerate_1,p1704,68
4345,difficult dog,trust_considerate_1,p1711,78
4346,difficult dog,trust_considerate_1,p1718,45
4347,difficult dog,trust_considerate_1,p1732,65
4348,difficult dog,trust_considerate_1,p1739,75
4349,difficult dog,trust_considerate_1,p1741,78
4350,difficult dog,trust_considerate_1,p1746,62
4351,difficult dog,trust_considerate_1,p1751,45
4352,difficult dog,trust_considerate_1,p1754,75
4353,difficult dog,trust_considerate_1,p1769,65
4354,difficult dog,trust_considerate_1,p1771,78
4355,difficult dog,trust_considerate_1,p1776,78
4356,difficult dog,trust_considerate_1,p1780,78
4357,difficult dog,trust_considerate_1,p1785,65
4358,difficult dog,trust_considerate_1,p1791,78
4359,difficult dog,trust_considerate_1,p1793,68
4360,difficult dog,trust_considerate_1,p1796,65
4361,difficult dog,trust_considerate_1,p1805,68
4362,difficult dog,trust_considerate_1,p1812,78
4363,difficult dog,trust_considerate_1,p1816,45
4364,difficult dog,trust_considerate_1,p1819,78
4365,difficult dog,trust_considerate_1,p1825,75
4366,difficult dog,trust_considerate_1,p1836,78
4367,difficult dog,trust_considerate_1,p1839,75
4368,difficult dog,trust_considerate_1,p1861,68
4369,difficult dog,trust_considerate_1,p1863,78
4370,difficult dog,trust_considerate_1,p1873,68
4371,difficult dog,trust_considerate_1,p1875,68
4372,difficult dog,trust_considerate_1,p1876,82
4373,difficult dog,trust_considerate_1,p1877,78
4374,difficult dog,trust_considerate_1,p1880,68
4375,difficult dog,trust_considerate_1,p1883,68
4376,difficult dog,trust_considerate_1,p1889,35
4377,difficult dog,trust_considerate_1,p1893,78
4378,difficult dog,trust_considerate_1,p1896,78
4379,difficult dog,trust_considerate_1,p1913,65
4380,difficult dog,trust_considerate_1,p1922,85
4381,difficult dog,trust_considerate_1,p1930,78
4382,difficult dog,trust_considerate_1,p1935,75
4383,difficult dog,trust_considerate_1,p1940,78
4384,difficult dog,trust_considerate_1,p1948,62
4385,difficult dog,trust_considerate_1,p1950,68
4386,difficult dog,trust_considerate_1,p1954,68
4387,difficult dog,trust_considerate_1,p1956,45
4388,difficult dog,trust_considerate_1,p1958,65
4389,difficult dog,trust_considerate_1,p1967,78
4390,difficult dog,trust_considerate_1,p1973,88
4391,difficult dog,trust_considerate_1,p1978,68
4392,difficult dog,trust_considerate_1,p1983,55
4393,difficult dog,trust_considerate_1,p1984,45
4394,difficult dog,trust_considerate_1,p1995,65
4395,difficult dog,trust_considerate_1,p1996,68
4396,difficult dog,trust_considerate_1,p1997,72
4397,difficult dog,trust_considerate_1,p2001,78
4398,difficult dog,trust_considerate_1,p2002,68
4399,difficult dog,trust_considerate_1,p2013,85
4400,difficult dog,trust_considerate_1,p2014,65
4401,difficult dog,trust_considerate_1,p2016,78
4402,difficult dog,trust_considerate_1,p2018,62
4403,difficult dog,trust_considerate_1,p2023,78
4404,difficult dog,trust_considerate_1,p2025,78
4405,difficult dog,trust_considerate_1,p2028,68
4406,difficult dog,trust_considerate_1,p2030,78
4407,difficult dog,trust_considerate_1,p2033,78
4408,difficult dog,trust_considerate_1,p2040,45
4409,difficult dog,trust_considerate_1,p2051,68
4410,difficult dog,trust_considerate_1,p2052,68
4411,difficult dog,trust_considerate_1,p2066,55
4412,difficult dog,trust_considerate_1,p2067,78
4413,difficult dog,trust_considerate_1,p2073,78
4414,difficult dog,trust_considerate_1,p2077,68
4415,difficult dog,trust_considerate_1,p2078,72
4416,difficult dog,trust_considerate_1,p2086,78
4417,difficult dog,trust_considerate_1,p2089,78
4418,difficult dog,trust_considerate_1,p2093,35
4419,difficult dog,trust_considerate_1,p2094,75
4420,difficult dog,trust_considerate_1,p2111,68
4421,difficult dog,trust_considerate_1,p2117,78
4422,difficult dog,trust_considerate_1,p2121,75
4423,difficult dog,trust_considerate_1,p2127,68
4424,difficult dog,trust_considerate_1,p2141,75
4425,difficult dog,trust_considerate_1,p2142,45
4426,difficult dog,trust_considerate_1,p2143,78
4427,difficult dog,trust_considerate_1,p2153,75
4428,difficult dog,trust_considerate_1,p2155,62
4429,difficult dog,trust_considerate_1,p2169,45
4430,difficult dog,trust_considerate_1,p2187,68
4431,difficult dog,trust_considerate_1,p2188,78
4432,difficult dog,trust_considerate_1,p2197,65
4433,difficult dog,trust_considerate_1,p2213,68
4434,difficult dog,trust_considerate_1,p2214,72
4435,difficult dog,trust_considerate_1,p2215,75
4436,difficult dog,trust_considerate_1,p2220,68
4437,difficult dog,trust_considerate_1,p2223,65
4438,difficult dog,trust_considerate_1,p2229,68
4439,difficult dog,trust_considerate_1,p2234,85
4440,difficult dog,trust_considerate_1,p2237,85
4441,difficult dog,trust_considerate_1,p2238,68
4442,difficult dog,trust_considerate_1,p2244,68
4443,difficult dog,trust_considerate_1,p2248,72
4444,difficult dog,trust_considerate_1,p2252,82
4445,difficult dog,trust_considerate_1,p2255,15
4446,difficult dog,trust_considerate_1,p2261,45
4447,difficult dog,trust_considerate_1,p2263,75
4448,difficult dog,trust_considerate_1,p2273,68
4449,difficult dog,trust_considerate_1,p2275,78
4450,difficult dog,trust_considerate_1,p2276,68
4451,difficult dog,trust_considerate_1,p2283,62
4452,difficult dog,trust_considerate_1,p2287,78
4453,difficult dog,trust_considerate_1,p2296,62
4454,difficult dog,trust_considerate_1,p2298,62
4455,difficult dog,trust_considerate_1,p2304,78
4456,difficult dog,trust_considerate_1,p2310,58
4457,difficult dog,trust_considerate_1,p2322,55
4458,difficult dog,trust_considerate_1,p2326,68
4459,difficult dog,trust_considerate_1,p2330,45
4460,difficult dog,trust_considerate_1,p2331,75
4461,difficult dog,trust_considerate_1,p2333,68
4462,difficult dog,trust_considerate_1,p2347,78
4463,difficult dog,trust_considerate_1,p2350,68
4464,difficult dog,trust_considerate_1,p2351,68
4465,difficult dog,trust_considerate_1,p2353,78
4466,difficult dog,trust_considerate_1,p2355,75
4467,difficult dog,trust_considerate_1,p2363,68
4468,difficult dog,trust_considerate_1,p2378,78
4469,difficult dog,trust_considerate_1,p2380,75
4470,difficult dog,trust_considerate_1,p2387,68
4471,difficult dog,trust_considerate_1,p2398,78
4472,difficult dog,trust_considerate_1,p2400,78
4473,difficult dog,trust_considerate_1,p2403,78
4474,difficult dog,trust_considerate_1,p2408,45
4475,difficult dog,trust_considerate_1,p2418,68
4476,difficult dog,trust_considerate_1,p2426,78
4477,difficult dog,trust_considerate_1,p2428,55
4478,difficult dog,trust_considerate_1,p2434,78
4479,difficult dog,trust_considerate_1,p2446,45
4480,difficult dog,trust_considerate_1,p2452,65
4481,difficult dog,trust_considerate_1,p2454,62
4482,difficult dog,trust_considerate_1,p2462,72
4483,difficult dog,trust_considerate_1,p2467,25
4484,difficult dog,trust_considerate_1,p2482,65
4485,difficult dog,trust_considerate_1,p2489,68
4486,difficult dog,trust_considerate_1,p2490,68
4487,difficult dog,trust_considerate_1,p2494,62
4488,difficult dog,trust_considerate_1,p2502,78
4489,difficult dog,trust_considerate_1,p2503,68
4490,difficult dog,trust_considerate_1,p2522,75
4491,difficult dog,trust_considerate_1,p2524,78
4492,difficult dog,trust_considerate_1,p2533,45
4493,difficult dog,trust_considerate_1,p2566,75
4494,difficult dog,trust_considerate_1,p2571,78
4495,difficult dog,trust_considerate_1,p2573,68
4496,difficult dog,trust_considerate_1,p2582,68
4497,difficult dog,trust_considerate_1,p2591,68
4498,difficult dog,trust_considerate_1,p2592,65
4499,difficult dog,trust_considerate_1,p2595,45
4500,difficult dog,trust_feedback_1,p0016,75
4501,difficult dog,trust_feedback_1,p0022,65
4502,difficult dog,trust_feedback_1,p0023,78
4503,difficult dog,trust_feedback_1,p0026,68
4504,difficult dog,trust_feedback_1,p0034,45
4505,difficult dog,trust_feedback_1,p0036,55
4506,difficult dog,trust_feedback_1,p0037,55
4507,difficult dog,trust_feedback_1,p0042,65
4508,difficult dog,trust_feedback_1,p0057,68
4509,difficult dog,trust_feedback_1,p0066,65
4510,difficult dog,trust_feedback_1,p0069,45
4511,difficult dog,trust_feedback_1,p0072,75
4512,difficult dog,trust_feedback_1,p0073,68
4513,difficult dog,trust_feedback_1,p0082,65
4514,difficult dog,trust_feedback_1,p0091,75
4515,difficult dog,trust_feedback_1,p0092,65
4516,difficult dog,trust_feedback_1,p0093,68
4517,difficult dog,trust_feedback_1,p0095,68
4518,difficult dog,trust_feedback_1,p0107,45
4519,difficult dog,trust_feedback_1,p0114,75
4520,difficult dog,trust_feedback_1,p0116,55
4521,difficult dog,trust_feedback_1,p0118,55
4522,difficult dog,trust_feedback_1,p0119,65
4523,difficult dog,trust_feedback_1,p0126,65
4524,difficult dog,trust_feedback_1,p0129,75
4525,difficult dog,trust_feedback_1,p0136,45
4526,difficult dog,trust_feedback_1,p0138,45
4527,difficult dog,trust_feedback_1,p0144,62
4528,difficult dog,trust_feedback_1,p0150,65
4529,difficult dog,trust_feedback_1,p0152,55
4530,difficult dog,trust_feedback_1,p0158,45
4531,difficult dog,trust_feedback_1,p0161,65
4532,difficult dog,trust_feedback_1,p0164,45
4533,difficult dog,trust_feedback_1,p0175,65
4534,difficult dog,trust_feedback_1,p0177,75
4535,difficult dog,trust_feedback_1,p0178,75
4536,difficult dog,trust_feedback_1,p0181,35
4537,difficult dog,trust_feedback_1,p0186,65
4538,difficult dog,trust_feedback_1,p0196,68
4539,difficult dog,trust_feedback_1,p0198,75
4540,difficult dog,trust_feedback_1,p0202,68
4541,difficult dog,trust_feedback_1,p0205,45
4542,difficult dog,trust_feedback_1,p0207,65
4543,difficult dog,trust_feedback_1,p0211,45
4544,difficult dog,trust_feedback_1,p0227,75
4545,difficult dog,trust_feedback_1,p0229,65
4546,difficult dog,trust_feedback_1,p0232,68
4547,difficult dog,trust_feedback_1,p0233,65
4548,difficult dog,trust_feedback_1,p0237,78
4549,difficult dog,trust_feedback_1,p0258,55
4550,difficult dog,trust_feedback_1,p0268,45
4551,difficult dog,trust_feedback_1,p0274,68
4552,difficult dog,trust_feedback_1,p0275,15
4553,difficult dog,trust_feedback_1,p0277,45
4554,difficult dog,trust_feedback_1,p0288,75
4555,difficult dog,trust_feedback_1,p0291,68
4556,difficult dog,trust_feedback_1,p0307,45
4557,difficult dog,trust_feedback_1,p0308,68
4558,difficult dog,trust_feedback_1,p0317,35
4559,difficult dog,trust_feedback_1,p0325,75
4560,difficult dog,trust_feedback_1,p0327,75
4561,difficult dog,trust_feedback_1,p0334,68
4562,difficult dog,trust_feedback_1,p0336,75
4563,difficult dog,trust_feedback_1,p0338,45
4564,difficult dog,trust_feedback_1,p0342,75
4565,difficult dog,trust_feedback_1,p0349,45
4566,difficult dog,trust_feedback_1,p0356,65
4567,difficult dog,trust_feedback_1,p0358,68
4568,difficult dog,trust_feedback_1,p0363,65
4569,difficult dog,trust_feedback_1,p0364,78
4570,difficult dog,trust_feedback_1,p0369,75
4571,difficult dog,trust_feedback_1,p0370,45
4572,difficult dog,trust_feedback_1,p0371,65
4573,difficult dog,trust_feedback_1,p0379,45
4574,difficult dog,trust_feedback_1,p0386,75
4575,difficult dog,trust_feedback_1,p0396,75
4576,difficult dog,trust_feedback_1,p0403,65
4577,difficult dog,trust_feedback_1,p0405,75
4578,difficult dog,trust_feedback_1,p0412,68
4579,difficult dog,trust_feedback_1,p0415,45
4580,difficult dog,trust_feedback_1,p0416,68
4581,difficult dog,trust_feedback_1,p0417,68
4582,difficult dog,trust_feedback_1,p0418,45
4583,difficult dog,trust_feedback_1,p0430,65
4584,difficult dog,trust_feedback_1,p0431,78
4585,difficult dog,trust_feedback_1,p0434,35
4586,difficult dog,trust_feedback_1,p0438,75
4587,difficult dog,trust_feedback_1,p0441,65
4588,difficult dog,trust_feedback_1,p0442,35
4589,difficult dog,trust_feedback_1,p0449,45
4590,difficult dog,trust_feedback_1,p0450,68
4591,difficult dog,trust_feedback_1,p0465,45
4592,difficult dog,trust_feedback_1,p0471,65
4593,difficult dog,trust_feedback_1,p0477,65
4594,difficult dog,trust_feedback_1,p0483,68
4595,difficult dog,trust_feedback_1,p0486,68
4596,difficult dog,trust_feedback_1,p0487,68
4597,difficult dog,trust_feedback_1,p0489,68
4598,difficult dog,trust_feedback_1,p0497,35
4599,difficult dog,trust_feedback_1,p0502,62
4600,difficult dog,trust_feedback_1,p0503,78
4601,difficult dog,trust_feedback_1,p0506,45
4602,difficult dog,trust_feedback_1,p0511,65
4603,difficult dog,trust_feedback_1,p0523,68
4604,difficult dog,trust_feedback_1,p0534,65
4605,difficult dog,trust_feedback_1,p0536,65
4606,difficult dog,trust_feedback_1,p0542,35
4607,difficult dog,trust_feedback_1,p0547,75
4608,difficult dog,trust_feedback_1,p0553,68
4609,difficult dog,trust_feedback_1,p0559,75
4610,difficult dog,trust_feedback_1,p0566,68
4611,difficult dog,trust_feedback_1,p0568,65
4612,difficult dog,trust_feedback_1,p0570,45
4613,difficult dog,trust_feedback_1,p0573,65
4614,difficult dog,trust_feedback_1,p0578,68
4615,difficult dog,trust_feedback_1,p0594,45
4616,difficult dog,trust_feedback_1,p0597,68
4617,difficult dog,trust_feedback_1,p0601,68
4618,difficult dog,trust_feedback_1,p0602,45
4619,difficult dog,trust_feedback_1,p0605,55
4620,difficult dog,trust_feedback_1,p0615,65
4621,difficult dog,trust_feedback_1,p0620,68
4622,difficult dog,trust_feedback_1,p0626,68
4623,difficult dog,trust_feedback_1,p0629,75
4624,difficult dog,trust_feedback_1,p0633,45
4625,difficult dog,trust_feedback_1,p0638,68
4626,difficult dog,trust_feedback_1,p0639,65
4627,difficult dog,trust_feedback_1,p0640,45
4628,difficult dog,trust_feedback_1,p0655,68
4629,difficult dog,trust_feedback_1,p0656,68
4630,difficult dog,trust_feedback_1,p0658,35
4631,difficult dog,trust_feedback_1,p0661,65
4632,difficult dog,trust_feedback_1,p0669,65
4633,difficult dog,trust_feedback_1,p0670,55
4634,difficult dog,trust_feedback_1,p0672,65
4635,difficult dog,trust_feedback_1,p0674,75
4636,difficult dog,trust_feedback_1,p0678,75
4637,difficult dog,trust_feedback_1,p0683,65
4638,difficult dog,trust_feedback_1,p0686,45
4639,difficult dog,trust_feedback_1,p0687,75
4640,difficult dog,trust_feedback_1,p0698,65
4641,difficult dog,trust_feedback_1,p0700,62
4642,difficult dog,trust_feedback_1,p0703,65
4643,difficult dog,trust_feedback_1,p0718,65
4644,difficult dog,trust_feedback_1,p0744,75
4645,difficult dog,trust_feedback_1,p0745,68
4646,difficult dog,trust_feedback_1,p0753,45
4647,difficult dog,trust_feedback_1,p0770,78
4648,difficult dog,trust_feedback_1,p0771,65
4649,difficult dog,trust_feedback_1,p0777,78
4650,difficult dog,trust_feedback_1,p0779,68
4651,difficult dog,trust_feedback_1,p0780,45
4652,difficult dog,trust_feedback_1,p0783,45
4653,difficult dog,trust_feedback_1,p0785,68
4654,difficult dog,trust_feedback_1,p0786,45
4655,difficult dog,trust_feedback_1,p0794,35
4656,difficult dog,trust_feedback_1,p0798,35
4657,difficult dog,trust_feedback_1,p0800,68
4658,difficult dog,trust_feedback_1,p0820,45
4659,difficult dog,trust_feedback_1,p0841,45
4660,difficult dog,trust_feedback_1,p0849,65
4661,difficult dog,trust_feedback_1,p0862,75
4662,difficult dog,trust_feedback_1,p0867,65
4663,difficult dog,trust_feedback_1,p0869,65
4664,difficult dog,trust_feedback_1,p0872,68
4665,difficult dog,trust_feedback_1,p0880,65
4666,difficult dog,trust_feedback_1,p0891,55
4667,difficult dog,trust_feedback_1,p0916,68
4668,difficult dog,trust_feedback_1,p0917,68
4669,difficult dog,trust_feedback_1,p0919,75
4670,difficult dog,trust_feedback_1,p0922,65
4671,difficult dog,trust_feedback_1,p0925,68
4672,difficult dog,trust_feedback_1,p0927,65
4673,difficult dog,trust_feedback_1,p0929,65
4674,difficult dog,trust_feedback_1,p0930,65
4675,difficult dog,trust_feedback_1,p0931,45
4676,difficult dog,trust_feedback_1,p0933,65
4677,difficult dog,trust_feedback_1,p0934,45
4678,difficult dog,trust_feedback_1,p0936,68
4679,difficult dog,trust_feedback_1,p0938,68
4680,difficult dog,trust_feedback_1,p0939,68
4681,difficult dog,trust_feedback_1,p0946,55
4682,difficult dog,trust_feedback_1,p0951,65
4683,difficult dog,trust_feedback_1,p0956,65
4684,difficult dog,trust_feedback_1,p0962,65
4685,difficult dog,trust_feedback_1,p0963,65
4686,difficult dog,trust_feedback_1,p0969,45
4687,difficult dog,trust_feedback_1,p0972,55
4688,difficult dog,trust_feedback_1,p0975,45
4689,difficult dog,trust_feedback_1,p0985,45
4690,difficult dog,trust_feedback_1,p0993,75
4691,difficult dog,trust_feedback_1,p0996,55
4692,difficult dog,trust_feedback_1,p1011,45
4693,difficult dog,trust_feedback_1,p1017,45
4694,difficult dog,trust_feedback_1,p1020,68
4695,difficult dog,trust_feedback_1,p1022,75
4696,difficult dog,trust_feedback_1,p1024,45
4697,difficult dog,trust_feedback_1,p1027,75
4698,difficult dog,trust_feedback_1,p1028,75
4699,difficult dog,trust_feedback_1,p1029,45
4700,difficult dog,trust_feedback_1,p1032,65
4701,difficult dog,trust_feedback_1,p1040,68
4702,difficult dog,trust_feedback_1,p1047,45
4703,difficult dog,trust_feedback_1,p1048,45
4704,difficult dog,trust_feedback_1,p1053,55
4705,difficult dog,trust_feedback_1,p1057,45
4706,difficult dog,trust_feedback_1,p1058,45
4707,difficult dog,trust_feedback_1,p1063,45
4708,difficult dog,trust_feedback_1,p1064,75
4709,difficult dog,trust_feedback_1,p1065,45
4710,difficult dog,trust_feedback_1,p1069,65
4711,difficult dog,trust_feedback_1,p1072,68
4712,difficult dog,trust_feedback_1,p1073,68
4713,difficult dog,trust_feedback_1,p1075,65
4714,difficult dog,trust_feedback_1,p1076,45
4715,difficult dog,trust_feedback_1,p1083,45
4716,difficult dog,trust_feedback_1,p1089,75
4717,difficult dog,trust_feedback_1,p1093,68
4718,difficult dog,trust_feedback_1,p1096,68
4719,difficult dog,trust_feedback_1,p1100,65
4720,difficult dog,trust_feedback_1,p1106,68
4721,difficult dog,trust_feedback_1,p1107,65
4722,difficult dog,trust_feedback_1,p1113,65
4723,difficult dog,trust_feedback_1,p1117,25
4724,difficult dog,trust_feedback_1,p1120,45
4725,difficult dog,trust_feedback_1,p1134,65
4726,difficult dog,trust_feedback_1,p1136,45
4727,difficult dog,trust_feedback_1,p1138,68
4728,difficult dog,trust_feedback_1,p1144,45
4729,difficult dog,trust_feedback_1,p1145,75
4730,difficult dog,trust_feedback_1,p1147,75
4731,difficult dog,trust_feedback_1,p1148,75
4732,difficult dog,trust_feedback_1,p1154,75
4733,difficult dog,trust_feedback_1,p1159,65
4734,difficult dog,trust_feedback_1,p1167,68
4735,difficult dog,trust_feedback_1,p1175,75
4736,difficult dog,trust_feedback_1,p1178,65
4737,difficult dog,trust_feedback_1,p1184,65
4738,difficult dog,trust_feedback_1,p1186,68
4739,difficult dog,trust_feedback_1,p1196,45
4740,difficult dog,trust_feedback_1,p1197,45
4741,difficult dog,trust_feedback_1,p1203,68
4742,difficult dog,trust_feedback_1,p1219,55
4743,difficult dog,trust_feedback_1,p1225,45
4744,difficult dog,trust_feedback_1,p1234,65
4745,difficult dog,trust_feedback_1,p1242,65
4746,difficult dog,trust_feedback_1,p1244,68
4747,difficult dog,trust_feedback_1,p1249,45
4748,difficult dog,trust_feedback_1,p1250,65
4749,difficult dog,trust_feedback_1,p1256,65
4750,difficult dog,trust_feedback_1,p1258,65
4751,difficult dog,trust_feedback_1,p1260,65
4752,difficult dog,trust_feedback_1,p1262,45
4753,difficult dog,trust_feedback_1,p1264,65
4754,difficult dog,trust_feedback_1,p1265,68
4755,difficult dog,trust_feedback_1,p1269,65
4756,difficult dog,trust_feedback_1,p1272,68
4757,difficult dog,trust_feedback_1,p1278,75
4758,difficult dog,trust_feedback_1,p1281,65
4759,difficult dog,trust_feedback_1,p1292,45
4760,difficult dog,trust_feedback_1,p1299,68
4761,difficult dog,trust_feedback_1,p1312,68
4762,difficult dog,trust_feedback_1,p1322,68
4763,difficult dog,trust_feedback_1,p1326,65
4764,difficult dog,trust_feedback_1,p1330,68
4765,difficult dog,trust_feedback_1,p1335,68
4766,difficult dog,trust_feedback_1,p1337,68
4767,difficult dog,trust_feedback_1,p1340,78
4768,difficult dog,trust_feedback_1,p1345,68
4769,difficult dog,trust_feedback_1,p1351,45
4770,difficult dog,trust_feedback_1,p1355,45
4771,difficult dog,trust_feedback_1,p1362,45
4772,difficult dog,trust_feedback_1,p1365,45
4773,difficult dog,trust_feedback_1,p1366,45
4774,difficult dog,trust_feedback_1,p1367,45
4775,difficult dog,trust_feedback_1,p1370,65
4776,difficult dog,trust_feedback_1,p1371,75
4777,difficult dog,trust_feedback_1,p1373,55
4778,difficult dog,trust_feedback_1,p1375,45
4779,difficult dog,trust_feedback_1,p1376,45
4780,difficult dog,trust_feedback_1,p1379,65
4781,difficult dog,trust_feedback_1,p1381,65
4782,difficult dog,trust_feedback_1,p1393,65
4783,difficult dog,trust_feedback_1,p1396,75
4784,difficult dog,trust_feedback_1,p1398,68
4785,difficult dog,trust_feedback_1,p1404,75
4786,difficult dog,trust_feedback_1,p1406,65
4787,difficult dog,trust_feedback_1,p1407,45
4788,difficult dog,trust_feedback_1,p1409,65
4789,difficult dog,trust_feedback_1,p1412,65
4790,difficult dog,trust_feedback_1,p1414,75
4791,difficult dog,trust_feedback_1,p1424,65
4792,difficult dog,trust_feedback_1,p1425,45
4793,difficult dog,trust_feedback_1,p1429,65
4794,difficult dog,trust_feedback_1,p1434,68
4795,difficult dog,trust_feedback_1,p1441,45
4796,difficult dog,trust_feedback_1,p1445,65
4797,difficult dog,trust_feedback_1,p1450,68
4798,difficult dog,trust_feedback_1,p1454,65
4799,difficult dog,trust_feedback_1,p1456,35
4800,difficult dog,trust_feedback_1,p1457,45
4801,difficult dog,trust_feedback_1,p1458,75
4802,difficult dog,trust_feedback_1,p1469,65
4803,difficult dog,trust_feedback_1,p1470,45
4804,difficult dog,trust_feedback_1,p1481,65
4805,difficult dog,trust_feedback_1,p1488,65
4806,difficult dog,trust_feedback_1,p1492,45
4807,difficult dog,trust_feedback_1,p1495,65
4808,difficult dog,trust_feedback_1,p1497,65
4809,difficult dog,trust_feedback_1,p1499,65
4810,difficult dog,trust_feedback_1,p1503,68
4811,difficult dog,trust_feedback_1,p1511,75
4812,difficult dog,trust_feedback_1,p1512,65
4813,difficult dog,trust_feedback_1,p1518,68
4814,difficult dog,trust_feedback_1,p1519,55
4815,difficult dog,trust_feedback_1,p1520,45
4816,difficult dog,trust_feedback_1,p1524,65
4817,difficult dog,trust_feedback_1,p1526,45
4818,difficult dog,trust_feedback_1,p1537,65
4819,difficult dog,trust_feedback_1,p1545,65
4820,difficult dog,trust_feedback_1,p1547,65
4821,difficult dog,trust_feedback_1,p1552,75
4822,difficult dog,trust_feedback_1,p1567,65
4823,difficult dog,trust_feedback_1,p1568,65
4824,difficult dog,trust_feedback_1,p1579,35
4825,difficult dog,trust_feedback_1,p1587,45
4826,difficult dog,trust_feedback_1,p1596,45
4827,difficult dog,trust_feedback_1,p1600,75
4828,difficult dog,trust_feedback_1,p1603,65
4829,difficult dog,trust_feedback_1,p1604,68
4830,difficult dog,trust_feedback_1,p1610,65
4831,difficult dog,trust_feedback_1,p1618,45
4832,difficult dog,trust_feedback_1,p1619,75
4833,difficult dog,trust_feedback_1,p1622,65
4834,difficult dog,trust_feedback_1,p1623,35
4835,difficult dog,trust_feedback_1,p1630,45
4836,difficult dog,trust_feedback_1,p1641,65
4837,difficult dog,trust_feedback_1,p1649,45
4838,difficult dog,trust_feedback_1,p1652,62
4839,difficult dog,trust_feedback_1,p1665,55
4840,difficult dog,trust_feedback_1,p1669,45
4841,difficult dog,trust_feedback_1,p1685,65
4842,difficult dog,trust_feedback_1,p1693,68
4843,difficult dog,trust_feedback_1,p1698,65
4844,difficult dog,trust_feedback_1,p1704,65
4845,difficult dog,trust_feedback_1,p1711,75
4846,difficult dog,trust_feedback_1,p1718,45
4847,difficult dog,trust_feedback_1,p1732,45
4848,difficult dog,trust_feedback_1,p1739,68
4849,difficult dog,trust_feedback_1,p1741,75
4850,difficult dog,trust_feedback_1,p1746,45
4851,difficult dog,trust_feedback_1,p1751,45
4852,difficult dog,trust_feedback_1,p1754,65
4853,difficult dog,trust_feedback_1,p1769,55
4854,difficult dog,trust_feedback_1,p1771,68
4855,difficult dog,trust_feedback_1,p1776,65
4856,difficult dog,trust_feedback_1,p1780,65
4857,difficult dog,trust_feedback_1,p1785,45
4858,difficult dog,trust_feedback_1,p1791,65
4859,difficult dog,trust_feedback_1,p1793,65
4860,difficult dog,trust_feedback_1,p1796,65
4861,difficult dog,trust_feedback_1,p1805,65
4862,difficult dog,trust_feedback_1,p1812,75
4863,difficult dog,trust_feedback_1,p1816,45
4864,difficult dog,trust_feedback_1,p1819,65
4865,difficult dog,trust_feedback_1,p1825,75
4866,difficult dog,trust_feedback_1,p1836,75
4867,difficult dog,trust_feedback_1,p1839,65
4868,difficult dog,trust_feedback_1,p1861,65
4869,difficult dog,trust_feedback_1,p1863,65
4870,difficult dog,trust_feedback_1,p1873,55
4871,difficult dog,trust_feedback_1,p1875,65
4872,difficult dog,trust_feedback_1,p1876,75
4873,difficult dog,trust_feedback_1,p1877,68
4874,difficult dog,trust_feedback_1,p1880,55
4875,difficult dog,trust_feedback_1,p1883,45
4876,difficult dog,trust_feedback_1,p1889,35
4877,difficult dog,trust_feedback_1,p1893,75
4878,difficult dog,trust_feedback_1,p1896,65
4879,difficult dog,trust_feedback_1,p1913,55
4880,difficult dog,trust_feedback_1,p1922,75
4881,difficult dog,trust_feedback_1,p1930,78
4882,difficult dog,trust_feedback_1,p1935,65
4883,difficult dog,trust_feedback_1,p1940,75
4884,difficult dog,trust_feedback_1,p1948,45
4885,difficult dog,trust_feedback_1,p1950,68
4886,difficult dog,trust_feedback_1,p1954,45
4887,difficult dog,trust_feedback_1,p1956,35
4888,difficult dog,trust_feedback_1,p1958,65
4889,difficult dog,trust_feedback_1,p1967,68
4890,difficult dog,trust_feedback_1,p1973,75
4891,difficult dog,trust_feedback_1,p1978,65
4892,difficult dog,trust_feedback_1,p1983,45
4893,difficult dog,trust_feedback_1,p1984,45
4894,difficult dog,trust_feedback_1,p1995,55
4895,difficult dog,trust_feedback_1,p1996,45
4896,difficult dog,trust_feedback_1,p1997,65
4897,difficult dog,trust_feedback_1,p2001,75
4898,difficult dog,trust_feedback_1,p2002,65
4899,difficult dog,trust_feedback_1,p2013,75
4900,difficult dog,trust_feedback_1,p2014,45
4901,difficult dog,trust_feedback_1,p2016,75
4902,difficult dog,trust_feedback_1,p2018,45
4903,difficult dog,trust_feedback_1,p2023,75
4904,difficult dog,trust_feedback_1,p2025,75
4905,difficult dog,trust_feedback_1,p2028,45
4906,difficult dog,trust_feedback_1,p2030,68
4907,difficult dog,trust_feedback_1,p2033,68
4908,difficult dog,trust_feedback_1,p2040,45
4909,difficult dog,trust_feedback_1,p2051,65
4910,difficult dog,trust_feedback_1,p2052,45
4911,difficult dog,trust_feedback_1,p2066,45
4912,difficult dog,trust_feedback_1,p2067,65
4913,difficult dog,trust_feedback_1,p2073,75
4914,difficult dog,trust_feedback_1,p2077,65
4915,difficult dog,trust_feedback_1,p2078,65
4916,difficult dog,trust_feedback_1,p2086,68
4917,difficult dog,trust_feedback_1,p2089,68
4918,difficult dog,trust_feedback_1,p2093,35
4919,difficult dog,trust_feedback_1,p2094,68
4920,difficult dog,trust_feedback_1,p2111,65
4921,difficult dog,trust_feedback_1,p2117,75
4922,difficult dog,trust_feedback_1,p2121,65
4923,difficult dog,trust_feedback_1,p2127,45
4924,difficult dog,trust_feedback_1,p2141,65
4925,difficult dog,trust_feedback_1,p2142,35
4926,difficult dog,trust_feedback_1,p2143,75
4927,difficult dog,trust_feedback_1,p2153,65
4928,difficult dog,trust_feedback_1,p2155,45
4929,difficult dog,trust_feedback_1,p2169,45
4930,difficult dog,trust_feedback_1,p2187,68
4931,difficult dog,trust_feedback_1,p2188,68
4932,difficult dog,trust_feedback_1,p2197,55
4933,difficult dog,trust_feedback_1,p2213,65
4934,difficult dog,trust_feedback_1,p2214,65
4935,difficult dog,trust_feedback_1,p2215,65
4936,difficult dog,trust_feedback_1,p2220,68
4937,difficult dog,trust_feedback_1,p2223,55
4938,difficult dog,trust_feedback_1,p2229,68
4939,difficult dog,trust_feedback_1,p2234,75
4940,difficult dog,trust_feedback_1,p2237,78
4941,difficult dog,trust_feedback_1,p2238,65
4942,difficult dog,trust_feedback_1,p2244,68
4943,difficult dog,trust_feedback_1,p2248,68
4944,difficult dog,trust_feedback_1,p2252,78
4945,difficult dog,trust_feedback_1,p2255,15
4946,difficult dog,trust_feedback_1,p2261,35
4947,difficult dog,trust_feedback_1,p2263,65
4948,difficult dog,trust_feedback_1,p2273,65
4949,difficult dog,trust_feedback_1,p2275,65
4950,difficult dog,trust_feedback_1,p2276,62
4951,difficult dog,trust_feedback_1,p2283,45
4952,difficult dog,trust_feedback_1,p2287,75
4953,difficult dog,trust_feedback_1,p2296,45
4954,difficult dog,trust_feedback_1,p2298,65
4955,difficult dog,trust_feedback_1,p2304,75
4956,difficult dog,trust_feedback_1,p2310,62
4957,difficult dog,trust_feedback_1,p2322,45
4958,difficult dog,trust_feedback_1,p2326,68
4959,difficult dog,trust_feedback_1,p2330,45
4960,difficult dog,trust_feedback_1,p2331,65
4961,difficult dog,trust_feedback_1,p2333,65
4962,difficult dog,trust_feedback_1,p2347,75
4963,difficult dog,trust_feedback_1,p2350,65
4964,difficult dog,trust_feedback_1,p2351,65
4965,difficult dog,trust_feedback_1,p2353,68
4966,difficult dog,trust_feedback_1,p2355,65
4967,difficult dog,trust_feedback_1,p2363,65
4968,difficult dog,trust_feedback_1,p2378,68
4969,difficult dog,trust_feedback_1,p2380,65
4970,difficult dog,trust_feedback_1,p2387,65
4971,difficult dog,trust_feedback_1,p2398,68
4972,difficult dog,trust_feedback_1,p2400,75
4973,difficult dog,trust_feedback_1,p2403,68
4974,difficult dog,trust_feedback_1,p2408,35
4975,difficult dog,trust_feedback_1,p2418,68
4976,difficult dog,trust_feedback_1,p2426,68
4977,difficult dog,trust_feedback_1,p2428,45
4978,difficult dog,trust_feedback_1,p2434,75
4979,difficult dog,trust_feedback_1,p2446,45
4980,difficult dog,trust_feedback_1,p2452,65
4981,difficult dog,trust_feedback_1,p2454,45
4982,difficult dog,trust_feedback_1,p2462,65
4983,difficult dog,trust_feedback_1,p2467,15
4984,difficult dog,trust_feedback_1,p2482,55
4985,difficult dog,trust_feedback_1,p2489,45
4986,difficult dog,trust_feedback_1,p2490,68
4987,difficult dog,trust_feedback_1,p2494,45
4988,difficult dog,trust_feedback_1,p2502,75
4989,difficult dog,trust_feedback_1,p2503,68
4990,difficult dog,trust_feedback_1,p2522,75
4991,difficult dog,trust_feedback_1,p2524,65
4992,difficult dog,trust_feedback_1,p2533,45
4993,difficult dog,trust_feedback_1,p2566,65
4994,difficult dog,trust_feedback_1,p2571,65
4995,difficult dog,trust_feedback_1,p2573,65
4996,difficult dog,trust_feedback_1,p2582,68
4997,difficult dog,trust_feedback_1,p2591,45
4998,difficult dog,trust_feedback_1,p2592,55
4999,difficult dog,trust_feedback_1,p2595,35
5000,difficult dog,trust_transparent_1,p0016,78
5001,difficult dog,trust_transparent_1,p0022,65
5002,difficult dog,trust_transparent_1,p0023,78
5003,difficult dog,trust_transparent_1,p0026,75
5004,difficult dog,trust_transparent_1,p0034,68
5005,difficult dog,trust_transparent_1,p0036,65
5006,difficult dog,trust_transparent_1,p0037,65
5007,difficult dog,trust_transparent_1,p0042,65
5008,difficult dog,trust_transparent_1,p0057,68
5009,difficult dog,trust_transparent_1,p0066,68
5010,difficult dog,trust_transparent_1,p0069,65
5011,difficult dog,trust_transparent_1,p0072,75
5012,difficult dog,trust_transparent_1,p0073,68
5013,difficult dog,trust_transparent_1,p0082,78
5014,difficult dog,trust_transparent_1,p0091,75
5015,difficult dog,trust_transparent_1,p0092,68
5016,difficult dog,trust_transparent_1,p0093,68
5017,difficult dog,trust_transparent_1,p0095,78
5018,difficult dog,trust_transparent_1,p0107,62
5019,difficult dog,trust_transparent_1,p0114,78
5020,difficult dog,trust_transparent_1,p0116,62
5021,difficult dog,trust_transparent_1,p0118,65
5022,difficult dog,trust_transparent_1,p0119,75
5023,difficult dog,trust_transparent_1,p0126,65
5024,difficult dog,trust_transparent_1,p0129,75
5025,difficult dog,trust_transparent_1,p0136,62
5026,difficult dog,trust_transparent_1,p0138,62
5027,difficult dog,trust_transparent_1,p0144,68
5028,difficult dog,trust_transparent_1,p0150,65
5029,difficult dog,trust_transparent_1,p0152,65
5030,difficult dog,trust_transparent_1,p0158,62
5031,difficult dog,trust_transparent_1,p0161,75
5032,difficult dog,trust_transparent_1,p0164,65
5033,difficult dog,trust_transparent_1,p0175,75
5034,difficult dog,trust_transparent_1,p0177,78
5035,difficult dog,trust_transparent_1,p0178,78
5036,difficult dog,trust_transparent_1,p0181,45
5037,difficult dog,trust_transparent_1,p0186,68
5038,difficult dog,trust_transparent_1,p0196,65
5039,difficult dog,trust_transparent_1,p0198,78
5040,difficult dog,trust_transparent_1,p0202,78
5041,difficult dog,trust_transparent_1,p0205,45
5042,difficult dog,trust_transparent_1,p0207,65
5043,difficult dog,trust_transparent_1,p0211,62
5044,difficult dog,trust_transparent_1,p0227,78
5045,difficult dog,trust_transparent_1,p0229,65
5046,difficult dog,trust_transparent_1,p0232,68
5047,difficult dog,trust_transparent_1,p0233,65
5048,difficult dog,trust_transparent_1,p0237,78
5049,difficult dog,trust_transparent_1,p0258,65
5050,difficult dog,trust_transparent_1,p0268,45
5051,difficult dog,trust_transparent_1,p0274,78
5052,difficult dog,trust_transparent_1,p0275,25
5053,difficult dog,trust_transparent_1,p0277,65
5054,difficult dog,trust_transparent_1,p0288,78
5055,difficult dog,trust_transparent_1,p0291,68
5056,difficult dog,trust_transparent_1,p0307,68
5057,difficult dog,trust_transparent_1,p0308,68
5058,difficult dog,trust_transparent_1,p0317,45
5059,difficult dog,trust_transparent_1,p0325,78
5060,difficult dog,trust_transparent_1,p0327,78
5061,difficult dog,trust_transparent_1,p0334,78
5062,difficult dog,trust_transparent_1,p0336,78
5063,difficult dog,trust_transparent_1,p0338,45
5064,difficult dog,trust_transparent_1,p0342,68
5065,difficult dog,trust_transparent_1,p0349,62
5066,difficult dog,trust_transparent_1,p0356,65
5067,difficult dog,trust_transparent_1,p0358,75
5068,difficult dog,trust_transparent_1,p0363,75
5069,difficult dog,trust_transparent_1,p0364,78
5070,difficult dog,trust_transparent_1,p0369,78
5071,difficult dog,trust_transparent_1,p0370,62
5072,difficult dog,trust_transparent_1,p0371,65
5073,difficult dog,trust_transparent_1,p0379,62
5074,difficult dog,trust_transparent_1,p0386,78
5075,difficult dog,trust_transparent_1,p0396,78
5076,difficult dog,trust_transparent_1,p0403,75
5077,difficult dog,trust_transparent_1,p0405,75
5078,difficult dog,trust_transparent_1,p0412,78
5079,difficult dog,trust_transparent_1,p0415,45
5080,difficult dog,trust_transparent_1,p0416,68
5081,difficult dog,trust_transparent_1,p0417,78
5082,difficult dog,trust_transparent_1,p0418,62
5083,difficult dog,trust_transparent_1,p0430,75
5084,difficult dog,trust_transparent_1,p0431,78
5085,difficult dog,trust_transparent_1,p0434,15
5086,difficult dog,trust_transparent_1,p0438,78
5087,difficult dog,trust_transparent_1,p0441,78
5088,difficult dog,trust_transparent_1,p0442,45
5089,difficult dog,trust_transparent_1,p0449,62
5090,difficult dog,trust_transparent_1,p0450,75
5091,difficult dog,trust_transparent_1,p0465,45
5092,difficult dog,trust_transparent_1,p0471,65
5093,difficult dog,trust_transparent_1,p0477,65
5094,difficult dog,trust_transparent_1,p0483,68
5095,difficult dog,trust_transparent_1,p0486,75
5096,difficult dog,trust_transparent_1,p0487,65
5097,difficult dog,trust_transparent_1,p0489,65
5098,difficult dog,trust_transparent_1,p0497,45
5099,difficult dog,trust_transparent_1,p0502,68
5100,difficult dog,trust_transparent_1,p0503,78
5101,difficult dog,trust_transparent_1,p0506,68
5102,difficult dog,trust_transparent_1,p0511,75
5103,difficult dog,trust_transparent_1,p0523,68
5104,difficult dog,trust_transparent_1,p0534,78
5105,difficult dog,trust_transparent_1,p0536,65
5106,difficult dog,trust_transparent_1,p0542,35
5107,difficult dog,trust_transparent_1,p0547,78
5108,difficult dog,trust_transparent_1,p0553,78
5109,difficult dog,trust_transparent_1,p0559,75
5110,difficult dog,trust_transparent_1,p0566,68
5111,difficult dog,trust_transparent_1,p0568,75
5112,difficult dog,trust_transparent_1,p0570,45
5113,difficult dog,trust_transparent_1,p0573,68
5114,difficult dog,trust_transparent_1,p0578,65
5115,difficult dog,trust_transparent_1,p0594,62
5116,difficult dog,trust_transparent_1,p0597,68
5117,difficult dog,trust_transparent_1,p0601,65
5118,difficult dog,trust_transparent_1,p0602,62
5119,difficult dog,trust_transparent_1,p0605,65
5120,difficult dog,trust_transparent_1,p0615,68
5121,difficult dog,trust_transparent_1,p0620,78
5122,difficult dog,trust_transparent_1,p0626,68
5123,difficult dog,trust_transparent_1,p0629,78
5124,difficult dog,trust_transparent_1,p0633,62
5125,difficult dog,trust_transparent_1,p0638,75
5126,difficult dog,trust_transparent_1,p0639,68
5127,difficult dog,trust_transparent_1,p0640,62
5128,difficult dog,trust_transparent_1,p0655,65
5129,difficult dog,trust_transparent_1,p0656,68
5130,difficult dog,trust_transparent_1,p0658,45
5131,difficult dog,trust_transparent_1,p0661,65
5132,difficult dog,trust_transparent_1,p0669,75
5133,difficult dog,trust_transparent_1,p0670,62
5134,difficult dog,trust_transparent_1,p0672,68
5135,difficult dog,trust_transparent_1,p0674,78
5136,difficult dog,trust_transparent_1,p0678,78
5137,difficult dog,trust_transparent_1,p0683,75
5138,difficult dog,trust_transparent_1,p0686,62
5139,difficult dog,trust_transparent_1,p0687,78
5140,difficult dog,trust_transparent_1,p0698,68
5141,difficult dog,trust_transparent_1,p0700,68
5142,difficult dog,trust_transparent_1,p0703,65
5143,difficult dog,trust_transparent_1,p0718,65
5144,difficult dog,trust_transparent_1,p0744,78
5145,difficult dog,trust_transparent_1,p0745,68
5146,difficult dog,trust_transparent_1,p0753,45
5147,difficult dog,trust_transparent_1,p0770,68
5148,difficult dog,trust_transparent_1,p0771,75
5149,difficult dog,trust_transparent_1,p0777,85
5150,difficult dog,trust_transparent_1,p0779,78
5151,difficult dog,trust_transparent_1,p0780,55
5152,difficult dog,trust_transparent_1,p0783,65
5153,difficult dog,trust_transparent_1,p0785,65
5154,difficult dog,trust_transparent_1,p0786,45
5155,difficult dog,trust_transparent_1,p0794,35
5156,difficult dog,trust_transparent_1,p0798,35
5157,difficult dog,trust_transparent_1,p0800,78
5158,difficult dog,trust_transparent_1,p0820,45
5159,difficult dog,trust_transparent_1,p0841,68
5160,difficult dog,trust_transparent_1,p0849,68
5161,difficult dog,trust_transparent_1,p0862,78
5162,difficult dog,trust_transparent_1,p0867,78
5163,difficult dog,trust_transparent_1,p0869,75
5164,difficult dog,trust_transparent_1,p0872,78
5165,difficult dog,trust_transparent_1,p0880,78
5166,difficult dog,trust_transparent_1,p0891,65
5167,difficult dog,trust_transparent_1,p0916,78
5168,difficult dog,trust_transparent_1,p0917,75
5169,difficult dog,trust_transparent_1,p0919,78
5170,difficult dog,trust_transparent_1,p0922,65
5171,difficult dog,trust_transparent_1,p0925,68
5172,difficult dog,trust_transparent_1,p0927,75
5173,difficult dog,trust_transparent_1,p0929,72
5174,difficult dog,trust_transparent_1,p0930,65
5175,difficult dog,trust_transparent_1,p0931,45
5176,difficult dog,trust_transparent_1,p0933,68
5177,difficult dog,trust_transparent_1,p0934,45
5178,difficult dog,trust_transparent_1,p0936,78
5179,difficult dog,trust_transparent_1,p0938,78
5180,difficult dog,trust_transparent_1,p0939,65
5181,difficult dog,trust_transparent_1,p0946,65
5182,difficult dog,trust_transparent_1,p0951,65
5183,difficult dog,trust_transparent_1,p0956,75
5184,difficult dog,trust_transparent_1,p0962,65
5185,difficult dog,trust_transparent_1,p0963,78
5186,difficult dog,trust_transparent_1,p0969,65
5187,difficult dog,trust_transparent_1,p0972,65
5188,difficult dog,trust_transparent_1,p0975,65
5189,difficult dog,trust_transparent_1,p0985,65
5190,difficult dog,trust_transparent_1,p0993,75
5191,difficult dog,trust_transparent_1,p0996,65
5192,difficult dog,trust_transparent_1,p1011,45
5193,difficult dog,trust_transparent_1,p1017,62
5194,difficult dog,trust_transparent_1,p1020,68
5195,difficult dog,trust_transparent_1,p1022,78
5196,difficult dog,trust_transparent_1,p1024,45
5197,difficult dog,trust_transparent_1,p1027,78
5198,difficult dog,trust_transparent_1,p1028,75
5199,difficult dog,trust_transparent_1,p1029,45
5200,difficult dog,trust_transparent_1,p1032,65
5201,difficult dog,trust_transparent_1,p1040,75
5202,difficult dog,trust_transparent_1,p1047,65
5203,difficult dog,trust_transparent_1,p1048,62
5204,difficult dog,trust_transparent_1,p1053,62
5205,difficult dog,trust_transparent_1,p1057,65
5206,difficult dog,trust_transparent_1,p1058,65
5207,difficult dog,trust_transparent_1,p1063,62
5208,difficult dog,trust_transparent_1,p1064,78
5209,difficult dog,trust_transparent_1,p1065,55
5210,difficult dog,trust_transparent_1,p1069,65
5211,difficult dog,trust_transparent_1,p1072,78
5212,difficult dog,trust_transparent_1,p1073,68
5213,difficult dog,trust_transparent_1,p1075,75
5214,difficult dog,trust_transparent_1,p1076,65
5215,difficult dog,trust_transparent_1,p1083,62
5216,difficult dog,trust_transparent_1,p1089,78
5217,difficult dog,trust_transparent_1,p1093,78
5218,difficult dog,trust_transparent_1,p1096,78
5219,difficult dog,trust_transparent_1,p1100,65
5220,difficult dog,trust_transparent_1,p1106,68
5221,difficult dog,trust_transparent_1,p1107,65
5222,difficult dog,trust_transparent_1,p1113,65
5223,difficult dog,trust_transparent_1,p1117,45
5224,difficult dog,trust_transparent_1,p1120,65
5225,difficult dog,trust_transparent_1,p1134,65
5226,difficult dog,trust_transparent_1,p1136,45
5227,difficult dog,trust_transparent_1,p1138,75
5228,difficult dog,trust_transparent_1,p1144,65
5229,difficult dog,trust_transparent_1,p1145,78
5230,difficult dog,trust_transparent_1,p1147,78
5231,difficult dog,trust_transparent_1,p1148,78
5232,difficult dog,trust_transparent_1,p1154,78
5233,difficult dog,trust_transparent_1,p1159,75
5234,difficult dog,trust_transparent_1,p1167,68
5235,difficult dog,trust_transparent_1,p1175,78
5236,difficult dog,trust_transparent_1,p1178,68
5237,difficult dog,trust_transparent_1,p1184,65
5238,difficult dog,trust_transparent_1,p1186,68
5239,difficult dog,trust_transparent_1,p1196,65
5240,difficult dog,trust_transparent_1,p1197,65
5241,difficult dog,trust_transparent_1,p1203,68
5242,difficult dog,trust_transparent_1,p1219,62
5243,difficult dog,trust_transparent_1,p1225,62
5244,difficult dog,trust_transparent_1,p1234,75
5245,difficult dog,trust_transparent_1,p1242,68
5246,difficult dog,trust_transparent_1,p1244,75
5247,difficult dog,trust_transparent_1,p1249,65
5248,difficult dog,trust_transparent_1,p1250,65
5249,difficult dog,trust_transparent_1,p1256,68
5250,difficult dog,trust_transparent_1,p1258,75
5251,difficult dog,trust_transparent_1,p1260,65
5252,difficult dog,trust_transparent_1,p1262,45
5253,difficult dog,trust_transparent_1,p1264,68
5254,difficult dog,trust_transparent_1,p1265,78
5255,difficult dog,trust_transparent_1,p1269,68
5256,difficult dog,trust_transparent_1,p1272,75
5257,difficult dog,trust_transparent_1,p1278,78
5258,difficult dog,trust_transparent_1,p1281,75
5259,difficult dog,trust_transparent_1,p1292,65
5260,difficult dog,trust_transparent_1,p1299,68
5261,difficult dog,trust_transparent_1,p1312,68
5262,difficult dog,trust_transparent_1,p1322,75
5263,difficult dog,trust_transparent_1,p1326,75
5264,difficult dog,trust_transparent_1,p1330,68
5265,difficult dog,trust_transparent_1,p1335,65
5266,difficult dog,trust_transparent_1,p1337,68
5267,difficult dog,trust_transparent_1,p1340,68
5268,difficult dog,trust_transparent_1,p1345,68
5269,difficult dog,trust_transparent_1,p1351,65
5270,difficult dog,trust_transparent_1,p1355,62
5271,difficult dog,trust_transparent_1,p1362,65
5272,difficult dog,trust_transparent_1,p1365,45
5273,difficult dog,trust_transparent_1,p1366,45
5274,difficult dog,trust_transparent_1,p1367,45
5275,difficult dog,trust_transparent_1,p1370,75
5276,difficult dog,trust_transparent_1,p1371,75
5277,difficult dog,trust_transparent_1,p1373,65
5278,difficult dog,trust_transparent_1,p1375,45
5279,difficult dog,trust_transparent_1,p1376,68
5280,difficult dog,trust_transparent_1,p1379,68
5281,difficult dog,trust_transparent_1,p1381,65
5282,difficult dog,trust_transparent_1,p1393,75
5283,difficult dog,trust_transparent_1,p1396,75
5284,difficult dog,trust_transparent_1,p1398,65
5285,difficult dog,trust_transparent_1,p1404,75
5286,difficult dog,trust_transparent_1,p1406,68
5287,difficult dog,trust_transparent_1,p1407,68
5288,difficult dog,trust_transparent_1,p1409,68
5289,difficult dog,trust_transparent_1,p1412,75
5290,difficult dog,trust_transparent_1,p1414,78
5291,difficult dog,trust_transparent_1,p1424,68
5292,difficult dog,trust_transparent_1,p1425,45
5293,difficult dog,trust_transparent_1,p1429,65
5294,difficult dog,trust_transparent_1,p1434,68
5295,difficult dog,trust_transparent_1,p1441,65
5296,difficult dog,trust_transparent_1,p1445,68
5297,difficult dog,trust_transparent_1,p1450,68
5298,difficult dog,trust_transparent_1,p1454,68
5299,difficult dog,trust_transparent_1,p1456,45
5300,difficult dog,trust_transparent_1,p1457,62
5301,difficult dog,trust_transparent_1,p1458,75
5302,difficult dog,trust_transparent_1,p1469,72
5303,difficult dog,trust_transparent_1,p1470,65
5304,difficult dog,trust_transparent_1,p1481,75
5305,difficult dog,trust_transparent_1,p1488,65
5306,difficult dog,trust_transparent_1,p1492,62
5307,difficult dog,trust_transparent_1,p1495,65
5308,difficult dog,trust_transparent_1,p1497,68
5309,difficult dog,trust_transparent_1,p1499,65
5310,difficult dog,trust_transparent_1,p1503,75
5311,difficult dog,trust_transparent_1,p1511,75
5312,difficult dog,trust_transparent_1,p1512,68
5313,difficult dog,trust_transparent_1,p1518,65
5314,difficult dog,trust_transparent_1,p1519,65
5315,difficult dog,trust_transparent_1,p1520,55
5316,difficult dog,trust_transparent_1,p1524,78
5317,difficult dog,trust_transparent_1,p1526,65
5318,difficult dog,trust_transparent_1,p1537,68
5319,difficult dog,trust_transparent_1,p1545,75
5320,difficult dog,trust_transparent_1,p1547,78
5321,difficult dog,trust_transparent_1,p1552,85
5322,difficult dog,trust_transparent_1,p1567,75
5323,difficult dog,trust_transparent_1,p1568,75
5324,difficult dog,trust_transparent_1,p1579,35
5325,difficult dog,trust_transparent_1,p1587,45
5326,difficult dog,trust_transparent_1,p1596,62
5327,difficult dog,trust_transparent_1,p1600,78
5328,difficult dog,trust_transparent_1,p1603,65
5329,difficult dog,trust_transparent_1,p1604,68
5330,difficult dog,trust_transparent_1,p1610,68
5331,difficult dog,trust_transparent_1,p1618,65
5332,difficult dog,trust_transparent_1,p1619,78
5333,difficult dog,trust_transparent_1,p1622,68
5334,difficult dog,trust_transparent_1,p1623,45
5335,difficult dog,trust_transparent_1,p1630,45
5336,difficult dog,trust_transparent_1,p1641,65
5337,difficult dog,trust_transparent_1,p1649,55
5338,difficult dog,trust_transparent_1,p1652,65
5339,difficult dog,trust_transparent_1,p1665,65
5340,difficult dog,trust_transparent_1,p1669,62
5341,difficult dog,trust_transparent_1,p1685,65
5342,difficult dog,trust_transparent_1,p1693,65
5343,difficult dog,trust_transparent_1,p1698,75
5344,difficult dog,trust_transparent_1,p1704,65
5345,difficult dog,trust_transparent_1,p1711,78
5346,difficult dog,trust_transparent_1,p1718,45
5347,difficult dog,trust_transparent_1,p1732,62
5348,difficult dog,trust_transparent_1,p1739,68
5349,difficult dog,trust_transparent_1,p1741,78
5350,difficult dog,trust_transparent_1,p1746,62
5351,difficult dog,trust_transparent_1,p1751,62
5352,difficult dog,trust_transparent_1,p1754,75
5353,difficult dog,trust_transparent_1,p1769,65
5354,difficult dog,trust_transparent_1,p1771,78
5355,difficult dog,trust_transparent_1,p1776,75
5356,difficult dog,trust_transparent_1,p1780,68
5357,difficult dog,trust_transparent_1,p1785,65
5358,difficult dog,trust_transparent_1,p1791,75
5359,difficult dog,trust_transparent_1,p1793,65
5360,difficult dog,trust_transparent_1,p1796,65
5361,difficult dog,trust_transparent_1,p1805,65
5362,difficult dog,trust_transparent_1,p1812,78
5363,difficult dog,trust_transparent_1,p1816,55
5364,difficult dog,trust_transparent_1,p1819,75
5365,difficult dog,trust_transparent_1,p1825,75
5366,difficult dog,trust_transparent_1,p1836,78
5367,difficult dog,trust_transparent_1,p1839,68
5368,difficult dog,trust_transparent_1,p1861,65
5369,difficult dog,trust_transparent_1,p1863,78
5370,difficult dog,trust_transparent_1,p1873,68
5371,difficult dog,trust_transparent_1,p1875,65
5372,difficult dog,trust_transparent_1,p1876,78
5373,difficult dog,trust_transparent_1,p1877,75
5374,difficult dog,trust_transparent_1,p1880,62
5375,difficult dog,trust_transparent_1,p1883,68
5376,difficult dog,trust_transparent_1,p1889,45
5377,difficult dog,trust_transparent_1,p1893,75
5378,difficult dog,trust_transparent_1,p1896,75
5379,difficult dog,trust_transparent_1,p1913,65
5380,difficult dog,trust_transparent_1,p1922,75
5381,difficult dog,trust_transparent_1,p1930,68
5382,difficult dog,trust_transparent_1,p1935,75
5383,difficult dog,trust_transparent_1,p1940,78
5384,difficult dog,trust_transparent_1,p1948,45
5385,difficult dog,trust_transparent_1,p1950,65
5386,difficult dog,trust_transparent_1,p1954,65
5387,difficult dog,trust_transparent_1,p1956,35
5388,difficult dog,trust_transparent_1,p1958,65
5389,difficult dog,trust_transparent_1,p1967,68
5390,difficult dog,trust_transparent_1,p1973,75
5391,difficult dog,trust_transparent_1,p1978,65
5392,difficult dog,trust_transparent_1,p1983,45
5393,difficult dog,trust_transparent_1,p1984,55
5394,difficult dog,trust_transparent_1,p1995,65
5395,difficult dog,trust_transparent_1,p1996,65
5396,difficult dog,trust_transparent_1,p1997,68
5397,difficult dog,trust_transparent_1,p2001,78
5398,difficult dog,trust_transparent_1,p2002,65
5399,difficult dog,trust_transparent_1,p2013,78
5400,difficult dog,trust_transparent_1,p2014,62
5401,difficult dog,trust_transparent_1,p2016,68
5402,difficult dog,trust_transparent_1,p2018,62
5403,difficult dog,trust_transparent_1,p2023,78
5404,difficult dog,trust_transparent_1,p2025,75
5405,difficult dog,trust_transparent_1,p2028,68
5406,difficult dog,trust_transparent_1,p2030,78
5407,difficult dog,trust_transparent_1,p2033,75
5408,difficult dog,trust_transparent_1,p2040,35
5409,difficult dog,trust_transparent_1,p2051,65
5410,difficult dog,trust_transparent_1,p2052,68
5411,difficult dog,trust_transparent_1,p2066,45
5412,difficult dog,trust_transparent_1,p2067,75
5413,difficult dog,trust_transparent_1,p2073,78
5414,difficult dog,trust_transparent_1,p2077,65
5415,difficult dog,trust_transparent_1,p2078,68
5416,difficult dog,trust_transparent_1,p2086,78
5417,difficult dog,trust_transparent_1,p2089,78
5418,difficult dog,trust_transparent_1,p2093,35
5419,difficult dog,trust_transparent_1,p2094,75
5420,difficult dog,trust_transparent_1,p2111,68
5421,difficult dog,trust_transparent_1,p2117,68
5422,difficult dog,trust_transparent_1,p2121,75
5423,difficult dog,trust_transparent_1,p2127,65
5424,difficult dog,trust_transparent_1,p2141,65
5425,difficult dog,trust_transparent_1,p2142,45
5426,difficult dog,trust_transparent_1,p2143,68
5427,difficult dog,trust_transparent_1,p2153,75
5428,difficult dog,trust_transparent_1,p2155,65
5429,difficult dog,trust_transparent_1,p2169,45
5430,difficult dog,trust_transparent_1,p2187,65
5431,difficult dog,trust_transparent_1,p2188,75
5432,difficult dog,trust_transparent_1,p2197,65
5433,difficult dog,trust_transparent_1,p2213,68
5434,difficult dog,trust_transparent_1,p2214,78
5435,difficult dog,trust_transparent_1,p2215,75
5436,difficult dog,trust_transparent_1,p2220,68
5437,difficult dog,trust_transparent_1,p2223,65
5438,difficult dog,trust_transparent_1,p2229,68
5439,difficult dog,trust_transparent_1,p2234,85
5440,difficult dog,trust_transparent_1,p2237,78
5441,difficult dog,trust_transparent_1,p2238,62
5442,difficult dog,trust_transparent_1,p2244,68
5443,difficult dog,trust_transparent_1,p2248,68
5444,difficult dog,trust_transparent_1,p2252,78
5445,difficult dog,trust_transparent_1,p2255,15
5446,difficult dog,trust_transparent_1,p2261,45
5447,difficult dog,trust_transparent_1,p2263,75
5448,difficult dog,trust_transparent_1,p2273,65
5449,difficult dog,trust_transparent_1,p2275,78
5450,difficult dog,trust_transparent_1,p2276,62
5451,difficult dog,trust_transparent_1,p2283,65
5452,difficult dog,trust_transparent_1,p2287,75
5453,difficult dog,trust_transparent_1,p2296,68
5454,difficult dog,trust_transparent_1,p2298,55
5455,difficult dog,trust_transparent_1,p2304,78
5456,difficult dog,trust_transparent_1,p2310,55
5457,difficult dog,trust_transparent_1,p2322,45
5458,difficult dog,trust_transparent_1,p2326,65
5459,difficult dog,trust_transparent_1,p2330,65
5460,difficult dog,trust_transparent_1,p2331,75
5461,difficult dog,trust_transparent_1,p2333,62
5462,difficult dog,trust_transparent_1,p2347,78
5463,difficult dog,trust_transparent_1,p2350,55
5464,difficult dog,trust_transparent_1,p2351,65
5465,difficult dog,trust_transparent_1,p2353,78
5466,difficult dog,trust_transparent_1,p2355,75
5467,difficult dog,trust_transparent_1,p2363,65
5468,difficult dog,trust_transparent_1,p2378,78
5469,difficult dog,trust_transparent_1,p2380,85
5470,difficult dog,trust_transparent_1,p2387,72
5471,difficult dog,trust_transparent_1,p2398,72
5472,difficult dog,trust_transparent_1,p2400,78
5473,difficult dog,trust_transparent_1,p2403,75
5474,difficult dog,trust_transparent_1,p2408,45
5475,difficult dog,trust_transparent_1,p2418,68
5476,difficult dog,trust_transparent_1,p2426,78
5477,difficult dog,trust_transparent_1,p2428,45
5478,difficult dog,trust_transparent_1,p2434,78
5479,difficult dog,trust_transparent_1,p2446,55
5480,difficult dog,trust_transparent_1,p2452,65
5481,difficult dog,trust_transparent_1,p2454,62
5482,difficult dog,trust_transparent_1,p2462,75
5483,difficult dog,trust_transparent_1,p2467,15
5484,difficult dog,trust_transparent_1,p2482,65
5485,difficult dog,trust_transparent_1,p2489,45
5486,difficult dog,trust_transparent_1,p2490,68
5487,difficult dog,trust_transparent_1,p2494,62
5488,difficult dog,trust_transparent_1,p2502,78
5489,difficult dog,trust_transparent_1,p2503,68
5490,difficult dog,trust_transparent_1,p2522,78
5491,difficult dog,trust_transparent_1,p2524,78
5492,difficult dog,trust_transparent_1,p2533,45
5493,difficult dog,trust_transparent_1,p2566,75
5494,difficult dog,trust_transparent_1,p2571,78
5495,difficult dog,trust_transparent_1,p2573,65
5496,difficult dog,trust_transparent_1,p2582,68
5497,difficult dog,trust_transparent_1,p2591,65
5498,difficult dog,trust_transparent_1,p2592,65
5499,difficult dog,trust_transparent_1,p2595,35
5500,difficult dog,trust_attention_1,p0016,45
5501,difficult dog,trust_attention_1,p0022,45
5502,difficult dog,trust_attention_1,p0023,45
5503,difficult dog,trust_attention_1,p0026,45
5504,difficult dog,trust_attention_1,p0034,35
5505,difficult dog,trust_attention_1,p0036,45
5506,difficult dog,trust_attention_1,p0037,45
5507,difficult dog,trust_attention_1,p0042,45
5508,difficult dog,trust_attention_1,p0057,45
5509,difficult dog,trust_attention_1,p0066,15
5510,difficult dog,trust_attention_1,p0069,25
5511,difficult dog,trust_attention_1,p0072,35
5512,difficult dog,trust_attention_1,p0073,45
5513,difficult dog,trust_attention_1,p0082,45
5514,difficult dog,trust_attention_1,p0091,45
5515,difficult dog,trust_attention_1,p0092,45
5516,difficult dog,trust_attention_1,p0093,62
5517,difficult dog,trust_attention_1,p0095,45
5518,difficult dog,trust_attention_1,p0107,45
5519,difficult dog,trust_attention_1,p0114,65
5520,difficult dog,trust_attention_1,p0116,45
5521,difficult dog,trust_attention_1,p0118,35
5522,difficult dog,trust_attention_1,p0119,45
5523,difficult dog,trust_attention_1,p0126,45
5524,difficult dog,trust_attention_1,p0129,45
5525,difficult dog,trust_attention_1,p0136,35
5526,difficult dog,trust_attention_1,p0138,45
5527,difficult dog,trust_attention_1,p0144,45
5528,difficult dog,trust_attention_1,p0150,35
5529,difficult dog,trust_attention_1,p0152,35
5530,difficult dog,trust_attention_1,p0158,45
5531,difficult dog,trust_attention_1,p0161,35
5532,difficult dog,trust_attention_1,p0164,35
5533,difficult dog,trust_attention_1,p0175,45
5534,difficult dog,trust_attention_1,p0177,55
5535,difficult dog,trust_attention_1,p0178,65
5536,difficult dog,trust_attention_1,p0181,25
5537,difficult dog,trust_attention_1,p0186,45
5538,difficult dog,trust_attention_1,p0196,45
5539,difficult dog,trust_attention_1,p0198,65
5540,difficult dog,trust_attention_1,p0202,45
5541,difficult dog,trust_attention_1,p0205,35
5542,difficult dog,trust_attention_1,p0207,45
5543,difficult dog,trust_attention_1,p0211,35
5544,difficult dog,trust_attention_1,p0227,68
5545,difficult dog,trust_attention_1,p0229,45
5546,difficult dog,trust_attention_1,p0232,65
5547,difficult dog,trust_attention_1,p0233,35
5548,difficult dog,trust_attention_1,p0237,65
5549,difficult dog,trust_attention_1,p0258,45
5550,difficult dog,trust_attention_1,p0268,35
5551,difficult dog,trust_attention_1,p0274,45
5552,difficult dog,trust_attention_1,p0275,25
5553,difficult dog,trust_attention_1,p0277,35
5554,difficult dog,trust_attention_1,p0288,45
5555,difficult dog,trust_attention_1,p0291,65
5556,difficult dog,trust_attention_1,p0307,35
5557,difficult dog,trust_attention_1,p0308,62
5558,difficult dog,trust_attention_1,p0317,15
5559,difficult dog,trust_attention_1,p0325,68
5560,difficult dog,trust_attention_1,p0327,65
5561,difficult dog,trust_attention_1,p0334,45
5562,difficult dog,trust_attention_1,p0336,45
5563,difficult dog,trust_attention_1,p0338,35
5564,difficult dog,trust_attention_1,p0342,68
5565,difficult dog,trust_attention_1,p0349,45
5566,difficult dog,trust_attention_1,p0356,45
5567,difficult dog,trust_attention_1,p0358,45
5568,difficult dog,trust_attention_1,p0363,45
5569,difficult dog,trust_attention_1,p0364,62
5570,difficult dog,trust_attention_1,p0369,45
5571,difficult dog,trust_attention_1,p0370,35
5572,difficult dog,trust_attention_1,p0371,35
5573,difficult dog,trust_attention_1,p0379,45
5574,difficult dog,trust_attention_1,p0386,45
5575,difficult dog,trust_attention_1,p0396,45
5576,difficult dog,trust_attention_1,p0403,45
5577,difficult dog,trust_attention_1,p0405,45
5578,difficult dog,trust_attention_1,p0412,45
5579,difficult dog,trust_attention_1,p0415,25
5580,difficult dog,trust_attention_1,p0416,45
5581,difficult dog,trust_attention_1,p0417,45
5582,difficult dog,trust_attention_1,p0418,45
5583,difficult dog,trust_attention_1,p0430,45
5584,difficult dog,trust_attention_1,p0431,65
5585,difficult dog,trust_attention_1,p0434,15
5586,difficult dog,trust_attention_1,p0438,65
5587,difficult dog,trust_attention_1,p0441,45
5588,difficult dog,trust_attention_1,p0442,35
5589,difficult dog,trust_attention_1,p0449,45
5590,difficult dog,trust_attention_1,p0450,45
5591,difficult dog,trust_attention_1,p0465,35
5592,difficult dog,trust_attention_1,p0471,45
5593,difficult dog,trust_attention_1,p0477,45
5594,difficult dog,trust_attention_1,p0483,45
5595,difficult dog,trust_attention_1,p0486,15
5596,difficult dog,trust_attention_1,p0487,65
5597,difficult dog,trust_attention_1,p0489,45
5598,difficult dog,trust_attention_1,p0497,15
5599,difficult dog,trust_attention_1,p0502,35
5600,difficult dog,trust_attention_1,p0503,68
5601,difficult dog,trust_attention_1,p0506,45
5602,difficult dog,trust_attention_1,p0511,45
5603,difficult dog,trust_attention_1,p0523,45
5604,difficult dog,trust_attention_1,p0534,45
5605,difficult dog,trust_attention_1,p0536,45
5606,difficult dog,trust_attention_1,p0542,25
5607,difficult dog,trust_attention_1,p0547,65
5608,difficult dog,trust_attention_1,p0553,45
5609,difficult dog,trust_attention_1,p0559,45
5610,difficult dog,trust_attention_1,p0566,45
5611,difficult dog,trust_attention_1,p0568,45
5612,difficult dog,trust_attention_1,p0570,35
5613,difficult dog,trust_attention_1,p0573,45
5614,difficult dog,trust_attention_1,p0578,45
5615,difficult dog,trust_attention_1,p0594,45
5616,difficult dog,trust_attention_1,p0597,45
5617,difficult dog,trust_attention_1,p0601,45
5618,difficult dog,trust_attention_1,p0602,35
5619,difficult dog,trust_attention_1,p0605,35
5620,difficult dog,trust_attention_1,p0615,45
5621,difficult dog,trust_attention_1,p0620,45
5622,difficult dog,trust_attention_1,p0626,45
5623,difficult dog,trust_attention_1,p0629,45
5624,difficult dog,trust_attention_1,p0633,35
5625,difficult dog,trust_attention_1,p0638,45
5626,difficult dog,trust_attention_1,p0639,45
5627,difficult dog,trust_attention_1,p0640,35
5628,difficult dog,trust_attention_1,p0655,45
5629,difficult dog,trust_attention_1,p0656,45
5630,difficult dog,trust_attention_1,p0658,15
5631,difficult dog,trust_attention_1,p0661,45
5632,difficult dog,trust_attention_1,p0669,45
5633,difficult dog,trust_attention_1,p0670,45
5634,difficult dog,trust_attention_1,p0672,35
5635,difficult dog,trust_attention_1,p0674,65
5636,difficult dog,trust_attention_1,p0678,45
5637,difficult dog,trust_attention_1,p0683,45
5638,difficult dog,trust_attention_1,p0686,35
5639,difficult dog,trust_attention_1,p0687,65
5640,difficult dog,trust_attention_1,p0698,45
5641,difficult dog,trust_attention_1,p0700,45
5642,difficult dog,trust_attention_1,p0703,45
5643,difficult dog,trust_attention_1,p0718,45
5644,difficult dog,trust_attention_1,p0744,45
5645,difficult dog,trust_attention_1,p0745,45
5646,difficult dog,trust_attention_1,p0753,35
5647,difficult dog,trust_attention_1,p0770,68
5648,difficult dog,trust_attention_1,p0771,45
5649,difficult dog,trust_attention_1,p0777,65
5650,difficult dog,trust_attention_1,p0779,45
5651,difficult dog,trust_attention_1,p0780,35
5652,difficult dog,trust_attention_1,p0783,45
5653,difficult dog,trust_attention_1,p0785,45
5654,difficult dog,trust_attention_1,p0786,35
5655,difficult dog,trust_attention_1,p0794,15
5656,difficult dog,trust_attention_1,p0798,15
5657,difficult dog,trust_attention_1,p0800,45
5658,difficult dog,trust_attention_1,p0820,35
5659,difficult dog,trust_attention_1,p0841,35
5660,difficult dog,trust_attention_1,p0849,45
5661,difficult dog,trust_attention_1,p0862,45
5662,difficult dog,trust_attention_1,p0867,55
5663,difficult dog,trust_attention_1,p0869,45
5664,difficult dog,trust_attention_1,p0872,45
5665,difficult dog,trust_attention_1,p0880,55
5666,difficult dog,trust_attention_1,p0891,35
5667,difficult dog,trust_attention_1,p0916,45
5668,difficult dog,trust_attention_1,p0917,45
5669,difficult dog,trust_attention_1,p0919,45
5670,difficult dog,trust_attention_1,p0922,45
5671,difficult dog,trust_attention_1,p0925,45
5672,difficult dog,trust_attention_1,p0927,45
5673,difficult dog,trust_attention_1,p0929,45
5674,difficult dog,trust_attention_1,p0930,25
5675,difficult dog,trust_attention_1,p0931,35
5676,difficult dog,trust_attention_1,p0933,45
5677,difficult dog,trust_attention_1,p0934,25
5678,difficult dog,trust_attention_1,p0936,45
5679,difficult dog,trust_attention_1,p0938,45
5680,difficult dog,trust_attention_1,p0939,45
5681,difficult dog,trust_attention_1,p0946,45
5682,difficult dog,trust_attention_1,p0951,35
5683,difficult dog,trust_attention_1,p0956,45
5684,difficult dog,trust_attention_1,p0962,35
5685,difficult dog,trust_attention_1,p0963,55
5686,difficult dog,trust_attention_1,p0969,35
5687,difficult dog,trust_attention_1,p0972,35
5688,difficult dog,trust_attention_1,p0975,35
5689,difficult dog,trust_attention_1,p0985,35
5690,difficult dog,trust_attention_1,p0993,65
5691,difficult dog,trust_attention_1,p0996,45
5692,difficult dog,trust_attention_1,p1011,35
5693,difficult dog,trust_attention_1,p1017,25
5694,difficult dog,trust_attention_1,p1020,45
5695,difficult dog,trust_attention_1,p1022,45
5696,difficult dog,trust_attention_1,p1024,35
5697,difficult dog,trust_attention_1,p1027,65
5698,difficult dog,trust_attention_1,p1028,45
5699,difficult dog,trust_attention_1,p1029,35
5700,difficult dog,trust_attention_1,p1032,45
5701,difficult dog,trust_attention_1,p1040,45
5702,difficult dog,trust_attention_1,p1047,35
5703,difficult dog,trust_attention_1,p1048,45
5704,difficult dog,trust_attention_1,p1053,45
5705,difficult dog,trust_attention_1,p1057,35
5706,difficult dog,trust_attention_1,p1058,35
5707,difficult dog,trust_attention_1,p1063,35
5708,difficult dog,trust_attention_1,p1064,65
5709,difficult dog,trust_attention_1,p1065,35
5710,difficult dog,trust_attention_1,p1069,35
5711,difficult dog,trust_attention_1,p1072,45
5712,difficult dog,trust_attention_1,p1073,45
5713,difficult dog,trust_attention_1,p1075,45
5714,difficult dog,trust_attention_1,p1076,45
5715,difficult dog,trust_attention_1,p1083,35
5716,difficult dog,trust_attention_1,p1089,65
5717,difficult dog,trust_attention_1,p1093,45
5718,difficult dog,trust_attention_1,p1096,45
5719,difficult dog,trust_attention_1,p1100,45
5720,difficult dog,trust_attention_1,p1106,62
5721,difficult dog,trust_attention_1,p1107,45
5722,difficult dog,trust_attention_1,p1113,45
5723,difficult dog,trust_attention_1,p1117,25
5724,difficult dog,trust_attention_1,p1120,45
5725,difficult dog,trust_attention_1,p1134,45
5726,difficult dog,trust_attention_1,p1136,45
5727,difficult dog,trust_attention_1,p1138,45
5728,difficult dog,trust_attention_1,p1144,35
5729,difficult dog,trust_attention_1,p1145,45
5730,difficult dog,trust_attention_1,p1147,45
5731,difficult dog,trust_attention_1,p1148,45
5732,difficult dog,trust_attention_1,p1154,65
5733,difficult dog,trust_attention_1,p1159,35
5734,difficult dog,trust_attention_1,p1167,45
5735,difficult dog,trust_attention_1,p1175,45
5736,difficult dog,trust_attention_1,p1178,45
5737,difficult dog,trust_attention_1,p1184,45
5738,difficult dog,trust_attention_1,p1186,68
5739,difficult dog,trust_attention_1,p1196,35
5740,difficult dog,trust_attention_1,p1197,35
5741,difficult dog,trust_attention_1,p1203,62
5742,difficult dog,trust_attention_1,p1219,45
5743,difficult dog,trust_attention_1,p1225,45
5744,difficult dog,trust_attention_1,p1234,45
5745,difficult dog,trust_attention_1,p1242,35
5746,difficult dog,trust_attention_1,p1244,45
5747,difficult dog,trust_attention_1,p1249,45
5748,difficult dog,trust_attention_1,p1250,45
5749,difficult dog,trust_attention_1,p1256,45
5750,difficult dog,trust_attention_1,p1258,45
5751,difficult dog,trust_attention_1,p1260,35
5752,difficult dog,trust_attention_1,p1262,35
5753,difficult dog,trust_attention_1,p1264,45
5754,difficult dog,trust_attention_1,p1265,45
5755,difficult dog,trust_attention_1,p1269,35
5756,difficult dog,trust_attention_1,p1272,45
5757,difficult dog,trust_attention_1,p1278,45
5758,difficult dog,trust_attention_1,p1281,45
5759,difficult dog,trust_attention_1,p1292,35
5760,difficult dog,trust_attention_1,p1299,45
5761,difficult dog,trust_attention_1,p1312,45
5762,difficult dog,trust_attention_1,p1322,45
5763,difficult dog,trust_attention_1,p1326,45
5764,difficult dog,trust_attention_1,p1330,45
5765,difficult dog,trust_attention_1,p1335,35
5766,difficult dog,trust_attention_1,p1337,45
5767,difficult dog,trust_attention_1,p1340,68
5768,difficult dog,trust_attention_1,p1345,45
5769,difficult dog,trust_attention_1,p1351,35
5770,difficult dog,trust_attention_1,p1355,45
5771,difficult dog,trust_attention_1,p1362,25
5772,difficult dog,trust_attention_1,p1365,35
5773,difficult dog,trust_attention_1,p1366,35
5774,difficult dog,trust_attention_1,p1367,35
5775,difficult dog,trust_attention_1,p1370,45
5776,difficult dog,trust_attention_1,p1371,35
5777,difficult dog,trust_attention_1,p1373,35
5778,difficult dog,trust_attention_1,p1375,35
5779,difficult dog,trust_attention_1,p1376,35
5780,difficult dog,trust_attention_1,p1379,45
5781,difficult dog,trust_attention_1,p1381,45
5782,difficult dog,trust_attention_1,p1393,45
5783,difficult dog,trust_attention_1,p1396,45
5784,difficult dog,trust_attention_1,p1398,45
5785,difficult dog,trust_attention_1,p1404,45
5786,difficult dog,trust_attention_1,p1406,45
5787,difficult dog,trust_attention_1,p1407,45
5788,difficult dog,trust_attention_1,p1409,35
5789,difficult dog,trust_attention_1,p1412,45
5790,difficult dog,trust_attention_1,p1414,65
5791,difficult dog,trust_attention_1,p1424,35
5792,difficult dog,trust_attention_1,p1425,35
5793,difficult dog,trust_attention_1,p1429,35
5794,difficult dog,trust_attention_1,p1434,45
5795,difficult dog,trust_attention_1,p1441,35
5796,difficult dog,trust_attention_1,p1445,35
5797,difficult dog,trust_attention_1,p1450,62
5798,difficult dog,trust_attention_1,p1454,45
5799,difficult dog,trust_attention_1,p1456,35
5800,difficult dog,trust_attention_1,p1457,35
5801,difficult dog,trust_attention_1,p1458,45
5802,difficult dog,trust_attention_1,p1469,45
5803,difficult dog,trust_attention_1,p1470,25
5804,difficult dog,trust_attention_1,p1481,45
5805,difficult dog,trust_attention_1,p1488,45
5806,difficult dog,trust_attention_1,p1492,35
5807,difficult dog,trust_attention_1,p1495,45
5808,difficult dog,trust_attention_1,p1497,45
5809,difficult dog,trust_attention_1,p1499,55
5810,difficult dog,trust_attention_1,p1503,45
5811,difficult dog,trust_attention_1,p1511,65
5812,difficult dog,trust_attention_1,p1512,45
5813,difficult dog,trust_attention_1,p1518,45
5814,difficult dog,trust_attention_1,p1519,45
5815,difficult dog,trust_attention_1,p1520,35
5816,difficult dog,trust_attention_1,p1524,45
5817,difficult dog,trust_attention_1,p1526,25
5818,difficult dog,trust_attention_1,p1537,45
5819,difficult dog,trust_attention_1,p1545,45
5820,difficult dog,trust_attention_1,p1547,55
5821,difficult dog,trust_attention_1,p1552,35
5822,difficult dog,trust_attention_1,p1567,45
5823,difficult dog,trust_attention_1,p1568,45
5824,difficult dog,trust_attention_1,p1579,35
5825,difficult dog,trust_attention_1,p1587,35
5826,difficult dog,trust_attention_1,p1596,45
5827,difficult dog,trust_attention_1,p1600,68
5828,difficult dog,trust_attention_1,p1603,45
5829,difficult dog,trust_attention_1,p1604,45
5830,difficult dog,trust_attention_1,p1610,45
5831,difficult dog,trust_attention_1,p1618,25
5832,difficult dog,trust_attention_1,p1619,65
5833,difficult dog,trust_attention_1,p1622,45
5834,difficult dog,trust_attention_1,p1623,25
5835,difficult dog,trust_attention_1,p1630,35
5836,difficult dog,trust_attention_1,p1641,45
5837,difficult dog,trust_attention_1,p1649,35
5838,difficult dog,trust_attention_1,p1652,45
5839,difficult dog,trust_attention_1,p1665,45
5840,difficult dog,trust_attention_1,p1669,35
5841,difficult dog,trust_attention_1,p1685,35
5842,difficult dog,trust_attention_1,p1693,45
5843,difficult dog,trust_attention_1,p1698,45
5844,difficult dog,trust_attention_1,p1704,45
5845,difficult dog,trust_attention_1,p1711,45
5846,difficult dog,trust_attention_1,p1718,35
5847,difficult dog,trust_attention_1,p1732,45
5848,difficult dog,trust_attention_1,p1739,45
5849,difficult dog,trust_attention_1,p1741,45
5850,difficult dog,trust_attention_1,p1746,35
5851,difficult dog,trust_attention_1,p1751,25
5852,difficult dog,trust_attention_1,p1754,35
5853,difficult dog,trust_attention_1,p1769,35
5854,difficult dog,trust_attention_1,p1771,45
5855,difficult dog,trust_attention_1,p1776,45
5856,difficult dog,trust_attention_1,p1780,45
5857,difficult dog,trust_attention_1,p1785,35
5858,difficult dog,trust_attention_1,p1791,45
5859,difficult dog,trust_attention_1,p1793,35
5860,difficult dog,trust_attention_1,p1796,45
5861,difficult dog,trust_attention_1,p1805,45
5862,difficult dog,trust_attention_1,p1812,45
5863,difficult dog,trust_attention_1,p1816,35
5864,difficult dog,trust_attention_1,p1819,45
5865,difficult dog,trust_attention_1,p1825,45
5866,difficult dog,trust_attention_1,p1836,45
5867,difficult dog,trust_attention_1,p1839,35
5868,difficult dog,trust_attention_1,p1861,35
5869,difficult dog,trust_attention_1,p1863,45
5870,difficult dog,trust_attention_1,p1873,45
5871,difficult dog,trust_attention_1,p1875,45
5872,difficult dog,trust_attention_1,p1876,65
5873,difficult dog,trust_attention_1,p1877,45
5874,difficult dog,trust_attention_1,p1880,45
5875,difficult dog,trust_attention_1,p1883,35
5876,difficult dog,trust_attention_1,p1889,25
5877,difficult dog,trust_attention_1,p1893,65
5878,difficult dog,trust_attention_1,p1896,45
5879,difficult dog,trust_attention_1,p1913,35
5880,difficult dog,trust_attention_1,p1922,35
5881,difficult dog,trust_attention_1,p1930,65
5882,difficult dog,trust_attention_1,p1935,35
5883,difficult dog,trust_attention_1,p1940,45
5884,difficult dog,trust_attention_1,p1948,35
5885,difficult dog,trust_attention_1,p1950,45
5886,difficult dog,trust_attention_1,p1954,45
5887,difficult dog,trust_attention_1,p1956,35
5888,difficult dog,trust_attention_1,p1958,45
5889,difficult dog,trust_attention_1,p1967,65
5890,difficult dog,trust_attention_1,p1973,45
5891,difficult dog,trust_attention_1,p1978,45
5892,difficult dog,trust_attention_1,p1983,35
5893,difficult dog,trust_attention_1,p1984,35
5894,difficult dog,trust_attention_1,p1995,35
5895,difficult dog,trust_attention_1,p1996,45
5896,difficult dog,trust_attention_1,p1997,45
5897,difficult dog,trust_attention_1,p2001,45
5898,difficult dog,trust_attention_1,p2002,45
5899,difficult dog,trust_attention_1,p2013,65
5900,difficult dog,trust_attention_1,p2014,45
5901,difficult dog,trust_attention_1,p2016,65
5902,difficult dog,trust_attention_1,p2018,45
5903,difficult dog,trust_attention_1,p2023,45
5904,difficult dog,trust_attention_1,p2025,15
5905,difficult dog,trust_attention_1,p2028,35
5906,difficult dog,trust_attention_1,p2030,45
5907,difficult dog,trust_attention_1,p2033,45
5908,difficult dog,trust_attention_1,p2040,35
5909,difficult dog,trust_attention_1,p2051,35
5910,difficult dog,trust_attention_1,p2052,35
5911,difficult dog,trust_attention_1,p2066,35
5912,difficult dog,trust_attention_1,p2067,45
5913,difficult dog,trust_attention_1,p2073,65
5914,difficult dog,trust_attention_1,p2077,45
5915,difficult dog,trust_attention_1,p2078,45
5916,difficult dog,trust_attention_1,p2086,45
5917,difficult dog,trust_attention_1,p2089,45
5918,difficult dog,trust_attention_1,p2093,25
5919,difficult dog,trust_attention_1,p2094,45
5920,difficult dog,trust_attention_1,p2111,45
5921,difficult dog,trust_attention_1,p2117,68
5922,difficult dog,trust_attention_1,p2121,45
5923,difficult dog,trust_attention_1,p2127,35
5924,difficult dog,trust_attention_1,p2141,35
5925,difficult dog,trust_attention_1,p2142,15
5926,difficult dog,trust_attention_1,p2143,65
5927,difficult dog,trust_attention_1,p2153,35
5928,difficult dog,trust_attention_1,p2155,35
5929,difficult dog,trust_attention_1,p2169,35
5930,difficult dog,trust_attention_1,p2187,35
5931,difficult dog,trust_attention_1,p2188,45
5932,difficult dog,trust_attention_1,p2197,35
5933,difficult dog,trust_attention_1,p2213,45
5934,difficult dog,trust_attention_1,p2214,45
5935,difficult dog,trust_attention_1,p2215,35
5936,difficult dog,trust_attention_1,p2220,45
5937,difficult dog,trust_attention_1,p2223,35
5938,difficult dog,trust_attention_1,p2229,45
5939,difficult dog,trust_attention_1,p2234,65
5940,difficult dog,trust_attention_1,p2237,45
5941,difficult dog,trust_attention_1,p2238,35
5942,difficult dog,trust_attention_1,p2244,35
5943,difficult dog,trust_attention_1,p2248,45
5944,difficult dog,trust_attention_1,p2252,65
5945,difficult dog,trust_attention_1,p2255,15
5946,difficult dog,trust_attention_1,p2261,15
5947,difficult dog,trust_attention_1,p2263,45
5948,difficult dog,trust_attention_1,p2273,35
5949,difficult dog,trust_attention_1,p2275,55
5950,difficult dog,trust_attention_1,p2276,45
5951,difficult dog,trust_attention_1,p2283,35
5952,difficult dog,trust_attention_1,p2287,45
5953,difficult dog,trust_attention_1,p2296,35
5954,difficult dog,trust_attention_1,p2298,45
5955,difficult dog,trust_attention_1,p2304,45
5956,difficult dog,trust_attention_1,p2310,45
5957,difficult dog,trust_attention_1,p2322,35
5958,difficult dog,trust_attention_1,p2326,35
5959,difficult dog,trust_attention_1,p2330,25
5960,difficult dog,trust_attention_1,p2331,45
5961,difficult dog,trust_attention_1,p2333,35
5962,difficult dog,trust_attention_1,p2347,65
5963,difficult dog,trust_attention_1,p2350,45
5964,difficult dog,trust_attention_1,p2351,45
5965,difficult dog,trust_attention_1,p2353,55
5966,difficult dog,trust_attention_1,p2355,35
5967,difficult dog,trust_attention_1,p2363,45
5968,difficult dog,trust_attention_1,p2378,45
5969,difficult dog,trust_attention_1,p2380,35
5970,difficult dog,trust_attention_1,p2387,45
5971,difficult dog,trust_attention_1,p2398,45
5972,difficult dog,trust_attention_1,p2400,65
5973,difficult dog,trust_attention_1,p2403,45
5974,difficult dog,trust_attention_1,p2408,35
5975,difficult dog,trust_attention_1,p2418,45
5976,difficult dog,trust_attention_1,p2426,45
5977,difficult dog,trust_attention_1,p2428,35
5978,difficult dog,trust_attention_1,p2434,45
5979,difficult dog,trust_attention_1,p2446,35
5980,difficult dog,trust_attention_1,p2452,35
5981,difficult dog,trust_attention_1,p2454,35
5982,difficult dog,trust_attention_1,p2462,45
5983,difficult dog,trust_attention_1,p2467,15
5984,difficult dog,trust_attention_1,p2482,35
5985,difficult dog,trust_attention_1,p2489,35
5986,difficult dog,trust_attention_1,p2490,45
5987,difficult dog,trust_attention_1,p2494,35
5988,difficult dog,trust_attention_1,p2502,45
5989,difficult dog,trust_attention_1,p2503,45
5990,difficult dog,trust_attention_1,p2522,45
5991,difficult dog,trust_attention_1,p2524,45
5992,difficult dog,trust_attention_1,p2533,25
5993,difficult dog,trust_attention_1,p2566,35
5994,difficult dog,trust_attention_1,p2571,55
5995,difficult dog,trust_attention_1,p2573,35
5996,difficult dog,trust_attention_1,p2582,45
5997,difficult dog,trust_attention_1,p2591,25
5998,difficult dog,trust_attention_1,p2592,45
5999,difficult dog,trust_attention_1,p2595,35
6000,difficult dog,trust_post_1,p0016,72
6001,difficult dog,trust_post_1,p0022,75
6002,difficult dog,trust_post_1,p0023,78
6003,difficult dog,trust_post_1,p0026,75
6004,difficult dog,trust_post_1,p0034,68
6005,difficult dog,trust_post_1,p0036,62
6006,difficult dog,trust_post_1,p0037,68
6007,difficult dog,trust_post_1,p0042,72
6008,difficult dog,trust_post_1,p0057,58
6009,difficult dog,trust_post_1,p0066,72
6010,difficult dog,trust_post_1,p0069,65
6011,difficult dog,trust_post_1,p0072,82
6012,difficult dog,trust_post_1,p0073,68
6013,difficult dog,trust_post_1,p0082,78
6014,difficult dog,trust_post_1,p0091,78
6015,difficult dog,trust_post_1,p0092,65
6016,difficult dog,trust_post_1,p0093,75
6017,difficult dog,trust_post_1,p0095,78
6018,difficult dog,trust_post_1,p0107,55
6019,difficult dog,trust_post_1,p0114,78
6020,difficult dog,trust_post_1,p0116,62
6021,difficult dog,trust_post_1,p0118,65
6022,difficult dog,trust_post_1,p0119,78
6023,difficult dog,trust_post_1,p0126,68
6024,difficult dog,trust_post_1,p0129,78
6025,difficult dog,trust_post_1,p0136,45
6026,difficult dog,trust_post_1,p0138,62
6027,difficult dog,trust_post_1,p0144,62
6028,difficult dog,trust_post_1,p0150,65
6029,difficult dog,trust_post_1,p0152,55
6030,difficult dog,trust_post_1,p0158,55
6031,difficult dog,trust_post_1,p0161,65
6032,difficult dog,trust_post_1,p0164,55
6033,difficult dog,trust_post_1,p0175,78
6034,difficult dog,trust_post_1,p0177,78
6035,difficult dog,trust_post_1,p0178,78
6036,difficult dog,trust_post_1,p0181,45
6037,difficult dog,trust_post_1,p0186,68
6038,difficult dog,trust_post_1,p0196,68
6039,difficult dog,trust_post_1,p0198,78
6040,difficult dog,trust_post_1,p0202,78
6041,difficult dog,trust_post_1,p0205,62
6042,difficult dog,trust_post_1,p0207,65
6043,difficult dog,trust_post_1,p0211,55
6044,difficult dog,trust_post_1,p0227,78
6045,difficult dog,trust_post_1,p0229,68
6046,difficult dog,trust_post_1,p0232,75
6047,difficult dog,trust_post_1,p0233,65
6048,difficult dog,trust_post_1,p0237,78
6049,difficult dog,trust_post_1,p0258,68
6050,difficult dog,trust_post_1,p0268,45
6051,difficult dog,trust_post_1,p0274,78
6052,difficult dog,trust_post_1,p0275,35
6053,difficult dog,trust_post_1,p0277,55
6054,difficult dog,trust_post_1,p0288,78
6055,difficult dog,trust_post_1,p0291,75
6056,difficult dog,trust_post_1,p0307,65
6057,difficult dog,trust_post_1,p0308,72
6058,difficult dog,trust_post_1,p0317,35
6059,difficult dog,trust_post_1,p0325,78
6060,difficult dog,trust_post_1,p0327,82
6061,difficult dog,trust_post_1,p0334,78
6062,difficult dog,trust_post_1,p0336,78
6063,difficult dog,trust_post_1,p0338,45
6064,difficult dog,trust_post_1,p0342,78
6065,difficult dog,trust_post_1,p0349,55
6066,difficult dog,trust_post_1,p0356,65
6067,difficult dog,trust_post_1,p0358,75
6068,difficult dog,trust_post_1,p0363,78
6069,difficult dog,trust_post_1,p0364,78
6070,difficult dog,trust_post_1,p0369,78
6071,difficult dog,trust_post_1,p0370,55
6072,difficult dog,trust_post_1,p0371,65
6073,difficult dog,trust_post_1,p0379,55
6074,difficult dog,trust_post_1,p0386,78
6075,difficult dog,trust_post_1,p0396,78
6076,difficult dog,trust_post_1,p0403,72
6077,difficult dog,trust_post_1,p0405,75
6078,difficult dog,trust_post_1,p0412,78
6079,difficult dog,trust_post_1,p0415,45
6080,difficult dog,trust_post_1,p0416,72
6081,difficult dog,trust_post_1,p0417,78
6082,difficult dog,trust_post_1,p0418,55
6083,difficult dog,trust_post_1,p0430,78
6084,difficult dog,trust_post_1,p0431,78
6085,difficult dog,trust_post_1,p0434,35
6086,difficult dog,trust_post_1,p0438,78
6087,difficult dog,trust_post_1,p0441,75
6088,difficult dog,trust_post_1,p0442,45
6089,difficult dog,trust_post_1,p0449,45
6090,difficult dog,trust_post_1,p0450,75
6091,difficult dog,trust_post_1,p0465,55
6092,difficult dog,trust_post_1,p0471,68
6093,difficult dog,trust_post_1,p0477,68
6094,difficult dog,trust_post_1,p0483,72
6095,difficult dog,trust_post_1,p0486,75
6096,difficult dog,trust_post_1,p0487,75
6097,difficult dog,trust_post_1,p0489,75
6098,difficult dog,trust_post_1,p0497,45
6099,difficult dog,trust_post_1,p0502,68
6100,difficult dog,trust_post_1,p0503,78
6101,difficult dog,trust_post_1,p0506,55
6102,difficult dog,trust_post_1,p0511,78
6103,difficult dog,trust_post_1,p0523,72
6104,difficult dog,trust_post_1,p0534,78
6105,difficult dog,trust_post_1,p0536,68
6106,difficult dog,trust_post_1,p0542,45
6107,difficult dog,trust_post_1,p0547,78
6108,difficult dog,trust_post_1,p0553,78
6109,difficult dog,trust_post_1,p0559,78
6110,difficult dog,trust_post_1,p0566,68
6111,difficult dog,trust_post_1,p0568,68
6112,difficult dog,trust_post_1,p0570,45
6113,difficult dog,trust_post_1,p0573,68
6114,difficult dog,trust_post_1,p0578,68
6115,difficult dog,trust_post_1,p0594,45
6116,difficult dog,trust_post_1,p0597,75
6117,difficult dog,trust_post_1,p0601,65
6118,difficult dog,trust_post_1,p0602,55
6119,difficult dog,trust_post_1,p0605,68
6120,difficult dog,trust_post_1,p0615,68
6121,difficult dog,trust_post_1,p0620,78
6122,difficult dog,trust_post_1,p0626,68
6123,difficult dog,trust_post_1,p0629,78
6124,difficult dog,trust_post_1,p0633,62
6125,difficult dog,trust_post_1,p0638,75
6126,difficult dog,trust_post_1,p0639,75
6127,difficult dog,trust_post_1,p0640,55
6128,difficult dog,trust_post_1,p0655,75
6129,difficult dog,trust_post_1,p0656,68
6130,difficult dog,trust_post_1,p0658,55
6131,difficult dog,trust_post_1,p0661,65
6132,difficult dog,trust_post_1,p0669,78
6133,difficult dog,trust_post_1,p0670,62
6134,difficult dog,trust_post_1,p0672,68
6135,difficult dog,trust_post_1,p0674,78
6136,difficult dog,trust_post_1,p0678,78
6137,difficult dog,trust_post_1,p0683,75
6138,difficult dog,trust_post_1,p0686,55
6139,difficult dog,trust_post_1,p0687,78
6140,difficult dog,trust_post_1,p0698,68
6141,difficult dog,trust_post_1,p0700,68
6142,difficult dog,trust_post_1,p0703,68
6143,difficult dog,trust_post_1,p0718,65
6144,difficult dog,trust_post_1,p0744,78
6145,difficult dog,trust_post_1,p0745,72
6146,difficult dog,trust_post_1,p0753,45
6147,difficult dog,trust_post_1,p0770,78
6148,difficult dog,trust_post_1,p0771,75
6149,difficult dog,trust_post_1,p0777,85
6150,difficult dog,trust_post_1,p0779,78
6151,difficult dog,trust_post_1,p0780,45
6152,difficult dog,trust_post_1,p0783,65
6153,difficult dog,trust_post_1,p0785,68
6154,difficult dog,trust_post_1,p0786,45
6155,difficult dog,trust_post_1,p0794,35
6156,difficult dog,trust_post_1,p0798,35
6157,difficult dog,trust_post_1,p0800,78
6158,difficult dog,trust_post_1,p0820,45
6159,difficult dog,trust_post_1,p0841,65
6160,difficult dog,trust_post_1,p0849,68
6161,difficult dog,trust_post_1,p0862,78
6162,difficult dog,trust_post_1,p0867,78
6163,difficult dog,trust_post_1,p0869,78
6164,difficult dog,trust_post_1,p0872,78
6165,difficult dog,trust_post_1,p0880,75
6166,difficult dog,trust_post_1,p0891,68
6167,difficult dog,trust_post_1,p0916,78
6168,difficult dog,trust_post_1,p0917,78
6169,difficult dog,trust_post_1,p0919,78
6170,difficult dog,trust_post_1,p0922,68
6171,difficult dog,trust_post_1,p0925,72
6172,difficult dog,trust_post_1,p0927,75
6173,difficult dog,trust_post_1,p0929,68
6174,difficult dog,trust_post_1,p0930,68
6175,difficult dog,trust_post_1,p0931,45
6176,difficult dog,trust_post_1,p0933,68
6177,difficult dog,trust_post_1,p0934,45
6178,difficult dog,trust_post_1,p0936,78
6179,difficult dog,trust_post_1,p0938,78
6180,difficult dog,trust_post_1,p0939,65
6181,difficult dog,trust_post_1,p0946,65
6182,difficult dog,trust_post_1,p0951,68
6183,difficult dog,trust_post_1,p0956,78
6184,difficult dog,trust_post_1,p0962,75
6185,difficult dog,trust_post_1,p0963,78
6186,difficult dog,trust_post_1,p0969,55
6187,difficult dog,trust_post_1,p0972,68
6188,difficult dog,trust_post_1,p0975,65
6189,difficult dog,trust_post_1,p0985,45
6190,difficult dog,trust_post_1,p0993,75
6191,difficult dog,trust_post_1,p0996,65
6192,difficult dog,trust_post_1,p1011,55
6193,difficult dog,trust_post_1,p1017,45
6194,difficult dog,trust_post_1,p1020,75
6195,difficult dog,trust_post_1,p1022,78
6196,difficult dog,trust_post_1,p1024,45
6197,difficult dog,trust_post_1,p1027,78
6198,difficult dog,trust_post_1,p1028,85
6199,difficult dog,trust_post_1,p1029,45
6200,difficult dog,trust_post_1,p1032,68
6201,difficult dog,trust_post_1,p1040,75
6202,difficult dog,trust_post_1,p1047,65
6203,difficult dog,trust_post_1,p1048,62
6204,difficult dog,trust_post_1,p1053,62
6205,difficult dog,trust_post_1,p1057,68
6206,difficult dog,trust_post_1,p1058,62
6207,difficult dog,trust_post_1,p1063,45
6208,difficult dog,trust_post_1,p1064,78
6209,difficult dog,trust_post_1,p1065,45
6210,difficult dog,trust_post_1,p1069,65
6211,difficult dog,trust_post_1,p1072,78
6212,difficult dog,trust_post_1,p1073,72
6213,difficult dog,trust_post_1,p1075,78
6214,difficult dog,trust_post_1,p1076,45
6215,difficult dog,trust_post_1,p1083,55
6216,difficult dog,trust_post_1,p1089,78
6217,difficult dog,trust_post_1,p1093,78
6218,difficult dog,trust_post_1,p1096,75
6219,difficult dog,trust_post_1,p1100,65
6220,difficult dog,trust_post_1,p1106,75
6221,difficult dog,trust_post_1,p1107,65
6222,difficult dog,trust_post_1,p1113,75
6223,difficult dog,trust_post_1,p1117,35
6224,difficult dog,trust_post_1,p1120,68
6225,difficult dog,trust_post_1,p1134,65
6226,difficult dog,trust_post_1,p1136,45
6227,difficult dog,trust_post_1,p1138,72
6228,difficult dog,trust_post_1,p1144,55
6229,difficult dog,trust_post_1,p1145,78
6230,difficult dog,trust_post_1,p1147,85
6231,difficult dog,trust_post_1,p1148,78
6232,difficult dog,trust_post_1,p1154,78
6233,difficult dog,trust_post_1,p1159,75
6234,difficult dog,trust_post_1,p1167,75
6235,difficult dog,trust_post_1,p1175,78
6236,difficult dog,trust_post_1,p1178,65
6237,difficult dog,trust_post_1,p1184,65
6238,difficult dog,trust_post_1,p1186,78
6239,difficult dog,trust_post_1,p1196,65
6240,difficult dog,trust_post_1,p1197,65
6241,difficult dog,trust_post_1,p1203,78
6242,difficult dog,trust_post_1,p1219,62
6243,difficult dog,trust_post_1,p1225,62
6244,difficult dog,trust_post_1,p1234,75
6245,difficult dog,trust_post_1,p1242,68
6246,difficult dog,trust_post_1,p1244,78
6247,difficult dog,trust_post_1,p1249,58
6248,difficult dog,trust_post_1,p1250,68
6249,difficult dog,trust_post_1,p1256,68
6250,difficult dog,trust_post_1,p1258,78
6251,difficult dog,trust_post_1,p1260,65
6252,difficult dog,trust_post_1,p1262,55
6253,difficult dog,trust_post_1,p1264,68
6254,difficult dog,trust_post_1,p1265,78
6255,difficult dog,trust_post_1,p1269,68
6256,difficult dog,trust_post_1,p1272,72
6257,difficult dog,trust_post_1,p1278,78
6258,difficult dog,trust_post_1,p1281,65
6259,difficult dog,trust_post_1,p1292,55
6260,difficult dog,trust_post_1,p1299,68
6261,difficult dog,trust_post_1,p1312,68
6262,difficult dog,trust_post_1,p1322,75
6263,difficult dog,trust_post_1,p1326,78
6264,difficult dog,trust_post_1,p1330,75
6265,difficult dog,trust_post_1,p1335,72
6266,difficult dog,trust_post_1,p1337,75
6267,difficult dog,trust_post_1,p1340,78
6268,difficult dog,trust_post_1,p1345,75
6269,difficult dog,trust_post_1,p1351,55
6270,difficult dog,trust_post_1,p1355,55
6271,difficult dog,trust_post_1,p1362,65
6272,difficult dog,trust_post_1,p1365,55
6273,difficult dog,trust_post_1,p1366,45
6274,difficult dog,trust_post_1,p1367,55
6275,difficult dog,trust_post_1,p1370,75
6276,difficult dog,trust_post_1,p1371,85
6277,difficult dog,trust_post_1,p1373,68
6278,difficult dog,trust_post_1,p1375,65
6279,difficult dog,trust_post_1,p1376,65
6280,difficult dog,trust_post_1,p1379,65
6281,difficult dog,trust_post_1,p1381,65
6282,difficult dog,trust_post_1,p1393,75
6283,difficult dog,trust_post_1,p1396,78
6284,difficult dog,trust_post_1,p1398,68
6285,difficult dog,trust_post_1,p1404,75
6286,difficult dog,trust_post_1,p1406,68
6287,difficult dog,trust_post_1,p1407,55
6288,difficult dog,trust_post_1,p1409,68
6289,difficult dog,trust_post_1,p1412,75
6290,difficult dog,trust_post_1,p1414,78
6291,difficult dog,trust_post_1,p1424,75
6292,difficult dog,trust_post_1,p1425,55
6293,difficult dog,trust_post_1,p1429,68
6294,difficult dog,trust_post_1,p1434,75
6295,difficult dog,trust_post_1,p1441,55
6296,difficult dog,trust_post_1,p1445,65
6297,difficult dog,trust_post_1,p1450,75
6298,difficult dog,trust_post_1,p1454,72
6299,difficult dog,trust_post_1,p1456,45
6300,difficult dog,trust_post_1,p1457,45
6301,difficult dog,trust_post_1,p1458,85
6302,difficult dog,trust_post_1,p1469,68
6303,difficult dog,trust_post_1,p1470,65
6304,difficult dog,trust_post_1,p1481,75
6305,difficult dog,trust_post_1,p1488,68
6306,difficult dog,trust_post_1,p1492,45
6307,difficult dog,trust_post_1,p1495,68
6308,difficult dog,trust_post_1,p1497,68
6309,difficult dog,trust_post_1,p1499,65
6310,difficult dog,trust_post_1,p1503,72
6311,difficult dog,trust_post_1,p1511,78
6312,difficult dog,trust_post_1,p1512,68
6313,difficult dog,trust_post_1,p1518,75
6314,difficult dog,trust_post_1,p1519,65
6315,difficult dog,trust_post_1,p1520,45
6316,difficult dog,trust_post_1,p1524,75
6317,difficult dog,trust_post_1,p1526,65
6318,difficult dog,trust_post_1,p1537,75
6319,difficult dog,trust_post_1,p1545,78
6320,difficult dog,trust_post_1,p1547,75
6321,difficult dog,trust_post_1,p1552,85
6322,difficult dog,trust_post_1,p1567,75
6323,difficult dog,trust_post_1,p1568,72
6324,difficult dog,trust_post_1,p1579,45
6325,difficult dog,trust_post_1,p1587,35
6326,difficult dog,trust_post_1,p1596,62
6327,difficult dog,trust_post_1,p1600,78
6328,difficult dog,trust_post_1,p1603,68
6329,difficult dog,trust_post_1,p1604,72
6330,difficult dog,trust_post_1,p1610,68
6331,difficult dog,trust_post_1,p1618,55
6332,difficult dog,trust_post_1,p1619,78
6333,difficult dog,trust_post_1,p1622,75
6334,difficult dog,trust_post_1,p1623,45
6335,difficult dog,trust_post_1,p1630,55
6336,difficult dog,trust_post_1,p1641,75
6337,difficult dog,trust_post_1,p1649,45
6338,difficult dog,trust_post_1,p1652,55
6339,difficult dog,trust_post_1,p1665,62
6340,difficult dog,trust_post_1,p1669,62
6341,difficult dog,trust_post_1,p1685,75
6342,difficult dog,trust_post_1,p1693,68
6343,difficult dog,trust_post_1,p1698,75
6344,difficult dog,trust_post_1,p1704,65
6345,difficult dog,trust_post_1,p1711,78
6346,difficult dog,trust_post_1,p1718,45
6347,difficult dog,trust_post_1,p1732,62
6348,difficult dog,trust_post_1,p1739,75
6349,difficult dog,trust_post_1,p1741,78
6350,difficult dog,trust_post_1,p1746,45
6351,difficult dog,trust_post_1,p1751,45
6352,difficult dog,trust_post_1,p1754,75
6353,difficult dog,trust_post_1,p1769,68
6354,difficult dog,trust_post_1,p1771,75
6355,difficult dog,trust_post_1,p1776,68
6356,difficult dog,trust_post_1,p1780,72
6357,difficult dog,trust_post_1,p1785,45
6358,difficult dog,trust_post_1,p1791,78
6359,difficult dog,trust_post_1,p1793,68
6360,difficult dog,trust_post_1,p1796,65
6361,difficult dog,trust_post_1,p1805,68
6362,difficult dog,trust_post_1,p1812,78
6363,difficult dog,trust_post_1,p1816,45
6364,difficult dog,trust_post_1,p1819,75
6365,difficult dog,trust_post_1,p1825,75
6366,difficult dog,trust_post_1,p1836,78
6367,difficult dog,trust_post_1,p1839,75
6368,difficult dog,trust_post_1,p1861,65
6369,difficult dog,trust_post_1,p1863,78
6370,difficult dog,trust_post_1,p1873,68
6371,difficult dog,trust_post_1,p1875,65
6372,difficult dog,trust_post_1,p1876,78
6373,difficult dog,trust_post_1,p1877,75
6374,difficult dog,trust_post_1,p1880,62
6375,difficult dog,trust_post_1,p1883,68
6376,difficult dog,trust_post_1,p1889,45
6377,difficult dog,trust_post_1,p1893,78
6378,difficult dog,trust_post_1,p1896,75
6379,difficult dog,trust_post_1,p1913,68
6380,difficult dog,trust_post_1,p1922,85
6381,difficult dog,trust_post_1,p1930,78
6382,difficult dog,trust_post_1,p1935,78
6383,difficult dog,trust_post_1,p1940,78
6384,difficult dog,trust_post_1,p1948,45
6385,difficult dog,trust_post_1,p1950,65
6386,difficult dog,trust_post_1,p1954,55
6387,difficult dog,trust_post_1,p1956,45
6388,difficult dog,trust_post_1,p1958,68
6389,difficult dog,trust_post_1,p1967,78
6390,difficult dog,trust_post_1,p1973,85
6391,difficult dog,trust_post_1,p1978,68
6392,difficult dog,trust_post_1,p1983,45
6393,difficult dog,trust_post_1,p1984,45
6394,difficult dog,trust_post_1,p1995,68
6395,difficult dog,trust_post_1,p1996,62
6396,difficult dog,trust_post_1,p1997,68
6397,difficult dog,trust_post_1,p2001,78
6398,difficult dog,trust_post_1,p2002,65
6399,difficult dog,trust_post_1,p2013,82
6400,difficult dog,trust_post_1,p2014,62
6401,difficult dog,trust_post_1,p2016,78
6402,difficult dog,trust_post_1,p2018,45
6403,difficult dog,trust_post_1,p2023,78
6404,difficult dog,trust_post_1,p2025,82
6405,difficult dog,trust_post_1,p2028,68
6406,difficult dog,trust_post_1,p2030,78
6407,difficult dog,trust_post_1,p2033,72
6408,difficult dog,trust_post_1,p2040,45
6409,difficult dog,trust_post_1,p2051,68
6410,difficult dog,trust_post_1,p2052,68
6411,difficult dog,trust_post_1,p2066,55
6412,difficult dog,trust_post_1,p2067,78
6413,difficult dog,trust_post_1,p2073,78
6414,difficult dog,trust_post_1,p2077,68
6415,difficult dog,trust_post_1,p2078,68
6416,difficult dog,trust_post_1,p2086,78
6417,difficult dog,trust_post_1,p2089,78
6418,difficult dog,trust_post_1,p2093,35
6419,difficult dog,trust_post_1,p2094,72
6420,difficult dog,trust_post_1,p2111,65
6421,difficult dog,trust_post_1,p2117,78
6422,difficult dog,trust_post_1,p2121,72
6423,difficult dog,trust_post_1,p2127,68
6424,difficult dog,trust_post_1,p2141,68
6425,difficult dog,trust_post_1,p2142,35
6426,difficult dog,trust_post_1,p2143,78
6427,difficult dog,trust_post_1,p2153,68
6428,difficult dog,trust_post_1,p2155,55
6429,difficult dog,trust_post_1,p2169,45
6430,difficult dog,trust_post_1,p2187,68
6431,difficult dog,trust_post_1,p2188,78
6432,difficult dog,trust_post_1,p2197,68
6433,difficult dog,trust_post_1,p2213,55
6434,difficult dog,trust_post_1,p2214,72
6435,difficult dog,trust_post_1,p2215,75
6436,difficult dog,trust_post_1,p2220,68
6437,difficult dog,trust_post_1,p2223,55
6438,difficult dog,trust_post_1,p2229,68
6439,difficult dog,trust_post_1,p2234,82
6440,difficult dog,trust_post_1,p2237,78
6441,difficult dog,trust_post_1,p2238,68
6442,difficult dog,trust_post_1,p2244,72
6443,difficult dog,trust_post_1,p2248,68
6444,difficult dog,trust_post_1,p2252,78
6445,difficult dog,trust_post_1,p2255,25
6446,difficult dog,trust_post_1,p2261,35
6447,difficult dog,trust_post_1,p2263,68
6448,difficult dog,trust_post_1,p2273,68
6449,difficult dog,trust_post_1,p2275,75
6450,difficult dog,trust_post_1,p2276,65
6451,difficult dog,trust_post_1,p2283,45
6452,difficult dog,trust_post_1,p2287,75
6453,difficult dog,trust_post_1,p2296,45
6454,difficult dog,trust_post_1,p2298,68
6455,difficult dog,trust_post_1,p2304,78
6456,difficult dog,trust_post_1,p2310,55
6457,difficult dog,trust_post_1,p2322,45
6458,difficult dog,trust_post_1,p2326,72
6459,difficult dog,trust_post_1,p2330,45
6460,difficult dog,trust_post_1,p2331,75
6461,difficult dog,trust_post_1,p2333,68
6462,difficult dog,trust_post_1,p2347,78
6463,difficult dog,trust_post_1,p2350,68
6464,difficult dog,trust_post_1,p2351,68
6465,difficult dog,trust_post_1,p2353,72
6466,difficult dog,trust_post_1,p2355,75
6467,difficult dog,trust_post_1,p2363,65
6468,difficult dog,trust_post_1,p2378,78
6469,difficult dog,trust_post_1,p2380,78
6470,difficult dog,trust_post_1,p2387,68
6471,difficult dog,trust_post_1,p2398,75
6472,difficult dog,trust_post_1,p2400,78
6473,difficult dog,trust_post_1,p2403,78
6474,difficult dog,trust_post_1,p2408,35
6475,difficult dog,trust_post_1,p2418,72
6476,difficult dog,trust_post_1,p2426,75
6477,difficult dog,trust_post_1,p2428,45
6478,difficult dog,trust_post_1,p2434,78
6479,difficult dog,trust_post_1,p2446,45
6480,difficult dog,trust_post_1,p2452,55
6481,difficult dog,trust_post_1,p2454,55
6482,difficult dog,trust_post_1,p2462,68
6483,difficult dog,trust_post_1,p2467,35
6484,difficult dog,trust_post_1,p2482,55
6485,difficult dog,trust_post_1,p2489,55
6486,difficult dog,trust_post_1,p2490,68
6487,difficult dog,trust_post_1,p2494,45
6488,difficult dog,trust_post_1,p2502,78
6489,difficult dog,trust_post_1,p2503,68
6490,difficult dog,trust_post_1,p2522,85
6491,difficult dog,trust_post_1,p2524,78
6492,difficult dog,trust_post_1,p2533,35
6493,difficult dog,trust_post_1,p2566,68
6494,difficult dog,trust_post_1,p2571,78
6495,difficult dog,trust_post_1,p2573,65
6496,difficult dog,trust_post_1,p2582,72
6497,difficult dog,trust_post_1,p2591,45
6498,difficult dog,trust_post_1,p2592,68
6499,difficult dog,trust_post_1,p2595,45
6500,difficult dog,distrust_1,p0016,25
6501,difficult dog,distrust_1,p0022,25
6502,difficult dog,distrust_1,p0023,25
6503,difficult dog,distrust_1,p0026,25
6504,difficult dog,distrust_1,p0034,35
6505,difficult dog,distrust_1,p0036,45
6506,difficult dog,distrust_1,p0037,35
6507,difficult dog,distrust_1,p0042,25
6508,difficult dog,distrust_1,p0057,35
6509,difficult dog,distrust_1,p0066,25
6510,difficult dog,distrust_1,p0069,35
6511,difficult dog,distrust_1,p0072,15
6512,difficult dog,distrust_1,p0073,35
6513,difficult dog,distrust_1,p0082,15
6514,difficult dog,distrust_1,p0091,15
6515,difficult dog,distrust_1,p0092,35
6516,difficult dog,distrust_1,p0093,25
6517,difficult dog,distrust_1,p0095,25
6518,difficult dog,distrust_1,p0107,45
6519,difficult dog,distrust_1,p0114,25
6520,difficult dog,distrust_1,p0116,35
6521,difficult dog,distrust_1,p0118,35
6522,difficult dog,distrust_1,p0119,25
6523,difficult dog,distrust_1,p0126,25
6524,difficult dog,distrust_1,p0129,15
6525,difficult dog,distrust_1,p0136,45
6526,difficult dog,distrust_1,p0138,35
6527,difficult dog,distrust_1,p0144,35
6528,difficult dog,distrust_1,p0150,35
6529,difficult dog,distrust_1,p0152,35
6530,difficult dog,distrust_1,p0158,45
6531,difficult dog,distrust_1,p0161,25
6532,difficult dog,distrust_1,p0164,35
6533,difficult dog,distrust_1,p0175,25
6534,difficult dog,distrust_1,p0177,25
6535,difficult dog,distrust_1,p0178,15
6536,difficult dog,distrust_1,p0181,45
6537,difficult dog,distrust_1,p0186,35
6538,difficult dog,distrust_1,p0196,35
6539,difficult dog,distrust_1,p0198,25
6540,difficult dog,distrust_1,p0202,25
6541,difficult dog,distrust_1,p0205,35
6542,difficult dog,distrust_1,p0207,35
6543,difficult dog,distrust_1,p0211,35
6544,difficult dog,distrust_1,p0227,15
6545,difficult dog,distrust_1,p0229,35
6546,difficult dog,distrust_1,p0232,25
6547,difficult dog,distrust_1,p0233,25
6548,difficult dog,distrust_1,p0237,25
6549,difficult dog,distrust_1,p0258,35
6550,difficult dog,distrust_1,p0268,45
6551,difficult dog,distrust_1,p0274,25
6552,difficult dog,distrust_1,p0275,65
6553,difficult dog,distrust_1,p0277,45
6554,difficult dog,distrust_1,p0288,15
6555,difficult dog,distrust_1,p0291,25
6556,difficult dog,distrust_1,p0307,45
6557,difficult dog,distrust_1,p0308,25
6558,difficult dog,distrust_1,p0317,45
6559,difficult dog,distrust_1,p0325,25
6560,difficult dog,distrust_1,p0327,15
6561,difficult dog,distrust_1,p0334,25
6562,difficult dog,distrust_1,p0336,25
6563,difficult dog,distrust_1,p0338,45
6564,difficult dog,distrust_1,p0342,25
6565,difficult dog,distrust_1,p0349,45
6566,difficult dog,distrust_1,p0356,25
6567,difficult dog,distrust_1,p0358,35
6568,difficult dog,distrust_1,p0363,25
6569,difficult dog,distrust_1,p0364,25
6570,difficult dog,distrust_1,p0369,25
6571,difficult dog,distrust_1,p0370,35
6572,difficult dog,distrust_1,p0371,25
6573,difficult dog,distrust_1,p0379,45
6574,difficult dog,distrust_1,p0386,25
6575,difficult dog,distrust_1,p0396,25
6576,difficult dog,distrust_1,p0403,25
6577,difficult dog,distrust_1,p0405,25
6578,difficult dog,distrust_1,p0412,25
6579,difficult dog,distrust_1,p0415,65
6580,difficult dog,distrust_1,p0416,25
6581,difficult dog,distrust_1,p0417,25
6582,difficult dog,distrust_1,p0418,35
6583,difficult dog,distrust_1,p0430,20
6584,difficult dog,distrust_1,p0431,25
6585,difficult dog,distrust_1,p0434,65
6586,difficult dog,distrust_1,p0438,25
6587,difficult dog,distrust_1,p0441,25
6588,difficult dog,distrust_1,p0442,55
6589,difficult dog,distrust_1,p0449,45
6590,difficult dog,distrust_1,p0450,25
6591,difficult dog,distrust_1,p0465,45
6592,difficult dog,distrust_1,p0471,35
6593,difficult dog,distrust_1,p0477,35
6594,difficult dog,distrust_1,p0483,25
6595,difficult dog,distrust_1,p0486,25
6596,difficult dog,distrust_1,p0487,25
6597,difficult dog,distrust_1,p0489,25
6598,difficult dog,distrust_1,p0497,35
6599,difficult dog,distrust_1,p0502,35
6600,difficult dog,distrust_1,p0503,25
6601,difficult dog,distrust_1,p0506,35
6602,difficult dog,distrust_1,p0511,25
6603,difficult dog,distrust_1,p0523,25
6604,difficult dog,distrust_1,p0534,15
6605,difficult dog,distrust_1,p0536,35
6606,difficult dog,distrust_1,p0542,65
6607,difficult dog,distrust_1,p0547,25
6608,difficult dog,distrust_1,p0553,25
6609,difficult dog,distrust_1,p0559,25
6610,difficult dog,distrust_1,p0566,35
6611,difficult dog,distrust_1,p0568,25
6612,difficult dog,distrust_1,p0570,45
6613,difficult dog,distrust_1,p0573,35
6614,difficult dog,distrust_1,p0578,35
6615,difficult dog,distrust_1,p0594,35
6616,difficult dog,distrust_1,p0597,25
6617,difficult dog,distrust_1,p0601,35
6618,difficult dog,distrust_1,p0602,35
6619,difficult dog,distrust_1,p0605,35
6620,difficult dog,distrust_1,p0615,35
6621,difficult dog,distrust_1,p0620,25
6622,difficult dog,distrust_1,p0626,35
6623,difficult dog,distrust_1,p0629,25
6624,difficult dog,distrust_1,p0633,35
6625,difficult dog,distrust_1,p0638,25
6626,difficult dog,distrust_1,p0639,25
6627,difficult dog,distrust_1,p0640,35
6628,difficult dog,distrust_1,p0655,25
6629,difficult dog,distrust_1,p0656,35
6630,difficult dog,distrust_1,p0658,35
6631,difficult dog,distrust_1,p0661,35
6632,difficult dog,distrust_1,p0669,25
6633,difficult dog,distrust_1,p0670,45
6634,difficult dog,distrust_1,p0672,25
6635,difficult dog,distrust_1,p0674,25
6636,difficult dog,distrust_1,p0678,25
6637,difficult dog,distrust_1,p0683,25
6638,difficult dog,distrust_1,p0686,55
6639,difficult dog,distrust_1,p0687,25
6640,difficult dog,distrust_1,p0698,25
6641,difficult dog,distrust_1,p0700,35
6642,difficult dog,distrust_1,p0703,25
6643,difficult dog,distrust_1,p0718,35
6644,difficult dog,distrust_1,p0744,25
6645,difficult dog,distrust_1,p0745,35
6646,difficult dog,distrust_1,p0753,45
6647,difficult dog,distrust_1,p0770,25
6648,difficult dog,distrust_1,p0771,25
6649,difficult dog,distrust_1,p0777,15
6650,difficult dog,distrust_1,p0779,25
6651,difficult dog,distrust_1,p0780,45
6652,difficult dog,distrust_1,p0783,35
6653,difficult dog,distrust_1,p0785,35
6654,difficult dog,distrust_1,p0786,65
6655,difficult dog,distrust_1,p0794,45
6656,difficult dog,distrust_1,p0798,45
6657,difficult dog,distrust_1,p0800,25
6658,difficult dog,distrust_1,p0820,55
6659,difficult dog,distrust_1,p0841,25
6660,difficult dog,distrust_1,p0849,35
6661,difficult dog,distrust_1,p0862,15
6662,difficult dog,distrust_1,p0867,25
6663,difficult dog,distrust_1,p0869,25
6664,difficult dog,distrust_1,p0872,25
6665,difficult dog,distrust_1,p0880,25
6666,difficult dog,distrust_1,p0891,35
6667,difficult dog,distrust_1,p0916,25
6668,difficult dog,distrust_1,p0917,25
6669,difficult dog,distrust_1,p0919,25
6670,difficult dog,distrust_1,p0922,25
6671,difficult dog,distrust_1,p0925,25
6672,difficult dog,distrust_1,p0927,25
6673,difficult dog,distrust_1,p0929,25
6674,difficult dog,distrust_1,p0930,25
6675,difficult dog,distrust_1,p0931,45
6676,difficult dog,distrust_1,p0933,35
6677,difficult dog,distrust_1,p0934,45
6678,difficult dog,distrust_1,p0936,35
6679,difficult dog,distrust_1,p0938,25
6680,difficult dog,distrust_1,p0939,35
6681,difficult dog,distrust_1,p0946,35
6682,difficult dog,distrust_1,p0951,35
6683,difficult dog,distrust_1,p0956,25
6684,difficult dog,distrust_1,p0962,25
6685,difficult dog,distrust_1,p0963,25
6686,difficult dog,distrust_1,p0969,35
6687,difficult dog,distrust_1,p0972,35
6688,difficult dog,distrust_1,p0975,35
6689,difficult dog,distrust_1,p0985,45
6690,difficult dog,distrust_1,p0993,15
6691,difficult dog,distrust_1,p0996,35
6692,difficult dog,distrust_1,p1011,35
6693,difficult dog,distrust_1,p1017,45
6694,difficult dog,distrust_1,p1020,25
6695,difficult dog,distrust_1,p1022,25
6696,difficult dog,distrust_1,p1024,45
6697,difficult dog,distrust_1,p1027,25
6698,difficult dog,distrust_1,p1028,15
6699,difficult dog,distrust_1,p1029,45
6700,difficult dog,distrust_1,p1032,25
6701,difficult dog,distrust_1,p1040,25
6702,difficult dog,distrust_1,p1047,35
6703,difficult dog,distrust_1,p1048,35
6704,difficult dog,distrust_1,p1053,35
6705,difficult dog,distrust_1,p1057,45
6706,difficult dog,distrust_1,p1058,45
6707,difficult dog,distrust_1,p1063,45
6708,difficult dog,distrust_1,p1064,25
6709,difficult dog,distrust_1,p1065,45
6710,difficult dog,distrust_1,p1069,25
6711,difficult dog,distrust_1,p1072,25
6712,difficult dog,distrust_1,p1073,35
6713,difficult dog,distrust_1,p1075,20
6714,difficult dog,distrust_1,p1076,45
6715,difficult dog,distrust_1,p1083,35
6716,difficult dog,distrust_1,p1089,25
6717,difficult dog,distrust_1,p1093,25
6718,difficult dog,distrust_1,p1096,25
6719,difficult dog,distrust_1,p1100,25
6720,difficult dog,distrust_1,p1106,25
6721,difficult dog,distrust_1,p1107,35
6722,difficult dog,distrust_1,p1113,25
6723,difficult dog,distrust_1,p1117,55
6724,difficult dog,distrust_1,p1120,35
6725,difficult dog,distrust_1,p1134,35
6726,difficult dog,distrust_1,p1136,45
6727,difficult dog,distrust_1,p1138,35
6728,difficult dog,distrust_1,p1144,35
6729,difficult dog,distrust_1,p1145,20
6730,difficult dog,distrust_1,p1147,15
6731,difficult dog,distrust_1,p1148,25
6732,difficult dog,distrust_1,p1154,15
6733,difficult dog,distrust_1,p1159,25
6734,difficult dog,distrust_1,p1167,25
6735,difficult dog,distrust_1,p1175,25
6736,difficult dog,distrust_1,p1178,35
6737,difficult dog,distrust_1,p1184,35
6738,difficult dog,distrust_1,p1186,25
6739,difficult dog,distrust_1,p1196,45
6740,difficult dog,distrust_1,p1197,45
6741,difficult dog,distrust_1,p1203,25
6742,difficult dog,distrust_1,p1219,45
6743,difficult dog,distrust_1,p1225,35
6744,difficult dog,distrust_1,p1234,25
6745,difficult dog,distrust_1,p1242,35
6746,difficult dog,distrust_1,p1244,15
6747,difficult dog,distrust_1,p1249,45
6748,difficult dog,distrust_1,p1250,25
6749,difficult dog,distrust_1,p1256,25
6750,difficult dog,distrust_1,p1258,25
6751,difficult dog,distrust_1,p1260,35
6752,difficult dog,distrust_1,p1262,35
6753,difficult dog,distrust_1,p1264,25
6754,difficult dog,distrust_1,p1265,25
6755,difficult dog,distrust_1,p1269,25
6756,difficult dog,distrust_1,p1272,35
6757,difficult dog,distrust_1,p1278,25
6758,difficult dog,distrust_1,p1281,35
6759,difficult dog,distrust_1,p1292,35
6760,difficult dog,distrust_1,p1299,35
6761,difficult dog,distrust_1,p1312,35
6762,difficult dog,distrust_1,p1322,25
6763,difficult dog,distrust_1,p1326,25
6764,difficult dog,distrust_1,p1330,25
6765,difficult dog,distrust_1,p1335,35
6766,difficult dog,distrust_1,p1337,25
6767,difficult dog,distrust_1,p1340,25
6768,difficult dog,distrust_1,p1345,25
6769,difficult dog,distrust_1,p1351,35
6770,difficult dog,distrust_1,p1355,45
6771,difficult dog,distrust_1,p1362,35
6772,difficult dog,distrust_1,p1365,55
6773,difficult dog,distrust_1,p1366,55
6774,difficult dog,distrust_1,p1367,55
6775,difficult dog,distrust_1,p1370,25
6776,difficult dog,distrust_1,p1371,15
6777,difficult dog,distrust_1,p1373,45
6778,difficult dog,distrust_1,p1375,35
6779,difficult dog,distrust_1,p1376,25
6780,difficult dog,distrust_1,p1379,35
6781,difficult dog,distrust_1,p1381,25
6782,difficult dog,distrust_1,p1393,25
6783,difficult dog,distrust_1,p1396,15
6784,difficult dog,distrust_1,p1398,35
6785,difficult dog,distrust_1,p1404,15
6786,difficult dog,distrust_1,p1406,25
6787,difficult dog,distrust_1,p1407,35
6788,difficult dog,distrust_1,p1409,35
6789,difficult dog,distrust_1,p1412,25
6790,difficult dog,distrust_1,p1414,25
6791,difficult dog,distrust_1,p1424,25
6792,difficult dog,distrust_1,p1425,45
6793,difficult dog,distrust_1,p1429,35
6794,difficult dog,distrust_1,p1434,25
6795,difficult dog,distrust_1,p1441,35
6796,difficult dog,distrust_1,p1445,35
6797,difficult dog,distrust_1,p1450,25
6798,difficult dog,distrust_1,p1454,25
6799,difficult dog,distrust_1,p1456,45
6800,difficult dog,distrust_1,p1457,45
6801,difficult dog,distrust_1,p1458,15
6802,difficult dog,distrust_1,p1469,35
6803,difficult dog,distrust_1,p1470,45
6804,difficult dog,distrust_1,p1481,25
6805,difficult dog,distrust_1,p1488,25
6806,difficult dog,distrust_1,p1492,45
6807,difficult dog,distrust_1,p1495,25
6808,difficult dog,distrust_1,p1497,25
6809,difficult dog,distrust_1,p1499,45
6810,difficult dog,distrust_1,p1503,25
6811,difficult dog,distrust_1,p1511,25
6812,difficult dog,distrust_1,p1512,25
6813,difficult dog,distrust_1,p1518,25
6814,difficult dog,distrust_1,p1519,35
6815,difficult dog,distrust_1,p1520,45
6816,difficult dog,distrust_1,p1524,25
6817,difficult dog,distrust_1,p1526,35
6818,difficult dog,distrust_1,p1537,25
6819,difficult dog,distrust_1,p1545,25
6820,difficult dog,distrust_1,p1547,25
6821,difficult dog,distrust_1,p1552,15
6822,difficult dog,distrust_1,p1567,25
6823,difficult dog,distrust_1,p1568,25
6824,difficult dog,distrust_1,p1579,65
6825,difficult dog,distrust_1,p1587,55
6826,difficult dog,distrust_1,p1596,35
6827,difficult dog,distrust_1,p1600,25
6828,difficult dog,distrust_1,p1603,35
6829,difficult dog,distrust_1,p1604,25
6830,difficult dog,distrust_1,p1610,25
6831,difficult dog,distrust_1,p1618,35
6832,difficult dog,distrust_1,p1619,25
6833,difficult dog,distrust_1,p1622,25
6834,difficult dog,distrust_1,p1623,65
6835,difficult dog,distrust_1,p1630,55
6836,difficult dog,distrust_1,p1641,25
6837,difficult dog,distrust_1,p1649,45
6838,difficult dog,distrust_1,p1652,35
6839,difficult dog,distrust_1,p1665,35
6840,difficult dog,distrust_1,p1669,35
6841,difficult dog,distrust_1,p1685,25
6842,difficult dog,distrust_1,p1693,25
6843,difficult dog,distrust_1,p1698,25
6844,difficult dog,distrust_1,p1704,35
6845,difficult dog,distrust_1,p1711,25
6846,difficult dog,distrust_1,p1718,45
6847,difficult dog,distrust_1,p1732,45
6848,difficult dog,distrust_1,p1739,25
6849,difficult dog,distrust_1,p1741,15
6850,difficult dog,distrust_1,p1746,45
6851,difficult dog,distrust_1,p1751,35
6852,difficult dog,distrust_1,p1754,25
6853,difficult dog,distrust_1,p1769,25
6854,difficult dog,distrust_1,p1771,25
6855,difficult dog,distrust_1,p1776,35
6856,difficult dog,distrust_1,p1780,35
6857,difficult dog,distrust_1,p1785,35
6858,difficult dog,distrust_1,p1791,25
6859,difficult dog,distrust_1,p1793,35
6860,difficult dog,distrust_1,p1796,35
6861,difficult dog,distrust_1,p1805,35
6862,difficult dog,distrust_1,p1812,25
6863,difficult dog,distrust_1,p1816,45
6864,difficult dog,distrust_1,p1819,25
6865,difficult dog,distrust_1,p1825,15
6866,difficult dog,distrust_1,p1836,25
6867,difficult dog,distrust_1,p1839,25
6868,difficult dog,distrust_1,p1861,35
6869,difficult dog,distrust_1,p1863,25
6870,difficult dog,distrust_1,p1873,35
6871,difficult dog,distrust_1,p1875,25
6872,difficult dog,distrust_1,p1876,15
6873,difficult dog,distrust_1,p1877,15
6874,difficult dog,distrust_1,p1880,35
6875,difficult dog,distrust_1,p1883,45
6876,difficult dog,distrust_1,p1889,65
6877,difficult dog,distrust_1,p1893,25
6878,difficult dog,distrust_1,p1896,25
6879,difficult dog,distrust_1,p1913,35
6880,difficult dog,distrust_1,p1922,15
6881,difficult dog,distrust_1,p1930,25
6882,difficult dog,distrust_1,p1935,25
6883,difficult dog,distrust_1,p1940,25
6884,difficult dog,distrust_1,p1948,45
6885,difficult dog,distrust_1,p1950,35
6886,difficult dog,distrust_1,p1954,45
6887,difficult dog,distrust_1,p1956,65
6888,difficult dog,distrust_1,p1958,35
6889,difficult dog,distrust_1,p1967,25
6890,difficult dog,distrust_1,p1973,15
6891,difficult dog,distrust_1,p1978,35
6892,difficult dog,distrust_1,p1983,45
6893,difficult dog,distrust_1,p1984,45
6894,difficult dog,distrust_1,p1995,45
6895,difficult dog,distrust_1,p1996,45
6896,difficult dog,distrust_1,p1997,35
6897,difficult dog,distrust_1,p2001,25
6898,difficult dog,distrust_1,p2002,25
6899,difficult dog,distrust_1,p2013,15
6900,difficult dog,distrust_1,p2014,35
6901,difficult dog,distrust_1,p2016,25
6902,difficult dog,distrust_1,p2018,45
6903,difficult dog,distrust_1,p2023,15
6904,difficult dog,distrust_1,p2025,15
6905,difficult dog,distrust_1,p2028,25
6906,difficult dog,distrust_1,p2030,25
6907,difficult dog,distrust_1,p2033,25
6908,difficult dog,distrust_1,p2040,55
6909,difficult dog,distrust_1,p2051,35
6910,difficult dog,distrust_1,p2052,35
6911,difficult dog,distrust_1,p2066,35
6912,difficult dog,distrust_1,p2067,25
6913,difficult dog,distrust_1,p2073,25
6914,difficult dog,distrust_1,p2077,35
6915,difficult dog,distrust_1,p2078,35
6916,difficult dog,distrust_1,p2086,25
6917,difficult dog,distrust_1,p2089,25
6918,difficult dog,distrust_1,p2093,65
6919,difficult dog,distrust_1,p2094,25
6920,difficult dog,distrust_1,p2111,35
6921,difficult dog,distrust_1,p2117,25
6922,difficult dog,distrust_1,p2121,25
6923,difficult dog,distrust_1,p2127,35
6924,difficult dog,distrust_1,p2141,25
6925,difficult dog,distrust_1,p2142,65
6926,difficult dog,distrust_1,p2143,25
6927,difficult dog,distrust_1,p2153,25
6928,difficult dog,distrust_1,p2155,45
6929,difficult dog,distrust_1,p2169,45
6930,difficult dog,distrust_1,p2187,35
6931,difficult dog,distrust_1,p2188,25
6932,difficult dog,distrust_1,p2197,35
6933,difficult dog,distrust_1,p2213,45
6934,difficult dog,distrust_1,p2214,35
6935,difficult dog,distrust_1,p2215,35
6936,difficult dog,distrust_1,p2220,35
6937,difficult dog,distrust_1,p2223,45
6938,difficult dog,distrust_1,p2229,35
6939,difficult dog,distrust_1,p2234,15
6940,difficult dog,distrust_1,p2237,25
6941,difficult dog,distrust_1,p2238,35
6942,difficult dog,distrust_1,p2244,25
6943,difficult dog,distrust_1,p2248,35
6944,difficult dog,distrust_1,p2252,15
6945,difficult dog,distrust_1,p2255,65
6946,difficult dog,distrust_1,p2261,65
6947,difficult dog,distrust_1,p2263,35
6948,difficult dog,distrust_1,p2273,35
6949,difficult dog,distrust_1,p2275,25
6950,difficult dog,distrust_1,p2276,45
6951,difficult dog,distrust_1,p2283,55
6952,difficult dog,distrust_1,p2287,25
6953,difficult dog,distrust_1,p2296,45
6954,difficult dog,distrust_1,p2298,45
6955,difficult dog,distrust_1,p2304,25
6956,difficult dog,distrust_1,p2310,45
6957,difficult dog,distrust_1,p2322,45
6958,difficult dog,distrust_1,p2326,35
6959,difficult dog,distrust_1,p2330,55
6960,difficult dog,distrust_1,p2331,25
6961,difficult dog,distrust_1,p2333,45
6962,difficult dog,distrust_1,p2347,25
6963,difficult dog,distrust_1,p2350,35
6964,difficult dog,distrust_1,p2351,35
6965,difficult dog,distrust_1,p2353,25
6966,difficult dog,distrust_1,p2355,25
6967,difficult dog,distrust_1,p2363,25
6968,difficult dog,distrust_1,p2378,25
6969,difficult dog,distrust_1,p2380,25
6970,difficult dog,distrust_1,p2387,35
6971,difficult dog,distrust_1,p2398,25
6972,difficult dog,distrust_1,p2400,25
6973,difficult dog,distrust_1,p2403,15
6974,difficult dog,distrust_1,p2408,65
6975,difficult dog,distrust_1,p2418,35
6976,difficult dog,distrust_1,p2426,25
6977,difficult dog,distrust_1,p2428,45
6978,difficult dog,distrust_1,p2434,25
6979,difficult dog,distrust_1,p2446,55
6980,difficult dog,distrust_1,p2452,45
6981,difficult dog,distrust_1,p2454,45
6982,difficult dog,distrust_1,p2462,35
6983,difficult dog,distrust_1,p2467,65
6984,difficult dog,distrust_1,p2482,35
6985,difficult dog,distrust_1,p2489,45
6986,difficult dog,distrust_1,p2490,35
6987,difficult dog,distrust_1,p2494,45
6988,difficult dog,distrust_1,p2502,25
6989,difficult dog,distrust_1,p2503,35
6990,difficult dog,distrust_1,p2522,25
6991,difficult dog,distrust_1,p2524,25
6992,difficult dog,distrust_1,p2533,65
6993,difficult dog,distrust_1,p2566,25
6994,difficult dog,distrust_1,p2571,25
6995,difficult dog,distrust_1,p2573,35
6996,difficult dog,distrust_1,p2582,25
6997,difficult dog,distrust_1,p2591,45
6998,difficult dog,distrust_1,p2592,35
6999,difficult dog,distrust_1,p2595,65
7000,difficult dog,funding_5,p0016,45
7001,difficult dog,funding_5,p0022,35
7002,difficult dog,funding_5,p0023,45
7003,difficult dog,funding_5,p0026,45
7004,difficult dog,funding_5,p0034,35
7005,difficult dog,funding_5,p0036,35
7006,difficult dog,funding_5,p0037,35
7007,difficult dog,funding_5,p0042,45
7008,difficult dog,funding_5,p0057,35
7009,difficult dog,funding_5,p0066,35
7010,difficult dog,funding_5,p0069,35
7011,difficult dog,funding_5,p0072,25
7012,difficult dog,funding_5,p0073,45
7013,difficult dog,funding_5,p0082,35
7014,difficult dog,funding_5,p0091,25
7015,difficult dog,funding_5,p0092,35
7016,difficult dog,funding_5,p0093,45
7017,difficult dog,funding_5,p0095,35
7018,difficult dog,funding_5,p0107,45
7019,difficult dog,funding_5,p0114,35
7020,difficult dog,funding_5,p0116,25
7021,difficult dog,funding_5,p0118,35
7022,difficult dog,funding_5,p0119,35
7023,difficult dog,funding_5,p0126,45
7024,difficult dog,funding_5,p0129,35
7025,difficult dog,funding_5,p0136,35
7026,difficult dog,funding_5,p0138,45
7027,difficult dog,funding_5,p0144,35
7028,difficult dog,funding_5,p0150,35
7029,difficult dog,funding_5,p0152,35
7030,difficult dog,funding_5,p0158,45
7031,difficult dog,funding_5,p0161,25
7032,difficult dog,funding_5,p0164,35
7033,difficult dog,funding_5,p0175,35
7034,difficult dog,funding_5,p0177,35
7035,difficult dog,funding_5,p0178,35
7036,difficult dog,funding_5,p0181,65
7037,difficult dog,funding_5,p0186,35
7038,difficult dog,funding_5,p0196,45
7039,difficult dog,funding_5,p0198,45
7040,difficult dog,funding_5,p0202,35
7041,difficult dog,funding_5,p0205,35
7042,difficult dog,funding_5,p0207,25
7043,difficult dog,funding_5,p0211,25
7044,difficult dog,funding_5,p0227,35
7045,difficult dog,funding_5,p0229,35
7046,difficult dog,funding_5,p0232,45
7047,difficult dog,funding_5,p0233,25
7048,difficult dog,funding_5,p0237,35
7049,difficult dog,funding_5,p0258,35
7050,difficult dog,funding_5,p0268,25
7051,difficult dog,funding_5,p0274,45
7052,difficult dog,funding_5,p0275,35
7053,difficult dog,funding_5,p0277,35
7054,difficult dog,funding_5,p0288,35
7055,difficult dog,funding_5,p0291,45
7056,difficult dog,funding_5,p0307,35
7057,difficult dog,funding_5,p0308,28
7058,difficult dog,funding_5,p0317,65
7059,difficult dog,funding_5,p0325,35
7060,difficult dog,funding_5,p0327,45
7061,difficult dog,funding_5,p0334,35
7062,difficult dog,funding_5,p0336,35
7063,difficult dog,funding_5,p0338,25
7064,difficult dog,funding_5,p0342,45
7065,difficult dog,funding_5,p0349,45
7066,difficult dog,funding_5,p0356,25
7067,difficult dog,funding_5,p0358,35
7068,difficult dog,funding_5,p0363,45
7069,difficult dog,funding_5,p0364,45
7070,difficult dog,funding_5,p0369,35
7071,difficult dog,funding_5,p0370,35
7072,difficult dog,funding_5,p0371,35
7073,difficult dog,funding_5,p0379,45
7074,difficult dog,funding_5,p0386,35
7075,difficult dog,funding_5,p0396,45
7076,difficult dog,funding_5,p0403,45
7077,difficult dog,funding_5,p0405,45
7078,difficult dog,funding_5,p0412,45
7079,difficult dog,funding_5,p0415,35
7080,difficult dog,funding_5,p0416,45
7081,difficult dog,funding_5,p0417,35
7082,difficult dog,funding_5,p0418,35
7083,difficult dog,funding_5,p0430,35
7084,difficult dog,funding_5,p0431,45
7085,difficult dog,funding_5,p0434,65
7086,difficult dog,funding_5,p0438,25
7087,difficult dog,funding_5,p0441,35
7088,difficult dog,funding_5,p0442,35
7089,difficult dog,funding_5,p0449,45
7090,difficult dog,funding_5,p0450,35
7091,difficult dog,funding_5,p0465,35
7092,difficult dog,funding_5,p0471,45
7093,difficult dog,funding_5,p0477,45
7094,difficult dog,funding_5,p0483,35
7095,difficult dog,funding_5,p0486,35
7096,difficult dog,funding_5,p0487,45
7097,difficult dog,funding_5,p0489,45
7098,difficult dog,funding_5,p0497,65
7099,difficult dog,funding_5,p0502,35
7100,difficult dog,funding_5,p0503,45
7101,difficult dog,funding_5,p0506,45
7102,difficult dog,funding_5,p0511,35
7103,difficult dog,funding_5,p0523,35
7104,difficult dog,funding_5,p0534,45
7105,difficult dog,funding_5,p0536,45
7106,difficult dog,funding_5,p0542,45
7107,difficult dog,funding_5,p0547,35
7108,difficult dog,funding_5,p0553,35
7109,difficult dog,funding_5,p0559,35
7110,difficult dog,funding_5,p0566,45
7111,difficult dog,funding_5,p0568,35
7112,difficult dog,funding_5,p0570,25
7113,difficult dog,funding_5,p0573,45
7114,difficult dog,funding_5,p0578,45
7115,difficult dog,funding_5,p0594,25
7116,difficult dog,funding_5,p0597,45
7117,difficult dog,funding_5,p0601,45
7118,difficult dog,funding_5,p0602,35
7119,difficult dog,funding_5,p0605,35
7120,difficult dog,funding_5,p0615,45
7121,difficult dog,funding_5,p0620,35
7122,difficult dog,funding_5,p0626,35
7123,difficult dog,funding_5,p0629,45
7124,difficult dog,funding_5,p0633,35
7125,difficult dog,funding_5,p0638,35
7126,difficult dog,funding_5,p0639,35
7127,difficult dog,funding_5,p0640,35
7128,difficult dog,funding_5,p0655,45
7129,difficult dog,funding_5,p0656,35
7130,difficult dog,funding_5,p0658,35
7131,difficult dog,funding_5,p0661,45
7132,difficult dog,funding_5,p0669,45
7133,difficult dog,funding_5,p0670,45
7134,difficult dog,funding_5,p0672,35
7135,difficult dog,funding_5,p0674,35
7136,difficult dog,funding_5,p0678,45
7137,difficult dog,funding_5,p0683,35
7138,difficult dog,funding_5,p0686,35
7139,difficult dog,funding_5,p0687,45
7140,difficult dog,funding_5,p0698,35
7141,difficult dog,funding_5,p0700,35
7142,difficult dog,funding_5,p0703,25
7143,difficult dog,funding_5,p0718,35
7144,difficult dog,funding_5,p0744,35
7145,difficult dog,funding_5,p0745,45
7146,difficult dog,funding_5,p0753,35
7147,difficult dog,funding_5,p0770,45
7148,difficult dog,funding_5,p0771,35
7149,difficult dog,funding_5,p0777,45
7150,difficult dog,funding_5,p0779,35
7151,difficult dog,funding_5,p0780,35
7152,difficult dog,funding_5,p0783,45
7153,difficult dog,funding_5,p0785,45
7154,difficult dog,funding_5,p0786,25
7155,difficult dog,funding_5,p0794,35
7156,difficult dog,funding_5,p0798,35
7157,difficult dog,funding_5,p0800,35
7158,difficult dog,funding_5,p0820,25
7159,difficult dog,funding_5,p0841,25
7160,difficult dog,funding_5,p0849,35
7161,difficult dog,funding_5,p0862,35
7162,difficult dog,funding_5,p0867,45
7163,difficult dog,funding_5,p0869,45
7164,difficult dog,funding_5,p0872,35
7165,difficult dog,funding_5,p0880,35
7166,difficult dog,funding_5,p0891,35
7167,difficult dog,funding_5,p0916,35
7168,difficult dog,funding_5,p0917,45
7169,difficult dog,funding_5,p0919,35
7170,difficult dog,funding_5,p0922,25
7171,difficult dog,funding_5,p0925,45
7172,difficult dog,funding_5,p0927,35
7173,difficult dog,funding_5,p0929,35
7174,difficult dog,funding_5,p0930,35
7175,difficult dog,funding_5,p0931,45
7176,difficult dog,funding_5,p0933,35
7177,difficult dog,funding_5,p0934,65
7178,difficult dog,funding_5,p0936,35
7179,difficult dog,funding_5,p0938,35
7180,difficult dog,funding_5,p0939,35
7181,difficult dog,funding_5,p0946,45
7182,difficult dog,funding_5,p0951,35
7183,difficult dog,funding_5,p0956,45
7184,difficult dog,funding_5,p0962,25
7185,difficult dog,funding_5,p0963,45
7186,difficult dog,funding_5,p0969,35
7187,difficult dog,funding_5,p0972,35
7188,difficult dog,funding_5,p0975,45
7189,difficult dog,funding_5,p0985,35
7190,difficult dog,funding_5,p0993,35
7191,difficult dog,funding_5,p0996,45
7192,difficult dog,funding_5,p1011,35
7193,difficult dog,funding_5,p1017,25
7194,difficult dog,funding_5,p1020,45
7195,difficult dog,funding_5,p1022,35
7196,difficult dog,funding_5,p1024,35
7197,difficult dog,funding_5,p1027,35
7198,difficult dog,funding_5,p1028,35
7199,difficult dog,funding_5,p1029,35
7200,difficult dog,funding_5,p1032,35
7201,difficult dog,funding_5,p1040,35
7202,difficult dog,funding_5,p1047,35
7203,difficult dog,funding_5,p1048,25
7204,difficult dog,funding_5,p1053,35
7205,difficult dog,funding_5,p1057,35
7206,difficult dog,funding_5,p1058,45
7207,difficult dog,funding_5,p1063,45
7208,difficult dog,funding_5,p1064,35
7209,difficult dog,funding_5,p1065,35
7210,difficult dog,funding_5,p1069,25
7211,difficult dog,funding_5,p1072,45
7212,difficult dog,funding_5,p1073,45
7213,difficult dog,funding_5,p1075,35
7214,difficult dog,funding_5,p1076,45
7215,difficult dog,funding_5,p1083,35
7216,difficult dog,funding_5,p1089,45
7217,difficult dog,funding_5,p1093,35
7218,difficult dog,funding_5,p1096,35
7219,difficult dog,funding_5,p1100,25
7220,difficult dog,funding_5,p1106,45
7221,difficult dog,funding_5,p1107,35
7222,difficult dog,funding_5,p1113,25
7223,difficult dog,funding_5,p1117,25
7224,difficult dog,funding_5,p1120,45
7225,difficult dog,funding_5,p1134,45
7226,difficult dog,funding_5,p1136,45
7227,difficult dog,funding_5,p1138,45
7228,difficult dog,funding_5,p1144,25
7229,difficult dog,funding_5,p1145,35
7230,difficult dog,funding_5,p1147,45
7231,difficult dog,funding_5,p1148,35
7232,difficult dog,funding_5,p1154,35
7233,difficult dog,funding_5,p1159,35
7234,difficult dog,funding_5,p1167,45
7235,difficult dog,funding_5,p1175,35
7236,difficult dog,funding_5,p1178,45
7237,difficult dog,funding_5,p1184,35
7238,difficult dog,funding_5,p1186,45
7239,difficult dog,funding_5,p1196,35
7240,difficult dog,funding_5,p1197,35
7241,difficult dog,funding_5,p1203,45
7242,difficult dog,funding_5,p1219,45
7243,difficult dog,funding_5,p1225,45
7244,difficult dog,funding_5,p1234,35
7245,difficult dog,funding_5,p1242,35
7246,difficult dog,funding_5,p1244,25
7247,difficult dog,funding_5,p1249,45
7248,difficult dog,funding_5,p1250,35
7249,difficult dog,funding_5,p1256,35
7250,difficult dog,funding_5,p1258,45
7251,difficult dog,funding_5,p1260,35
7252,difficult dog,funding_5,p1262,35
7253,difficult dog,funding_5,p1264,35
7254,difficult dog,funding_5,p1265,45
7255,difficult dog,funding_5,p1269,35
7256,difficult dog,funding_5,p1272,45
7257,difficult dog,funding_5,p1278,45
7258,difficult dog,funding_5,p1281,35
7259,difficult dog,funding_5,p1292,35
7260,difficult dog,funding_5,p1299,45
7261,difficult dog,funding_5,p1312,45
7262,difficult dog,funding_5,p1322,35
7263,difficult dog,funding_5,p1326,35
7264,difficult dog,funding_5,p1330,45
7265,difficult dog,funding_5,p1335,45
7266,difficult dog,funding_5,p1337,35
7267,difficult dog,funding_5,p1340,45
7268,difficult dog,funding_5,p1345,45
7269,difficult dog,funding_5,p1351,45
7270,difficult dog,funding_5,p1355,45
7271,difficult dog,funding_5,p1362,35
7272,difficult dog,funding_5,p1365,35
7273,difficult dog,funding_5,p1366,35
7274,difficult dog,funding_5,p1367,45
7275,difficult dog,funding_5,p1370,35
7276,difficult dog,funding_5,p1371,25
7277,difficult dog,funding_5,p1373,35
7278,difficult dog,funding_5,p1375,25
7279,difficult dog,funding_5,p1376,25
7280,difficult dog,funding_5,p1379,35
7281,difficult dog,funding_5,p1381,25
7282,difficult dog,funding_5,p1393,35
7283,difficult dog,funding_5,p1396,35
7284,difficult dog,funding_5,p1398,45
7285,difficult dog,funding_5,p1404,25
7286,difficult dog,funding_5,p1406,35
7287,difficult dog,funding_5,p1407,35
7288,difficult dog,funding_5,p1409,35
7289,difficult dog,funding_5,p1412,35
7290,difficult dog,funding_5,p1414,45
7291,difficult dog,funding_5,p1424,35
7292,difficult dog,funding_5,p1425,35
7293,difficult dog,funding_5,p1429,35
7294,difficult dog,funding_5,p1434,45
7295,difficult dog,funding_5,p1441,35
7296,difficult dog,funding_5,p1445,35
7297,difficult dog,funding_5,p1450,45
7298,difficult dog,funding_5,p1454,35
7299,difficult dog,funding_5,p1456,35
7300,difficult dog,funding_5,p1457,35
7301,difficult dog,funding_5,p1458,45
7302,difficult dog,funding_5,p1469,35
7303,difficult dog,funding_5,p1470,35
7304,difficult dog,funding_5,p1481,25
7305,difficult dog,funding_5,p1488,45
7306,difficult dog,funding_5,p1492,35
7307,difficult dog,funding_5,p1495,35
7308,difficult dog,funding_5,p1497,35
7309,difficult dog,funding_5,p1499,35
7310,difficult dog,funding_5,p1503,35
7311,difficult dog,funding_5,p1511,45
7312,difficult dog,funding_5,p1512,35
7313,difficult dog,funding_5,p1518,35
7314,difficult dog,funding_5,p1519,45
7315,difficult dog,funding_5,p1520,35
7316,difficult dog,funding_5,p1524,35
7317,difficult dog,funding_5,p1526,35
7318,difficult dog,funding_5,p1537,35
7319,difficult dog,funding_5,p1545,45
7320,difficult dog,funding_5,p1547,35
7321,difficult dog,funding_5,p1552,25
7322,difficult dog,funding_5,p1567,35
7323,difficult dog,funding_5,p1568,35
7324,difficult dog,funding_5,p1579,25
7325,difficult dog,funding_5,p1587,35
7326,difficult dog,funding_5,p1596,45
7327,difficult dog,funding_5,p1600,35
7328,difficult dog,funding_5,p1603,45
7329,difficult dog,funding_5,p1604,35
7330,difficult dog,funding_5,p1610,35
7331,difficult dog,funding_5,p1618,65
7332,difficult dog,funding_5,p1619,35
7333,difficult dog,funding_5,p1622,45
7334,difficult dog,funding_5,p1623,65
7335,difficult dog,funding_5,p1630,25
7336,difficult dog,funding_5,p1641,35
7337,difficult dog,funding_5,p1649,35
7338,difficult dog,funding_5,p1652,35
7339,difficult dog,funding_5,p1665,45
7340,difficult dog,funding_5,p1669,45
7341,difficult dog,funding_5,p1685,35
7342,difficult dog,funding_5,p1693,45
7343,difficult dog,funding_5,p1698,35
7344,difficult dog,funding_5,p1704,45
7345,difficult dog,funding_5,p1711,45
7346,difficult dog,funding_5,p1718,35
7347,difficult dog,funding_5,p1732,45
7348,difficult dog,funding_5,p1739,45
7349,difficult dog,funding_5,p1741,45
7350,difficult dog,funding_5,p1746,35
7351,difficult dog,funding_5,p1751,25
7352,difficult dog,funding_5,p1754,25
7353,difficult dog,funding_5,p1769,25
7354,difficult dog,funding_5,p1771,35
7355,difficult dog,funding_5,p1776,35
7356,difficult dog,funding_5,p1780,45
7357,difficult dog,funding_5,p1785,25
7358,difficult dog,funding_5,p1791,35
7359,difficult dog,funding_5,p1793,35
7360,difficult dog,funding_5,p1796,40
7361,difficult dog,funding_5,p1805,45
7362,difficult dog,funding_5,p1812,45
7363,difficult dog,funding_5,p1816,35
7364,difficult dog,funding_5,p1819,35
7365,difficult dog,funding_5,p1825,45
7366,difficult dog,funding_5,p1836,35
7367,difficult dog,funding_5,p1839,35
7368,difficult dog,funding_5,p1861,35
7369,difficult dog,funding_5,p1863,35
7370,difficult dog,funding_5,p1873,45
7371,difficult dog,funding_5,p1875,25
7372,difficult dog,funding_5,p1876,35
7373,difficult dog,funding_5,p1877,35
7374,difficult dog,funding_5,p1880,45
7375,difficult dog,funding_5,p1883,25
7376,difficult dog,funding_5,p1889,65
7377,difficult dog,funding_5,p1893,35
7378,difficult dog,funding_5,p1896,35
7379,difficult dog,funding_5,p1913,35
7380,difficult dog,funding_5,p1922,25
7381,difficult dog,funding_5,p1930,45
7382,difficult dog,funding_5,p1935,35
7383,difficult dog,funding_5,p1940,35
7384,difficult dog,funding_5,p1948,35
7385,difficult dog,funding_5,p1950,45
7386,difficult dog,funding_5,p1954,35
7387,difficult dog,funding_5,p1956,35
7388,difficult dog,funding_5,p1958,35
7389,difficult dog,funding_5,p1967,45
7390,difficult dog,funding_5,p1973,35
7391,difficult dog,funding_5,p1978,45
7392,difficult dog,funding_5,p1983,25
7393,difficult dog,funding_5,p1984,35
7394,difficult dog,funding_5,p1995,35
7395,difficult dog,funding_5,p1996,45
7396,difficult dog,funding_5,p1997,35
7397,difficult dog,funding_5,p2001,35
7398,difficult dog,funding_5,p2002,35
7399,difficult dog,funding_5,p2013,45
7400,difficult dog,funding_5,p2014,35
7401,difficult dog,funding_5,p2016,45
7402,difficult dog,funding_5,p2018,25
7403,difficult dog,funding_5,p2023,35
7404,difficult dog,funding_5,p2025,35
7405,difficult dog,funding_5,p2028,35
7406,difficult dog,funding_5,p2030,35
7407,difficult dog,funding_5,p2033,45
7408,difficult dog,funding_5,p2040,35
7409,difficult dog,funding_5,p2051,25
7410,difficult dog,funding_5,p2052,35
7411,difficult dog,funding_5,p2066,35
7412,difficult dog,funding_5,p2067,45
7413,difficult dog,funding_5,p2073,45
7414,difficult dog,funding_5,p2077,45
7415,difficult dog,funding_5,p2078,35
7416,difficult dog,funding_5,p2086,35
7417,difficult dog,funding_5,p2089,35
7418,difficult dog,funding_5,p2093,65
7419,difficult dog,funding_5,p2094,35
7420,difficult dog,funding_5,p2111,35
7421,difficult dog,funding_5,p2117,45
7422,difficult dog,funding_5,p2121,45
7423,difficult dog,funding_5,p2127,45
7424,difficult dog,funding_5,p2141,35
7425,difficult dog,funding_5,p2142,25
7426,difficult dog,funding_5,p2143,45
7427,difficult dog,funding_5,p2153,25
7428,difficult dog,funding_5,p2155,35
7429,difficult dog,funding_5,p2169,45
7430,difficult dog,funding_5,p2187,35
7431,difficult dog,funding_5,p2188,45
7432,difficult dog,funding_5,p2197,35
7433,difficult dog,funding_5,p2213,35
7434,difficult dog,funding_5,p2214,35
7435,difficult dog,funding_5,p2215,25
7436,difficult dog,funding_5,p2220,35
7437,difficult dog,funding_5,p2223,35
7438,difficult dog,funding_5,p2229,35
7439,difficult dog,funding_5,p2234,35
7440,difficult dog,funding_5,p2237,35
7441,difficult dog,funding_5,p2238,35
7442,difficult dog,funding_5,p2244,25
7443,difficult dog,funding_5,p2248,35
7444,difficult dog,funding_5,p2252,45
7445,difficult dog,funding_5,p2255,85
7446,difficult dog,funding_5,p2261,35
7447,difficult dog,funding_5,p2263,35
7448,difficult dog,funding_5,p2273,35
7449,difficult dog,funding_5,p2275,45
7450,difficult dog,funding_5,p2276,35
7451,difficult dog,funding_5,p2283,25
7452,difficult dog,funding_5,p2287,35
7453,difficult dog,funding_5,p2296,35
7454,difficult dog,funding_5,p2298,35
7455,difficult dog,funding_5,p2304,25
7456,difficult dog,funding_5,p2310,35
7457,difficult dog,funding_5,p2322,25
7458,difficult dog,funding_5,p2326,35
7459,difficult dog,funding_5,p2330,25
7460,difficult dog,funding_5,p2331,45
7461,difficult dog,funding_5,p2333,35
7462,difficult dog,funding_5,p2347,45
7463,difficult dog,funding_5,p2350,35
7464,difficult dog,funding_5,p2351,45
7465,difficult dog,funding_5,p2353,35
7466,difficult dog,funding_5,p2355,20
7467,difficult dog,funding_5,p2363,25
7468,difficult dog,funding_5,p2378,45
7469,difficult dog,funding_5,p2380,25
7470,difficult dog,funding_5,p2387,35
7471,difficult dog,funding_5,p2398,35
7472,difficult dog,funding_5,p2400,25
7473,difficult dog,funding_5,p2403,35
7474,difficult dog,funding_5,p2408,35
7475,difficult dog,funding_5,p2418,35
7476,difficult dog,funding_5,p2426,35
7477,difficult dog,funding_5,p2428,35
7478,difficult dog,funding_5,p2434,40
7479,difficult dog,funding_5,p2446,35
7480,difficult dog,funding_5,p2452,35
7481,difficult dog,funding_5,p2454,25
7482,difficult dog,funding_5,p2462,35
7483,difficult dog,funding_5,p2467,85
7484,difficult dog,funding_5,p2482,35
7485,difficult dog,funding_5,p2489,35
7486,difficult dog,funding_5,p2490,35
7487,difficult dog,funding_5,p2494,35
7488,difficult dog,funding_5,p2502,35
7489,difficult dog,funding_5,p2503,35
7490,difficult dog,funding_5,p2522,25
7491,difficult dog,funding_5,p2524,45
7492,difficult dog,funding_5,p2533,35
7493,difficult dog,funding_5,p2566,25
7494,difficult dog,funding_5,p2571,35
7495,difficult dog,funding_5,p2573,35
7496,difficult dog,funding_5,p2582,45
7497,difficult dog,funding_5,p2591,35
7498,difficult dog,funding_5,p2592,35
7499,difficult dog,funding_5,p2595,25
7500,difficult dog,belief_post_1,p0016,85
7501,difficult dog,belief_post_1,p0022,85
7502,difficult dog,belief_post_1,p0023,92
7503,difficult dog,belief_post_1,p0026,88
7504,difficult dog,belief_post_1,p0034,85
7505,difficult dog,belief_post_1,p0036,78
7506,difficult dog,belief_post_1,p0037,78
7507,difficult dog,belief_post_1,p0042,85
7508,difficult dog,belief_post_1,p0057,85
7509,difficult dog,belief_post_1,p0066,85
7510,difficult dog,belief_post_1,p0069,85
7511,difficult dog,belief_post_1,p0072,92
7512,difficult dog,belief_post_1,p0073,85
7513,difficult dog,belief_post_1,p0082,92
7514,difficult dog,belief_post_1,p0091,92
7515,difficult dog,belief_post_1,p0092,85
7516,difficult dog,belief_post_1,p0093,88
7517,difficult dog,belief_post_1,p0095,85
7518,difficult dog,belief_post_1,p0107,78
7519,difficult dog,belief_post_1,p0114,92
7520,difficult dog,belief_post_1,p0116,78
7521,difficult dog,belief_post_1,p0118,78
7522,difficult dog,belief_post_1,p0119,85
7523,difficult dog,belief_post_1,p0126,85
7524,difficult dog,belief_post_1,p0129,92
7525,difficult dog,belief_post_1,p0136,78
7526,difficult dog,belief_post_1,p0138,78
7527,difficult dog,belief_post_1,p0144,85
7528,difficult dog,belief_post_1,p0150,85
7529,difficult dog,belief_post_1,p0152,78
7530,difficult dog,belief_post_1,p0158,78
7531,difficult dog,belief_post_1,p0161,85
7532,difficult dog,belief_post_1,p0164,85
7533,difficult dog,belief_post_1,p0175,85
7534,difficult dog,belief_post_1,p0177,85
7535,difficult dog,belief_post_1,p0178,92
7536,difficult dog,belief_post_1,p0181,75
7537,difficult dog,belief_post_1,p0186,78
7538,difficult dog,belief_post_1,p0196,85
7539,difficult dog,belief_post_1,p0198,92
7540,difficult dog,belief_post_1,p0202,88
7541,difficult dog,belief_post_1,p0205,85
7542,difficult dog,belief_post_1,p0207,85
7543,difficult dog,belief_post_1,p0211,85
7544,difficult dog,belief_post_1,p0227,92
7545,difficult dog,belief_post_1,p0229,85
7546,difficult dog,belief_post_1,p0232,92
7547,difficult dog,belief_post_1,p0233,85
7548,difficult dog,belief_post_1,p0237,92
7549,difficult dog,belief_post_1,p0258,85
7550,difficult dog,belief_post_1,p0268,65
7551,difficult dog,belief_post_1,p0274,88
7552,difficult dog,belief_post_1,p0275,75
7553,difficult dog,belief_post_1,p0277,85
7554,difficult dog,belief_post_1,p0288,92
7555,difficult dog,belief_post_1,p0291,88
7556,difficult dog,belief_post_1,p0307,78
7557,difficult dog,belief_post_1,p0308,85
7558,difficult dog,belief_post_1,p0317,75
7559,difficult dog,belief_post_1,p0325,92
7560,difficult dog,belief_post_1,p0327,92
7561,difficult dog,belief_post_1,p0334,88
7562,difficult dog,belief_post_1,p0336,92
7563,difficult dog,belief_post_1,p0338,65
7564,difficult dog,belief_post_1,p0342,88
7565,difficult dog,belief_post_1,p0349,78
7566,difficult dog,belief_post_1,p0356,85
7567,difficult dog,belief_post_1,p0358,85
7568,difficult dog,belief_post_1,p0363,85
7569,difficult dog,belief_post_1,p0364,92
7570,difficult dog,belief_post_1,p0369,92
7571,difficult dog,belief_post_1,p0370,75
7572,difficult dog,belief_post_1,p0371,85
7573,difficult dog,belief_post_1,p0379,78
7574,difficult dog,belief_post_1,p0386,92
7575,difficult dog,belief_post_1,p0396,85
7576,difficult dog,belief_post_1,p0403,85
7577,difficult dog,belief_post_1,p0405,92
7578,difficult dog,belief_post_1,p0412,88
7579,difficult dog,belief_post_1,p0415,75
7580,difficult dog,belief_post_1,p0416,88
7581,difficult dog,belief_post_1,p0417,85
7582,difficult dog,belief_post_1,p0418,78
7583,difficult dog,belief_post_1,p0430,92
7584,difficult dog,belief_post_1,p0431,92
7585,difficult dog,belief_post_1,p0434,65
7586,difficult dog,belief_post_1,p0438,92
7587,difficult dog,belief_post_1,p0441,92
7588,difficult dog,belief_post_1,p0442,75
7589,difficult dog,belief_post_1,p0449,78
7590,difficult dog,belief_post_1,p0450,85
7591,difficult dog,belief_post_1,p0465,78
7592,difficult dog,belief_post_1,p0471,85
7593,difficult dog,belief_post_1,p0477,85
7594,difficult dog,belief_post_1,p0483,85
7595,difficult dog,belief_post_1,p0486,92
7596,difficult dog,belief_post_1,p0487,88
7597,difficult dog,belief_post_1,p0489,92
7598,difficult dog,belief_post_1,p0497,85
7599,difficult dog,belief_post_1,p0502,85
7600,difficult dog,belief_post_1,p0503,88
7601,difficult dog,belief_post_1,p0506,78
7602,difficult dog,belief_post_1,p0511,85
7603,difficult dog,belief_post_1,p0523,85
7604,difficult dog,belief_post_1,p0534,92
7605,difficult dog,belief_post_1,p0536,85
7606,difficult dog,belief_post_1,p0542,75
7607,difficult dog,belief_post_1,p0547,85
7608,difficult dog,belief_post_1,p0553,88
7609,difficult dog,belief_post_1,p0559,92
7610,difficult dog,belief_post_1,p0566,85
7611,difficult dog,belief_post_1,p0568,85
7612,difficult dog,belief_post_1,p0570,75
7613,difficult dog,belief_post_1,p0573,85
7614,difficult dog,belief_post_1,p0578,78
7615,difficult dog,belief_post_1,p0594,78
7616,difficult dog,belief_post_1,p0597,85
7617,difficult dog,belief_post_1,p0601,85
7618,difficult dog,belief_post_1,p0602,75
7619,difficult dog,belief_post_1,p0605,85
7620,difficult dog,belief_post_1,p0615,85
7621,difficult dog,belief_post_1,p0620,88
7622,difficult dog,belief_post_1,p0626,85
7623,difficult dog,belief_post_1,p0629,92
7624,difficult dog,belief_post_1,p0633,78
7625,difficult dog,belief_post_1,p0638,85
7626,difficult dog,belief_post_1,p0639,85
7627,difficult dog,belief_post_1,p0640,85
7628,difficult dog,belief_post_1,p0655,92
7629,difficult dog,belief_post_1,p0656,85
7630,difficult dog,belief_post_1,p0658,85
7631,difficult dog,belief_post_1,p0661,85
7632,difficult dog,belief_post_1,p0669,92
7633,difficult dog,belief_post_1,p0670,78
7634,difficult dog,belief_post_1,p0672,85
7635,difficult dog,belief_post_1,p0674,85
7636,difficult dog,belief_post_1,p0678,88
7637,difficult dog,belief_post_1,p0683,85
7638,difficult dog,belief_post_1,p0686,78
7639,difficult dog,belief_post_1,p0687,92
7640,difficult dog,belief_post_1,p0698,85
7641,difficult dog,belief_post_1,p0700,85
7642,difficult dog,belief_post_1,p0703,85
7643,difficult dog,belief_post_1,p0718,85
7644,difficult dog,belief_post_1,p0744,92
7645,difficult dog,belief_post_1,p0745,85
7646,difficult dog,belief_post_1,p0753,75
7647,difficult dog,belief_post_1,p0770,88
7648,difficult dog,belief_post_1,p0771,92
7649,difficult dog,belief_post_1,p0777,92
7650,difficult dog,belief_post_1,p0779,85
7651,difficult dog,belief_post_1,p0780,75
7652,difficult dog,belief_post_1,p0783,78
7653,difficult dog,belief_post_1,p0785,85
7654,difficult dog,belief_post_1,p0786,75
7655,difficult dog,belief_post_1,p0794,75
7656,difficult dog,belief_post_1,p0798,75
7657,difficult dog,belief_post_1,p0800,88
7658,difficult dog,belief_post_1,p0820,75
7659,difficult dog,belief_post_1,p0841,85
7660,difficult dog,belief_post_1,p0849,85
7661,difficult dog,belief_post_1,p0862,92
7662,difficult dog,belief_post_1,p0867,92
7663,difficult dog,belief_post_1,p0869,88
7664,difficult dog,belief_post_1,p0872,88
7665,difficult dog,belief_post_1,p0880,85
7666,difficult dog,belief_post_1,p0891,85
7667,difficult dog,belief_post_1,p0916,92
7668,difficult dog,belief_post_1,p0917,92
7669,difficult dog,belief_post_1,p0919,92
7670,difficult dog,belief_post_1,p0922,85
7671,difficult dog,belief_post_1,p0925,85
7672,difficult dog,belief_post_1,p0927,92
7673,difficult dog,belief_post_1,p0929,82
7674,difficult dog,belief_post_1,p0930,92
7675,difficult dog,belief_post_1,p0931,75
7676,difficult dog,belief_post_1,p0933,85
7677,difficult dog,belief_post_1,p0934,75
7678,difficult dog,belief_post_1,p0936,88
7679,difficult dog,belief_post_1,p0938,85
7680,difficult dog,belief_post_1,p0939,78
7681,difficult dog,belief_post_1,p0946,78
7682,difficult dog,belief_post_1,p0951,85
7683,difficult dog,belief_post_1,p0956,85
7684,difficult dog,belief_post_1,p0962,85
7685,difficult dog,belief_post_1,p0963,85
7686,difficult dog,belief_post_1,p0969,85
7687,difficult dog,belief_post_1,p0972,78
7688,difficult dog,belief_post_1,p0975,85
7689,difficult dog,belief_post_1,p0985,78
7690,difficult dog,belief_post_1,p0993,92
7691,difficult dog,belief_post_1,p0996,78
7692,difficult dog,belief_post_1,p1011,75
7693,difficult dog,belief_post_1,p1017,78
7694,difficult dog,belief_post_1,p1020,85
7695,difficult dog,belief_post_1,p1022,92
7696,difficult dog,belief_post_1,p1024,75
7697,difficult dog,belief_post_1,p1027,92
7698,difficult dog,belief_post_1,p1028,95
7699,difficult dog,belief_post_1,p1029,75
7700,difficult dog,belief_post_1,p1032,85
7701,difficult dog,belief_post_1,p1040,92
7702,difficult dog,belief_post_1,p1047,75
7703,difficult dog,belief_post_1,p1048,78
7704,difficult dog,belief_post_1,p1053,78
7705,difficult dog,belief_post_1,p1057,85
7706,difficult dog,belief_post_1,p1058,78
7707,difficult dog,belief_post_1,p1063,85
7708,difficult dog,belief_post_1,p1064,85
7709,difficult dog,belief_post_1,p1065,78
7710,difficult dog,belief_post_1,p1069,85
7711,difficult dog,belief_post_1,p1072,88
7712,difficult dog,belief_post_1,p1073,88
7713,difficult dog,belief_post_1,p1075,92
7714,difficult dog,belief_post_1,p1076,78
7715,difficult dog,belief_post_1,p1083,75
7716,difficult dog,belief_post_1,p1089,92
7717,difficult dog,belief_post_1,p1093,88
7718,difficult dog,belief_post_1,p1096,85
7719,difficult dog,belief_post_1,p1100,85
7720,difficult dog,belief_post_1,p1106,88
7721,difficult dog,belief_post_1,p1107,78
7722,difficult dog,belief_post_1,p1113,85
7723,difficult dog,belief_post_1,p1117,75
7724,difficult dog,belief_post_1,p1120,85
7725,difficult dog,belief_post_1,p1134,85
7726,difficult dog,belief_post_1,p1136,78
7727,difficult dog,belief_post_1,p1138,85
7728,difficult dog,belief_post_1,p1144,78
7729,difficult dog,belief_post_1,p1145,92
7730,difficult dog,belief_post_1,p1147,92
7731,difficult dog,belief_post_1,p1148,92
7732,difficult dog,belief_post_1,p1154,92
7733,difficult dog,belief_post_1,p1159,92
7734,difficult dog,belief_post_1,p1167,88
7735,difficult dog,belief_post_1,p1175,88
7736,difficult dog,belief_post_1,p1178,85
7737,difficult dog,belief_post_1,p1184,85
7738,difficult dog,belief_post_1,p1186,85
7739,difficult dog,belief_post_1,p1196,85
7740,difficult dog,belief_post_1,p1197,78
7741,difficult dog,belief_post_1,p1203,88
7742,difficult dog,belief_post_1,p1219,85
7743,difficult dog,belief_post_1,p1225,85
7744,difficult dog,belief_post_1,p1234,85
7745,difficult dog,belief_post_1,p1242,85
7746,difficult dog,belief_post_1,p1244,92
7747,difficult dog,belief_post_1,p1249,78
7748,difficult dog,belief_post_1,p1250,85
7749,difficult dog,belief_post_1,p1256,85
7750,difficult dog,belief_post_1,p1258,92
7751,difficult dog,belief_post_1,p1260,85
7752,difficult dog,belief_post_1,p1262,85
7753,difficult dog,belief_post_1,p1264,85
7754,difficult dog,belief_post_1,p1265,85
7755,difficult dog,belief_post_1,p1269,85
7756,difficult dog,belief_post_1,p1272,85
7757,difficult dog,belief_post_1,p1278,92
7758,difficult dog,belief_post_1,p1281,85
7759,difficult dog,belief_post_1,p1292,85
7760,difficult dog,belief_post_1,p1299,85
7761,difficult dog,belief_post_1,p1312,85
7762,difficult dog,belief_post_1,p1322,85
7763,difficult dog,belief_post_1,p1326,85
7764,difficult dog,belief_post_1,p1330,85
7765,difficult dog,belief_post_1,p1335,85
7766,difficult dog,belief_post_1,p1337,92
7767,difficult dog,belief_post_1,p1340,92
7768,difficult dog,belief_post_1,p1345,85
7769,difficult dog,belief_post_1,p1351,85
7770,difficult dog,belief_post_1,p1355,78
7771,difficult dog,belief_post_1,p1362,92
7772,difficult dog,belief_post_1,p1365,85
7773,difficult dog,belief_post_1,p1366,75
7774,difficult dog,belief_post_1,p1367,78
7775,difficult dog,belief_post_1,p1370,85
7776,difficult dog,belief_post_1,p1371,92
7777,difficult dog,belief_post_1,p1373,85
7778,difficult dog,belief_post_1,p1375,85
7779,difficult dog,belief_post_1,p1376,75
7780,difficult dog,belief_post_1,p1379,85
7781,difficult dog,belief_post_1,p1381,78
7782,difficult dog,belief_post_1,p1393,85
7783,difficult dog,belief_post_1,p1396,92
7784,difficult dog,belief_post_1,p1398,85
7785,difficult dog,belief_post_1,p1404,92
7786,difficult dog,belief_post_1,p1406,85
7787,difficult dog,belief_post_1,p1407,75
7788,difficult dog,belief_post_1,p1409,85
7789,difficult dog,belief_post_1,p1412,88
7790,difficult dog,belief_post_1,p1414,92
7791,difficult dog,belief_post_1,p1424,85
7792,difficult dog,belief_post_1,p1425,85
7793,difficult dog,belief_post_1,p1429,85
7794,difficult dog,belief_post_1,p1434,88
7795,difficult dog,belief_post_1,p1441,78
7796,difficult dog,belief_post_1,p1445,85
7797,difficult dog,belief_post_1,p1450,85
7798,difficult dog,belief_post_1,p1454,88
7799,difficult dog,belief_post_1,p1456,75
7800,difficult dog,belief_post_1,p1457,78
7801,difficult dog,belief_post_1,p1458,92
7802,difficult dog,belief_post_1,p1469,82
7803,difficult dog,belief_post_1,p1470,85
7804,difficult dog,belief_post_1,p1481,92
7805,difficult dog,belief_post_1,p1488,85
7806,difficult dog,belief_post_1,p1492,75
7807,difficult dog,belief_post_1,p1495,85
7808,difficult dog,belief_post_1,p1497,85
7809,difficult dog,belief_post_1,p1499,78
7810,difficult dog,belief_post_1,p1503,85
7811,difficult dog,belief_post_1,p1511,92
7812,difficult dog,belief_post_1,p1512,78
7813,difficult dog,belief_post_1,p1518,85
7814,difficult dog,belief_post_1,p1519,85
7815,difficult dog,belief_post_1,p1520,75
7816,difficult dog,belief_post_1,p1524,85
7817,difficult dog,belief_post_1,p1526,92
7818,difficult dog,belief_post_1,p1537,85
7819,difficult dog,belief_post_1,p1545,85
7820,difficult dog,belief_post_1,p1547,92
7821,difficult dog,belief_post_1,p1552,95
7822,difficult dog,belief_post_1,p1567,85
7823,difficult dog,belief_post_1,p1568,85
7824,difficult dog,belief_post_1,p1579,65
7825,difficult dog,belief_post_1,p1587,65
7826,difficult dog,belief_post_1,p1596,78
7827,difficult dog,belief_post_1,p1600,92
7828,difficult dog,belief_post_1,p1603,85
7829,difficult dog,belief_post_1,p1604,85
7830,difficult dog,belief_post_1,p1610,78
7831,difficult dog,belief_post_1,p1618,85
7832,difficult dog,belief_post_1,p1619,92
7833,difficult dog,belief_post_1,p1622,85
7834,difficult dog,belief_post_1,p1623,75
7835,difficult dog,belief_post_1,p1630,75
7836,difficult dog,belief_post_1,p1641,85
7837,difficult dog,belief_post_1,p1649,78
7838,difficult dog,belief_post_1,p1652,85
7839,difficult dog,belief_post_1,p1665,78
7840,difficult dog,belief_post_1,p1669,85
7841,difficult dog,belief_post_1,p1685,85
7842,difficult dog,belief_post_1,p1693,85
7843,difficult dog,belief_post_1,p1698,85
7844,difficult dog,belief_post_1,p1704,85
7845,difficult dog,belief_post_1,p1711,92
7846,difficult dog,belief_post_1,p1718,75
7847,difficult dog,belief_post_1,p1732,78
7848,difficult dog,belief_post_1,p1739,85
7849,difficult dog,belief_post_1,p1741,92
7850,difficult dog,belief_post_1,p1746,75
7851,difficult dog,belief_post_1,p1751,75
7852,difficult dog,belief_post_1,p1754,92
7853,difficult dog,belief_post_1,p1769,85
7854,difficult dog,belief_post_1,p1771,85
7855,difficult dog,belief_post_1,p1776,85
7856,difficult dog,belief_post_1,p1780,88
7857,difficult dog,belief_post_1,p1785,75
7858,difficult dog,belief_post_1,p1791,88
7859,difficult dog,belief_post_1,p1793,85
7860,difficult dog,belief_post_1,p1796,78
7861,difficult dog,belief_post_1,p1805,78
7862,difficult dog,belief_post_1,p1812,92
7863,difficult dog,belief_post_1,p1816,78
7864,difficult dog,belief_post_1,p1819,88
7865,difficult dog,belief_post_1,p1825,92
7866,difficult dog,belief_post_1,p1836,92
7867,difficult dog,belief_post_1,p1839,85
7868,difficult dog,belief_post_1,p1861,85
7869,difficult dog,belief_post_1,p1863,92
7870,difficult dog,belief_post_1,p1873,78
7871,difficult dog,belief_post_1,p1875,78
7872,difficult dog,belief_post_1,p1876,92
7873,difficult dog,belief_post_1,p1877,92
7874,difficult dog,belief_post_1,p1880,78
7875,difficult dog,belief_post_1,p1883,78
7876,difficult dog,belief_post_1,p1889,75
7877,difficult dog,belief_post_1,p1893,92
7878,difficult dog,belief_post_1,p1896,92
7879,difficult dog,belief_post_1,p1913,85
7880,difficult dog,belief_post_1,p1922,92
7881,difficult dog,belief_post_1,p1930,88
7882,difficult dog,belief_post_1,p1935,85
7883,difficult dog,belief_post_1,p1940,92
7884,difficult dog,belief_post_1,p1948,85
7885,difficult dog,belief_post_1,p1950,85
7886,difficult dog,belief_post_1,p1954,78
7887,difficult dog,belief_post_1,p1956,65
7888,difficult dog,belief_post_1,p1958,85
7889,difficult dog,belief_post_1,p1967,88
7890,difficult dog,belief_post_1,p1973,95
7891,difficult dog,belief_post_1,p1978,85
7892,difficult dog,belief_post_1,p1983,75
7893,difficult dog,belief_post_1,p1984,78
7894,difficult dog,belief_post_1,p1995,85
7895,difficult dog,belief_post_1,p1996,78
7896,difficult dog,belief_post_1,p1997,85
7897,difficult dog,belief_post_1,p2001,88
7898,difficult dog,belief_post_1,p2002,75
7899,difficult dog,belief_post_1,p2013,92
7900,difficult dog,belief_post_1,p2014,78
7901,difficult dog,belief_post_1,p2016,88
7902,difficult dog,belief_post_1,p2018,78
7903,difficult dog,belief_post_1,p2023,92
7904,difficult dog,belief_post_1,p2025,92
7905,difficult dog,belief_post_1,p2028,85
7906,difficult dog,belief_post_1,p2030,88
7907,difficult dog,belief_post_1,p2033,88
7908,difficult dog,belief_post_1,p2040,75
7909,difficult dog,belief_post_1,p2051,92
7910,difficult dog,belief_post_1,p2052,85
7911,difficult dog,belief_post_1,p2066,75
7912,difficult dog,belief_post_1,p2067,92
7913,difficult dog,belief_post_1,p2073,92
7914,difficult dog,belief_post_1,p2077,85
7915,difficult dog,belief_post_1,p2078,85
7916,difficult dog,belief_post_1,p2086,88
7917,difficult dog,belief_post_1,p2089,92
7918,difficult dog,belief_post_1,p2093,65
7919,difficult dog,belief_post_1,p2094,85
7920,difficult dog,belief_post_1,p2111,85
7921,difficult dog,belief_post_1,p2117,88
7922,difficult dog,belief_post_1,p2121,85
7923,difficult dog,belief_post_1,p2127,85
7924,difficult dog,belief_post_1,p2141,85
7925,difficult dog,belief_post_1,p2142,65
7926,difficult dog,belief_post_1,p2143,88
7927,difficult dog,belief_post_1,p2153,85
7928,difficult dog,belief_post_1,p2155,75
7929,difficult dog,belief_post_1,p2169,75
7930,difficult dog,belief_post_1,p2187,85
7931,difficult dog,belief_post_1,p2188,88
7932,difficult dog,belief_post_1,p2197,85
7933,difficult dog,belief_post_1,p2213,78
7934,difficult dog,belief_post_1,p2214,85
7935,difficult dog,belief_post_1,p2215,92
7936,difficult dog,belief_post_1,p2220,85
7937,difficult dog,belief_post_1,p2223,78
7938,difficult dog,belief_post_1,p2229,85
7939,difficult dog,belief_post_1,p2234,92
7940,difficult dog,belief_post_1,p2237,88
7941,difficult dog,belief_post_1,p2238,85
7942,difficult dog,belief_post_1,p2244,85
7943,difficult dog,belief_post_1,p2248,85
7944,difficult dog,belief_post_1,p2252,92
7945,difficult dog,belief_post_1,p2255,65
7946,difficult dog,belief_post_1,p2261,65
7947,difficult dog,belief_post_1,p2263,85
7948,difficult dog,belief_post_1,p2273,85
7949,difficult dog,belief_post_1,p2275,85
7950,difficult dog,belief_post_1,p2276,78
7951,difficult dog,belief_post_1,p2283,75
7952,difficult dog,belief_post_1,p2287,85
7953,difficult dog,belief_post_1,p2296,78
7954,difficult dog,belief_post_1,p2298,75
7955,difficult dog,belief_post_1,p2304,88
7956,difficult dog,belief_post_1,p2310,78
7957,difficult dog,belief_post_1,p2322,65
7958,difficult dog,belief_post_1,p2326,85
7959,difficult dog,belief_post_1,p2330,85
7960,difficult dog,belief_post_1,p2331,92
7961,difficult dog,belief_post_1,p2333,85
7962,difficult dog,belief_post_1,p2347,88
7963,difficult dog,belief_post_1,p2350,92
7964,difficult dog,belief_post_1,p2351,85
7965,difficult dog,belief_post_1,p2353,85
7966,difficult dog,belief_post_1,p2355,85
7967,difficult dog,belief_post_1,p2363,75
7968,difficult dog,belief_post_1,p2378,88
7969,difficult dog,belief_post_1,p2380,92
7970,difficult dog,belief_post_1,p2387,85
7971,difficult dog,belief_post_1,p2398,85
7972,difficult dog,belief_post_1,p2400,92
7973,difficult dog,belief_post_1,p2403,92
7974,difficult dog,belief_post_1,p2408,75
7975,difficult dog,belief_post_1,p2418,85
7976,difficult dog,belief_post_1,p2426,92
7977,difficult dog,belief_post_1,p2428,78
7978,difficult dog,belief_post_1,p2434,88
7979,difficult dog,belief_post_1,p2446,75
7980,difficult dog,belief_post_1,p2452,78
7981,difficult dog,belief_post_1,p2454,78
7982,difficult dog,belief_post_1,p2462,85
7983,difficult dog,belief_post_1,p2467,65
7984,difficult dog,belief_post_1,p2482,85
7985,difficult dog,belief_post_1,p2489,78
7986,difficult dog,belief_post_1,p2490,85
7987,difficult dog,belief_post_1,p2494,75
7988,difficult dog,belief_post_1,p2502,88
7989,difficult dog,belief_post_1,p2503,85
7990,difficult dog,belief_post_1,p2522,92
7991,difficult dog,belief_post_1,p2524,92
7992,difficult dog,belief_post_1,p2533,65
7993,difficult dog,belief_post_1,p2566,85
7994,difficult dog,belief_post_1,p2571,88
7995,difficult dog,belief_post_1,p2573,78
7996,difficult dog,belief_post_1,p2582,85
7997,difficult dog,belief_post_1,p2591,75
7998,difficult dog,belief_post_1,p2592,85
7999,difficult dog,belief_post_1,p2595,65
8000,difficult dog,policy_general_1,p0016,85
8001,difficult dog,policy_general_1,p0022,75
8002,difficult dog,policy_general_1,p0023,85
8003,difficult dog,policy_general_1,p0026,85
8004,difficult dog,policy_general_1,p0034,85
8005,difficult dog,policy_general_1,p0036,75
8006,difficult dog,policy_general_1,p0037,78
8007,difficult dog,policy_general_1,p0042,82
8008,difficult dog,policy_general_1,p0057,82
8009,difficult dog,policy_general_1,p0066,85
8010,difficult dog,policy_general_1,p0069,85
8011,difficult dog,policy_general_1,p0072,85
8012,difficult dog,policy_general_1,p0073,85
8013,difficult dog,policy_general_1,p0082,85
8014,difficult dog,policy_general_1,p0091,92
8015,difficult dog,policy_general_1,p0092,78
8016,difficult dog,policy_general_1,p0093,85
8017,difficult dog,policy_general_1,p0095,85
8018,difficult dog,policy_general_1,p0107,78
8019,difficult dog,policy_general_1,p0114,85
8020,difficult dog,policy_general_1,p0116,78
8021,difficult dog,policy_general_1,p0118,75
8022,difficult dog,policy_general_1,p0119,85
8023,difficult dog,policy_general_1,p0126,78
8024,difficult dog,policy_general_1,p0129,85
8025,difficult dog,policy_general_1,p0136,75
8026,difficult dog,policy_general_1,p0138,75
8027,difficult dog,policy_general_1,p0144,78
8028,difficult dog,policy_general_1,p0150,78
8029,difficult dog,policy_general_1,p0152,75
8030,difficult dog,policy_general_1,p0158,75
8031,difficult dog,policy_general_1,p0161,75
8032,difficult dog,policy_general_1,p0164,75
8033,difficult dog,policy_general_1,p0175,75
8034,difficult dog,policy_general_1,p0177,85
8035,difficult dog,policy_general_1,p0178,85
8036,difficult dog,policy_general_1,p0181,75
8037,difficult dog,policy_general_1,p0186,78
8038,difficult dog,policy_general_1,p0196,85
8039,difficult dog,policy_general_1,p0198,85
8040,difficult dog,policy_general_1,p0202,85
8041,difficult dog,policy_general_1,p0205,85
8042,difficult dog,policy_general_1,p0207,85
8043,difficult dog,policy_general_1,p0211,75
8044,difficult dog,policy_general_1,p0227,85
8045,difficult dog,policy_general_1,p0229,78
8046,difficult dog,policy_general_1,p0232,85
8047,difficult dog,policy_general_1,p0233,75
8048,difficult dog,policy_general_1,p0237,88
8049,difficult dog,policy_general_1,p0258,85
8050,difficult dog,policy_general_1,p0268,65
8051,difficult dog,policy_general_1,p0274,85
8052,difficult dog,policy_general_1,p0275,75
8053,difficult dog,policy_general_1,p0277,75
8054,difficult dog,policy_general_1,p0288,92
8055,difficult dog,policy_general_1,p0291,85
8056,difficult dog,policy_general_1,p0307,78
8057,difficult dog,policy_general_1,p0308,78
8058,difficult dog,policy_general_1,p0317,75
8059,difficult dog,policy_general_1,p0325,85
8060,difficult dog,policy_general_1,p0327,85
8061,difficult dog,policy_general_1,p0334,85
8062,difficult dog,policy_general_1,p0336,85
8063,difficult dog,policy_general_1,p0338,75
8064,difficult dog,policy_general_1,p0342,85
8065,difficult dog,policy_general_1,p0349,75
8066,difficult dog,policy_general_1,p0356,85
8067,difficult dog,policy_general_1,p0358,85
8068,difficult dog,policy_general_1,p0363,85
8069,difficult dog,policy_general_1,p0364,88
8070,difficult dog,policy_general_1,p0369,85
8071,difficult dog,policy_general_1,p0370,78
8072,difficult dog,policy_general_1,p0371,78
8073,difficult dog,policy_general_1,p0379,78
8074,difficult dog,policy_general_1,p0386,85
8075,difficult dog,policy_general_1,p0396,78
8076,difficult dog,policy_general_1,p0403,78
8077,difficult dog,policy_general_1,p0405,85
8078,difficult dog,policy_general_1,p0412,85
8079,difficult dog,policy_general_1,p0415,75
8080,difficult dog,policy_general_1,p0416,78
8081,difficult dog,policy_general_1,p0417,78
8082,difficult dog,policy_general_1,p0418,78
8083,difficult dog,policy_general_1,p0430,85
8084,difficult dog,policy_general_1,p0431,85
8085,difficult dog,policy_general_1,p0434,65
8086,difficult dog,policy_general_1,p0438,92
8087,difficult dog,policy_general_1,p0441,85
8088,difficult dog,policy_general_1,p0442,75
8089,difficult dog,policy_general_1,p0449,75
8090,difficult dog,policy_general_1,p0450,85
8091,difficult dog,policy_general_1,p0465,78
8092,difficult dog,policy_general_1,p0471,78
8093,difficult dog,policy_general_1,p0477,85
8094,difficult dog,policy_general_1,p0483,78
8095,difficult dog,policy_general_1,p0486,85
8096,difficult dog,policy_general_1,p0487,85
8097,difficult dog,policy_general_1,p0489,85
8098,difficult dog,policy_general_1,p0497,85
8099,difficult dog,policy_general_1,p0502,78
8100,difficult dog,policy_general_1,p0503,85
8101,difficult dog,policy_general_1,p0506,78
8102,difficult dog,policy_general_1,p0511,85
8103,difficult dog,policy_general_1,p0523,78
8104,difficult dog,policy_general_1,p0534,85
8105,difficult dog,policy_general_1,p0536,78
8106,difficult dog,policy_general_1,p0542,85
8107,difficult dog,policy_general_1,p0547,85
8108,difficult dog,policy_general_1,p0553,85
8109,difficult dog,policy_general_1,p0559,85
8110,difficult dog,policy_general_1,p0566,85
8111,difficult dog,policy_general_1,p0568,85
8112,difficult dog,policy_general_1,p0570,75
8113,difficult dog,policy_general_1,p0573,78
8114,difficult dog,policy_general_1,p0578,78
8115,difficult dog,policy_general_1,p0594,75
8116,difficult dog,policy_general_1,p0597,85
8117,difficult dog,policy_general_1,p0601,85
8118,difficult dog,policy_general_1,p0602,75
8119,difficult dog,policy_general_1,p0605,75
8120,difficult dog,policy_general_1,p0615,75
8121,difficult dog,policy_general_1,p0620,85
8122,difficult dog,policy_general_1,p0626,85
8123,difficult dog,policy_general_1,p0629,85
8124,difficult dog,policy_general_1,p0633,78
8125,difficult dog,policy_general_1,p0638,78
8126,difficult dog,policy_general_1,p0639,85
8127,difficult dog,policy_general_1,p0640,78
8128,difficult dog,policy_general_1,p0655,85
8129,difficult dog,policy_general_1,p0656,85
8130,difficult dog,policy_general_1,p0658,85
8131,difficult dog,policy_general_1,p0661,78
8132,difficult dog,policy_general_1,p0669,85
8133,difficult dog,policy_general_1,p0670,75
8134,difficult dog,policy_general_1,p0672,78
8135,difficult dog,policy_general_1,p0674,85
8136,difficult dog,policy_general_1,p0678,85
8137,difficult dog,policy_general_1,p0683,78
8138,difficult dog,policy_general_1,p0686,78
8139,difficult dog,policy_general_1,p0687,85
8140,difficult dog,policy_general_1,p0698,78
8141,difficult dog,policy_general_1,p0700,78
8142,difficult dog,policy_general_1,p0703,78
8143,difficult dog,policy_general_1,p0718,82
8144,difficult dog,policy_general_1,p0744,85
8145,difficult dog,policy_general_1,p0745,85
8146,difficult dog,policy_general_1,p0753,75
8147,difficult dog,policy_general_1,p0770,85
8148,difficult dog,policy_general_1,p0771,85
8149,difficult dog,policy_general_1,p0777,85
8150,difficult dog,policy_general_1,p0779,78
8151,difficult dog,policy_general_1,p0780,75
8152,difficult dog,policy_general_1,p0783,78
8153,difficult dog,policy_general_1,p0785,75
8154,difficult dog,policy_general_1,p0786,75
8155,difficult dog,policy_general_1,p0794,75
8156,difficult dog,policy_general_1,p0798,75
8157,difficult dog,policy_general_1,p0800,85
8158,difficult dog,policy_general_1,p0820,75
8159,difficult dog,policy_general_1,p0841,75
8160,difficult dog,policy_general_1,p0849,75
8161,difficult dog,policy_general_1,p0862,85
8162,difficult dog,policy_general_1,p0867,85
8163,difficult dog,policy_general_1,p0869,85
8164,difficult dog,policy_general_1,p0872,85
8165,difficult dog,policy_general_1,p0880,78
8166,difficult dog,policy_general_1,p0891,75
8167,difficult dog,policy_general_1,p0916,85
8168,difficult dog,policy_general_1,p0917,88
8169,difficult dog,policy_general_1,p0919,85
8170,difficult dog,policy_general_1,p0922,78
8171,difficult dog,policy_general_1,p0925,82
8172,difficult dog,policy_general_1,p0927,85
8173,difficult dog,policy_general_1,p0929,78
8174,difficult dog,policy_general_1,p0930,85
8175,difficult dog,policy_general_1,p0931,75
8176,difficult dog,policy_general_1,p0933,85
8177,difficult dog,policy_general_1,p0934,75
8178,difficult dog,policy_general_1,p0936,85
8179,difficult dog,policy_general_1,p0938,85
8180,difficult dog,policy_general_1,p0939,75
8181,difficult dog,policy_general_1,p0946,78
8182,difficult dog,policy_general_1,p0951,75
8183,difficult dog,policy_general_1,p0956,85
8184,difficult dog,policy_general_1,p0962,85
8185,difficult dog,policy_general_1,p0963,85
8186,difficult dog,policy_general_1,p0969,85
8187,difficult dog,policy_general_1,p0972,75
8188,difficult dog,policy_general_1,p0975,85
8189,difficult dog,policy_general_1,p0985,78
8190,difficult dog,policy_general_1,p0993,85
8191,difficult dog,policy_general_1,p0996,78
8192,difficult dog,policy_general_1,p1011,75
8193,difficult dog,policy_general_1,p1017,85
8194,difficult dog,policy_general_1,p1020,85
8195,difficult dog,policy_general_1,p1022,85
8196,difficult dog,policy_general_1,p1024,75
8197,difficult dog,policy_general_1,p1027,85
8198,difficult dog,policy_general_1,p1028,85
8199,difficult dog,policy_general_1,p1029,75
8200,difficult dog,policy_general_1,p1032,78
8201,difficult dog,policy_general_1,p1040,85
8202,difficult dog,policy_general_1,p1047,75
8203,difficult dog,policy_general_1,p1048,75
8204,difficult dog,policy_general_1,p1053,78
8205,difficult dog,policy_general_1,p1057,85
8206,difficult dog,policy_general_1,p1058,75
8207,difficult dog,policy_general_1,p1063,85
8208,difficult dog,policy_general_1,p1064,85
8209,difficult dog,policy_general_1,p1065,75
8210,difficult dog,policy_general_1,p1069,75
8211,difficult dog,policy_general_1,p1072,85
8212,difficult dog,policy_general_1,p1073,85
8213,difficult dog,policy_general_1,p1075,85
8214,difficult dog,policy_general_1,p1076,75
8215,difficult dog,policy_general_1,p1083,78
8216,difficult dog,policy_general_1,p1089,85
8217,difficult dog,policy_general_1,p1093,85
8218,difficult dog,policy_general_1,p1096,85
8219,difficult dog,policy_general_1,p1100,85
8220,difficult dog,policy_general_1,p1106,85
8221,difficult dog,policy_general_1,p1107,75
8222,difficult dog,policy_general_1,p1113,85
8223,difficult dog,policy_general_1,p1117,65
8224,difficult dog,policy_general_1,p1120,78
8225,difficult dog,policy_general_1,p1134,78
8226,difficult dog,policy_general_1,p1136,75
8227,difficult dog,policy_general_1,p1138,85
8228,difficult dog,policy_general_1,p1144,85
8229,difficult dog,policy_general_1,p1145,85
8230,difficult dog,policy_general_1,p1147,85
8231,difficult dog,policy_general_1,p1148,85
8232,difficult dog,policy_general_1,p1154,85
8233,difficult dog,policy_general_1,p1159,85
8234,difficult dog,policy_general_1,p1167,85
8235,difficult dog,policy_general_1,p1175,85
8236,difficult dog,policy_general_1,p1178,75
8237,difficult dog,policy_general_1,p1184,78
8238,difficult dog,policy_general_1,p1186,85
8239,difficult dog,policy_general_1,p1196,75
8240,difficult dog,policy_general_1,p1197,82
8241,difficult dog,policy_general_1,p1203,85
8242,difficult dog,policy_general_1,p1219,75
8243,difficult dog,policy_general_1,p1225,78
8244,difficult dog,policy_general_1,p1234,78
8245,difficult dog,policy_general_1,p1242,78
8246,difficult dog,policy_general_1,p1244,85
8247,difficult dog,policy_general_1,p1249,78
8248,difficult dog,policy_general_1,p1250,78
8249,difficult dog,policy_general_1,p1256,78
8250,difficult dog,policy_general_1,p1258,85
8251,difficult dog,policy_general_1,p1260,75
8252,difficult dog,policy_general_1,p1262,78
8253,difficult dog,policy_general_1,p1264,78
8254,difficult dog,policy_general_1,p1265,78
8255,difficult dog,policy_general_1,p1269,78
8256,difficult dog,policy_general_1,p1272,85
8257,difficult dog,policy_general_1,p1278,85
8258,difficult dog,policy_general_1,p1281,78
8259,difficult dog,policy_general_1,p1292,78
8260,difficult dog,policy_general_1,p1299,78
8261,difficult dog,policy_general_1,p1312,78
8262,difficult dog,policy_general_1,p1322,75
8263,difficult dog,policy_general_1,p1326,85
8264,difficult dog,policy_general_1,p1330,85
8265,difficult dog,policy_general_1,p1335,85
8266,difficult dog,policy_general_1,p1337,85
8267,difficult dog,policy_general_1,p1340,85
8268,difficult dog,policy_general_1,p1345,85
8269,difficult dog,policy_general_1,p1351,85
8270,difficult dog,policy_general_1,p1355,75
8271,difficult dog,policy_general_1,p1362,85
8272,difficult dog,policy_general_1,p1365,78
8273,difficult dog,policy_general_1,p1366,78
8274,difficult dog,policy_general_1,p1367,78
8275,difficult dog,policy_general_1,p1370,78
8276,difficult dog,policy_general_1,p1371,92
8277,difficult dog,policy_general_1,p1373,75
8278,difficult dog,policy_general_1,p1375,75
8279,difficult dog,policy_general_1,p1376,75
8280,difficult dog,policy_general_1,p1379,78
8281,difficult dog,policy_general_1,p1381,85
8282,difficult dog,policy_general_1,p1393,85
8283,difficult dog,policy_general_1,p1396,92
8284,difficult dog,policy_general_1,p1398,85
8285,difficult dog,policy_general_1,p1404,92
8286,difficult dog,policy_general_1,p1406,78
8287,difficult dog,policy_general_1,p1407,78
8288,difficult dog,policy_general_1,p1409,78
8289,difficult dog,policy_general_1,p1412,85
8290,difficult dog,policy_general_1,p1414,88
8291,difficult dog,policy_general_1,p1424,85
8292,difficult dog,policy_general_1,p1425,85
8293,difficult dog,policy_general_1,p1429,85
8294,difficult dog,policy_general_1,p1434,85
8295,difficult dog,policy_general_1,p1441,78
8296,difficult dog,policy_general_1,p1445,78
8297,difficult dog,policy_general_1,p1450,85
8298,difficult dog,policy_general_1,p1454,85
8299,difficult dog,policy_general_1,p1456,75
8300,difficult dog,policy_general_1,p1457,75
8301,difficult dog,policy_general_1,p1458,85
8302,difficult dog,policy_general_1,p1469,78
8303,difficult dog,policy_general_1,p1470,85
8304,difficult dog,policy_general_1,p1481,85
8305,difficult dog,policy_general_1,p1488,85
8306,difficult dog,policy_general_1,p1492,78
8307,difficult dog,policy_general_1,p1495,78
8308,difficult dog,policy_general_1,p1497,78
8309,difficult dog,policy_general_1,p1499,78
8310,difficult dog,policy_general_1,p1503,85
8311,difficult dog,policy_general_1,p1511,85
8312,difficult dog,policy_general_1,p1512,78
8313,difficult dog,policy_general_1,p1518,85
8314,difficult dog,policy_general_1,p1519,75
8315,difficult dog,policy_general_1,p1520,75
8316,difficult dog,policy_general_1,p1524,78
8317,difficult dog,policy_general_1,p1526,75
8318,difficult dog,policy_general_1,p1537,78
8319,difficult dog,policy_general_1,p1545,85
8320,difficult dog,policy_general_1,p1547,85
8321,difficult dog,policy_general_1,p1552,92
8322,difficult dog,policy_general_1,p1567,85
8323,difficult dog,policy_general_1,p1568,85
8324,difficult dog,policy_general_1,p1579,65
8325,difficult dog,policy_general_1,p1587,65
8326,difficult dog,policy_general_1,p1596,75
8327,difficult dog,policy_general_1,p1600,85
8328,difficult dog,policy_general_1,p1603,82
8329,difficult dog,policy_general_1,p1604,78
8330,difficult dog,policy_general_1,p1610,78
8331,difficult dog,policy_general_1,p1618,85
8332,difficult dog,policy_general_1,p1619,88
8333,difficult dog,policy_general_1,p1622,78
8334,difficult dog,policy_general_1,p1623,75
8335,difficult dog,policy_general_1,p1630,75
8336,difficult dog,policy_general_1,p1641,85
8337,difficult dog,policy_general_1,p1649,75
8338,difficult dog,policy_general_1,p1652,78
8339,difficult dog,policy_general_1,p1665,78
8340,difficult dog,policy_general_1,p1669,85
8341,difficult dog,policy_general_1,p1685,85
8342,difficult dog,policy_general_1,p1693,78
8343,difficult dog,policy_general_1,p1698,85
8344,difficult dog,policy_general_1,p1704,78
8345,difficult dog,policy_general_1,p1711,85
8346,difficult dog,policy_general_1,p1718,75
8347,difficult dog,policy_general_1,p1732,75
8348,difficult dog,policy_general_1,p1739,85
8349,difficult dog,policy_general_1,p1741,85
8350,difficult dog,policy_general_1,p1746,75
8351,difficult dog,policy_general_1,p1751,65
8352,difficult dog,policy_general_1,p1754,85
8353,difficult dog,policy_general_1,p1769,75
8354,difficult dog,policy_general_1,p1771,78
8355,difficult dog,policy_general_1,p1776,78
8356,difficult dog,policy_general_1,p1780,85
8357,difficult dog,policy_general_1,p1785,75
8358,difficult dog,policy_general_1,p1791,85
8359,difficult dog,policy_general_1,p1793,85
8360,difficult dog,policy_general_1,p1796,78
8361,difficult dog,policy_general_1,p1805,78
8362,difficult dog,policy_general_1,p1812,85
8363,difficult dog,policy_general_1,p1816,75
8364,difficult dog,policy_general_1,p1819,85
8365,difficult dog,policy_general_1,p1825,85
8366,difficult dog,policy_general_1,p1836,85
8367,difficult dog,policy_general_1,p1839,85
8368,difficult dog,policy_general_1,p1861,78
8369,difficult dog,policy_general_1,p1863,85
8370,difficult dog,policy_general_1,p1873,75
8371,difficult dog,policy_general_1,p1875,75
8372,difficult dog,policy_general_1,p1876,85
8373,difficult dog,policy_general_1,p1877,85
8374,difficult dog,policy_general_1,p1880,78
8375,difficult dog,policy_general_1,p1883,78
8376,difficult dog,policy_general_1,p1889,75
8377,difficult dog,policy_general_1,p1893,85
8378,difficult dog,policy_general_1,p1896,85
8379,difficult dog,policy_general_1,p1913,75
8380,difficult dog,policy_general_1,p1922,92
8381,difficult dog,policy_general_1,p1930,85
8382,difficult dog,policy_general_1,p1935,85
8383,difficult dog,policy_general_1,p1940,85
8384,difficult dog,policy_general_1,p1948,75
8385,difficult dog,policy_general_1,p1950,75
8386,difficult dog,policy_general_1,p1954,78
8387,difficult dog,policy_general_1,p1956,68
8388,difficult dog,policy_general_1,p1958,75
8389,difficult dog,policy_general_1,p1967,85
8390,difficult dog,policy_general_1,p1973,92
8391,difficult dog,policy_general_1,p1978,78
8392,difficult dog,policy_general_1,p1983,78
8393,difficult dog,policy_general_1,p1984,75
8394,difficult dog,policy_general_1,p1995,75
8395,difficult dog,policy_general_1,p1996,85
8396,difficult dog,policy_general_1,p1997,85
8397,difficult dog,policy_general_1,p2001,85
8398,difficult dog,policy_general_1,p2002,75
8399,difficult dog,policy_general_1,p2013,85
8400,difficult dog,policy_general_1,p2014,75
8401,difficult dog,policy_general_1,p2016,85
8402,difficult dog,policy_general_1,p2018,75
8403,difficult dog,policy_general_1,p2023,88
8404,difficult dog,policy_general_1,p2025,92
8405,difficult dog,policy_general_1,p2028,78
8406,difficult dog,policy_general_1,p2030,85
8407,difficult dog,policy_general_1,p2033,85
8408,difficult dog,policy_general_1,p2040,78
8409,difficult dog,policy_general_1,p2051,85
8410,difficult dog,policy_general_1,p2052,85
8411,difficult dog,policy_general_1,p2066,75
8412,difficult dog,policy_general_1,p2067,85
8413,difficult dog,policy_general_1,p2073,85
8414,difficult dog,policy_general_1,p2077,78
8415,difficult dog,policy_general_1,p2078,78
8416,difficult dog,policy_general_1,p2086,85
8417,difficult dog,policy_general_1,p2089,85
8418,difficult dog,policy_general_1,p2093,65
8419,difficult dog,policy_general_1,p2094,85
8420,difficult dog,policy_general_1,p2111,78
8421,difficult dog,policy_general_1,p2117,85
8422,difficult dog,policy_general_1,p2121,85
8423,difficult dog,policy_general_1,p2127,85
8424,difficult dog,policy_general_1,p2141,85
8425,difficult dog,policy_general_1,p2142,75
8426,difficult dog,policy_general_1,p2143,85
8427,difficult dog,policy_general_1,p2153,85
8428,difficult dog,policy_general_1,p2155,75
8429,difficult dog,policy_general_1,p2169,75
8430,difficult dog,policy_general_1,p2187,85
8431,difficult dog,policy_general_1,p2188,85
8432,difficult dog,policy_general_1,p2197,75
8433,difficult dog,policy_general_1,p2213,78
8434,difficult dog,policy_general_1,p2214,78
8435,difficult dog,policy_general_1,p2215,85
8436,difficult dog,policy_general_1,p2220,78
8437,difficult dog,policy_general_1,p2223,75
8438,difficult dog,policy_general_1,p2229,78
8439,difficult dog,policy_general_1,p2234,92
8440,difficult dog,policy_general_1,p2237,85
8441,difficult dog,policy_general_1,p2238,85
8442,difficult dog,policy_general_1,p2244,85
8443,difficult dog,policy_general_1,p2248,78
8444,difficult dog,policy_general_1,p2252,85
8445,difficult dog,policy_general_1,p2255,75
8446,difficult dog,policy_general_1,p2261,75
8447,difficult dog,policy_general_1,p2263,75
8448,difficult dog,policy_general_1,p2273,85
8449,difficult dog,policy_general_1,p2275,82
8450,difficult dog,policy_general_1,p2276,78
8451,difficult dog,policy_general_1,p2283,75
8452,difficult dog,policy_general_1,p2287,85
8453,difficult dog,policy_general_1,p2296,78
8454,difficult dog,policy_general_1,p2298,78
8455,difficult dog,policy_general_1,p2304,85
8456,difficult dog,policy_general_1,p2310,78
8457,difficult dog,policy_general_1,p2322,65
8458,difficult dog,policy_general_1,p2326,85
8459,difficult dog,policy_general_1,p2330,75
8460,difficult dog,policy_general_1,p2331,85
8461,difficult dog,policy_general_1,p2333,85
8462,difficult dog,policy_general_1,p2347,85
8463,difficult dog,policy_general_1,p2350,75
8464,difficult dog,policy_general_1,p2351,78
8465,difficult dog,policy_general_1,p2353,85
8466,difficult dog,policy_general_1,p2355,85
8467,difficult dog,policy_general_1,p2363,75
8468,difficult dog,policy_general_1,p2378,85
8469,difficult dog,policy_general_1,p2380,85
8470,difficult dog,policy_general_1,p2387,78
8471,difficult dog,policy_general_1,p2398,78
8472,difficult dog,policy_general_1,p2400,85
8473,difficult dog,policy_general_1,p2403,85
8474,difficult dog,policy_general_1,p2408,75
8475,difficult dog,policy_general_1,p2418,78
8476,difficult dog,policy_general_1,p2426,85
8477,difficult dog,policy_general_1,p2428,78
8478,difficult dog,policy_general_1,p2434,85
8479,difficult dog,policy_general_1,p2446,75
8480,difficult dog,policy_general_1,p2452,78
8481,difficult dog,policy_general_1,p2454,75
8482,difficult dog,policy_general_1,p2462,85
8483,difficult dog,policy_general_1,p2467,85
8484,difficult dog,policy_general_1,p2482,75
8485,difficult dog,policy_general_1,p2489,78
8486,difficult dog,policy_general_1,p2490,78
8487,difficult dog,policy_general_1,p2494,75
8488,difficult dog,policy_general_1,p2502,85
8489,difficult dog,policy_general_1,p2503,78
8490,difficult dog,policy_general_1,p2522,92
8491,difficult dog,policy_general_1,p2524,85
8492,difficult dog,policy_general_1,p2533,75
8493,difficult dog,policy_general_1,p2566,85
8494,difficult dog,policy_general_1,p2571,85
8495,difficult dog,policy_general_1,p2573,75
8496,difficult dog,policy_general_1,p2582,82
8497,difficult dog,policy_general_1,p2591,75
8498,difficult dog,policy_general_1,p2592,75
8499,difficult dog,policy_general_1,p2595,65
8500,difficult dog,donation,p0016,10
8501,difficult dog,donation,p0022,10
8502,difficult dog,donation,p0023,22
8503,difficult dog,donation,p0026,17
8504,difficult dog,donation,p0034,6
8505,difficult dog,donation,p0036,17
8506,difficult dog,donation,p0037,17
8507,difficult dog,donation,p0042,10
8508,difficult dog,donation,p0057,6
8509,difficult dog,donation,p0066,10
8510,difficult dog,donation,p0069,10
8511,difficult dog,donation,p0072,10
8512,difficult dog,donation,p0073,7
8513,difficult dog,donation,p0082,10
8514,difficult dog,donation,p0091,25
8515,difficult dog,donation,p0092,10
8516,difficult dog,donation,p0093,7
8517,difficult dog,donation,p0095,6
8518,difficult dog,donation,p0107,10
8519,difficult dog,donation,p0114,6
8520,difficult dog,donation,p0116,16
8521,difficult dog,donation,p0118,16
8522,difficult dog,donation,p0119,10
8523,difficult dog,donation,p0126,10
8524,difficult dog,donation,p0129,10
8525,difficult dog,donation,p0136,17
8526,difficult dog,donation,p0138,16
8527,difficult dog,donation,p0144,17
8528,difficult dog,donation,p0150,10
8529,difficult dog,donation,p0152,16
8530,difficult dog,donation,p0158,16
8531,difficult dog,donation,p0161,10
8532,difficult dog,donation,p0164,10
8533,difficult dog,donation,p0175,10
8534,difficult dog,donation,p0177,7
8535,difficult dog,donation,p0178,6
8536,difficult dog,donation,p0181,10
8537,difficult dog,donation,p0186,10
8538,difficult dog,donation,p0196,16
8539,difficult dog,donation,p0198,10
8540,difficult dog,donation,p0202,10
8541,difficult dog,donation,p0205,10
8542,difficult dog,donation,p0207,10
8543,difficult dog,donation,p0211,6
8544,difficult dog,donation,p0227,10
8545,difficult dog,donation,p0229,10
8546,difficult dog,donation,p0232,10
8547,difficult dog,donation,p0233,10
8548,difficult dog,donation,p0237,6
8549,difficult dog,donation,p0258,17
8550,difficult dog,donation,p0268,16
8551,difficult dog,donation,p0274,16
8552,difficult dog,donation,p0275,16
8553,difficult dog,donation,p0277,10
8554,difficult dog,donation,p0288,10
8555,difficult dog,donation,p0291,19
8556,difficult dog,donation,p0307,16
8557,difficult dog,donation,p0308,19
8558,difficult dog,donation,p0317,10
8559,difficult dog,donation,p0325,10
8560,difficult dog,donation,p0327,22
8561,difficult dog,donation,p0334,6
8562,difficult dog,donation,p0336,10
8563,difficult dog,donation,p0338,16
8564,difficult dog,donation,p0342,19
8565,difficult dog,donation,p0349,16
8566,difficult dog,donation,p0356,6
8567,difficult dog,donation,p0358,6
8568,difficult dog,donation,p0363,10
8569,difficult dog,donation,p0364,10
8570,difficult dog,donation,p0369,6
8571,difficult dog,donation,p0370,10
8572,difficult dog,donation,p0371,10
8573,difficult dog,donation,p0379,10
8574,difficult dog,donation,p0386,6
8575,difficult dog,donation,p0396,10
8576,difficult dog,donation,p0403,10
8577,difficult dog,donation,p0405,25
8578,difficult dog,donation,p0412,17
8579,difficult dog,donation,p0415,16
8580,difficult dog,donation,p0416,19
8581,difficult dog,donation,p0417,6
8582,difficult dog,donation,p0418,10
8583,difficult dog,donation,p0430,6
8584,difficult dog,donation,p0431,25
8585,difficult dog,donation,p0434,10
8586,difficult dog,donation,p0438,7
8587,difficult dog,donation,p0441,10
8588,difficult dog,donation,p0442,10
8589,difficult dog,donation,p0449,16
8590,difficult dog,donation,p0450,17
8591,difficult dog,donation,p0465,17
8592,difficult dog,donation,p0471,10
8593,difficult dog,donation,p0477,10
8594,difficult dog,donation,p0483,6
8595,difficult dog,donation,p0486,10
8596,difficult dog,donation,p0487,19
8597,difficult dog,donation,p0489,25
8598,difficult dog,donation,p0497,10
8599,difficult dog,donation,p0502,10
8600,difficult dog,donation,p0503,6
8601,difficult dog,donation,p0506,17
8602,difficult dog,donation,p0511,10
8603,difficult dog,donation,p0523,10
8604,difficult dog,donation,p0534,10
8605,difficult dog,donation,p0536,10
8606,difficult dog,donation,p0542,10
8607,difficult dog,donation,p0547,10
8608,difficult dog,donation,p0553,6
8609,difficult dog,donation,p0559,10
8610,difficult dog,donation,p0566,16
8611,difficult dog,donation,p0568,10
8612,difficult dog,donation,p0570,16
8613,difficult dog,donation,p0573,10
8614,difficult dog,donation,p0578,16
8615,difficult dog,donation,p0594,16
8616,difficult dog,donation,p0597,16
8617,difficult dog,donation,p0601,16
8618,difficult dog,donation,p0602,10
8619,difficult dog,donation,p0605,16
8620,difficult dog,donation,p0615,17
8621,difficult dog,donation,p0620,10
8622,difficult dog,donation,p0626,17
8623,difficult dog,donation,p0629,10
8624,difficult dog,donation,p0633,16
8625,difficult dog,donation,p0638,10
8626,difficult dog,donation,p0639,6
8627,difficult dog,donation,p0640,10
8628,difficult dog,donation,p0655,10
8629,difficult dog,donation,p0656,17
8630,difficult dog,donation,p0658,10
8631,difficult dog,donation,p0661,16
8632,difficult dog,donation,p0669,10
8633,difficult dog,donation,p0670,16
8634,difficult dog,donation,p0672,10
8635,difficult dog,donation,p0674,6
8636,difficult dog,donation,p0678,6
8637,difficult dog,donation,p0683,10
8638,difficult dog,donation,p0686,6
8639,difficult dog,donation,p0687,10
8640,difficult dog,donation,p0698,10
8641,difficult dog,donation,p0700,10
8642,difficult dog,donation,p0703,10
8643,difficult dog,donation,p0718,10
8644,difficult dog,donation,p0744,6
8645,difficult dog,donation,p0745,16
8646,difficult dog,donation,p0753,17
8647,difficult dog,donation,p0770,7
8648,difficult dog,donation,p0771,10
8649,difficult dog,donation,p0777,7
8650,difficult dog,donation,p0779,10
8651,difficult dog,donation,p0780,17
8652,difficult dog,donation,p0783,10
8653,difficult dog,donation,p0785,16
8654,difficult dog,donation,p0786,16
8655,difficult dog,donation,p0794,10
8656,difficult dog,donation,p0798,10
8657,difficult dog,donation,p0800,17
8658,difficult dog,donation,p0820,10
8659,difficult dog,donation,p0841,16
8660,difficult dog,donation,p0849,16
8661,difficult dog,donation,p0862,6
8662,difficult dog,donation,p0867,10
8663,difficult dog,donation,p0869,10
8664,difficult dog,donation,p0872,10
8665,difficult dog,donation,p0880,10
8666,difficult dog,donation,p0891,16
8667,difficult dog,donation,p0916,6
8668,difficult dog,donation,p0917,10
8669,difficult dog,donation,p0919,6
8670,difficult dog,donation,p0922,10
8671,difficult dog,donation,p0925,19
8672,difficult dog,donation,p0927,10
8673,difficult dog,donation,p0929,10
8674,difficult dog,donation,p0930,10
8675,difficult dog,donation,p0931,16
8676,difficult dog,donation,p0933,10
8677,difficult dog,donation,p0934,10
8678,difficult dog,donation,p0936,6
8679,difficult dog,donation,p0938,6
8680,difficult dog,donation,p0939,16
8681,difficult dog,donation,p0946,16
8682,difficult dog,donation,p0951,16
8683,difficult dog,donation,p0956,10
8684,difficult dog,donation,p0962,6
8685,difficult dog,donation,p0963,10
8686,difficult dog,donation,p0969,10
8687,difficult dog,donation,p0972,10
8688,difficult dog,donation,p0975,10
8689,difficult dog,donation,p0985,10
8690,difficult dog,donation,p0993,10
8691,difficult dog,donation,p0996,16
8692,difficult dog,donation,p1011,16
8693,difficult dog,donation,p1017,16
8694,difficult dog,donation,p1020,16
8695,difficult dog,donation,p1022,6
8696,difficult dog,donation,p1024,10
8697,difficult dog,donation,p1027,6
8698,difficult dog,donation,p1028,10
8699,difficult dog,donation,p1029,16
8700,difficult dog,donation,p1032,6
8701,difficult dog,donation,p1040,10
8702,difficult dog,donation,p1047,10
8703,difficult dog,donation,p1048,16
8704,difficult dog,donation,p1053,16
8705,difficult dog,donation,p1057,17
8706,difficult dog,donation,p1058,17
8707,difficult dog,donation,p1063,16
8708,difficult dog,donation,p1064,10
8709,difficult dog,donation,p1065,17
8710,difficult dog,donation,p1069,10
8711,difficult dog,donation,p1072,17
8712,difficult dog,donation,p1073,16
8713,difficult dog,donation,p1075,10
8714,difficult dog,donation,p1076,16
8715,difficult dog,donation,p1083,10
8716,difficult dog,donation,p1089,7
8717,difficult dog,donation,p1093,17
8718,difficult dog,donation,p1096,10
8719,difficult dog,donation,p1100,10
8720,difficult dog,donation,p1106,7
8721,difficult dog,donation,p1107,10
8722,difficult dog,donation,p1113,6
8723,difficult dog,donation,p1117,10
8724,difficult dog,donation,p1120,10
8725,difficult dog,donation,p1134,16
8726,difficult dog,donation,p1136,16
8727,difficult dog,donation,p1138,17
8728,difficult dog,donation,p1144,10
8729,difficult dog,donation,p1145,6
8730,difficult dog,donation,p1147,25
8731,difficult dog,donation,p1148,6
8732,difficult dog,donation,p1154,10
8733,difficult dog,donation,p1159,10
8734,difficult dog,donation,p1167,16
8735,difficult dog,donation,p1175,10
8736,difficult dog,donation,p1178,16
8737,difficult dog,donation,p1184,10
8738,difficult dog,donation,p1186,19
8739,difficult dog,donation,p1196,10
8740,difficult dog,donation,p1197,21
8741,difficult dog,donation,p1203,19
8742,difficult dog,donation,p1219,16
8743,difficult dog,donation,p1225,16
8744,difficult dog,donation,p1234,10
8745,difficult dog,donation,p1242,10
8746,difficult dog,donation,p1244,10
8747,difficult dog,donation,p1249,10
8748,difficult dog,donation,p1250,6
8749,difficult dog,donation,p1256,6
8750,difficult dog,donation,p1258,10
8751,difficult dog,donation,p1260,10
8752,difficult dog,donation,p1262,10
8753,difficult dog,donation,p1264,10
8754,difficult dog,donation,p1265,6
8755,difficult dog,donation,p1269,6
8756,difficult dog,donation,p1272,17
8757,difficult dog,donation,p1278,25
8758,difficult dog,donation,p1281,10
8759,difficult dog,donation,p1292,10
8760,difficult dog,donation,p1299,16
8761,difficult dog,donation,p1312,16
8762,difficult dog,donation,p1322,10
8763,difficult dog,donation,p1326,10
8764,difficult dog,donation,p1330,10
8765,difficult dog,donation,p1335,10
8766,difficult dog,donation,p1337,10
8767,difficult dog,donation,p1340,19
8768,difficult dog,donation,p1345,16
8769,difficult dog,donation,p1351,10
8770,difficult dog,donation,p1355,16
8771,difficult dog,donation,p1362,10
8772,difficult dog,donation,p1365,6
8773,difficult dog,donation,p1366,17
8774,difficult dog,donation,p1367,16
8775,difficult dog,donation,p1370,10
8776,difficult dog,donation,p1371,10
8777,difficult dog,donation,p1373,17
8778,difficult dog,donation,p1375,10
8779,difficult dog,donation,p1376,16
8780,difficult dog,donation,p1379,6
8781,difficult dog,donation,p1381,16
8782,difficult dog,donation,p1393,10
8783,difficult dog,donation,p1396,10
8784,difficult dog,donation,p1398,16
8785,difficult dog,donation,p1404,10
8786,difficult dog,donation,p1406,10
8787,difficult dog,donation,p1407,17
8788,difficult dog,donation,p1409,10
8789,difficult dog,donation,p1412,10
8790,difficult dog,donation,p1414,6
8791,difficult dog,donation,p1424,10
8792,difficult dog,donation,p1425,16
8793,difficult dog,donation,p1429,10
8794,difficult dog,donation,p1434,16
8795,difficult dog,donation,p1441,10
8796,difficult dog,donation,p1445,10
8797,difficult dog,donation,p1450,16
8798,difficult dog,donation,p1454,10
8799,difficult dog,donation,p1456,10
8800,difficult dog,donation,p1457,16
8801,difficult dog,donation,p1458,25
8802,difficult dog,donation,p1469,10
8803,difficult dog,donation,p1470,10
8804,difficult dog,donation,p1481,10
8805,difficult dog,donation,p1488,16
8806,difficult dog,donation,p1492,10
8807,difficult dog,donation,p1495,10
8808,difficult dog,donation,p1497,10
8809,difficult dog,donation,p1499,10
8810,difficult dog,donation,p1503,17
8811,difficult dog,donation,p1511,22
8812,difficult dog,donation,p1512,10
8813,difficult dog,donation,p1518,10
8814,difficult dog,donation,p1519,16
8815,difficult dog,donation,p1520,16
8816,difficult dog,donation,p1524,10
8817,difficult dog,donation,p1526,10
8818,difficult dog,donation,p1537,10
8819,difficult dog,donation,p1545,10
8820,difficult dog,donation,p1547,10
8821,difficult dog,donation,p1552,10
8822,difficult dog,donation,p1567,10
8823,difficult dog,donation,p1568,10
8824,difficult dog,donation,p1579,10
8825,difficult dog,donation,p1587,16
8826,difficult dog,donation,p1596,16
8827,difficult dog,donation,p1600,10
8828,difficult dog,donation,p1603,10
8829,difficult dog,donation,p1604,10
8830,difficult dog,donation,p1610,10
8831,difficult dog,donation,p1618,10
8832,difficult dog,donation,p1619,6
8833,difficult dog,donation,p1622,6
8834,difficult dog,donation,p1623,10
8835,difficult dog,donation,p1630,6
8836,difficult dog,donation,p1641,10
8837,difficult dog,donation,p1649,17
8838,difficult dog,donation,p1652,6
8839,difficult dog,donation,p1665,16
8840,difficult dog,donation,p1669,10
8841,difficult dog,donation,p1685,10
8842,difficult dog,donation,p1693,16
8843,difficult dog,donation,p1698,10
8844,difficult dog,donation,p1704,16
8845,difficult dog,donation,p1711,10
8846,difficult dog,donation,p1718,16
8847,difficult dog,donation,p1732,16
8848,difficult dog,donation,p1739,19
8849,difficult dog,donation,p1741,10
8850,difficult dog,donation,p1746,10
8851,difficult dog,donation,p1751,16
8852,difficult dog,donation,p1754,10
8853,difficult dog,donation,p1769,10
8854,difficult dog,donation,p1771,10
8855,difficult dog,donation,p1776,10
8856,difficult dog,donation,p1780,10
8857,difficult dog,donation,p1785,16
8858,difficult dog,donation,p1791,10
8859,difficult dog,donation,p1793,10
8860,difficult dog,donation,p1796,10
8861,difficult dog,donation,p1805,16
8862,difficult dog,donation,p1812,10
8863,difficult dog,donation,p1816,17
8864,difficult dog,donation,p1819,10
8865,difficult dog,donation,p1825,25
8866,difficult dog,donation,p1836,10
8867,difficult dog,donation,p1839,10
8868,difficult dog,donation,p1861,10
8869,difficult dog,donation,p1863,10
8870,difficult dog,donation,p1873,16
8871,difficult dog,donation,p1875,16
8872,difficult dog,donation,p1876,22
8873,difficult dog,donation,p1877,6
8874,difficult dog,donation,p1880,16
8875,difficult dog,donation,p1883,10
8876,difficult dog,donation,p1889,10
8877,difficult dog,donation,p1893,10
8878,difficult dog,donation,p1896,10
8879,difficult dog,donation,p1913,10
8880,difficult dog,donation,p1922,10
8881,difficult dog,donation,p1930,19
8882,difficult dog,donation,p1935,10
8883,difficult dog,donation,p1940,10
8884,difficult dog,donation,p1948,10
8885,difficult dog,donation,p1950,16
8886,difficult dog,donation,p1954,10
8887,difficult dog,donation,p1956,16
8888,difficult dog,donation,p1958,17
8889,difficult dog,donation,p1967,7
8890,difficult dog,donation,p1973,10
8891,difficult dog,donation,p1978,10
8892,difficult dog,donation,p1983,10
8893,difficult dog,donation,p1984,17
8894,difficult dog,donation,p1995,17
8895,difficult dog,donation,p1996,10
8896,difficult dog,donation,p1997,10
8897,difficult dog,donation,p2001,10
8898,difficult dog,donation,p2002,10
8899,difficult dog,donation,p2013,7
8900,difficult dog,donation,p2014,16
8901,difficult dog,donation,p2016,19
8902,difficult dog,donation,p2018,16
8903,difficult dog,donation,p2023,6
8904,difficult dog,donation,p2025,10
8905,difficult dog,donation,p2028,10
8906,difficult dog,donation,p2030,10
8907,difficult dog,donation,p2033,10
8908,difficult dog,donation,p2040,10
8909,difficult dog,donation,p2051,10
8910,difficult dog,donation,p2052,16
8911,difficult dog,donation,p2066,10
8912,difficult dog,donation,p2067,10
8913,difficult dog,donation,p2073,22
8914,difficult dog,donation,p2077,17
8915,difficult dog,donation,p2078,10
8916,difficult dog,donation,p2086,6
8917,difficult dog,donation,p2089,10
8918,difficult dog,donation,p2093,10
8919,difficult dog,donation,p2094,10
8920,difficult dog,donation,p2111,10
8921,difficult dog,donation,p2117,16
8922,difficult dog,donation,p2121,17
8923,difficult dog,donation,p2127,10
8924,difficult dog,donation,p2141,10
8925,difficult dog,donation,p2142,10
8926,difficult dog,donation,p2143,7
8927,difficult dog,donation,p2153,10
8928,difficult dog,donation,p2155,16
8929,difficult dog,donation,p2169,10
8930,difficult dog,donation,p2187,10
8931,difficult dog,donation,p2188,10
8932,difficult dog,donation,p2197,10
8933,difficult dog,donation,p2213,10
8934,difficult dog,donation,p2214,10
8935,difficult dog,donation,p2215,10
8936,difficult dog,donation,p2220,10
8937,difficult dog,donation,p2223,16
8938,difficult dog,donation,p2229,10
8939,difficult dog,donation,p2234,10
8940,difficult dog,donation,p2237,10
8941,difficult dog,donation,p2238,10
8942,difficult dog,donation,p2244,10
8943,difficult dog,donation,p2248,10
8944,difficult dog,donation,p2252,10
8945,difficult dog,donation,p2255,10
8946,difficult dog,donation,p2261,10
8947,difficult dog,donation,p2263,10
8948,difficult dog,donation,p2273,10
8949,difficult dog,donation,p2275,10
8950,difficult dog,donation,p2276,10
8951,difficult dog,donation,p2283,10
8952,difficult dog,donation,p2287,10
8953,difficult dog,donation,p2296,10
8954,difficult dog,donation,p2298,10
8955,difficult dog,donation,p2304,10
8956,difficult dog,donation,p2310,19
8957,difficult dog,donation,p2322,10
8958,difficult dog,donation,p2326,10
8959,difficult dog,donation,p2330,10
8960,difficult dog,donation,p2331,10
8961,difficult dog,donation,p2333,10
8962,difficult dog,donation,p2347,7
8963,difficult dog,donation,p2350,10
8964,difficult dog,donation,p2351,10
8965,difficult dog,donation,p2353,10
8966,difficult dog,donation,p2355,10
8967,difficult dog,donation,p2363,10
8968,difficult dog,donation,p2378,10
8969,difficult dog,donation,p2380,10
8970,difficult dog,donation,p2387,19
8971,difficult dog,donation,p2398,7
8972,difficult dog,donation,p2400,10
8973,difficult dog,donation,p2403,10
8974,difficult dog,donation,p2408,16
8975,difficult dog,donation,p2418,10
8976,difficult dog,donation,p2426,10
8977,difficult dog,donation,p2428,10
8978,difficult dog,donation,p2434,10
8979,difficult dog,donation,p2446,16
8980,difficult dog,donation,p2452,10
8981,difficult dog,donation,p2454,17
8982,difficult dog,donation,p2462,10
8983,difficult dog,donation,p2467,10
8984,difficult dog,donation,p2482,16
8985,difficult dog,donation,p2489,10
8986,difficult dog,donation,p2490,17
8987,difficult dog,donation,p2494,17
8988,difficult dog,donation,p2502,17
8989,difficult dog,donation,p2503,10
8990,difficult dog,donation,p2522,10
8991,difficult dog,donation,p2524,22
8992,difficult dog,donation,p2533,10
8993,difficult dog,donation,p2566,10
8994,difficult dog,donation,p2571,10
8995,difficult dog,donation,p2573,10
8996,difficult dog,donation,p2582,10
8997,difficult dog,donation,p2591,10
8998,difficult dog,donation,p2592,10
8999,difficult dog,donation,p2595,10
9000,difficult dog,newsletter,p0016,2
9001,difficult dog,newsletter,p0022,2
9002,difficult dog,newsletter,p0023,2
9003,difficult dog,newsletter,p0026,2
9004,difficult dog,newsletter,p0034,2
9005,difficult dog,newsletter,p0036,2
9006,difficult dog,newsletter,p0037,2
9007,difficult dog,newsletter,p0042,2
9008,difficult dog,newsletter,p0057,2
9009,difficult dog,newsletter,p0066,2
9010,difficult dog,newsletter,p0069,2
9011,difficult dog,newsletter,p0072,2
9012,difficult dog,newsletter,p0073,2
9013,difficult dog,newsletter,p0082,2
9014,difficult dog,newsletter,p0091,2
9015,difficult dog,newsletter,p0092,2
9016,difficult dog,newsletter,p0093,2
9017,difficult dog,newsletter,p0095,2
9018,difficult dog,newsletter,p0107,2
9019,difficult dog,newsletter,p0114,2
9020,difficult dog,newsletter,p0116,2
9021,difficult dog,newsletter,p0118,2
9022,difficult dog,newsletter,p0119,2
9023,difficult dog,newsletter,p0126,2
9024,difficult dog,newsletter,p0129,2
9025,difficult dog,newsletter,p0136,2
9026,difficult dog,newsletter,p0138,2
9027,difficult dog,newsletter,p0144,2
9028,difficult dog,newsletter,p0150,2
9029,difficult dog,newsletter,p0152,2
9030,difficult dog,newsletter,p0158,2
9031,difficult dog,newsletter,p0161,2
9032,difficult dog,newsletter,p0164,2
9033,difficult dog,newsletter,p0175,2
9034,difficult dog,newsletter,p0177,2
9035,difficult dog,newsletter,p0178,2
9036,difficult dog,newsletter,p0181,2
9037,difficult dog,newsletter,p0186,2
9038,difficult dog,newsletter,p0196,2
9039,difficult dog,newsletter,p0198,2
9040,difficult dog,newsletter,p0202,2
9041,difficult dog,newsletter,p0205,2
9042,difficult dog,newsletter,p0207,2
9043,difficult dog,newsletter,p0211,2
9044,difficult dog,newsletter,p0227,2
9045,difficult dog,newsletter,p0229,2
9046,difficult dog,newsletter,p0232,2
9047,difficult dog,newsletter,p0233,2
9048,difficult dog,newsletter,p0237,2
9049,difficult dog,newsletter,p0258,2
9050,difficult dog,newsletter,p0268,2
9051,difficult dog,newsletter,p0274,2
9052,difficult dog,newsletter,p0275,2
9053,difficult dog,newsletter,p0277,2
9054,difficult dog,newsletter,p0288,2
9055,difficult dog,newsletter,p0291,2
9056,difficult dog,newsletter,p0307,2
9057,difficult dog,newsletter,p0308,2
9058,difficult dog,newsletter,p0317,2
9059,difficult dog,newsletter,p0325,2
9060,difficult dog,newsletter,p0327,2
9061,difficult dog,newsletter,p0334,2
9062,difficult dog,newsletter,p0336,2
9063,difficult dog,newsletter,p0338,2
9064,difficult dog,newsletter,p0342,2
9065,difficult dog,newsletter,p0349,2
9066,difficult dog,newsletter,p0356,2
9067,difficult dog,newsletter,p0358,2
9068,difficult dog,newsletter,p0363,2
9069,difficult dog,newsletter,p0364,2
9070,difficult dog,newsletter,p0369,2
9071,difficult dog,newsletter,p0370,2
9072,difficult dog,newsletter,p0371,2
9073,difficult dog,newsletter,p0379,2
9074,difficult dog,newsletter,p0386,2
9075,difficult dog,newsletter,p0396,2
9076,difficult dog,newsletter,p0403,2
9077,difficult dog,newsletter,p0405,2
9078,difficult dog,newsletter,p0412,2
9079,difficult dog,newsletter,p0415,2
9080,difficult dog,newsletter,p0416,2
9081,difficult dog,newsletter,p0417,2
9082,difficult dog,newsletter,p0418,2
9083,difficult dog,newsletter,p0430,2
9084,difficult dog,newsletter,p0431,2
9085,difficult dog,newsletter,p0434,2
9086,difficult dog,newsletter,p0438,2
9087,difficult dog,newsletter,p0441,2
9088,difficult dog,newsletter,p0442,2
9089,difficult dog,newsletter,p0449,2
9090,difficult dog,newsletter,p0450,2
9091,difficult dog,newsletter,p0465,2
9092,difficult dog,newsletter,p0471,2
9093,difficult dog,newsletter,p0477,2
9094,difficult dog,newsletter,p0483,2
9095,difficult dog,newsletter,p0486,2
9096,difficult dog,newsletter,p0487,2
9097,difficult dog,newsletter,p0489,2
9098,difficult dog,newsletter,p0497,2
9099,difficult dog,newsletter,p0502,2
9100,difficult dog,newsletter,p0503,2
9101,difficult dog,newsletter,p0506,2
9102,difficult dog,newsletter,p0511,2
9103,difficult dog,newsletter,p0523,2
9104,difficult dog,newsletter,p0534,2
9105,difficult dog,newsletter,p0536,2
9106,difficult dog,newsletter,p0542,2
9107,difficult dog,newsletter,p0547,2
9108,difficult dog,newsletter,p0553,2
9109,difficult dog,newsletter,p0559,2
9110,difficult dog,newsletter,p0566,2
9111,difficult dog,newsletter,p0568,2
9112,difficult dog,newsletter,p0570,2
9113,difficult dog,newsletter,p0573,2
9114,difficult dog,newsletter,p0578,2
9115,difficult dog,newsletter,p0594,2
9116,difficult dog,newsletter,p0597,2
9117,difficult dog,newsletter,p0601,2
9118,difficult dog,newsletter,p0602,2
9119,difficult dog,newsletter,p0605,2
9120,difficult dog,newsletter,p0615,2
9121,difficult dog,newsletter,p0620,2
9122,difficult dog,newsletter,p0626,2
9123,difficult dog,newsletter,p0629,2
9124,difficult dog,newsletter,p0633,2
9125,difficult dog,newsletter,p0638,2
9126,difficult dog,newsletter,p0639,2
9127,difficult dog,newsletter,p0640,2
9128,difficult dog,newsletter,p0655,2
9129,difficult dog,newsletter,p0656,2
9130,difficult dog,newsletter,p0658,2
9131,difficult dog,newsletter,p0661,2
9132,difficult dog,newsletter,p0669,2
9133,difficult dog,newsletter,p0670,2
9134,difficult dog,newsletter,p0672,2
9135,difficult dog,newsletter,p0674,2
9136,difficult dog,newsletter,p0678,2
9137,difficult dog,newsletter,p0683,2
9138,difficult dog,newsletter,p0686,2
9139,difficult dog,newsletter,p0687,2
9140,difficult dog,newsletter,p0698,2
9141,difficult dog,newsletter,p0700,2
9142,difficult dog,newsletter,p0703,2
9143,difficult dog,newsletter,p0718,2
9144,difficult dog,newsletter,p0744,2
9145,difficult dog,newsletter,p0745,2
9146,difficult dog,newsletter,p0753,2
9147,difficult dog,newsletter,p0770,2
9148,difficult dog,newsletter,p0771,2
9149,difficult dog,newsletter,p0777,2
9150,difficult dog,newsletter,p0779,2
9151,difficult dog,newsletter,p0780,2
9152,difficult dog,newsletter,p0783,2
9153,difficult dog,newsletter,p0785,2
9154,difficult dog,newsletter,p0786,2
9155,difficult dog,newsletter,p0794,2
9156,difficult dog,newsletter,p0798,2
9157,difficult dog,newsletter,p0800,2
9158,difficult dog,newsletter,p0820,2
9159,difficult dog,newsletter,p0841,2
9160,difficult dog,newsletter,p0849,2
9161,difficult dog,newsletter,p0862,2
9162,difficult dog,newsletter,p0867,2
9163,difficult dog,newsletter,p0869,2
9164,difficult dog,newsletter,p0872,2
9165,difficult dog,newsletter,p0880,2
9166,difficult dog,newsletter,p0891,2
9167,difficult dog,newsletter,p0916,2
9168,difficult dog,newsletter,p0917,2
9169,difficult dog,newsletter,p0919,2
9170,difficult dog,newsletter,p0922,2
9171,difficult dog,newsletter,p0925,2
9172,difficult dog,newsletter,p0927,2
9173,difficult dog,newsletter,p0929,2
9174,difficult dog,newsletter,p0930,2
9175,difficult dog,newsletter,p0931,2
9176,difficult dog,newsletter,p0933,2
9177,difficult dog,newsletter,p0934,2
9178,difficult dog,newsletter,p0936,1
9179,difficult dog,newsletter,p0938,2
9180,difficult dog,newsletter,p0939,2
9181,difficult dog,newsletter,p0946,2
9182,difficult dog,newsletter,p0951,2
9183,difficult dog,newsletter,p0956,2
9184,difficult dog,newsletter,p0962,2
9185,difficult dog,newsletter,p0963,2
9186,difficult dog,newsletter,p0969,2
9187,difficult dog,newsletter,p0972,2
9188,difficult dog,newsletter,p0975,2
9189,difficult dog,newsletter,p0985,2
9190,difficult dog,newsletter,p0993,2
9191,difficult dog,newsletter,p0996,2
9192,difficult dog,newsletter,p1011,2
9193,difficult dog,newsletter,p1017,2
9194,difficult dog,newsletter,p1020,2
9195,difficult dog,newsletter,p1022,2
9196,difficult dog,newsletter,p1024,2
9197,difficult dog,newsletter,p1027,2
9198,difficult dog,newsletter,p1028,2
9199,difficult dog,newsletter,p1029,2
9200,difficult dog,newsletter,p1032,2
9201,difficult dog,newsletter,p1040,2
9202,difficult dog,newsletter,p1047,2
9203,difficult dog,newsletter,p1048,2
9204,difficult dog,newsletter,p1053,2
9205,difficult dog,newsletter,p1057,2
9206,difficult dog,newsletter,p1058,2
9207,difficult dog,newsletter,p1063,2
9208,difficult dog,newsletter,p1064,2
9209,difficult dog,newsletter,p1065,2
9210,difficult dog,newsletter,p1069,2
9211,difficult dog,newsletter,p1072,2
9212,difficult dog,newsletter,p1073,2
9213,difficult dog,newsletter,p1075,2
9214,difficult dog,newsletter,p1076,2
9215,difficult dog,newsletter,p1083,2
9216,difficult dog,newsletter,p1089,2
9217,difficult dog,newsletter,p1093,2
9218,difficult dog,newsletter,p1096,2
9219,difficult dog,newsletter,p1100,2
9220,difficult dog,newsletter,p1106,2
9221,difficult dog,newsletter,p1107,2
9222,difficult dog,newsletter,p1113,2
9223,difficult dog,newsletter,p1117,2
9224,difficult dog,newsletter,p1120,2
9225,difficult dog,newsletter,p1134,2
9226,difficult dog,newsletter,p1136,2
9227,difficult dog,newsletter,p1138,2
9228,difficult dog,newsletter,p1144,2
9229,difficult dog,newsletter,p1145,2
9230,difficult dog,newsletter,p1147,2
9231,difficult dog,newsletter,p1148,2
9232,difficult dog,newsletter,p1154,2
9233,difficult dog,newsletter,p1159,2
9234,difficult dog,newsletter,p1167,2
9235,difficult dog,newsletter,p1175,2
9236,difficult dog,newsletter,p1178,2
9237,difficult dog,newsletter,p1184,2
9238,difficult dog,newsletter,p1186,2
9239,difficult dog,newsletter,p1196,2
9240,difficult dog,newsletter,p1197,2
9241,difficult dog,newsletter,p1203,2
9242,difficult dog,newsletter,p1219,2
9243,difficult dog,newsletter,p1225,2
9244,difficult dog,newsletter,p1234,2
9245,difficult dog,newsletter,p1242,2
9246,difficult dog,newsletter,p1244,2
9247,difficult dog,newsletter,p1249,2
9248,difficult dog,newsletter,p1250,2
9249,difficult dog,newsletter,p1256,2
9250,difficult dog,newsletter,p1258,2
9251,difficult dog,newsletter,p1260,2
9252,difficult dog,newsletter,p1262,2
9253,difficult dog,newsletter,p1264,2
9254,difficult dog,newsletter,p1265,2
9255,difficult dog,newsletter,p1269,2
9256,difficult dog,newsletter,p1272,2
9257,difficult dog,newsletter,p1278,2
9258,difficult dog,newsletter,p1281,2
9259,difficult dog,newsletter,p1292,2
9260,difficult dog,newsletter,p1299,2
9261,difficult dog,newsletter,p1312,2
9262,difficult dog,newsletter,p1322,2
9263,difficult dog,newsletter,p1326,2
9264,difficult dog,newsletter,p1330,2
9265,difficult dog,newsletter,p1335,2
9266,difficult dog,newsletter,p1337,2
9267,difficult dog,newsletter,p1340,2
9268,difficult dog,newsletter,p1345,2
9269,difficult dog,newsletter,p1351,2
9270,difficult dog,newsletter,p1355,2
9271,difficult dog,newsletter,p1362,2
9272,difficult dog,newsletter,p1365,2
9273,difficult dog,newsletter,p1366,2
9274,difficult dog,newsletter,p1367,2
9275,difficult dog,newsletter,p1370,2
9276,difficult dog,newsletter,p1371,2
9277,difficult dog,newsletter,p1373,2
9278,difficult dog,newsletter,p1375,2
9279,difficult dog,newsletter,p1376,2
9280,difficult dog,newsletter,p1379,2
9281,difficult dog,newsletter,p1381,2
9282,difficult dog,newsletter,p1393,2
9283,difficult dog,newsletter,p1396,2
9284,difficult dog,newsletter,p1398,2
9285,difficult dog,newsletter,p1404,2
9286,difficult dog,newsletter,p1406,2
9287,difficult dog,newsletter,p1407,2
9288,difficult dog,newsletter,p1409,2
9289,difficult dog,newsletter,p1412,2
9290,difficult dog,newsletter,p1414,2
9291,difficult dog,newsletter,p1424,2
9292,difficult dog,newsletter,p1425,2
9293,difficult dog,newsletter,p1429,2
9294,difficult dog,newsletter,p1434,2
9295,difficult dog,newsletter,p1441,2
9296,difficult dog,newsletter,p1445,2
9297,difficult dog,newsletter,p1450,2
9298,difficult dog,newsletter,p1454,2
9299,difficult dog,newsletter,p1456,2
9300,difficult dog,newsletter,p1457,2
9301,difficult dog,newsletter,p1458,2
9302,difficult dog,newsletter,p1469,2
9303,difficult dog,newsletter,p1470,2
9304,difficult dog,newsletter,p1481,2
9305,difficult dog,newsletter,p1488,2
9306,difficult dog,newsletter,p1492,2
9307,difficult dog,newsletter,p1495,2
9308,difficult dog,newsletter,p1497,2
9309,difficult dog,newsletter,p1499,2
9310,difficult dog,newsletter,p1503,2
9311,difficult dog,newsletter,p1511,2
9312,difficult dog,newsletter,p1512,2
9313,difficult dog,newsletter,p1518,2
9314,difficult dog,newsletter,p1519,2
9315,difficult dog,newsletter,p1520,2
9316,difficult dog,newsletter,p1524,2
9317,difficult dog,newsletter,p1526,2
9318,difficult dog,newsletter,p1537,2
9319,difficult dog,newsletter,p1545,2
9320,difficult dog,newsletter,p1547,2
9321,difficult dog,newsletter,p1552,2
9322,difficult dog,newsletter,p1567,2
9323,difficult dog,newsletter,p1568,2
9324,difficult dog,newsletter,p1579,2
9325,difficult dog,newsletter,p1587,2
9326,difficult dog,newsletter,p1596,2
9327,difficult dog,newsletter,p1600,2
9328,difficult dog,newsletter,p1603,2
9329,difficult dog,newsletter,p1604,2
9330,difficult dog,newsletter,p1610,2
9331,difficult dog,newsletter,p1618,2
9332,difficult dog,newsletter,p1619,2
9333,difficult dog,newsletter,p1622,2
9334,difficult dog,newsletter,p1623,2
9335,difficult dog,newsletter,p1630,2
9336,difficult dog,newsletter,p1641,2
9337,difficult dog,newsletter,p1649,2
9338,difficult dog,newsletter,p1652,2
9339,difficult dog,newsletter,p1665,2
9340,difficult dog,newsletter,p1669,2
9341,difficult dog,newsletter,p1685,2
9342,difficult dog,newsletter,p1693,2
9343,difficult dog,newsletter,p1698,2
9344,difficult dog,newsletter,p1704,2
9345,difficult dog,newsletter,p1711,2
9346,difficult dog,newsletter,p1718,2
9347,difficult dog,newsletter,p1732,2
9348,difficult dog,newsletter,p1739,2
9349,difficult dog,newsletter,p1741,2
9350,difficult dog,newsletter,p1746,2
9351,difficult dog,newsletter,p1751,2
9352,difficult dog,newsletter,p1754,2
9353,difficult dog,newsletter,p1769,2
9354,difficult dog,newsletter,p1771,2
9355,difficult dog,newsletter,p1776,2
9356,difficult dog,newsletter,p1780,2
9357,difficult dog,newsletter,p1785,2
9358,difficult dog,newsletter,p1791,2
9359,difficult dog,newsletter,p1793,2
9360,difficult dog,newsletter,p1796,2
9361,difficult dog,newsletter,p1805,2
9362,difficult dog,newsletter,p1812,2
9363,difficult dog,newsletter,p1816,2
9364,difficult dog,newsletter,p1819,2
9365,difficult dog,newsletter,p1825,2
9366,difficult dog,newsletter,p1836,2
9367,difficult dog,newsletter,p1839,2
9368,difficult dog,newsletter,p1861,2
9369,difficult dog,newsletter,p1863,2
9370,difficult dog,newsletter,p1873,2
9371,difficult dog,newsletter,p1875,2
9372,difficult dog,newsletter,p1876,2
9373,difficult dog,newsletter,p1877,2
9374,difficult dog,newsletter,p1880,2
9375,difficult dog,newsletter,p1883,2
9376,difficult dog,newsletter,p1889,2
9377,difficult dog,newsletter,p1893,2
9378,difficult dog,newsletter,p1896,2
9379,difficult dog,newsletter,p1913,2
9380,difficult dog,newsletter,p1922,2
9381,difficult dog,newsletter,p1930,2
9382,difficult dog,newsletter,p1935,2
9383,difficult dog,newsletter,p1940,2
9384,difficult dog,newsletter,p1948,2
9385,difficult dog,newsletter,p1950,2
9386,difficult dog,newsletter,p1954,2
9387,difficult dog,newsletter,p1956,2
9388,difficult dog,newsletter,p1958,2
9389,difficult dog,newsletter,p1967,2
9390,difficult dog,newsletter,p1973,1
9391,difficult dog,newsletter,p1978,2
9392,difficult dog,newsletter,p1983,2
9393,difficult dog,newsletter,p1984,2
9394,difficult dog,newsletter,p1995,2
9395,difficult dog,newsletter,p1996,2
9396,difficult dog,newsletter,p1997,2
9397,difficult dog,newsletter,p2001,2
9398,difficult dog,newsletter,p2002,2
9399,difficult dog,newsletter,p2013,2
9400,difficult dog,newsletter,p2014,2
9401,difficult dog,newsletter,p2016,2
9402,difficult dog,newsletter,p2018,2
9403,difficult dog,newsletter,p2023,2
9404,difficult dog,newsletter,p2025,2
9405,difficult dog,newsletter,p2028,2
9406,difficult dog,newsletter,p2030,2
9407,difficult dog,newsletter,p2033,2
9408,difficult dog,newsletter,p2040,2
9409,difficult dog,newsletter,p2051,2
9410,difficult dog,newsletter,p2052,2
9411,difficult dog,newsletter,p2066,2
9412,difficult dog,newsletter,p2067,2
9413,difficult dog,newsletter,p2073,2
9414,difficult dog,newsletter,p2077,2
9415,difficult dog,newsletter,p2078,2
9416,difficult dog,newsletter,p2086,1
9417,difficult dog,newsletter,p2089,2
9418,difficult dog,newsletter,p2093,2
9419,difficult dog,newsletter,p2094,2
9420,difficult dog,newsletter,p2111,2
9421,difficult dog,newsletter,p2117,2
9422,difficult dog,newsletter,p2121,2
9423,difficult dog,newsletter,p2127,2
9424,difficult dog,newsletter,p2141,2
9425,difficult dog,newsletter,p2142,2
9426,difficult dog,newsletter,p2143,2
9427,difficult dog,newsletter,p2153,2
9428,difficult dog,newsletter,p2155,2
9429,difficult dog,newsletter,p2169,2
9430,difficult dog,newsletter,p2187,2
9431,difficult dog,newsletter,p2188,2
9432,difficult dog,newsletter,p2197,2
9433,difficult dog,newsletter,p2213,2
9434,difficult dog,newsletter,p2214,2
9435,difficult dog,newsletter,p2215,2
9436,difficult dog,newsletter,p2220,2
9437,difficult dog,newsletter,p2223,2
9438,difficult dog,newsletter,p2229,2
9439,difficult dog,newsletter,p2234,2
9440,difficult dog,newsletter,p2237,2
9441,difficult dog,newsletter,p2238,2
9442,difficult dog,newsletter,p2244,2
9443,difficult dog,newsletter,p2248,2
9444,difficult dog,newsletter,p2252,2
9445,difficult dog,newsletter,p2255,2
9446,difficult dog,newsletter,p2261,2
9447,difficult dog,newsletter,p2263,2
9448,difficult dog,newsletter,p2273,2
9449,difficult dog,newsletter,p2275,2
9450,difficult dog,newsletter,p2276,2
9451,difficult dog,newsletter,p2283,2
9452,difficult dog,newsletter,p2287,2
9453,difficult dog,newsletter,p2296,2
9454,difficult dog,newsletter,p2298,2
9455,difficult dog,newsletter,p2304,2
9456,difficult dog,newsletter,p2310,2
9457,difficult dog,newsletter,p2322,2
9458,difficult dog,newsletter,p2326,2
9459,difficult dog,newsletter,p2330,2
9460,difficult dog,newsletter,p2331,2
9461,difficult dog,newsletter,p2333,2
9462,difficult dog,newsletter,p2347,2
9463,difficult dog,newsletter,p2350,2
9464,difficult dog,newsletter,p2351,2
9465,difficult dog,newsletter,p2353,2
9466,difficult dog,newsletter,p2355,2
9467,difficult dog,newsletter,p2363,2
9468,difficult dog,newsletter,p2378,2
9469,difficult dog,newsletter,p2380,2
9470,difficult dog,newsletter,p2387,2
9471,difficult dog,newsletter,p2398,2
9472,difficult dog,newsletter,p2400,2
9473,difficult dog,newsletter,p2403,2
9474,difficult dog,newsletter,p2408,2
9475,difficult dog,newsletter,p2418,2
9476,difficult dog,newsletter,p2426,2
9477,difficult dog,newsletter,p2428,2
9478,difficult dog,newsletter,p2434,2
9479,difficult dog,newsletter,p2446,2
9480,difficult dog,newsletter,p2452,2
9481,difficult dog,newsletter,p2454,2
9482,difficult dog,newsletter,p2462,2
9483,difficult dog,newsletter,p2467,2
9484,difficult dog,newsletter,p2482,2
9485,difficult dog,newsletter,p2489,2
9486,difficult dog,newsletter,p2490,2
9487,difficult dog,newsletter,p2494,2
9488,difficult dog,newsletter,p2502,2
9489,difficult dog,newsletter,p2503,2
9490,difficult dog,newsletter,p2522,2
9491,difficult dog,newsletter,p2524,2
9492,difficult dog,newsletter,p2533,2
9493,difficult dog,newsletter,p2566,2
9494,difficult dog,newsletter,p2571,2
9495,difficult dog,newsletter,p2573,2
9496,difficult dog,newsletter,p2582,2
9497,difficult dog,newsletter,p2591,2
9498,difficult dog,newsletter,p2592,2
9499,difficult dog,newsletter,p2595,2
9500,difficult dog,inst_trust_epa_1,p0016,55
9501,difficult dog,inst_trust_epa_1,p0022,45
9502,difficult dog,inst_trust_epa_1,p0023,68
9503,difficult dog,inst_trust_epa_1,p0026,55
9504,difficult dog,inst_trust_epa_1,p0034,45
9505,difficult dog,inst_trust_epa_1,p0036,45
9506,difficult dog,inst_trust_epa_1,p0037,55
9507,difficult dog,inst_trust_epa_1,p0042,45
9508,difficult dog,inst_trust_epa_1,p0057,45
9509,difficult dog,inst_trust_epa_1,p0066,45
9510,difficult dog,inst_trust_epa_1,p0069,35
9511,difficult dog,inst_trust_epa_1,p0072,68
9512,difficult dog,inst_trust_epa_1,p0073,45
9513,difficult dog,inst_trust_epa_1,p0082,55
9514,difficult dog,inst_trust_epa_1,p0091,68
9515,difficult dog,inst_trust_epa_1,p0092,45
9516,difficult dog,inst_trust_epa_1,p0093,68
9517,difficult dog,inst_trust_epa_1,p0095,62
9518,difficult dog,inst_trust_epa_1,p0107,45
9519,difficult dog,inst_trust_epa_1,p0114,62
9520,difficult dog,inst_trust_epa_1,p0116,45
9521,difficult dog,inst_trust_epa_1,p0118,45
9522,difficult dog,inst_trust_epa_1,p0119,55
9523,difficult dog,inst_trust_epa_1,p0126,45
9524,difficult dog,inst_trust_epa_1,p0129,68
9525,difficult dog,inst_trust_epa_1,p0136,45
9526,difficult dog,inst_trust_epa_1,p0138,45
9527,difficult dog,inst_trust_epa_1,p0144,45
9528,difficult dog,inst_trust_epa_1,p0150,35
9529,difficult dog,inst_trust_epa_1,p0152,45
9530,difficult dog,inst_trust_epa_1,p0158,45
9531,difficult dog,inst_trust_epa_1,p0161,45
9532,difficult dog,inst_trust_epa_1,p0164,35
9533,difficult dog,inst_trust_epa_1,p0175,55
9534,difficult dog,inst_trust_epa_1,p0177,55
9535,difficult dog,inst_trust_epa_1,p0178,62
9536,difficult dog,inst_trust_epa_1,p0181,35
9537,difficult dog,inst_trust_epa_1,p0186,45
9538,difficult dog,inst_trust_epa_1,p0196,45
9539,difficult dog,inst_trust_epa_1,p0198,68
9540,difficult dog,inst_trust_epa_1,p0202,55
9541,difficult dog,inst_trust_epa_1,p0205,35
9542,difficult dog,inst_trust_epa_1,p0207,35
9543,difficult dog,inst_trust_epa_1,p0211,35
9544,difficult dog,inst_trust_epa_1,p0227,68
9545,difficult dog,inst_trust_epa_1,p0229,45
9546,difficult dog,inst_trust_epa_1,p0232,68
9547,difficult dog,inst_trust_epa_1,p0233,45
9548,difficult dog,inst_trust_epa_1,p0237,62
9549,difficult dog,inst_trust_epa_1,p0258,45
9550,difficult dog,inst_trust_epa_1,p0268,45
9551,difficult dog,inst_trust_epa_1,p0274,55
9552,difficult dog,inst_trust_epa_1,p0275,35
9553,difficult dog,inst_trust_epa_1,p0277,35
9554,difficult dog,inst_trust_epa_1,p0288,55
9555,difficult dog,inst_trust_epa_1,p0291,45
9556,difficult dog,inst_trust_epa_1,p0307,45
9557,difficult dog,inst_trust_epa_1,p0308,55
9558,difficult dog,inst_trust_epa_1,p0317,25
9559,difficult dog,inst_trust_epa_1,p0325,68
9560,difficult dog,inst_trust_epa_1,p0327,68
9561,difficult dog,inst_trust_epa_1,p0334,62
9562,difficult dog,inst_trust_epa_1,p0336,55
9563,difficult dog,inst_trust_epa_1,p0338,45
9564,difficult dog,inst_trust_epa_1,p0342,55
9565,difficult dog,inst_trust_epa_1,p0349,45
9566,difficult dog,inst_trust_epa_1,p0356,35
9567,difficult dog,inst_trust_epa_1,p0358,45
9568,difficult dog,inst_trust_epa_1,p0363,55
9569,difficult dog,inst_trust_epa_1,p0364,68
9570,difficult dog,inst_trust_epa_1,p0369,62
9571,difficult dog,inst_trust_epa_1,p0370,35
9572,difficult dog,inst_trust_epa_1,p0371,45
9573,difficult dog,inst_trust_epa_1,p0379,45
9574,difficult dog,inst_trust_epa_1,p0386,62
9575,difficult dog,inst_trust_epa_1,p0396,55
9576,difficult dog,inst_trust_epa_1,p0403,45
9577,difficult dog,inst_trust_epa_1,p0405,68
9578,difficult dog,inst_trust_epa_1,p0412,55
9579,difficult dog,inst_trust_epa_1,p0415,35
9580,difficult dog,inst_trust_epa_1,p0416,55
9581,difficult dog,inst_trust_epa_1,p0417,55
9582,difficult dog,inst_trust_epa_1,p0418,45
9583,difficult dog,inst_trust_epa_1,p0430,62
9584,difficult dog,inst_trust_epa_1,p0431,68
9585,difficult dog,inst_trust_epa_1,p0434,35
9586,difficult dog,inst_trust_epa_1,p0438,68
9587,difficult dog,inst_trust_epa_1,p0441,45
9588,difficult dog,inst_trust_epa_1,p0442,35
9589,difficult dog,inst_trust_epa_1,p0449,45
9590,difficult dog,inst_trust_epa_1,p0450,55
9591,difficult dog,inst_trust_epa_1,p0465,45
9592,difficult dog,inst_trust_epa_1,p0471,45
9593,difficult dog,inst_trust_epa_1,p0477,45
9594,difficult dog,inst_trust_epa_1,p0483,55
9595,difficult dog,inst_trust_epa_1,p0486,55
9596,difficult dog,inst_trust_epa_1,p0487,45
9597,difficult dog,inst_trust_epa_1,p0489,45
9598,difficult dog,inst_trust_epa_1,p0497,25
9599,difficult dog,inst_trust_epa_1,p0502,45
9600,difficult dog,inst_trust_epa_1,p0503,68
9601,difficult dog,inst_trust_epa_1,p0506,45
9602,difficult dog,inst_trust_epa_1,p0511,45
9603,difficult dog,inst_trust_epa_1,p0523,55
9604,difficult dog,inst_trust_epa_1,p0534,68
9605,difficult dog,inst_trust_epa_1,p0536,45
9606,difficult dog,inst_trust_epa_1,p0542,25
9607,difficult dog,inst_trust_epa_1,p0547,65
9608,difficult dog,inst_trust_epa_1,p0553,62
9609,difficult dog,inst_trust_epa_1,p0559,68
9610,difficult dog,inst_trust_epa_1,p0566,45
9611,difficult dog,inst_trust_epa_1,p0568,45
9612,difficult dog,inst_trust_epa_1,p0570,35
9613,difficult dog,inst_trust_epa_1,p0573,45
9614,difficult dog,inst_trust_epa_1,p0578,45
9615,difficult dog,inst_trust_epa_1,p0594,45
9616,difficult dog,inst_trust_epa_1,p0597,45
9617,difficult dog,inst_trust_epa_1,p0601,45
9618,difficult dog,inst_trust_epa_1,p0602,35
9619,difficult dog,inst_trust_epa_1,p0605,45
9620,difficult dog,inst_trust_epa_1,p0615,45
9621,difficult dog,inst_trust_epa_1,p0620,55
9622,difficult dog,inst_trust_epa_1,p0626,55
9623,difficult dog,inst_trust_epa_1,p0629,68
9624,difficult dog,inst_trust_epa_1,p0633,45
9625,difficult dog,inst_trust_epa_1,p0638,52
9626,difficult dog,inst_trust_epa_1,p0639,45
9627,difficult dog,inst_trust_epa_1,p0640,45
9628,difficult dog,inst_trust_epa_1,p0655,45
9629,difficult dog,inst_trust_epa_1,p0656,45
9630,difficult dog,inst_trust_epa_1,p0658,25
9631,difficult dog,inst_trust_epa_1,p0661,45
9632,difficult dog,inst_trust_epa_1,p0669,55
9633,difficult dog,inst_trust_epa_1,p0670,45
9634,difficult dog,inst_trust_epa_1,p0672,45
9635,difficult dog,inst_trust_epa_1,p0674,62
9636,difficult dog,inst_trust_epa_1,p0678,62
9637,difficult dog,inst_trust_epa_1,p0683,55
9638,difficult dog,inst_trust_epa_1,p0686,45
9639,difficult dog,inst_trust_epa_1,p0687,55
9640,difficult dog,inst_trust_epa_1,p0698,45
9641,difficult dog,inst_trust_epa_1,p0700,45
9642,difficult dog,inst_trust_epa_1,p0703,45
9643,difficult dog,inst_trust_epa_1,p0718,45
9644,difficult dog,inst_trust_epa_1,p0744,62
9645,difficult dog,inst_trust_epa_1,p0745,45
9646,difficult dog,inst_trust_epa_1,p0753,35
9647,difficult dog,inst_trust_epa_1,p0770,68
9648,difficult dog,inst_trust_epa_1,p0771,55
9649,difficult dog,inst_trust_epa_1,p0777,68
9650,difficult dog,inst_trust_epa_1,p0779,55
9651,difficult dog,inst_trust_epa_1,p0780,45
9652,difficult dog,inst_trust_epa_1,p0783,45
9653,difficult dog,inst_trust_epa_1,p0785,45
9654,difficult dog,inst_trust_epa_1,p0786,35
9655,difficult dog,inst_trust_epa_1,p0794,35
9656,difficult dog,inst_trust_epa_1,p0798,35
9657,difficult dog,inst_trust_epa_1,p0800,55
9658,difficult dog,inst_trust_epa_1,p0820,35
9659,difficult dog,inst_trust_epa_1,p0841,45
9660,difficult dog,inst_trust_epa_1,p0849,45
9661,difficult dog,inst_trust_epa_1,p0862,62
9662,difficult dog,inst_trust_epa_1,p0867,55
9663,difficult dog,inst_trust_epa_1,p0869,55
9664,difficult dog,inst_trust_epa_1,p0872,55
9665,difficult dog,inst_trust_epa_1,p0880,55
9666,difficult dog,inst_trust_epa_1,p0891,45
9667,difficult dog,inst_trust_epa_1,p0916,55
9668,difficult dog,inst_trust_epa_1,p0917,68
9669,difficult dog,inst_trust_epa_1,p0919,62
9670,difficult dog,inst_trust_epa_1,p0922,45
9671,difficult dog,inst_trust_epa_1,p0925,45
9672,difficult dog,inst_trust_epa_1,p0927,55
9673,difficult dog,inst_trust_epa_1,p0929,45
9674,difficult dog,inst_trust_epa_1,p0930,35
9675,difficult dog,inst_trust_epa_1,p0931,45
9676,difficult dog,inst_trust_epa_1,p0933,45
9677,difficult dog,inst_trust_epa_1,p0934,35
9678,difficult dog,inst_trust_epa_1,p0936,55
9679,difficult dog,inst_trust_epa_1,p0938,55
9680,difficult dog,inst_trust_epa_1,p0939,45
9681,difficult dog,inst_trust_epa_1,p0946,45
9682,difficult dog,inst_trust_epa_1,p0951,45
9683,difficult dog,inst_trust_epa_1,p0956,55
9684,difficult dog,inst_trust_epa_1,p0962,45
9685,difficult dog,inst_trust_epa_1,p0963,55
9686,difficult dog,inst_trust_epa_1,p0969,35
9687,difficult dog,inst_trust_epa_1,p0972,45
9688,difficult dog,inst_trust_epa_1,p0975,45
9689,difficult dog,inst_trust_epa_1,p0985,35
9690,difficult dog,inst_trust_epa_1,p0993,45
9691,difficult dog,inst_trust_epa_1,p0996,45
9692,difficult dog,inst_trust_epa_1,p1011,35
9693,difficult dog,inst_trust_epa_1,p1017,45
9694,difficult dog,inst_trust_epa_1,p1020,45
9695,difficult dog,inst_trust_epa_1,p1022,62
9696,difficult dog,inst_trust_epa_1,p1024,35
9697,difficult dog,inst_trust_epa_1,p1027,62
9698,difficult dog,inst_trust_epa_1,p1028,68
9699,difficult dog,inst_trust_epa_1,p1029,35
9700,difficult dog,inst_trust_epa_1,p1032,45
9701,difficult dog,inst_trust_epa_1,p1040,45
9702,difficult dog,inst_trust_epa_1,p1047,45
9703,difficult dog,inst_trust_epa_1,p1048,45
9704,difficult dog,inst_trust_epa_1,p1053,45
9705,difficult dog,inst_trust_epa_1,p1057,45
9706,difficult dog,inst_trust_epa_1,p1058,45
9707,difficult dog,inst_trust_epa_1,p1063,45
9708,difficult dog,inst_trust_epa_1,p1064,65
9709,difficult dog,inst_trust_epa_1,p1065,45
9710,difficult dog,inst_trust_epa_1,p1069,35
9711,difficult dog,inst_trust_epa_1,p1072,55
9712,difficult dog,inst_trust_epa_1,p1073,45
9713,difficult dog,inst_trust_epa_1,p1075,55
9714,difficult dog,inst_trust_epa_1,p1076,45
9715,difficult dog,inst_trust_epa_1,p1083,45
9716,difficult dog,inst_trust_epa_1,p1089,68
9717,difficult dog,inst_trust_epa_1,p1093,55
9718,difficult dog,inst_trust_epa_1,p1096,62
9719,difficult dog,inst_trust_epa_1,p1100,45
9720,difficult dog,inst_trust_epa_1,p1106,45
9721,difficult dog,inst_trust_epa_1,p1107,45
9722,difficult dog,inst_trust_epa_1,p1113,35
9723,difficult dog,inst_trust_epa_1,p1117,35
9724,difficult dog,inst_trust_epa_1,p1120,45
9725,difficult dog,inst_trust_epa_1,p1134,45
9726,difficult dog,inst_trust_epa_1,p1136,45
9727,difficult dog,inst_trust_epa_1,p1138,55
9728,difficult dog,inst_trust_epa_1,p1144,35
9729,difficult dog,inst_trust_epa_1,p1145,68
9730,difficult dog,inst_trust_epa_1,p1147,68
9731,difficult dog,inst_trust_epa_1,p1148,62
9732,difficult dog,inst_trust_epa_1,p1154,68
9733,difficult dog,inst_trust_epa_1,p1159,45
9734,difficult dog,inst_trust_epa_1,p1167,45
9735,difficult dog,inst_trust_epa_1,p1175,55
9736,difficult dog,inst_trust_epa_1,p1178,45
9737,difficult dog,inst_trust_epa_1,p1184,45
9738,difficult dog,inst_trust_epa_1,p1186,68
9739,difficult dog,inst_trust_epa_1,p1196,35
9740,difficult dog,inst_trust_epa_1,p1197,35
9741,difficult dog,inst_trust_epa_1,p1203,58
9742,difficult dog,inst_trust_epa_1,p1219,45
9743,difficult dog,inst_trust_epa_1,p1225,45
9744,difficult dog,inst_trust_epa_1,p1234,45
9745,difficult dog,inst_trust_epa_1,p1242,45
9746,difficult dog,inst_trust_epa_1,p1244,55
9747,difficult dog,inst_trust_epa_1,p1249,45
9748,difficult dog,inst_trust_epa_1,p1250,45
9749,difficult dog,inst_trust_epa_1,p1256,45
9750,difficult dog,inst_trust_epa_1,p1258,55
9751,difficult dog,inst_trust_epa_1,p1260,35
9752,difficult dog,inst_trust_epa_1,p1262,35
9753,difficult dog,inst_trust_epa_1,p1264,45
9754,difficult dog,inst_trust_epa_1,p1265,62
9755,difficult dog,inst_trust_epa_1,p1269,45
9756,difficult dog,inst_trust_epa_1,p1272,55
9757,difficult dog,inst_trust_epa_1,p1278,68
9758,difficult dog,inst_trust_epa_1,p1281,45
9759,difficult dog,inst_trust_epa_1,p1292,45
9760,difficult dog,inst_trust_epa_1,p1299,45
9761,difficult dog,inst_trust_epa_1,p1312,45
9762,difficult dog,inst_trust_epa_1,p1322,55
9763,difficult dog,inst_trust_epa_1,p1326,45
9764,difficult dog,inst_trust_epa_1,p1330,45
9765,difficult dog,inst_trust_epa_1,p1335,55
9766,difficult dog,inst_trust_epa_1,p1337,45
9767,difficult dog,inst_trust_epa_1,p1340,68
9768,difficult dog,inst_trust_epa_1,p1345,45
9769,difficult dog,inst_trust_epa_1,p1351,35
9770,difficult dog,inst_trust_epa_1,p1355,45
9771,difficult dog,inst_trust_epa_1,p1362,35
9772,difficult dog,inst_trust_epa_1,p1365,45
9773,difficult dog,inst_trust_epa_1,p1366,45
9774,difficult dog,inst_trust_epa_1,p1367,45
9775,difficult dog,inst_trust_epa_1,p1370,45
9776,difficult dog,inst_trust_epa_1,p1371,68
9777,difficult dog,inst_trust_epa_1,p1373,45
9778,difficult dog,inst_trust_epa_1,p1375,35
9779,difficult dog,inst_trust_epa_1,p1376,45
9780,difficult dog,inst_trust_epa_1,p1379,45
9781,difficult dog,inst_trust_epa_1,p1381,45
9782,difficult dog,inst_trust_epa_1,p1393,45
9783,difficult dog,inst_trust_epa_1,p1396,62
9784,difficult dog,inst_trust_epa_1,p1398,45
9785,difficult dog,inst_trust_epa_1,p1404,62
9786,difficult dog,inst_trust_epa_1,p1406,45
9787,difficult dog,inst_trust_epa_1,p1407,45
9788,difficult dog,inst_trust_epa_1,p1409,45
9789,difficult dog,inst_trust_epa_1,p1412,45
9790,difficult dog,inst_trust_epa_1,p1414,62
9791,difficult dog,inst_trust_epa_1,p1424,45
9792,difficult dog,inst_trust_epa_1,p1425,45
9793,difficult dog,inst_trust_epa_1,p1429,45
9794,difficult dog,inst_trust_epa_1,p1434,45
9795,difficult dog,inst_trust_epa_1,p1441,45
9796,difficult dog,inst_trust_epa_1,p1445,35
9797,difficult dog,inst_trust_epa_1,p1450,55
9798,difficult dog,inst_trust_epa_1,p1454,45
9799,difficult dog,inst_trust_epa_1,p1456,25
9800,difficult dog,inst_trust_epa_1,p1457,45
9801,difficult dog,inst_trust_epa_1,p1458,68
9802,difficult dog,inst_trust_epa_1,p1469,45
9803,difficult dog,inst_trust_epa_1,p1470,35
9804,difficult dog,inst_trust_epa_1,p1481,55
9805,difficult dog,inst_trust_epa_1,p1488,45
9806,difficult dog,inst_trust_epa_1,p1492,35
9807,difficult dog,inst_trust_epa_1,p1495,45
9808,difficult dog,inst_trust_epa_1,p1497,45
9809,difficult dog,inst_trust_epa_1,p1499,45
9810,difficult dog,inst_trust_epa_1,p1503,55
9811,difficult dog,inst_trust_epa_1,p1511,68
9812,difficult dog,inst_trust_epa_1,p1512,45
9813,difficult dog,inst_trust_epa_1,p1518,45
9814,difficult dog,inst_trust_epa_1,p1519,45
9815,difficult dog,inst_trust_epa_1,p1520,35
9816,difficult dog,inst_trust_epa_1,p1524,45
9817,difficult dog,inst_trust_epa_1,p1526,35
9818,difficult dog,inst_trust_epa_1,p1537,45
9819,difficult dog,inst_trust_epa_1,p1545,55
9820,difficult dog,inst_trust_epa_1,p1547,45
9821,difficult dog,inst_trust_epa_1,p1552,65
9822,difficult dog,inst_trust_epa_1,p1567,45
9823,difficult dog,inst_trust_epa_1,p1568,45
9824,difficult dog,inst_trust_epa_1,p1579,35
9825,difficult dog,inst_trust_epa_1,p1587,35
9826,difficult dog,inst_trust_epa_1,p1596,45
9827,difficult dog,inst_trust_epa_1,p1600,68
9828,difficult dog,inst_trust_epa_1,p1603,45
9829,difficult dog,inst_trust_epa_1,p1604,55
9830,difficult dog,inst_trust_epa_1,p1610,45
9831,difficult dog,inst_trust_epa_1,p1618,35
9832,difficult dog,inst_trust_epa_1,p1619,62
9833,difficult dog,inst_trust_epa_1,p1622,55
9834,difficult dog,inst_trust_epa_1,p1623,35
9835,difficult dog,inst_trust_epa_1,p1630,35
9836,difficult dog,inst_trust_epa_1,p1641,45
9837,difficult dog,inst_trust_epa_1,p1649,45
9838,difficult dog,inst_trust_epa_1,p1652,45
9839,difficult dog,inst_trust_epa_1,p1665,45
9840,difficult dog,inst_trust_epa_1,p1669,45
9841,difficult dog,inst_trust_epa_1,p1685,45
9842,difficult dog,inst_trust_epa_1,p1693,45
9843,difficult dog,inst_trust_epa_1,p1698,45
9844,difficult dog,inst_trust_epa_1,p1704,45
9845,difficult dog,inst_trust_epa_1,p1711,68
9846,difficult dog,inst_trust_epa_1,p1718,35
9847,difficult dog,inst_trust_epa_1,p1732,45
9848,difficult dog,inst_trust_epa_1,p1739,45
9849,difficult dog,inst_trust_epa_1,p1741,68
9850,difficult dog,inst_trust_epa_1,p1746,35
9851,difficult dog,inst_trust_epa_1,p1751,35
9852,difficult dog,inst_trust_epa_1,p1754,45
9853,difficult dog,inst_trust_epa_1,p1769,45
9854,difficult dog,inst_trust_epa_1,p1771,45
9855,difficult dog,inst_trust_epa_1,p1776,45
9856,difficult dog,inst_trust_epa_1,p1780,45
9857,difficult dog,inst_trust_epa_1,p1785,35
9858,difficult dog,inst_trust_epa_1,p1791,45
9859,difficult dog,inst_trust_epa_1,p1793,45
9860,difficult dog,inst_trust_epa_1,p1796,45
9861,difficult dog,inst_trust_epa_1,p1805,45
9862,difficult dog,inst_trust_epa_1,p1812,68
9863,difficult dog,inst_trust_epa_1,p1816,45
9864,difficult dog,inst_trust_epa_1,p1819,45
9865,difficult dog,inst_trust_epa_1,p1825,45
9866,difficult dog,inst_trust_epa_1,p1836,62
9867,difficult dog,inst_trust_epa_1,p1839,55
9868,difficult dog,inst_trust_epa_1,p1861,35
9869,difficult dog,inst_trust_epa_1,p1863,55
9870,difficult dog,inst_trust_epa_1,p1873,45
9871,difficult dog,inst_trust_epa_1,p1875,45
9872,difficult dog,inst_trust_epa_1,p1876,68
9873,difficult dog,inst_trust_epa_1,p1877,62
9874,difficult dog,inst_trust_epa_1,p1880,45
9875,difficult dog,inst_trust_epa_1,p1883,45
9876,difficult dog,inst_trust_epa_1,p1889,35
9877,difficult dog,inst_trust_epa_1,p1893,45
9878,difficult dog,inst_trust_epa_1,p1896,55
9879,difficult dog,inst_trust_epa_1,p1913,45
9880,difficult dog,inst_trust_epa_1,p1922,65
9881,difficult dog,inst_trust_epa_1,p1930,68
9882,difficult dog,inst_trust_epa_1,p1935,55
9883,difficult dog,inst_trust_epa_1,p1940,55
9884,difficult dog,inst_trust_epa_1,p1948,35
9885,difficult dog,inst_trust_epa_1,p1950,45
9886,difficult dog,inst_trust_epa_1,p1954,45
9887,difficult dog,inst_trust_epa_1,p1956,35
9888,difficult dog,inst_trust_epa_1,p1958,45
9889,difficult dog,inst_trust_epa_1,p1967,68
9890,difficult dog,inst_trust_epa_1,p1973,68
9891,difficult dog,inst_trust_epa_1,p1978,45
9892,difficult dog,inst_trust_epa_1,p1983,35
9893,difficult dog,inst_trust_epa_1,p1984,45
9894,difficult dog,inst_trust_epa_1,p1995,45
9895,difficult dog,inst_trust_epa_1,p1996,45
9896,difficult dog,inst_trust_epa_1,p1997,45
9897,difficult dog,inst_trust_epa_1,p2001,62
9898,difficult dog,inst_trust_epa_1,p2002,35
9899,difficult dog,inst_trust_epa_1,p2013,68
9900,difficult dog,inst_trust_epa_1,p2014,45
9901,difficult dog,inst_trust_epa_1,p2016,45
9902,difficult dog,inst_trust_epa_1,p2018,45
9903,difficult dog,inst_trust_epa_1,p2023,62
9904,difficult dog,inst_trust_epa_1,p2025,65
9905,difficult dog,inst_trust_epa_1,p2028,45
9906,difficult dog,inst_trust_epa_1,p2030,55
9907,difficult dog,inst_trust_epa_1,p2033,55
9908,difficult dog,inst_trust_epa_1,p2040,35
9909,difficult dog,inst_trust_epa_1,p2051,45
9910,difficult dog,inst_trust_epa_1,p2052,45
9911,difficult dog,inst_trust_epa_1,p2066,35
9912,difficult dog,inst_trust_epa_1,p2067,45
9913,difficult dog,inst_trust_epa_1,p2073,68
9914,difficult dog,inst_trust_epa_1,p2077,45
9915,difficult dog,inst_trust_epa_1,p2078,45
9916,difficult dog,inst_trust_epa_1,p2086,55
9917,difficult dog,inst_trust_epa_1,p2089,62
9918,difficult dog,inst_trust_epa_1,p2093,25
9919,difficult dog,inst_trust_epa_1,p2094,55
9920,difficult dog,inst_trust_epa_1,p2111,45
9921,difficult dog,inst_trust_epa_1,p2117,55
9922,difficult dog,inst_trust_epa_1,p2121,55
9923,difficult dog,inst_trust_epa_1,p2127,45
9924,difficult dog,inst_trust_epa_1,p2141,45
9925,difficult dog,inst_trust_epa_1,p2142,35
9926,difficult dog,inst_trust_epa_1,p2143,68
9927,difficult dog,inst_trust_epa_1,p2153,35
9928,difficult dog,inst_trust_epa_1,p2155,45
9929,difficult dog,inst_trust_epa_1,p2169,45
9930,difficult dog,inst_trust_epa_1,p2187,45
9931,difficult dog,inst_trust_epa_1,p2188,65
9932,difficult dog,inst_trust_epa_1,p2197,45
9933,difficult dog,inst_trust_epa_1,p2213,45
9934,difficult dog,inst_trust_epa_1,p2214,45
9935,difficult dog,inst_trust_epa_1,p2215,45
9936,difficult dog,inst_trust_epa_1,p2220,45
9937,difficult dog,inst_trust_epa_1,p2223,45
9938,difficult dog,inst_trust_epa_1,p2229,45
9939,difficult dog,inst_trust_epa_1,p2234,68
9940,difficult dog,inst_trust_epa_1,p2237,65
9941,difficult dog,inst_trust_epa_1,p2238,45
9942,difficult dog,inst_trust_epa_1,p2244,45
9943,difficult dog,inst_trust_epa_1,p2248,55
9944,difficult dog,inst_trust_epa_1,p2252,65
9945,difficult dog,inst_trust_epa_1,p2255,25
9946,difficult dog,inst_trust_epa_1,p2261,25
9947,difficult dog,inst_trust_epa_1,p2263,45
9948,difficult dog,inst_trust_epa_1,p2273,55
9949,difficult dog,inst_trust_epa_1,p2275,55
9950,difficult dog,inst_trust_epa_1,p2276,45
9951,difficult dog,inst_trust_epa_1,p2283,35
9952,difficult dog,inst_trust_epa_1,p2287,55
9953,difficult dog,inst_trust_epa_1,p2296,35
9954,difficult dog,inst_trust_epa_1,p2298,45
9955,difficult dog,inst_trust_epa_1,p2304,55
9956,difficult dog,inst_trust_epa_1,p2310,45
9957,difficult dog,inst_trust_epa_1,p2322,35
9958,difficult dog,inst_trust_epa_1,p2326,45
9959,difficult dog,inst_trust_epa_1,p2330,35
9960,difficult dog,inst_trust_epa_1,p2331,45
9961,difficult dog,inst_trust_epa_1,p2333,35
9962,difficult dog,inst_trust_epa_1,p2347,55
9963,difficult dog,inst_trust_epa_1,p2350,45
9964,difficult dog,inst_trust_epa_1,p2351,55
9965,difficult dog,inst_trust_epa_1,p2353,55
9966,difficult dog,inst_trust_epa_1,p2355,45
9967,difficult dog,inst_trust_epa_1,p2363,35
9968,difficult dog,inst_trust_epa_1,p2378,55
9969,difficult dog,inst_trust_epa_1,p2380,68
9970,difficult dog,inst_trust_epa_1,p2387,45
9971,difficult dog,inst_trust_epa_1,p2398,55
9972,difficult dog,inst_trust_epa_1,p2400,65
9973,difficult dog,inst_trust_epa_1,p2403,55
9974,difficult dog,inst_trust_epa_1,p2408,35
9975,difficult dog,inst_trust_epa_1,p2418,45
9976,difficult dog,inst_trust_epa_1,p2426,62
9977,difficult dog,inst_trust_epa_1,p2428,35
9978,difficult dog,inst_trust_epa_1,p2434,65
9979,difficult dog,inst_trust_epa_1,p2446,35
9980,difficult dog,inst_trust_epa_1,p2452,45
9981,difficult dog,inst_trust_epa_1,p2454,45
9982,difficult dog,inst_trust_epa_1,p2462,45
9983,difficult dog,inst_trust_epa_1,p2467,25
9984,difficult dog,inst_trust_epa_1,p2482,45
9985,difficult dog,inst_trust_epa_1,p2489,35
9986,difficult dog,inst_trust_epa_1,p2490,45
9987,difficult dog,inst_trust_epa_1,p2494,45
9988,difficult dog,inst_trust_epa_1,p2502,55
9989,difficult dog,inst_trust_epa_1,p2503,45
9990,difficult dog,inst_trust_epa_1,p2522,55
9991,difficult dog,inst_trust_epa_1,p2524,68
9992,difficult dog,inst_trust_epa_1,p2533,35
9993,difficult dog,inst_trust_epa_1,p2566,45
9994,difficult dog,inst_trust_epa_1,p2571,55
9995,difficult dog,inst_trust_epa_1,p2573,45
9996,difficult dog,inst_trust_epa_1,p2582,65
9997,difficult dog,inst_trust_epa_1,p2591,35
9998,difficult dog,inst_trust_epa_1,p2592,45
9999,difficult dog,inst_trust_epa_1,p2595,25
10000,difficult dog,inst_trust_nasa_1,p0016,78
10001,difficult dog,inst_trust_nasa_1,p0022,75
10002,difficult dog,inst_trust_nasa_1,p0023,85
10003,difficult dog,inst_trust_nasa_1,p0026,78
10004,difficult dog,inst_trust_nasa_1,p0034,68
10005,difficult dog,inst_trust_nasa_1,p0036,68
10006,difficult dog,inst_trust_nasa_1,p0037,78
10007,difficult dog,inst_trust_nasa_1,p0042,78
10008,difficult dog,inst_trust_nasa_1,p0057,75
10009,difficult dog,inst_trust_nasa_1,p0066,78
10010,difficult dog,inst_trust_nasa_1,p0069,65
10011,difficult dog,inst_trust_nasa_1,p0072,85
10012,difficult dog,inst_trust_nasa_1,p0073,72
10013,difficult dog,inst_trust_nasa_1,p0082,82
10014,difficult dog,inst_trust_nasa_1,p0091,88
10015,difficult dog,inst_trust_nasa_1,p0092,75
10016,difficult dog,inst_trust_nasa_1,p0093,82
10017,difficult dog,inst_trust_nasa_1,p0095,78
10018,difficult dog,inst_trust_nasa_1,p0107,68
10019,difficult dog,inst_trust_nasa_1,p0114,85
10020,difficult dog,inst_trust_nasa_1,p0116,68
10021,difficult dog,inst_trust_nasa_1,p0118,68
10022,difficult dog,inst_trust_nasa_1,p0119,82
10023,difficult dog,inst_trust_nasa_1,p0126,78
10024,difficult dog,inst_trust_nasa_1,p0129,85
10025,difficult dog,inst_trust_nasa_1,p0136,68
10026,difficult dog,inst_trust_nasa_1,p0138,65
10027,difficult dog,inst_trust_nasa_1,p0144,68
10028,difficult dog,inst_trust_nasa_1,p0150,65
10029,difficult dog,inst_trust_nasa_1,p0152,68
10030,difficult dog,inst_trust_nasa_1,p0158,65
10031,difficult dog,inst_trust_nasa_1,p0161,82
10032,difficult dog,inst_trust_nasa_1,p0164,65
10033,difficult dog,inst_trust_nasa_1,p0175,78
10034,difficult dog,inst_trust_nasa_1,p0177,78
10035,difficult dog,inst_trust_nasa_1,p0178,85
10036,difficult dog,inst_trust_nasa_1,p0181,45
10037,difficult dog,inst_trust_nasa_1,p0186,68
10038,difficult dog,inst_trust_nasa_1,p0196,72
10039,difficult dog,inst_trust_nasa_1,p0198,82
10040,difficult dog,inst_trust_nasa_1,p0202,85
10041,difficult dog,inst_trust_nasa_1,p0205,68
10042,difficult dog,inst_trust_nasa_1,p0207,68
10043,difficult dog,inst_trust_nasa_1,p0211,68
10044,difficult dog,inst_trust_nasa_1,p0227,85
10045,difficult dog,inst_trust_nasa_1,p0229,78
10046,difficult dog,inst_trust_nasa_1,p0232,85
10047,difficult dog,inst_trust_nasa_1,p0233,75
10048,difficult dog,inst_trust_nasa_1,p0237,88
10049,difficult dog,inst_trust_nasa_1,p0258,78
10050,difficult dog,inst_trust_nasa_1,p0268,65
10051,difficult dog,inst_trust_nasa_1,p0274,78
10052,difficult dog,inst_trust_nasa_1,p0275,35
10053,difficult dog,inst_trust_nasa_1,p0277,55
10054,difficult dog,inst_trust_nasa_1,p0288,88
10055,difficult dog,inst_trust_nasa_1,p0291,78
10056,difficult dog,inst_trust_nasa_1,p0307,75
10057,difficult dog,inst_trust_nasa_1,p0308,78
10058,difficult dog,inst_trust_nasa_1,p0317,65
10059,difficult dog,inst_trust_nasa_1,p0325,85
10060,difficult dog,inst_trust_nasa_1,p0327,85
10061,difficult dog,inst_trust_nasa_1,p0334,85
10062,difficult dog,inst_trust_nasa_1,p0336,82
10063,difficult dog,inst_trust_nasa_1,p0338,45
10064,difficult dog,inst_trust_nasa_1,p0342,78
10065,difficult dog,inst_trust_nasa_1,p0349,68
10066,difficult dog,inst_trust_nasa_1,p0356,68
10067,difficult dog,inst_trust_nasa_1,p0358,78
10068,difficult dog,inst_trust_nasa_1,p0363,82
10069,difficult dog,inst_trust_nasa_1,p0364,82
10070,difficult dog,inst_trust_nasa_1,p0369,88
10071,difficult dog,inst_trust_nasa_1,p0370,68
10072,difficult dog,inst_trust_nasa_1,p0371,68
10073,difficult dog,inst_trust_nasa_1,p0379,68
10074,difficult dog,inst_trust_nasa_1,p0386,82
10075,difficult dog,inst_trust_nasa_1,p0396,78
10076,difficult dog,inst_trust_nasa_1,p0403,78
10077,difficult dog,inst_trust_nasa_1,p0405,85
10078,difficult dog,inst_trust_nasa_1,p0412,78
10079,difficult dog,inst_trust_nasa_1,p0415,45
10080,difficult dog,inst_trust_nasa_1,p0416,78
10081,difficult dog,inst_trust_nasa_1,p0417,82
10082,difficult dog,inst_trust_nasa_1,p0418,68
10083,difficult dog,inst_trust_nasa_1,p0430,85
10084,difficult dog,inst_trust_nasa_1,p0431,88
10085,difficult dog,inst_trust_nasa_1,p0434,35
10086,difficult dog,inst_trust_nasa_1,p0438,88
10087,difficult dog,inst_trust_nasa_1,p0441,82
10088,difficult dog,inst_trust_nasa_1,p0442,45
10089,difficult dog,inst_trust_nasa_1,p0449,65
10090,difficult dog,inst_trust_nasa_1,p0450,78
10091,difficult dog,inst_trust_nasa_1,p0465,62
10092,difficult dog,inst_trust_nasa_1,p0471,78
10093,difficult dog,inst_trust_nasa_1,p0477,68
10094,difficult dog,inst_trust_nasa_1,p0483,78
10095,difficult dog,inst_trust_nasa_1,p0486,85
10096,difficult dog,inst_trust_nasa_1,p0487,78
10097,difficult dog,inst_trust_nasa_1,p0489,82
10098,difficult dog,inst_trust_nasa_1,p0497,65
10099,difficult dog,inst_trust_nasa_1,p0502,68
10100,difficult dog,inst_trust_nasa_1,p0503,78
10101,difficult dog,inst_trust_nasa_1,p0506,68
10102,difficult dog,inst_trust_nasa_1,p0511,75
10103,difficult dog,inst_trust_nasa_1,p0523,78
10104,difficult dog,inst_trust_nasa_1,p0534,85
10105,difficult dog,inst_trust_nasa_1,p0536,78
10106,difficult dog,inst_trust_nasa_1,p0542,65
10107,difficult dog,inst_trust_nasa_1,p0547,82
10108,difficult dog,inst_trust_nasa_1,p0553,82
10109,difficult dog,inst_trust_nasa_1,p0559,82
10110,difficult dog,inst_trust_nasa_1,p0566,75
10111,difficult dog,inst_trust_nasa_1,p0568,68
10112,difficult dog,inst_trust_nasa_1,p0570,55
10113,difficult dog,inst_trust_nasa_1,p0573,72
10114,difficult dog,inst_trust_nasa_1,p0578,68
10115,difficult dog,inst_trust_nasa_1,p0594,68
10116,difficult dog,inst_trust_nasa_1,p0597,78
10117,difficult dog,inst_trust_nasa_1,p0601,72
10118,difficult dog,inst_trust_nasa_1,p0602,55
10119,difficult dog,inst_trust_nasa_1,p0605,68
10120,difficult dog,inst_trust_nasa_1,p0615,75
10121,difficult dog,inst_trust_nasa_1,p0620,78
10122,difficult dog,inst_trust_nasa_1,p0626,78
10123,difficult dog,inst_trust_nasa_1,p0629,82
10124,difficult dog,inst_trust_nasa_1,p0633,68
10125,difficult dog,inst_trust_nasa_1,p0638,78
10126,difficult dog,inst_trust_nasa_1,p0639,75
10127,difficult dog,inst_trust_nasa_1,p0640,68
10128,difficult dog,inst_trust_nasa_1,p0655,82
10129,difficult dog,inst_trust_nasa_1,p0656,78
10130,difficult dog,inst_trust_nasa_1,p0658,65
10131,difficult dog,inst_trust_nasa_1,p0661,68
10132,difficult dog,inst_trust_nasa_1,p0669,82
10133,difficult dog,inst_trust_nasa_1,p0670,68
10134,difficult dog,inst_trust_nasa_1,p0672,78
10135,difficult dog,inst_trust_nasa_1,p0674,78
10136,difficult dog,inst_trust_nasa_1,p0678,82
10137,difficult dog,inst_trust_nasa_1,p0683,78
10138,difficult dog,inst_trust_nasa_1,p0686,68
10139,difficult dog,inst_trust_nasa_1,p0687,82
10140,difficult dog,inst_trust_nasa_1,p0698,75
10141,difficult dog,inst_trust_nasa_1,p0700,68
10142,difficult dog,inst_trust_nasa_1,p0703,78
10143,difficult dog,inst_trust_nasa_1,p0718,68
10144,difficult dog,inst_trust_nasa_1,p0744,85
10145,difficult dog,inst_trust_nasa_1,p0745,75
10146,difficult dog,inst_trust_nasa_1,p0753,62
10147,difficult dog,inst_trust_nasa_1,p0770,78
10148,difficult dog,inst_trust_nasa_1,p0771,82
10149,difficult dog,inst_trust_nasa_1,p0777,88
10150,difficult dog,inst_trust_nasa_1,p0779,78
10151,difficult dog,inst_trust_nasa_1,p0780,55
10152,difficult dog,inst_trust_nasa_1,p0783,68
10153,difficult dog,inst_trust_nasa_1,p0785,68
10154,difficult dog,inst_trust_nasa_1,p0786,45
10155,difficult dog,inst_trust_nasa_1,p0794,45
10156,difficult dog,inst_trust_nasa_1,p0798,45
10157,difficult dog,inst_trust_nasa_1,p0800,78
10158,difficult dog,inst_trust_nasa_1,p0820,62
10159,difficult dog,inst_trust_nasa_1,p0841,75
10160,difficult dog,inst_trust_nasa_1,p0849,78
10161,difficult dog,inst_trust_nasa_1,p0862,85
10162,difficult dog,inst_trust_nasa_1,p0867,78
10163,difficult dog,inst_trust_nasa_1,p0869,82
10164,difficult dog,inst_trust_nasa_1,p0872,82
10165,difficult dog,inst_trust_nasa_1,p0880,78
10166,difficult dog,inst_trust_nasa_1,p0891,78
10167,difficult dog,inst_trust_nasa_1,p0916,82
10168,difficult dog,inst_trust_nasa_1,p0917,82
10169,difficult dog,inst_trust_nasa_1,p0919,85
10170,difficult dog,inst_trust_nasa_1,p0922,78
10171,difficult dog,inst_trust_nasa_1,p0925,78
10172,difficult dog,inst_trust_nasa_1,p0927,82
10173,difficult dog,inst_trust_nasa_1,p0929,78
10174,difficult dog,inst_trust_nasa_1,p0930,75
10175,difficult dog,inst_trust_nasa_1,p0931,65
10176,difficult dog,inst_trust_nasa_1,p0933,68
10177,difficult dog,inst_trust_nasa_1,p0934,68
10178,difficult dog,inst_trust_nasa_1,p0936,82
10179,difficult dog,inst_trust_nasa_1,p0938,78
10180,difficult dog,inst_trust_nasa_1,p0939,75
10181,difficult dog,inst_trust_nasa_1,p0946,68
10182,difficult dog,inst_trust_nasa_1,p0951,68
10183,difficult dog,inst_trust_nasa_1,p0956,82
10184,difficult dog,inst_trust_nasa_1,p0962,85
10185,difficult dog,inst_trust_nasa_1,p0963,78
10186,difficult dog,inst_trust_nasa_1,p0969,65
10187,difficult dog,inst_trust_nasa_1,p0972,68
10188,difficult dog,inst_trust_nasa_1,p0975,75
10189,difficult dog,inst_trust_nasa_1,p0985,45
10190,difficult dog,inst_trust_nasa_1,p0993,82
10191,difficult dog,inst_trust_nasa_1,p0996,78
10192,difficult dog,inst_trust_nasa_1,p1011,68
10193,difficult dog,inst_trust_nasa_1,p1017,75
10194,difficult dog,inst_trust_nasa_1,p1020,78
10195,difficult dog,inst_trust_nasa_1,p1022,85
10196,difficult dog,inst_trust_nasa_1,p1024,45
10197,difficult dog,inst_trust_nasa_1,p1027,85
10198,difficult dog,inst_trust_nasa_1,p1028,88
10199,difficult dog,inst_trust_nasa_1,p1029,45
10200,difficult dog,inst_trust_nasa_1,p1032,68
10201,difficult dog,inst_trust_nasa_1,p1040,78
10202,difficult dog,inst_trust_nasa_1,p1047,65
10203,difficult dog,inst_trust_nasa_1,p1048,72
10204,difficult dog,inst_trust_nasa_1,p1053,68
10205,difficult dog,inst_trust_nasa_1,p1057,68
10206,difficult dog,inst_trust_nasa_1,p1058,68
10207,difficult dog,inst_trust_nasa_1,p1063,65
10208,difficult dog,inst_trust_nasa_1,p1064,82
10209,difficult dog,inst_trust_nasa_1,p1065,68
10210,difficult dog,inst_trust_nasa_1,p1069,68
10211,difficult dog,inst_trust_nasa_1,p1072,78
10212,difficult dog,inst_trust_nasa_1,p1073,78
10213,difficult dog,inst_trust_nasa_1,p1075,82
10214,difficult dog,inst_trust_nasa_1,p1076,45
10215,difficult dog,inst_trust_nasa_1,p1083,68
10216,difficult dog,inst_trust_nasa_1,p1089,85
10217,difficult dog,inst_trust_nasa_1,p1093,78
10218,difficult dog,inst_trust_nasa_1,p1096,78
10219,difficult dog,inst_trust_nasa_1,p1100,75
10220,difficult dog,inst_trust_nasa_1,p1106,78
10221,difficult dog,inst_trust_nasa_1,p1107,75
10222,difficult dog,inst_trust_nasa_1,p1113,75
10223,difficult dog,inst_trust_nasa_1,p1117,45
10224,difficult dog,inst_trust_nasa_1,p1120,68
10225,difficult dog,inst_trust_nasa_1,p1134,75
10226,difficult dog,inst_trust_nasa_1,p1136,55
10227,difficult dog,inst_trust_nasa_1,p1138,78
10228,difficult dog,inst_trust_nasa_1,p1144,65
10229,difficult dog,inst_trust_nasa_1,p1145,88
10230,difficult dog,inst_trust_nasa_1,p1147,88
10231,difficult dog,inst_trust_nasa_1,p1148,85
10232,difficult dog,inst_trust_nasa_1,p1154,85
10233,difficult dog,inst_trust_nasa_1,p1159,75
10234,difficult dog,inst_trust_nasa_1,p1167,78
10235,difficult dog,inst_trust_nasa_1,p1175,78
10236,difficult dog,inst_trust_nasa_1,p1178,68
10237,difficult dog,inst_trust_nasa_1,p1184,68
10238,difficult dog,inst_trust_nasa_1,p1186,78
10239,difficult dog,inst_trust_nasa_1,p1196,65
10240,difficult dog,inst_trust_nasa_1,p1197,65
10241,difficult dog,inst_trust_nasa_1,p1203,78
10242,difficult dog,inst_trust_nasa_1,p1219,68
10243,difficult dog,inst_trust_nasa_1,p1225,68
10244,difficult dog,inst_trust_nasa_1,p1234,75
10245,difficult dog,inst_trust_nasa_1,p1242,68
10246,difficult dog,inst_trust_nasa_1,p1244,85
10247,difficult dog,inst_trust_nasa_1,p1249,68
10248,difficult dog,inst_trust_nasa_1,p1250,75
10249,difficult dog,inst_trust_nasa_1,p1256,68
10250,difficult dog,inst_trust_nasa_1,p1258,82
10251,difficult dog,inst_trust_nasa_1,p1260,65
10252,difficult dog,inst_trust_nasa_1,p1262,65
10253,difficult dog,inst_trust_nasa_1,p1264,78
10254,difficult dog,inst_trust_nasa_1,p1265,78
10255,difficult dog,inst_trust_nasa_1,p1269,68
10256,difficult dog,inst_trust_nasa_1,p1272,78
10257,difficult dog,inst_trust_nasa_1,p1278,85
10258,difficult dog,inst_trust_nasa_1,p1281,68
10259,difficult dog,inst_trust_nasa_1,p1292,68
10260,difficult dog,inst_trust_nasa_1,p1299,68
10261,difficult dog,inst_trust_nasa_1,p1312,68
10262,difficult dog,inst_trust_nasa_1,p1322,78
10263,difficult dog,inst_trust_nasa_1,p1326,82
10264,difficult dog,inst_trust_nasa_1,p1330,78
10265,difficult dog,inst_trust_nasa_1,p1335,78
10266,difficult dog,inst_trust_nasa_1,p1337,78
10267,difficult dog,inst_trust_nasa_1,p1340,82
10268,difficult dog,inst_trust_nasa_1,p1345,78
10269,difficult dog,inst_trust_nasa_1,p1351,65
10270,difficult dog,inst_trust_nasa_1,p1355,68
10271,difficult dog,inst_trust_nasa_1,p1362,65
10272,difficult dog,inst_trust_nasa_1,p1365,75
10273,difficult dog,inst_trust_nasa_1,p1366,62
10274,difficult dog,inst_trust_nasa_1,p1367,68
10275,difficult dog,inst_trust_nasa_1,p1370,78
10276,difficult dog,inst_trust_nasa_1,p1371,92
10277,difficult dog,inst_trust_nasa_1,p1373,68
10278,difficult dog,inst_trust_nasa_1,p1375,75
10279,difficult dog,inst_trust_nasa_1,p1376,75
10280,difficult dog,inst_trust_nasa_1,p1379,68
10281,difficult dog,inst_trust_nasa_1,p1381,68
10282,difficult dog,inst_trust_nasa_1,p1393,75
10283,difficult dog,inst_trust_nasa_1,p1396,88
10284,difficult dog,inst_trust_nasa_1,p1398,68
10285,difficult dog,inst_trust_nasa_1,p1404,85
10286,difficult dog,inst_trust_nasa_1,p1406,78
10287,difficult dog,inst_trust_nasa_1,p1407,68
10288,difficult dog,inst_trust_nasa_1,p1409,68
10289,difficult dog,inst_trust_nasa_1,p1412,78
10290,difficult dog,inst_trust_nasa_1,p1414,88
10291,difficult dog,inst_trust_nasa_1,p1424,75
10292,difficult dog,inst_trust_nasa_1,p1425,68
10293,difficult dog,inst_trust_nasa_1,p1429,75
10294,difficult dog,inst_trust_nasa_1,p1434,75
10295,difficult dog,inst_trust_nasa_1,p1441,68
10296,difficult dog,inst_trust_nasa_1,p1445,68
10297,difficult dog,inst_trust_nasa_1,p1450,78
10298,difficult dog,inst_trust_nasa_1,p1454,72
10299,difficult dog,inst_trust_nasa_1,p1456,45
10300,difficult dog,inst_trust_nasa_1,p1457,55
10301,difficult dog,inst_trust_nasa_1,p1458,88
10302,difficult dog,inst_trust_nasa_1,p1469,78
10303,difficult dog,inst_trust_nasa_1,p1470,68
10304,difficult dog,inst_trust_nasa_1,p1481,78
10305,difficult dog,inst_trust_nasa_1,p1488,78
10306,difficult dog,inst_trust_nasa_1,p1492,68
10307,difficult dog,inst_trust_nasa_1,p1495,78
10308,difficult dog,inst_trust_nasa_1,p1497,68
10309,difficult dog,inst_trust_nasa_1,p1499,68
10310,difficult dog,inst_trust_nasa_1,p1503,78
10311,difficult dog,inst_trust_nasa_1,p1511,85
10312,difficult dog,inst_trust_nasa_1,p1512,75
10313,difficult dog,inst_trust_nasa_1,p1518,75
10314,difficult dog,inst_trust_nasa_1,p1519,75
10315,difficult dog,inst_trust_nasa_1,p1520,65
10316,difficult dog,inst_trust_nasa_1,p1524,78
10317,difficult dog,inst_trust_nasa_1,p1526,68
10318,difficult dog,inst_trust_nasa_1,p1537,78
10319,difficult dog,inst_trust_nasa_1,p1545,82
10320,difficult dog,inst_trust_nasa_1,p1547,78
10321,difficult dog,inst_trust_nasa_1,p1552,85
10322,difficult dog,inst_trust_nasa_1,p1567,75
10323,difficult dog,inst_trust_nasa_1,p1568,82
10324,difficult dog,inst_trust_nasa_1,p1579,45
10325,difficult dog,inst_trust_nasa_1,p1587,45
10326,difficult dog,inst_trust_nasa_1,p1596,68
10327,difficult dog,inst_trust_nasa_1,p1600,82
10328,difficult dog,inst_trust_nasa_1,p1603,78
10329,difficult dog,inst_trust_nasa_1,p1604,78
10330,difficult dog,inst_trust_nasa_1,p1610,78
10331,difficult dog,inst_trust_nasa_1,p1618,65
10332,difficult dog,inst_trust_nasa_1,p1619,88
10333,difficult dog,inst_trust_nasa_1,p1622,78
10334,difficult dog,inst_trust_nasa_1,p1623,45
10335,difficult dog,inst_trust_nasa_1,p1630,55
10336,difficult dog,inst_trust_nasa_1,p1641,75
10337,difficult dog,inst_trust_nasa_1,p1649,68
10338,difficult dog,inst_trust_nasa_1,p1652,68
10339,difficult dog,inst_trust_nasa_1,p1665,68
10340,difficult dog,inst_trust_nasa_1,p1669,68
10341,difficult dog,inst_trust_nasa_1,p1685,75
10342,difficult dog,inst_trust_nasa_1,p1693,78
10343,difficult dog,inst_trust_nasa_1,p1698,68
10344,difficult dog,inst_trust_nasa_1,p1704,68
10345,difficult dog,inst_trust_nasa_1,p1711,82
10346,difficult dog,inst_trust_nasa_1,p1718,45
10347,difficult dog,inst_trust_nasa_1,p1732,68
10348,difficult dog,inst_trust_nasa_1,p1739,78
10349,difficult dog,inst_trust_nasa_1,p1741,85
10350,difficult dog,inst_trust_nasa_1,p1746,55
10351,difficult dog,inst_trust_nasa_1,p1751,45
10352,difficult dog,inst_trust_nasa_1,p1754,82
10353,difficult dog,inst_trust_nasa_1,p1769,75
10354,difficult dog,inst_trust_nasa_1,p1771,78
10355,difficult dog,inst_trust_nasa_1,p1776,78
10356,difficult dog,inst_trust_nasa_1,p1780,78
10357,difficult dog,inst_trust_nasa_1,p1785,55
10358,difficult dog,inst_trust_nasa_1,p1791,78
10359,difficult dog,inst_trust_nasa_1,p1793,68
10360,difficult dog,inst_trust_nasa_1,p1796,65
10361,difficult dog,inst_trust_nasa_1,p1805,68
10362,difficult dog,inst_trust_nasa_1,p1812,85
10363,difficult dog,inst_trust_nasa_1,p1816,68
10364,difficult dog,inst_trust_nasa_1,p1819,72
10365,difficult dog,inst_trust_nasa_1,p1825,85
10366,difficult dog,inst_trust_nasa_1,p1836,85
10367,difficult dog,inst_trust_nasa_1,p1839,82
10368,difficult dog,inst_trust_nasa_1,p1861,68
10369,difficult dog,inst_trust_nasa_1,p1863,82
10370,difficult dog,inst_trust_nasa_1,p1873,78
10371,difficult dog,inst_trust_nasa_1,p1875,78
10372,difficult dog,inst_trust_nasa_1,p1876,85
10373,difficult dog,inst_trust_nasa_1,p1877,85
10374,difficult dog,inst_trust_nasa_1,p1880,68
10375,difficult dog,inst_trust_nasa_1,p1883,55
10376,difficult dog,inst_trust_nasa_1,p1889,45
10377,difficult dog,inst_trust_nasa_1,p1893,82
10378,difficult dog,inst_trust_nasa_1,p1896,82
10379,difficult dog,inst_trust_nasa_1,p1913,68
10380,difficult dog,inst_trust_nasa_1,p1922,88
10381,difficult dog,inst_trust_nasa_1,p1930,82
10382,difficult dog,inst_trust_nasa_1,p1935,78
10383,difficult dog,inst_trust_nasa_1,p1940,82
10384,difficult dog,inst_trust_nasa_1,p1948,65
10385,difficult dog,inst_trust_nasa_1,p1950,68
10386,difficult dog,inst_trust_nasa_1,p1954,68
10387,difficult dog,inst_trust_nasa_1,p1956,45
10388,difficult dog,inst_trust_nasa_1,p1958,68
10389,difficult dog,inst_trust_nasa_1,p1967,78
10390,difficult dog,inst_trust_nasa_1,p1973,92
10391,difficult dog,inst_trust_nasa_1,p1978,78
10392,difficult dog,inst_trust_nasa_1,p1983,55
10393,difficult dog,inst_trust_nasa_1,p1984,55
10394,difficult dog,inst_trust_nasa_1,p1995,68
10395,difficult dog,inst_trust_nasa_1,p1996,68
10396,difficult dog,inst_trust_nasa_1,p1997,68
10397,difficult dog,inst_trust_nasa_1,p2001,78
10398,difficult dog,inst_trust_nasa_1,p2002,65
10399,difficult dog,inst_trust_nasa_1,p2013,85
10400,difficult dog,inst_trust_nasa_1,p2014,68
10401,difficult dog,inst_trust_nasa_1,p2016,78
10402,difficult dog,inst_trust_nasa_1,p2018,55
10403,difficult dog,inst_trust_nasa_1,p2023,88
10404,difficult dog,inst_trust_nasa_1,p2025,85
10405,difficult dog,inst_trust_nasa_1,p2028,78
10406,difficult dog,inst_trust_nasa_1,p2030,78
10407,difficult dog,inst_trust_nasa_1,p2033,78
10408,difficult dog,inst_trust_nasa_1,p2040,45
10409,difficult dog,inst_trust_nasa_1,p2051,68
10410,difficult dog,inst_trust_nasa_1,p2052,78
10411,difficult dog,inst_trust_nasa_1,p2066,55
10412,difficult dog,inst_trust_nasa_1,p2067,82
10413,difficult dog,inst_trust_nasa_1,p2073,82
10414,difficult dog,inst_trust_nasa_1,p2077,78
10415,difficult dog,inst_trust_nasa_1,p2078,72
10416,difficult dog,inst_trust_nasa_1,p2086,85
10417,difficult dog,inst_trust_nasa_1,p2089,85
10418,difficult dog,inst_trust_nasa_1,p2093,45
10419,difficult dog,inst_trust_nasa_1,p2094,82
10420,difficult dog,inst_trust_nasa_1,p2111,75
10421,difficult dog,inst_trust_nasa_1,p2117,78
10422,difficult dog,inst_trust_nasa_1,p2121,78
10423,difficult dog,inst_trust_nasa_1,p2127,68
10424,difficult dog,inst_trust_nasa_1,p2141,68
10425,difficult dog,inst_trust_nasa_1,p2142,45
10426,difficult dog,inst_trust_nasa_1,p2143,82
10427,difficult dog,inst_trust_nasa_1,p2153,75
10428,difficult dog,inst_trust_nasa_1,p2155,68
10429,difficult dog,inst_trust_nasa_1,p2169,45
10430,difficult dog,inst_trust_nasa_1,p2187,68
10431,difficult dog,inst_trust_nasa_1,p2188,78
10432,difficult dog,inst_trust_nasa_1,p2197,68
10433,difficult dog,inst_trust_nasa_1,p2213,55
10434,difficult dog,inst_trust_nasa_1,p2214,78
10435,difficult dog,inst_trust_nasa_1,p2215,82
10436,difficult dog,inst_trust_nasa_1,p2220,55
10437,difficult dog,inst_trust_nasa_1,p2223,62
10438,difficult dog,inst_trust_nasa_1,p2229,55
10439,difficult dog,inst_trust_nasa_1,p2234,88
10440,difficult dog,inst_trust_nasa_1,p2237,85
10441,difficult dog,inst_trust_nasa_1,p2238,68
10442,difficult dog,inst_trust_nasa_1,p2244,78
10443,difficult dog,inst_trust_nasa_1,p2248,78
10444,difficult dog,inst_trust_nasa_1,p2252,85
10445,difficult dog,inst_trust_nasa_1,p2255,35
10446,difficult dog,inst_trust_nasa_1,p2261,45
10447,difficult dog,inst_trust_nasa_1,p2263,78
10448,difficult dog,inst_trust_nasa_1,p2273,78
10449,difficult dog,inst_trust_nasa_1,p2275,78
10450,difficult dog,inst_trust_nasa_1,p2276,55
10451,difficult dog,inst_trust_nasa_1,p2283,45
10452,difficult dog,inst_trust_nasa_1,p2287,78
10453,difficult dog,inst_trust_nasa_1,p2296,55
10454,difficult dog,inst_trust_nasa_1,p2298,68
10455,difficult dog,inst_trust_nasa_1,p2304,78
10456,difficult dog,inst_trust_nasa_1,p2310,55
10457,difficult dog,inst_trust_nasa_1,p2322,45
10458,difficult dog,inst_trust_nasa_1,p2326,78
10459,difficult dog,inst_trust_nasa_1,p2330,75
10460,difficult dog,inst_trust_nasa_1,p2331,85
10461,difficult dog,inst_trust_nasa_1,p2333,55
10462,difficult dog,inst_trust_nasa_1,p2347,78
10463,difficult dog,inst_trust_nasa_1,p2350,68
10464,difficult dog,inst_trust_nasa_1,p2351,78
10465,difficult dog,inst_trust_nasa_1,p2353,78
10466,difficult dog,inst_trust_nasa_1,p2355,75
10467,difficult dog,inst_trust_nasa_1,p2363,68
10468,difficult dog,inst_trust_nasa_1,p2378,82
10469,difficult dog,inst_trust_nasa_1,p2380,85
10470,difficult dog,inst_trust_nasa_1,p2387,78
10471,difficult dog,inst_trust_nasa_1,p2398,78
10472,difficult dog,inst_trust_nasa_1,p2400,85
10473,difficult dog,inst_trust_nasa_1,p2403,85
10474,difficult dog,inst_trust_nasa_1,p2408,45
10475,difficult dog,inst_trust_nasa_1,p2418,78
10476,difficult dog,inst_trust_nasa_1,p2426,82
10477,difficult dog,inst_trust_nasa_1,p2428,55
10478,difficult dog,inst_trust_nasa_1,p2434,78
10479,difficult dog,inst_trust_nasa_1,p2446,45
10480,difficult dog,inst_trust_nasa_1,p2452,55
10481,difficult dog,inst_trust_nasa_1,p2454,68
10482,difficult dog,inst_trust_nasa_1,p2462,75
10483,difficult dog,inst_trust_nasa_1,p2467,25
10484,difficult dog,inst_trust_nasa_1,p2482,68
10485,difficult dog,inst_trust_nasa_1,p2489,45
10486,difficult dog,inst_trust_nasa_1,p2490,68
10487,difficult dog,inst_trust_nasa_1,p2494,55
10488,difficult dog,inst_trust_nasa_1,p2502,85
10489,difficult dog,inst_trust_nasa_1,p2503,78
10490,difficult dog,inst_trust_nasa_1,p2522,85
10491,difficult dog,inst_trust_nasa_1,p2524,82
10492,difficult dog,inst_trust_nasa_1,p2533,45
10493,difficult dog,inst_trust_nasa_1,p2566,78
10494,difficult dog,inst_trust_nasa_1,p2571,82
10495,difficult dog,inst_trust_nasa_1,p2573,55
10496,difficult dog,inst_trust_nasa_1,p2582,78
10497,difficult dog,inst_trust_nasa_1,p2591,75
10498,difficult dog,inst_trust_nasa_1,p2592,78
10499,difficult dog,inst_trust_nasa_1,p2595,35
10500,difficult dog,inst_trust_noaa_1,p0016,75
10501,difficult dog,inst_trust_noaa_1,p0022,68
10502,difficult dog,inst_trust_noaa_1,p0023,78
10503,difficult dog,inst_trust_noaa_1,p0026,75
10504,difficult dog,inst_trust_noaa_1,p0034,55
10505,difficult dog,inst_trust_noaa_1,p0036,68
10506,difficult dog,inst_trust_noaa_1,p0037,72
10507,difficult dog,inst_trust_noaa_1,p0042,72
10508,difficult dog,inst_trust_noaa_1,p0057,68
10509,difficult dog,inst_trust_noaa_1,p0066,75
10510,difficult dog,inst_trust_noaa_1,p0069,45
10511,difficult dog,inst_trust_noaa_1,p0072,78
10512,difficult dog,inst_trust_noaa_1,p0073,68
10513,difficult dog,inst_trust_noaa_1,p0082,78
10514,difficult dog,inst_trust_noaa_1,p0091,78
10515,difficult dog,inst_trust_noaa_1,p0092,68
10516,difficult dog,inst_trust_noaa_1,p0093,78
10517,difficult dog,inst_trust_noaa_1,p0095,78
10518,difficult dog,inst_trust_noaa_1,p0107,55
10519,difficult dog,inst_trust_noaa_1,p0114,78
10520,difficult dog,inst_trust_noaa_1,p0116,55
10521,difficult dog,inst_trust_noaa_1,p0118,65
10522,difficult dog,inst_trust_noaa_1,p0119,78
10523,difficult dog,inst_trust_noaa_1,p0126,72
10524,difficult dog,inst_trust_noaa_1,p0129,78
10525,difficult dog,inst_trust_noaa_1,p0136,55
10526,difficult dog,inst_trust_noaa_1,p0138,45
10527,difficult dog,inst_trust_noaa_1,p0144,55
10528,difficult dog,inst_trust_noaa_1,p0150,55
10529,difficult dog,inst_trust_noaa_1,p0152,55
10530,difficult dog,inst_trust_noaa_1,p0158,45
10531,difficult dog,inst_trust_noaa_1,p0161,75
10532,difficult dog,inst_trust_noaa_1,p0164,45
10533,difficult dog,inst_trust_noaa_1,p0175,75
10534,difficult dog,inst_trust_noaa_1,p0177,72
10535,difficult dog,inst_trust_noaa_1,p0178,78
10536,difficult dog,inst_trust_noaa_1,p0181,35
10537,difficult dog,inst_trust_noaa_1,p0186,62
10538,difficult dog,inst_trust_noaa_1,p0196,68
10539,difficult dog,inst_trust_noaa_1,p0198,78
10540,difficult dog,inst_trust_noaa_1,p0202,78
10541,difficult dog,inst_trust_noaa_1,p0205,45
10542,difficult dog,inst_trust_noaa_1,p0207,45
10543,difficult dog,inst_trust_noaa_1,p0211,55
10544,difficult dog,inst_trust_noaa_1,p0227,78
10545,difficult dog,inst_trust_noaa_1,p0229,68
10546,difficult dog,inst_trust_noaa_1,p0232,78
10547,difficult dog,inst_trust_noaa_1,p0233,65
10548,difficult dog,inst_trust_noaa_1,p0237,78
10549,difficult dog,inst_trust_noaa_1,p0258,72
10550,difficult dog,inst_trust_noaa_1,p0268,45
10551,difficult dog,inst_trust_noaa_1,p0274,78
10552,difficult dog,inst_trust_noaa_1,p0275,35
10553,difficult dog,inst_trust_noaa_1,p0277,45
10554,difficult dog,inst_trust_noaa_1,p0288,78
10555,difficult dog,inst_trust_noaa_1,p0291,78
10556,difficult dog,inst_trust_noaa_1,p0307,68
10557,difficult dog,inst_trust_noaa_1,p0308,75
10558,difficult dog,inst_trust_noaa_1,p0317,45
10559,difficult dog,inst_trust_noaa_1,p0325,78
10560,difficult dog,inst_trust_noaa_1,p0327,78
10561,difficult dog,inst_trust_noaa_1,p0334,78
10562,difficult dog,inst_trust_noaa_1,p0336,78
10563,difficult dog,inst_trust_noaa_1,p0338,45
10564,difficult dog,inst_trust_noaa_1,p0342,78
10565,difficult dog,inst_trust_noaa_1,p0349,55
10566,difficult dog,inst_trust_noaa_1,p0356,62
10567,difficult dog,inst_trust_noaa_1,p0358,68
10568,difficult dog,inst_trust_noaa_1,p0363,78
10569,difficult dog,inst_trust_noaa_1,p0364,78
10570,difficult dog,inst_trust_noaa_1,p0369,78
10571,difficult dog,inst_trust_noaa_1,p0370,45
10572,difficult dog,inst_trust_noaa_1,p0371,55
10573,difficult dog,inst_trust_noaa_1,p0379,55
10574,difficult dog,inst_trust_noaa_1,p0386,78
10575,difficult dog,inst_trust_noaa_1,p0396,78
10576,difficult dog,inst_trust_noaa_1,p0403,75
10577,difficult dog,inst_trust_noaa_1,p0405,78
10578,difficult dog,inst_trust_noaa_1,p0412,78
10579,difficult dog,inst_trust_noaa_1,p0415,45
10580,difficult dog,inst_trust_noaa_1,p0416,78
10581,difficult dog,inst_trust_noaa_1,p0417,75
10582,difficult dog,inst_trust_noaa_1,p0418,45
10583,difficult dog,inst_trust_noaa_1,p0430,78
10584,difficult dog,inst_trust_noaa_1,p0431,78
10585,difficult dog,inst_trust_noaa_1,p0434,35
10586,difficult dog,inst_trust_noaa_1,p0438,78
10587,difficult dog,inst_trust_noaa_1,p0441,75
10588,difficult dog,inst_trust_noaa_1,p0442,35
10589,difficult dog,inst_trust_noaa_1,p0449,45
10590,difficult dog,inst_trust_noaa_1,p0450,75
10591,difficult dog,inst_trust_noaa_1,p0465,45
10592,difficult dog,inst_trust_noaa_1,p0471,72
10593,difficult dog,inst_trust_noaa_1,p0477,68
10594,difficult dog,inst_trust_noaa_1,p0483,68
10595,difficult dog,inst_trust_noaa_1,p0486,75
10596,difficult dog,inst_trust_noaa_1,p0487,78
10597,difficult dog,inst_trust_noaa_1,p0489,78
10598,difficult dog,inst_trust_noaa_1,p0497,45
10599,difficult dog,inst_trust_noaa_1,p0502,55
10600,difficult dog,inst_trust_noaa_1,p0503,78
10601,difficult dog,inst_trust_noaa_1,p0506,55
10602,difficult dog,inst_trust_noaa_1,p0511,68
10603,difficult dog,inst_trust_noaa_1,p0523,72
10604,difficult dog,inst_trust_noaa_1,p0534,78
10605,difficult dog,inst_trust_noaa_1,p0536,72
10606,difficult dog,inst_trust_noaa_1,p0542,45
10607,difficult dog,inst_trust_noaa_1,p0547,78
10608,difficult dog,inst_trust_noaa_1,p0553,78
10609,difficult dog,inst_trust_noaa_1,p0559,75
10610,difficult dog,inst_trust_noaa_1,p0566,68
10611,difficult dog,inst_trust_noaa_1,p0568,68
10612,difficult dog,inst_trust_noaa_1,p0570,45
10613,difficult dog,inst_trust_noaa_1,p0573,68
10614,difficult dog,inst_trust_noaa_1,p0578,68
10615,difficult dog,inst_trust_noaa_1,p0594,45
10616,difficult dog,inst_trust_noaa_1,p0597,75
10617,difficult dog,inst_trust_noaa_1,p0601,68
10618,difficult dog,inst_trust_noaa_1,p0602,45
10619,difficult dog,inst_trust_noaa_1,p0605,55
10620,difficult dog,inst_trust_noaa_1,p0615,68
10621,difficult dog,inst_trust_noaa_1,p0620,75
10622,difficult dog,inst_trust_noaa_1,p0626,72
10623,difficult dog,inst_trust_noaa_1,p0629,78
10624,difficult dog,inst_trust_noaa_1,p0633,55
10625,difficult dog,inst_trust_noaa_1,p0638,75
10626,difficult dog,inst_trust_noaa_1,p0639,68
10627,difficult dog,inst_trust_noaa_1,p0640,55
10628,difficult dog,inst_trust_noaa_1,p0655,78
10629,difficult dog,inst_trust_noaa_1,p0656,72
10630,difficult dog,inst_trust_noaa_1,p0658,45
10631,difficult dog,inst_trust_noaa_1,p0661,68
10632,difficult dog,inst_trust_noaa_1,p0669,78
10633,difficult dog,inst_trust_noaa_1,p0670,45
10634,difficult dog,inst_trust_noaa_1,p0672,68
10635,difficult dog,inst_trust_noaa_1,p0674,78
10636,difficult dog,inst_trust_noaa_1,p0678,78
10637,difficult dog,inst_trust_noaa_1,p0683,72
10638,difficult dog,inst_trust_noaa_1,p0686,55
10639,difficult dog,inst_trust_noaa_1,p0687,75
10640,difficult dog,inst_trust_noaa_1,p0698,68
10641,difficult dog,inst_trust_noaa_1,p0700,55
10642,difficult dog,inst_trust_noaa_1,p0703,65
10643,difficult dog,inst_trust_noaa_1,p0718,68
10644,difficult dog,inst_trust_noaa_1,p0744,78
10645,difficult dog,inst_trust_noaa_1,p0745,68
10646,difficult dog,inst_trust_noaa_1,p0753,45
10647,difficult dog,inst_trust_noaa_1,p0770,78
10648,difficult dog,inst_trust_noaa_1,p0771,75
10649,difficult dog,inst_trust_noaa_1,p0777,82
10650,difficult dog,inst_trust_noaa_1,p0779,72
10651,difficult dog,inst_trust_noaa_1,p0780,45
10652,difficult dog,inst_trust_noaa_1,p0783,68
10653,difficult dog,inst_trust_noaa_1,p0785,68
10654,difficult dog,inst_trust_noaa_1,p0786,45
10655,difficult dog,inst_trust_noaa_1,p0794,35
10656,difficult dog,inst_trust_noaa_1,p0798,35
10657,difficult dog,inst_trust_noaa_1,p0800,78
10658,difficult dog,inst_trust_noaa_1,p0820,45
10659,difficult dog,inst_trust_noaa_1,p0841,68
10660,difficult dog,inst_trust_noaa_1,p0849,68
10661,difficult dog,inst_trust_noaa_1,p0862,78
10662,difficult dog,inst_trust_noaa_1,p0867,72
10663,difficult dog,inst_trust_noaa_1,p0869,78
10664,difficult dog,inst_trust_noaa_1,p0872,78
10665,difficult dog,inst_trust_noaa_1,p0880,72
10666,difficult dog,inst_trust_noaa_1,p0891,68
10667,difficult dog,inst_trust_noaa_1,p0916,75
10668,difficult dog,inst_trust_noaa_1,p0917,78
10669,difficult dog,inst_trust_noaa_1,p0919,78
10670,difficult dog,inst_trust_noaa_1,p0922,68
10671,difficult dog,inst_trust_noaa_1,p0925,75
10672,difficult dog,inst_trust_noaa_1,p0927,75
10673,difficult dog,inst_trust_noaa_1,p0929,68
10674,difficult dog,inst_trust_noaa_1,p0930,68
10675,difficult dog,inst_trust_noaa_1,p0931,45
10676,difficult dog,inst_trust_noaa_1,p0933,62
10677,difficult dog,inst_trust_noaa_1,p0934,45
10678,difficult dog,inst_trust_noaa_1,p0936,78
10679,difficult dog,inst_trust_noaa_1,p0938,75
10680,difficult dog,inst_trust_noaa_1,p0939,68
10681,difficult dog,inst_trust_noaa_1,p0946,68
10682,difficult dog,inst_trust_noaa_1,p0951,55
10683,difficult dog,inst_trust_noaa_1,p0956,78
10684,difficult dog,inst_trust_noaa_1,p0962,68
10685,difficult dog,inst_trust_noaa_1,p0963,78
10686,difficult dog,inst_trust_noaa_1,p0969,55
10687,difficult dog,inst_trust_noaa_1,p0972,55
10688,difficult dog,inst_trust_noaa_1,p0975,68
10689,difficult dog,inst_trust_noaa_1,p0985,45
10690,difficult dog,inst_trust_noaa_1,p0993,75
10691,difficult dog,inst_trust_noaa_1,p0996,68
10692,difficult dog,inst_trust_noaa_1,p1011,45
10693,difficult dog,inst_trust_noaa_1,p1017,68
10694,difficult dog,inst_trust_noaa_1,p1020,75
10695,difficult dog,inst_trust_noaa_1,p1022,78
10696,difficult dog,inst_trust_noaa_1,p1024,45
10697,difficult dog,inst_trust_noaa_1,p1027,78
10698,difficult dog,inst_trust_noaa_1,p1028,85
10699,difficult dog,inst_trust_noaa_1,p1029,45
10700,difficult dog,inst_trust_noaa_1,p1032,68
10701,difficult dog,inst_trust_noaa_1,p1040,75
10702,difficult dog,inst_trust_noaa_1,p1047,45
10703,difficult dog,inst_trust_noaa_1,p1048,68
10704,difficult dog,inst_trust_noaa_1,p1053,55
10705,difficult dog,inst_trust_noaa_1,p1057,68
10706,difficult dog,inst_trust_noaa_1,p1058,68
10707,difficult dog,inst_trust_noaa_1,p1063,45
10708,difficult dog,inst_trust_noaa_1,p1064,78
10709,difficult dog,inst_trust_noaa_1,p1065,55
10710,difficult dog,inst_trust_noaa_1,p1069,55
10711,difficult dog,inst_trust_noaa_1,p1072,78
10712,difficult dog,inst_trust_noaa_1,p1073,72
10713,difficult dog,inst_trust_noaa_1,p1075,75
10714,difficult dog,inst_trust_noaa_1,p1076,45
10715,difficult dog,inst_trust_noaa_1,p1083,45
10716,difficult dog,inst_trust_noaa_1,p1089,78
10717,difficult dog,inst_trust_noaa_1,p1093,78
10718,difficult dog,inst_trust_noaa_1,p1096,75
10719,difficult dog,inst_trust_noaa_1,p1100,68
10720,difficult dog,inst_trust_noaa_1,p1106,75
10721,difficult dog,inst_trust_noaa_1,p1107,65
10722,difficult dog,inst_trust_noaa_1,p1113,65
10723,difficult dog,inst_trust_noaa_1,p1117,35
10724,difficult dog,inst_trust_noaa_1,p1120,68
10725,difficult dog,inst_trust_noaa_1,p1134,68
10726,difficult dog,inst_trust_noaa_1,p1136,45
10727,difficult dog,inst_trust_noaa_1,p1138,75
10728,difficult dog,inst_trust_noaa_1,p1144,45
10729,difficult dog,inst_trust_noaa_1,p1145,82
10730,difficult dog,inst_trust_noaa_1,p1147,78
10731,difficult dog,inst_trust_noaa_1,p1148,78
10732,difficult dog,inst_trust_noaa_1,p1154,78
10733,difficult dog,inst_trust_noaa_1,p1159,75
10734,difficult dog,inst_trust_noaa_1,p1167,75
10735,difficult dog,inst_trust_noaa_1,p1175,78
10736,difficult dog,inst_trust_noaa_1,p1178,68
10737,difficult dog,inst_trust_noaa_1,p1184,55
10738,difficult dog,inst_trust_noaa_1,p1186,78
10739,difficult dog,inst_trust_noaa_1,p1196,45
10740,difficult dog,inst_trust_noaa_1,p1197,45
10741,difficult dog,inst_trust_noaa_1,p1203,78
10742,difficult dog,inst_trust_noaa_1,p1219,55
10743,difficult dog,inst_trust_noaa_1,p1225,55
10744,difficult dog,inst_trust_noaa_1,p1234,72
10745,difficult dog,inst_trust_noaa_1,p1242,55
10746,difficult dog,inst_trust_noaa_1,p1244,78
10747,difficult dog,inst_trust_noaa_1,p1249,55
10748,difficult dog,inst_trust_noaa_1,p1250,65
10749,difficult dog,inst_trust_noaa_1,p1256,68
10750,difficult dog,inst_trust_noaa_1,p1258,78
10751,difficult dog,inst_trust_noaa_1,p1260,45
10752,difficult dog,inst_trust_noaa_1,p1262,45
10753,difficult dog,inst_trust_noaa_1,p1264,68
10754,difficult dog,inst_trust_noaa_1,p1265,75
10755,difficult dog,inst_trust_noaa_1,p1269,62
10756,difficult dog,inst_trust_noaa_1,p1272,75
10757,difficult dog,inst_trust_noaa_1,p1278,78
10758,difficult dog,inst_trust_noaa_1,p1281,62
10759,difficult dog,inst_trust_noaa_1,p1292,55
10760,difficult dog,inst_trust_noaa_1,p1299,68
10761,difficult dog,inst_trust_noaa_1,p1312,68
10762,difficult dog,inst_trust_noaa_1,p1322,75
10763,difficult dog,inst_trust_noaa_1,p1326,78
10764,difficult dog,inst_trust_noaa_1,p1330,75
10765,difficult dog,inst_trust_noaa_1,p1335,78
10766,difficult dog,inst_trust_noaa_1,p1337,68
10767,difficult dog,inst_trust_noaa_1,p1340,78
10768,difficult dog,inst_trust_noaa_1,p1345,75
10769,difficult dog,inst_trust_noaa_1,p1351,55
10770,difficult dog,inst_trust_noaa_1,p1355,55
10771,difficult dog,inst_trust_noaa_1,p1362,55
10772,difficult dog,inst_trust_noaa_1,p1365,68
10773,difficult dog,inst_trust_noaa_1,p1366,45
10774,difficult dog,inst_trust_noaa_1,p1367,55
10775,difficult dog,inst_trust_noaa_1,p1370,75
10776,difficult dog,inst_trust_noaa_1,p1371,85
10777,difficult dog,inst_trust_noaa_1,p1373,68
10778,difficult dog,inst_trust_noaa_1,p1375,68
10779,difficult dog,inst_trust_noaa_1,p1376,68
10780,difficult dog,inst_trust_noaa_1,p1379,55
10781,difficult dog,inst_trust_noaa_1,p1381,55
10782,difficult dog,inst_trust_noaa_1,p1393,68
10783,difficult dog,inst_trust_noaa_1,p1396,78
10784,difficult dog,inst_trust_noaa_1,p1398,68
10785,difficult dog,inst_trust_noaa_1,p1404,75
10786,difficult dog,inst_trust_noaa_1,p1406,68
10787,difficult dog,inst_trust_noaa_1,p1407,55
10788,difficult dog,inst_trust_noaa_1,p1409,68
10789,difficult dog,inst_trust_noaa_1,p1412,72
10790,difficult dog,inst_trust_noaa_1,p1414,78
10791,difficult dog,inst_trust_noaa_1,p1424,68
10792,difficult dog,inst_trust_noaa_1,p1425,45
10793,difficult dog,inst_trust_noaa_1,p1429,65
10794,difficult dog,inst_trust_noaa_1,p1434,68
10795,difficult dog,inst_trust_noaa_1,p1441,45
10796,difficult dog,inst_trust_noaa_1,p1445,45
10797,difficult dog,inst_trust_noaa_1,p1450,75
10798,difficult dog,inst_trust_noaa_1,p1454,68
10799,difficult dog,inst_trust_noaa_1,p1456,35
10800,difficult dog,inst_trust_noaa_1,p1457,45
10801,difficult dog,inst_trust_noaa_1,p1458,78
10802,difficult dog,inst_trust_noaa_1,p1469,68
10803,difficult dog,inst_trust_noaa_1,p1470,68
10804,difficult dog,inst_trust_noaa_1,p1481,75
10805,difficult dog,inst_trust_noaa_1,p1488,68
10806,difficult dog,inst_trust_noaa_1,p1492,45
10807,difficult dog,inst_trust_noaa_1,p1495,68
10808,difficult dog,inst_trust_noaa_1,p1497,55
10809,difficult dog,inst_trust_noaa_1,p1499,62
10810,difficult dog,inst_trust_noaa_1,p1503,75
10811,difficult dog,inst_trust_noaa_1,p1511,78
10812,difficult dog,inst_trust_noaa_1,p1512,68
10813,difficult dog,inst_trust_noaa_1,p1518,68
10814,difficult dog,inst_trust_noaa_1,p1519,68
10815,difficult dog,inst_trust_noaa_1,p1520,45
10816,difficult dog,inst_trust_noaa_1,p1524,68
10817,difficult dog,inst_trust_noaa_1,p1526,65
10818,difficult dog,inst_trust_noaa_1,p1537,72
10819,difficult dog,inst_trust_noaa_1,p1545,78
10820,difficult dog,inst_trust_noaa_1,p1547,75
10821,difficult dog,inst_trust_noaa_1,p1552,75
10822,difficult dog,inst_trust_noaa_1,p1567,68
10823,difficult dog,inst_trust_noaa_1,p1568,75
10824,difficult dog,inst_trust_noaa_1,p1579,35
10825,difficult dog,inst_trust_noaa_1,p1587,35
10826,difficult dog,inst_trust_noaa_1,p1596,45
10827,difficult dog,inst_trust_noaa_1,p1600,78
10828,difficult dog,inst_trust_noaa_1,p1603,68
10829,difficult dog,inst_trust_noaa_1,p1604,72
10830,difficult dog,inst_trust_noaa_1,p1610,68
10831,difficult dog,inst_trust_noaa_1,p1618,45
10832,difficult dog,inst_trust_noaa_1,p1619,78
10833,difficult dog,inst_trust_noaa_1,p1622,75
10834,difficult dog,inst_trust_noaa_1,p1623,45
10835,difficult dog,inst_trust_noaa_1,p1630,45
10836,difficult dog,inst_trust_noaa_1,p1641,68
10837,difficult dog,inst_trust_noaa_1,p1649,45
10838,difficult dog,inst_trust_noaa_1,p1652,55
10839,difficult dog,inst_trust_noaa_1,p1665,55
10840,difficult dog,inst_trust_noaa_1,p1669,55
10841,difficult dog,inst_trust_noaa_1,p1685,65
10842,difficult dog,inst_trust_noaa_1,p1693,68
10843,difficult dog,inst_trust_noaa_1,p1698,68
10844,difficult dog,inst_trust_noaa_1,p1704,68
10845,difficult dog,inst_trust_noaa_1,p1711,78
10846,difficult dog,inst_trust_noaa_1,p1718,45
10847,difficult dog,inst_trust_noaa_1,p1732,55
10848,difficult dog,inst_trust_noaa_1,p1739,75
10849,difficult dog,inst_trust_noaa_1,p1741,78
10850,difficult dog,inst_trust_noaa_1,p1746,45
10851,difficult dog,inst_trust_noaa_1,p1751,45
10852,difficult dog,inst_trust_noaa_1,p1754,75
10853,difficult dog,inst_trust_noaa_1,p1769,68
10854,difficult dog,inst_trust_noaa_1,p1771,72
10855,difficult dog,inst_trust_noaa_1,p1776,68
10856,difficult dog,inst_trust_noaa_1,p1780,68
10857,difficult dog,inst_trust_noaa_1,p1785,45
10858,difficult dog,inst_trust_noaa_1,p1791,75
10859,difficult dog,inst_trust_noaa_1,p1793,65
10860,difficult dog,inst_trust_noaa_1,p1796,65
10861,difficult dog,inst_trust_noaa_1,p1805,68
10862,difficult dog,inst_trust_noaa_1,p1812,78
10863,difficult dog,inst_trust_noaa_1,p1816,68
10864,difficult dog,inst_trust_noaa_1,p1819,68
10865,difficult dog,inst_trust_noaa_1,p1825,78
10866,difficult dog,inst_trust_noaa_1,p1836,75
10867,difficult dog,inst_trust_noaa_1,p1839,75
10868,difficult dog,inst_trust_noaa_1,p1861,55
10869,difficult dog,inst_trust_noaa_1,p1863,75
10870,difficult dog,inst_trust_noaa_1,p1873,68
10871,difficult dog,inst_trust_noaa_1,p1875,68
10872,difficult dog,inst_trust_noaa_1,p1876,78
10873,difficult dog,inst_trust_noaa_1,p1877,75
10874,difficult dog,inst_trust_noaa_1,p1880,55
10875,difficult dog,inst_trust_noaa_1,p1883,45
10876,difficult dog,inst_trust_noaa_1,p1889,35
10877,difficult dog,inst_trust_noaa_1,p1893,78
10878,difficult dog,inst_trust_noaa_1,p1896,75
10879,difficult dog,inst_trust_noaa_1,p1913,68
10880,difficult dog,inst_trust_noaa_1,p1922,85
10881,difficult dog,inst_trust_noaa_1,p1930,78
10882,difficult dog,inst_trust_noaa_1,p1935,75
10883,difficult dog,inst_trust_noaa_1,p1940,78
10884,difficult dog,inst_trust_noaa_1,p1948,55
10885,difficult dog,inst_trust_noaa_1,p1950,68
10886,difficult dog,inst_trust_noaa_1,p1954,55
10887,difficult dog,inst_trust_noaa_1,p1956,45
10888,difficult dog,inst_trust_noaa_1,p1958,68
10889,difficult dog,inst_trust_noaa_1,p1967,78
10890,difficult dog,inst_trust_noaa_1,p1973,85
10891,difficult dog,inst_trust_noaa_1,p1978,68
10892,difficult dog,inst_trust_noaa_1,p1983,45
10893,difficult dog,inst_trust_noaa_1,p1984,45
10894,difficult dog,inst_trust_noaa_1,p1995,68
10895,difficult dog,inst_trust_noaa_1,p1996,62
10896,difficult dog,inst_trust_noaa_1,p1997,68
10897,difficult dog,inst_trust_noaa_1,p2001,78
10898,difficult dog,inst_trust_noaa_1,p2002,62
10899,difficult dog,inst_trust_noaa_1,p2013,78
10900,difficult dog,inst_trust_noaa_1,p2014,45
10901,difficult dog,inst_trust_noaa_1,p2016,78
10902,difficult dog,inst_trust_noaa_1,p2018,45
10903,difficult dog,inst_trust_noaa_1,p2023,78
10904,difficult dog,inst_trust_noaa_1,p2025,82
10905,difficult dog,inst_trust_noaa_1,p2028,68
10906,difficult dog,inst_trust_noaa_1,p2030,78
10907,difficult dog,inst_trust_noaa_1,p2033,75
10908,difficult dog,inst_trust_noaa_1,p2040,35
10909,difficult dog,inst_trust_noaa_1,p2051,68
10910,difficult dog,inst_trust_noaa_1,p2052,72
10911,difficult dog,inst_trust_noaa_1,p2066,45
10912,difficult dog,inst_trust_noaa_1,p2067,78
10913,difficult dog,inst_trust_noaa_1,p2073,78
10914,difficult dog,inst_trust_noaa_1,p2077,68
10915,difficult dog,inst_trust_noaa_1,p2078,68
10916,difficult dog,inst_trust_noaa_1,p2086,78
10917,difficult dog,inst_trust_noaa_1,p2089,78
10918,difficult dog,inst_trust_noaa_1,p2093,35
10919,difficult dog,inst_trust_noaa_1,p2094,75
10920,difficult dog,inst_trust_noaa_1,p2111,68
10921,difficult dog,inst_trust_noaa_1,p2117,78
10922,difficult dog,inst_trust_noaa_1,p2121,75
10923,difficult dog,inst_trust_noaa_1,p2127,68
10924,difficult dog,inst_trust_noaa_1,p2141,65
10925,difficult dog,inst_trust_noaa_1,p2142,45
10926,difficult dog,inst_trust_noaa_1,p2143,78
10927,difficult dog,inst_trust_noaa_1,p2153,68
10928,difficult dog,inst_trust_noaa_1,p2155,55
10929,difficult dog,inst_trust_noaa_1,p2169,45
10930,difficult dog,inst_trust_noaa_1,p2187,68
10931,difficult dog,inst_trust_noaa_1,p2188,75
10932,difficult dog,inst_trust_noaa_1,p2197,65
10933,difficult dog,inst_trust_noaa_1,p2213,45
10934,difficult dog,inst_trust_noaa_1,p2214,68
10935,difficult dog,inst_trust_noaa_1,p2215,75
10936,difficult dog,inst_trust_noaa_1,p2220,68
10937,difficult dog,inst_trust_noaa_1,p2223,45
10938,difficult dog,inst_trust_noaa_1,p2229,62
10939,difficult dog,inst_trust_noaa_1,p2234,78
10940,difficult dog,inst_trust_noaa_1,p2237,78
10941,difficult dog,inst_trust_noaa_1,p2238,68
10942,difficult dog,inst_trust_noaa_1,p2244,68
10943,difficult dog,inst_trust_noaa_1,p2248,68
10944,difficult dog,inst_trust_noaa_1,p2252,78
10945,difficult dog,inst_trust_noaa_1,p2255,25
10946,difficult dog,inst_trust_noaa_1,p2261,35
10947,difficult dog,inst_trust_noaa_1,p2263,68
10948,difficult dog,inst_trust_noaa_1,p2273,68
10949,difficult dog,inst_trust_noaa_1,p2275,72
10950,difficult dog,inst_trust_noaa_1,p2276,55
10951,difficult dog,inst_trust_noaa_1,p2283,45
10952,difficult dog,inst_trust_noaa_1,p2287,68
10953,difficult dog,inst_trust_noaa_1,p2296,45
10954,difficult dog,inst_trust_noaa_1,p2298,62
10955,difficult dog,inst_trust_noaa_1,p2304,75
10956,difficult dog,inst_trust_noaa_1,p2310,55
10957,difficult dog,inst_trust_noaa_1,p2322,45
10958,difficult dog,inst_trust_noaa_1,p2326,72
10959,difficult dog,inst_trust_noaa_1,p2330,65
10960,difficult dog,inst_trust_noaa_1,p2331,75
10961,difficult dog,inst_trust_noaa_1,p2333,55
10962,difficult dog,inst_trust_noaa_1,p2347,78
10963,difficult dog,inst_trust_noaa_1,p2350,65
10964,difficult dog,inst_trust_noaa_1,p2351,68
10965,difficult dog,inst_trust_noaa_1,p2353,68
10966,difficult dog,inst_trust_noaa_1,p2355,68
10967,difficult dog,inst_trust_noaa_1,p2363,62
10968,difficult dog,inst_trust_noaa_1,p2378,78
10969,difficult dog,inst_trust_noaa_1,p2380,78
10970,difficult dog,inst_trust_noaa_1,p2387,68
10971,difficult dog,inst_trust_noaa_1,p2398,68
10972,difficult dog,inst_trust_noaa_1,p2400,78
10973,difficult dog,inst_trust_noaa_1,p2403,75
10974,difficult dog,inst_trust_noaa_1,p2408,45
10975,difficult dog,inst_trust_noaa_1,p2418,68
10976,difficult dog,inst_trust_noaa_1,p2426,75
10977,difficult dog,inst_trust_noaa_1,p2428,45
10978,difficult dog,inst_trust_noaa_1,p2434,78
10979,difficult dog,inst_trust_noaa_1,p2446,45
10980,difficult dog,inst_trust_noaa_1,p2452,45
10981,difficult dog,inst_trust_noaa_1,p2454,62
10982,difficult dog,inst_trust_noaa_1,p2462,68
10983,difficult dog,inst_trust_noaa_1,p2467,25
10984,difficult dog,inst_trust_noaa_1,p2482,55
10985,difficult dog,inst_trust_noaa_1,p2489,45
10986,difficult dog,inst_trust_noaa_1,p2490,55
10987,difficult dog,inst_trust_noaa_1,p2494,45
10988,difficult dog,inst_trust_noaa_1,p2502,78
10989,difficult dog,inst_trust_noaa_1,p2503,68
10990,difficult dog,inst_trust_noaa_1,p2522,78
10991,difficult dog,inst_trust_noaa_1,p2524,78
10992,difficult dog,inst_trust_noaa_1,p2533,45
10993,difficult dog,inst_trust_noaa_1,p2566,68
10994,difficult dog,inst_trust_noaa_1,p2571,78
10995,difficult dog,inst_trust_noaa_1,p2573,55
10996,difficult dog,inst_trust_noaa_1,p2582,72
10997,difficult dog,inst_trust_noaa_1,p2591,62
10998,difficult dog,inst_trust_noaa_1,p2592,65
10999,difficult dog,inst_trust_noaa_1,p2595,35
11000,difficult dog,inst_trust_uni_1,p0016,75
11001,difficult dog,inst_trust_uni_1,p0022,40
11002,difficult dog,inst_trust_uni_1,p0023,85
11003,difficult dog,inst_trust_uni_1,p0026,75
11004,difficult dog,inst_trust_uni_1,p0034,35
11005,difficult dog,inst_trust_uni_1,p0036,35
11006,difficult dog,inst_trust_uni_1,p0037,75
11007,difficult dog,inst_trust_uni_1,p0042,75
11008,difficult dog,inst_trust_uni_1,p0057,25
11009,difficult dog,inst_trust_uni_1,p0066,75
11010,difficult dog,inst_trust_uni_1,p0069,15
11011,difficult dog,inst_trust_uni_1,p0072,75
11012,difficult dog,inst_trust_uni_1,p0073,35
11013,difficult dog,inst_trust_uni_1,p0082,78
11014,difficult dog,inst_trust_uni_1,p0091,90
11015,difficult dog,inst_trust_uni_1,p0092,75
11016,difficult dog,inst_trust_uni_1,p0093,75
11017,difficult dog,inst_trust_uni_1,p0095,75
11018,difficult dog,inst_trust_uni_1,p0107,35
11019,difficult dog,inst_trust_uni_1,p0114,85
11020,difficult dog,inst_trust_uni_1,p0116,35
11021,difficult dog,inst_trust_uni_1,p0118,45
11022,difficult dog,inst_trust_uni_1,p0119,75
11023,difficult dog,inst_trust_uni_1,p0126,75
11024,difficult dog,inst_trust_uni_1,p0129,90
11025,difficult dog,inst_trust_uni_1,p0136,35
11026,difficult dog,inst_trust_uni_1,p0138,35
11027,difficult dog,inst_trust_uni_1,p0144,35
11028,difficult dog,inst_trust_uni_1,p0150,35
11029,difficult dog,inst_trust_uni_1,p0152,45
11030,difficult dog,inst_trust_uni_1,p0158,35
11031,difficult dog,inst_trust_uni_1,p0161,85
11032,difficult dog,inst_trust_uni_1,p0164,35
11033,difficult dog,inst_trust_uni_1,p0175,75
11034,difficult dog,inst_trust_uni_1,p0177,75
11035,difficult dog,inst_trust_uni_1,p0178,85
11036,difficult dog,inst_trust_uni_1,p0181,10
11037,difficult dog,inst_trust_uni_1,p0186,35
11038,difficult dog,inst_trust_uni_1,p0196,35
11039,difficult dog,inst_trust_uni_1,p0198,85
11040,difficult dog,inst_trust_uni_1,p0202,85
11041,difficult dog,inst_trust_uni_1,p0205,35
11042,difficult dog,inst_trust_uni_1,p0207,30
11043,difficult dog,inst_trust_uni_1,p0211,25
11044,difficult dog,inst_trust_uni_1,p0227,85
11045,difficult dog,inst_trust_uni_1,p0229,75
11046,difficult dog,inst_trust_uni_1,p0232,85
11047,difficult dog,inst_trust_uni_1,p0233,75
11048,difficult dog,inst_trust_uni_1,p0237,85
11049,difficult dog,inst_trust_uni_1,p0258,75
11050,difficult dog,inst_trust_uni_1,p0268,65
11051,difficult dog,inst_trust_uni_1,p0274,85
11052,difficult dog,inst_trust_uni_1,p0275,10
11053,difficult dog,inst_trust_uni_1,p0277,35
11054,difficult dog,inst_trust_uni_1,p0288,85
11055,difficult dog,inst_trust_uni_1,p0291,75
11056,difficult dog,inst_trust_uni_1,p0307,75
11057,difficult dog,inst_trust_uni_1,p0308,75
11058,difficult dog,inst_trust_uni_1,p0317,10
11059,difficult dog,inst_trust_uni_1,p0325,85
11060,difficult dog,inst_trust_uni_1,p0327,85
11061,difficult dog,inst_trust_uni_1,p0334,85
11062,difficult dog,inst_trust_uni_1,p0336,82
11063,difficult dog,inst_trust_uni_1,p0338,15
11064,difficult dog,inst_trust_uni_1,p0342,75
11065,difficult dog,inst_trust_uni_1,p0349,35
11066,difficult dog,inst_trust_uni_1,p0356,35
11067,difficult dog,inst_trust_uni_1,p0358,75
11068,difficult dog,inst_trust_uni_1,p0363,75
11069,difficult dog,inst_trust_uni_1,p0364,78
11070,difficult dog,inst_trust_uni_1,p0369,85
11071,difficult dog,inst_trust_uni_1,p0370,35
11072,difficult dog,inst_trust_uni_1,p0371,35
11073,difficult dog,inst_trust_uni_1,p0379,35
11074,difficult dog,inst_trust_uni_1,p0386,85
11075,difficult dog,inst_trust_uni_1,p0396,78
11076,difficult dog,inst_trust_uni_1,p0403,75
11077,difficult dog,inst_trust_uni_1,p0405,90
11078,difficult dog,inst_trust_uni_1,p0412,78
11079,difficult dog,inst_trust_uni_1,p0415,35
11080,difficult dog,inst_trust_uni_1,p0416,75
11081,difficult dog,inst_trust_uni_1,p0417,85
11082,difficult dog,inst_trust_uni_1,p0418,35
11083,difficult dog,inst_trust_uni_1,p0430,85
11084,difficult dog,inst_trust_uni_1,p0431,85
11085,difficult dog,inst_trust_uni_1,p0434,25
11086,difficult dog,inst_trust_uni_1,p0438,85
11087,difficult dog,inst_trust_uni_1,p0441,85
11088,difficult dog,inst_trust_uni_1,p0442,25
11089,difficult dog,inst_trust_uni_1,p0449,35
11090,difficult dog,inst_trust_uni_1,p0450,75
11091,difficult dog,inst_trust_uni_1,p0465,35
11092,difficult dog,inst_trust_uni_1,p0471,75
11093,difficult dog,inst_trust_uni_1,p0477,35
11094,difficult dog,inst_trust_uni_1,p0483,75
11095,difficult dog,inst_trust_uni_1,p0486,75
11096,difficult dog,inst_trust_uni_1,p0487,75
11097,difficult dog,inst_trust_uni_1,p0489,75
11098,difficult dog,inst_trust_uni_1,p0497,10
11099,difficult dog,inst_trust_uni_1,p0502,35
11100,difficult dog,inst_trust_uni_1,p0503,75
11101,difficult dog,inst_trust_uni_1,p0506,35
11102,difficult dog,inst_trust_uni_1,p0511,45
11103,difficult dog,inst_trust_uni_1,p0523,75
11104,difficult dog,inst_trust_uni_1,p0534,85
11105,difficult dog,inst_trust_uni_1,p0536,75
11106,difficult dog,inst_trust_uni_1,p0542,10
11107,difficult dog,inst_trust_uni_1,p0547,75
11108,difficult dog,inst_trust_uni_1,p0553,78
11109,difficult dog,inst_trust_uni_1,p0559,75
11110,difficult dog,inst_trust_uni_1,p0566,35
11111,difficult dog,inst_trust_uni_1,p0568,35
11112,difficult dog,inst_trust_uni_1,p0570,65
11113,difficult dog,inst_trust_uni_1,p0573,35
11114,difficult dog,inst_trust_uni_1,p0578,35
11115,difficult dog,inst_trust_uni_1,p0594,35
11116,difficult dog,inst_trust_uni_1,p0597,75
11117,difficult dog,inst_trust_uni_1,p0601,35
11118,difficult dog,inst_trust_uni_1,p0602,35
11119,difficult dog,inst_trust_uni_1,p0605,45
11120,difficult dog,inst_trust_uni_1,p0615,75
11121,difficult dog,inst_trust_uni_1,p0620,75
11122,difficult dog,inst_trust_uni_1,p0626,75
11123,difficult dog,inst_trust_uni_1,p0629,85
11124,difficult dog,inst_trust_uni_1,p0633,35
11125,difficult dog,inst_trust_uni_1,p0638,85
11126,difficult dog,inst_trust_uni_1,p0639,15
11127,difficult dog,inst_trust_uni_1,p0640,35
11128,difficult dog,inst_trust_uni_1,p0655,75
11129,difficult dog,inst_trust_uni_1,p0656,75
11130,difficult dog,inst_trust_uni_1,p0658,10
11131,difficult dog,inst_trust_uni_1,p0661,35
11132,difficult dog,inst_trust_uni_1,p0669,85
11133,difficult dog,inst_trust_uni_1,p0670,35
11134,difficult dog,inst_trust_uni_1,p0672,75
11135,difficult dog,inst_trust_uni_1,p0674,78
11136,difficult dog,inst_trust_uni_1,p0678,75
11137,difficult dog,inst_trust_uni_1,p0683,75
11138,difficult dog,inst_trust_uni_1,p0686,35
11139,difficult dog,inst_trust_uni_1,p0687,75
11140,difficult dog,inst_trust_uni_1,p0698,55
11141,difficult dog,inst_trust_uni_1,p0700,35
11142,difficult dog,inst_trust_uni_1,p0703,75
11143,difficult dog,inst_trust_uni_1,p0718,35
11144,difficult dog,inst_trust_uni_1,p0744,85
11145,difficult dog,inst_trust_uni_1,p0745,35
11146,difficult dog,inst_trust_uni_1,p0753,35
11147,difficult dog,inst_trust_uni_1,p0770,75
11148,difficult dog,inst_trust_uni_1,p0771,75
11149,difficult dog,inst_trust_uni_1,p0777,85
11150,difficult dog,inst_trust_uni_1,p0779,78
11151,difficult dog,inst_trust_uni_1,p0780,35
11152,difficult dog,inst_trust_uni_1,p0783,35
11153,difficult dog,inst_trust_uni_1,p0785,35
11154,difficult dog,inst_trust_uni_1,p0786,30
11155,difficult dog,inst_trust_uni_1,p0794,25
11156,difficult dog,inst_trust_uni_1,p0798,5
11157,difficult dog,inst_trust_uni_1,p0800,75
11158,difficult dog,inst_trust_uni_1,p0820,35
11159,difficult dog,inst_trust_uni_1,p0841,75
11160,difficult dog,inst_trust_uni_1,p0849,75
11161,difficult dog,inst_trust_uni_1,p0862,85
11162,difficult dog,inst_trust_uni_1,p0867,75
11163,difficult dog,inst_trust_uni_1,p0869,75
11164,difficult dog,inst_trust_uni_1,p0872,78
11165,difficult dog,inst_trust_uni_1,p0880,75
11166,difficult dog,inst_trust_uni_1,p0891,75
11167,difficult dog,inst_trust_uni_1,p0916,85
11168,difficult dog,inst_trust_uni_1,p0917,78
11169,difficult dog,inst_trust_uni_1,p0919,85
11170,difficult dog,inst_trust_uni_1,p0922,75
11171,difficult dog,inst_trust_uni_1,p0925,75
11172,difficult dog,inst_trust_uni_1,p0927,75
11173,difficult dog,inst_trust_uni_1,p0929,75
11174,difficult dog,inst_trust_uni_1,p0930,35
11175,difficult dog,inst_trust_uni_1,p0931,35
11176,difficult dog,inst_trust_uni_1,p0933,35
11177,difficult dog,inst_trust_uni_1,p0934,35
11178,difficult dog,inst_trust_uni_1,p0936,78
11179,difficult dog,inst_trust_uni_1,p0938,85
11180,difficult dog,inst_trust_uni_1,p0939,75
11181,difficult dog,inst_trust_uni_1,p0946,35
11182,difficult dog,inst_trust_uni_1,p0951,45
11183,difficult dog,inst_trust_uni_1,p0956,75
11184,difficult dog,inst_trust_uni_1,p0962,75
11185,difficult dog,inst_trust_uni_1,p0963,78
11186,difficult dog,inst_trust_uni_1,p0969,35
11187,difficult dog,inst_trust_uni_1,p0972,35
11188,difficult dog,inst_trust_uni_1,p0975,15
11189,difficult dog,inst_trust_uni_1,p0985,15
11190,difficult dog,inst_trust_uni_1,p0993,75
11191,difficult dog,inst_trust_uni_1,p0996,75
11192,difficult dog,inst_trust_uni_1,p1011,35
11193,difficult dog,inst_trust_uni_1,p1017,75
11194,difficult dog,inst_trust_uni_1,p1020,75
11195,difficult dog,inst_trust_uni_1,p1022,85
11196,difficult dog,inst_trust_uni_1,p1024,25
11197,difficult dog,inst_trust_uni_1,p1027,85
11198,difficult dog,inst_trust_uni_1,p1028,90
11199,difficult dog,inst_trust_uni_1,p1029,15
11200,difficult dog,inst_trust_uni_1,p1032,35
11201,difficult dog,inst_trust_uni_1,p1040,75
11202,difficult dog,inst_trust_uni_1,p1047,15
11203,difficult dog,inst_trust_uni_1,p1048,65
11204,difficult dog,inst_trust_uni_1,p1053,35
11205,difficult dog,inst_trust_uni_1,p1057,15
11206,difficult dog,inst_trust_uni_1,p1058,35
11207,difficult dog,inst_trust_uni_1,p1063,15
11208,difficult dog,inst_trust_uni_1,p1064,75
11209,difficult dog,inst_trust_uni_1,p1065,35
11210,difficult dog,inst_trust_uni_1,p1069,35
11211,difficult dog,inst_trust_uni_1,p1072,75
11212,difficult dog,inst_trust_uni_1,p1073,75
11213,difficult dog,inst_trust_uni_1,p1075,75
11214,difficult dog,inst_trust_uni_1,p1076,15
11215,difficult dog,inst_trust_uni_1,p1083,35
11216,difficult dog,inst_trust_uni_1,p1089,85
11217,difficult dog,inst_trust_uni_1,p1093,85
11218,difficult dog,inst_trust_uni_1,p1096,75
11219,difficult dog,inst_trust_uni_1,p1100,35
11220,difficult dog,inst_trust_uni_1,p1106,75
11221,difficult dog,inst_trust_uni_1,p1107,75
11222,difficult dog,inst_trust_uni_1,p1113,25
11223,difficult dog,inst_trust_uni_1,p1117,10
11224,difficult dog,inst_trust_uni_1,p1120,35
11225,difficult dog,inst_trust_uni_1,p1134,35
11226,difficult dog,inst_trust_uni_1,p1136,35
11227,difficult dog,inst_trust_uni_1,p1138,75
11228,difficult dog,inst_trust_uni_1,p1144,15
11229,difficult dog,inst_trust_uni_1,p1145,85
11230,difficult dog,inst_trust_uni_1,p1147,90
11231,difficult dog,inst_trust_uni_1,p1148,85
11232,difficult dog,inst_trust_uni_1,p1154,90
11233,difficult dog,inst_trust_uni_1,p1159,75
11234,difficult dog,inst_trust_uni_1,p1167,85
11235,difficult dog,inst_trust_uni_1,p1175,75
11236,difficult dog,inst_trust_uni_1,p1178,25
11237,difficult dog,inst_trust_uni_1,p1184,35
11238,difficult dog,inst_trust_uni_1,p1186,75
11239,difficult dog,inst_trust_uni_1,p1196,15
11240,difficult dog,inst_trust_uni_1,p1197,10
11241,difficult dog,inst_trust_uni_1,p1203,75
11242,difficult dog,inst_trust_uni_1,p1219,35
11243,difficult dog,inst_trust_uni_1,p1225,35
11244,difficult dog,inst_trust_uni_1,p1234,75
11245,difficult dog,inst_trust_uni_1,p1242,35
11246,difficult dog,inst_trust_uni_1,p1244,75
11247,difficult dog,inst_trust_uni_1,p1249,35
11248,difficult dog,inst_trust_uni_1,p1250,35
11249,difficult dog,inst_trust_uni_1,p1256,35
11250,difficult dog,inst_trust_uni_1,p1258,78
11251,difficult dog,inst_trust_uni_1,p1260,15
11252,difficult dog,inst_trust_uni_1,p1262,35
11253,difficult dog,inst_trust_uni_1,p1264,75
11254,difficult dog,inst_trust_uni_1,p1265,75
11255,difficult dog,inst_trust_uni_1,p1269,35
11256,difficult dog,inst_trust_uni_1,p1272,75
11257,difficult dog,inst_trust_uni_1,p1278,85
11258,difficult dog,inst_trust_uni_1,p1281,35
11259,difficult dog,inst_trust_uni_1,p1292,35
11260,difficult dog,inst_trust_uni_1,p1299,35
11261,difficult dog,inst_trust_uni_1,p1312,35
11262,difficult dog,inst_trust_uni_1,p1322,75
11263,difficult dog,inst_trust_uni_1,p1326,75
11264,difficult dog,inst_trust_uni_1,p1330,75
11265,difficult dog,inst_trust_uni_1,p1335,65
11266,difficult dog,inst_trust_uni_1,p1337,35
11267,difficult dog,inst_trust_uni_1,p1340,75
11268,difficult dog,inst_trust_uni_1,p1345,75
11269,difficult dog,inst_trust_uni_1,p1351,35
11270,difficult dog,inst_trust_uni_1,p1355,35
11271,difficult dog,inst_trust_uni_1,p1362,25
11272,difficult dog,inst_trust_uni_1,p1365,75
11273,difficult dog,inst_trust_uni_1,p1366,35
11274,difficult dog,inst_trust_uni_1,p1367,35
11275,difficult dog,inst_trust_uni_1,p1370,75
11276,difficult dog,inst_trust_uni_1,p1371,92
11277,difficult dog,inst_trust_uni_1,p1373,35
11278,difficult dog,inst_trust_uni_1,p1375,75
11279,difficult dog,inst_trust_uni_1,p1376,65
11280,difficult dog,inst_trust_uni_1,p1379,35
11281,difficult dog,inst_trust_uni_1,p1381,35
11282,difficult dog,inst_trust_uni_1,p1393,35
11283,difficult dog,inst_trust_uni_1,p1396,85
11284,difficult dog,inst_trust_uni_1,p1398,35
11285,difficult dog,inst_trust_uni_1,p1404,85
11286,difficult dog,inst_trust_uni_1,p1406,75
11287,difficult dog,inst_trust_uni_1,p1407,35
11288,difficult dog,inst_trust_uni_1,p1409,35
11289,difficult dog,inst_trust_uni_1,p1412,75
11290,difficult dog,inst_trust_uni_1,p1414,85
11291,difficult dog,inst_trust_uni_1,p1424,35
11292,difficult dog,inst_trust_uni_1,p1425,15
11293,difficult dog,inst_trust_uni_1,p1429,15
11294,difficult dog,inst_trust_uni_1,p1434,35
11295,difficult dog,inst_trust_uni_1,p1441,35
11296,difficult dog,inst_trust_uni_1,p1445,35
11297,difficult dog,inst_trust_uni_1,p1450,75
11298,difficult dog,inst_trust_uni_1,p1454,35
11299,difficult dog,inst_trust_uni_1,p1456,10
11300,difficult dog,inst_trust_uni_1,p1457,35
11301,difficult dog,inst_trust_uni_1,p1458,90
11302,difficult dog,inst_trust_uni_1,p1469,75
11303,difficult dog,inst_trust_uni_1,p1470,35
11304,difficult dog,inst_trust_uni_1,p1481,75
11305,difficult dog,inst_trust_uni_1,p1488,75
11306,difficult dog,inst_trust_uni_1,p1492,35
11307,difficult dog,inst_trust_uni_1,p1495,55
11308,difficult dog,inst_trust_uni_1,p1497,35
11309,difficult dog,inst_trust_uni_1,p1499,35
11310,difficult dog,inst_trust_uni_1,p1503,75
11311,difficult dog,inst_trust_uni_1,p1511,85
11312,difficult dog,inst_trust_uni_1,p1512,75
11313,difficult dog,inst_trust_uni_1,p1518,35
11314,difficult dog,inst_trust_uni_1,p1519,75
11315,difficult dog,inst_trust_uni_1,p1520,15
11316,difficult dog,inst_trust_uni_1,p1524,75
11317,difficult dog,inst_trust_uni_1,p1526,10
11318,difficult dog,inst_trust_uni_1,p1537,75
11319,difficult dog,inst_trust_uni_1,p1545,78
11320,difficult dog,inst_trust_uni_1,p1547,75
11321,difficult dog,inst_trust_uni_1,p1552,90
11322,difficult dog,inst_trust_uni_1,p1567,35
11323,difficult dog,inst_trust_uni_1,p1568,85
11324,difficult dog,inst_trust_uni_1,p1579,25
11325,difficult dog,inst_trust_uni_1,p1587,25
11326,difficult dog,inst_trust_uni_1,p1596,15
11327,difficult dog,inst_trust_uni_1,p1600,85
11328,difficult dog,inst_trust_uni_1,p1603,75
11329,difficult dog,inst_trust_uni_1,p1604,75
11330,difficult dog,inst_trust_uni_1,p1610,75
11331,difficult dog,inst_trust_uni_1,p1618,15
11332,difficult dog,inst_trust_uni_1,p1619,85
11333,difficult dog,inst_trust_uni_1,p1622,85
11334,difficult dog,inst_trust_uni_1,p1623,25
11335,difficult dog,inst_trust_uni_1,p1630,10
11336,difficult dog,inst_trust_uni_1,p1641,35
11337,difficult dog,inst_trust_uni_1,p1649,35
11338,difficult dog,inst_trust_uni_1,p1652,35
11339,difficult dog,inst_trust_uni_1,p1665,35
11340,difficult dog,inst_trust_uni_1,p1669,25
11341,difficult dog,inst_trust_uni_1,p1685,15
11342,difficult dog,inst_trust_uni_1,p1693,75
11343,difficult dog,inst_trust_uni_1,p1698,35
11344,difficult dog,inst_trust_uni_1,p1704,35
11345,difficult dog,inst_trust_uni_1,p1711,82
11346,difficult dog,inst_trust_uni_1,p1718,35
11347,difficult dog,inst_trust_uni_1,p1732,15
11348,difficult dog,inst_trust_uni_1,p1739,75
11349,difficult dog,inst_trust_uni_1,p1741,75
11350,difficult dog,inst_trust_uni_1,p1746,35
11351,difficult dog,inst_trust_uni_1,p1751,10
11352,difficult dog,inst_trust_uni_1,p1754,75
11353,difficult dog,inst_trust_uni_1,p1769,75
11354,difficult dog,inst_trust_uni_1,p1771,75
11355,difficult dog,inst_trust_uni_1,p1776,85
11356,difficult dog,inst_trust_uni_1,p1780,35
11357,difficult dog,inst_trust_uni_1,p1785,35
11358,difficult dog,inst_trust_uni_1,p1791,85
11359,difficult dog,inst_trust_uni_1,p1793,35
11360,difficult dog,inst_trust_uni_1,p1796,35
11361,difficult dog,inst_trust_uni_1,p1805,35
11362,difficult dog,inst_trust_uni_1,p1812,85
11363,difficult dog,inst_trust_uni_1,p1816,65
11364,difficult dog,inst_trust_uni_1,p1819,35
11365,difficult dog,inst_trust_uni_1,p1825,90
11366,difficult dog,inst_trust_uni_1,p1836,85
11367,difficult dog,inst_trust_uni_1,p1839,75
11368,difficult dog,inst_trust_uni_1,p1861,15
11369,difficult dog,inst_trust_uni_1,p1863,75
11370,difficult dog,inst_trust_uni_1,p1873,75
11371,difficult dog,inst_trust_uni_1,p1875,75
11372,difficult dog,inst_trust_uni_1,p1876,85
11373,difficult dog,inst_trust_uni_1,p1877,85
11374,difficult dog,inst_trust_uni_1,p1880,35
11375,difficult dog,inst_trust_uni_1,p1883,30
11376,difficult dog,inst_trust_uni_1,p1889,10
11377,difficult dog,inst_trust_uni_1,p1893,75
11378,difficult dog,inst_trust_uni_1,p1896,85
11379,difficult dog,inst_trust_uni_1,p1913,45
11380,difficult dog,inst_trust_uni_1,p1922,85
11381,difficult dog,inst_trust_uni_1,p1930,85
11382,difficult dog,inst_trust_uni_1,p1935,75
11383,difficult dog,inst_trust_uni_1,p1940,75
11384,difficult dog,inst_trust_uni_1,p1948,25
11385,difficult dog,inst_trust_uni_1,p1950,35
11386,difficult dog,inst_trust_uni_1,p1954,35
11387,difficult dog,inst_trust_uni_1,p1956,25
11388,difficult dog,inst_trust_uni_1,p1958,35
11389,difficult dog,inst_trust_uni_1,p1967,85
11390,difficult dog,inst_trust_uni_1,p1973,90
11391,difficult dog,inst_trust_uni_1,p1978,75
11392,difficult dog,inst_trust_uni_1,p1983,35
11393,difficult dog,inst_trust_uni_1,p1984,35
11394,difficult dog,inst_trust_uni_1,p1995,35
11395,difficult dog,inst_trust_uni_1,p1996,35
11396,difficult dog,inst_trust_uni_1,p1997,35
11397,difficult dog,inst_trust_uni_1,p2001,85
11398,difficult dog,inst_trust_uni_1,p2002,15
11399,difficult dog,inst_trust_uni_1,p2013,85
11400,difficult dog,inst_trust_uni_1,p2014,35
11401,difficult dog,inst_trust_uni_1,p2016,75
11402,difficult dog,inst_trust_uni_1,p2018,35
11403,difficult dog,inst_trust_uni_1,p2023,85
11404,difficult dog,inst_trust_uni_1,p2025,90
11405,difficult dog,inst_trust_uni_1,p2028,75
11406,difficult dog,inst_trust_uni_1,p2030,75
11407,difficult dog,inst_trust_uni_1,p2033,75
11408,difficult dog,inst_trust_uni_1,p2040,35
11409,difficult dog,inst_trust_uni_1,p2051,35
11410,difficult dog,inst_trust_uni_1,p2052,75
11411,difficult dog,inst_trust_uni_1,p2066,35
11412,difficult dog,inst_trust_uni_1,p2067,75
11413,difficult dog,inst_trust_uni_1,p2073,85
11414,difficult dog,inst_trust_uni_1,p2077,75
11415,difficult dog,inst_trust_uni_1,p2078,75
11416,difficult dog,inst_trust_uni_1,p2086,85
11417,difficult dog,inst_trust_uni_1,p2089,85
11418,difficult dog,inst_trust_uni_1,p2093,25
11419,difficult dog,inst_trust_uni_1,p2094,78
11420,difficult dog,inst_trust_uni_1,p2111,75
11421,difficult dog,inst_trust_uni_1,p2117,75
11422,difficult dog,inst_trust_uni_1,p2121,75
11423,difficult dog,inst_trust_uni_1,p2127,35
11424,difficult dog,inst_trust_uni_1,p2141,35
11425,difficult dog,inst_trust_uni_1,p2142,25
11426,difficult dog,inst_trust_uni_1,p2143,85
11427,difficult dog,inst_trust_uni_1,p2153,90
11428,difficult dog,inst_trust_uni_1,p2155,65
11429,difficult dog,inst_trust_uni_1,p2169,25
11430,difficult dog,inst_trust_uni_1,p2187,35
11431,difficult dog,inst_trust_uni_1,p2188,75
11432,difficult dog,inst_trust_uni_1,p2197,15
11433,difficult dog,inst_trust_uni_1,p2213,35
11434,difficult dog,inst_trust_uni_1,p2214,75
11435,difficult dog,inst_trust_uni_1,p2215,85
11436,difficult dog,inst_trust_uni_1,p2220,35
11437,difficult dog,inst_trust_uni_1,p2223,35
11438,difficult dog,inst_trust_uni_1,p2229,35
11439,difficult dog,inst_trust_uni_1,p2234,85
11440,difficult dog,inst_trust_uni_1,p2237,85
11441,difficult dog,inst_trust_uni_1,p2238,25
11442,difficult dog,inst_trust_uni_1,p2244,75
11443,difficult dog,inst_trust_uni_1,p2248,85
11444,difficult dog,inst_trust_uni_1,p2252,75
11445,difficult dog,inst_trust_uni_1,p2255,10
11446,difficult dog,inst_trust_uni_1,p2261,10
11447,difficult dog,inst_trust_uni_1,p2263,75
11448,difficult dog,inst_trust_uni_1,p2273,75
11449,difficult dog,inst_trust_uni_1,p2275,78
11450,difficult dog,inst_trust_uni_1,p2276,35
11451,difficult dog,inst_trust_uni_1,p2283,25
11452,difficult dog,inst_trust_uni_1,p2287,75
11453,difficult dog,inst_trust_uni_1,p2296,25
11454,difficult dog,inst_trust_uni_1,p2298,15
11455,difficult dog,inst_trust_uni_1,p2304,75
11456,difficult dog,inst_trust_uni_1,p2310,35
11457,difficult dog,inst_trust_uni_1,p2322,35
11458,difficult dog,inst_trust_uni_1,p2326,75
11459,difficult dog,inst_trust_uni_1,p2330,65
11460,difficult dog,inst_trust_uni_1,p2331,75
11461,difficult dog,inst_trust_uni_1,p2333,35
11462,difficult dog,inst_trust_uni_1,p2347,75
11463,difficult dog,inst_trust_uni_1,p2350,35
11464,difficult dog,inst_trust_uni_1,p2351,75
11465,difficult dog,inst_trust_uni_1,p2353,75
11466,difficult dog,inst_trust_uni_1,p2355,90
11467,difficult dog,inst_trust_uni_1,p2363,75
11468,difficult dog,inst_trust_uni_1,p2378,75
11469,difficult dog,inst_trust_uni_1,p2380,90
11470,difficult dog,inst_trust_uni_1,p2387,75
11471,difficult dog,inst_trust_uni_1,p2398,75
11472,difficult dog,inst_trust_uni_1,p2400,90
11473,difficult dog,inst_trust_uni_1,p2403,90
11474,difficult dog,inst_trust_uni_1,p2408,25
11475,difficult dog,inst_trust_uni_1,p2418,75
11476,difficult dog,inst_trust_uni_1,p2426,85
11477,difficult dog,inst_trust_uni_1,p2428,35
11478,difficult dog,inst_trust_uni_1,p2434,75
11479,difficult dog,inst_trust_uni_1,p2446,10
11480,difficult dog,inst_trust_uni_1,p2452,35
11481,difficult dog,inst_trust_uni_1,p2454,75
11482,difficult dog,inst_trust_uni_1,p2462,35
11483,difficult dog,inst_trust_uni_1,p2467,10
11484,difficult dog,inst_trust_uni_1,p2482,35
11485,difficult dog,inst_trust_uni_1,p2489,15
11486,difficult dog,inst_trust_uni_1,p2490,75
11487,difficult dog,inst_trust_uni_1,p2494,25
11488,difficult dog,inst_trust_uni_1,p2502,85
11489,difficult dog,inst_trust_uni_1,p2503,75
11490,difficult dog,inst_trust_uni_1,p2522,75
11491,difficult dog,inst_trust_uni_1,p2524,85
11492,difficult dog,inst_trust_uni_1,p2533,65
11493,difficult dog,inst_trust_uni_1,p2566,75
11494,difficult dog,inst_trust_uni_1,p2571,75
11495,difficult dog,inst_trust_uni_1,p2573,75
11496,difficult dog,inst_trust_uni_1,p2582,75
11497,difficult dog,inst_trust_uni_1,p2591,75
11498,difficult dog,inst_trust_uni_1,p2592,75
11499,difficult dog,inst_trust_uni_1,p2595,10
11500,difficult dog,inst_trust_gov_1,p0016,35
11501,difficult dog,inst_trust_gov_1,p0022,35
11502,difficult dog,inst_trust_gov_1,p0023,35
11503,difficult dog,inst_trust_gov_1,p0026,35
11504,difficult dog,inst_trust_gov_1,p0034,35
11505,difficult dog,inst_trust_gov_1,p0036,35
11506,difficult dog,inst_trust_gov_1,p0037,35
11507,difficult dog,inst_trust_gov_1,p0042,35
11508,difficult dog,inst_trust_gov_1,p0057,35
11509,difficult dog,inst_trust_gov_1,p0066,35
11510,difficult dog,inst_trust_gov_1,p0069,25
11511,difficult dog,inst_trust_gov_1,p0072,35
11512,difficult dog,inst_trust_gov_1,p0073,35
11513,difficult dog,inst_trust_gov_1,p0082,35
11514,difficult dog,inst_trust_gov_1,p0091,35
11515,difficult dog,inst_trust_gov_1,p0092,35
11516,difficult dog,inst_trust_gov_1,p0093,35
11517,difficult dog,inst_trust_gov_1,p0095,35
11518,difficult dog,inst_trust_gov_1,p0107,35
11519,difficult dog,inst_trust_gov_1,p0114,35
11520,difficult dog,inst_trust_gov_1,p0116,35
11521,difficult dog,inst_trust_gov_1,p0118,35
11522,difficult dog,inst_trust_gov_1,p0119,35
11523,difficult dog,inst_trust_gov_1,p0126,35
11524,difficult dog,inst_trust_gov_1,p0129,35
11525,difficult dog,inst_trust_gov_1,p0136,35
11526,difficult dog,inst_trust_gov_1,p0138,35
11527,difficult dog,inst_trust_gov_1,p0144,35
11528,difficult dog,inst_trust_gov_1,p0150,35
11529,difficult dog,inst_trust_gov_1,p0152,35
11530,difficult dog,inst_trust_gov_1,p0158,35
11531,difficult dog,inst_trust_gov_1,p0161,35
11532,difficult dog,inst_trust_gov_1,p0164,35
11533,difficult dog,inst_trust_gov_1,p0175,35
11534,difficult dog,inst_trust_gov_1,p0177,35
11535,difficult dog,inst_trust_gov_1,p0178,35
11536,difficult dog,inst_trust_gov_1,p0181,25
11537,difficult dog,inst_trust_gov_1,p0186,35
11538,difficult dog,inst_trust_gov_1,p0196,35
11539,difficult dog,inst_trust_gov_1,p0198,35
11540,difficult dog,inst_trust_gov_1,p0202,35
11541,difficult dog,inst_trust_gov_1,p0205,35
11542,difficult dog,inst_trust_gov_1,p0207,35
11543,difficult dog,inst_trust_gov_1,p0211,35
11544,difficult dog,inst_trust_gov_1,p0227,35
11545,difficult dog,inst_trust_gov_1,p0229,35
11546,difficult dog,inst_trust_gov_1,p0232,35
11547,difficult dog,inst_trust_gov_1,p0233,35
11548,difficult dog,inst_trust_gov_1,p0237,35
11549,difficult dog,inst_trust_gov_1,p0258,35
11550,difficult dog,inst_trust_gov_1,p0268,35
11551,difficult dog,inst_trust_gov_1,p0274,45
11552,difficult dog,inst_trust_gov_1,p0275,25
11553,difficult dog,inst_trust_gov_1,p0277,35
11554,difficult dog,inst_trust_gov_1,p0288,35
11555,difficult dog,inst_trust_gov_1,p0291,35
11556,difficult dog,inst_trust_gov_1,p0307,35
11557,difficult dog,inst_trust_gov_1,p0308,45
11558,difficult dog,inst_trust_gov_1,p0317,25
11559,difficult dog,inst_trust_gov_1,p0325,35
11560,difficult dog,inst_trust_gov_1,p0327,35
11561,difficult dog,inst_trust_gov_1,p0334,35
11562,difficult dog,inst_trust_gov_1,p0336,35
11563,difficult dog,inst_trust_gov_1,p0338,35
11564,difficult dog,inst_trust_gov_1,p0342,35
11565,difficult dog,inst_trust_gov_1,p0349,35
11566,difficult dog,inst_trust_gov_1,p0356,25
11567,difficult dog,inst_trust_gov_1,p0358,35
11568,difficult dog,inst_trust_gov_1,p0363,35
11569,difficult dog,inst_trust_gov_1,p0364,45
11570,difficult dog,inst_trust_gov_1,p0369,35
11571,difficult dog,inst_trust_gov_1,p0370,35
11572,difficult dog,inst_trust_gov_1,p0371,35
11573,difficult dog,inst_trust_gov_1,p0379,35
11574,difficult dog,inst_trust_gov_1,p0386,35
11575,difficult dog,inst_trust_gov_1,p0396,35
11576,difficult dog,inst_trust_gov_1,p0403,35
11577,difficult dog,inst_trust_gov_1,p0405,35
11578,difficult dog,inst_trust_gov_1,p0412,35
11579,difficult dog,inst_trust_gov_1,p0415,35
11580,difficult dog,inst_trust_gov_1,p0416,35
11581,difficult dog,inst_trust_gov_1,p0417,35
11582,difficult dog,inst_trust_gov_1,p0418,35
11583,difficult dog,inst_trust_gov_1,p0430,35
11584,difficult dog,inst_trust_gov_1,p0431,35
11585,difficult dog,inst_trust_gov_1,p0434,25
11586,difficult dog,inst_trust_gov_1,p0438,35
11587,difficult dog,inst_trust_gov_1,p0441,35
11588,difficult dog,inst_trust_gov_1,p0442,35
11589,difficult dog,inst_trust_gov_1,p0449,35
11590,difficult dog,inst_trust_gov_1,p0450,35
11591,difficult dog,inst_trust_gov_1,p0465,35
11592,difficult dog,inst_trust_gov_1,p0471,35
11593,difficult dog,inst_trust_gov_1,p0477,35
11594,difficult dog,inst_trust_gov_1,p0483,35
11595,difficult dog,inst_trust_gov_1,p0486,35
11596,difficult dog,inst_trust_gov_1,p0487,35
11597,difficult dog,inst_trust_gov_1,p0489,35
11598,difficult dog,inst_trust_gov_1,p0497,25
11599,difficult dog,inst_trust_gov_1,p0502,35
11600,difficult dog,inst_trust_gov_1,p0503,35
11601,difficult dog,inst_trust_gov_1,p0506,35
11602,difficult dog,inst_trust_gov_1,p0511,35
11603,difficult dog,inst_trust_gov_1,p0523,35
11604,difficult dog,inst_trust_gov_1,p0534,35
11605,difficult dog,inst_trust_gov_1,p0536,35
11606,difficult dog,inst_trust_gov_1,p0542,25
11607,difficult dog,inst_trust_gov_1,p0547,35
11608,difficult dog,inst_trust_gov_1,p0553,35
11609,difficult dog,inst_trust_gov_1,p0559,35
11610,difficult dog,inst_trust_gov_1,p0566,35
11611,difficult dog,inst_trust_gov_1,p0568,35
11612,difficult dog,inst_trust_gov_1,p0570,25
11613,difficult dog,inst_trust_gov_1,p0573,35
11614,difficult dog,inst_trust_gov_1,p0578,35
11615,difficult dog,inst_trust_gov_1,p0594,35
11616,difficult dog,inst_trust_gov_1,p0597,35
11617,difficult dog,inst_trust_gov_1,p0601,35
11618,difficult dog,inst_trust_gov_1,p0602,35
11619,difficult dog,inst_trust_gov_1,p0605,35
11620,difficult dog,inst_trust_gov_1,p0615,35
11621,difficult dog,inst_trust_gov_1,p0620,35
11622,difficult dog,inst_trust_gov_1,p0626,35
11623,difficult dog,inst_trust_gov_1,p0629,35
11624,difficult dog,inst_trust_gov_1,p0633,35
11625,difficult dog,inst_trust_gov_1,p0638,35
11626,difficult dog,inst_trust_gov_1,p0639,35
11627,difficult dog,inst_trust_gov_1,p0640,35
11628,difficult dog,inst_trust_gov_1,p0655,35
11629,difficult dog,inst_trust_gov_1,p0656,35
11630,difficult dog,inst_trust_gov_1,p0658,25
11631,difficult dog,inst_trust_gov_1,p0661,35
11632,difficult dog,inst_trust_gov_1,p0669,35
11633,difficult dog,inst_trust_gov_1,p0670,35
11634,difficult dog,inst_trust_gov_1,p0672,35
11635,difficult dog,inst_trust_gov_1,p0674,35
11636,difficult dog,inst_trust_gov_1,p0678,35
11637,difficult dog,inst_trust_gov_1,p0683,35
11638,difficult dog,inst_trust_gov_1,p0686,35
11639,difficult dog,inst_trust_gov_1,p0687,35
11640,difficult dog,inst_trust_gov_1,p0698,35
11641,difficult dog,inst_trust_gov_1,p0700,35
11642,difficult dog,inst_trust_gov_1,p0703,35
11643,difficult dog,inst_trust_gov_1,p0718,35
11644,difficult dog,inst_trust_gov_1,p0744,35
11645,difficult dog,inst_trust_gov_1,p0745,35
11646,difficult dog,inst_trust_gov_1,p0753,35
11647,difficult dog,inst_trust_gov_1,p0770,35
11648,difficult dog,inst_trust_gov_1,p0771,35
11649,difficult dog,inst_trust_gov_1,p0777,35
11650,difficult dog,inst_trust_gov_1,p0779,35
11651,difficult dog,inst_trust_gov_1,p0780,35
11652,difficult dog,inst_trust_gov_1,p0783,35
11653,difficult dog,inst_trust_gov_1,p0785,35
11654,difficult dog,inst_trust_gov_1,p0786,35
11655,difficult dog,inst_trust_gov_1,p0794,25
11656,difficult dog,inst_trust_gov_1,p0798,25
11657,difficult dog,inst_trust_gov_1,p0800,35
11658,difficult dog,inst_trust_gov_1,p0820,25
11659,difficult dog,inst_trust_gov_1,p0841,25
11660,difficult dog,inst_trust_gov_1,p0849,35
11661,difficult dog,inst_trust_gov_1,p0862,35
11662,difficult dog,inst_trust_gov_1,p0867,35
11663,difficult dog,inst_trust_gov_1,p0869,35
11664,difficult dog,inst_trust_gov_1,p0872,35
11665,difficult dog,inst_trust_gov_1,p0880,35
11666,difficult dog,inst_trust_gov_1,p0891,35
11667,difficult dog,inst_trust_gov_1,p0916,35
11668,difficult dog,inst_trust_gov_1,p0917,45
11669,difficult dog,inst_trust_gov_1,p0919,35
11670,difficult dog,inst_trust_gov_1,p0922,35
11671,difficult dog,inst_trust_gov_1,p0925,35
11672,difficult dog,inst_trust_gov_1,p0927,35
11673,difficult dog,inst_trust_gov_1,p0929,35
11674,difficult dog,inst_trust_gov_1,p0930,35
11675,difficult dog,inst_trust_gov_1,p0931,35
11676,difficult dog,inst_trust_gov_1,p0933,35
11677,difficult dog,inst_trust_gov_1,p0934,25
11678,difficult dog,inst_trust_gov_1,p0936,35
11679,difficult dog,inst_trust_gov_1,p0938,35
11680,difficult dog,inst_trust_gov_1,p0939,35
11681,difficult dog,inst_trust_gov_1,p0946,35
11682,difficult dog,inst_trust_gov_1,p0951,35
11683,difficult dog,inst_trust_gov_1,p0956,35
11684,difficult dog,inst_trust_gov_1,p0962,35
11685,difficult dog,inst_trust_gov_1,p0963,35
11686,difficult dog,inst_trust_gov_1,p0969,35
11687,difficult dog,inst_trust_gov_1,p0972,35
11688,difficult dog,inst_trust_gov_1,p0975,35
11689,difficult dog,inst_trust_gov_1,p0985,35
11690,difficult dog,inst_trust_gov_1,p0993,35
11691,difficult dog,inst_trust_gov_1,p0996,35
11692,difficult dog,inst_trust_gov_1,p1011,35
11693,difficult dog,inst_trust_gov_1,p1017,35
11694,difficult dog,inst_trust_gov_1,p1020,35
11695,difficult dog,inst_trust_gov_1,p1022,35
11696,difficult dog,inst_trust_gov_1,p1024,35
11697,difficult dog,inst_trust_gov_1,p1027,35
11698,difficult dog,inst_trust_gov_1,p1028,35
11699,difficult dog,inst_trust_gov_1,p1029,25
11700,difficult dog,inst_trust_gov_1,p1032,35
11701,difficult dog,inst_trust_gov_1,p1040,35
11702,difficult dog,inst_trust_gov_1,p1047,25
11703,difficult dog,inst_trust_gov_1,p1048,35
11704,difficult dog,inst_trust_gov_1,p1053,35
11705,difficult dog,inst_trust_gov_1,p1057,35
11706,difficult dog,inst_trust_gov_1,p1058,35
11707,difficult dog,inst_trust_gov_1,p1063,35
11708,difficult dog,inst_trust_gov_1,p1064,35
11709,difficult dog,inst_trust_gov_1,p1065,35
11710,difficult dog,inst_trust_gov_1,p1069,25
11711,difficult dog,inst_trust_gov_1,p1072,35
11712,difficult dog,inst_trust_gov_1,p1073,35
11713,difficult dog,inst_trust_gov_1,p1075,35
11714,difficult dog,inst_trust_gov_1,p1076,35
11715,difficult dog,inst_trust_gov_1,p1083,35
11716,difficult dog,inst_trust_gov_1,p1089,35
11717,difficult dog,inst_trust_gov_1,p1093,35
11718,difficult dog,inst_trust_gov_1,p1096,35
11719,difficult dog,inst_trust_gov_1,p1100,35
11720,difficult dog,inst_trust_gov_1,p1106,35
11721,difficult dog,inst_trust_gov_1,p1107,35
11722,difficult dog,inst_trust_gov_1,p1113,35
11723,difficult dog,inst_trust_gov_1,p1117,25
11724,difficult dog,inst_trust_gov_1,p1120,35
11725,difficult dog,inst_trust_gov_1,p1134,35
11726,difficult dog,inst_trust_gov_1,p1136,35
11727,difficult dog,inst_trust_gov_1,p1138,35
11728,difficult dog,inst_trust_gov_1,p1144,25
11729,difficult dog,inst_trust_gov_1,p1145,35
11730,difficult dog,inst_trust_gov_1,p1147,35
11731,difficult dog,inst_trust_gov_1,p1148,35
11732,difficult dog,inst_trust_gov_1,p1154,35
11733,difficult dog,inst_trust_gov_1,p1159,35
11734,difficult dog,inst_trust_gov_1,p1167,35
11735,difficult dog,inst_trust_gov_1,p1175,35
11736,difficult dog,inst_trust_gov_1,p1178,35
11737,difficult dog,inst_trust_gov_1,p1184,35
11738,difficult dog,inst_trust_gov_1,p1186,35
11739,difficult dog,inst_trust_gov_1,p1196,35
11740,difficult dog,inst_trust_gov_1,p1197,35
11741,difficult dog,inst_trust_gov_1,p1203,35
11742,difficult dog,inst_trust_gov_1,p1219,35
11743,difficult dog,inst_trust_gov_1,p1225,35
11744,difficult dog,inst_trust_gov_1,p1234,35
11745,difficult dog,inst_trust_gov_1,p1242,35
11746,difficult dog,inst_trust_gov_1,p1244,35
11747,difficult dog,inst_trust_gov_1,p1249,35
11748,difficult dog,inst_trust_gov_1,p1250,35
11749,difficult dog,inst_trust_gov_1,p1256,35
11750,difficult dog,inst_trust_gov_1,p1258,35
11751,difficult dog,inst_trust_gov_1,p1260,35
11752,difficult dog,inst_trust_gov_1,p1262,25
11753,difficult dog,inst_trust_gov_1,p1264,35
11754,difficult dog,inst_trust_gov_1,p1265,35
11755,difficult dog,inst_trust_gov_1,p1269,35
11756,difficult dog,inst_trust_gov_1,p1272,35
11757,difficult dog,inst_trust_gov_1,p1278,35
11758,difficult dog,inst_trust_gov_1,p1281,35
11759,difficult dog,inst_trust_gov_1,p1292,35
11760,difficult dog,inst_trust_gov_1,p1299,35
11761,difficult dog,inst_trust_gov_1,p1312,35
11762,difficult dog,inst_trust_gov_1,p1322,35
11763,difficult dog,inst_trust_gov_1,p1326,35
11764,difficult dog,inst_trust_gov_1,p1330,35
11765,difficult dog,inst_trust_gov_1,p1335,35
11766,difficult dog,inst_trust_gov_1,p1337,35
11767,difficult dog,inst_trust_gov_1,p1340,35
11768,difficult dog,inst_trust_gov_1,p1345,35
11769,difficult dog,inst_trust_gov_1,p1351,25
11770,difficult dog,inst_trust_gov_1,p1355,35
11771,difficult dog,inst_trust_gov_1,p1362,35
11772,difficult dog,inst_trust_gov_1,p1365,35
11773,difficult dog,inst_trust_gov_1,p1366,35
11774,difficult dog,inst_trust_gov_1,p1367,25
11775,difficult dog,inst_trust_gov_1,p1370,35
11776,difficult dog,inst_trust_gov_1,p1371,35
11777,difficult dog,inst_trust_gov_1,p1373,35
11778,difficult dog,inst_trust_gov_1,p1375,35
11779,difficult dog,inst_trust_gov_1,p1376,25
11780,difficult dog,inst_trust_gov_1,p1379,35
11781,difficult dog,inst_trust_gov_1,p1381,35
11782,difficult dog,inst_trust_gov_1,p1393,35
11783,difficult dog,inst_trust_gov_1,p1396,35
11784,difficult dog,inst_trust_gov_1,p1398,35
11785,difficult dog,inst_trust_gov_1,p1404,35
11786,difficult dog,inst_trust_gov_1,p1406,35
11787,difficult dog,inst_trust_gov_1,p1407,35
11788,difficult dog,inst_trust_gov_1,p1409,35
11789,difficult dog,inst_trust_gov_1,p1412,35
11790,difficult dog,inst_trust_gov_1,p1414,35
11791,difficult dog,inst_trust_gov_1,p1424,35
11792,difficult dog,inst_trust_gov_1,p1425,35
11793,difficult dog,inst_trust_gov_1,p1429,35
11794,difficult dog,inst_trust_gov_1,p1434,35
11795,difficult dog,inst_trust_gov_1,p1441,35
11796,difficult dog,inst_trust_gov_1,p1445,35
11797,difficult dog,inst_trust_gov_1,p1450,35
11798,difficult dog,inst_trust_gov_1,p1454,35
11799,difficult dog,inst_trust_gov_1,p1456,35
11800,difficult dog,inst_trust_gov_1,p1457,35
11801,difficult dog,inst_trust_gov_1,p1458,35
11802,difficult dog,inst_trust_gov_1,p1469,35
11803,difficult dog,inst_trust_gov_1,p1470,35
11804,difficult dog,inst_trust_gov_1,p1481,35
11805,difficult dog,inst_trust_gov_1,p1488,35
11806,difficult dog,inst_trust_gov_1,p1492,35
11807,difficult dog,inst_trust_gov_1,p1495,35
11808,difficult dog,inst_trust_gov_1,p1497,35
11809,difficult dog,inst_trust_gov_1,p1499,35
11810,difficult dog,inst_trust_gov_1,p1503,35
11811,difficult dog,inst_trust_gov_1,p1511,35
11812,difficult dog,inst_trust_gov_1,p1512,35
11813,difficult dog,inst_trust_gov_1,p1518,35
11814,difficult dog,inst_trust_gov_1,p1519,35
11815,difficult dog,inst_trust_gov_1,p1520,35
11816,difficult dog,inst_trust_gov_1,p1524,35
11817,difficult dog,inst_trust_gov_1,p1526,25
11818,difficult dog,inst_trust_gov_1,p1537,35
11819,difficult dog,inst_trust_gov_1,p1545,35
11820,difficult dog,inst_trust_gov_1,p1547,35
11821,difficult dog,inst_trust_gov_1,p1552,35
11822,difficult dog,inst_trust_gov_1,p1567,35
11823,difficult dog,inst_trust_gov_1,p1568,35
11824,difficult dog,inst_trust_gov_1,p1579,25
11825,difficult dog,inst_trust_gov_1,p1587,25
11826,difficult dog,inst_trust_gov_1,p1596,35
11827,difficult dog,inst_trust_gov_1,p1600,35
11828,difficult dog,inst_trust_gov_1,p1603,35
11829,difficult dog,inst_trust_gov_1,p1604,35
11830,difficult dog,inst_trust_gov_1,p1610,35
11831,difficult dog,inst_trust_gov_1,p1618,25
11832,difficult dog,inst_trust_gov_1,p1619,35
11833,difficult dog,inst_trust_gov_1,p1622,35
11834,difficult dog,inst_trust_gov_1,p1623,25
11835,difficult dog,inst_trust_gov_1,p1630,25
11836,difficult dog,inst_trust_gov_1,p1641,35
11837,difficult dog,inst_trust_gov_1,p1649,35
11838,difficult dog,inst_trust_gov_1,p1652,35
11839,difficult dog,inst_trust_gov_1,p1665,35
11840,difficult dog,inst_trust_gov_1,p1669,35
11841,difficult dog,inst_trust_gov_1,p1685,35
11842,difficult dog,inst_trust_gov_1,p1693,35
11843,difficult dog,inst_trust_gov_1,p1698,35
11844,difficult dog,inst_trust_gov_1,p1704,35
11845,difficult dog,inst_trust_gov_1,p1711,35
11846,difficult dog,inst_trust_gov_1,p1718,25
11847,difficult dog,inst_trust_gov_1,p1732,35
11848,difficult dog,inst_trust_gov_1,p1739,35
11849,difficult dog,inst_trust_gov_1,p1741,35
11850,difficult dog,inst_trust_gov_1,p1746,35
11851,difficult dog,inst_trust_gov_1,p1751,25
11852,difficult dog,inst_trust_gov_1,p1754,25
11853,difficult dog,inst_trust_gov_1,p1769,25
11854,difficult dog,inst_trust_gov_1,p1771,35
11855,difficult dog,inst_trust_gov_1,p1776,35
11856,difficult dog,inst_trust_gov_1,p1780,35
11857,difficult dog,inst_trust_gov_1,p1785,25
11858,difficult dog,inst_trust_gov_1,p1791,35
11859,difficult dog,inst_trust_gov_1,p1793,35
11860,difficult dog,inst_trust_gov_1,p1796,35
11861,difficult dog,inst_trust_gov_1,p1805,35
11862,difficult dog,inst_trust_gov_1,p1812,35
11863,difficult dog,inst_trust_gov_1,p1816,35
11864,difficult dog,inst_trust_gov_1,p1819,35
11865,difficult dog,inst_trust_gov_1,p1825,35
11866,difficult dog,inst_trust_gov_1,p1836,35
11867,difficult dog,inst_trust_gov_1,p1839,35
11868,difficult dog,inst_trust_gov_1,p1861,25
11869,difficult dog,inst_trust_gov_1,p1863,35
11870,difficult dog,inst_trust_gov_1,p1873,35
11871,difficult dog,inst_trust_gov_1,p1875,35
11872,difficult dog,inst_trust_gov_1,p1876,35
11873,difficult dog,inst_trust_gov_1,p1877,35
11874,difficult dog,inst_trust_gov_1,p1880,35
11875,difficult dog,inst_trust_gov_1,p1883,35
11876,difficult dog,inst_trust_gov_1,p1889,25
11877,difficult dog,inst_trust_gov_1,p1893,35
11878,difficult dog,inst_trust_gov_1,p1896,35
11879,difficult dog,inst_trust_gov_1,p1913,35
11880,difficult dog,inst_trust_gov_1,p1922,35
11881,difficult dog,inst_trust_gov_1,p1930,35
11882,difficult dog,inst_trust_gov_1,p1935,35
11883,difficult dog,inst_trust_gov_1,p1940,35
11884,difficult dog,inst_trust_gov_1,p1948,35
11885,difficult dog,inst_trust_gov_1,p1950,35
11886,difficult dog,inst_trust_gov_1,p1954,35
11887,difficult dog,inst_trust_gov_1,p1956,25
11888,difficult dog,inst_trust_gov_1,p1958,35
11889,difficult dog,inst_trust_gov_1,p1967,35
11890,difficult dog,inst_trust_gov_1,p1973,35
11891,difficult dog,inst_trust_gov_1,p1978,35
11892,difficult dog,inst_trust_gov_1,p1983,25
11893,difficult dog,inst_trust_gov_1,p1984,35
11894,difficult dog,inst_trust_gov_1,p1995,35
11895,difficult dog,inst_trust_gov_1,p1996,35
11896,difficult dog,inst_trust_gov_1,p1997,35
11897,difficult dog,inst_trust_gov_1,p2001,35
11898,difficult dog,inst_trust_gov_1,p2002,25
11899,difficult dog,inst_trust_gov_1,p2013,35
11900,difficult dog,inst_trust_gov_1,p2014,35
11901,difficult dog,inst_trust_gov_1,p2016,35
11902,difficult dog,inst_trust_gov_1,p2018,35
11903,difficult dog,inst_trust_gov_1,p2023,35
11904,difficult dog,inst_trust_gov_1,p2025,35
11905,difficult dog,inst_trust_gov_1,p2028,35
11906,difficult dog,inst_trust_gov_1,p2030,35
11907,difficult dog,inst_trust_gov_1,p2033,35
11908,difficult dog,inst_trust_gov_1,p2040,25
11909,difficult dog,inst_trust_gov_1,p2051,25
11910,difficult dog,inst_trust_gov_1,p2052,35
11911,difficult dog,inst_trust_gov_1,p2066,35
11912,difficult dog,inst_trust_gov_1,p2067,35
11913,difficult dog,inst_trust_gov_1,p2073,35
11914,difficult dog,inst_trust_gov_1,p2077,35
11915,difficult dog,inst_trust_gov_1,p2078,35
11916,difficult dog,inst_trust_gov_1,p2086,35
11917,difficult dog,inst_trust_gov_1,p2089,35
11918,difficult dog,inst_trust_gov_1,p2093,25
11919,difficult dog,inst_trust_gov_1,p2094,35
11920,difficult dog,inst_trust_gov_1,p2111,35
11921,difficult dog,inst_trust_gov_1,p2117,35
11922,difficult dog,inst_trust_gov_1,p2121,35
11923,difficult dog,inst_trust_gov_1,p2127,35
11924,difficult dog,inst_trust_gov_1,p2141,35
11925,difficult dog,inst_trust_gov_1,p2142,25
11926,difficult dog,inst_trust_gov_1,p2143,35
11927,difficult dog,inst_trust_gov_1,p2153,35
11928,difficult dog,inst_trust_gov_1,p2155,35
11929,difficult dog,inst_trust_gov_1,p2169,25
11930,difficult dog,inst_trust_gov_1,p2187,35
11931,difficult dog,inst_trust_gov_1,p2188,35
11932,difficult dog,inst_trust_gov_1,p2197,35
11933,difficult dog,inst_trust_gov_1,p2213,35
11934,difficult dog,inst_trust_gov_1,p2214,35
11935,difficult dog,inst_trust_gov_1,p2215,25
11936,difficult dog,inst_trust_gov_1,p2220,35
11937,difficult dog,inst_trust_gov_1,p2223,35
11938,difficult dog,inst_trust_gov_1,p2229,35
11939,difficult dog,inst_trust_gov_1,p2234,35
11940,difficult dog,inst_trust_gov_1,p2237,35
11941,difficult dog,inst_trust_gov_1,p2238,35
11942,difficult dog,inst_trust_gov_1,p2244,35
11943,difficult dog,inst_trust_gov_1,p2248,35
11944,difficult dog,inst_trust_gov_1,p2252,35
11945,difficult dog,inst_trust_gov_1,p2255,15
11946,difficult dog,inst_trust_gov_1,p2261,25
11947,difficult dog,inst_trust_gov_1,p2263,35
11948,difficult dog,inst_trust_gov_1,p2273,35
11949,difficult dog,inst_trust_gov_1,p2275,35
11950,difficult dog,inst_trust_gov_1,p2276,35
11951,difficult dog,inst_trust_gov_1,p2283,25
11952,difficult dog,inst_trust_gov_1,p2287,35
11953,difficult dog,inst_trust_gov_1,p2296,35
11954,difficult dog,inst_trust_gov_1,p2298,35
11955,difficult dog,inst_trust_gov_1,p2304,35
11956,difficult dog,inst_trust_gov_1,p2310,35
11957,difficult dog,inst_trust_gov_1,p2322,35
11958,difficult dog,inst_trust_gov_1,p2326,35
11959,difficult dog,inst_trust_gov_1,p2330,25
11960,difficult dog,inst_trust_gov_1,p2331,25
11961,difficult dog,inst_trust_gov_1,p2333,35
11962,difficult dog,inst_trust_gov_1,p2347,35
11963,difficult dog,inst_trust_gov_1,p2350,35
11964,difficult dog,inst_trust_gov_1,p2351,35
11965,difficult dog,inst_trust_gov_1,p2353,35
11966,difficult dog,inst_trust_gov_1,p2355,35
11967,difficult dog,inst_trust_gov_1,p2363,25
11968,difficult dog,inst_trust_gov_1,p2378,35
11969,difficult dog,inst_trust_gov_1,p2380,35
11970,difficult dog,inst_trust_gov_1,p2387,35
11971,difficult dog,inst_trust_gov_1,p2398,35
11972,difficult dog,inst_trust_gov_1,p2400,35
11973,difficult dog,inst_trust_gov_1,p2403,35
11974,difficult dog,inst_trust_gov_1,p2408,35
11975,difficult dog,inst_trust_gov_1,p2418,35
11976,difficult dog,inst_trust_gov_1,p2426,35
11977,difficult dog,inst_trust_gov_1,p2428,35
11978,difficult dog,inst_trust_gov_1,p2434,35
11979,difficult dog,inst_trust_gov_1,p2446,25
11980,difficult dog,inst_trust_gov_1,p2452,35
11981,difficult dog,inst_trust_gov_1,p2454,35
11982,difficult dog,inst_trust_gov_1,p2462,35
11983,difficult dog,inst_trust_gov_1,p2467,25
11984,difficult dog,inst_trust_gov_1,p2482,35
11985,difficult dog,inst_trust_gov_1,p2489,25
11986,difficult dog,inst_trust_gov_1,p2490,35
11987,difficult dog,inst_trust_gov_1,p2494,35
11988,difficult dog,inst_trust_gov_1,p2502,35
11989,difficult dog,inst_trust_gov_1,p2503,35
11990,difficult dog,inst_trust_gov_1,p2522,45
11991,difficult dog,inst_trust_gov_1,p2524,35
11992,difficult dog,inst_trust_gov_1,p2533,25
11993,difficult dog,inst_trust_gov_1,p2566,35
11994,difficult dog,inst_trust_gov_1,p2571,35
11995,difficult dog,inst_trust_gov_1,p2573,35
11996,difficult dog,inst_trust_gov_1,p2582,35
11997,difficult dog,inst_trust_gov_1,p2591,25
11998,difficult dog,inst_trust_gov_1,p2592,35
11999,difficult dog,inst_trust_gov_1,p2595,25
12000,difficult dog,policy_1_1,p0016,85
12001,difficult dog,policy_1_1,p0022,78
12002,difficult dog,policy_1_1,p0023,88
12003,difficult dog,policy_1_1,p0026,82
12004,difficult dog,policy_1_1,p0034,78
12005,difficult dog,policy_1_1,p0036,75
12006,difficult dog,policy_1_1,p0037,78
12007,difficult dog,policy_1_1,p0042,78
12008,difficult dog,policy_1_1,p0057,78
12009,difficult dog,policy_1_1,p0066,85
12010,difficult dog,policy_1_1,p0069,75
12011,difficult dog,policy_1_1,p0072,88
12012,difficult dog,policy_1_1,p0073,78
12013,difficult dog,policy_1_1,p0082,85
12014,difficult dog,policy_1_1,p0091,88
12015,difficult dog,policy_1_1,p0092,75
12016,difficult dog,policy_1_1,p0093,85
12017,difficult dog,policy_1_1,p0095,85
12018,difficult dog,policy_1_1,p0107,78
12019,difficult dog,policy_1_1,p0114,85
12020,difficult dog,policy_1_1,p0116,78
12021,difficult dog,policy_1_1,p0118,78
12022,difficult dog,policy_1_1,p0119,85
12023,difficult dog,policy_1_1,p0126,78
12024,difficult dog,policy_1_1,p0129,85
12025,difficult dog,policy_1_1,p0136,72
12026,difficult dog,policy_1_1,p0138,68
12027,difficult dog,policy_1_1,p0144,78
12028,difficult dog,policy_1_1,p0150,75
12029,difficult dog,policy_1_1,p0152,75
12030,difficult dog,policy_1_1,p0158,68
12031,difficult dog,policy_1_1,p0161,82
12032,difficult dog,policy_1_1,p0164,75
12033,difficult dog,policy_1_1,p0175,82
12034,difficult dog,policy_1_1,p0177,85
12035,difficult dog,policy_1_1,p0178,85
12036,difficult dog,policy_1_1,p0181,45
12037,difficult dog,policy_1_1,p0186,75
12038,difficult dog,policy_1_1,p0196,78
12039,difficult dog,policy_1_1,p0198,85
12040,difficult dog,policy_1_1,p0202,85
12041,difficult dog,policy_1_1,p0205,75
12042,difficult dog,policy_1_1,p0207,75
12043,difficult dog,policy_1_1,p0211,78
12044,difficult dog,policy_1_1,p0227,85
12045,difficult dog,policy_1_1,p0229,78
12046,difficult dog,policy_1_1,p0232,85
12047,difficult dog,policy_1_1,p0233,75
12048,difficult dog,policy_1_1,p0237,88
12049,difficult dog,policy_1_1,p0258,78
12050,difficult dog,policy_1_1,p0268,65
12051,difficult dog,policy_1_1,p0274,85
12052,difficult dog,policy_1_1,p0275,45
12053,difficult dog,policy_1_1,p0277,75
12054,difficult dog,policy_1_1,p0288,88
12055,difficult dog,policy_1_1,p0291,85
12056,difficult dog,policy_1_1,p0307,75
12057,difficult dog,policy_1_1,p0308,82
12058,difficult dog,policy_1_1,p0317,65
12059,difficult dog,policy_1_1,p0325,85
12060,difficult dog,policy_1_1,p0327,88
12061,difficult dog,policy_1_1,p0334,85
12062,difficult dog,policy_1_1,p0336,85
12063,difficult dog,policy_1_1,p0338,65
12064,difficult dog,policy_1_1,p0342,85
12065,difficult dog,policy_1_1,p0349,75
12066,difficult dog,policy_1_1,p0356,75
12067,difficult dog,policy_1_1,p0358,85
12068,difficult dog,policy_1_1,p0363,85
12069,difficult dog,policy_1_1,p0364,85
12070,difficult dog,policy_1_1,p0369,85
12071,difficult dog,policy_1_1,p0370,65
12072,difficult dog,policy_1_1,p0371,75
12073,difficult dog,policy_1_1,p0379,78
12074,difficult dog,policy_1_1,p0386,85
12075,difficult dog,policy_1_1,p0396,85
12076,difficult dog,policy_1_1,p0403,78
12077,difficult dog,policy_1_1,p0405,85
12078,difficult dog,policy_1_1,p0412,82
12079,difficult dog,policy_1_1,p0415,65
12080,difficult dog,policy_1_1,p0416,82
12081,difficult dog,policy_1_1,p0417,85
12082,difficult dog,policy_1_1,p0418,68
12083,difficult dog,policy_1_1,p0430,85
12084,difficult dog,policy_1_1,p0431,88
12085,difficult dog,policy_1_1,p0434,25
12086,difficult dog,policy_1_1,p0438,88
12087,difficult dog,policy_1_1,p0441,85
12088,difficult dog,policy_1_1,p0442,65
12089,difficult dog,policy_1_1,p0449,78
12090,difficult dog,policy_1_1,p0450,85
12091,difficult dog,policy_1_1,p0465,78
12092,difficult dog,policy_1_1,p0471,78
12093,difficult dog,policy_1_1,p0477,78
12094,difficult dog,policy_1_1,p0483,78
12095,difficult dog,policy_1_1,p0486,85
12096,difficult dog,policy_1_1,p0487,85
12097,difficult dog,policy_1_1,p0489,85
12098,difficult dog,policy_1_1,p0497,65
12099,difficult dog,policy_1_1,p0502,78
12100,difficult dog,policy_1_1,p0503,85
12101,difficult dog,policy_1_1,p0506,75
12102,difficult dog,policy_1_1,p0511,82
12103,difficult dog,policy_1_1,p0523,78
12104,difficult dog,policy_1_1,p0534,85
12105,difficult dog,policy_1_1,p0536,78
12106,difficult dog,policy_1_1,p0542,75
12107,difficult dog,policy_1_1,p0547,85
12108,difficult dog,policy_1_1,p0553,85
12109,difficult dog,policy_1_1,p0559,85
12110,difficult dog,policy_1_1,p0566,78
12111,difficult dog,policy_1_1,p0568,75
12112,difficult dog,policy_1_1,p0570,68
12113,difficult dog,policy_1_1,p0573,75
12114,difficult dog,policy_1_1,p0578,78
12115,difficult dog,policy_1_1,p0594,68
12116,difficult dog,policy_1_1,p0597,82
12117,difficult dog,policy_1_1,p0601,78
12118,difficult dog,policy_1_1,p0602,65
12119,difficult dog,policy_1_1,p0605,78
12120,difficult dog,policy_1_1,p0615,75
12121,difficult dog,policy_1_1,p0620,85
12122,difficult dog,policy_1_1,p0626,78
12123,difficult dog,policy_1_1,p0629,92
12124,difficult dog,policy_1_1,p0633,75
12125,difficult dog,policy_1_1,p0638,82
12126,difficult dog,policy_1_1,p0639,85
12127,difficult dog,policy_1_1,p0640,75
12128,difficult dog,policy_1_1,p0655,85
12129,difficult dog,policy_1_1,p0656,78
12130,difficult dog,policy_1_1,p0658,75
12131,difficult dog,policy_1_1,p0661,78
12132,difficult dog,policy_1_1,p0669,88
12133,difficult dog,policy_1_1,p0670,78
12134,difficult dog,policy_1_1,p0672,85
12135,difficult dog,policy_1_1,p0674,85
12136,difficult dog,policy_1_1,p0678,85
12137,difficult dog,policy_1_1,p0683,85
12138,difficult dog,policy_1_1,p0686,78
12139,difficult dog,policy_1_1,p0687,85
12140,difficult dog,policy_1_1,p0698,78
12141,difficult dog,policy_1_1,p0700,78
12142,difficult dog,policy_1_1,p0703,78
12143,difficult dog,policy_1_1,p0718,82
12144,difficult dog,policy_1_1,p0744,85
12145,difficult dog,policy_1_1,p0745,82
12146,difficult dog,policy_1_1,p0753,65
12147,difficult dog,policy_1_1,p0770,82
12148,difficult dog,policy_1_1,p0771,85
12149,difficult dog,policy_1_1,p0777,88
12150,difficult dog,policy_1_1,p0779,82
12151,difficult dog,policy_1_1,p0780,65
12152,difficult dog,policy_1_1,p0783,78
12153,difficult dog,policy_1_1,p0785,78
12154,difficult dog,policy_1_1,p0786,75
12155,difficult dog,policy_1_1,p0794,45
12156,difficult dog,policy_1_1,p0798,45
12157,difficult dog,policy_1_1,p0800,82
12158,difficult dog,policy_1_1,p0820,68
12159,difficult dog,policy_1_1,p0841,75
12160,difficult dog,policy_1_1,p0849,78
12161,difficult dog,policy_1_1,p0862,85
12162,difficult dog,policy_1_1,p0867,85
12163,difficult dog,policy_1_1,p0869,85
12164,difficult dog,policy_1_1,p0872,85
12165,difficult dog,policy_1_1,p0880,85
12166,difficult dog,policy_1_1,p0891,78
12167,difficult dog,policy_1_1,p0916,85
12168,difficult dog,policy_1_1,p0917,85
12169,difficult dog,policy_1_1,p0919,85
12170,difficult dog,policy_1_1,p0922,78
12171,difficult dog,policy_1_1,p0925,82
12172,difficult dog,policy_1_1,p0927,85
12173,difficult dog,policy_1_1,p0929,75
12174,difficult dog,policy_1_1,p0930,75
12175,difficult dog,policy_1_1,p0931,68
12176,difficult dog,policy_1_1,p0933,75
12177,difficult dog,policy_1_1,p0934,65
12178,difficult dog,policy_1_1,p0936,85
12179,difficult dog,policy_1_1,p0938,85
12180,difficult dog,policy_1_1,p0939,78
12181,difficult dog,policy_1_1,p0946,78
12182,difficult dog,policy_1_1,p0951,78
12183,difficult dog,policy_1_1,p0956,82
12184,difficult dog,policy_1_1,p0962,85
12185,difficult dog,policy_1_1,p0963,85
12186,difficult dog,policy_1_1,p0969,75
12187,difficult dog,policy_1_1,p0972,78
12188,difficult dog,policy_1_1,p0975,75
12189,difficult dog,policy_1_1,p0985,65
12190,difficult dog,policy_1_1,p0993,85
12191,difficult dog,policy_1_1,p0996,78
12192,difficult dog,policy_1_1,p1011,68
12193,difficult dog,policy_1_1,p1017,68
12194,difficult dog,policy_1_1,p1020,82
12195,difficult dog,policy_1_1,p1022,85
12196,difficult dog,policy_1_1,p1024,65
12197,difficult dog,policy_1_1,p1027,85
12198,difficult dog,policy_1_1,p1028,88
12199,difficult dog,policy_1_1,p1029,65
12200,difficult dog,policy_1_1,p1032,78
12201,difficult dog,policy_1_1,p1040,85
12202,difficult dog,policy_1_1,p1047,75
12203,difficult dog,policy_1_1,p1048,78
12204,difficult dog,policy_1_1,p1053,75
12205,difficult dog,policy_1_1,p1057,78
12206,difficult dog,policy_1_1,p1058,75
12207,difficult dog,policy_1_1,p1063,75
12208,difficult dog,policy_1_1,p1064,85
12209,difficult dog,policy_1_1,p1065,72
12210,difficult dog,policy_1_1,p1069,75
12211,difficult dog,policy_1_1,p1072,82
12212,difficult dog,policy_1_1,p1073,82
12213,difficult dog,policy_1_1,p1075,85
12214,difficult dog,policy_1_1,p1076,75
12215,difficult dog,policy_1_1,p1083,68
12216,difficult dog,policy_1_1,p1089,88
12217,difficult dog,policy_1_1,p1093,85
12218,difficult dog,policy_1_1,p1096,82
12219,difficult dog,policy_1_1,p1100,82
12220,difficult dog,policy_1_1,p1106,82
12221,difficult dog,policy_1_1,p1107,75
12222,difficult dog,policy_1_1,p1113,85
12223,difficult dog,policy_1_1,p1117,65
12224,difficult dog,policy_1_1,p1120,78
12225,difficult dog,policy_1_1,p1134,78
12226,difficult dog,policy_1_1,p1136,68
12227,difficult dog,policy_1_1,p1138,82
12228,difficult dog,policy_1_1,p1144,75
12229,difficult dog,policy_1_1,p1145,88
12230,difficult dog,policy_1_1,p1147,85
12231,difficult dog,policy_1_1,p1148,85
12232,difficult dog,policy_1_1,p1154,85
12233,difficult dog,policy_1_1,p1159,85
12234,difficult dog,policy_1_1,p1167,85
12235,difficult dog,policy_1_1,p1175,85
12236,difficult dog,policy_1_1,p1178,78
12237,difficult dog,policy_1_1,p1184,75
12238,difficult dog,policy_1_1,p1186,82
12239,difficult dog,policy_1_1,p1196,75
12240,difficult dog,policy_1_1,p1197,78
12241,difficult dog,policy_1_1,p1203,82
12242,difficult dog,policy_1_1,p1219,75
12243,difficult dog,policy_1_1,p1225,78
12244,difficult dog,policy_1_1,p1234,75
12245,difficult dog,policy_1_1,p1242,75
12246,difficult dog,policy_1_1,p1244,85
12247,difficult dog,policy_1_1,p1249,78
12248,difficult dog,policy_1_1,p1250,78
12249,difficult dog,policy_1_1,p1256,78
12250,difficult dog,policy_1_1,p1258,85
12251,difficult dog,policy_1_1,p1260,75
12252,difficult dog,policy_1_1,p1262,68
12253,difficult dog,policy_1_1,p1264,78
12254,difficult dog,policy_1_1,p1265,82
12255,difficult dog,policy_1_1,p1269,78
12256,difficult dog,policy_1_1,p1272,82
12257,difficult dog,policy_1_1,p1278,85
12258,difficult dog,policy_1_1,p1281,75
12259,difficult dog,policy_1_1,p1292,75
12260,difficult dog,policy_1_1,p1299,78
12261,difficult dog,policy_1_1,p1312,78
12262,difficult dog,policy_1_1,p1322,82
12263,difficult dog,policy_1_1,p1326,85
12264,difficult dog,policy_1_1,p1330,82
12265,difficult dog,policy_1_1,p1335,82
12266,difficult dog,policy_1_1,p1337,85
12267,difficult dog,policy_1_1,p1340,85
12268,difficult dog,policy_1_1,p1345,82
12269,difficult dog,policy_1_1,p1351,75
12270,difficult dog,policy_1_1,p1355,68
12271,difficult dog,policy_1_1,p1362,75
12272,difficult dog,policy_1_1,p1365,78
12273,difficult dog,policy_1_1,p1366,68
12274,difficult dog,policy_1_1,p1367,75
12275,difficult dog,policy_1_1,p1370,85
12276,difficult dog,policy_1_1,p1371,88
12277,difficult dog,policy_1_1,p1373,78
12278,difficult dog,policy_1_1,p1375,75
12279,difficult dog,policy_1_1,p1376,75
12280,difficult dog,policy_1_1,p1379,78
12281,difficult dog,policy_1_1,p1381,78
12282,difficult dog,policy_1_1,p1393,78
12283,difficult dog,policy_1_1,p1396,85
12284,difficult dog,policy_1_1,p1398,78
12285,difficult dog,policy_1_1,p1404,85
12286,difficult dog,policy_1_1,p1406,78
12287,difficult dog,policy_1_1,p1407,68
12288,difficult dog,policy_1_1,p1409,78
12289,difficult dog,policy_1_1,p1412,85
12290,difficult dog,policy_1_1,p1414,88
12291,difficult dog,policy_1_1,p1424,85
12292,difficult dog,policy_1_1,p1425,75
12293,difficult dog,policy_1_1,p1429,75
12294,difficult dog,policy_1_1,p1434,82
12295,difficult dog,policy_1_1,p1441,75
12296,difficult dog,policy_1_1,p1445,75
12297,difficult dog,policy_1_1,p1450,82
12298,difficult dog,policy_1_1,p1454,85
12299,difficult dog,policy_1_1,p1456,75
12300,difficult dog,policy_1_1,p1457,72
12301,difficult dog,policy_1_1,p1458,88
12302,difficult dog,policy_1_1,p1469,78
12303,difficult dog,policy_1_1,p1470,75
12304,difficult dog,policy_1_1,p1481,85
12305,difficult dog,policy_1_1,p1488,78
12306,difficult dog,policy_1_1,p1492,68
12307,difficult dog,policy_1_1,p1495,78
12308,difficult dog,policy_1_1,p1497,75
12309,difficult dog,policy_1_1,p1499,78
12310,difficult dog,policy_1_1,p1503,82
12311,difficult dog,policy_1_1,p1511,85
12312,difficult dog,policy_1_1,p1512,75
12313,difficult dog,policy_1_1,p1518,78
12314,difficult dog,policy_1_1,p1519,78
12315,difficult dog,policy_1_1,p1520,72
12316,difficult dog,policy_1_1,p1524,78
12317,difficult dog,policy_1_1,p1526,75
12318,difficult dog,policy_1_1,p1537,85
12319,difficult dog,policy_1_1,p1545,85
12320,difficult dog,policy_1_1,p1547,85
12321,difficult dog,policy_1_1,p1552,85
12322,difficult dog,policy_1_1,p1567,85
12323,difficult dog,policy_1_1,p1568,85
12324,difficult dog,policy_1_1,p1579,45
12325,difficult dog,policy_1_1,p1587,55
12326,difficult dog,policy_1_1,p1596,75
12327,difficult dog,policy_1_1,p1600,85
12328,difficult dog,policy_1_1,p1603,78
12329,difficult dog,policy_1_1,p1604,78
12330,difficult dog,policy_1_1,p1610,78
12331,difficult dog,policy_1_1,p1618,75
12332,difficult dog,policy_1_1,p1619,88
12333,difficult dog,policy_1_1,p1622,85
12334,difficult dog,policy_1_1,p1623,65
12335,difficult dog,policy_1_1,p1630,68
12336,difficult dog,policy_1_1,p1641,85
12337,difficult dog,policy_1_1,p1649,72
12338,difficult dog,policy_1_1,p1652,78
12339,difficult dog,policy_1_1,p1665,78
12340,difficult dog,policy_1_1,p1669,75
12341,difficult dog,policy_1_1,p1685,85
12342,difficult dog,policy_1_1,p1693,78
12343,difficult dog,policy_1_1,p1698,75
12344,difficult dog,policy_1_1,p1704,78
12345,difficult dog,policy_1_1,p1711,85
12346,difficult dog,policy_1_1,p1718,65
12347,difficult dog,policy_1_1,p1732,75
12348,difficult dog,policy_1_1,p1739,82
12349,difficult dog,policy_1_1,p1741,85
12350,difficult dog,policy_1_1,p1746,65
12351,difficult dog,policy_1_1,p1751,65
12352,difficult dog,policy_1_1,p1754,85
12353,difficult dog,policy_1_1,p1769,78
12354,difficult dog,policy_1_1,p1771,78
12355,difficult dog,policy_1_1,p1776,78
12356,difficult dog,policy_1_1,p1780,82
12357,difficult dog,policy_1_1,p1785,68
12358,difficult dog,policy_1_1,p1791,88
12359,difficult dog,policy_1_1,p1793,78
12360,difficult dog,policy_1_1,p1796,75
12361,difficult dog,policy_1_1,p1805,78
12362,difficult dog,policy_1_1,p1812,85
12363,difficult dog,policy_1_1,p1816,72
12364,difficult dog,policy_1_1,p1819,82
12365,difficult dog,policy_1_1,p1825,85
12366,difficult dog,policy_1_1,p1836,85
12367,difficult dog,policy_1_1,p1839,85
12368,difficult dog,policy_1_1,p1861,75
12369,difficult dog,policy_1_1,p1863,85
12370,difficult dog,policy_1_1,p1873,78
12371,difficult dog,policy_1_1,p1875,78
12372,difficult dog,policy_1_1,p1876,85
12373,difficult dog,policy_1_1,p1877,85
12374,difficult dog,policy_1_1,p1880,78
12375,difficult dog,policy_1_1,p1883,78
12376,difficult dog,policy_1_1,p1889,45
12377,difficult dog,policy_1_1,p1893,88
12378,difficult dog,policy_1_1,p1896,85
12379,difficult dog,policy_1_1,p1913,78
12380,difficult dog,policy_1_1,p1922,88
12381,difficult dog,policy_1_1,p1930,85
12382,difficult dog,policy_1_1,p1935,82
12383,difficult dog,policy_1_1,p1940,92
12384,difficult dog,policy_1_1,p1948,65
12385,difficult dog,policy_1_1,p1950,78
12386,difficult dog,policy_1_1,p1954,75
12387,difficult dog,policy_1_1,p1956,45
12388,difficult dog,policy_1_1,p1958,78
12389,difficult dog,policy_1_1,p1967,82
12390,difficult dog,policy_1_1,p1973,92
12391,difficult dog,policy_1_1,p1978,78
12392,difficult dog,policy_1_1,p1983,68
12393,difficult dog,policy_1_1,p1984,72
12394,difficult dog,policy_1_1,p1995,78
12395,difficult dog,policy_1_1,p1996,78
12396,difficult dog,policy_1_1,p1997,78
12397,difficult dog,policy_1_1,p2001,85
12398,difficult dog,policy_1_1,p2002,75
12399,difficult dog,policy_1_1,p2013,88
12400,difficult dog,policy_1_1,p2014,68
12401,difficult dog,policy_1_1,p2016,85
12402,difficult dog,policy_1_1,p2018,68
12403,difficult dog,policy_1_1,p2023,85
12404,difficult dog,policy_1_1,p2025,92
12405,difficult dog,policy_1_1,p2028,78
12406,difficult dog,policy_1_1,p2030,82
12407,difficult dog,policy_1_1,p2033,82
12408,difficult dog,policy_1_1,p2040,65
12409,difficult dog,policy_1_1,p2051,85
12410,difficult dog,policy_1_1,p2052,82
12411,difficult dog,policy_1_1,p2066,65
12412,difficult dog,policy_1_1,p2067,85
12413,difficult dog,policy_1_1,p2073,88
12414,difficult dog,policy_1_1,p2077,78
12415,difficult dog,policy_1_1,p2078,78
12416,difficult dog,policy_1_1,p2086,85
12417,difficult dog,policy_1_1,p2089,85
12418,difficult dog,policy_1_1,p2093,45
12419,difficult dog,policy_1_1,p2094,85
12420,difficult dog,policy_1_1,p2111,75
12421,difficult dog,policy_1_1,p2117,82
12422,difficult dog,policy_1_1,p2121,82
12423,difficult dog,policy_1_1,p2127,85
12424,difficult dog,policy_1_1,p2141,85
12425,difficult dog,policy_1_1,p2142,45
12426,difficult dog,policy_1_1,p2143,85
12427,difficult dog,policy_1_1,p2153,85
12428,difficult dog,policy_1_1,p2155,78
12429,difficult dog,policy_1_1,p2169,68
12430,difficult dog,policy_1_1,p2187,78
12431,difficult dog,policy_1_1,p2188,82
12432,difficult dog,policy_1_1,p2197,78
12433,difficult dog,policy_1_1,p2213,75
12434,difficult dog,policy_1_1,p2214,78
12435,difficult dog,policy_1_1,p2215,85
12436,difficult dog,policy_1_1,p2220,78
12437,difficult dog,policy_1_1,p2223,72
12438,difficult dog,policy_1_1,p2229,78
12439,difficult dog,policy_1_1,p2234,92
12440,difficult dog,policy_1_1,p2237,88
12441,difficult dog,policy_1_1,p2238,78
12442,difficult dog,policy_1_1,p2244,85
12443,difficult dog,policy_1_1,p2248,78
12444,difficult dog,policy_1_1,p2252,85
12445,difficult dog,policy_1_1,p2255,35
12446,difficult dog,policy_1_1,p2261,45
12447,difficult dog,policy_1_1,p2263,82
12448,difficult dog,policy_1_1,p2273,78
12449,difficult dog,policy_1_1,p2275,85
12450,difficult dog,policy_1_1,p2276,78
12451,difficult dog,policy_1_1,p2283,65
12452,difficult dog,policy_1_1,p2287,85
12453,difficult dog,policy_1_1,p2296,68
12454,difficult dog,policy_1_1,p2298,75
12455,difficult dog,policy_1_1,p2304,85
12456,difficult dog,policy_1_1,p2310,78
12457,difficult dog,policy_1_1,p2322,65
12458,difficult dog,policy_1_1,p2326,82
12459,difficult dog,policy_1_1,p2330,78
12460,difficult dog,policy_1_1,p2331,85
12461,difficult dog,policy_1_1,p2333,78
12462,difficult dog,policy_1_1,p2347,85
12463,difficult dog,policy_1_1,p2350,85
12464,difficult dog,policy_1_1,p2351,78
12465,difficult dog,policy_1_1,p2353,75
12466,difficult dog,policy_1_1,p2355,85
12467,difficult dog,policy_1_1,p2363,75
12468,difficult dog,policy_1_1,p2378,85
12469,difficult dog,policy_1_1,p2380,85
12470,difficult dog,policy_1_1,p2387,78
12471,difficult dog,policy_1_1,p2398,85
12472,difficult dog,policy_1_1,p2400,85
12473,difficult dog,policy_1_1,p2403,88
12474,difficult dog,policy_1_1,p2408,55
12475,difficult dog,policy_1_1,p2418,78
12476,difficult dog,policy_1_1,p2426,85
12477,difficult dog,policy_1_1,p2428,75
12478,difficult dog,policy_1_1,p2434,85
12479,difficult dog,policy_1_1,p2446,65
12480,difficult dog,policy_1_1,p2452,75
12481,difficult dog,policy_1_1,p2454,75
12482,difficult dog,policy_1_1,p2462,78
12483,difficult dog,policy_1_1,p2467,35
12484,difficult dog,policy_1_1,p2482,78
12485,difficult dog,policy_1_1,p2489,75
12486,difficult dog,policy_1_1,p2490,75
12487,difficult dog,policy_1_1,p2494,68
12488,difficult dog,policy_1_1,p2502,85
12489,difficult dog,policy_1_1,p2503,78
12490,difficult dog,policy_1_1,p2522,85
12491,difficult dog,policy_1_1,p2524,85
12492,difficult dog,policy_1_1,p2533,65
12493,difficult dog,policy_1_1,p2566,82
12494,difficult dog,policy_1_1,p2571,85
12495,difficult dog,policy_1_1,p2573,78
12496,difficult dog,policy_1_1,p2582,78
12497,difficult dog,policy_1_1,p2591,75
12498,difficult dog,policy_1_1,p2592,78
12499,difficult dog,policy_1_1,p2595,45
12500,difficult dog,policy_2_1,p0016,68
12501,difficult dog,policy_2_1,p0022,65
12502,difficult dog,policy_2_1,p0023,78
12503,difficult dog,policy_2_1,p0026,68
12504,difficult dog,policy_2_1,p0034,68
12505,difficult dog,policy_2_1,p0036,55
12506,difficult dog,policy_2_1,p0037,62
12507,difficult dog,policy_2_1,p0042,65
12508,difficult dog,policy_2_1,p0057,62
12509,difficult dog,policy_2_1,p0066,62
12510,difficult dog,policy_2_1,p0069,65
12511,difficult dog,policy_2_1,p0072,75
12512,difficult dog,policy_2_1,p0073,68
12513,difficult dog,policy_2_1,p0082,78
12514,difficult dog,policy_2_1,p0091,82
12515,difficult dog,policy_2_1,p0092,65
12516,difficult dog,policy_2_1,p0093,68
12517,difficult dog,policy_2_1,p0095,78
12518,difficult dog,policy_2_1,p0107,62
12519,difficult dog,policy_2_1,p0114,78
12520,difficult dog,policy_2_1,p0116,62
12521,difficult dog,policy_2_1,p0118,62
12522,difficult dog,policy_2_1,p0119,75
12523,difficult dog,policy_2_1,p0126,65
12524,difficult dog,policy_2_1,p0129,78
12525,difficult dog,policy_2_1,p0136,55
12526,difficult dog,policy_2_1,p0138,45
12527,difficult dog,policy_2_1,p0144,62
12528,difficult dog,policy_2_1,p0150,65
12529,difficult dog,policy_2_1,p0152,62
12530,difficult dog,policy_2_1,p0158,45
12531,difficult dog,policy_2_1,p0161,68
12532,difficult dog,policy_2_1,p0164,45
12533,difficult dog,policy_2_1,p0175,68
12534,difficult dog,policy_2_1,p0177,68
12535,difficult dog,policy_2_1,p0178,78
12536,difficult dog,policy_2_1,p0181,25
12537,difficult dog,policy_2_1,p0186,62
12538,difficult dog,policy_2_1,p0196,62
12539,difficult dog,policy_2_1,p0198,78
12540,difficult dog,policy_2_1,p0202,75
12541,difficult dog,policy_2_1,p0205,45
12542,difficult dog,policy_2_1,p0207,55
12543,difficult dog,policy_2_1,p0211,45
12544,difficult dog,policy_2_1,p0227,78
12545,difficult dog,policy_2_1,p0229,65
12546,difficult dog,policy_2_1,p0232,68
12547,difficult dog,policy_2_1,p0233,45
12548,difficult dog,policy_2_1,p0237,78
12549,difficult dog,policy_2_1,p0258,62
12550,difficult dog,policy_2_1,p0268,25
12551,difficult dog,policy_2_1,p0274,78
12552,difficult dog,policy_2_1,p0275,25
12553,difficult dog,policy_2_1,p0277,65
12554,difficult dog,policy_2_1,p0288,75
12555,difficult dog,policy_2_1,p0291,68
12556,difficult dog,policy_2_1,p0307,45
12557,difficult dog,policy_2_1,p0308,62
12558,difficult dog,policy_2_1,p0317,35
12559,difficult dog,policy_2_1,p0325,78
12560,difficult dog,policy_2_1,p0327,78
12561,difficult dog,policy_2_1,p0334,78
12562,difficult dog,policy_2_1,p0336,78
12563,difficult dog,policy_2_1,p0338,45
12564,difficult dog,policy_2_1,p0342,68
12565,difficult dog,policy_2_1,p0349,62
12566,difficult dog,policy_2_1,p0356,65
12567,difficult dog,policy_2_1,p0358,68
12568,difficult dog,policy_2_1,p0363,65
12569,difficult dog,policy_2_1,p0364,78
12570,difficult dog,policy_2_1,p0369,78
12571,difficult dog,policy_2_1,p0370,45
12572,difficult dog,policy_2_1,p0371,62
12573,difficult dog,policy_2_1,p0379,62
12574,difficult dog,policy_2_1,p0386,78
12575,difficult dog,policy_2_1,p0396,78
12576,difficult dog,policy_2_1,p0403,65
12577,difficult dog,policy_2_1,p0405,75
12578,difficult dog,policy_2_1,p0412,68
12579,difficult dog,policy_2_1,p0415,45
12580,difficult dog,policy_2_1,p0416,62
12581,difficult dog,policy_2_1,p0417,68
12582,difficult dog,policy_2_1,p0418,45
12583,difficult dog,policy_2_1,p0430,78
12584,difficult dog,policy_2_1,p0431,78
12585,difficult dog,policy_2_1,p0434,25
12586,difficult dog,policy_2_1,p0438,82
12587,difficult dog,policy_2_1,p0441,75
12588,difficult dog,policy_2_1,p0442,45
12589,difficult dog,policy_2_1,p0449,62
12590,difficult dog,policy_2_1,p0450,65
12591,difficult dog,policy_2_1,p0465,45
12592,difficult dog,policy_2_1,p0471,65
12593,difficult dog,policy_2_1,p0477,65
12594,difficult dog,policy_2_1,p0483,68
12595,difficult dog,policy_2_1,p0486,68
12596,difficult dog,policy_2_1,p0487,68
12597,difficult dog,policy_2_1,p0489,68
12598,difficult dog,policy_2_1,p0497,45
12599,difficult dog,policy_2_1,p0502,62
12600,difficult dog,policy_2_1,p0503,68
12601,difficult dog,policy_2_1,p0506,62
12602,difficult dog,policy_2_1,p0511,75
12603,difficult dog,policy_2_1,p0523,68
12604,difficult dog,policy_2_1,p0534,78
12605,difficult dog,policy_2_1,p0536,62
12606,difficult dog,policy_2_1,p0542,35
12607,difficult dog,policy_2_1,p0547,78
12608,difficult dog,policy_2_1,p0553,68
12609,difficult dog,policy_2_1,p0559,75
12610,difficult dog,policy_2_1,p0566,68
12611,difficult dog,policy_2_1,p0568,75
12612,difficult dog,policy_2_1,p0570,45
12613,difficult dog,policy_2_1,p0573,72
12614,difficult dog,policy_2_1,p0578,62
12615,difficult dog,policy_2_1,p0594,45
12616,difficult dog,policy_2_1,p0597,62
12617,difficult dog,policy_2_1,p0601,65
12618,difficult dog,policy_2_1,p0602,45
12619,difficult dog,policy_2_1,p0605,62
12620,difficult dog,policy_2_1,p0615,65
12621,difficult dog,policy_2_1,p0620,68
12622,difficult dog,policy_2_1,p0626,62
12623,difficult dog,policy_2_1,p0629,78
12624,difficult dog,policy_2_1,p0633,55
12625,difficult dog,policy_2_1,p0638,68
12626,difficult dog,policy_2_1,p0639,78
12627,difficult dog,policy_2_1,p0640,55
12628,difficult dog,policy_2_1,p0655,65
12629,difficult dog,policy_2_1,p0656,68
12630,difficult dog,policy_2_1,p0658,45
12631,difficult dog,policy_2_1,p0661,62
12632,difficult dog,policy_2_1,p0669,75
12633,difficult dog,policy_2_1,p0670,62
12634,difficult dog,policy_2_1,p0672,68
12635,difficult dog,policy_2_1,p0674,78
12636,difficult dog,policy_2_1,p0678,78
12637,difficult dog,policy_2_1,p0683,68
12638,difficult dog,policy_2_1,p0686,62
12639,difficult dog,policy_2_1,p0687,78
12640,difficult dog,policy_2_1,p0698,62
12641,difficult dog,policy_2_1,p0700,62
12642,difficult dog,policy_2_1,p0703,62
12643,difficult dog,policy_2_1,p0718,65
12644,difficult dog,policy_2_1,p0744,78
12645,difficult dog,policy_2_1,p0745,68
12646,difficult dog,policy_2_1,p0753,45
12647,difficult dog,policy_2_1,p0770,68
12648,difficult dog,policy_2_1,p0771,75
12649,difficult dog,policy_2_1,p0777,82
12650,difficult dog,policy_2_1,p0779,68
12651,difficult dog,policy_2_1,p0780,45
12652,difficult dog,policy_2_1,p0783,65
12653,difficult dog,policy_2_1,p0785,62
12654,difficult dog,policy_2_1,p0786,45
12655,difficult dog,policy_2_1,p0794,25
12656,difficult dog,policy_2_1,p0798,35
12657,difficult dog,policy_2_1,p0800,68
12658,difficult dog,policy_2_1,p0820,35
12659,difficult dog,policy_2_1,p0841,45
12660,difficult dog,policy_2_1,p0849,65
12661,difficult dog,policy_2_1,p0862,78
12662,difficult dog,policy_2_1,p0867,78
12663,difficult dog,policy_2_1,p0869,65
12664,difficult dog,policy_2_1,p0872,78
12665,difficult dog,policy_2_1,p0880,72
12666,difficult dog,policy_2_1,p0891,65
12667,difficult dog,policy_2_1,p0916,68
12668,difficult dog,policy_2_1,p0917,75
12669,difficult dog,policy_2_1,p0919,78
12670,difficult dog,policy_2_1,p0922,62
12671,difficult dog,policy_2_1,p0925,62
12672,difficult dog,policy_2_1,p0927,75
12673,difficult dog,policy_2_1,p0929,68
12674,difficult dog,policy_2_1,p0930,65
12675,difficult dog,policy_2_1,p0931,45
12676,difficult dog,policy_2_1,p0933,68
12677,difficult dog,policy_2_1,p0934,25
12678,difficult dog,policy_2_1,p0936,72
12679,difficult dog,policy_2_1,p0938,68
12680,difficult dog,policy_2_1,p0939,62
12681,difficult dog,policy_2_1,p0946,62
12682,difficult dog,policy_2_1,p0951,65
12683,difficult dog,policy_2_1,p0956,65
12684,difficult dog,policy_2_1,p0962,65
12685,difficult dog,policy_2_1,p0963,78
12686,difficult dog,policy_2_1,p0969,65
12687,difficult dog,policy_2_1,p0972,45
12688,difficult dog,policy_2_1,p0975,72
12689,difficult dog,policy_2_1,p0985,62
12690,difficult dog,policy_2_1,p0993,75
12691,difficult dog,policy_2_1,p0996,62
12692,difficult dog,policy_2_1,p1011,45
12693,difficult dog,policy_2_1,p1017,45
12694,difficult dog,policy_2_1,p1020,62
12695,difficult dog,policy_2_1,p1022,78
12696,difficult dog,policy_2_1,p1024,45
12697,difficult dog,policy_2_1,p1027,78
12698,difficult dog,policy_2_1,p1028,85
12699,difficult dog,policy_2_1,p1029,45
12700,difficult dog,policy_2_1,p1032,68
12701,difficult dog,policy_2_1,p1040,68
12702,difficult dog,policy_2_1,p1047,65
12703,difficult dog,policy_2_1,p1048,45
12704,difficult dog,policy_2_1,p1053,55
12705,difficult dog,policy_2_1,p1057,62
12706,difficult dog,policy_2_1,p1058,55
12707,difficult dog,policy_2_1,p1063,62
12708,difficult dog,policy_2_1,p1064,78
12709,difficult dog,policy_2_1,p1065,55
12710,difficult dog,policy_2_1,p1069,65
12711,difficult dog,policy_2_1,p1072,68
12712,difficult dog,policy_2_1,p1073,68
12713,difficult dog,policy_2_1,p1075,75
12714,difficult dog,policy_2_1,p1076,62
12715,difficult dog,policy_2_1,p1083,45
12716,difficult dog,policy_2_1,p1089,78
12717,difficult dog,policy_2_1,p1093,75
12718,difficult dog,policy_2_1,p1096,68
12719,difficult dog,policy_2_1,p1100,65
12720,difficult dog,policy_2_1,p1106,68
12721,difficult dog,policy_2_1,p1107,45
12722,difficult dog,policy_2_1,p1113,65
12723,difficult dog,policy_2_1,p1117,45
12724,difficult dog,policy_2_1,p1120,65
12725,difficult dog,policy_2_1,p1134,65
12726,difficult dog,policy_2_1,p1136,45
12727,difficult dog,policy_2_1,p1138,62
12728,difficult dog,policy_2_1,p1144,65
12729,difficult dog,policy_2_1,p1145,78
12730,difficult dog,policy_2_1,p1147,78
12731,difficult dog,policy_2_1,p1148,78
12732,difficult dog,policy_2_1,p1154,78
12733,difficult dog,policy_2_1,p1159,75
12734,difficult dog,policy_2_1,p1167,68
12735,difficult dog,policy_2_1,p1175,68
12736,difficult dog,policy_2_1,p1178,62
12737,difficult dog,policy_2_1,p1184,62
12738,difficult dog,policy_2_1,p1186,68
12739,difficult dog,policy_2_1,p1196,65
12740,difficult dog,policy_2_1,p1197,65
12741,difficult dog,policy_2_1,p1203,68
12742,difficult dog,policy_2_1,p1219,62
12743,difficult dog,policy_2_1,p1225,62
12744,difficult dog,policy_2_1,p1234,68
12745,difficult dog,policy_2_1,p1242,68
12746,difficult dog,policy_2_1,p1244,68
12747,difficult dog,policy_2_1,p1249,62
12748,difficult dog,policy_2_1,p1250,65
12749,difficult dog,policy_2_1,p1256,68
12750,difficult dog,policy_2_1,p1258,75
12751,difficult dog,policy_2_1,p1260,65
12752,difficult dog,policy_2_1,p1262,45
12753,difficult dog,policy_2_1,p1264,62
12754,difficult dog,policy_2_1,p1265,68
12755,difficult dog,policy_2_1,p1269,68
12756,difficult dog,policy_2_1,p1272,65
12757,difficult dog,policy_2_1,p1278,75
12758,difficult dog,policy_2_1,p1281,75
12759,difficult dog,policy_2_1,p1292,62
12760,difficult dog,policy_2_1,p1299,62
12761,difficult dog,policy_2_1,p1312,62
12762,difficult dog,policy_2_1,p1322,65
12763,difficult dog,policy_2_1,p1326,65
12764,difficult dog,policy_2_1,p1330,68
12765,difficult dog,policy_2_1,p1335,68
12766,difficult dog,policy_2_1,p1337,78
12767,difficult dog,policy_2_1,p1340,68
12768,difficult dog,policy_2_1,p1345,68
12769,difficult dog,policy_2_1,p1351,65
12770,difficult dog,policy_2_1,p1355,62
12771,difficult dog,policy_2_1,p1362,75
12772,difficult dog,policy_2_1,p1365,45
12773,difficult dog,policy_2_1,p1366,45
12774,difficult dog,policy_2_1,p1367,45
12775,difficult dog,policy_2_1,p1370,65
12776,difficult dog,policy_2_1,p1371,85
12777,difficult dog,policy_2_1,p1373,62
12778,difficult dog,policy_2_1,p1375,35
12779,difficult dog,policy_2_1,p1376,45
12780,difficult dog,policy_2_1,p1379,68
12781,difficult dog,policy_2_1,p1381,62
12782,difficult dog,policy_2_1,p1393,72
12783,difficult dog,policy_2_1,p1396,78
12784,difficult dog,policy_2_1,p1398,68
12785,difficult dog,policy_2_1,p1404,75
12786,difficult dog,policy_2_1,p1406,62
12787,difficult dog,policy_2_1,p1407,45
12788,difficult dog,policy_2_1,p1409,68
12789,difficult dog,policy_2_1,p1412,75
12790,difficult dog,policy_2_1,p1414,78
12791,difficult dog,policy_2_1,p1424,68
12792,difficult dog,policy_2_1,p1425,62
12793,difficult dog,policy_2_1,p1429,65
12794,difficult dog,policy_2_1,p1434,68
12795,difficult dog,policy_2_1,p1441,65
12796,difficult dog,policy_2_1,p1445,68
12797,difficult dog,policy_2_1,p1450,68
12798,difficult dog,policy_2_1,p1454,68
12799,difficult dog,policy_2_1,p1456,45
12800,difficult dog,policy_2_1,p1457,55
12801,difficult dog,policy_2_1,p1458,82
12802,difficult dog,policy_2_1,p1469,68
12803,difficult dog,policy_2_1,p1470,65
12804,difficult dog,policy_2_1,p1481,65
12805,difficult dog,policy_2_1,p1488,62
12806,difficult dog,policy_2_1,p1492,45
12807,difficult dog,policy_2_1,p1495,62
12808,difficult dog,policy_2_1,p1497,65
12809,difficult dog,policy_2_1,p1499,68
12810,difficult dog,policy_2_1,p1503,62
12811,difficult dog,policy_2_1,p1511,68
12812,difficult dog,policy_2_1,p1512,45
12813,difficult dog,policy_2_1,p1518,65
12814,difficult dog,policy_2_1,p1519,62
12815,difficult dog,policy_2_1,p1520,45
12816,difficult dog,policy_2_1,p1524,68
12817,difficult dog,policy_2_1,p1526,65
12818,difficult dog,policy_2_1,p1537,68
12819,difficult dog,policy_2_1,p1545,65
12820,difficult dog,policy_2_1,p1547,78
12821,difficult dog,policy_2_1,p1552,85
12822,difficult dog,policy_2_1,p1567,75
12823,difficult dog,policy_2_1,p1568,65
12824,difficult dog,policy_2_1,p1579,25
12825,difficult dog,policy_2_1,p1587,45
12826,difficult dog,policy_2_1,p1596,62
12827,difficult dog,policy_2_1,p1600,78
12828,difficult dog,policy_2_1,p1603,65
12829,difficult dog,policy_2_1,p1604,68
12830,difficult dog,policy_2_1,p1610,55
12831,difficult dog,policy_2_1,p1618,65
12832,difficult dog,policy_2_1,p1619,78
12833,difficult dog,policy_2_1,p1622,68
12834,difficult dog,policy_2_1,p1623,25
12835,difficult dog,policy_2_1,p1630,45
12836,difficult dog,policy_2_1,p1641,75
12837,difficult dog,policy_2_1,p1649,55
12838,difficult dog,policy_2_1,p1652,62
12839,difficult dog,policy_2_1,p1665,62
12840,difficult dog,policy_2_1,p1669,62
12841,difficult dog,policy_2_1,p1685,68
12842,difficult dog,policy_2_1,p1693,62
12843,difficult dog,policy_2_1,p1698,75
12844,difficult dog,policy_2_1,p1704,62
12845,difficult dog,policy_2_1,p1711,78
12846,difficult dog,policy_2_1,p1718,45
12847,difficult dog,policy_2_1,p1732,62
12848,difficult dog,policy_2_1,p1739,68
12849,difficult dog,policy_2_1,p1741,78
12850,difficult dog,policy_2_1,p1746,45
12851,difficult dog,policy_2_1,p1751,35
12852,difficult dog,policy_2_1,p1754,75
12853,difficult dog,policy_2_1,p1769,45
12854,difficult dog,policy_2_1,p1771,68
12855,difficult dog,policy_2_1,p1776,65
12856,difficult dog,policy_2_1,p1780,68
12857,difficult dog,policy_2_1,p1785,45
12858,difficult dog,policy_2_1,p1791,65
12859,difficult dog,policy_2_1,p1793,68
12860,difficult dog,policy_2_1,p1796,55
12861,difficult dog,policy_2_1,p1805,65
12862,difficult dog,policy_2_1,p1812,78
12863,difficult dog,policy_2_1,p1816,45
12864,difficult dog,policy_2_1,p1819,68
12865,difficult dog,policy_2_1,p1825,68
12866,difficult dog,policy_2_1,p1836,75
12867,difficult dog,policy_2_1,p1839,68
12868,difficult dog,policy_2_1,p1861,68
12869,difficult dog,policy_2_1,p1863,72
12870,difficult dog,policy_2_1,p1873,55
12871,difficult dog,policy_2_1,p1875,55
12872,difficult dog,policy_2_1,p1876,78
12873,difficult dog,policy_2_1,p1877,75
12874,difficult dog,policy_2_1,p1880,62
12875,difficult dog,policy_2_1,p1883,68
12876,difficult dog,policy_2_1,p1889,25
12877,difficult dog,policy_2_1,p1893,75
12878,difficult dog,policy_2_1,p1896,75
12879,difficult dog,policy_2_1,p1913,68
12880,difficult dog,policy_2_1,p1922,75
12881,difficult dog,policy_2_1,p1930,68
12882,difficult dog,policy_2_1,p1935,68
12883,difficult dog,policy_2_1,p1940,78
12884,difficult dog,policy_2_1,p1948,45
12885,difficult dog,policy_2_1,p1950,65
12886,difficult dog,policy_2_1,p1954,62
12887,difficult dog,policy_2_1,p1956,35
12888,difficult dog,policy_2_1,p1958,65
12889,difficult dog,policy_2_1,p1967,68
12890,difficult dog,policy_2_1,p1973,85
12891,difficult dog,policy_2_1,p1978,65
12892,difficult dog,policy_2_1,p1983,45
12893,difficult dog,policy_2_1,p1984,55
12894,difficult dog,policy_2_1,p1995,62
12895,difficult dog,policy_2_1,p1996,62
12896,difficult dog,policy_2_1,p1997,68
12897,difficult dog,policy_2_1,p2001,78
12898,difficult dog,policy_2_1,p2002,65
12899,difficult dog,policy_2_1,p2013,78
12900,difficult dog,policy_2_1,p2014,45
12901,difficult dog,policy_2_1,p2016,68
12902,difficult dog,policy_2_1,p2018,62
12903,difficult dog,policy_2_1,p2023,78
12904,difficult dog,policy_2_1,p2025,75
12905,difficult dog,policy_2_1,p2028,68
12906,difficult dog,policy_2_1,p2030,68
12907,difficult dog,policy_2_1,p2033,65
12908,difficult dog,policy_2_1,p2040,35
12909,difficult dog,policy_2_1,p2051,65
12910,difficult dog,policy_2_1,p2052,55
12911,difficult dog,policy_2_1,p2066,45
12912,difficult dog,policy_2_1,p2067,75
12913,difficult dog,policy_2_1,p2073,78
12914,difficult dog,policy_2_1,p2077,65
12915,difficult dog,policy_2_1,p2078,55
12916,difficult dog,policy_2_1,p2086,72
12917,difficult dog,policy_2_1,p2089,78
12918,difficult dog,policy_2_1,p2093,25
12919,difficult dog,policy_2_1,p2094,75
12920,difficult dog,policy_2_1,p2111,65
12921,difficult dog,policy_2_1,p2117,68
12922,difficult dog,policy_2_1,p2121,65
12923,difficult dog,policy_2_1,p2127,65
12924,difficult dog,policy_2_1,p2141,65
12925,difficult dog,policy_2_1,p2142,35
12926,difficult dog,policy_2_1,p2143,68
12927,difficult dog,policy_2_1,p2153,65
12928,difficult dog,policy_2_1,p2155,45
12929,difficult dog,policy_2_1,p2169,45
12930,difficult dog,policy_2_1,p2187,62
12931,difficult dog,policy_2_1,p2188,68
12932,difficult dog,policy_2_1,p2197,65
12933,difficult dog,policy_2_1,p2213,62
12934,difficult dog,policy_2_1,p2214,68
12935,difficult dog,policy_2_1,p2215,75
12936,difficult dog,policy_2_1,p2220,62
12937,difficult dog,policy_2_1,p2223,62
12938,difficult dog,policy_2_1,p2229,62
12939,difficult dog,policy_2_1,p2234,85
12940,difficult dog,policy_2_1,p2237,78
12941,difficult dog,policy_2_1,p2238,62
12942,difficult dog,policy_2_1,p2244,62
12943,difficult dog,policy_2_1,p2248,62
12944,difficult dog,policy_2_1,p2252,78
12945,difficult dog,policy_2_1,p2255,25
12946,difficult dog,policy_2_1,p2261,35
12947,difficult dog,policy_2_1,p2263,65
12948,difficult dog,policy_2_1,p2273,62
12949,difficult dog,policy_2_1,p2275,72
12950,difficult dog,policy_2_1,p2276,55
12951,difficult dog,policy_2_1,p2283,45
12952,difficult dog,policy_2_1,p2287,68
12953,difficult dog,policy_2_1,p2296,45
12954,difficult dog,policy_2_1,p2298,55
12955,difficult dog,policy_2_1,p2304,78
12956,difficult dog,policy_2_1,p2310,45
12957,difficult dog,policy_2_1,p2322,45
12958,difficult dog,policy_2_1,p2326,62
12959,difficult dog,policy_2_1,p2330,45
12960,difficult dog,policy_2_1,p2331,65
12961,difficult dog,policy_2_1,p2333,62
12962,difficult dog,policy_2_1,p2347,75
12963,difficult dog,policy_2_1,p2350,55
12964,difficult dog,policy_2_1,p2351,62
12965,difficult dog,policy_2_1,p2353,68
12966,difficult dog,policy_2_1,p2355,65
12967,difficult dog,policy_2_1,p2363,45
12968,difficult dog,policy_2_1,p2378,72
12969,difficult dog,policy_2_1,p2380,75
12970,difficult dog,policy_2_1,p2387,68
12971,difficult dog,policy_2_1,p2398,68
12972,difficult dog,policy_2_1,p2400,75
12973,difficult dog,policy_2_1,p2403,75
12974,difficult dog,policy_2_1,p2408,45
12975,difficult dog,policy_2_1,p2418,62
12976,difficult dog,policy_2_1,p2426,78
12977,difficult dog,policy_2_1,p2428,55
12978,difficult dog,policy_2_1,p2434,68
12979,difficult dog,policy_2_1,p2446,45
12980,difficult dog,policy_2_1,p2452,55
12981,difficult dog,policy_2_1,p2454,45
12982,difficult dog,policy_2_1,p2462,72
12983,difficult dog,policy_2_1,p2467,25
12984,difficult dog,policy_2_1,p2482,62
12985,difficult dog,policy_2_1,p2489,65
12986,difficult dog,policy_2_1,p2490,65
12987,difficult dog,policy_2_1,p2494,45
12988,difficult dog,policy_2_1,p2502,78
12989,difficult dog,policy_2_1,p2503,68
12990,difficult dog,policy_2_1,p2522,78
12991,difficult dog,policy_2_1,p2524,78
12992,difficult dog,policy_2_1,p2533,45
12993,difficult dog,policy_2_1,p2566,65
12994,difficult dog,policy_2_1,p2571,78
12995,difficult dog,policy_2_1,p2573,55
12996,difficult dog,policy_2_1,p2582,62
12997,difficult dog,policy_2_1,p2591,45
12998,difficult dog,policy_2_1,p2592,62
12999,difficult dog,policy_2_1,p2595,25
13000,difficult dog,policy_3_1,p0016,85
13001,difficult dog,policy_3_1,p0022,90
13002,difficult dog,policy_3_1,p0023,92
13003,difficult dog,policy_3_1,p0026,88
13004,difficult dog,policy_3_1,p0034,85
13005,difficult dog,policy_3_1,p0036,85
13006,difficult dog,policy_3_1,p0037,85
13007,difficult dog,policy_3_1,p0042,92
13008,difficult dog,policy_3_1,p0057,85
13009,difficult dog,policy_3_1,p0066,85
13010,difficult dog,policy_3_1,p0069,92
13011,difficult dog,policy_3_1,p0072,92
13012,difficult dog,policy_3_1,p0073,92
13013,difficult dog,policy_3_1,p0082,85
13014,difficult dog,policy_3_1,p0091,95
13015,difficult dog,policy_3_1,p0092,85
13016,difficult dog,policy_3_1,p0093,92
13017,difficult dog,policy_3_1,p0095,85
13018,difficult dog,policy_3_1,p0107,78
13019,difficult dog,policy_3_1,p0114,92
13020,difficult dog,policy_3_1,p0116,85
13021,difficult dog,policy_3_1,p0118,85
13022,difficult dog,policy_3_1,p0119,90
13023,difficult dog,policy_3_1,p0126,92
13024,difficult dog,policy_3_1,p0129,92
13025,difficult dog,policy_3_1,p0136,85
13026,difficult dog,policy_3_1,p0138,78
13027,difficult dog,policy_3_1,p0144,85
13028,difficult dog,policy_3_1,p0150,85
13029,difficult dog,policy_3_1,p0152,85
13030,difficult dog,policy_3_1,p0158,75
13031,difficult dog,policy_3_1,p0161,85
13032,difficult dog,policy_3_1,p0164,85
13033,difficult dog,policy_3_1,p0175,92
13034,difficult dog,policy_3_1,p0177,85
13035,difficult dog,policy_3_1,p0178,92
13036,difficult dog,policy_3_1,p0181,75
13037,difficult dog,policy_3_1,p0186,85
13038,difficult dog,policy_3_1,p0196,90
13039,difficult dog,policy_3_1,p0198,88
13040,difficult dog,policy_3_1,p0202,92
13041,difficult dog,policy_3_1,p0205,85
13042,difficult dog,policy_3_1,p0207,90
13043,difficult dog,policy_3_1,p0211,85
13044,difficult dog,policy_3_1,p0227,92
13045,difficult dog,policy_3_1,p0229,85
13046,difficult dog,policy_3_1,p0232,90
13047,difficult dog,policy_3_1,p0233,85
13048,difficult dog,policy_3_1,p0237,92
13049,difficult dog,policy_3_1,p0258,85
13050,difficult dog,policy_3_1,p0268,75
13051,difficult dog,policy_3_1,p0274,85
13052,difficult dog,policy_3_1,p0275,65
13053,difficult dog,policy_3_1,p0277,85
13054,difficult dog,policy_3_1,p0288,92
13055,difficult dog,policy_3_1,p0291,90
13056,difficult dog,policy_3_1,p0307,85
13057,difficult dog,policy_3_1,p0308,92
13058,difficult dog,policy_3_1,p0317,85
13059,difficult dog,policy_3_1,p0325,92
13060,difficult dog,policy_3_1,p0327,90
13061,difficult dog,policy_3_1,p0334,88
13062,difficult dog,policy_3_1,p0336,85
13063,difficult dog,policy_3_1,p0338,75
13064,difficult dog,policy_3_1,p0342,92
13065,difficult dog,policy_3_1,p0349,85
13066,difficult dog,policy_3_1,p0356,85
13067,difficult dog,policy_3_1,p0358,85
13068,difficult dog,policy_3_1,p0363,92
13069,difficult dog,policy_3_1,p0364,88
13070,difficult dog,policy_3_1,p0369,92
13071,difficult dog,policy_3_1,p0370,75
13072,difficult dog,policy_3_1,p0371,85
13073,difficult dog,policy_3_1,p0379,78
13074,difficult dog,policy_3_1,p0386,92
13075,difficult dog,policy_3_1,p0396,85
13076,difficult dog,policy_3_1,p0403,88
13077,difficult dog,policy_3_1,p0405,95
13078,difficult dog,policy_3_1,p0412,88
13079,difficult dog,policy_3_1,p0415,75
13080,difficult dog,policy_3_1,p0416,90
13081,difficult dog,policy_3_1,p0417,88
13082,difficult dog,policy_3_1,p0418,75
13083,difficult dog,policy_3_1,p0430,92
13084,difficult dog,policy_3_1,p0431,92
13085,difficult dog,policy_3_1,p0434,75
13086,difficult dog,policy_3_1,p0438,92
13087,difficult dog,policy_3_1,p0441,92
13088,difficult dog,policy_3_1,p0442,75
13089,difficult dog,policy_3_1,p0449,85
13090,difficult dog,policy_3_1,p0450,92
13091,difficult dog,policy_3_1,p0465,85
13092,difficult dog,policy_3_1,p0471,92
13093,difficult dog,policy_3_1,p0477,92
13094,difficult dog,policy_3_1,p0483,85
13095,difficult dog,policy_3_1,p0486,92
13096,difficult dog,policy_3_1,p0487,90
13097,difficult dog,policy_3_1,p0489,92
13098,difficult dog,policy_3_1,p0497,90
13099,difficult dog,policy_3_1,p0502,85
13100,difficult dog,policy_3_1,p0503,92
13101,difficult dog,policy_3_1,p0506,85
13102,difficult dog,policy_3_1,p0511,90
13103,difficult dog,policy_3_1,p0523,88
13104,difficult dog,policy_3_1,p0534,92
13105,difficult dog,policy_3_1,p0536,92
13106,difficult dog,policy_3_1,p0542,92
13107,difficult dog,policy_3_1,p0547,90
13108,difficult dog,policy_3_1,p0553,88
13109,difficult dog,policy_3_1,p0559,88
13110,difficult dog,policy_3_1,p0566,90
13111,difficult dog,policy_3_1,p0568,85
13112,difficult dog,policy_3_1,p0570,75
13113,difficult dog,policy_3_1,p0573,85
13114,difficult dog,policy_3_1,p0578,85
13115,difficult dog,policy_3_1,p0594,78
13116,difficult dog,policy_3_1,p0597,90
13117,difficult dog,policy_3_1,p0601,90
13118,difficult dog,policy_3_1,p0602,75
13119,difficult dog,policy_3_1,p0605,85
13120,difficult dog,policy_3_1,p0615,85
13121,difficult dog,policy_3_1,p0620,88
13122,difficult dog,policy_3_1,p0626,85
13123,difficult dog,policy_3_1,p0629,90
13124,difficult dog,policy_3_1,p0633,85
13125,difficult dog,policy_3_1,p0638,88
13126,difficult dog,policy_3_1,p0639,85
13127,difficult dog,policy_3_1,p0640,85
13128,difficult dog,policy_3_1,p0655,92
13129,difficult dog,policy_3_1,p0656,85
13130,difficult dog,policy_3_1,p0658,85
13131,difficult dog,policy_3_1,p0661,85
13132,difficult dog,policy_3_1,p0669,92
13133,difficult dog,policy_3_1,p0670,85
13134,difficult dog,policy_3_1,p0672,85
13135,difficult dog,policy_3_1,p0674,88
13136,difficult dog,policy_3_1,p0678,88
13137,difficult dog,policy_3_1,p0683,85
13138,difficult dog,policy_3_1,p0686,75
13139,difficult dog,policy_3_1,p0687,88
13140,difficult dog,policy_3_1,p0698,85
13141,difficult dog,policy_3_1,p0700,85
13142,difficult dog,policy_3_1,p0703,85
13143,difficult dog,policy_3_1,p0718,90
13144,difficult dog,policy_3_1,p0744,92
13145,difficult dog,policy_3_1,p0745,90
13146,difficult dog,policy_3_1,p0753,85
13147,difficult dog,policy_3_1,p0770,92
13148,difficult dog,policy_3_1,p0771,88
13149,difficult dog,policy_3_1,p0777,95
13150,difficult dog,policy_3_1,p0779,85
13151,difficult dog,policy_3_1,p0780,75
13152,difficult dog,policy_3_1,p0783,85
13153,difficult dog,policy_3_1,p0785,85
13154,difficult dog,policy_3_1,p0786,85
13155,difficult dog,policy_3_1,p0794,85
13156,difficult dog,policy_3_1,p0798,85
13157,difficult dog,policy_3_1,p0800,92
13158,difficult dog,policy_3_1,p0820,75
13159,difficult dog,policy_3_1,p0841,85
13160,difficult dog,policy_3_1,p0849,85
13161,difficult dog,policy_3_1,p0862,92
13162,difficult dog,policy_3_1,p0867,85
13163,difficult dog,policy_3_1,p0869,92
13164,difficult dog,policy_3_1,p0872,85
13165,difficult dog,policy_3_1,p0880,85
13166,difficult dog,policy_3_1,p0891,92
13167,difficult dog,policy_3_1,p0916,92
13168,difficult dog,policy_3_1,p0917,92
13169,difficult dog,policy_3_1,p0919,92
13170,difficult dog,policy_3_1,p0922,85
13171,difficult dog,policy_3_1,p0925,92
13172,difficult dog,policy_3_1,p0927,88
13173,difficult dog,policy_3_1,p0929,85
13174,difficult dog,policy_3_1,p0930,85
13175,difficult dog,policy_3_1,p0931,85
13176,difficult dog,policy_3_1,p0933,85
13177,difficult dog,policy_3_1,p0934,85
13178,difficult dog,policy_3_1,p0936,85
13179,difficult dog,policy_3_1,p0938,88
13180,difficult dog,policy_3_1,p0939,85
13181,difficult dog,policy_3_1,p0946,85
13182,difficult dog,policy_3_1,p0951,85
13183,difficult dog,policy_3_1,p0956,92
13184,difficult dog,policy_3_1,p0962,92
13185,difficult dog,policy_3_1,p0963,85
13186,difficult dog,policy_3_1,p0969,85
13187,difficult dog,policy_3_1,p0972,85
13188,difficult dog,policy_3_1,p0975,85
13189,difficult dog,policy_3_1,p0985,85
13190,difficult dog,policy_3_1,p0993,90
13191,difficult dog,policy_3_1,p0996,85
13192,difficult dog,policy_3_1,p1011,75
13193,difficult dog,policy_3_1,p1017,90
13194,difficult dog,policy_3_1,p1020,90
13195,difficult dog,policy_3_1,p1022,92
13196,difficult dog,policy_3_1,p1024,85
13197,difficult dog,policy_3_1,p1027,92
13198,difficult dog,policy_3_1,p1028,95
13199,difficult dog,policy_3_1,p1029,75
13200,difficult dog,policy_3_1,p1032,85
13201,difficult dog,policy_3_1,p1040,92
13202,difficult dog,policy_3_1,p1047,92
13203,difficult dog,policy_3_1,p1048,85
13204,difficult dog,policy_3_1,p1053,85
13205,difficult dog,policy_3_1,p1057,85
13206,difficult dog,policy_3_1,p1058,85
13207,difficult dog,policy_3_1,p1063,90
13208,difficult dog,policy_3_1,p1064,90
13209,difficult dog,policy_3_1,p1065,85
13210,difficult dog,policy_3_1,p1069,85
13211,difficult dog,policy_3_1,p1072,92
13212,difficult dog,policy_3_1,p1073,90
13213,difficult dog,policy_3_1,p1075,90
13214,difficult dog,policy_3_1,p1076,85
13215,difficult dog,policy_3_1,p1083,75
13216,difficult dog,policy_3_1,p1089,92
13217,difficult dog,policy_3_1,p1093,92
13218,difficult dog,policy_3_1,p1096,88
13219,difficult dog,policy_3_1,p1100,90
13220,difficult dog,policy_3_1,p1106,92
13221,difficult dog,policy_3_1,p1107,85
13222,difficult dog,policy_3_1,p1113,92
13223,difficult dog,policy_3_1,p1117,90
13224,difficult dog,policy_3_1,p1120,85
13225,difficult dog,policy_3_1,p1134,85
13226,difficult dog,policy_3_1,p1136,78
13227,difficult dog,policy_3_1,p1138,85
13228,difficult dog,policy_3_1,p1144,92
13229,difficult dog,policy_3_1,p1145,92
13230,difficult dog,policy_3_1,p1147,92
13231,difficult dog,policy_3_1,p1148,92
13232,difficult dog,policy_3_1,p1154,92
13233,difficult dog,policy_3_1,p1159,92
13234,difficult dog,policy_3_1,p1167,92
13235,difficult dog,policy_3_1,p1175,85
13236,difficult dog,policy_3_1,p1178,85
13237,difficult dog,policy_3_1,p1184,85
13238,difficult dog,policy_3_1,p1186,92
13239,difficult dog,policy_3_1,p1196,85
13240,difficult dog,policy_3_1,p1197,85
13241,difficult dog,policy_3_1,p1203,92
13242,difficult dog,policy_3_1,p1219,85
13243,difficult dog,policy_3_1,p1225,85
13244,difficult dog,policy_3_1,p1234,85
13245,difficult dog,policy_3_1,p1242,85
13246,difficult dog,policy_3_1,p1244,92
13247,difficult dog,policy_3_1,p1249,78
13248,difficult dog,policy_3_1,p1250,85
13249,difficult dog,policy_3_1,p1256,85
13250,difficult dog,policy_3_1,p1258,92
13251,difficult dog,policy_3_1,p1260,90
13252,difficult dog,policy_3_1,p1262,85
13253,difficult dog,policy_3_1,p1264,85
13254,difficult dog,policy_3_1,p1265,88
13255,difficult dog,policy_3_1,p1269,85
13256,difficult dog,policy_3_1,p1272,85
13257,difficult dog,policy_3_1,p1278,90
13258,difficult dog,policy_3_1,p1281,85
13259,difficult dog,policy_3_1,p1292,85
13260,difficult dog,policy_3_1,p1299,85
13261,difficult dog,policy_3_1,p1312,85
13262,difficult dog,policy_3_1,p1322,85
13263,difficult dog,policy_3_1,p1326,92
13264,difficult dog,policy_3_1,p1330,90
13265,difficult dog,policy_3_1,p1335,85
13266,difficult dog,policy_3_1,p1337,92
13267,difficult dog,policy_3_1,p1340,92
13268,difficult dog,policy_3_1,p1345,90
13269,difficult dog,policy_3_1,p1351,90
13270,difficult dog,policy_3_1,p1355,85
13271,difficult dog,policy_3_1,p1362,90
13272,difficult dog,policy_3_1,p1365,85
13273,difficult dog,policy_3_1,p1366,75
13274,difficult dog,policy_3_1,p1367,75
13275,difficult dog,policy_3_1,p1370,85
13276,difficult dog,policy_3_1,p1371,95
13277,difficult dog,policy_3_1,p1373,85
13278,difficult dog,policy_3_1,p1375,92
13279,difficult dog,policy_3_1,p1376,85
13280,difficult dog,policy_3_1,p1379,85
13281,difficult dog,policy_3_1,p1381,85
13282,difficult dog,policy_3_1,p1393,85
13283,difficult dog,policy_3_1,p1396,95
13284,difficult dog,policy_3_1,p1398,90
13285,difficult dog,policy_3_1,p1404,92
13286,difficult dog,policy_3_1,p1406,85
13287,difficult dog,policy_3_1,p1407,75
13288,difficult dog,policy_3_1,p1409,85
13289,difficult dog,policy_3_1,p1412,85
13290,difficult dog,policy_3_1,p1414,92
13291,difficult dog,policy_3_1,p1424,85
13292,difficult dog,policy_3_1,p1425,85
13293,difficult dog,policy_3_1,p1429,85
13294,difficult dog,policy_3_1,p1434,90
13295,difficult dog,policy_3_1,p1441,85
13296,difficult dog,policy_3_1,p1445,85
13297,difficult dog,policy_3_1,p1450,90
13298,difficult dog,policy_3_1,p1454,85
13299,difficult dog,policy_3_1,p1456,85
13300,difficult dog,policy_3_1,p1457,82
13301,difficult dog,policy_3_1,p1458,95
13302,difficult dog,policy_3_1,p1469,85
13303,difficult dog,policy_3_1,p1470,85
13304,difficult dog,policy_3_1,p1481,92
13305,difficult dog,policy_3_1,p1488,90
13306,difficult dog,policy_3_1,p1492,78
13307,difficult dog,policy_3_1,p1495,85
13308,difficult dog,policy_3_1,p1497,85
13309,difficult dog,policy_3_1,p1499,85
13310,difficult dog,policy_3_1,p1503,88
13311,difficult dog,policy_3_1,p1511,90
13312,difficult dog,policy_3_1,p1512,85
13313,difficult dog,policy_3_1,p1518,85
13314,difficult dog,policy_3_1,p1519,85
13315,difficult dog,policy_3_1,p1520,75
13316,difficult dog,policy_3_1,p1524,85
13317,difficult dog,policy_3_1,p1526,92
13318,difficult dog,policy_3_1,p1537,85
13319,difficult dog,policy_3_1,p1545,92
13320,difficult dog,policy_3_1,p1547,90
13321,difficult dog,policy_3_1,p1552,95
13322,difficult dog,policy_3_1,p1567,85
13323,difficult dog,policy_3_1,p1568,92
13324,difficult dog,policy_3_1,p1579,75
13325,difficult dog,policy_3_1,p1587,75
13326,difficult dog,policy_3_1,p1596,85
13327,difficult dog,policy_3_1,p1600,88
13328,difficult dog,policy_3_1,p1603,92
13329,difficult dog,policy_3_1,p1604,85
13330,difficult dog,policy_3_1,p1610,85
13331,difficult dog,policy_3_1,p1618,85
13332,difficult dog,policy_3_1,p1619,92
13333,difficult dog,policy_3_1,p1622,85
13334,difficult dog,policy_3_1,p1623,75
13335,difficult dog,policy_3_1,p1630,75
13336,difficult dog,policy_3_1,p1641,85
13337,difficult dog,policy_3_1,p1649,85
13338,difficult dog,policy_3_1,p1652,85
13339,difficult dog,policy_3_1,p1665,85
13340,difficult dog,policy_3_1,p1669,92
13341,difficult dog,policy_3_1,p1685,85
13342,difficult dog,policy_3_1,p1693,85
13343,difficult dog,policy_3_1,p1698,85
13344,difficult dog,policy_3_1,p1704,85
13345,difficult dog,policy_3_1,p1711,88
13346,difficult dog,policy_3_1,p1718,75
13347,difficult dog,policy_3_1,p1732,85
13348,difficult dog,policy_3_1,p1739,90
13349,difficult dog,policy_3_1,p1741,92
13350,difficult dog,policy_3_1,p1746,85
13351,difficult dog,policy_3_1,p1751,85
13352,difficult dog,policy_3_1,p1754,90
13353,difficult dog,policy_3_1,p1769,92
13354,difficult dog,policy_3_1,p1771,85
13355,difficult dog,policy_3_1,p1776,85
13356,difficult dog,policy_3_1,p1780,85
13357,difficult dog,policy_3_1,p1785,85
13358,difficult dog,policy_3_1,p1791,92
13359,difficult dog,policy_3_1,p1793,85
13360,difficult dog,policy_3_1,p1796,85
13361,difficult dog,policy_3_1,p1805,85
13362,difficult dog,policy_3_1,p1812,92
13363,difficult dog,policy_3_1,p1816,85
13364,difficult dog,policy_3_1,p1819,85
13365,difficult dog,policy_3_1,p1825,90
13366,difficult dog,policy_3_1,p1836,92
13367,difficult dog,policy_3_1,p1839,92
13368,difficult dog,policy_3_1,p1861,85
13369,difficult dog,policy_3_1,p1863,85
13370,difficult dog,policy_3_1,p1873,85
13371,difficult dog,policy_3_1,p1875,85
13372,difficult dog,policy_3_1,p1876,92
13373,difficult dog,policy_3_1,p1877,92
13374,difficult dog,policy_3_1,p1880,85
13375,difficult dog,policy_3_1,p1883,85
13376,difficult dog,policy_3_1,p1889,85
13377,difficult dog,policy_3_1,p1893,92
13378,difficult dog,policy_3_1,p1896,88
13379,difficult dog,policy_3_1,p1913,85
13380,difficult dog,policy_3_1,p1922,92
13381,difficult dog,policy_3_1,p1930,92
13382,difficult dog,policy_3_1,p1935,92
13383,difficult dog,policy_3_1,p1940,90
13384,difficult dog,policy_3_1,p1948,85
13385,difficult dog,policy_3_1,p1950,85
13386,difficult dog,policy_3_1,p1954,85
13387,difficult dog,policy_3_1,p1956,65
13388,difficult dog,policy_3_1,p1958,85
13389,difficult dog,policy_3_1,p1967,92
13390,difficult dog,policy_3_1,p1973,95
13391,difficult dog,policy_3_1,p1978,92
13392,difficult dog,policy_3_1,p1983,85
13393,difficult dog,policy_3_1,p1984,78
13394,difficult dog,policy_3_1,p1995,85
13395,difficult dog,policy_3_1,p1996,85
13396,difficult dog,policy_3_1,p1997,85
13397,difficult dog,policy_3_1,p2001,88
13398,difficult dog,policy_3_1,p2002,85
13399,difficult dog,policy_3_1,p2013,95
13400,difficult dog,policy_3_1,p2014,78
13401,difficult dog,policy_3_1,p2016,90
13402,difficult dog,policy_3_1,p2018,78
13403,difficult dog,policy_3_1,p2023,92
13404,difficult dog,policy_3_1,p2025,92
13405,difficult dog,policy_3_1,p2028,85
13406,difficult dog,policy_3_1,p2030,92
13407,difficult dog,policy_3_1,p2033,92
13408,difficult dog,policy_3_1,p2040,75
13409,difficult dog,policy_3_1,p2051,90
13410,difficult dog,policy_3_1,p2052,85
13411,difficult dog,policy_3_1,p2066,75
13412,difficult dog,policy_3_1,p2067,92
13413,difficult dog,policy_3_1,p2073,90
13414,difficult dog,policy_3_1,p2077,92
13415,difficult dog,policy_3_1,p2078,85
13416,difficult dog,policy_3_1,p2086,85
13417,difficult dog,policy_3_1,p2089,92
13418,difficult dog,policy_3_1,p2093,85
13419,difficult dog,policy_3_1,p2094,92
13420,difficult dog,policy_3_1,p2111,85
13421,difficult dog,policy_3_1,p2117,92
13422,difficult dog,policy_3_1,p2121,88
13423,difficult dog,policy_3_1,p2127,92
13424,difficult dog,policy_3_1,p2141,85
13425,difficult dog,policy_3_1,p2142,75
13426,difficult dog,policy_3_1,p2143,92
13427,difficult dog,policy_3_1,p2153,92
13428,difficult dog,policy_3_1,p2155,85
13429,difficult dog,policy_3_1,p2169,85
13430,difficult dog,policy_3_1,p2187,85
13431,difficult dog,policy_3_1,p2188,92
13432,difficult dog,policy_3_1,p2197,85
13433,difficult dog,policy_3_1,p2213,85
13434,difficult dog,policy_3_1,p2214,85
13435,difficult dog,policy_3_1,p2215,92
13436,difficult dog,policy_3_1,p2220,85
13437,difficult dog,policy_3_1,p2223,85
13438,difficult dog,policy_3_1,p2229,85
13439,difficult dog,policy_3_1,p2234,90
13440,difficult dog,policy_3_1,p2237,92
13441,difficult dog,policy_3_1,p2238,85
13442,difficult dog,policy_3_1,p2244,92
13443,difficult dog,policy_3_1,p2248,85
13444,difficult dog,policy_3_1,p2252,92
13445,difficult dog,policy_3_1,p2255,75
13446,difficult dog,policy_3_1,p2261,75
13447,difficult dog,policy_3_1,p2263,85
13448,difficult dog,policy_3_1,p2273,85
13449,difficult dog,policy_3_1,p2275,85
13450,difficult dog,policy_3_1,p2276,85
13451,difficult dog,policy_3_1,p2283,75
13452,difficult dog,policy_3_1,p2287,85
13453,difficult dog,policy_3_1,p2296,85
13454,difficult dog,policy_3_1,p2298,85
13455,difficult dog,policy_3_1,p2304,92
13456,difficult dog,policy_3_1,p2310,85
13457,difficult dog,policy_3_1,p2322,75
13458,difficult dog,policy_3_1,p2326,92
13459,difficult dog,policy_3_1,p2330,90
13460,difficult dog,policy_3_1,p2331,92
13461,difficult dog,policy_3_1,p2333,85
13462,difficult dog,policy_3_1,p2347,92
13463,difficult dog,policy_3_1,p2350,85
13464,difficult dog,policy_3_1,p2351,85
13465,difficult dog,policy_3_1,p2353,88
13466,difficult dog,policy_3_1,p2355,90
13467,difficult dog,policy_3_1,p2363,85
13468,difficult dog,policy_3_1,p2378,92
13469,difficult dog,policy_3_1,p2380,90
13470,difficult dog,policy_3_1,p2387,85
13471,difficult dog,policy_3_1,p2398,85
13472,difficult dog,policy_3_1,p2400,92
13473,difficult dog,policy_3_1,p2403,95
13474,difficult dog,policy_3_1,p2408,75
13475,difficult dog,policy_3_1,p2418,85
13476,difficult dog,policy_3_1,p2426,92
13477,difficult dog,policy_3_1,p2428,85
13478,difficult dog,policy_3_1,p2434,92
13479,difficult dog,policy_3_1,p2446,85
13480,difficult dog,policy_3_1,p2452,85
13481,difficult dog,policy_3_1,p2454,85
13482,difficult dog,policy_3_1,p2462,85
13483,difficult dog,policy_3_1,p2467,90
13484,difficult dog,policy_3_1,p2482,85
13485,difficult dog,policy_3_1,p2489,85
13486,difficult dog,policy_3_1,p2490,85
13487,difficult dog,policy_3_1,p2494,85
13488,difficult dog,policy_3_1,p2502,85
13489,difficult dog,policy_3_1,p2503,85
13490,difficult dog,policy_3_1,p2522,92
13491,difficult dog,policy_3_1,p2524,92
13492,difficult dog,policy_3_1,p2533,85
13493,difficult dog,policy_3_1,p2566,90
13494,difficult dog,policy_3_1,p2571,85
13495,difficult dog,policy_3_1,p2573,85
13496,difficult dog,policy_3_1,p2582,85
13497,difficult dog,policy_3_1,p2591,85
13498,difficult dog,policy_3_1,p2592,85
13499,difficult dog,policy_3_1,p2595,75
13500,difficult dog,policy_4_1,p0016,85
13501,difficult dog,policy_4_1,p0022,75
13502,difficult dog,policy_4_1,p0023,85
13503,difficult dog,policy_4_1,p0026,82
13504,difficult dog,policy_4_1,p0034,78
13505,difficult dog,policy_4_1,p0036,78
13506,difficult dog,policy_4_1,p0037,78
13507,difficult dog,policy_4_1,p0042,75
13508,difficult dog,policy_4_1,p0057,78
13509,difficult dog,policy_4_1,p0066,85
13510,difficult dog,policy_4_1,p0069,75
13511,difficult dog,policy_4_1,p0072,85
13512,difficult dog,policy_4_1,p0073,78
13513,difficult dog,policy_4_1,p0082,85
13514,difficult dog,policy_4_1,p0091,88
13515,difficult dog,policy_4_1,p0092,75
13516,difficult dog,policy_4_1,p0093,85
13517,difficult dog,policy_4_1,p0095,82
13518,difficult dog,policy_4_1,p0107,75
13519,difficult dog,policy_4_1,p0114,85
13520,difficult dog,policy_4_1,p0116,78
13521,difficult dog,policy_4_1,p0118,75
13522,difficult dog,policy_4_1,p0119,85
13523,difficult dog,policy_4_1,p0126,75
13524,difficult dog,policy_4_1,p0129,85
13525,difficult dog,policy_4_1,p0136,75
13526,difficult dog,policy_4_1,p0138,75
13527,difficult dog,policy_4_1,p0144,78
13528,difficult dog,policy_4_1,p0150,75
13529,difficult dog,policy_4_1,p0152,75
13530,difficult dog,policy_4_1,p0158,68
13531,difficult dog,policy_4_1,p0161,75
13532,difficult dog,policy_4_1,p0164,75
13533,difficult dog,policy_4_1,p0175,78
13534,difficult dog,policy_4_1,p0177,78
13535,difficult dog,policy_4_1,p0178,85
13536,difficult dog,policy_4_1,p0181,65
13537,difficult dog,policy_4_1,p0186,75
13538,difficult dog,policy_4_1,p0196,78
13539,difficult dog,policy_4_1,p0198,85
13540,difficult dog,policy_4_1,p0202,85
13541,difficult dog,policy_4_1,p0205,75
13542,difficult dog,policy_4_1,p0207,75
13543,difficult dog,policy_4_1,p0211,75
13544,difficult dog,policy_4_1,p0227,85
13545,difficult dog,policy_4_1,p0229,78
13546,difficult dog,policy_4_1,p0232,85
13547,difficult dog,policy_4_1,p0233,75
13548,difficult dog,policy_4_1,p0237,85
13549,difficult dog,policy_4_1,p0258,78
13550,difficult dog,policy_4_1,p0268,65
13551,difficult dog,policy_4_1,p0274,85
13552,difficult dog,policy_4_1,p0275,65
13553,difficult dog,policy_4_1,p0277,75
13554,difficult dog,policy_4_1,p0288,85
13555,difficult dog,policy_4_1,p0291,85
13556,difficult dog,policy_4_1,p0307,65
13557,difficult dog,policy_4_1,p0308,78
13558,difficult dog,policy_4_1,p0317,75
13559,difficult dog,policy_4_1,p0325,85
13560,difficult dog,policy_4_1,p0327,88
13561,difficult dog,policy_4_1,p0334,85
13562,difficult dog,policy_4_1,p0336,85
13563,difficult dog,policy_4_1,p0338,65
13564,difficult dog,policy_4_1,p0342,85
13565,difficult dog,policy_4_1,p0349,75
13566,difficult dog,policy_4_1,p0356,75
13567,difficult dog,policy_4_1,p0358,82
13568,difficult dog,policy_4_1,p0363,78
13569,difficult dog,policy_4_1,p0364,85
13570,difficult dog,policy_4_1,p0369,85
13571,difficult dog,policy_4_1,p0370,65
13572,difficult dog,policy_4_1,p0371,75
13573,difficult dog,policy_4_1,p0379,75
13574,difficult dog,policy_4_1,p0386,85
13575,difficult dog,policy_4_1,p0396,85
13576,difficult dog,policy_4_1,p0403,78
13577,difficult dog,policy_4_1,p0405,85
13578,difficult dog,policy_4_1,p0412,82
13579,difficult dog,policy_4_1,p0415,68
13580,difficult dog,policy_4_1,p0416,78
13581,difficult dog,policy_4_1,p0417,78
13582,difficult dog,policy_4_1,p0418,75
13583,difficult dog,policy_4_1,p0430,85
13584,difficult dog,policy_4_1,p0431,88
13585,difficult dog,policy_4_1,p0434,35
13586,difficult dog,policy_4_1,p0438,88
13587,difficult dog,policy_4_1,p0441,85
13588,difficult dog,policy_4_1,p0442,65
13589,difficult dog,policy_4_1,p0449,78
13590,difficult dog,policy_4_1,p0450,85
13591,difficult dog,policy_4_1,p0465,75
13592,difficult dog,policy_4_1,p0471,75
13593,difficult dog,policy_4_1,p0477,75
13594,difficult dog,policy_4_1,p0483,78
13595,difficult dog,policy_4_1,p0486,85
13596,difficult dog,policy_4_1,p0487,85
13597,difficult dog,policy_4_1,p0489,85
13598,difficult dog,policy_4_1,p0497,65
13599,difficult dog,policy_4_1,p0502,75
13600,difficult dog,policy_4_1,p0503,85
13601,difficult dog,policy_4_1,p0506,65
13602,difficult dog,policy_4_1,p0511,85
13603,difficult dog,policy_4_1,p0523,78
13604,difficult dog,policy_4_1,p0534,85
13605,difficult dog,policy_4_1,p0536,78
13606,difficult dog,policy_4_1,p0542,65
13607,difficult dog,policy_4_1,p0547,85
13608,difficult dog,policy_4_1,p0553,82
13609,difficult dog,policy_4_1,p0559,85
13610,difficult dog,policy_4_1,p0566,78
13611,difficult dog,policy_4_1,p0568,75
13612,difficult dog,policy_4_1,p0570,65
13613,difficult dog,policy_4_1,p0573,75
13614,difficult dog,policy_4_1,p0578,78
13615,difficult dog,policy_4_1,p0594,68
13616,difficult dog,policy_4_1,p0597,78
13617,difficult dog,policy_4_1,p0601,78
13618,difficult dog,policy_4_1,p0602,65
13619,difficult dog,policy_4_1,p0605,75
13620,difficult dog,policy_4_1,p0615,75
13621,difficult dog,policy_4_1,p0620,85
13622,difficult dog,policy_4_1,p0626,78
13623,difficult dog,policy_4_1,p0629,85
13624,difficult dog,policy_4_1,p0633,78
13625,difficult dog,policy_4_1,p0638,78
13626,difficult dog,policy_4_1,p0639,85
13627,difficult dog,policy_4_1,p0640,75
13628,difficult dog,policy_4_1,p0655,85
13629,difficult dog,policy_4_1,p0656,78
13630,difficult dog,policy_4_1,p0658,75
13631,difficult dog,policy_4_1,p0661,78
13632,difficult dog,policy_4_1,p0669,85
13633,difficult dog,policy_4_1,p0670,78
13634,difficult dog,policy_4_1,p0672,85
13635,difficult dog,policy_4_1,p0674,82
13636,difficult dog,policy_4_1,p0678,82
13637,difficult dog,policy_4_1,p0683,78
13638,difficult dog,policy_4_1,p0686,68
13639,difficult dog,policy_4_1,p0687,85
13640,difficult dog,policy_4_1,p0698,75
13641,difficult dog,policy_4_1,p0700,78
13642,difficult dog,policy_4_1,p0703,75
13643,difficult dog,policy_4_1,p0718,75
13644,difficult dog,policy_4_1,p0744,85
13645,difficult dog,policy_4_1,p0745,78
13646,difficult dog,policy_4_1,p0753,65
13647,difficult dog,policy_4_1,p0770,85
13648,difficult dog,policy_4_1,p0771,85
13649,difficult dog,policy_4_1,p0777,88
13650,difficult dog,policy_4_1,p0779,78
13651,difficult dog,policy_4_1,p0780,68
13652,difficult dog,policy_4_1,p0783,75
13653,difficult dog,policy_4_1,p0785,78
13654,difficult dog,policy_4_1,p0786,65
13655,difficult dog,policy_4_1,p0794,65
13656,difficult dog,policy_4_1,p0798,65
13657,difficult dog,policy_4_1,p0800,82
13658,difficult dog,policy_4_1,p0820,65
13659,difficult dog,policy_4_1,p0841,75
13660,difficult dog,policy_4_1,p0849,75
13661,difficult dog,policy_4_1,p0862,85
13662,difficult dog,policy_4_1,p0867,85
13663,difficult dog,policy_4_1,p0869,85
13664,difficult dog,policy_4_1,p0872,85
13665,difficult dog,policy_4_1,p0880,75
13666,difficult dog,policy_4_1,p0891,75
13667,difficult dog,policy_4_1,p0916,85
13668,difficult dog,policy_4_1,p0917,85
13669,difficult dog,policy_4_1,p0919,85
13670,difficult dog,policy_4_1,p0922,75
13671,difficult dog,policy_4_1,p0925,78
13672,difficult dog,policy_4_1,p0927,85
13673,difficult dog,policy_4_1,p0929,75
13674,difficult dog,policy_4_1,p0930,85
13675,difficult dog,policy_4_1,p0931,75
13676,difficult dog,policy_4_1,p0933,75
13677,difficult dog,policy_4_1,p0934,68
13678,difficult dog,policy_4_1,p0936,82
13679,difficult dog,policy_4_1,p0938,85
13680,difficult dog,policy_4_1,p0939,78
13681,difficult dog,policy_4_1,p0946,78
13682,difficult dog,policy_4_1,p0951,75
13683,difficult dog,policy_4_1,p0956,75
13684,difficult dog,policy_4_1,p0962,85
13685,difficult dog,policy_4_1,p0963,75
13686,difficult dog,policy_4_1,p0969,75
13687,difficult dog,policy_4_1,p0972,75
13688,difficult dog,policy_4_1,p0975,75
13689,difficult dog,policy_4_1,p0985,65
13690,difficult dog,policy_4_1,p0993,85
13691,difficult dog,policy_4_1,p0996,78
13692,difficult dog,policy_4_1,p1011,65
13693,difficult dog,policy_4_1,p1017,75
13694,difficult dog,policy_4_1,p1020,85
13695,difficult dog,policy_4_1,p1022,85
13696,difficult dog,policy_4_1,p1024,65
13697,difficult dog,policy_4_1,p1027,85
13698,difficult dog,policy_4_1,p1028,92
13699,difficult dog,policy_4_1,p1029,65
13700,difficult dog,policy_4_1,p1032,75
13701,difficult dog,policy_4_1,p1040,85
13702,difficult dog,policy_4_1,p1047,75
13703,difficult dog,policy_4_1,p1048,75
13704,difficult dog,policy_4_1,p1053,75
13705,difficult dog,policy_4_1,p1057,78
13706,difficult dog,policy_4_1,p1058,75
13707,difficult dog,policy_4_1,p1063,75
13708,difficult dog,policy_4_1,p1064,85
13709,difficult dog,policy_4_1,p1065,75
13710,difficult dog,policy_4_1,p1069,75
13711,difficult dog,policy_4_1,p1072,82
13712,difficult dog,policy_4_1,p1073,78
13713,difficult dog,policy_4_1,p1075,85
13714,difficult dog,policy_4_1,p1076,75
13715,difficult dog,policy_4_1,p1083,65
13716,difficult dog,policy_4_1,p1089,85
13717,difficult dog,policy_4_1,p1093,85
13718,difficult dog,policy_4_1,p1096,78
13719,difficult dog,policy_4_1,p1100,78
13720,difficult dog,policy_4_1,p1106,85
13721,difficult dog,policy_4_1,p1107,75
13722,difficult dog,policy_4_1,p1113,85
13723,difficult dog,policy_4_1,p1117,65
13724,difficult dog,policy_4_1,p1120,75
13725,difficult dog,policy_4_1,p1134,78
13726,difficult dog,policy_4_1,p1136,68
13727,difficult dog,policy_4_1,p1138,78
13728,difficult dog,policy_4_1,p1144,75
13729,difficult dog,policy_4_1,p1145,85
13730,difficult dog,policy_4_1,p1147,85
13731,difficult dog,policy_4_1,p1148,85
13732,difficult dog,policy_4_1,p1154,85
13733,difficult dog,policy_4_1,p1159,75
13734,difficult dog,policy_4_1,p1167,85
13735,difficult dog,policy_4_1,p1175,85
13736,difficult dog,policy_4_1,p1178,78
13737,difficult dog,policy_4_1,p1184,75
13738,difficult dog,policy_4_1,p1186,78
13739,difficult dog,policy_4_1,p1196,75
13740,difficult dog,policy_4_1,p1197,78
13741,difficult dog,policy_4_1,p1203,78
13742,difficult dog,policy_4_1,p1219,75
13743,difficult dog,policy_4_1,p1225,78
13744,difficult dog,policy_4_1,p1234,75
13745,difficult dog,policy_4_1,p1242,75
13746,difficult dog,policy_4_1,p1244,85
13747,difficult dog,policy_4_1,p1249,75
13748,difficult dog,policy_4_1,p1250,75
13749,difficult dog,policy_4_1,p1256,78
13750,difficult dog,policy_4_1,p1258,85
13751,difficult dog,policy_4_1,p1260,75
13752,difficult dog,policy_4_1,p1262,75
13753,difficult dog,policy_4_1,p1264,75
13754,difficult dog,policy_4_1,p1265,78
13755,difficult dog,policy_4_1,p1269,75
13756,difficult dog,policy_4_1,p1272,78
13757,difficult dog,policy_4_1,p1278,85
13758,difficult dog,policy_4_1,p1281,75
13759,difficult dog,policy_4_1,p1292,75
13760,difficult dog,policy_4_1,p1299,78
13761,difficult dog,policy_4_1,p1312,78
13762,difficult dog,policy_4_1,p1322,82
13763,difficult dog,policy_4_1,p1326,75
13764,difficult dog,policy_4_1,p1330,78
13765,difficult dog,policy_4_1,p1335,82
13766,difficult dog,policy_4_1,p1337,85
13767,difficult dog,policy_4_1,p1340,85
13768,difficult dog,policy_4_1,p1345,78
13769,difficult dog,policy_4_1,p1351,75
13770,difficult dog,policy_4_1,p1355,75
13771,difficult dog,policy_4_1,p1362,75
13772,difficult dog,policy_4_1,p1365,75
13773,difficult dog,policy_4_1,p1366,65
13774,difficult dog,policy_4_1,p1367,65
13775,difficult dog,policy_4_1,p1370,75
13776,difficult dog,policy_4_1,p1371,85
13777,difficult dog,policy_4_1,p1373,78
13778,difficult dog,policy_4_1,p1375,75
13779,difficult dog,policy_4_1,p1376,75
13780,difficult dog,policy_4_1,p1379,75
13781,difficult dog,policy_4_1,p1381,78
13782,difficult dog,policy_4_1,p1393,75
13783,difficult dog,policy_4_1,p1396,85
13784,difficult dog,policy_4_1,p1398,78
13785,difficult dog,policy_4_1,p1404,85
13786,difficult dog,policy_4_1,p1406,78
13787,difficult dog,policy_4_1,p1407,65
13788,difficult dog,policy_4_1,p1409,78
13789,difficult dog,policy_4_1,p1412,75
13790,difficult dog,policy_4_1,p1414,85
13791,difficult dog,policy_4_1,p1424,85
13792,difficult dog,policy_4_1,p1425,75
13793,difficult dog,policy_4_1,p1429,85
13794,difficult dog,policy_4_1,p1434,85
13795,difficult dog,policy_4_1,p1441,75
13796,difficult dog,policy_4_1,p1445,75
13797,difficult dog,policy_4_1,p1450,78
13798,difficult dog,policy_4_1,p1454,85
13799,difficult dog,policy_4_1,p1456,75
13800,difficult dog,policy_4_1,p1457,75
13801,difficult dog,policy_4_1,p1458,88
13802,difficult dog,policy_4_1,p1469,75
13803,difficult dog,policy_4_1,p1470,75
13804,difficult dog,policy_4_1,p1481,85
13805,difficult dog,policy_4_1,p1488,78
13806,difficult dog,policy_4_1,p1492,68
13807,difficult dog,policy_4_1,p1495,75
13808,difficult dog,policy_4_1,p1497,75
13809,difficult dog,policy_4_1,p1499,78
13810,difficult dog,policy_4_1,p1503,82
13811,difficult dog,policy_4_1,p1511,85
13812,difficult dog,policy_4_1,p1512,75
13813,difficult dog,policy_4_1,p1518,85
13814,difficult dog,policy_4_1,p1519,75
13815,difficult dog,policy_4_1,p1520,68
13816,difficult dog,policy_4_1,p1524,75
13817,difficult dog,policy_4_1,p1526,75
13818,difficult dog,policy_4_1,p1537,78
13819,difficult dog,policy_4_1,p1545,78
13820,difficult dog,policy_4_1,p1547,85
13821,difficult dog,policy_4_1,p1552,92
13822,difficult dog,policy_4_1,p1567,75
13823,difficult dog,policy_4_1,p1568,78
13824,difficult dog,policy_4_1,p1579,55
13825,difficult dog,policy_4_1,p1587,55
13826,difficult dog,policy_4_1,p1596,75
13827,difficult dog,policy_4_1,p1600,85
13828,difficult dog,policy_4_1,p1603,75
13829,difficult dog,policy_4_1,p1604,78
13830,difficult dog,policy_4_1,p1610,75
13831,difficult dog,policy_4_1,p1618,75
13832,difficult dog,policy_4_1,p1619,85
13833,difficult dog,policy_4_1,p1622,78
13834,difficult dog,policy_4_1,p1623,65
13835,difficult dog,policy_4_1,p1630,75
13836,difficult dog,policy_4_1,p1641,75
13837,difficult dog,policy_4_1,p1649,75
13838,difficult dog,policy_4_1,p1652,75
13839,difficult dog,policy_4_1,p1665,78
13840,difficult dog,policy_4_1,p1669,75
13841,difficult dog,policy_4_1,p1685,85
13842,difficult dog,policy_4_1,p1693,78
13843,difficult dog,policy_4_1,p1698,75
13844,difficult dog,policy_4_1,p1704,78
13845,difficult dog,policy_4_1,p1711,85
13846,difficult dog,policy_4_1,p1718,65
13847,difficult dog,policy_4_1,p1732,75
13848,difficult dog,policy_4_1,p1739,78
13849,difficult dog,policy_4_1,p1741,85
13850,difficult dog,policy_4_1,p1746,65
13851,difficult dog,policy_4_1,p1751,65
13852,difficult dog,policy_4_1,p1754,75
13853,difficult dog,policy_4_1,p1769,75
13854,difficult dog,policy_4_1,p1771,78
13855,difficult dog,policy_4_1,p1776,85
13856,difficult dog,policy_4_1,p1780,85
13857,difficult dog,policy_4_1,p1785,65
13858,difficult dog,policy_4_1,p1791,85
13859,difficult dog,policy_4_1,p1793,78
13860,difficult dog,policy_4_1,p1796,75
13861,difficult dog,policy_4_1,p1805,75
13862,difficult dog,policy_4_1,p1812,85
13863,difficult dog,policy_4_1,p1816,78
13864,difficult dog,policy_4_1,p1819,85
13865,difficult dog,policy_4_1,p1825,85
13866,difficult dog,policy_4_1,p1836,85
13867,difficult dog,policy_4_1,p1839,85
13868,difficult dog,policy_4_1,p1861,75
13869,difficult dog,policy_4_1,p1863,85
13870,difficult dog,policy_4_1,p1873,78
13871,difficult dog,policy_4_1,p1875,78
13872,difficult dog,policy_4_1,p1876,85
13873,difficult dog,policy_4_1,p1877,85
13874,difficult dog,policy_4_1,p1880,78
13875,difficult dog,policy_4_1,p1883,78
13876,difficult dog,policy_4_1,p1889,65
13877,difficult dog,policy_4_1,p1893,85
13878,difficult dog,policy_4_1,p1896,85
13879,difficult dog,policy_4_1,p1913,75
13880,difficult dog,policy_4_1,p1922,85
13881,difficult dog,policy_4_1,p1930,85
13882,difficult dog,policy_4_1,p1935,78
13883,difficult dog,policy_4_1,p1940,85
13884,difficult dog,policy_4_1,p1948,75
13885,difficult dog,policy_4_1,p1950,75
13886,difficult dog,policy_4_1,p1954,75
13887,difficult dog,policy_4_1,p1956,65
13888,difficult dog,policy_4_1,p1958,78
13889,difficult dog,policy_4_1,p1967,82
13890,difficult dog,policy_4_1,p1973,85
13891,difficult dog,policy_4_1,p1978,75
13892,difficult dog,policy_4_1,p1983,75
13893,difficult dog,policy_4_1,p1984,75
13894,difficult dog,policy_4_1,p1995,75
13895,difficult dog,policy_4_1,p1996,75
13896,difficult dog,policy_4_1,p1997,85
13897,difficult dog,policy_4_1,p2001,85
13898,difficult dog,policy_4_1,p2002,75
13899,difficult dog,policy_4_1,p2013,88
13900,difficult dog,policy_4_1,p2014,75
13901,difficult dog,policy_4_1,p2016,85
13902,difficult dog,policy_4_1,p2018,75
13903,difficult dog,policy_4_1,p2023,85
13904,difficult dog,policy_4_1,p2025,85
13905,difficult dog,policy_4_1,p2028,78
13906,difficult dog,policy_4_1,p2030,85
13907,difficult dog,policy_4_1,p2033,78
13908,difficult dog,policy_4_1,p2040,65
13909,difficult dog,policy_4_1,p2051,75
13910,difficult dog,policy_4_1,p2052,85
13911,difficult dog,policy_4_1,p2066,65
13912,difficult dog,policy_4_1,p2067,85
13913,difficult dog,policy_4_1,p2073,85
13914,difficult dog,policy_4_1,p2077,75
13915,difficult dog,policy_4_1,p2078,75
13916,difficult dog,policy_4_1,p2086,85
13917,difficult dog,policy_4_1,p2089,85
13918,difficult dog,policy_4_1,p2093,65
13919,difficult dog,policy_4_1,p2094,85
13920,difficult dog,policy_4_1,p2111,75
13921,difficult dog,policy_4_1,p2117,78
13922,difficult dog,policy_4_1,p2121,78
13923,difficult dog,policy_4_1,p2127,75
13924,difficult dog,policy_4_1,p2141,85
13925,difficult dog,policy_4_1,p2142,65
13926,difficult dog,policy_4_1,p2143,85
13927,difficult dog,policy_4_1,p2153,85
13928,difficult dog,policy_4_1,p2155,65
13929,difficult dog,policy_4_1,p2169,75
13930,difficult dog,policy_4_1,p2187,78
13931,difficult dog,policy_4_1,p2188,85
13932,difficult dog,policy_4_1,p2197,75
13933,difficult dog,policy_4_1,p2213,75
13934,difficult dog,policy_4_1,p2214,75
13935,difficult dog,policy_4_1,p2215,85
13936,difficult dog,policy_4_1,p2220,78
13937,difficult dog,policy_4_1,p2223,68
13938,difficult dog,policy_4_1,p2229,78
13939,difficult dog,policy_4_1,p2234,85
13940,difficult dog,policy_4_1,p2237,85
13941,difficult dog,policy_4_1,p2238,78
13942,difficult dog,policy_4_1,p2244,85
13943,difficult dog,policy_4_1,p2248,78
13944,difficult dog,policy_4_1,p2252,85
13945,difficult dog,policy_4_1,p2255,60
13946,difficult dog,policy_4_1,p2261,65
13947,difficult dog,policy_4_1,p2263,75
13948,difficult dog,policy_4_1,p2273,78
13949,difficult dog,policy_4_1,p2275,75
13950,difficult dog,policy_4_1,p2276,75
13951,difficult dog,policy_4_1,p2283,65
13952,difficult dog,policy_4_1,p2287,78
13953,difficult dog,policy_4_1,p2296,65
13954,difficult dog,policy_4_1,p2298,75
13955,difficult dog,policy_4_1,p2304,85
13956,difficult dog,policy_4_1,p2310,68
13957,difficult dog,policy_4_1,p2322,65
13958,difficult dog,policy_4_1,p2326,85
13959,difficult dog,policy_4_1,p2330,65
13960,difficult dog,policy_4_1,p2331,85
13961,difficult dog,policy_4_1,p2333,75
13962,difficult dog,policy_4_1,p2347,85
13963,difficult dog,policy_4_1,p2350,75
13964,difficult dog,policy_4_1,p2351,78
13965,difficult dog,policy_4_1,p2353,78
13966,difficult dog,policy_4_1,p2355,85
13967,difficult dog,policy_4_1,p2363,75
13968,difficult dog,policy_4_1,p2378,85
13969,difficult dog,policy_4_1,p2380,85
13970,difficult dog,policy_4_1,p2387,75
13971,difficult dog,policy_4_1,p2398,82
13972,difficult dog,policy_4_1,p2400,85
13973,difficult dog,policy_4_1,p2403,85
13974,difficult dog,policy_4_1,p2408,65
13975,difficult dog,policy_4_1,p2418,78
13976,difficult dog,policy_4_1,p2426,85
13977,difficult dog,policy_4_1,p2428,68
13978,difficult dog,policy_4_1,p2434,85
13979,difficult dog,policy_4_1,p2446,65
13980,difficult dog,policy_4_1,p2452,78
13981,difficult dog,policy_4_1,p2454,75
13982,difficult dog,policy_4_1,p2462,75
13983,difficult dog,policy_4_1,p2467,65
13984,difficult dog,policy_4_1,p2482,75
13985,difficult dog,policy_4_1,p2489,75
13986,difficult dog,policy_4_1,p2490,75
13987,difficult dog,policy_4_1,p2494,65
13988,difficult dog,policy_4_1,p2502,85
13989,difficult dog,policy_4_1,p2503,78
13990,difficult dog,policy_4_1,p2522,85
13991,difficult dog,policy_4_1,p2524,85
13992,difficult dog,policy_4_1,p2533,75
13993,difficult dog,policy_4_1,p2566,75
13994,difficult dog,policy_4_1,p2571,85
13995,difficult dog,policy_4_1,p2573,75
13996,difficult dog,policy_4_1,p2582,78
13997,difficult dog,policy_4_1,p2591,75
13998,difficult dog,policy_4_1,p2592,78
13999,difficult dog,policy_4_1,p2595,65
14000,difficult dog,concern_1_1,p0016,78
14001,difficult dog,concern_1_1,p0022,75
14002,difficult dog,concern_1_1,p0023,85
14003,difficult dog,concern_1_1,p0026,78
14004,difficult dog,concern_1_1,p0034,78
14005,difficult dog,concern_1_1,p0036,75
14006,difficult dog,concern_1_1,p0037,78
14007,difficult dog,concern_1_1,p0042,78
14008,difficult dog,concern_1_1,p0057,78
14009,difficult dog,concern_1_1,p0066,75
14010,difficult dog,concern_1_1,p0069,75
14011,difficult dog,concern_1_1,p0072,85
14012,difficult dog,concern_1_1,p0073,78
14013,difficult dog,concern_1_1,p0082,85
14014,difficult dog,concern_1_1,p0091,85
14015,difficult dog,concern_1_1,p0092,75
14016,difficult dog,concern_1_1,p0093,85
14017,difficult dog,concern_1_1,p0095,85
14018,difficult dog,concern_1_1,p0107,68
14019,difficult dog,concern_1_1,p0114,85
14020,difficult dog,concern_1_1,p0116,75
14021,difficult dog,concern_1_1,p0118,75
14022,difficult dog,concern_1_1,p0119,78
14023,difficult dog,concern_1_1,p0126,78
14024,difficult dog,concern_1_1,p0129,85
14025,difficult dog,concern_1_1,p0136,68
14026,difficult dog,concern_1_1,p0138,68
14027,difficult dog,concern_1_1,p0144,78
14028,difficult dog,concern_1_1,p0150,75
14029,difficult dog,concern_1_1,p0152,68
14030,difficult dog,concern_1_1,p0158,65
14031,difficult dog,concern_1_1,p0161,75
14032,difficult dog,concern_1_1,p0164,65
14033,difficult dog,concern_1_1,p0175,78
14034,difficult dog,concern_1_1,p0177,78
14035,difficult dog,concern_1_1,p0178,85
14036,difficult dog,concern_1_1,p0181,65
14037,difficult dog,concern_1_1,p0186,75
14038,difficult dog,concern_1_1,p0196,75
14039,difficult dog,concern_1_1,p0198,82
14040,difficult dog,concern_1_1,p0202,85
14041,difficult dog,concern_1_1,p0205,75
14042,difficult dog,concern_1_1,p0207,85
14043,difficult dog,concern_1_1,p0211,75
14044,difficult dog,concern_1_1,p0227,85
14045,difficult dog,concern_1_1,p0229,78
14046,difficult dog,concern_1_1,p0232,85
14047,difficult dog,concern_1_1,p0233,75
14048,difficult dog,concern_1_1,p0237,85
14049,difficult dog,concern_1_1,p0258,78
14050,difficult dog,concern_1_1,p0268,45
14051,difficult dog,concern_1_1,p0274,85
14052,difficult dog,concern_1_1,p0275,75
14053,difficult dog,concern_1_1,p0277,75
14054,difficult dog,concern_1_1,p0288,90
14055,difficult dog,concern_1_1,p0291,78
14056,difficult dog,concern_1_1,p0307,65
14057,difficult dog,concern_1_1,p0308,75
14058,difficult dog,concern_1_1,p0317,65
14059,difficult dog,concern_1_1,p0325,85
14060,difficult dog,concern_1_1,p0327,85
14061,difficult dog,concern_1_1,p0334,85
14062,difficult dog,concern_1_1,p0336,82
14063,difficult dog,concern_1_1,p0338,65
14064,difficult dog,concern_1_1,p0342,85
14065,difficult dog,concern_1_1,p0349,68
14066,difficult dog,concern_1_1,p0356,75
14067,difficult dog,concern_1_1,p0358,85
14068,difficult dog,concern_1_1,p0363,78
14069,difficult dog,concern_1_1,p0364,82
14070,difficult dog,concern_1_1,p0369,85
14071,difficult dog,concern_1_1,p0370,65
14072,difficult dog,concern_1_1,p0371,75
14073,difficult dog,concern_1_1,p0379,68
14074,difficult dog,concern_1_1,p0386,85
14075,difficult dog,concern_1_1,p0396,78
14076,difficult dog,concern_1_1,p0403,78
14077,difficult dog,concern_1_1,p0405,85
14078,difficult dog,concern_1_1,p0412,78
14079,difficult dog,concern_1_1,p0415,65
14080,difficult dog,concern_1_1,p0416,78
14081,difficult dog,concern_1_1,p0417,78
14082,difficult dog,concern_1_1,p0418,68
14083,difficult dog,concern_1_1,p0430,85
14084,difficult dog,concern_1_1,p0431,85
14085,difficult dog,concern_1_1,p0434,45
14086,difficult dog,concern_1_1,p0438,85
14087,difficult dog,concern_1_1,p0441,85
14088,difficult dog,concern_1_1,p0442,65
14089,difficult dog,concern_1_1,p0449,75
14090,difficult dog,concern_1_1,p0450,78
14091,difficult dog,concern_1_1,p0465,78
14092,difficult dog,concern_1_1,p0471,78
14093,difficult dog,concern_1_1,p0477,78
14094,difficult dog,concern_1_1,p0483,78
14095,difficult dog,concern_1_1,p0486,75
14096,difficult dog,concern_1_1,p0487,78
14097,difficult dog,concern_1_1,p0489,85
14098,difficult dog,concern_1_1,p0497,65
14099,difficult dog,concern_1_1,p0502,78
14100,difficult dog,concern_1_1,p0503,78
14101,difficult dog,concern_1_1,p0506,68
14102,difficult dog,concern_1_1,p0511,85
14103,difficult dog,concern_1_1,p0523,78
14104,difficult dog,concern_1_1,p0534,85
14105,difficult dog,concern_1_1,p0536,78
14106,difficult dog,concern_1_1,p0542,65
14107,difficult dog,concern_1_1,p0547,85
14108,difficult dog,concern_1_1,p0553,78
14109,difficult dog,concern_1_1,p0559,85
14110,difficult dog,concern_1_1,p0566,78
14111,difficult dog,concern_1_1,p0568,78
14112,difficult dog,concern_1_1,p0570,75
14113,difficult dog,concern_1_1,p0573,78
14114,difficult dog,concern_1_1,p0578,75
14115,difficult dog,concern_1_1,p0594,68
14116,difficult dog,concern_1_1,p0597,78
14117,difficult dog,concern_1_1,p0601,78
14118,difficult dog,concern_1_1,p0602,65
14119,difficult dog,concern_1_1,p0605,75
14120,difficult dog,concern_1_1,p0615,65
14121,difficult dog,concern_1_1,p0620,82
14122,difficult dog,concern_1_1,p0626,78
14123,difficult dog,concern_1_1,p0629,82
14124,difficult dog,concern_1_1,p0633,75
14125,difficult dog,concern_1_1,p0638,78
14126,difficult dog,concern_1_1,p0639,85
14127,difficult dog,concern_1_1,p0640,75
14128,difficult dog,concern_1_1,p0655,78
14129,difficult dog,concern_1_1,p0656,78
14130,difficult dog,concern_1_1,p0658,65
14131,difficult dog,concern_1_1,p0661,78
14132,difficult dog,concern_1_1,p0669,85
14133,difficult dog,concern_1_1,p0670,75
14134,difficult dog,concern_1_1,p0672,78
14135,difficult dog,concern_1_1,p0674,82
14136,difficult dog,concern_1_1,p0678,85
14137,difficult dog,concern_1_1,p0683,75
14138,difficult dog,concern_1_1,p0686,68
14139,difficult dog,concern_1_1,p0687,82
14140,difficult dog,concern_1_1,p0698,75
14141,difficult dog,concern_1_1,p0700,78
14142,difficult dog,concern_1_1,p0703,75
14143,difficult dog,concern_1_1,p0718,78
14144,difficult dog,concern_1_1,p0744,85
14145,difficult dog,concern_1_1,p0745,78
14146,difficult dog,concern_1_1,p0753,68
14147,difficult dog,concern_1_1,p0770,78
14148,difficult dog,concern_1_1,p0771,85
14149,difficult dog,concern_1_1,p0777,88
14150,difficult dog,concern_1_1,p0779,78
14151,difficult dog,concern_1_1,p0780,68
14152,difficult dog,concern_1_1,p0783,75
14153,difficult dog,concern_1_1,p0785,78
14154,difficult dog,concern_1_1,p0786,65
14155,difficult dog,concern_1_1,p0794,65
14156,difficult dog,concern_1_1,p0798,45
14157,difficult dog,concern_1_1,p0800,78
14158,difficult dog,concern_1_1,p0820,68
14159,difficult dog,concern_1_1,p0841,65
14160,difficult dog,concern_1_1,p0849,75
14161,difficult dog,concern_1_1,p0862,85
14162,difficult dog,concern_1_1,p0867,85
14163,difficult dog,concern_1_1,p0869,82
14164,difficult dog,concern_1_1,p0872,82
14165,difficult dog,concern_1_1,p0880,78
14166,difficult dog,concern_1_1,p0891,75
14167,difficult dog,concern_1_1,p0916,78
14168,difficult dog,concern_1_1,p0917,85
14169,difficult dog,concern_1_1,p0919,85
14170,difficult dog,concern_1_1,p0922,75
14171,difficult dog,concern_1_1,p0925,78
14172,difficult dog,concern_1_1,p0927,85
14173,difficult dog,concern_1_1,p0929,75
14174,difficult dog,concern_1_1,p0930,75
14175,difficult dog,concern_1_1,p0931,65
14176,difficult dog,concern_1_1,p0933,78
14177,difficult dog,concern_1_1,p0934,45
14178,difficult dog,concern_1_1,p0936,85
14179,difficult dog,concern_1_1,p0938,78
14180,difficult dog,concern_1_1,p0939,75
14181,difficult dog,concern_1_1,p0946,75
14182,difficult dog,concern_1_1,p0951,78
14183,difficult dog,concern_1_1,p0956,78
14184,difficult dog,concern_1_1,p0962,75
14185,difficult dog,concern_1_1,p0963,82
14186,difficult dog,concern_1_1,p0969,75
14187,difficult dog,concern_1_1,p0972,75
14188,difficult dog,concern_1_1,p0975,75
14189,difficult dog,concern_1_1,p0985,75
14190,difficult dog,concern_1_1,p0993,85
14191,difficult dog,concern_1_1,p0996,72
14192,difficult dog,concern_1_1,p1011,65
14193,difficult dog,concern_1_1,p1017,65
14194,difficult dog,concern_1_1,p1020,78
14195,difficult dog,concern_1_1,p1022,85
14196,difficult dog,concern_1_1,p1024,65
14197,difficult dog,concern_1_1,p1027,85
14198,difficult dog,concern_1_1,p1028,85
14199,difficult dog,concern_1_1,p1029,68
14200,difficult dog,concern_1_1,p1032,78
14201,difficult dog,concern_1_1,p1040,78
14202,difficult dog,concern_1_1,p1047,75
14203,difficult dog,concern_1_1,p1048,68
14204,difficult dog,concern_1_1,p1053,75
14205,difficult dog,concern_1_1,p1057,75
14206,difficult dog,concern_1_1,p1058,75
14207,difficult dog,concern_1_1,p1063,75
14208,difficult dog,concern_1_1,p1064,85
14209,difficult dog,concern_1_1,p1065,68
14210,difficult dog,concern_1_1,p1069,75
14211,difficult dog,concern_1_1,p1072,78
14212,difficult dog,concern_1_1,p1073,78
14213,difficult dog,concern_1_1,p1075,85
14214,difficult dog,concern_1_1,p1076,75
14215,difficult dog,concern_1_1,p1083,68
14216,difficult dog,concern_1_1,p1089,85
14217,difficult dog,concern_1_1,p1093,78
14218,difficult dog,concern_1_1,p1096,78
14219,difficult dog,concern_1_1,p1100,78
14220,difficult dog,concern_1_1,p1106,85
14221,difficult dog,concern_1_1,p1107,65
14222,difficult dog,concern_1_1,p1113,85
14223,difficult dog,concern_1_1,p1117,65
14224,difficult dog,concern_1_1,p1120,78
14225,difficult dog,concern_1_1,p1134,78
14226,difficult dog,concern_1_1,p1136,65
14227,difficult dog,concern_1_1,p1138,78
14228,difficult dog,concern_1_1,p1144,85
14229,difficult dog,concern_1_1,p1145,85
14230,difficult dog,concern_1_1,p1147,85
14231,difficult dog,concern_1_1,p1148,85
14232,difficult dog,concern_1_1,p1154,85
14233,difficult dog,concern_1_1,p1159,75
14234,difficult dog,concern_1_1,p1167,78
14235,difficult dog,concern_1_1,p1175,78
14236,difficult dog,concern_1_1,p1178,75
14237,difficult dog,concern_1_1,p1184,75
14238,difficult dog,concern_1_1,p1186,78
14239,difficult dog,concern_1_1,p1196,75
14240,difficult dog,concern_1_1,p1197,78
14241,difficult dog,concern_1_1,p1203,78
14242,difficult dog,concern_1_1,p1219,75
14243,difficult dog,concern_1_1,p1225,75
14244,difficult dog,concern_1_1,p1234,78
14245,difficult dog,concern_1_1,p1242,78
14246,difficult dog,concern_1_1,p1244,85
14247,difficult dog,concern_1_1,p1249,68
14248,difficult dog,concern_1_1,p1250,75
14249,difficult dog,concern_1_1,p1256,78
14250,difficult dog,concern_1_1,p1258,85
14251,difficult dog,concern_1_1,p1260,75
14252,difficult dog,concern_1_1,p1262,75
14253,difficult dog,concern_1_1,p1264,75
14254,difficult dog,concern_1_1,p1265,78
14255,difficult dog,concern_1_1,p1269,75
14256,difficult dog,concern_1_1,p1272,78
14257,difficult dog,concern_1_1,p1278,85
14258,difficult dog,concern_1_1,p1281,75
14259,difficult dog,concern_1_1,p1292,75
14260,difficult dog,concern_1_1,p1299,78
14261,difficult dog,concern_1_1,p1312,78
14262,difficult dog,concern_1_1,p1322,75
14263,difficult dog,concern_1_1,p1326,78
14264,difficult dog,concern_1_1,p1330,78
14265,difficult dog,concern_1_1,p1335,78
14266,difficult dog,concern_1_1,p1337,85
14267,difficult dog,concern_1_1,p1340,78
14268,difficult dog,concern_1_1,p1345,78
14269,difficult dog,concern_1_1,p1351,75
14270,difficult dog,concern_1_1,p1355,68
14271,difficult dog,concern_1_1,p1362,75
14272,difficult dog,concern_1_1,p1365,68
14273,difficult dog,concern_1_1,p1366,68
14274,difficult dog,concern_1_1,p1367,68
14275,difficult dog,concern_1_1,p1370,75
14276,difficult dog,concern_1_1,p1371,85
14277,difficult dog,concern_1_1,p1373,78
14278,difficult dog,concern_1_1,p1375,55
14279,difficult dog,concern_1_1,p1376,65
14280,difficult dog,concern_1_1,p1379,78
14281,difficult dog,concern_1_1,p1381,75
14282,difficult dog,concern_1_1,p1393,78
14283,difficult dog,concern_1_1,p1396,85
14284,difficult dog,concern_1_1,p1398,78
14285,difficult dog,concern_1_1,p1404,85
14286,difficult dog,concern_1_1,p1406,75
14287,difficult dog,concern_1_1,p1407,68
14288,difficult dog,concern_1_1,p1409,78
14289,difficult dog,concern_1_1,p1412,78
14290,difficult dog,concern_1_1,p1414,85
14291,difficult dog,concern_1_1,p1424,85
14292,difficult dog,concern_1_1,p1425,78
14293,difficult dog,concern_1_1,p1429,78
14294,difficult dog,concern_1_1,p1434,78
14295,difficult dog,concern_1_1,p1441,75
14296,difficult dog,concern_1_1,p1445,75
14297,difficult dog,concern_1_1,p1450,78
14298,difficult dog,concern_1_1,p1454,78
14299,difficult dog,concern_1_1,p1456,65
14300,difficult dog,concern_1_1,p1457,75
14301,difficult dog,concern_1_1,p1458,85
14302,difficult dog,concern_1_1,p1469,75
14303,difficult dog,concern_1_1,p1470,75
14304,difficult dog,concern_1_1,p1481,85
14305,difficult dog,concern_1_1,p1488,75
14306,difficult dog,concern_1_1,p1492,68
14307,difficult dog,concern_1_1,p1495,75
14308,difficult dog,concern_1_1,p1497,75
14309,difficult dog,concern_1_1,p1499,78
14310,difficult dog,concern_1_1,p1503,78
14311,difficult dog,concern_1_1,p1511,85
14312,difficult dog,concern_1_1,p1512,68
14313,difficult dog,concern_1_1,p1518,75
14314,difficult dog,concern_1_1,p1519,75
14315,difficult dog,concern_1_1,p1520,68
14316,difficult dog,concern_1_1,p1524,78
14317,difficult dog,concern_1_1,p1526,75
14318,difficult dog,concern_1_1,p1537,78
14319,difficult dog,concern_1_1,p1545,78
14320,difficult dog,concern_1_1,p1547,85
14321,difficult dog,concern_1_1,p1552,92
14322,difficult dog,concern_1_1,p1567,78
14323,difficult dog,concern_1_1,p1568,82
14324,difficult dog,concern_1_1,p1579,55
14325,difficult dog,concern_1_1,p1587,55
14326,difficult dog,concern_1_1,p1596,75
14327,difficult dog,concern_1_1,p1600,82
14328,difficult dog,concern_1_1,p1603,78
14329,difficult dog,concern_1_1,p1604,78
14330,difficult dog,concern_1_1,p1610,75
14331,difficult dog,concern_1_1,p1618,75
14332,difficult dog,concern_1_1,p1619,88
14333,difficult dog,concern_1_1,p1622,78
14334,difficult dog,concern_1_1,p1623,45
14335,difficult dog,concern_1_1,p1630,75
14336,difficult dog,concern_1_1,p1641,75
14337,difficult dog,concern_1_1,p1649,75
14338,difficult dog,concern_1_1,p1652,75
14339,difficult dog,concern_1_1,p1665,78
14340,difficult dog,concern_1_1,p1669,75
14341,difficult dog,concern_1_1,p1685,78
14342,difficult dog,concern_1_1,p1693,75
14343,difficult dog,concern_1_1,p1698,78
14344,difficult dog,concern_1_1,p1704,75
14345,difficult dog,concern_1_1,p1711,82
14346,difficult dog,concern_1_1,p1718,65
14347,difficult dog,concern_1_1,p1732,75
14348,difficult dog,concern_1_1,p1739,78
14349,difficult dog,concern_1_1,p1741,85
14350,difficult dog,concern_1_1,p1746,65
14351,difficult dog,concern_1_1,p1751,65
14352,difficult dog,concern_1_1,p1754,75
14353,difficult dog,concern_1_1,p1769,65
14354,difficult dog,concern_1_1,p1771,75
14355,difficult dog,concern_1_1,p1776,78
14356,difficult dog,concern_1_1,p1780,82
14357,difficult dog,concern_1_1,p1785,75
14358,difficult dog,concern_1_1,p1791,85
14359,difficult dog,concern_1_1,p1793,78
14360,difficult dog,concern_1_1,p1796,75
14361,difficult dog,concern_1_1,p1805,68
14362,difficult dog,concern_1_1,p1812,85
14363,difficult dog,concern_1_1,p1816,68
14364,difficult dog,concern_1_1,p1819,82
14365,difficult dog,concern_1_1,p1825,85
14366,difficult dog,concern_1_1,p1836,78
14367,difficult dog,concern_1_1,p1839,75
14368,difficult dog,concern_1_1,p1861,75
14369,difficult dog,concern_1_1,p1863,82
14370,difficult dog,concern_1_1,p1873,75
14371,difficult dog,concern_1_1,p1875,75
14372,difficult dog,concern_1_1,p1876,85
14373,difficult dog,concern_1_1,p1877,85
14374,difficult dog,concern_1_1,p1880,75
14375,difficult dog,concern_1_1,p1883,78
14376,difficult dog,concern_1_1,p1889,65
14377,difficult dog,concern_1_1,p1893,85
14378,difficult dog,concern_1_1,p1896,82
14379,difficult dog,concern_1_1,p1913,78
14380,difficult dog,concern_1_1,p1922,85
14381,difficult dog,concern_1_1,p1930,78
14382,difficult dog,concern_1_1,p1935,78
14383,difficult dog,concern_1_1,p1940,85
14384,difficult dog,concern_1_1,p1948,65
14385,difficult dog,concern_1_1,p1950,75
14386,difficult dog,concern_1_1,p1954,68
14387,difficult dog,concern_1_1,p1956,55
14388,difficult dog,concern_1_1,p1958,78
14389,difficult dog,concern_1_1,p1967,78
14390,difficult dog,concern_1_1,p1973,92
14391,difficult dog,concern_1_1,p1978,78
14392,difficult dog,concern_1_1,p1983,68
14393,difficult dog,concern_1_1,p1984,75
14394,difficult dog,concern_1_1,p1995,75
14395,difficult dog,concern_1_1,p1996,78
14396,difficult dog,concern_1_1,p1997,78
14397,difficult dog,concern_1_1,p2001,78
14398,difficult dog,concern_1_1,p2002,75
14399,difficult dog,concern_1_1,p2013,85
14400,difficult dog,concern_1_1,p2014,68
14401,difficult dog,concern_1_1,p2016,78
14402,difficult dog,concern_1_1,p2018,75
14403,difficult dog,concern_1_1,p2023,88
14404,difficult dog,concern_1_1,p2025,75
14405,difficult dog,concern_1_1,p2028,78
14406,difficult dog,concern_1_1,p2030,78
14407,difficult dog,concern_1_1,p2033,78
14408,difficult dog,concern_1_1,p2040,65
14409,difficult dog,concern_1_1,p2051,85
14410,difficult dog,concern_1_1,p2052,78
14411,difficult dog,concern_1_1,p2066,65
14412,difficult dog,concern_1_1,p2067,85
14413,difficult dog,concern_1_1,p2073,85
14414,difficult dog,concern_1_1,p2077,78
14415,difficult dog,concern_1_1,p2078,75
14416,difficult dog,concern_1_1,p2086,85
14417,difficult dog,concern_1_1,p2089,85
14418,difficult dog,concern_1_1,p2093,45
14419,difficult dog,concern_1_1,p2094,85
14420,difficult dog,concern_1_1,p2111,75
14421,difficult dog,concern_1_1,p2117,78
14422,difficult dog,concern_1_1,p2121,78
14423,difficult dog,concern_1_1,p2127,85
14424,difficult dog,concern_1_1,p2141,78
14425,difficult dog,concern_1_1,p2142,75
14426,difficult dog,concern_1_1,p2143,78
14427,difficult dog,concern_1_1,p2153,85
14428,difficult dog,concern_1_1,p2155,68
14429,difficult dog,concern_1_1,p2169,65
14430,difficult dog,concern_1_1,p2187,78
14431,difficult dog,concern_1_1,p2188,85
14432,difficult dog,concern_1_1,p2197,78
14433,difficult dog,concern_1_1,p2213,75
14434,difficult dog,concern_1_1,p2214,78
14435,difficult dog,concern_1_1,p2215,78
14436,difficult dog,concern_1_1,p2220,78
14437,difficult dog,concern_1_1,p2223,75
14438,difficult dog,concern_1_1,p2229,78
14439,difficult dog,concern_1_1,p2234,92
14440,difficult dog,concern_1_1,p2237,85
14441,difficult dog,concern_1_1,p2238,85
14442,difficult dog,concern_1_1,p2244,85
14443,difficult dog,concern_1_1,p2248,75
14444,difficult dog,concern_1_1,p2252,85
14445,difficult dog,concern_1_1,p2255,55
14446,difficult dog,concern_1_1,p2261,55
14447,difficult dog,concern_1_1,p2263,78
14448,difficult dog,concern_1_1,p2273,78
14449,difficult dog,concern_1_1,p2275,78
14450,difficult dog,concern_1_1,p2276,78
14451,difficult dog,concern_1_1,p2283,75
14452,difficult dog,concern_1_1,p2287,78
14453,difficult dog,concern_1_1,p2296,75
14454,difficult dog,concern_1_1,p2298,78
14455,difficult dog,concern_1_1,p2304,85
14456,difficult dog,concern_1_1,p2310,75
14457,difficult dog,concern_1_1,p2322,68
14458,difficult dog,concern_1_1,p2326,85
14459,difficult dog,concern_1_1,p2330,65
14460,difficult dog,concern_1_1,p2331,75
14461,difficult dog,concern_1_1,p2333,78
14462,difficult dog,concern_1_1,p2347,85
14463,difficult dog,concern_1_1,p2350,75
14464,difficult dog,concern_1_1,p2351,78
14465,difficult dog,concern_1_1,p2353,78
14466,difficult dog,concern_1_1,p2355,85
14467,difficult dog,concern_1_1,p2363,75
14468,difficult dog,concern_1_1,p2378,85
14469,difficult dog,concern_1_1,p2380,85
14470,difficult dog,concern_1_1,p2387,78
14471,difficult dog,concern_1_1,p2398,78
14472,difficult dog,concern_1_1,p2400,85
14473,difficult dog,concern_1_1,p2403,85
14474,difficult dog,concern_1_1,p2408,65
14475,difficult dog,concern_1_1,p2418,78
14476,difficult dog,concern_1_1,p2426,85
14477,difficult dog,concern_1_1,p2428,75
14478,difficult dog,concern_1_1,p2434,85
14479,difficult dog,concern_1_1,p2446,68
14480,difficult dog,concern_1_1,p2452,78
14481,difficult dog,concern_1_1,p2454,68
14482,difficult dog,concern_1_1,p2462,78
14483,difficult dog,concern_1_1,p2467,65
14484,difficult dog,concern_1_1,p2482,78
14485,difficult dog,concern_1_1,p2489,78
14486,difficult dog,concern_1_1,p2490,75
14487,difficult dog,concern_1_1,p2494,68
14488,difficult dog,concern_1_1,p2502,85
14489,difficult dog,concern_1_1,p2503,78
14490,difficult dog,concern_1_1,p2522,85
14491,difficult dog,concern_1_1,p2524,85
14492,difficult dog,concern_1_1,p2533,65
14493,difficult dog,concern_1_1,p2566,85
14494,difficult dog,concern_1_1,p2571,85
14495,difficult dog,concern_1_1,p2573,75
14496,difficult dog,concern_1_1,p2582,78
14497,difficult dog,concern_1_1,p2591,68
14498,difficult dog,concern_1_1,p2592,78
14499,difficult dog,concern_1_1,p2595,65
14500,difficult dog,concern_2_1,p0016,85
14501,difficult dog,concern_2_1,p0022,85
14502,difficult dog,concern_2_1,p0023,92
14503,difficult dog,concern_2_1,p0026,88
14504,difficult dog,concern_2_1,p0034,85
14505,difficult dog,concern_2_1,p0036,78
14506,difficult dog,concern_2_1,p0037,78
14507,difficult dog,concern_2_1,p0042,85
14508,difficult dog,concern_2_1,p0057,85
14509,difficult dog,concern_2_1,p0066,78
14510,difficult dog,concern_2_1,p0069,85
14511,difficult dog,concern_2_1,p0072,92
14512,difficult dog,concern_2_1,p0073,85
14513,difficult dog,concern_2_1,p0082,88
14514,difficult dog,concern_2_1,p0091,92
14515,difficult dog,concern_2_1,p0092,85
14516,difficult dog,concern_2_1,p0093,88
14517,difficult dog,concern_2_1,p0095,88
14518,difficult dog,concern_2_1,p0107,82
14519,difficult dog,concern_2_1,p0114,88
14520,difficult dog,concern_2_1,p0116,78
14521,difficult dog,concern_2_1,p0118,85
14522,difficult dog,concern_2_1,p0119,85
14523,difficult dog,concern_2_1,p0126,82
14524,difficult dog,concern_2_1,p0129,85
14525,difficult dog,concern_2_1,p0136,78
14526,difficult dog,concern_2_1,p0138,78
14527,difficult dog,concern_2_1,p0144,78
14528,difficult dog,concern_2_1,p0150,85
14529,difficult dog,concern_2_1,p0152,85
14530,difficult dog,concern_2_1,p0158,75
14531,difficult dog,concern_2_1,p0161,85
14532,difficult dog,concern_2_1,p0164,78
14533,difficult dog,concern_2_1,p0175,85
14534,difficult dog,concern_2_1,p0177,88
14535,difficult dog,concern_2_1,p0178,85
14536,difficult dog,concern_2_1,p0181,75
14537,difficult dog,concern_2_1,p0186,78
14538,difficult dog,concern_2_1,p0196,78
14539,difficult dog,concern_2_1,p0198,88
14540,difficult dog,concern_2_1,p0202,88
14541,difficult dog,concern_2_1,p0205,85
14542,difficult dog,concern_2_1,p0207,85
14543,difficult dog,concern_2_1,p0211,85
14544,difficult dog,concern_2_1,p0227,88
14545,difficult dog,concern_2_1,p0229,85
14546,difficult dog,concern_2_1,p0232,88
14547,difficult dog,concern_2_1,p0233,78
14548,difficult dog,concern_2_1,p0237,88
14549,difficult dog,concern_2_1,p0258,85
14550,difficult dog,concern_2_1,p0268,75
14551,difficult dog,concern_2_1,p0274,88
14552,difficult dog,concern_2_1,p0275,85
14553,difficult dog,concern_2_1,p0277,85
14554,difficult dog,concern_2_1,p0288,92
14555,difficult dog,concern_2_1,p0291,85
14556,difficult dog,concern_2_1,p0307,75
14557,difficult dog,concern_2_1,p0308,85
14558,difficult dog,concern_2_1,p0317,75
14559,difficult dog,concern_2_1,p0325,88
14560,difficult dog,concern_2_1,p0327,88
14561,difficult dog,concern_2_1,p0334,88
14562,difficult dog,concern_2_1,p0336,88
14563,difficult dog,concern_2_1,p0338,75
14564,difficult dog,concern_2_1,p0342,88
14565,difficult dog,concern_2_1,p0349,78
14566,difficult dog,concern_2_1,p0356,85
14567,difficult dog,concern_2_1,p0358,88
14568,difficult dog,concern_2_1,p0363,85
14569,difficult dog,concern_2_1,p0364,88
14570,difficult dog,concern_2_1,p0369,88
14571,difficult dog,concern_2_1,p0370,75
14572,difficult dog,concern_2_1,p0371,78
14573,difficult dog,concern_2_1,p0379,82
14574,difficult dog,concern_2_1,p0386,88
14575,difficult dog,concern_2_1,p0396,82
14576,difficult dog,concern_2_1,p0403,85
14577,difficult dog,concern_2_1,p0405,92
14578,difficult dog,concern_2_1,p0412,88
14579,difficult dog,concern_2_1,p0415,78
14580,difficult dog,concern_2_1,p0416,85
14581,difficult dog,concern_2_1,p0417,85
14582,difficult dog,concern_2_1,p0418,78
14583,difficult dog,concern_2_1,p0430,85
14584,difficult dog,concern_2_1,p0431,92
14585,difficult dog,concern_2_1,p0434,65
14586,difficult dog,concern_2_1,p0438,92
14587,difficult dog,concern_2_1,p0441,85
14588,difficult dog,concern_2_1,p0442,75
14589,difficult dog,concern_2_1,p0449,78
14590,difficult dog,concern_2_1,p0450,85
14591,difficult dog,concern_2_1,p0465,82
14592,difficult dog,concern_2_1,p0471,85
14593,difficult dog,concern_2_1,p0477,85
14594,difficult dog,concern_2_1,p0483,85
14595,difficult dog,concern_2_1,p0486,85
14596,difficult dog,concern_2_1,p0487,85
14597,difficult dog,concern_2_1,p0489,92
14598,difficult dog,concern_2_1,p0497,85
14599,difficult dog,concern_2_1,p0502,85
14600,difficult dog,concern_2_1,p0503,88
14601,difficult dog,concern_2_1,p0506,75
14602,difficult dog,concern_2_1,p0511,88
14603,difficult dog,concern_2_1,p0523,85
14604,difficult dog,concern_2_1,p0534,88
14605,difficult dog,concern_2_1,p0536,82
14606,difficult dog,concern_2_1,p0542,85
14607,difficult dog,concern_2_1,p0547,85
14608,difficult dog,concern_2_1,p0553,88
14609,difficult dog,concern_2_1,p0559,88
14610,difficult dog,concern_2_1,p0566,85
14611,difficult dog,concern_2_1,p0568,85
14612,difficult dog,concern_2_1,p0570,85
14613,difficult dog,concern_2_1,p0573,85
14614,difficult dog,concern_2_1,p0578,78
14615,difficult dog,concern_2_1,p0594,78
14616,difficult dog,concern_2_1,p0597,78
14617,difficult dog,concern_2_1,p0601,85
14618,difficult dog,concern_2_1,p0602,75
14619,difficult dog,concern_2_1,p0605,85
14620,difficult dog,concern_2_1,p0615,78
14621,difficult dog,concern_2_1,p0620,88
14622,difficult dog,concern_2_1,p0626,85
14623,difficult dog,concern_2_1,p0629,88
14624,difficult dog,concern_2_1,p0633,78
14625,difficult dog,concern_2_1,p0638,85
14626,difficult dog,concern_2_1,p0639,85
14627,difficult dog,concern_2_1,p0640,78
14628,difficult dog,concern_2_1,p0655,88
14629,difficult dog,concern_2_1,p0656,85
14630,difficult dog,concern_2_1,p0658,85
14631,difficult dog,concern_2_1,p0661,78
14632,difficult dog,concern_2_1,p0669,88
14633,difficult dog,concern_2_1,p0670,78
14634,difficult dog,concern_2_1,p0672,85
14635,difficult dog,concern_2_1,p0674,88
14636,difficult dog,concern_2_1,p0678,88
14637,difficult dog,concern_2_1,p0683,85
14638,difficult dog,concern_2_1,p0686,78
14639,difficult dog,concern_2_1,p0687,85
14640,difficult dog,concern_2_1,p0698,78
14641,difficult dog,concern_2_1,p0700,85
14642,difficult dog,concern_2_1,p0703,85
14643,difficult dog,concern_2_1,p0718,85
14644,difficult dog,concern_2_1,p0744,88
14645,difficult dog,concern_2_1,p0745,85
14646,difficult dog,concern_2_1,p0753,75
14647,difficult dog,concern_2_1,p0770,88
14648,difficult dog,concern_2_1,p0771,88
14649,difficult dog,concern_2_1,p0777,92
14650,difficult dog,concern_2_1,p0779,85
14651,difficult dog,concern_2_1,p0780,75
14652,difficult dog,concern_2_1,p0783,85
14653,difficult dog,concern_2_1,p0785,78
14654,difficult dog,concern_2_1,p0786,75
14655,difficult dog,concern_2_1,p0794,75
14656,difficult dog,concern_2_1,p0798,75
14657,difficult dog,concern_2_1,p0800,88
14658,difficult dog,concern_2_1,p0820,85
14659,difficult dog,concern_2_1,p0841,78
14660,difficult dog,concern_2_1,p0849,82
14661,difficult dog,concern_2_1,p0862,88
14662,difficult dog,concern_2_1,p0867,88
14663,difficult dog,concern_2_1,p0869,88
14664,difficult dog,concern_2_1,p0872,88
14665,difficult dog,concern_2_1,p0880,85
14666,difficult dog,concern_2_1,p0891,85
14667,difficult dog,concern_2_1,p0916,85
14668,difficult dog,concern_2_1,p0917,88
14669,difficult dog,concern_2_1,p0919,88
14670,difficult dog,concern_2_1,p0922,85
14671,difficult dog,concern_2_1,p0925,85
14672,difficult dog,concern_2_1,p0927,88
14673,difficult dog,concern_2_1,p0929,78
14674,difficult dog,concern_2_1,p0930,85
14675,difficult dog,concern_2_1,p0931,78
14676,difficult dog,concern_2_1,p0933,85
14677,difficult dog,concern_2_1,p0934,68
14678,difficult dog,concern_2_1,p0936,88
14679,difficult dog,concern_2_1,p0938,85
14680,difficult dog,concern_2_1,p0939,78
14681,difficult dog,concern_2_1,p0946,78
14682,difficult dog,concern_2_1,p0951,85
14683,difficult dog,concern_2_1,p0956,85
14684,difficult dog,concern_2_1,p0962,85
14685,difficult dog,concern_2_1,p0963,85
14686,difficult dog,concern_2_1,p0969,85
14687,difficult dog,concern_2_1,p0972,85
14688,difficult dog,concern_2_1,p0975,85
14689,difficult dog,concern_2_1,p0985,85
14690,difficult dog,concern_2_1,p0993,92
14691,difficult dog,concern_2_1,p0996,78
14692,difficult dog,concern_2_1,p1011,75
14693,difficult dog,concern_2_1,p1017,75
14694,difficult dog,concern_2_1,p1020,85
14695,difficult dog,concern_2_1,p1022,88
14696,difficult dog,concern_2_1,p1024,85
14697,difficult dog,concern_2_1,p1027,88
14698,difficult dog,concern_2_1,p1028,92
14699,difficult dog,concern_2_1,p1029,78
14700,difficult dog,concern_2_1,p1032,85
14701,difficult dog,concern_2_1,p1040,85
14702,difficult dog,concern_2_1,p1047,85
14703,difficult dog,concern_2_1,p1048,78
14704,difficult dog,concern_2_1,p1053,78
14705,difficult dog,concern_2_1,p1057,85
14706,difficult dog,concern_2_1,p1058,78
14707,difficult dog,concern_2_1,p1063,85
14708,difficult dog,concern_2_1,p1064,85
14709,difficult dog,concern_2_1,p1065,78
14710,difficult dog,concern_2_1,p1069,85
14711,difficult dog,concern_2_1,p1072,88
14712,difficult dog,concern_2_1,p1073,85
14713,difficult dog,concern_2_1,p1075,85
14714,difficult dog,concern_2_1,p1076,78
14715,difficult dog,concern_2_1,p1083,78
14716,difficult dog,concern_2_1,p1089,92
14717,difficult dog,concern_2_1,p1093,88
14718,difficult dog,concern_2_1,p1096,85
14719,difficult dog,concern_2_1,p1100,85
14720,difficult dog,concern_2_1,p1106,88
14721,difficult dog,concern_2_1,p1107,75
14722,difficult dog,concern_2_1,p1113,85
14723,difficult dog,concern_2_1,p1117,75
14724,difficult dog,concern_2_1,p1120,85
14725,difficult dog,concern_2_1,p1134,85
14726,difficult dog,concern_2_1,p1136,75
14727,difficult dog,concern_2_1,p1138,85
14728,difficult dog,concern_2_1,p1144,85
14729,difficult dog,concern_2_1,p1145,92
14730,difficult dog,concern_2_1,p1147,88
14731,difficult dog,concern_2_1,p1148,88
14732,difficult dog,concern_2_1,p1154,92
14733,difficult dog,concern_2_1,p1159,85
14734,difficult dog,concern_2_1,p1167,85
14735,difficult dog,concern_2_1,p1175,88
14736,difficult dog,concern_2_1,p1178,78
14737,difficult dog,concern_2_1,p1184,78
14738,difficult dog,concern_2_1,p1186,85
14739,difficult dog,concern_2_1,p1196,85
14740,difficult dog,concern_2_1,p1197,85
14741,difficult dog,concern_2_1,p1203,85
14742,difficult dog,concern_2_1,p1219,78
14743,difficult dog,concern_2_1,p1225,85
14744,difficult dog,concern_2_1,p1234,85
14745,difficult dog,concern_2_1,p1242,85
14746,difficult dog,concern_2_1,p1244,92
14747,difficult dog,concern_2_1,p1249,82
14748,difficult dog,concern_2_1,p1250,85
14749,difficult dog,concern_2_1,p1256,85
14750,difficult dog,concern_2_1,p1258,88
14751,difficult dog,concern_2_1,p1260,85
14752,difficult dog,concern_2_1,p1262,85
14753,difficult dog,concern_2_1,p1264,78
14754,difficult dog,concern_2_1,p1265,85
14755,difficult dog,concern_2_1,p1269,85
14756,difficult dog,concern_2_1,p1272,85
14757,difficult dog,concern_2_1,p1278,88
14758,difficult dog,concern_2_1,p1281,85
14759,difficult dog,concern_2_1,p1292,78
14760,difficult dog,concern_2_1,p1299,78
14761,difficult dog,concern_2_1,p1312,78
14762,difficult dog,concern_2_1,p1322,85
14763,difficult dog,concern_2_1,p1326,85
14764,difficult dog,concern_2_1,p1330,85
14765,difficult dog,concern_2_1,p1335,85
14766,difficult dog,concern_2_1,p1337,88
14767,difficult dog,concern_2_1,p1340,88
14768,difficult dog,concern_2_1,p1345,85
14769,difficult dog,concern_2_1,p1351,85
14770,difficult dog,concern_2_1,p1355,78
14771,difficult dog,concern_2_1,p1362,85
14772,difficult dog,concern_2_1,p1365,85
14773,difficult dog,concern_2_1,p1366,78
14774,difficult dog,concern_2_1,p1367,85
14775,difficult dog,concern_2_1,p1370,85
14776,difficult dog,concern_2_1,p1371,92
14777,difficult dog,concern_2_1,p1373,85
14778,difficult dog,concern_2_1,p1375,75
14779,difficult dog,concern_2_1,p1376,78
14780,difficult dog,concern_2_1,p1379,85
14781,difficult dog,concern_2_1,p1381,78
14782,difficult dog,concern_2_1,p1393,85
14783,difficult dog,concern_2_1,p1396,92
14784,difficult dog,concern_2_1,p1398,88
14785,difficult dog,concern_2_1,p1404,92
14786,difficult dog,concern_2_1,p1406,78
14787,difficult dog,concern_2_1,p1407,78
14788,difficult dog,concern_2_1,p1409,88
14789,difficult dog,concern_2_1,p1412,85
14790,difficult dog,concern_2_1,p1414,92
14791,difficult dog,concern_2_1,p1424,85
14792,difficult dog,concern_2_1,p1425,85
14793,difficult dog,concern_2_1,p1429,85
14794,difficult dog,concern_2_1,p1434,88
14795,difficult dog,concern_2_1,p1441,78
14796,difficult dog,concern_2_1,p1445,85
14797,difficult dog,concern_2_1,p1450,85
14798,difficult dog,concern_2_1,p1454,88
14799,difficult dog,concern_2_1,p1456,85
14800,difficult dog,concern_2_1,p1457,85
14801,difficult dog,concern_2_1,p1458,92
14802,difficult dog,concern_2_1,p1469,78
14803,difficult dog,concern_2_1,p1470,85
14804,difficult dog,concern_2_1,p1481,90
14805,difficult dog,concern_2_1,p1488,85
14806,difficult dog,concern_2_1,p1492,78
14807,difficult dog,concern_2_1,p1495,85
14808,difficult dog,concern_2_1,p1497,78
14809,difficult dog,concern_2_1,p1499,88
14810,difficult dog,concern_2_1,p1503,88
14811,difficult dog,concern_2_1,p1511,92
14812,difficult dog,concern_2_1,p1512,78
14813,difficult dog,concern_2_1,p1518,85
14814,difficult dog,concern_2_1,p1519,78
14815,difficult dog,concern_2_1,p1520,78
14816,difficult dog,concern_2_1,p1524,85
14817,difficult dog,concern_2_1,p1526,85
14818,difficult dog,concern_2_1,p1537,85
14819,difficult dog,concern_2_1,p1545,85
14820,difficult dog,concern_2_1,p1547,85
14821,difficult dog,concern_2_1,p1552,92
14822,difficult dog,concern_2_1,p1567,85
14823,difficult dog,concern_2_1,p1568,85
14824,difficult dog,concern_2_1,p1579,75
14825,difficult dog,concern_2_1,p1587,75
14826,difficult dog,concern_2_1,p1596,78
14827,difficult dog,concern_2_1,p1600,88
14828,difficult dog,concern_2_1,p1603,85
14829,difficult dog,concern_2_1,p1604,78
14830,difficult dog,concern_2_1,p1610,78
14831,difficult dog,concern_2_1,p1618,85
14832,difficult dog,concern_2_1,p1619,92
14833,difficult dog,concern_2_1,p1622,85
14834,difficult dog,concern_2_1,p1623,75
14835,difficult dog,concern_2_1,p1630,85
14836,difficult dog,concern_2_1,p1641,85
14837,difficult dog,concern_2_1,p1649,78
14838,difficult dog,concern_2_1,p1652,78
14839,difficult dog,concern_2_1,p1665,78
14840,difficult dog,concern_2_1,p1669,85
14841,difficult dog,concern_2_1,p1685,85
14842,difficult dog,concern_2_1,p1693,78
14843,difficult dog,concern_2_1,p1698,85
14844,difficult dog,concern_2_1,p1704,78
14845,difficult dog,concern_2_1,p1711,88
14846,difficult dog,concern_2_1,p1718,75
14847,difficult dog,concern_2_1,p1732,78
14848,difficult dog,concern_2_1,p1739,85
14849,difficult dog,concern_2_1,p1741,88
14850,difficult dog,concern_2_1,p1746,75
14851,difficult dog,concern_2_1,p1751,75
14852,difficult dog,concern_2_1,p1754,85
14853,difficult dog,concern_2_1,p1769,85
14854,difficult dog,concern_2_1,p1771,78
14855,difficult dog,concern_2_1,p1776,85
14856,difficult dog,concern_2_1,p1780,88
14857,difficult dog,concern_2_1,p1785,85
14858,difficult dog,concern_2_1,p1791,88
14859,difficult dog,concern_2_1,p1793,88
14860,difficult dog,concern_2_1,p1796,85
14861,difficult dog,concern_2_1,p1805,85
14862,difficult dog,concern_2_1,p1812,88
14863,difficult dog,concern_2_1,p1816,78
14864,difficult dog,concern_2_1,p1819,88
14865,difficult dog,concern_2_1,p1825,92
14866,difficult dog,concern_2_1,p1836,88
14867,difficult dog,concern_2_1,p1839,85
14868,difficult dog,concern_2_1,p1861,85
14869,difficult dog,concern_2_1,p1863,88
14870,difficult dog,concern_2_1,p1873,78
14871,difficult dog,concern_2_1,p1875,78
14872,difficult dog,concern_2_1,p1876,88
14873,difficult dog,concern_2_1,p1877,88
14874,difficult dog,concern_2_1,p1880,78
14875,difficult dog,concern_2_1,p1883,85
14876,difficult dog,concern_2_1,p1889,75
14877,difficult dog,concern_2_1,p1893,88
14878,difficult dog,concern_2_1,p1896,88
14879,difficult dog,concern_2_1,p1913,85
14880,difficult dog,concern_2_1,p1922,92
14881,difficult dog,concern_2_1,p1930,85
14882,difficult dog,concern_2_1,p1935,85
14883,difficult dog,concern_2_1,p1940,88
14884,difficult dog,concern_2_1,p1948,85
14885,difficult dog,concern_2_1,p1950,78
14886,difficult dog,concern_2_1,p1954,85
14887,difficult dog,concern_2_1,p1956,65
14888,difficult dog,concern_2_1,p1958,85
14889,difficult dog,concern_2_1,p1967,85
14890,difficult dog,concern_2_1,p1973,95
14891,difficult dog,concern_2_1,p1978,85
14892,difficult dog,concern_2_1,p1983,78
14893,difficult dog,concern_2_1,p1984,78
14894,difficult dog,concern_2_1,p1995,85
14895,difficult dog,concern_2_1,p1996,85
14896,difficult dog,concern_2_1,p1997,88
14897,difficult dog,concern_2_1,p2001,85
14898,difficult dog,concern_2_1,p2002,78
14899,difficult dog,concern_2_1,p2013,92
14900,difficult dog,concern_2_1,p2014,78
14901,difficult dog,concern_2_1,p2016,85
14902,difficult dog,concern_2_1,p2018,78
14903,difficult dog,concern_2_1,p2023,92
14904,difficult dog,concern_2_1,p2025,85
14905,difficult dog,concern_2_1,p2028,85
14906,difficult dog,concern_2_1,p2030,88
14907,difficult dog,concern_2_1,p2033,85
14908,difficult dog,concern_2_1,p2040,78
14909,difficult dog,concern_2_1,p2051,85
14910,difficult dog,concern_2_1,p2052,85
14911,difficult dog,concern_2_1,p2066,75
14912,difficult dog,concern_2_1,p2067,88
14913,difficult dog,concern_2_1,p2073,88
14914,difficult dog,concern_2_1,p2077,85
14915,difficult dog,concern_2_1,p2078,78
14916,difficult dog,concern_2_1,p2086,88
14917,difficult dog,concern_2_1,p2089,88
14918,difficult dog,concern_2_1,p2093,75
14919,difficult dog,concern_2_1,p2094,92
14920,difficult dog,concern_2_1,p2111,85
14921,difficult dog,concern_2_1,p2117,85
14922,difficult dog,concern_2_1,p2121,85
14923,difficult dog,concern_2_1,p2127,85
14924,difficult dog,concern_2_1,p2141,85
14925,difficult dog,concern_2_1,p2142,85
14926,difficult dog,concern_2_1,p2143,85
14927,difficult dog,concern_2_1,p2153,85
14928,difficult dog,concern_2_1,p2155,85
14929,difficult dog,concern_2_1,p2169,75
14930,difficult dog,concern_2_1,p2187,85
14931,difficult dog,concern_2_1,p2188,88
14932,difficult dog,concern_2_1,p2197,85
14933,difficult dog,concern_2_1,p2213,85
14934,difficult dog,concern_2_1,p2214,85
14935,difficult dog,concern_2_1,p2215,92
14936,difficult dog,concern_2_1,p2220,85
14937,difficult dog,concern_2_1,p2223,82
14938,difficult dog,concern_2_1,p2229,85
14939,difficult dog,concern_2_1,p2234,92
14940,difficult dog,concern_2_1,p2237,88
14941,difficult dog,concern_2_1,p2238,88
14942,difficult dog,concern_2_1,p2244,85
14943,difficult dog,concern_2_1,p2248,85
14944,difficult dog,concern_2_1,p2252,88
14945,difficult dog,concern_2_1,p2255,75
14946,difficult dog,concern_2_1,p2261,75
14947,difficult dog,concern_2_1,p2263,85
14948,difficult dog,concern_2_1,p2273,85
14949,difficult dog,concern_2_1,p2275,85
14950,difficult dog,concern_2_1,p2276,85
14951,difficult dog,concern_2_1,p2283,85
14952,difficult dog,concern_2_1,p2287,85
14953,difficult dog,concern_2_1,p2296,85
14954,difficult dog,concern_2_1,p2298,85
14955,difficult dog,concern_2_1,p2304,88
14956,difficult dog,concern_2_1,p2310,78
14957,difficult dog,concern_2_1,p2322,75
14958,difficult dog,concern_2_1,p2326,88
14959,difficult dog,concern_2_1,p2330,85
14960,difficult dog,concern_2_1,p2331,85
14961,difficult dog,concern_2_1,p2333,85
14962,difficult dog,concern_2_1,p2347,88
14963,difficult dog,concern_2_1,p2350,85
14964,difficult dog,concern_2_1,p2351,85
14965,difficult dog,concern_2_1,p2353,85
14966,difficult dog,concern_2_1,p2355,85
14967,difficult dog,concern_2_1,p2363,85
14968,difficult dog,concern_2_1,p2378,88
14969,difficult dog,concern_2_1,p2380,92
14970,difficult dog,concern_2_1,p2387,85
14971,difficult dog,concern_2_1,p2398,85
14972,difficult dog,concern_2_1,p2400,92
14973,difficult dog,concern_2_1,p2403,88
14974,difficult dog,concern_2_1,p2408,85
14975,difficult dog,concern_2_1,p2418,85
14976,difficult dog,concern_2_1,p2426,92
14977,difficult dog,concern_2_1,p2428,78
14978,difficult dog,concern_2_1,p2434,85
14979,difficult dog,concern_2_1,p2446,78
14980,difficult dog,concern_2_1,p2452,85
14981,difficult dog,concern_2_1,p2454,78
14982,difficult dog,concern_2_1,p2462,85
14983,difficult dog,concern_2_1,p2467,75
14984,difficult dog,concern_2_1,p2482,85
14985,difficult dog,concern_2_1,p2489,85
14986,difficult dog,concern_2_1,p2490,78
14987,difficult dog,concern_2_1,p2494,78
14988,difficult dog,concern_2_1,p2502,85
14989,difficult dog,concern_2_1,p2503,85
14990,difficult dog,concern_2_1,p2522,92
14991,difficult dog,concern_2_1,p2524,88
14992,difficult dog,concern_2_1,p2533,75
14993,difficult dog,concern_2_1,p2566,85
14994,difficult dog,concern_2_1,p2571,88
14995,difficult dog,concern_2_1,p2573,78
14996,difficult dog,concern_2_1,p2582,85
14997,difficult dog,concern_2_1,p2591,85
14998,difficult dog,concern_2_1,p2592,85
14999,difficult dog,concern_2_1,p2595,75
15000,difficult dog,concern_3_1,p0016,68
15001,difficult dog,concern_3_1,p0022,65
15002,difficult dog,concern_3_1,p0023,85
15003,difficult dog,concern_3_1,p0026,65
15004,difficult dog,concern_3_1,p0034,75
15005,difficult dog,concern_3_1,p0036,55
15006,difficult dog,concern_3_1,p0037,65
15007,difficult dog,concern_3_1,p0042,68
15008,difficult dog,concern_3_1,p0057,68
15009,difficult dog,concern_3_1,p0066,65
15010,difficult dog,concern_3_1,p0069,65
15011,difficult dog,concern_3_1,p0072,75
15012,difficult dog,concern_3_1,p0073,75
15013,difficult dog,concern_3_1,p0082,78
15014,difficult dog,concern_3_1,p0091,85
15015,difficult dog,concern_3_1,p0092,65
15016,difficult dog,concern_3_1,p0093,75
15017,difficult dog,concern_3_1,p0095,78
15018,difficult dog,concern_3_1,p0107,65
15019,difficult dog,concern_3_1,p0114,78
15020,difficult dog,concern_3_1,p0116,65
15021,difficult dog,concern_3_1,p0118,65
15022,difficult dog,concern_3_1,p0119,65
15023,difficult dog,concern_3_1,p0126,65
15024,difficult dog,concern_3_1,p0129,75
15025,difficult dog,concern_3_1,p0136,45
15026,difficult dog,concern_3_1,p0138,55
15027,difficult dog,concern_3_1,p0144,68
15028,difficult dog,concern_3_1,p0150,65
15029,difficult dog,concern_3_1,p0152,65
15030,difficult dog,concern_3_1,p0158,45
15031,difficult dog,concern_3_1,p0161,65
15032,difficult dog,concern_3_1,p0164,55
15033,difficult dog,concern_3_1,p0175,65
15034,difficult dog,concern_3_1,p0177,75
15035,difficult dog,concern_3_1,p0178,75
15036,difficult dog,concern_3_1,p0181,45
15037,difficult dog,concern_3_1,p0186,65
15038,difficult dog,concern_3_1,p0196,65
15039,difficult dog,concern_3_1,p0198,78
15040,difficult dog,concern_3_1,p0202,65
15041,difficult dog,concern_3_1,p0205,75
15042,difficult dog,concern_3_1,p0207,75
15043,difficult dog,concern_3_1,p0211,65
15044,difficult dog,concern_3_1,p0227,75
15045,difficult dog,concern_3_1,p0229,68
15046,difficult dog,concern_3_1,p0232,75
15047,difficult dog,concern_3_1,p0233,55
15048,difficult dog,concern_3_1,p0237,78
15049,difficult dog,concern_3_1,p0258,65
15050,difficult dog,concern_3_1,p0268,45
15051,difficult dog,concern_3_1,p0274,68
15052,difficult dog,concern_3_1,p0275,45
15053,difficult dog,concern_3_1,p0277,65
15054,difficult dog,concern_3_1,p0288,75
15055,difficult dog,concern_3_1,p0291,75
15056,difficult dog,concern_3_1,p0307,45
15057,difficult dog,concern_3_1,p0308,75
15058,difficult dog,concern_3_1,p0317,55
15059,difficult dog,concern_3_1,p0325,78
15060,difficult dog,concern_3_1,p0327,75
15061,difficult dog,concern_3_1,p0334,78
15062,difficult dog,concern_3_1,p0336,78
15063,difficult dog,concern_3_1,p0338,45
15064,difficult dog,concern_3_1,p0342,75
15065,difficult dog,concern_3_1,p0349,65
15066,difficult dog,concern_3_1,p0356,65
15067,difficult dog,concern_3_1,p0358,68
15068,difficult dog,concern_3_1,p0363,68
15069,difficult dog,concern_3_1,p0364,78
15070,difficult dog,concern_3_1,p0369,75
15071,difficult dog,concern_3_1,p0370,55
15072,difficult dog,concern_3_1,p0371,65
15073,difficult dog,concern_3_1,p0379,65
15074,difficult dog,concern_3_1,p0386,78
15075,difficult dog,concern_3_1,p0396,75
15076,difficult dog,concern_3_1,p0403,78
15077,difficult dog,concern_3_1,p0405,85
15078,difficult dog,concern_3_1,p0412,65
15079,difficult dog,concern_3_1,p0415,45
15080,difficult dog,concern_3_1,p0416,68
15081,difficult dog,concern_3_1,p0417,68
15082,difficult dog,concern_3_1,p0418,55
15083,difficult dog,concern_3_1,p0430,75
15084,difficult dog,concern_3_1,p0431,85
15085,difficult dog,concern_3_1,p0434,35
15086,difficult dog,concern_3_1,p0438,85
15087,difficult dog,concern_3_1,p0441,65
15088,difficult dog,concern_3_1,p0442,45
15089,difficult dog,concern_3_1,p0449,65
15090,difficult dog,concern_3_1,p0450,65
15091,difficult dog,concern_3_1,p0465,75
15092,difficult dog,concern_3_1,p0471,65
15093,difficult dog,concern_3_1,p0477,68
15094,difficult dog,concern_3_1,p0483,68
15095,difficult dog,concern_3_1,p0486,68
15096,difficult dog,concern_3_1,p0487,65
15097,difficult dog,concern_3_1,p0489,85
15098,difficult dog,concern_3_1,p0497,65
15099,difficult dog,concern_3_1,p0502,68
15100,difficult dog,concern_3_1,p0503,75
15101,difficult dog,concern_3_1,p0506,65
15102,difficult dog,concern_3_1,p0511,75
15103,difficult dog,concern_3_1,p0523,68
15104,difficult dog,concern_3_1,p0534,75
15105,difficult dog,concern_3_1,p0536,65
15106,difficult dog,concern_3_1,p0542,65
15107,difficult dog,concern_3_1,p0547,75
15108,difficult dog,concern_3_1,p0553,78
15109,difficult dog,concern_3_1,p0559,78
15110,difficult dog,concern_3_1,p0566,75
15111,difficult dog,concern_3_1,p0568,75
15112,difficult dog,concern_3_1,p0570,45
15113,difficult dog,concern_3_1,p0573,68
15114,difficult dog,concern_3_1,p0578,65
15115,difficult dog,concern_3_1,p0594,45
15116,difficult dog,concern_3_1,p0597,65
15117,difficult dog,concern_3_1,p0601,75
15118,difficult dog,concern_3_1,p0602,55
15119,difficult dog,concern_3_1,p0605,65
15120,difficult dog,concern_3_1,p0615,55
15121,difficult dog,concern_3_1,p0620,78
15122,difficult dog,concern_3_1,p0626,65
15123,difficult dog,concern_3_1,p0629,78
15124,difficult dog,concern_3_1,p0633,55
15125,difficult dog,concern_3_1,p0638,68
15126,difficult dog,concern_3_1,p0639,78
15127,difficult dog,concern_3_1,p0640,65
15128,difficult dog,concern_3_1,p0655,75
15129,difficult dog,concern_3_1,p0656,65
15130,difficult dog,concern_3_1,p0658,65
15131,difficult dog,concern_3_1,p0661,65
15132,difficult dog,concern_3_1,p0669,75
15133,difficult dog,concern_3_1,p0670,65
15134,difficult dog,concern_3_1,p0672,65
15135,difficult dog,concern_3_1,p0674,78
15136,difficult dog,concern_3_1,p0678,78
15137,difficult dog,concern_3_1,p0683,65
15138,difficult dog,concern_3_1,p0686,45
15139,difficult dog,concern_3_1,p0687,75
15140,difficult dog,concern_3_1,p0698,65
15141,difficult dog,concern_3_1,p0700,68
15142,difficult dog,concern_3_1,p0703,65
15143,difficult dog,concern_3_1,p0718,65
15144,difficult dog,concern_3_1,p0744,75
15145,difficult dog,concern_3_1,p0745,75
15146,difficult dog,concern_3_1,p0753,45
15147,difficult dog,concern_3_1,p0770,75
15148,difficult dog,concern_3_1,p0771,78
15149,difficult dog,concern_3_1,p0777,85
15150,difficult dog,concern_3_1,p0779,68
15151,difficult dog,concern_3_1,p0780,45
15152,difficult dog,concern_3_1,p0783,65
15153,difficult dog,concern_3_1,p0785,65
15154,difficult dog,concern_3_1,p0786,65
15155,difficult dog,concern_3_1,p0794,65
15156,difficult dog,concern_3_1,p0798,45
15157,difficult dog,concern_3_1,p0800,65
15158,difficult dog,concern_3_1,p0820,45
15159,difficult dog,concern_3_1,p0841,55
15160,difficult dog,concern_3_1,p0849,65
15161,difficult dog,concern_3_1,p0862,75
15162,difficult dog,concern_3_1,p0867,75
15163,difficult dog,concern_3_1,p0869,68
15164,difficult dog,concern_3_1,p0872,78
15165,difficult dog,concern_3_1,p0880,68
15166,difficult dog,concern_3_1,p0891,65
15167,difficult dog,concern_3_1,p0916,68
15168,difficult dog,concern_3_1,p0917,75
15169,difficult dog,concern_3_1,p0919,75
15170,difficult dog,concern_3_1,p0922,65
15171,difficult dog,concern_3_1,p0925,68
15172,difficult dog,concern_3_1,p0927,78
15173,difficult dog,concern_3_1,p0929,65
15174,difficult dog,concern_3_1,p0930,75
15175,difficult dog,concern_3_1,p0931,65
15176,difficult dog,concern_3_1,p0933,65
15177,difficult dog,concern_3_1,p0934,45
15178,difficult dog,concern_3_1,p0936,78
15179,difficult dog,concern_3_1,p0938,75
15180,difficult dog,concern_3_1,p0939,55
15181,difficult dog,concern_3_1,p0946,65
15182,difficult dog,concern_3_1,p0951,65
15183,difficult dog,concern_3_1,p0956,68
15184,difficult dog,concern_3_1,p0962,65
15185,difficult dog,concern_3_1,p0963,75
15186,difficult dog,concern_3_1,p0969,75
15187,difficult dog,concern_3_1,p0972,65
15188,difficult dog,concern_3_1,p0975,65
15189,difficult dog,concern_3_1,p0985,65
15190,difficult dog,concern_3_1,p0993,75
15191,difficult dog,concern_3_1,p0996,65
15192,difficult dog,concern_3_1,p1011,55
15193,difficult dog,concern_3_1,p1017,45
15194,difficult dog,concern_3_1,p1020,65
15195,difficult dog,concern_3_1,p1022,75
15196,difficult dog,concern_3_1,p1024,45
15197,difficult dog,concern_3_1,p1027,78
15198,difficult dog,concern_3_1,p1028,75
15199,difficult dog,concern_3_1,p1029,55
15200,difficult dog,concern_3_1,p1032,68
15201,difficult dog,concern_3_1,p1040,65
15202,difficult dog,concern_3_1,p1047,65
15203,difficult dog,concern_3_1,p1048,45
15204,difficult dog,concern_3_1,p1053,65
15205,difficult dog,concern_3_1,p1057,65
15206,difficult dog,concern_3_1,p1058,45
15207,difficult dog,concern_3_1,p1063,65
15208,difficult dog,concern_3_1,p1064,75
15209,difficult dog,concern_3_1,p1065,45
15210,difficult dog,concern_3_1,p1069,65
15211,difficult dog,concern_3_1,p1072,65
15212,difficult dog,concern_3_1,p1073,75
15213,difficult dog,concern_3_1,p1075,65
15214,difficult dog,concern_3_1,p1076,65
15215,difficult dog,concern_3_1,p1083,55
15216,difficult dog,concern_3_1,p1089,75
15217,difficult dog,concern_3_1,p1093,65
15218,difficult dog,concern_3_1,p1096,75
15219,difficult dog,concern_3_1,p1100,75
15220,difficult dog,concern_3_1,p1106,75
15221,difficult dog,concern_3_1,p1107,45
15222,difficult dog,concern_3_1,p1113,65
15223,difficult dog,concern_3_1,p1117,35
15224,difficult dog,concern_3_1,p1120,68
15225,difficult dog,concern_3_1,p1134,65
15226,difficult dog,concern_3_1,p1136,45
15227,difficult dog,concern_3_1,p1138,65
15228,difficult dog,concern_3_1,p1144,65
15229,difficult dog,concern_3_1,p1145,85
15230,difficult dog,concern_3_1,p1147,75
15231,difficult dog,concern_3_1,p1148,78
15232,difficult dog,concern_3_1,p1154,75
15233,difficult dog,concern_3_1,p1159,75
15234,difficult dog,concern_3_1,p1167,65
15235,difficult dog,concern_3_1,p1175,68
15236,difficult dog,concern_3_1,p1178,65
15237,difficult dog,concern_3_1,p1184,65
15238,difficult dog,concern_3_1,p1186,75
15239,difficult dog,concern_3_1,p1196,65
15240,difficult dog,concern_3_1,p1197,55
15241,difficult dog,concern_3_1,p1203,75
15242,difficult dog,concern_3_1,p1219,65
15243,difficult dog,concern_3_1,p1225,75
15244,difficult dog,concern_3_1,p1234,65
15245,difficult dog,concern_3_1,p1242,75
15246,difficult dog,concern_3_1,p1244,65
15247,difficult dog,concern_3_1,p1249,65
15248,difficult dog,concern_3_1,p1250,65
15249,difficult dog,concern_3_1,p1256,68
15250,difficult dog,concern_3_1,p1258,78
15251,difficult dog,concern_3_1,p1260,65
15252,difficult dog,concern_3_1,p1262,68
15253,difficult dog,concern_3_1,p1264,65
15254,difficult dog,concern_3_1,p1265,68
15255,difficult dog,concern_3_1,p1269,68
15256,difficult dog,concern_3_1,p1272,65
15257,difficult dog,concern_3_1,p1278,75
15258,difficult dog,concern_3_1,p1281,65
15259,difficult dog,concern_3_1,p1292,65
15260,difficult dog,concern_3_1,p1299,65
15261,difficult dog,concern_3_1,p1312,65
15262,difficult dog,concern_3_1,p1322,65
15263,difficult dog,concern_3_1,p1326,65
15264,difficult dog,concern_3_1,p1330,75
15265,difficult dog,concern_3_1,p1335,65
15266,difficult dog,concern_3_1,p1337,78
15267,difficult dog,concern_3_1,p1340,75
15268,difficult dog,concern_3_1,p1345,75
15269,difficult dog,concern_3_1,p1351,65
15270,difficult dog,concern_3_1,p1355,65
15271,difficult dog,concern_3_1,p1362,75
15272,difficult dog,concern_3_1,p1365,65
15273,difficult dog,concern_3_1,p1366,45
15274,difficult dog,concern_3_1,p1367,65
15275,difficult dog,concern_3_1,p1370,65
15276,difficult dog,concern_3_1,p1371,75
15277,difficult dog,concern_3_1,p1373,65
15278,difficult dog,concern_3_1,p1375,55
15279,difficult dog,concern_3_1,p1376,55
15280,difficult dog,concern_3_1,p1379,68
15281,difficult dog,concern_3_1,p1381,65
15282,difficult dog,concern_3_1,p1393,65
15283,difficult dog,concern_3_1,p1396,85
15284,difficult dog,concern_3_1,p1398,75
15285,difficult dog,concern_3_1,p1404,75
15286,difficult dog,concern_3_1,p1406,65
15287,difficult dog,concern_3_1,p1407,55
15288,difficult dog,concern_3_1,p1409,75
15289,difficult dog,concern_3_1,p1412,65
15290,difficult dog,concern_3_1,p1414,85
15291,difficult dog,concern_3_1,p1424,75
15292,difficult dog,concern_3_1,p1425,68
15293,difficult dog,concern_3_1,p1429,65
15294,difficult dog,concern_3_1,p1434,75
15295,difficult dog,concern_3_1,p1441,68
15296,difficult dog,concern_3_1,p1445,65
15297,difficult dog,concern_3_1,p1450,65
15298,difficult dog,concern_3_1,p1454,75
15299,difficult dog,concern_3_1,p1456,45
15300,difficult dog,concern_3_1,p1457,45
15301,difficult dog,concern_3_1,p1458,85
15302,difficult dog,concern_3_1,p1469,65
15303,difficult dog,concern_3_1,p1470,65
15304,difficult dog,concern_3_1,p1481,65
15305,difficult dog,concern_3_1,p1488,65
15306,difficult dog,concern_3_1,p1492,55
15307,difficult dog,concern_3_1,p1495,68
15308,difficult dog,concern_3_1,p1497,65
15309,difficult dog,concern_3_1,p1499,75
15310,difficult dog,concern_3_1,p1503,65
15311,difficult dog,concern_3_1,p1511,75
15312,difficult dog,concern_3_1,p1512,55
15313,difficult dog,concern_3_1,p1518,65
15314,difficult dog,concern_3_1,p1519,45
15315,difficult dog,concern_3_1,p1520,45
15316,difficult dog,concern_3_1,p1524,65
15317,difficult dog,concern_3_1,p1526,65
15318,difficult dog,concern_3_1,p1537,65
15319,difficult dog,concern_3_1,p1545,68
15320,difficult dog,concern_3_1,p1547,75
15321,difficult dog,concern_3_1,p1552,85
15322,difficult dog,concern_3_1,p1567,75
15323,difficult dog,concern_3_1,p1568,68
15324,difficult dog,concern_3_1,p1579,35
15325,difficult dog,concern_3_1,p1587,35
15326,difficult dog,concern_3_1,p1596,65
15327,difficult dog,concern_3_1,p1600,78
15328,difficult dog,concern_3_1,p1603,65
15329,difficult dog,concern_3_1,p1604,65
15330,difficult dog,concern_3_1,p1610,55
15331,difficult dog,concern_3_1,p1618,75
15332,difficult dog,concern_3_1,p1619,85
15333,difficult dog,concern_3_1,p1622,75
15334,difficult dog,concern_3_1,p1623,45
15335,difficult dog,concern_3_1,p1630,65
15336,difficult dog,concern_3_1,p1641,75
15337,difficult dog,concern_3_1,p1649,65
15338,difficult dog,concern_3_1,p1652,65
15339,difficult dog,concern_3_1,p1665,65
15340,difficult dog,concern_3_1,p1669,65
15341,difficult dog,concern_3_1,p1685,75
15342,difficult dog,concern_3_1,p1693,65
15343,difficult dog,concern_3_1,p1698,68
15344,difficult dog,concern_3_1,p1704,65
15345,difficult dog,concern_3_1,p1711,78
15346,difficult dog,concern_3_1,p1718,55
15347,difficult dog,concern_3_1,p1732,65
15348,difficult dog,concern_3_1,p1739,75
15349,difficult dog,concern_3_1,p1741,75
15350,difficult dog,concern_3_1,p1746,45
15351,difficult dog,concern_3_1,p1751,45
15352,difficult dog,concern_3_1,p1754,65
15353,difficult dog,concern_3_1,p1769,65
15354,difficult dog,concern_3_1,p1771,65
15355,difficult dog,concern_3_1,p1776,75
15356,difficult dog,concern_3_1,p1780,78
15357,difficult dog,concern_3_1,p1785,65
15358,difficult dog,concern_3_1,p1791,75
15359,difficult dog,concern_3_1,p1793,75
15360,difficult dog,concern_3_1,p1796,65
15361,difficult dog,concern_3_1,p1805,65
15362,difficult dog,concern_3_1,p1812,78
15363,difficult dog,concern_3_1,p1816,45
15364,difficult dog,concern_3_1,p1819,75
15365,difficult dog,concern_3_1,p1825,75
15366,difficult dog,concern_3_1,p1836,75
15367,difficult dog,concern_3_1,p1839,75
15368,difficult dog,concern_3_1,p1861,75
15369,difficult dog,concern_3_1,p1863,75
15370,difficult dog,concern_3_1,p1873,65
15371,difficult dog,concern_3_1,p1875,55
15372,difficult dog,concern_3_1,p1876,75
15373,difficult dog,concern_3_1,p1877,75
15374,difficult dog,concern_3_1,p1880,65
15375,difficult dog,concern_3_1,p1883,68
15376,difficult dog,concern_3_1,p1889,45
15377,difficult dog,concern_3_1,p1893,68
15378,difficult dog,concern_3_1,p1896,78
15379,difficult dog,concern_3_1,p1913,65
15380,difficult dog,concern_3_1,p1922,75
15381,difficult dog,concern_3_1,p1930,75
15382,difficult dog,concern_3_1,p1935,65
15383,difficult dog,concern_3_1,p1940,78
15384,difficult dog,concern_3_1,p1948,65
15385,difficult dog,concern_3_1,p1950,65
15386,difficult dog,concern_3_1,p1954,65
15387,difficult dog,concern_3_1,p1956,45
15388,difficult dog,concern_3_1,p1958,65
15389,difficult dog,concern_3_1,p1967,75
15390,difficult dog,concern_3_1,p1973,85
15391,difficult dog,concern_3_1,p1978,68
15392,difficult dog,concern_3_1,p1983,65
15393,difficult dog,concern_3_1,p1984,55
15394,difficult dog,concern_3_1,p1995,65
15395,difficult dog,concern_3_1,p1996,68
15396,difficult dog,concern_3_1,p1997,78
15397,difficult dog,concern_3_1,p2001,75
15398,difficult dog,concern_3_1,p2002,65
15399,difficult dog,concern_3_1,p2013,75
15400,difficult dog,concern_3_1,p2014,45
15401,difficult dog,concern_3_1,p2016,75
15402,difficult dog,concern_3_1,p2018,45
15403,difficult dog,concern_3_1,p2023,85
15404,difficult dog,concern_3_1,p2025,75
15405,difficult dog,concern_3_1,p2028,75
15406,difficult dog,concern_3_1,p2030,65
15407,difficult dog,concern_3_1,p2033,68
15408,difficult dog,concern_3_1,p2040,65
15409,difficult dog,concern_3_1,p2051,65
15410,difficult dog,concern_3_1,p2052,75
15411,difficult dog,concern_3_1,p2066,45
15412,difficult dog,concern_3_1,p2067,68
15413,difficult dog,concern_3_1,p2073,75
15414,difficult dog,concern_3_1,p2077,68
15415,difficult dog,concern_3_1,p2078,65
15416,difficult dog,concern_3_1,p2086,75
15417,difficult dog,concern_3_1,p2089,75
15418,difficult dog,concern_3_1,p2093,45
15419,difficult dog,concern_3_1,p2094,65
15420,difficult dog,concern_3_1,p2111,65
15421,difficult dog,concern_3_1,p2117,65
15422,difficult dog,concern_3_1,p2121,65
15423,difficult dog,concern_3_1,p2127,75
15424,difficult dog,concern_3_1,p2141,75
15425,difficult dog,concern_3_1,p2142,45
15426,difficult dog,concern_3_1,p2143,75
15427,difficult dog,concern_3_1,p2153,55
15428,difficult dog,concern_3_1,p2155,45
15429,difficult dog,concern_3_1,p2169,65
15430,difficult dog,concern_3_1,p2187,65
15431,difficult dog,concern_3_1,p2188,78
15432,difficult dog,concern_3_1,p2197,65
15433,difficult dog,concern_3_1,p2213,45
15434,difficult dog,concern_3_1,p2214,68
15435,difficult dog,concern_3_1,p2215,65
15436,difficult dog,concern_3_1,p2220,75
15437,difficult dog,concern_3_1,p2223,45
15438,difficult dog,concern_3_1,p2229,68
15439,difficult dog,concern_3_1,p2234,85
15440,difficult dog,concern_3_1,p2237,75
15441,difficult dog,concern_3_1,p2238,75
15442,difficult dog,concern_3_1,p2244,65
15443,difficult dog,concern_3_1,p2248,68
15444,difficult dog,concern_3_1,p2252,75
15445,difficult dog,concern_3_1,p2255,45
15446,difficult dog,concern_3_1,p2261,45
15447,difficult dog,concern_3_1,p2263,65
15448,difficult dog,concern_3_1,p2273,68
15449,difficult dog,concern_3_1,p2275,68
15450,difficult dog,concern_3_1,p2276,68
15451,difficult dog,concern_3_1,p2283,35
15452,difficult dog,concern_3_1,p2287,65
15453,difficult dog,concern_3_1,p2296,45
15454,difficult dog,concern_3_1,p2298,68
15455,difficult dog,concern_3_1,p2304,75
15456,difficult dog,concern_3_1,p2310,65
15457,difficult dog,concern_3_1,p2322,45
15458,difficult dog,concern_3_1,p2326,65
15459,difficult dog,concern_3_1,p2330,65
15460,difficult dog,concern_3_1,p2331,65
15461,difficult dog,concern_3_1,p2333,65
15462,difficult dog,concern_3_1,p2347,75
15463,difficult dog,concern_3_1,p2350,65
15464,difficult dog,concern_3_1,p2351,68
15465,difficult dog,concern_3_1,p2353,68
15466,difficult dog,concern_3_1,p2355,65
15467,difficult dog,concern_3_1,p2363,45
15468,difficult dog,concern_3_1,p2378,75
15469,difficult dog,concern_3_1,p2380,75
15470,difficult dog,concern_3_1,p2387,68
15471,difficult dog,concern_3_1,p2398,68
15472,difficult dog,concern_3_1,p2400,75
15473,difficult dog,concern_3_1,p2403,75
15474,difficult dog,concern_3_1,p2408,45
15475,difficult dog,concern_3_1,p2418,65
15476,difficult dog,concern_3_1,p2426,75
15477,difficult dog,concern_3_1,p2428,55
15478,difficult dog,concern_3_1,p2434,68
15479,difficult dog,concern_3_1,p2446,45
15480,difficult dog,concern_3_1,p2452,65
15481,difficult dog,concern_3_1,p2454,65
15482,difficult dog,concern_3_1,p2462,68
15483,difficult dog,concern_3_1,p2467,65
15484,difficult dog,concern_3_1,p2482,65
15485,difficult dog,concern_3_1,p2489,75
15486,difficult dog,concern_3_1,p2490,45
15487,difficult dog,concern_3_1,p2494,65
15488,difficult dog,concern_3_1,p2502,75
15489,difficult dog,concern_3_1,p2503,75
15490,difficult dog,concern_3_1,p2522,75
15491,difficult dog,concern_3_1,p2524,75
15492,difficult dog,concern_3_1,p2533,45
15493,difficult dog,concern_3_1,p2566,65
15494,difficult dog,concern_3_1,p2571,75
15495,difficult dog,concern_3_1,p2573,45
15496,difficult dog,concern_3_1,p2582,68
15497,difficult dog,concern_3_1,p2591,45
15498,difficult dog,concern_3_1,p2592,65
15499,difficult dog,concern_3_1,p2595,45
15500,difficult dog,policy_specific_1_1,p0016,68
15501,difficult dog,policy_specific_1_1,p0022,68
15502,difficult dog,policy_specific_1_1,p0023,78
15503,difficult dog,policy_specific_1_1,p0026,68
15504,difficult dog,policy_specific_1_1,p0034,35
15505,difficult dog,policy_specific_1_1,p0036,55
15506,difficult dog,policy_specific_1_1,p0037,62
15507,difficult dog,policy_specific_1_1,p0042,68
15508,difficult dog,policy_specific_1_1,p0057,65
15509,difficult dog,policy_specific_1_1,p0066,35
15510,difficult dog,policy_specific_1_1,p0069,35
15511,difficult dog,policy_specific_1_1,p0072,45
15512,difficult dog,policy_specific_1_1,p0073,68
15513,difficult dog,policy_specific_1_1,p0082,78
15514,difficult dog,policy_specific_1_1,p0091,75
15515,difficult dog,policy_specific_1_1,p0092,65
15516,difficult dog,policy_specific_1_1,p0093,68
15517,difficult dog,policy_specific_1_1,p0095,65
15518,difficult dog,policy_specific_1_1,p0107,55
15519,difficult dog,policy_specific_1_1,p0114,65
15520,difficult dog,policy_specific_1_1,p0116,62
15521,difficult dog,policy_specific_1_1,p0118,62
15522,difficult dog,policy_specific_1_1,p0119,68
15523,difficult dog,policy_specific_1_1,p0126,55
15524,difficult dog,policy_specific_1_1,p0129,68
15525,difficult dog,policy_specific_1_1,p0136,55
15526,difficult dog,policy_specific_1_1,p0138,45
15527,difficult dog,policy_specific_1_1,p0144,65
15528,difficult dog,policy_specific_1_1,p0150,65
15529,difficult dog,policy_specific_1_1,p0152,45
15530,difficult dog,policy_specific_1_1,p0158,45
15531,difficult dog,policy_specific_1_1,p0161,25
15532,difficult dog,policy_specific_1_1,p0164,35
15533,difficult dog,policy_specific_1_1,p0175,68
15534,difficult dog,policy_specific_1_1,p0177,75
15535,difficult dog,policy_specific_1_1,p0178,65
15536,difficult dog,policy_specific_1_1,p0181,25
15537,difficult dog,policy_specific_1_1,p0186,55
15538,difficult dog,policy_specific_1_1,p0196,45
15539,difficult dog,policy_specific_1_1,p0198,68
15540,difficult dog,policy_specific_1_1,p0202,68
15541,difficult dog,policy_specific_1_1,p0205,45
15542,difficult dog,policy_specific_1_1,p0207,65
15543,difficult dog,policy_specific_1_1,p0211,65
15544,difficult dog,policy_specific_1_1,p0227,75
15545,difficult dog,policy_specific_1_1,p0229,65
15546,difficult dog,policy_specific_1_1,p0232,68
15547,difficult dog,policy_specific_1_1,p0233,65
15548,difficult dog,policy_specific_1_1,p0237,65
15549,difficult dog,policy_specific_1_1,p0258,68
15550,difficult dog,policy_specific_1_1,p0268,35
15551,difficult dog,policy_specific_1_1,p0274,75
15552,difficult dog,policy_specific_1_1,p0275,68
15553,difficult dog,policy_specific_1_1,p0277,65
15554,difficult dog,policy_specific_1_1,p0288,85
15555,difficult dog,policy_specific_1_1,p0291,68
15556,difficult dog,policy_specific_1_1,p0307,45
15557,difficult dog,policy_specific_1_1,p0308,65
15558,difficult dog,policy_specific_1_1,p0317,25
15559,difficult dog,policy_specific_1_1,p0325,68
15560,difficult dog,policy_specific_1_1,p0327,68
15561,difficult dog,policy_specific_1_1,p0334,65
15562,difficult dog,policy_specific_1_1,p0336,78
15563,difficult dog,policy_specific_1_1,p0338,45
15564,difficult dog,policy_specific_1_1,p0342,72
15565,difficult dog,policy_specific_1_1,p0349,45
15566,difficult dog,policy_specific_1_1,p0356,65
15567,difficult dog,policy_specific_1_1,p0358,75
15568,difficult dog,policy_specific_1_1,p0363,68
15569,difficult dog,policy_specific_1_1,p0364,78
15570,difficult dog,policy_specific_1_1,p0369,65
15571,difficult dog,policy_specific_1_1,p0370,45
15572,difficult dog,policy_specific_1_1,p0371,55
15573,difficult dog,policy_specific_1_1,p0379,55
15574,difficult dog,policy_specific_1_1,p0386,65
15575,difficult dog,policy_specific_1_1,p0396,68
15576,difficult dog,policy_specific_1_1,p0403,78
15577,difficult dog,policy_specific_1_1,p0405,75
15578,difficult dog,policy_specific_1_1,p0412,68
15579,difficult dog,policy_specific_1_1,p0415,35
15580,difficult dog,policy_specific_1_1,p0416,68
15581,difficult dog,policy_specific_1_1,p0417,65
15582,difficult dog,policy_specific_1_1,p0418,45
15583,difficult dog,policy_specific_1_1,p0430,65
15584,difficult dog,policy_specific_1_1,p0431,72
15585,difficult dog,policy_specific_1_1,p0434,25
15586,difficult dog,policy_specific_1_1,p0438,75
15587,difficult dog,policy_specific_1_1,p0441,68
15588,difficult dog,policy_specific_1_1,p0442,55
15589,difficult dog,policy_specific_1_1,p0449,62
15590,difficult dog,policy_specific_1_1,p0450,68
15591,difficult dog,policy_specific_1_1,p0465,68
15592,difficult dog,policy_specific_1_1,p0471,55
15593,difficult dog,policy_specific_1_1,p0477,68
15594,difficult dog,policy_specific_1_1,p0483,65
15595,difficult dog,policy_specific_1_1,p0486,35
15596,difficult dog,policy_specific_1_1,p0487,68
15597,difficult dog,policy_specific_1_1,p0489,75
15598,difficult dog,policy_specific_1_1,p0497,25
15599,difficult dog,policy_specific_1_1,p0502,45
15600,difficult dog,policy_specific_1_1,p0503,68
15601,difficult dog,policy_specific_1_1,p0506,55
15602,difficult dog,policy_specific_1_1,p0511,68
15603,difficult dog,policy_specific_1_1,p0523,65
15604,difficult dog,policy_specific_1_1,p0534,55
15605,difficult dog,policy_specific_1_1,p0536,62
15606,difficult dog,policy_specific_1_1,p0542,25
15607,difficult dog,policy_specific_1_1,p0547,65
15608,difficult dog,policy_specific_1_1,p0553,65
15609,difficult dog,policy_specific_1_1,p0559,78
15610,difficult dog,policy_specific_1_1,p0566,68
15611,difficult dog,policy_specific_1_1,p0568,68
15612,difficult dog,policy_specific_1_1,p0570,65
15613,difficult dog,policy_specific_1_1,p0573,55
15614,difficult dog,policy_specific_1_1,p0578,62
15615,difficult dog,policy_specific_1_1,p0594,45
15616,difficult dog,policy_specific_1_1,p0597,62
15617,difficult dog,policy_specific_1_1,p0601,68
15618,difficult dog,policy_specific_1_1,p0602,45
15619,difficult dog,policy_specific_1_1,p0605,62
15620,difficult dog,policy_specific_1_1,p0615,55
15621,difficult dog,policy_specific_1_1,p0620,68
15622,difficult dog,policy_specific_1_1,p0626,68
15623,difficult dog,policy_specific_1_1,p0629,78
15624,difficult dog,policy_specific_1_1,p0633,62
15625,difficult dog,policy_specific_1_1,p0638,65
15626,difficult dog,policy_specific_1_1,p0639,65
15627,difficult dog,policy_specific_1_1,p0640,45
15628,difficult dog,policy_specific_1_1,p0655,35
15629,difficult dog,policy_specific_1_1,p0656,72
15630,difficult dog,policy_specific_1_1,p0658,25
15631,difficult dog,policy_specific_1_1,p0661,62
15632,difficult dog,policy_specific_1_1,p0669,68
15633,difficult dog,policy_specific_1_1,p0670,68
15634,difficult dog,policy_specific_1_1,p0672,68
15635,difficult dog,policy_specific_1_1,p0674,65
15636,difficult dog,policy_specific_1_1,p0678,65
15637,difficult dog,policy_specific_1_1,p0683,65
15638,difficult dog,policy_specific_1_1,p0686,65
15639,difficult dog,policy_specific_1_1,p0687,75
15640,difficult dog,policy_specific_1_1,p0698,65
15641,difficult dog,policy_specific_1_1,p0700,65
15642,difficult dog,policy_specific_1_1,p0703,65
15643,difficult dog,policy_specific_1_1,p0718,65
15644,difficult dog,policy_specific_1_1,p0744,65
15645,difficult dog,policy_specific_1_1,p0745,68
15646,difficult dog,policy_specific_1_1,p0753,55
15647,difficult dog,policy_specific_1_1,p0770,68
15648,difficult dog,policy_specific_1_1,p0771,78
15649,difficult dog,policy_specific_1_1,p0777,78
15650,difficult dog,policy_specific_1_1,p0779,65
15651,difficult dog,policy_specific_1_1,p0780,45
15652,difficult dog,policy_specific_1_1,p0783,55
15653,difficult dog,policy_specific_1_1,p0785,62
15654,difficult dog,policy_specific_1_1,p0786,65
15655,difficult dog,policy_specific_1_1,p0794,25
15656,difficult dog,policy_specific_1_1,p0798,25
15657,difficult dog,policy_specific_1_1,p0800,68
15658,difficult dog,policy_specific_1_1,p0820,68
15659,difficult dog,policy_specific_1_1,p0841,25
15660,difficult dog,policy_specific_1_1,p0849,68
15661,difficult dog,policy_specific_1_1,p0862,75
15662,difficult dog,policy_specific_1_1,p0867,75
15663,difficult dog,policy_specific_1_1,p0869,68
15664,difficult dog,policy_specific_1_1,p0872,78
15665,difficult dog,policy_specific_1_1,p0880,68
15666,difficult dog,policy_specific_1_1,p0891,45
15667,difficult dog,policy_specific_1_1,p0916,65
15668,difficult dog,policy_specific_1_1,p0917,68
15669,difficult dog,policy_specific_1_1,p0919,65
15670,difficult dog,policy_specific_1_1,p0922,65
15671,difficult dog,policy_specific_1_1,p0925,68
15672,difficult dog,policy_specific_1_1,p0927,78
15673,difficult dog,policy_specific_1_1,p0929,55
15674,difficult dog,policy_specific_1_1,p0930,45
15675,difficult dog,policy_specific_1_1,p0931,35
15676,difficult dog,policy_specific_1_1,p0933,68
15677,difficult dog,policy_specific_1_1,p0934,25
15678,difficult dog,policy_specific_1_1,p0936,68
15679,difficult dog,policy_specific_1_1,p0938,65
15680,difficult dog,policy_specific_1_1,p0939,45
15681,difficult dog,policy_specific_1_1,p0946,62
15682,difficult dog,policy_specific_1_1,p0951,68
15683,difficult dog,policy_specific_1_1,p0956,68
15684,difficult dog,policy_specific_1_1,p0962,35
15685,difficult dog,policy_specific_1_1,p0963,68
15686,difficult dog,policy_specific_1_1,p0969,25
15687,difficult dog,policy_specific_1_1,p0972,55
15688,difficult dog,policy_specific_1_1,p0975,55
15689,difficult dog,policy_specific_1_1,p0985,65
15690,difficult dog,policy_specific_1_1,p0993,75
15691,difficult dog,policy_specific_1_1,p0996,55
15692,difficult dog,policy_specific_1_1,p1011,35
15693,difficult dog,policy_specific_1_1,p1017,35
15694,difficult dog,policy_specific_1_1,p1020,45
15695,difficult dog,policy_specific_1_1,p1022,65
15696,difficult dog,policy_specific_1_1,p1024,35
15697,difficult dog,policy_specific_1_1,p1027,75
15698,difficult dog,policy_specific_1_1,p1028,75
15699,difficult dog,policy_specific_1_1,p1029,65
15700,difficult dog,policy_specific_1_1,p1032,65
15701,difficult dog,policy_specific_1_1,p1040,65
15702,difficult dog,policy_specific_1_1,p1047,65
15703,difficult dog,policy_specific_1_1,p1048,45
15704,difficult dog,policy_specific_1_1,p1053,68
15705,difficult dog,policy_specific_1_1,p1057,68
15706,difficult dog,policy_specific_1_1,p1058,45
15707,difficult dog,policy_specific_1_1,p1063,45
15708,difficult dog,policy_specific_1_1,p1064,65
15709,difficult dog,policy_specific_1_1,p1065,45
15710,difficult dog,policy_specific_1_1,p1069,65
15711,difficult dog,policy_specific_1_1,p1072,68
15712,difficult dog,policy_specific_1_1,p1073,72
15713,difficult dog,policy_specific_1_1,p1075,68
15714,difficult dog,policy_specific_1_1,p1076,65
15715,difficult dog,policy_specific_1_1,p1083,45
15716,difficult dog,policy_specific_1_1,p1089,75
15717,difficult dog,policy_specific_1_1,p1093,68
15718,difficult dog,policy_specific_1_1,p1096,65
15719,difficult dog,policy_specific_1_1,p1100,65
15720,difficult dog,policy_specific_1_1,p1106,78
15721,difficult dog,policy_specific_1_1,p1107,45
15722,difficult dog,policy_specific_1_1,p1113,75
15723,difficult dog,policy_specific_1_1,p1117,25
15724,difficult dog,policy_specific_1_1,p1120,68
15725,difficult dog,policy_specific_1_1,p1134,62
15726,difficult dog,policy_specific_1_1,p1136,45
15727,difficult dog,policy_specific_1_1,p1138,68
15728,difficult dog,policy_specific_1_1,p1144,75
15729,difficult dog,policy_specific_1_1,p1145,75
15730,difficult dog,policy_specific_1_1,p1147,68
15731,difficult dog,policy_specific_1_1,p1148,75
15732,difficult dog,policy_specific_1_1,p1154,68
15733,difficult dog,policy_specific_1_1,p1159,45
15734,difficult dog,policy_specific_1_1,p1167,68
15735,difficult dog,policy_specific_1_1,p1175,68
15736,difficult dog,policy_specific_1_1,p1178,62
15737,difficult dog,policy_specific_1_1,p1184,55
15738,difficult dog,policy_specific_1_1,p1186,68
15739,difficult dog,policy_specific_1_1,p1196,55
15740,difficult dog,policy_specific_1_1,p1197,68
15741,difficult dog,policy_specific_1_1,p1203,68
15742,difficult dog,policy_specific_1_1,p1219,68
15743,difficult dog,policy_specific_1_1,p1225,68
15744,difficult dog,policy_specific_1_1,p1234,62
15745,difficult dog,policy_specific_1_1,p1242,65
15746,difficult dog,policy_specific_1_1,p1244,75
15747,difficult dog,policy_specific_1_1,p1249,55
15748,difficult dog,policy_specific_1_1,p1250,62
15749,difficult dog,policy_specific_1_1,p1256,65
15750,difficult dog,policy_specific_1_1,p1258,68
15751,difficult dog,policy_specific_1_1,p1260,55
15752,difficult dog,policy_specific_1_1,p1262,35
15753,difficult dog,policy_specific_1_1,p1264,65
15754,difficult dog,policy_specific_1_1,p1265,65
15755,difficult dog,policy_specific_1_1,p1269,62
15756,difficult dog,policy_specific_1_1,p1272,68
15757,difficult dog,policy_specific_1_1,p1278,68
15758,difficult dog,policy_specific_1_1,p1281,68
15759,difficult dog,policy_specific_1_1,p1292,45
15760,difficult dog,policy_specific_1_1,p1299,62
15761,difficult dog,policy_specific_1_1,p1312,62
15762,difficult dog,policy_specific_1_1,p1322,68
15763,difficult dog,policy_specific_1_1,p1326,68
15764,difficult dog,policy_specific_1_1,p1330,68
15765,difficult dog,policy_specific_1_1,p1335,68
15766,difficult dog,policy_specific_1_1,p1337,65
15767,difficult dog,policy_specific_1_1,p1340,68
15768,difficult dog,policy_specific_1_1,p1345,68
15769,difficult dog,policy_specific_1_1,p1351,45
15770,difficult dog,policy_specific_1_1,p1355,62
15771,difficult dog,policy_specific_1_1,p1362,25
15772,difficult dog,policy_specific_1_1,p1365,45
15773,difficult dog,policy_specific_1_1,p1366,45
15774,difficult dog,policy_specific_1_1,p1367,45
15775,difficult dog,policy_specific_1_1,p1370,65
15776,difficult dog,policy_specific_1_1,p1371,45
15777,difficult dog,policy_specific_1_1,p1373,62
15778,difficult dog,policy_specific_1_1,p1375,25
15779,difficult dog,policy_specific_1_1,p1376,25
15780,difficult dog,policy_specific_1_1,p1379,65
15781,difficult dog,policy_specific_1_1,p1381,65
15782,difficult dog,policy_specific_1_1,p1393,65
15783,difficult dog,policy_specific_1_1,p1396,75
15784,difficult dog,policy_specific_1_1,p1398,68
15785,difficult dog,policy_specific_1_1,p1404,75
15786,difficult dog,policy_specific_1_1,p1406,62
15787,difficult dog,policy_specific_1_1,p1407,55
15788,difficult dog,policy_specific_1_1,p1409,68
15789,difficult dog,policy_specific_1_1,p1412,65
15790,difficult dog,policy_specific_1_1,p1414,75
15791,difficult dog,policy_specific_1_1,p1424,65
15792,difficult dog,policy_specific_1_1,p1425,68
15793,difficult dog,policy_specific_1_1,p1429,75
15794,difficult dog,policy_specific_1_1,p1434,68
15795,difficult dog,policy_specific_1_1,p1441,65
15796,difficult dog,policy_specific_1_1,p1445,65
15797,difficult dog,policy_specific_1_1,p1450,68
15798,difficult dog,policy_specific_1_1,p1454,68
15799,difficult dog,policy_specific_1_1,p1456,45
15800,difficult dog,policy_specific_1_1,p1457,68
15801,difficult dog,policy_specific_1_1,p1458,75
15802,difficult dog,policy_specific_1_1,p1469,55
15803,difficult dog,policy_specific_1_1,p1470,35
15804,difficult dog,policy_specific_1_1,p1481,75
15805,difficult dog,policy_specific_1_1,p1488,68
15806,difficult dog,policy_specific_1_1,p1492,45
15807,difficult dog,policy_specific_1_1,p1495,45
15808,difficult dog,policy_specific_1_1,p1497,65
15809,difficult dog,policy_specific_1_1,p1499,72
15810,difficult dog,policy_specific_1_1,p1503,68
15811,difficult dog,policy_specific_1_1,p1511,68
15812,difficult dog,policy_specific_1_1,p1512,45
15813,difficult dog,policy_specific_1_1,p1518,68
15814,difficult dog,policy_specific_1_1,p1519,62
15815,difficult dog,policy_specific_1_1,p1520,45
15816,difficult dog,policy_specific_1_1,p1524,65
15817,difficult dog,policy_specific_1_1,p1526,35
15818,difficult dog,policy_specific_1_1,p1537,65
15819,difficult dog,policy_specific_1_1,p1545,68
15820,difficult dog,policy_specific_1_1,p1547,75
15821,difficult dog,policy_specific_1_1,p1552,85
15822,difficult dog,policy_specific_1_1,p1567,68
15823,difficult dog,policy_specific_1_1,p1568,68
15824,difficult dog,policy_specific_1_1,p1579,35
15825,difficult dog,policy_specific_1_1,p1587,45
15826,difficult dog,policy_specific_1_1,p1596,45
15827,difficult dog,policy_specific_1_1,p1600,72
15828,difficult dog,policy_specific_1_1,p1603,68
15829,difficult dog,policy_specific_1_1,p1604,65
15830,difficult dog,policy_specific_1_1,p1610,45
15831,difficult dog,policy_specific_1_1,p1618,35
15832,difficult dog,policy_specific_1_1,p1619,75
15833,difficult dog,policy_specific_1_1,p1622,65
15834,difficult dog,policy_specific_1_1,p1623,25
15835,difficult dog,policy_specific_1_1,p1630,65
15836,difficult dog,policy_specific_1_1,p1641,65
15837,difficult dog,policy_specific_1_1,p1649,68
15838,difficult dog,policy_specific_1_1,p1652,65
15839,difficult dog,policy_specific_1_1,p1665,62
15840,difficult dog,policy_specific_1_1,p1669,35
15841,difficult dog,policy_specific_1_1,p1685,65
15842,difficult dog,policy_specific_1_1,p1693,62
15843,difficult dog,policy_specific_1_1,p1698,68
15844,difficult dog,policy_specific_1_1,p1704,62
15845,difficult dog,policy_specific_1_1,p1711,68
15846,difficult dog,policy_specific_1_1,p1718,35
15847,difficult dog,policy_specific_1_1,p1732,45
15848,difficult dog,policy_specific_1_1,p1739,68
15849,difficult dog,policy_specific_1_1,p1741,68
15850,difficult dog,policy_specific_1_1,p1746,45
15851,difficult dog,policy_specific_1_1,p1751,25
15852,difficult dog,policy_specific_1_1,p1754,35
15853,difficult dog,policy_specific_1_1,p1769,25
15854,difficult dog,policy_specific_1_1,p1771,65
15855,difficult dog,policy_specific_1_1,p1776,68
15856,difficult dog,policy_specific_1_1,p1780,68
15857,difficult dog,policy_specific_1_1,p1785,65
15858,difficult dog,policy_specific_1_1,p1791,72
15859,difficult dog,policy_specific_1_1,p1793,65
15860,difficult dog,policy_specific_1_1,p1796,62
15861,difficult dog,policy_specific_1_1,p1805,55
15862,difficult dog,policy_specific_1_1,p1812,68
15863,difficult dog,policy_specific_1_1,p1816,55
15864,difficult dog,policy_specific_1_1,p1819,68
15865,difficult dog,policy_specific_1_1,p1825,75
15866,difficult dog,policy_specific_1_1,p1836,65
15867,difficult dog,policy_specific_1_1,p1839,35
15868,difficult dog,policy_specific_1_1,p1861,65
15869,difficult dog,policy_specific_1_1,p1863,68
15870,difficult dog,policy_specific_1_1,p1873,62
15871,difficult dog,policy_specific_1_1,p1875,45
15872,difficult dog,policy_specific_1_1,p1876,68
15873,difficult dog,policy_specific_1_1,p1877,65
15874,difficult dog,policy_specific_1_1,p1880,55
15875,difficult dog,policy_specific_1_1,p1883,45
15876,difficult dog,policy_specific_1_1,p1889,25
15877,difficult dog,policy_specific_1_1,p1893,78
15878,difficult dog,policy_specific_1_1,p1896,78
15879,difficult dog,policy_specific_1_1,p1913,68
15880,difficult dog,policy_specific_1_1,p1922,45
15881,difficult dog,policy_specific_1_1,p1930,68
15882,difficult dog,policy_specific_1_1,p1935,55
15883,difficult dog,policy_specific_1_1,p1940,78
15884,difficult dog,policy_specific_1_1,p1948,25
15885,difficult dog,policy_specific_1_1,p1950,62
15886,difficult dog,policy_specific_1_1,p1954,55
15887,difficult dog,policy_specific_1_1,p1956,45
15888,difficult dog,policy_specific_1_1,p1958,68
15889,difficult dog,policy_specific_1_1,p1967,68
15890,difficult dog,policy_specific_1_1,p1973,85
15891,difficult dog,policy_specific_1_1,p1978,62
15892,difficult dog,policy_specific_1_1,p1983,65
15893,difficult dog,policy_specific_1_1,p1984,68
15894,difficult dog,policy_specific_1_1,p1995,68
15895,difficult dog,policy_specific_1_1,p1996,68
15896,difficult dog,policy_specific_1_1,p1997,68
15897,difficult dog,policy_specific_1_1,p2001,65
15898,difficult dog,policy_specific_1_1,p2002,65
15899,difficult dog,policy_specific_1_1,p2013,75
15900,difficult dog,policy_specific_1_1,p2014,45
15901,difficult dog,policy_specific_1_1,p2016,68
15902,difficult dog,policy_specific_1_1,p2018,62
15903,difficult dog,policy_specific_1_1,p2023,75
15904,difficult dog,policy_specific_1_1,p2025,35
15905,difficult dog,policy_specific_1_1,p2028,65
15906,difficult dog,policy_specific_1_1,p2030,68
15907,difficult dog,policy_specific_1_1,p2033,68
15908,difficult dog,policy_specific_1_1,p2040,65
15909,difficult dog,policy_specific_1_1,p2051,75
15910,difficult dog,policy_specific_1_1,p2052,45
15911,difficult dog,policy_specific_1_1,p2066,45
15912,difficult dog,policy_specific_1_1,p2067,68
15913,difficult dog,policy_specific_1_1,p2073,68
15914,difficult dog,policy_specific_1_1,p2077,68
15915,difficult dog,policy_specific_1_1,p2078,68
15916,difficult dog,policy_specific_1_1,p2086,68
15917,difficult dog,policy_specific_1_1,p2089,65
15918,difficult dog,policy_specific_1_1,p2093,25
15919,difficult dog,policy_specific_1_1,p2094,68
15920,difficult dog,policy_specific_1_1,p2111,65
15921,difficult dog,policy_specific_1_1,p2117,68
15922,difficult dog,policy_specific_1_1,p2121,68
15923,difficult dog,policy_specific_1_1,p2127,68
15924,difficult dog,policy_specific_1_1,p2141,75
15925,difficult dog,policy_specific_1_1,p2142,65
15926,difficult dog,policy_specific_1_1,p2143,68
15927,difficult dog,policy_specific_1_1,p2153,75
15928,difficult dog,policy_specific_1_1,p2155,68
15929,difficult dog,policy_specific_1_1,p2169,25
15930,difficult dog,policy_specific_1_1,p2187,75
15931,difficult dog,policy_specific_1_1,p2188,78
15932,difficult dog,policy_specific_1_1,p2197,68
15933,difficult dog,policy_specific_1_1,p2213,65
15934,difficult dog,policy_specific_1_1,p2214,68
15935,difficult dog,policy_specific_1_1,p2215,35
15936,difficult dog,policy_specific_1_1,p2220,68
15937,difficult dog,policy_specific_1_1,p2223,68
15938,difficult dog,policy_specific_1_1,p2229,68
15939,difficult dog,policy_specific_1_1,p2234,85
15940,difficult dog,policy_specific_1_1,p2237,75
15941,difficult dog,policy_specific_1_1,p2238,68
15942,difficult dog,policy_specific_1_1,p2244,78
15943,difficult dog,policy_specific_1_1,p2248,68
15944,difficult dog,policy_specific_1_1,p2252,78
15945,difficult dog,policy_specific_1_1,p2255,25
15946,difficult dog,policy_specific_1_1,p2261,45
15947,difficult dog,policy_specific_1_1,p2263,68
15948,difficult dog,policy_specific_1_1,p2273,68
15949,difficult dog,policy_specific_1_1,p2275,68
15950,difficult dog,policy_specific_1_1,p2276,68
15951,difficult dog,policy_specific_1_1,p2283,75
15952,difficult dog,policy_specific_1_1,p2287,65
15953,difficult dog,policy_specific_1_1,p2296,68
15954,difficult dog,policy_specific_1_1,p2298,68
15955,difficult dog,policy_specific_1_1,p2304,78
15956,difficult dog,policy_specific_1_1,p2310,68
15957,difficult dog,policy_specific_1_1,p2322,55
15958,difficult dog,policy_specific_1_1,p2326,68
15959,difficult dog,policy_specific_1_1,p2330,25
15960,difficult dog,policy_specific_1_1,p2331,45
15961,difficult dog,policy_specific_1_1,p2333,68
15962,difficult dog,policy_specific_1_1,p2347,75
15963,difficult dog,policy_specific_1_1,p2350,68
15964,difficult dog,policy_specific_1_1,p2351,68
15965,difficult dog,policy_specific_1_1,p2353,75
15966,difficult dog,policy_specific_1_1,p2355,75
15967,difficult dog,policy_specific_1_1,p2363,65
15968,difficult dog,policy_specific_1_1,p2378,75
15969,difficult dog,policy_specific_1_1,p2380,78
15970,difficult dog,policy_specific_1_1,p2387,68
15971,difficult dog,policy_specific_1_1,p2398,68
15972,difficult dog,policy_specific_1_1,p2400,78
15973,difficult dog,policy_specific_1_1,p2403,78
15974,difficult dog,policy_specific_1_1,p2408,65
15975,difficult dog,policy_specific_1_1,p2418,68
15976,difficult dog,policy_specific_1_1,p2426,75
15977,difficult dog,policy_specific_1_1,p2428,68
15978,difficult dog,policy_specific_1_1,p2434,75
15979,difficult dog,policy_specific_1_1,p2446,68
15980,difficult dog,policy_specific_1_1,p2452,68
15981,difficult dog,policy_specific_1_1,p2454,55
15982,difficult dog,policy_specific_1_1,p2462,68
15983,difficult dog,policy_specific_1_1,p2467,25
15984,difficult dog,policy_specific_1_1,p2482,68
15985,difficult dog,policy_specific_1_1,p2489,68
15986,difficult dog,policy_specific_1_1,p2490,68
15987,difficult dog,policy_specific_1_1,p2494,55
15988,difficult dog,policy_specific_1_1,p2502,68
15989,difficult dog,policy_specific_1_1,p2503,65
15990,difficult dog,policy_specific_1_1,p2522,75
15991,difficult dog,policy_specific_1_1,p2524,68
15992,difficult dog,policy_specific_1_1,p2533,45
15993,difficult dog,policy_specific_1_1,p2566,75
15994,difficult dog,policy_specific_1_1,p2571,68
15995,difficult dog,policy_specific_1_1,p2573,68
15996,difficult dog,policy_specific_1_1,p2582,72
15997,difficult dog,policy_specific_1_1,p2591,25
15998,difficult dog,policy_specific_1_1,p2592,68
15999,difficult dog,policy_specific_1_1,p2595,45
16000,difficult dog,policy_specific_2_1,p0016,75
16001,difficult dog,policy_specific_2_1,p0022,68
16002,difficult dog,policy_specific_2_1,p0023,78
16003,difficult dog,policy_specific_2_1,p0026,75
16004,difficult dog,policy_specific_2_1,p0034,68
16005,difficult dog,policy_specific_2_1,p0036,68
16006,difficult dog,policy_specific_2_1,p0037,75
16007,difficult dog,policy_specific_2_1,p0042,68
16008,difficult dog,policy_specific_2_1,p0057,75
16009,difficult dog,policy_specific_2_1,p0066,75
16010,difficult dog,policy_specific_2_1,p0069,65
16011,difficult dog,policy_specific_2_1,p0072,68
16012,difficult dog,policy_specific_2_1,p0073,72
16013,difficult dog,policy_specific_2_1,p0082,78
16014,difficult dog,policy_specific_2_1,p0091,75
16015,difficult dog,policy_specific_2_1,p0092,65
16016,difficult dog,policy_specific_2_1,p0093,75
16017,difficult dog,policy_specific_2_1,p0095,75
16018,difficult dog,policy_specific_2_1,p0107,68
16019,difficult dog,policy_specific_2_1,p0114,75
16020,difficult dog,policy_specific_2_1,p0116,68
16021,difficult dog,policy_specific_2_1,p0118,68
16022,difficult dog,policy_specific_2_1,p0119,75
16023,difficult dog,policy_specific_2_1,p0126,68
16024,difficult dog,policy_specific_2_1,p0129,75
16025,difficult dog,policy_specific_2_1,p0136,68
16026,difficult dog,policy_specific_2_1,p0138,65
16027,difficult dog,policy_specific_2_1,p0144,75
16028,difficult dog,policy_specific_2_1,p0150,75
16029,difficult dog,policy_specific_2_1,p0152,65
16030,difficult dog,policy_specific_2_1,p0158,65
16031,difficult dog,policy_specific_2_1,p0161,45
16032,difficult dog,policy_specific_2_1,p0164,68
16033,difficult dog,policy_specific_2_1,p0175,68
16034,difficult dog,policy_specific_2_1,p0177,75
16035,difficult dog,policy_specific_2_1,p0178,75
16036,difficult dog,policy_specific_2_1,p0181,45
16037,difficult dog,policy_specific_2_1,p0186,68
16038,difficult dog,policy_specific_2_1,p0196,68
16039,difficult dog,policy_specific_2_1,p0198,78
16040,difficult dog,policy_specific_2_1,p0202,75
16041,difficult dog,policy_specific_2_1,p0205,68
16042,difficult dog,policy_specific_2_1,p0207,75
16043,difficult dog,policy_specific_2_1,p0211,75
16044,difficult dog,policy_specific_2_1,p0227,75
16045,difficult dog,policy_specific_2_1,p0229,75
16046,difficult dog,policy_specific_2_1,p0232,75
16047,difficult dog,policy_specific_2_1,p0233,65
16048,difficult dog,policy_specific_2_1,p0237,78
16049,difficult dog,policy_specific_2_1,p0258,75
16050,difficult dog,policy_specific_2_1,p0268,45
16051,difficult dog,policy_specific_2_1,p0274,75
16052,difficult dog,policy_specific_2_1,p0275,68
16053,difficult dog,policy_specific_2_1,p0277,65
16054,difficult dog,policy_specific_2_1,p0288,78
16055,difficult dog,policy_specific_2_1,p0291,75
16056,difficult dog,policy_specific_2_1,p0307,68
16057,difficult dog,policy_specific_2_1,p0308,75
16058,difficult dog,policy_specific_2_1,p0317,65
16059,difficult dog,policy_specific_2_1,p0325,75
16060,difficult dog,policy_specific_2_1,p0327,75
16061,difficult dog,policy_specific_2_1,p0334,75
16062,difficult dog,policy_specific_2_1,p0336,78
16063,difficult dog,policy_specific_2_1,p0338,65
16064,difficult dog,policy_specific_2_1,p0342,75
16065,difficult dog,policy_specific_2_1,p0349,68
16066,difficult dog,policy_specific_2_1,p0356,75
16067,difficult dog,policy_specific_2_1,p0358,75
16068,difficult dog,policy_specific_2_1,p0363,68
16069,difficult dog,policy_specific_2_1,p0364,72
16070,difficult dog,policy_specific_2_1,p0369,75
16071,difficult dog,policy_specific_2_1,p0370,68
16072,difficult dog,policy_specific_2_1,p0371,68
16073,difficult dog,policy_specific_2_1,p0379,68
16074,difficult dog,policy_specific_2_1,p0386,75
16075,difficult dog,policy_specific_2_1,p0396,72
16076,difficult dog,policy_specific_2_1,p0403,75
16077,difficult dog,policy_specific_2_1,p0405,75
16078,difficult dog,policy_specific_2_1,p0412,78
16079,difficult dog,policy_specific_2_1,p0415,68
16080,difficult dog,policy_specific_2_1,p0416,72
16081,difficult dog,policy_specific_2_1,p0417,75
16082,difficult dog,policy_specific_2_1,p0418,68
16083,difficult dog,policy_specific_2_1,p0430,75
16084,difficult dog,policy_specific_2_1,p0431,75
16085,difficult dog,policy_specific_2_1,p0434,35
16086,difficult dog,policy_specific_2_1,p0438,75
16087,difficult dog,policy_specific_2_1,p0441,75
16088,difficult dog,policy_specific_2_1,p0442,65
16089,difficult dog,policy_specific_2_1,p0449,68
16090,difficult dog,policy_specific_2_1,p0450,75
16091,difficult dog,policy_specific_2_1,p0465,68
16092,difficult dog,policy_specific_2_1,p0471,68
16093,difficult dog,policy_specific_2_1,p0477,68
16094,difficult dog,policy_specific_2_1,p0483,75
16095,difficult dog,policy_specific_2_1,p0486,75
16096,difficult dog,policy_specific_2_1,p0487,75
16097,difficult dog,policy_specific_2_1,p0489,75
16098,difficult dog,policy_specific_2_1,p0497,45
16099,difficult dog,policy_specific_2_1,p0502,68
16100,difficult dog,policy_specific_2_1,p0503,75
16101,difficult dog,policy_specific_2_1,p0506,65
16102,difficult dog,policy_specific_2_1,p0511,75
16103,difficult dog,policy_specific_2_1,p0523,68
16104,difficult dog,policy_specific_2_1,p0534,75
16105,difficult dog,policy_specific_2_1,p0536,68
16106,difficult dog,policy_specific_2_1,p0542,65
16107,difficult dog,policy_specific_2_1,p0547,75
16108,difficult dog,policy_specific_2_1,p0553,75
16109,difficult dog,policy_specific_2_1,p0559,75
16110,difficult dog,policy_specific_2_1,p0566,75
16111,difficult dog,policy_specific_2_1,p0568,75
16112,difficult dog,policy_specific_2_1,p0570,65
16113,difficult dog,policy_specific_2_1,p0573,68
16114,difficult dog,policy_specific_2_1,p0578,68
16115,difficult dog,policy_specific_2_1,p0594,68
16116,difficult dog,policy_specific_2_1,p0597,68
16117,difficult dog,policy_specific_2_1,p0601,75
16118,difficult dog,policy_specific_2_1,p0602,65
16119,difficult dog,policy_specific_2_1,p0605,68
16120,difficult dog,policy_specific_2_1,p0615,65
16121,difficult dog,policy_specific_2_1,p0620,72
16122,difficult dog,policy_specific_2_1,p0626,75
16123,difficult dog,policy_specific_2_1,p0629,78
16124,difficult dog,policy_specific_2_1,p0633,75
16125,difficult dog,policy_specific_2_1,p0638,68
16126,difficult dog,policy_specific_2_1,p0639,75
16127,difficult dog,policy_specific_2_1,p0640,68
16128,difficult dog,policy_specific_2_1,p0655,68
16129,difficult dog,policy_specific_2_1,p0656,75
16130,difficult dog,policy_specific_2_1,p0658,45
16131,difficult dog,policy_specific_2_1,p0661,68
16132,difficult dog,policy_specific_2_1,p0669,75
16133,difficult dog,policy_specific_2_1,p0670,68
16134,difficult dog,policy_specific_2_1,p0672,68
16135,difficult dog,policy_specific_2_1,p0674,75
16136,difficult dog,policy_specific_2_1,p0678,75
16137,difficult dog,policy_specific_2_1,p0683,68
16138,difficult dog,policy_specific_2_1,p0686,68
16139,difficult dog,policy_specific_2_1,p0687,75
16140,difficult dog,policy_specific_2_1,p0698,68
16141,difficult dog,policy_specific_2_1,p0700,75
16142,difficult dog,policy_specific_2_1,p0703,68
16143,difficult dog,policy_specific_2_1,p0718,75
16144,difficult dog,policy_specific_2_1,p0744,75
16145,difficult dog,policy_specific_2_1,p0745,75
16146,difficult dog,policy_specific_2_1,p0753,62
16147,difficult dog,policy_specific_2_1,p0770,75
16148,difficult dog,policy_specific_2_1,p0771,75
16149,difficult dog,policy_specific_2_1,p0777,78
16150,difficult dog,policy_specific_2_1,p0779,68
16151,difficult dog,policy_specific_2_1,p0780,68
16152,difficult dog,policy_specific_2_1,p0783,68
16153,difficult dog,policy_specific_2_1,p0785,68
16154,difficult dog,policy_specific_2_1,p0786,65
16155,difficult dog,policy_specific_2_1,p0794,65
16156,difficult dog,policy_specific_2_1,p0798,45
16157,difficult dog,policy_specific_2_1,p0800,75
16158,difficult dog,policy_specific_2_1,p0820,68
16159,difficult dog,policy_specific_2_1,p0841,45
16160,difficult dog,policy_specific_2_1,p0849,68
16161,difficult dog,policy_specific_2_1,p0862,75
16162,difficult dog,policy_specific_2_1,p0867,75
16163,difficult dog,policy_specific_2_1,p0869,75
16164,difficult dog,policy_specific_2_1,p0872,78
16165,difficult dog,policy_specific_2_1,p0880,75
16166,difficult dog,policy_specific_2_1,p0891,68
16167,difficult dog,policy_specific_2_1,p0916,75
16168,difficult dog,policy_specific_2_1,p0917,75
16169,difficult dog,policy_specific_2_1,p0919,75
16170,difficult dog,policy_specific_2_1,p0922,68
16171,difficult dog,policy_specific_2_1,p0925,72
16172,difficult dog,policy_specific_2_1,p0927,75
16173,difficult dog,policy_specific_2_1,p0929,68
16174,difficult dog,policy_specific_2_1,p0930,75
16175,difficult dog,policy_specific_2_1,p0931,68
16176,difficult dog,policy_specific_2_1,p0933,75
16177,difficult dog,policy_specific_2_1,p0934,68
16178,difficult dog,policy_specific_2_1,p0936,78
16179,difficult dog,policy_specific_2_1,p0938,75
16180,difficult dog,policy_specific_2_1,p0939,68
16181,difficult dog,policy_specific_2_1,p0946,68
16182,difficult dog,policy_specific_2_1,p0951,68
16183,difficult dog,policy_specific_2_1,p0956,68
16184,difficult dog,policy_specific_2_1,p0962,65
16185,difficult dog,policy_specific_2_1,p0963,75
16186,difficult dog,policy_specific_2_1,p0969,45
16187,difficult dog,policy_specific_2_1,p0972,68
16188,difficult dog,policy_specific_2_1,p0975,68
16189,difficult dog,policy_specific_2_1,p0985,65
16190,difficult dog,policy_specific_2_1,p0993,75
16191,difficult dog,policy_specific_2_1,p0996,68
16192,difficult dog,policy_specific_2_1,p1011,68
16193,difficult dog,policy_specific_2_1,p1017,68
16194,difficult dog,policy_specific_2_1,p1020,68
16195,difficult dog,policy_specific_2_1,p1022,75
16196,difficult dog,policy_specific_2_1,p1024,45
16197,difficult dog,policy_specific_2_1,p1027,78
16198,difficult dog,policy_specific_2_1,p1028,75
16199,difficult dog,policy_specific_2_1,p1029,68
16200,difficult dog,policy_specific_2_1,p1032,75
16201,difficult dog,policy_specific_2_1,p1040,75
16202,difficult dog,policy_specific_2_1,p1047,75
16203,difficult dog,policy_specific_2_1,p1048,68
16204,difficult dog,policy_specific_2_1,p1053,75
16205,difficult dog,policy_specific_2_1,p1057,75
16206,difficult dog,policy_specific_2_1,p1058,68
16207,difficult dog,policy_specific_2_1,p1063,68
16208,difficult dog,policy_specific_2_1,p1064,75
16209,difficult dog,policy_specific_2_1,p1065,68
16210,difficult dog,policy_specific_2_1,p1069,68
16211,difficult dog,policy_specific_2_1,p1072,75
16212,difficult dog,policy_specific_2_1,p1073,72
16213,difficult dog,policy_specific_2_1,p1075,68
16214,difficult dog,policy_specific_2_1,p1076,68
16215,difficult dog,policy_specific_2_1,p1083,68
16216,difficult dog,policy_specific_2_1,p1089,75
16217,difficult dog,policy_specific_2_1,p1093,75
16218,difficult dog,policy_specific_2_1,p1096,75
16219,difficult dog,policy_specific_2_1,p1100,75
16220,difficult dog,policy_specific_2_1,p1106,75
16221,difficult dog,policy_specific_2_1,p1107,65
16222,difficult dog,policy_specific_2_1,p1113,75
16223,difficult dog,policy_specific_2_1,p1117,45
16224,difficult dog,policy_specific_2_1,p1120,68
16225,difficult dog,policy_specific_2_1,p1134,72
16226,difficult dog,policy_specific_2_1,p1136,68
16227,difficult dog,policy_specific_2_1,p1138,75
16228,difficult dog,policy_specific_2_1,p1144,65
16229,difficult dog,policy_specific_2_1,p1145,75
16230,difficult dog,policy_specific_2_1,p1147,75
16231,difficult dog,policy_specific_2_1,p1148,78
16232,difficult dog,policy_specific_2_1,p1154,75
16233,difficult dog,policy_specific_2_1,p1159,65
16234,difficult dog,policy_specific_2_1,p1167,75
16235,difficult dog,policy_specific_2_1,p1175,75
16236,difficult dog,policy_specific_2_1,p1178,68
16237,difficult dog,policy_specific_2_1,p1184,68
16238,difficult dog,policy_specific_2_1,p1186,75
16239,difficult dog,policy_specific_2_1,p1196,65
16240,difficult dog,policy_specific_2_1,p1197,75
16241,difficult dog,policy_specific_2_1,p1203,72
16242,difficult dog,policy_specific_2_1,p1219,75
16243,difficult dog,policy_specific_2_1,p1225,68
16244,difficult dog,policy_specific_2_1,p1234,68
16245,difficult dog,policy_specific_2_1,p1242,68
16246,difficult dog,policy_specific_2_1,p1244,75
16247,difficult dog,policy_specific_2_1,p1249,68
16248,difficult dog,policy_specific_2_1,p1250,68
16249,difficult dog,policy_specific_2_1,p1256,75
16250,difficult dog,policy_specific_2_1,p1258,75
16251,difficult dog,policy_specific_2_1,p1260,75
16252,difficult dog,policy_specific_2_1,p1262,65
16253,difficult dog,policy_specific_2_1,p1264,68
16254,difficult dog,policy_specific_2_1,p1265,75
16255,difficult dog,policy_specific_2_1,p1269,68
16256,difficult dog,policy_specific_2_1,p1272,75
16257,difficult dog,policy_specific_2_1,p1278,75
16258,difficult dog,policy_specific_2_1,p1281,75
16259,difficult dog,policy_specific_2_1,p1292,68
16260,difficult dog,policy_specific_2_1,p1299,68
16261,difficult dog,policy_specific_2_1,p1312,68
16262,difficult dog,policy_specific_2_1,p1322,75
16263,difficult dog,policy_specific_2_1,p1326,68
16264,difficult dog,policy_specific_2_1,p1330,75
16265,difficult dog,policy_specific_2_1,p1335,75
16266,difficult dog,policy_specific_2_1,p1337,75
16267,difficult dog,policy_specific_2_1,p1340,75
16268,difficult dog,policy_specific_2_1,p1345,75
16269,difficult dog,policy_specific_2_1,p1351,65
16270,difficult dog,policy_specific_2_1,p1355,68
16271,difficult dog,policy_specific_2_1,p1362,65
16272,difficult dog,policy_specific_2_1,p1365,68
16273,difficult dog,policy_specific_2_1,p1366,68
16274,difficult dog,policy_specific_2_1,p1367,68
16275,difficult dog,policy_specific_2_1,p1370,68
16276,difficult dog,policy_specific_2_1,p1371,65
16277,difficult dog,policy_specific_2_1,p1373,75
16278,difficult dog,policy_specific_2_1,p1375,55
16279,difficult dog,policy_specific_2_1,p1376,45
16280,difficult dog,policy_specific_2_1,p1379,75
16281,difficult dog,policy_specific_2_1,p1381,68
16282,difficult dog,policy_specific_2_1,p1393,75
16283,difficult dog,policy_specific_2_1,p1396,75
16284,difficult dog,policy_specific_2_1,p1398,75
16285,difficult dog,policy_specific_2_1,p1404,75
16286,difficult dog,policy_specific_2_1,p1406,68
16287,difficult dog,policy_specific_2_1,p1407,68
16288,difficult dog,policy_specific_2_1,p1409,68
16289,difficult dog,policy_specific_2_1,p1412,75
16290,difficult dog,policy_specific_2_1,p1414,78
16291,difficult dog,policy_specific_2_1,p1424,75
16292,difficult dog,policy_specific_2_1,p1425,75
16293,difficult dog,policy_specific_2_1,p1429,75
16294,difficult dog,policy_specific_2_1,p1434,75
16295,difficult dog,policy_specific_2_1,p1441,68
16296,difficult dog,policy_specific_2_1,p1445,68
16297,difficult dog,policy_specific_2_1,p1450,75
16298,difficult dog,policy_specific_2_1,p1454,72
16299,difficult dog,policy_specific_2_1,p1456,65
16300,difficult dog,policy_specific_2_1,p1457,68
16301,difficult dog,policy_specific_2_1,p1458,75
16302,difficult dog,policy_specific_2_1,p1469,68
16303,difficult dog,policy_specific_2_1,p1470,68
16304,difficult dog,policy_specific_2_1,p1481,75
16305,difficult dog,policy_specific_2_1,p1488,75
16306,difficult dog,policy_specific_2_1,p1492,68
16307,difficult dog,policy_specific_2_1,p1495,68
16308,difficult dog,policy_specific_2_1,p1497,68
16309,difficult dog,policy_specific_2_1,p1499,78
16310,difficult dog,policy_specific_2_1,p1503,75
16311,difficult dog,policy_specific_2_1,p1511,75
16312,difficult dog,policy_specific_2_1,p1512,68
16313,difficult dog,policy_specific_2_1,p1518,75
16314,difficult dog,policy_specific_2_1,p1519,68
16315,difficult dog,policy_specific_2_1,p1520,68
16316,difficult dog,policy_specific_2_1,p1524,68
16317,difficult dog,policy_specific_2_1,p1526,65
16318,difficult dog,policy_specific_2_1,p1537,68
16319,difficult dog,policy_specific_2_1,p1545,68
16320,difficult dog,policy_specific_2_1,p1547,75
16321,difficult dog,policy_specific_2_1,p1552,85
16322,difficult dog,policy_specific_2_1,p1567,75
16323,difficult dog,policy_specific_2_1,p1568,68
16324,difficult dog,policy_specific_2_1,p1579,45
16325,difficult dog,policy_specific_2_1,p1587,65
16326,difficult dog,policy_specific_2_1,p1596,68
16327,difficult dog,policy_specific_2_1,p1600,72
16328,difficult dog,policy_specific_2_1,p1603,68
16329,difficult dog,policy_specific_2_1,p1604,68
16330,difficult dog,policy_specific_2_1,p1610,68
16331,difficult dog,policy_specific_2_1,p1618,45
16332,difficult dog,policy_specific_2_1,p1619,75
16333,difficult dog,policy_specific_2_1,p1622,75
16334,difficult dog,policy_specific_2_1,p1623,65
16335,difficult dog,policy_specific_2_1,p1630,75
16336,difficult dog,policy_specific_2_1,p1641,75
16337,difficult dog,policy_specific_2_1,p1649,75
16338,difficult dog,policy_specific_2_1,p1652,68
16339,difficult dog,policy_specific_2_1,p1665,68
16340,difficult dog,policy_specific_2_1,p1669,68
16341,difficult dog,policy_specific_2_1,p1685,75
16342,difficult dog,policy_specific_2_1,p1693,68
16343,difficult dog,policy_specific_2_1,p1698,75
16344,difficult dog,policy_specific_2_1,p1704,68
16345,difficult dog,policy_specific_2_1,p1711,72
16346,difficult dog,policy_specific_2_1,p1718,68
16347,difficult dog,policy_specific_2_1,p1732,68
16348,difficult dog,policy_specific_2_1,p1739,75
16349,difficult dog,policy_specific_2_1,p1741,75
16350,difficult dog,policy_specific_2_1,p1746,65
16351,difficult dog,policy_specific_2_1,p1751,35
16352,difficult dog,policy_specific_2_1,p1754,65
16353,difficult dog,policy_specific_2_1,p1769,55
16354,difficult dog,policy_specific_2_1,p1771,68
16355,difficult dog,policy_specific_2_1,p1776,68
16356,difficult dog,policy_specific_2_1,p1780,72
16357,difficult dog,policy_specific_2_1,p1785,65
16358,difficult dog,policy_specific_2_1,p1791,78
16359,difficult dog,policy_specific_2_1,p1793,75
16360,difficult dog,policy_specific_2_1,p1796,68
16361,difficult dog,policy_specific_2_1,p1805,68
16362,difficult dog,policy_specific_2_1,p1812,75
16363,difficult dog,policy_specific_2_1,p1816,68
16364,difficult dog,policy_specific_2_1,p1819,72
16365,difficult dog,policy_specific_2_1,p1825,75
16366,difficult dog,policy_specific_2_1,p1836,75
16367,difficult dog,policy_specific_2_1,p1839,75
16368,difficult dog,policy_specific_2_1,p1861,75
16369,difficult dog,policy_specific_2_1,p1863,72
16370,difficult dog,policy_specific_2_1,p1873,68
16371,difficult dog,policy_specific_2_1,p1875,68
16372,difficult dog,policy_specific_2_1,p1876,75
16373,difficult dog,policy_specific_2_1,p1877,75
16374,difficult dog,policy_specific_2_1,p1880,68
16375,difficult dog,policy_specific_2_1,p1883,75
16376,difficult dog,policy_specific_2_1,p1889,65
16377,difficult dog,policy_specific_2_1,p1893,75
16378,difficult dog,policy_specific_2_1,p1896,75
16379,difficult dog,policy_specific_2_1,p1913,68
16380,difficult dog,policy_specific_2_1,p1922,45
16381,difficult dog,policy_specific_2_1,p1930,75
16382,difficult dog,policy_specific_2_1,p1935,68
16383,difficult dog,policy_specific_2_1,p1940,78
16384,difficult dog,policy_specific_2_1,p1948,45
16385,difficult dog,policy_specific_2_1,p1950,68
16386,difficult dog,policy_specific_2_1,p1954,68
16387,difficult dog,policy_specific_2_1,p1956,65
16388,difficult dog,policy_specific_2_1,p1958,75
16389,difficult dog,policy_specific_2_1,p1967,75
16390,difficult dog,policy_specific_2_1,p1973,78
16391,difficult dog,policy_specific_2_1,p1978,68
16392,difficult dog,policy_specific_2_1,p1983,68
16393,difficult dog,policy_specific_2_1,p1984,68
16394,difficult dog,policy_specific_2_1,p1995,75
16395,difficult dog,policy_specific_2_1,p1996,68
16396,difficult dog,policy_specific_2_1,p1997,68
16397,difficult dog,policy_specific_2_1,p2001,75
16398,difficult dog,policy_specific_2_1,p2002,68
16399,difficult dog,policy_specific_2_1,p2013,75
16400,difficult dog,policy_specific_2_1,p2014,65
16401,difficult dog,policy_specific_2_1,p2016,75
16402,difficult dog,policy_specific_2_1,p2018,68
16403,difficult dog,policy_specific_2_1,p2023,78
16404,difficult dog,policy_specific_2_1,p2025,75
16405,difficult dog,policy_specific_2_1,p2028,75
16406,difficult dog,policy_specific_2_1,p2030,78
16407,difficult dog,policy_specific_2_1,p2033,68
16408,difficult dog,policy_specific_2_1,p2040,68
16409,difficult dog,policy_specific_2_1,p2051,75
16410,difficult dog,policy_specific_2_1,p2052,68
16411,difficult dog,policy_specific_2_1,p2066,65
16412,difficult dog,policy_specific_2_1,p2067,75
16413,difficult dog,policy_specific_2_1,p2073,75
16414,difficult dog,policy_specific_2_1,p2077,68
16415,difficult dog,policy_specific_2_1,p2078,68
16416,difficult dog,policy_specific_2_1,p2086,78
16417,difficult dog,policy_specific_2_1,p2089,75
16418,difficult dog,policy_specific_2_1,p2093,35
16419,difficult dog,policy_specific_2_1,p2094,75
16420,difficult dog,policy_specific_2_1,p2111,65
16421,difficult dog,policy_specific_2_1,p2117,72
16422,difficult dog,policy_specific_2_1,p2121,75
16423,difficult dog,policy_specific_2_1,p2127,68
16424,difficult dog,policy_specific_2_1,p2141,75
16425,difficult dog,policy_specific_2_1,p2142,75
16426,difficult dog,policy_specific_2_1,p2143,75
16427,difficult dog,policy_specific_2_1,p2153,75
16428,difficult dog,policy_specific_2_1,p2155,68
16429,difficult dog,policy_specific_2_1,p2169,65
16430,difficult dog,policy_specific_2_1,p2187,75
16431,difficult dog,policy_specific_2_1,p2188,75
16432,difficult dog,policy_specific_2_1,p2197,75
16433,difficult dog,policy_specific_2_1,p2213,68
16434,difficult dog,policy_specific_2_1,p2214,68
16435,difficult dog,policy_specific_2_1,p2215,75
16436,difficult dog,policy_specific_2_1,p2220,75
16437,difficult dog,policy_specific_2_1,p2223,68
16438,difficult dog,policy_specific_2_1,p2229,75
16439,difficult dog,policy_specific_2_1,p2234,78
16440,difficult dog,policy_specific_2_1,p2237,75
16441,difficult dog,policy_specific_2_1,p2238,68
16442,difficult dog,policy_specific_2_1,p2244,75
16443,difficult dog,policy_specific_2_1,p2248,75
16444,difficult dog,policy_specific_2_1,p2252,75
16445,difficult dog,policy_specific_2_1,p2255,35
16446,difficult dog,policy_specific_2_1,p2261,65
16447,difficult dog,policy_specific_2_1,p2263,75
16448,difficult dog,policy_specific_2_1,p2273,75
16449,difficult dog,policy_specific_2_1,p2275,72
16450,difficult dog,policy_specific_2_1,p2276,75
16451,difficult dog,policy_specific_2_1,p2283,65
16452,difficult dog,policy_specific_2_1,p2287,75
16453,difficult dog,policy_specific_2_1,p2296,68
16454,difficult dog,policy_specific_2_1,p2298,68
16455,difficult dog,policy_specific_2_1,p2304,75
16456,difficult dog,policy_specific_2_1,p2310,68
16457,difficult dog,policy_specific_2_1,p2322,65
16458,difficult dog,policy_specific_2_1,p2326,75
16459,difficult dog,policy_specific_2_1,p2330,68
16460,difficult dog,policy_specific_2_1,p2331,65
16461,difficult dog,policy_specific_2_1,p2333,75
16462,difficult dog,policy_specific_2_1,p2347,75
16463,difficult dog,policy_specific_2_1,p2350,65
16464,difficult dog,policy_specific_2_1,p2351,75
16465,difficult dog,policy_specific_2_1,p2353,75
16466,difficult dog,policy_specific_2_1,p2355,75
16467,difficult dog,policy_specific_2_1,p2363,65
16468,difficult dog,policy_specific_2_1,p2378,75
16469,difficult dog,policy_specific_2_1,p2380,75
16470,difficult dog,policy_specific_2_1,p2387,75
16471,difficult dog,policy_specific_2_1,p2398,75
16472,difficult dog,policy_specific_2_1,p2400,75
16473,difficult dog,policy_specific_2_1,p2403,75
16474,difficult dog,policy_specific_2_1,p2408,68
16475,difficult dog,policy_specific_2_1,p2418,68
16476,difficult dog,policy_specific_2_1,p2426,75
16477,difficult dog,policy_specific_2_1,p2428,68
16478,difficult dog,policy_specific_2_1,p2434,75
16479,difficult dog,policy_specific_2_1,p2446,62
16480,difficult dog,policy_specific_2_1,p2452,68
16481,difficult dog,policy_specific_2_1,p2454,68
16482,difficult dog,policy_specific_2_1,p2462,75
16483,difficult dog,policy_specific_2_1,p2467,35
16484,difficult dog,policy_specific_2_1,p2482,68
16485,difficult dog,policy_specific_2_1,p2489,68
16486,difficult dog,policy_specific_2_1,p2490,65
16487,difficult dog,policy_specific_2_1,p2494,65
16488,difficult dog,policy_specific_2_1,p2502,75
16489,difficult dog,policy_specific_2_1,p2503,75
16490,difficult dog,policy_specific_2_1,p2522,75
16491,difficult dog,policy_specific_2_1,p2524,75
16492,difficult dog,policy_specific_2_1,p2533,65
16493,difficult dog,policy_specific_2_1,p2566,75
16494,difficult dog,policy_specific_2_1,p2571,75
16495,difficult dog,policy_specific_2_1,p2573,68
16496,difficult dog,policy_specific_2_1,p2582,75
16497,difficult dog,policy_specific_2_1,p2591,45
16498,difficult dog,policy_specific_2_1,p2592,75
16499,difficult dog,policy_specific_2_1,p2595,65
16500,difficult dog,policy_specific_3_1,p0016,85
16501,difficult dog,policy_specific_3_1,p0022,85
16502,difficult dog,policy_specific_3_1,p0023,88
16503,difficult dog,policy_specific_3_1,p0026,85
16504,difficult dog,policy_specific_3_1,p0034,78
16505,difficult dog,policy_specific_3_1,p0036,85
16506,difficult dog,policy_specific_3_1,p0037,85
16507,difficult dog,policy_specific_3_1,p0042,85
16508,difficult dog,policy_specific_3_1,p0057,85
16509,difficult dog,policy_specific_3_1,p0066,85
16510,difficult dog,policy_specific_3_1,p0069,85
16511,difficult dog,policy_specific_3_1,p0072,85
16512,difficult dog,policy_specific_3_1,p0073,85
16513,difficult dog,policy_specific_3_1,p0082,85
16514,difficult dog,policy_specific_3_1,p0091,90
16515,difficult dog,policy_specific_3_1,p0092,75
16516,difficult dog,policy_specific_3_1,p0093,85
16517,difficult dog,policy_specific_3_1,p0095,85
16518,difficult dog,policy_specific_3_1,p0107,78
16519,difficult dog,policy_specific_3_1,p0114,88
16520,difficult dog,policy_specific_3_1,p0116,78
16521,difficult dog,policy_specific_3_1,p0118,78
16522,difficult dog,policy_specific_3_1,p0119,85
16523,difficult dog,policy_specific_3_1,p0126,85
16524,difficult dog,policy_specific_3_1,p0129,85
16525,difficult dog,policy_specific_3_1,p0136,75
16526,difficult dog,policy_specific_3_1,p0138,75
16527,difficult dog,policy_specific_3_1,p0144,78
16528,difficult dog,policy_specific_3_1,p0150,85
16529,difficult dog,policy_specific_3_1,p0152,78
16530,difficult dog,policy_specific_3_1,p0158,75
16531,difficult dog,policy_specific_3_1,p0161,75
16532,difficult dog,policy_specific_3_1,p0164,75
16533,difficult dog,policy_specific_3_1,p0175,85
16534,difficult dog,policy_specific_3_1,p0177,85
16535,difficult dog,policy_specific_3_1,p0178,85
16536,difficult dog,policy_specific_3_1,p0181,75
16537,difficult dog,policy_specific_3_1,p0186,75
16538,difficult dog,policy_specific_3_1,p0196,78
16539,difficult dog,policy_specific_3_1,p0198,85
16540,difficult dog,policy_specific_3_1,p0202,85
16541,difficult dog,policy_specific_3_1,p0205,85
16542,difficult dog,policy_specific_3_1,p0207,90
16543,difficult dog,policy_specific_3_1,p0211,85
16544,difficult dog,policy_specific_3_1,p0227,85
16545,difficult dog,policy_specific_3_1,p0229,78
16546,difficult dog,policy_specific_3_1,p0232,85
16547,difficult dog,policy_specific_3_1,p0233,75
16548,difficult dog,policy_specific_3_1,p0237,88
16549,difficult dog,policy_specific_3_1,p0258,85
16550,difficult dog,policy_specific_3_1,p0268,75
16551,difficult dog,policy_specific_3_1,p0274,85
16552,difficult dog,policy_specific_3_1,p0275,75
16553,difficult dog,policy_specific_3_1,p0277,75
16554,difficult dog,policy_specific_3_1,p0288,92
16555,difficult dog,policy_specific_3_1,p0291,85
16556,difficult dog,policy_specific_3_1,p0307,75
16557,difficult dog,policy_specific_3_1,p0308,85
16558,difficult dog,policy_specific_3_1,p0317,85
16559,difficult dog,policy_specific_3_1,p0325,85
16560,difficult dog,policy_specific_3_1,p0327,88
16561,difficult dog,policy_specific_3_1,p0334,85
16562,difficult dog,policy_specific_3_1,p0336,85
16563,difficult dog,policy_specific_3_1,p0338,75
16564,difficult dog,policy_specific_3_1,p0342,85
16565,difficult dog,policy_specific_3_1,p0349,78
16566,difficult dog,policy_specific_3_1,p0356,85
16567,difficult dog,policy_specific_3_1,p0358,85
16568,difficult dog,policy_specific_3_1,p0363,85
16569,difficult dog,policy_specific_3_1,p0364,85
16570,difficult dog,policy_specific_3_1,p0369,88
16571,difficult dog,policy_specific_3_1,p0370,75
16572,difficult dog,policy_specific_3_1,p0371,78
16573,difficult dog,policy_specific_3_1,p0379,85
16574,difficult dog,policy_specific_3_1,p0386,88
16575,difficult dog,policy_specific_3_1,p0396,85
16576,difficult dog,policy_specific_3_1,p0403,85
16577,difficult dog,policy_specific_3_1,p0405,90
16578,difficult dog,policy_specific_3_1,p0412,85
16579,difficult dog,policy_specific_3_1,p0415,75
16580,difficult dog,policy_specific_3_1,p0416,78
16581,difficult dog,policy_specific_3_1,p0417,85
16582,difficult dog,policy_specific_3_1,p0418,75
16583,difficult dog,policy_specific_3_1,p0430,85
16584,difficult dog,policy_specific_3_1,p0431,88
16585,difficult dog,policy_specific_3_1,p0434,75
16586,difficult dog,policy_specific_3_1,p0438,92
16587,difficult dog,policy_specific_3_1,p0441,85
16588,difficult dog,policy_specific_3_1,p0442,75
16589,difficult dog,policy_specific_3_1,p0449,78
16590,difficult dog,policy_specific_3_1,p0450,85
16591,difficult dog,policy_specific_3_1,p0465,82
16592,difficult dog,policy_specific_3_1,p0471,85
16593,difficult dog,policy_specific_3_1,p0477,92
16594,difficult dog,policy_specific_3_1,p0483,78
16595,difficult dog,policy_specific_3_1,p0486,85
16596,difficult dog,policy_specific_3_1,p0487,85
16597,difficult dog,policy_specific_3_1,p0489,88
16598,difficult dog,policy_specific_3_1,p0497,85
16599,difficult dog,policy_specific_3_1,p0502,78
16600,difficult dog,policy_specific_3_1,p0503,85
16601,difficult dog,policy_specific_3_1,p0506,75
16602,difficult dog,policy_specific_3_1,p0511,85
16603,difficult dog,policy_specific_3_1,p0523,78
16604,difficult dog,policy_specific_3_1,p0534,85
16605,difficult dog,policy_specific_3_1,p0536,85
16606,difficult dog,policy_specific_3_1,p0542,92
16607,difficult dog,policy_specific_3_1,p0547,85
16608,difficult dog,policy_specific_3_1,p0553,85
16609,difficult dog,policy_specific_3_1,p0559,85
16610,difficult dog,policy_specific_3_1,p0566,85
16611,difficult dog,policy_specific_3_1,p0568,85
16612,difficult dog,policy_specific_3_1,p0570,85
16613,difficult dog,policy_specific_3_1,p0573,82
16614,difficult dog,policy_specific_3_1,p0578,78
16615,difficult dog,policy_specific_3_1,p0594,75
16616,difficult dog,policy_specific_3_1,p0597,85
16617,difficult dog,policy_specific_3_1,p0601,85
16618,difficult dog,policy_specific_3_1,p0602,75
16619,difficult dog,policy_specific_3_1,p0605,85
16620,difficult dog,policy_specific_3_1,p0615,78
16621,difficult dog,policy_specific_3_1,p0620,85
16622,difficult dog,policy_specific_3_1,p0626,85
16623,difficult dog,policy_specific_3_1,p0629,85
16624,difficult dog,policy_specific_3_1,p0633,85
16625,difficult dog,policy_specific_3_1,p0638,78
16626,difficult dog,policy_specific_3_1,p0639,85
16627,difficult dog,policy_specific_3_1,p0640,78
16628,difficult dog,policy_specific_3_1,p0655,85
16629,difficult dog,policy_specific_3_1,p0656,85
16630,difficult dog,policy_specific_3_1,p0658,85
16631,difficult dog,policy_specific_3_1,p0661,78
16632,difficult dog,policy_specific_3_1,p0669,92
16633,difficult dog,policy_specific_3_1,p0670,78
16634,difficult dog,policy_specific_3_1,p0672,85
16635,difficult dog,policy_specific_3_1,p0674,85
16636,difficult dog,policy_specific_3_1,p0678,88
16637,difficult dog,policy_specific_3_1,p0683,78
16638,difficult dog,policy_specific_3_1,p0686,75
16639,difficult dog,policy_specific_3_1,p0687,85
16640,difficult dog,policy_specific_3_1,p0698,78
16641,difficult dog,policy_specific_3_1,p0700,78
16642,difficult dog,policy_specific_3_1,p0703,78
16643,difficult dog,policy_specific_3_1,p0718,85
16644,difficult dog,policy_specific_3_1,p0744,85
16645,difficult dog,policy_specific_3_1,p0745,85
16646,difficult dog,policy_specific_3_1,p0753,75
16647,difficult dog,policy_specific_3_1,p0770,88
16648,difficult dog,policy_specific_3_1,p0771,85
16649,difficult dog,policy_specific_3_1,p0777,90
16650,difficult dog,policy_specific_3_1,p0779,85
16651,difficult dog,policy_specific_3_1,p0780,75
16652,difficult dog,policy_specific_3_1,p0783,85
16653,difficult dog,policy_specific_3_1,p0785,78
16654,difficult dog,policy_specific_3_1,p0786,75
16655,difficult dog,policy_specific_3_1,p0794,75
16656,difficult dog,policy_specific_3_1,p0798,75
16657,difficult dog,policy_specific_3_1,p0800,85
16658,difficult dog,policy_specific_3_1,p0820,75
16659,difficult dog,policy_specific_3_1,p0841,75
16660,difficult dog,policy_specific_3_1,p0849,85
16661,difficult dog,policy_specific_3_1,p0862,85
16662,difficult dog,policy_specific_3_1,p0867,85
16663,difficult dog,policy_specific_3_1,p0869,92
16664,difficult dog,policy_specific_3_1,p0872,85
16665,difficult dog,policy_specific_3_1,p0880,85
16666,difficult dog,policy_specific_3_1,p0891,78
16667,difficult dog,policy_specific_3_1,p0916,85
16668,difficult dog,policy_specific_3_1,p0917,92
16669,difficult dog,policy_specific_3_1,p0919,85
16670,difficult dog,policy_specific_3_1,p0922,78
16671,difficult dog,policy_specific_3_1,p0925,85
16672,difficult dog,policy_specific_3_1,p0927,85
16673,difficult dog,policy_specific_3_1,p0929,78
16674,difficult dog,policy_specific_3_1,p0930,85
16675,difficult dog,policy_specific_3_1,p0931,75
16676,difficult dog,policy_specific_3_1,p0933,85
16677,difficult dog,policy_specific_3_1,p0934,75
16678,difficult dog,policy_specific_3_1,p0936,85
16679,difficult dog,policy_specific_3_1,p0938,85
16680,difficult dog,policy_specific_3_1,p0939,78
16681,difficult dog,policy_specific_3_1,p0946,78
16682,difficult dog,policy_specific_3_1,p0951,78
16683,difficult dog,policy_specific_3_1,p0956,85
16684,difficult dog,policy_specific_3_1,p0962,85
16685,difficult dog,policy_specific_3_1,p0963,85
16686,difficult dog,policy_specific_3_1,p0969,85
16687,difficult dog,policy_specific_3_1,p0972,78
16688,difficult dog,policy_specific_3_1,p0975,85
16689,difficult dog,policy_specific_3_1,p0985,75
16690,difficult dog,policy_specific_3_1,p0993,85
16691,difficult dog,policy_specific_3_1,p0996,78
16692,difficult dog,policy_specific_3_1,p1011,75
16693,difficult dog,policy_specific_3_1,p1017,75
16694,difficult dog,policy_specific_3_1,p1020,85
16695,difficult dog,policy_specific_3_1,p1022,85
16696,difficult dog,policy_specific_3_1,p1024,85
16697,difficult dog,policy_specific_3_1,p1027,88
16698,difficult dog,policy_specific_3_1,p1028,85
16699,difficult dog,policy_specific_3_1,p1029,75
16700,difficult dog,policy_specific_3_1,p1032,78
16701,difficult dog,policy_specific_3_1,p1040,85
16702,difficult dog,policy_specific_3_1,p1047,75
16703,difficult dog,policy_specific_3_1,p1048,78
16704,difficult dog,policy_specific_3_1,p1053,85
16705,difficult dog,policy_specific_3_1,p1057,85
16706,difficult dog,policy_specific_3_1,p1058,85
16707,difficult dog,policy_specific_3_1,p1063,78
16708,difficult dog,policy_specific_3_1,p1064,85
16709,difficult dog,policy_specific_3_1,p1065,85
16710,difficult dog,policy_specific_3_1,p1069,75
16711,difficult dog,policy_specific_3_1,p1072,85
16712,difficult dog,policy_specific_3_1,p1073,85
16713,difficult dog,policy_specific_3_1,p1075,85
16714,difficult dog,policy_specific_3_1,p1076,78
16715,difficult dog,policy_specific_3_1,p1083,75
16716,difficult dog,policy_specific_3_1,p1089,88
16717,difficult dog,policy_specific_3_1,p1093,85
16718,difficult dog,policy_specific_3_1,p1096,85
16719,difficult dog,policy_specific_3_1,p1100,85
16720,difficult dog,policy_specific_3_1,p1106,85
16721,difficult dog,policy_specific_3_1,p1107,75
16722,difficult dog,policy_specific_3_1,p1113,85
16723,difficult dog,policy_specific_3_1,p1117,75
16724,difficult dog,policy_specific_3_1,p1120,85
16725,difficult dog,policy_specific_3_1,p1134,85
16726,difficult dog,policy_specific_3_1,p1136,75
16727,difficult dog,policy_specific_3_1,p1138,85
16728,difficult dog,policy_specific_3_1,p1144,90
16729,difficult dog,policy_specific_3_1,p1145,88
16730,difficult dog,policy_specific_3_1,p1147,85
16731,difficult dog,policy_specific_3_1,p1148,88
16732,difficult dog,policy_specific_3_1,p1154,85
16733,difficult dog,policy_specific_3_1,p1159,85
16734,difficult dog,policy_specific_3_1,p1167,85
16735,difficult dog,policy_specific_3_1,p1175,85
16736,difficult dog,policy_specific_3_1,p1178,78
16737,difficult dog,policy_specific_3_1,p1184,78
16738,difficult dog,policy_specific_3_1,p1186,85
16739,difficult dog,policy_specific_3_1,p1196,75
16740,difficult dog,policy_specific_3_1,p1197,85
16741,difficult dog,policy_specific_3_1,p1203,85
16742,difficult dog,policy_specific_3_1,p1219,78
16743,difficult dog,policy_specific_3_1,p1225,78
16744,difficult dog,policy_specific_3_1,p1234,82
16745,difficult dog,policy_specific_3_1,p1242,78
16746,difficult dog,policy_specific_3_1,p1244,90
16747,difficult dog,policy_specific_3_1,p1249,85
16748,difficult dog,policy_specific_3_1,p1250,78
16749,difficult dog,policy_specific_3_1,p1256,78
16750,difficult dog,policy_specific_3_1,p1258,92
16751,difficult dog,policy_specific_3_1,p1260,75
16752,difficult dog,policy_specific_3_1,p1262,75
16753,difficult dog,policy_specific_3_1,p1264,78
16754,difficult dog,policy_specific_3_1,p1265,85
16755,difficult dog,policy_specific_3_1,p1269,78
16756,difficult dog,policy_specific_3_1,p1272,85
16757,difficult dog,policy_specific_3_1,p1278,88
16758,difficult dog,policy_specific_3_1,p1281,85
16759,difficult dog,policy_specific_3_1,p1292,78
16760,difficult dog,policy_specific_3_1,p1299,78
16761,difficult dog,policy_specific_3_1,p1312,78
16762,difficult dog,policy_specific_3_1,p1322,85
16763,difficult dog,policy_specific_3_1,p1326,92
16764,difficult dog,policy_specific_3_1,p1330,85
16765,difficult dog,policy_specific_3_1,p1335,85
16766,difficult dog,policy_specific_3_1,p1337,85
16767,difficult dog,policy_specific_3_1,p1340,88
16768,difficult dog,policy_specific_3_1,p1345,85
16769,difficult dog,policy_specific_3_1,p1351,90
16770,difficult dog,policy_specific_3_1,p1355,78
16771,difficult dog,policy_specific_3_1,p1362,85
16772,difficult dog,policy_specific_3_1,p1365,85
16773,difficult dog,policy_specific_3_1,p1366,75
16774,difficult dog,policy_specific_3_1,p1367,75
16775,difficult dog,policy_specific_3_1,p1370,78
16776,difficult dog,policy_specific_3_1,p1371,85
16777,difficult dog,policy_specific_3_1,p1373,85
16778,difficult dog,policy_specific_3_1,p1375,75
16779,difficult dog,policy_specific_3_1,p1376,75
16780,difficult dog,policy_specific_3_1,p1379,78
16781,difficult dog,policy_specific_3_1,p1381,78
16782,difficult dog,policy_specific_3_1,p1393,85
16783,difficult dog,policy_specific_3_1,p1396,85
16784,difficult dog,policy_specific_3_1,p1398,85
16785,difficult dog,policy_specific_3_1,p1404,85
16786,difficult dog,policy_specific_3_1,p1406,78
16787,difficult dog,policy_specific_3_1,p1407,75
16788,difficult dog,policy_specific_3_1,p1409,85
16789,difficult dog,policy_specific_3_1,p1412,85
16790,difficult dog,policy_specific_3_1,p1414,88
16791,difficult dog,policy_specific_3_1,p1424,85
16792,difficult dog,policy_specific_3_1,p1425,85
16793,difficult dog,policy_specific_3_1,p1429,85
16794,difficult dog,policy_specific_3_1,p1434,85
16795,difficult dog,policy_specific_3_1,p1441,78
16796,difficult dog,policy_specific_3_1,p1445,78
16797,difficult dog,policy_specific_3_1,p1450,85
16798,difficult dog,policy_specific_3_1,p1454,85
16799,difficult dog,policy_specific_3_1,p1456,75
16800,difficult dog,policy_specific_3_1,p1457,85
16801,difficult dog,policy_specific_3_1,p1458,90
16802,difficult dog,policy_specific_3_1,p1469,78
16803,difficult dog,policy_specific_3_1,p1470,85
16804,difficult dog,policy_specific_3_1,p1481,90
16805,difficult dog,policy_specific_3_1,p1488,78
16806,difficult dog,policy_specific_3_1,p1492,75
16807,difficult dog,policy_specific_3_1,p1495,78
16808,difficult dog,policy_specific_3_1,p1497,78
16809,difficult dog,policy_specific_3_1,p1499,78
16810,difficult dog,policy_specific_3_1,p1503,85
16811,difficult dog,policy_specific_3_1,p1511,88
16812,difficult dog,policy_specific_3_1,p1512,78
16813,difficult dog,policy_specific_3_1,p1518,85
16814,difficult dog,policy_specific_3_1,p1519,78
16815,difficult dog,policy_specific_3_1,p1520,75
16816,difficult dog,policy_specific_3_1,p1524,85
16817,difficult dog,policy_specific_3_1,p1526,85
16818,difficult dog,policy_specific_3_1,p1537,78
16819,difficult dog,policy_specific_3_1,p1545,90
16820,difficult dog,policy_specific_3_1,p1547,85
16821,difficult dog,policy_specific_3_1,p1552,90
16822,difficult dog,policy_specific_3_1,p1567,85
16823,difficult dog,policy_specific_3_1,p1568,90
16824,difficult dog,policy_specific_3_1,p1579,75
16825,difficult dog,policy_specific_3_1,p1587,75
16826,difficult dog,policy_specific_3_1,p1596,78
16827,difficult dog,policy_specific_3_1,p1600,85
16828,difficult dog,policy_specific_3_1,p1603,90
16829,difficult dog,policy_specific_3_1,p1604,78
16830,difficult dog,policy_specific_3_1,p1610,78
16831,difficult dog,policy_specific_3_1,p1618,85
16832,difficult dog,policy_specific_3_1,p1619,88
16833,difficult dog,policy_specific_3_1,p1622,78
16834,difficult dog,policy_specific_3_1,p1623,75
16835,difficult dog,policy_specific_3_1,p1630,85
16836,difficult dog,policy_specific_3_1,p1641,85
16837,difficult dog,policy_specific_3_1,p1649,85
16838,difficult dog,policy_specific_3_1,p1652,78
16839,difficult dog,policy_specific_3_1,p1665,78
16840,difficult dog,policy_specific_3_1,p1669,78
16841,difficult dog,policy_specific_3_1,p1685,85
16842,difficult dog,policy_specific_3_1,p1693,78
16843,difficult dog,policy_specific_3_1,p1698,85
16844,difficult dog,policy_specific_3_1,p1704,78
16845,difficult dog,policy_specific_3_1,p1711,85
16846,difficult dog,policy_specific_3_1,p1718,75
16847,difficult dog,policy_specific_3_1,p1732,78
16848,difficult dog,policy_specific_3_1,p1739,85
16849,difficult dog,policy_specific_3_1,p1741,85
16850,difficult dog,policy_specific_3_1,p1746,75
16851,difficult dog,policy_specific_3_1,p1751,75
16852,difficult dog,policy_specific_3_1,p1754,85
16853,difficult dog,policy_specific_3_1,p1769,85
16854,difficult dog,policy_specific_3_1,p1771,78
16855,difficult dog,policy_specific_3_1,p1776,85
16856,difficult dog,policy_specific_3_1,p1780,85
16857,difficult dog,policy_specific_3_1,p1785,75
16858,difficult dog,policy_specific_3_1,p1791,85
16859,difficult dog,policy_specific_3_1,p1793,85
16860,difficult dog,policy_specific_3_1,p1796,78
16861,difficult dog,policy_specific_3_1,p1805,85
16862,difficult dog,policy_specific_3_1,p1812,85
16863,difficult dog,policy_specific_3_1,p1816,85
16864,difficult dog,policy_specific_3_1,p1819,85
16865,difficult dog,policy_specific_3_1,p1825,90
16866,difficult dog,policy_specific_3_1,p1836,85
16867,difficult dog,policy_specific_3_1,p1839,85
16868,difficult dog,policy_specific_3_1,p1861,85
16869,difficult dog,policy_specific_3_1,p1863,85
16870,difficult dog,policy_specific_3_1,p1873,78
16871,difficult dog,policy_specific_3_1,p1875,78
16872,difficult dog,policy_specific_3_1,p1876,85
16873,difficult dog,policy_specific_3_1,p1877,85
16874,difficult dog,policy_specific_3_1,p1880,78
16875,difficult dog,policy_specific_3_1,p1883,85
16876,difficult dog,policy_specific_3_1,p1889,75
16877,difficult dog,policy_specific_3_1,p1893,92
16878,difficult dog,policy_specific_3_1,p1896,85
16879,difficult dog,policy_specific_3_1,p1913,78
16880,difficult dog,policy_specific_3_1,p1922,85
16881,difficult dog,policy_specific_3_1,p1930,85
16882,difficult dog,policy_specific_3_1,p1935,85
16883,difficult dog,policy_specific_3_1,p1940,85
16884,difficult dog,policy_specific_3_1,p1948,75
16885,difficult dog,policy_specific_3_1,p1950,78
16886,difficult dog,policy_specific_3_1,p1954,85
16887,difficult dog,policy_specific_3_1,p1956,75
16888,difficult dog,policy_specific_3_1,p1958,85
16889,difficult dog,policy_specific_3_1,p1967,88
16890,difficult dog,policy_specific_3_1,p1973,92
16891,difficult dog,policy_specific_3_1,p1978,85
16892,difficult dog,policy_specific_3_1,p1983,78
16893,difficult dog,policy_specific_3_1,p1984,78
16894,difficult dog,policy_specific_3_1,p1995,85
16895,difficult dog,policy_specific_3_1,p1996,85
16896,difficult dog,policy_specific_3_1,p1997,85
16897,difficult dog,policy_specific_3_1,p2001,85
16898,difficult dog,policy_specific_3_1,p2002,75
16899,difficult dog,policy_specific_3_1,p2013,88
16900,difficult dog,policy_specific_3_1,p2014,78
16901,difficult dog,policy_specific_3_1,p2016,85
16902,difficult dog,policy_specific_3_1,p2018,78
16903,difficult dog,policy_specific_3_1,p2023,88
16904,difficult dog,policy_specific_3_1,p2025,90
16905,difficult dog,policy_specific_3_1,p2028,78
16906,difficult dog,policy_specific_3_1,p2030,85
16907,difficult dog,policy_specific_3_1,p2033,85
16908,difficult dog,policy_specific_3_1,p2040,75
16909,difficult dog,policy_specific_3_1,p2051,90
16910,difficult dog,policy_specific_3_1,p2052,85
16911,difficult dog,policy_specific_3_1,p2066,75
16912,difficult dog,policy_specific_3_1,p2067,92
16913,difficult dog,policy_specific_3_1,p2073,88
16914,difficult dog,policy_specific_3_1,p2077,85
16915,difficult dog,policy_specific_3_1,p2078,85
16916,difficult dog,policy_specific_3_1,p2086,85
16917,difficult dog,policy_specific_3_1,p2089,85
16918,difficult dog,policy_specific_3_1,p2093,75
16919,difficult dog,policy_specific_3_1,p2094,85
16920,difficult dog,policy_specific_3_1,p2111,75
16921,difficult dog,policy_specific_3_1,p2117,85
16922,difficult dog,policy_specific_3_1,p2121,85
16923,difficult dog,policy_specific_3_1,p2127,90
16924,difficult dog,policy_specific_3_1,p2141,85
16925,difficult dog,policy_specific_3_1,p2142,85
16926,difficult dog,policy_specific_3_1,p2143,85
16927,difficult dog,policy_specific_3_1,p2153,85
16928,difficult dog,policy_specific_3_1,p2155,85
16929,difficult dog,policy_specific_3_1,p2169,75
16930,difficult dog,policy_specific_3_1,p2187,85
16931,difficult dog,policy_specific_3_1,p2188,85
16932,difficult dog,policy_specific_3_1,p2197,85
16933,difficult dog,policy_specific_3_1,p2213,85
16934,difficult dog,policy_specific_3_1,p2214,85
16935,difficult dog,policy_specific_3_1,p2215,92
16936,difficult dog,policy_specific_3_1,p2220,78
16937,difficult dog,policy_specific_3_1,p2223,85
16938,difficult dog,policy_specific_3_1,p2229,78
16939,difficult dog,policy_specific_3_1,p2234,90
16940,difficult dog,policy_specific_3_1,p2237,88
16941,difficult dog,policy_specific_3_1,p2238,85
16942,difficult dog,policy_specific_3_1,p2244,85
16943,difficult dog,policy_specific_3_1,p2248,78
16944,difficult dog,policy_specific_3_1,p2252,85
16945,difficult dog,policy_specific_3_1,p2255,75
16946,difficult dog,policy_specific_3_1,p2261,85
16947,difficult dog,policy_specific_3_1,p2263,85
16948,difficult dog,policy_specific_3_1,p2273,85
16949,difficult dog,policy_specific_3_1,p2275,85
16950,difficult dog,policy_specific_3_1,p2276,78
16951,difficult dog,policy_specific_3_1,p2283,85
16952,difficult dog,policy_specific_3_1,p2287,85
16953,difficult dog,policy_specific_3_1,p2296,85
16954,difficult dog,policy_specific_3_1,p2298,75
16955,difficult dog,policy_specific_3_1,p2304,85
16956,difficult dog,policy_specific_3_1,p2310,75
16957,difficult dog,policy_specific_3_1,p2322,75
16958,difficult dog,policy_specific_3_1,p2326,85
16959,difficult dog,policy_specific_3_1,p2330,85
16960,difficult dog,policy_specific_3_1,p2331,90
16961,difficult dog,policy_specific_3_1,p2333,85
16962,difficult dog,policy_specific_3_1,p2347,85
16963,difficult dog,policy_specific_3_1,p2350,85
16964,difficult dog,policy_specific_3_1,p2351,78
16965,difficult dog,policy_specific_3_1,p2353,85
16966,difficult dog,policy_specific_3_1,p2355,85
16967,difficult dog,policy_specific_3_1,p2363,75
16968,difficult dog,policy_specific_3_1,p2378,85
16969,difficult dog,policy_specific_3_1,p2380,90
16970,difficult dog,policy_specific_3_1,p2387,85
16971,difficult dog,policy_specific_3_1,p2398,78
16972,difficult dog,policy_specific_3_1,p2400,85
16973,difficult dog,policy_specific_3_1,p2403,85
16974,difficult dog,policy_specific_3_1,p2408,85
16975,difficult dog,policy_specific_3_1,p2418,78
16976,difficult dog,policy_specific_3_1,p2426,85
16977,difficult dog,policy_specific_3_1,p2428,75
16978,difficult dog,policy_specific_3_1,p2434,85
16979,difficult dog,policy_specific_3_1,p2446,85
16980,difficult dog,policy_specific_3_1,p2452,78
16981,difficult dog,policy_specific_3_1,p2454,75
16982,difficult dog,policy_specific_3_1,p2462,85
16983,difficult dog,policy_specific_3_1,p2467,65
16984,difficult dog,policy_specific_3_1,p2482,85
16985,difficult dog,policy_specific_3_1,p2489,85
16986,difficult dog,policy_specific_3_1,p2490,75
16987,difficult dog,policy_specific_3_1,p2494,85
16988,difficult dog,policy_specific_3_1,p2502,85
16989,difficult dog,policy_specific_3_1,p2503,85
16990,difficult dog,policy_specific_3_1,p2522,85
16991,difficult dog,policy_specific_3_1,p2524,85
16992,difficult dog,policy_specific_3_1,p2533,75
16993,difficult dog,policy_specific_3_1,p2566,90
16994,difficult dog,policy_specific_3_1,p2571,85
16995,difficult dog,policy_specific_3_1,p2573,75
16996,difficult dog,policy_specific_3_1,p2582,85
16997,difficult dog,policy_specific_3_1,p2591,75
16998,difficult dog,policy_specific_3_1,p2592,85
16999,difficult dog,policy_specific_3_1,p2595,75
17000,difficult dog,policy_specific_4_1,p0016,85
17001,difficult dog,policy_specific_4_1,p0022,85
17002,difficult dog,policy_specific_4_1,p0023,88
17003,difficult dog,policy_specific_4_1,p0026,88
17004,difficult dog,policy_specific_4_1,p0034,85
17005,difficult dog,policy_specific_4_1,p0036,85
17006,difficult dog,policy_specific_4_1,p0037,85
17007,difficult dog,policy_specific_4_1,p0042,82
17008,difficult dog,policy_specific_4_1,p0057,85
17009,difficult dog,policy_specific_4_1,p0066,85
17010,difficult dog,policy_specific_4_1,p0069,85
17011,difficult dog,policy_specific_4_1,p0072,85
17012,difficult dog,policy_specific_4_1,p0073,85
17013,difficult dog,policy_specific_4_1,p0082,82
17014,difficult dog,policy_specific_4_1,p0091,92
17015,difficult dog,policy_specific_4_1,p0092,85
17016,difficult dog,policy_specific_4_1,p0093,85
17017,difficult dog,policy_specific_4_1,p0095,85
17018,difficult dog,policy_specific_4_1,p0107,82
17019,difficult dog,policy_specific_4_1,p0114,88
17020,difficult dog,policy_specific_4_1,p0116,78
17021,difficult dog,policy_specific_4_1,p0118,78
17022,difficult dog,policy_specific_4_1,p0119,85
17023,difficult dog,policy_specific_4_1,p0126,82
17024,difficult dog,policy_specific_4_1,p0129,85
17025,difficult dog,policy_specific_4_1,p0136,85
17026,difficult dog,policy_specific_4_1,p0138,78
17027,difficult dog,policy_specific_4_1,p0144,85
17028,difficult dog,policy_specific_4_1,p0150,85
17029,difficult dog,policy_specific_4_1,p0152,75
17030,difficult dog,policy_specific_4_1,p0158,78
17031,difficult dog,policy_specific_4_1,p0161,75
17032,difficult dog,policy_specific_4_1,p0164,85
17033,difficult dog,policy_specific_4_1,p0175,82
17034,difficult dog,policy_specific_4_1,p0177,78
17035,difficult dog,policy_specific_4_1,p0178,85
17036,difficult dog,policy_specific_4_1,p0181,75
17037,difficult dog,policy_specific_4_1,p0186,78
17038,difficult dog,policy_specific_4_1,p0196,78
17039,difficult dog,policy_specific_4_1,p0198,82
17040,difficult dog,policy_specific_4_1,p0202,88
17041,difficult dog,policy_specific_4_1,p0205,82
17042,difficult dog,policy_specific_4_1,p0207,85
17043,difficult dog,policy_specific_4_1,p0211,85
17044,difficult dog,policy_specific_4_1,p0227,85
17045,difficult dog,policy_specific_4_1,p0229,85
17046,difficult dog,policy_specific_4_1,p0232,85
17047,difficult dog,policy_specific_4_1,p0233,85
17048,difficult dog,policy_specific_4_1,p0237,88
17049,difficult dog,policy_specific_4_1,p0258,85
17050,difficult dog,policy_specific_4_1,p0268,75
17051,difficult dog,policy_specific_4_1,p0274,85
17052,difficult dog,policy_specific_4_1,p0275,78
17053,difficult dog,policy_specific_4_1,p0277,85
17054,difficult dog,policy_specific_4_1,p0288,90
17055,difficult dog,policy_specific_4_1,p0291,85
17056,difficult dog,policy_specific_4_1,p0307,75
17057,difficult dog,policy_specific_4_1,p0308,85
17058,difficult dog,policy_specific_4_1,p0317,85
17059,difficult dog,policy_specific_4_1,p0325,85
17060,difficult dog,policy_specific_4_1,p0327,88
17061,difficult dog,policy_specific_4_1,p0334,85
17062,difficult dog,policy_specific_4_1,p0336,82
17063,difficult dog,policy_specific_4_1,p0338,75
17064,difficult dog,policy_specific_4_1,p0342,85
17065,difficult dog,policy_specific_4_1,p0349,78
17066,difficult dog,policy_specific_4_1,p0356,85
17067,difficult dog,policy_specific_4_1,p0358,85
17068,difficult dog,policy_specific_4_1,p0363,85
17069,difficult dog,policy_specific_4_1,p0364,82
17070,difficult dog,policy_specific_4_1,p0369,88
17071,difficult dog,policy_specific_4_1,p0370,78
17072,difficult dog,policy_specific_4_1,p0371,85
17073,difficult dog,policy_specific_4_1,p0379,82
17074,difficult dog,policy_specific_4_1,p0386,88
17075,difficult dog,policy_specific_4_1,p0396,82
17076,difficult dog,policy_specific_4_1,p0403,85
17077,difficult dog,policy_specific_4_1,p0405,92
17078,difficult dog,policy_specific_4_1,p0412,88
17079,difficult dog,policy_specific_4_1,p0415,85
17080,difficult dog,policy_specific_4_1,p0416,78
17081,difficult dog,policy_specific_4_1,p0417,85
17082,difficult dog,policy_specific_4_1,p0418,85
17083,difficult dog,policy_specific_4_1,p0430,90
17084,difficult dog,policy_specific_4_1,p0431,88
17085,difficult dog,policy_specific_4_1,p0434,75
17086,difficult dog,policy_specific_4_1,p0438,92
17087,difficult dog,policy_specific_4_1,p0441,85
17088,difficult dog,policy_specific_4_1,p0442,75
17089,difficult dog,policy_specific_4_1,p0449,78
17090,difficult dog,policy_specific_4_1,p0450,85
17091,difficult dog,policy_specific_4_1,p0465,78
17092,difficult dog,policy_specific_4_1,p0471,82
17093,difficult dog,policy_specific_4_1,p0477,85
17094,difficult dog,policy_specific_4_1,p0483,85
17095,difficult dog,policy_specific_4_1,p0486,85
17096,difficult dog,policy_specific_4_1,p0487,85
17097,difficult dog,policy_specific_4_1,p0489,85
17098,difficult dog,policy_specific_4_1,p0497,85
17099,difficult dog,policy_specific_4_1,p0502,85
17100,difficult dog,policy_specific_4_1,p0503,85
17101,difficult dog,policy_specific_4_1,p0506,75
17102,difficult dog,policy_specific_4_1,p0511,85
17103,difficult dog,policy_specific_4_1,p0523,85
17104,difficult dog,policy_specific_4_1,p0534,85
17105,difficult dog,policy_specific_4_1,p0536,82
17106,difficult dog,policy_specific_4_1,p0542,85
17107,difficult dog,policy_specific_4_1,p0547,85
17108,difficult dog,policy_specific_4_1,p0553,88
17109,difficult dog,policy_specific_4_1,p0559,82
17110,difficult dog,policy_specific_4_1,p0566,85
17111,difficult dog,policy_specific_4_1,p0568,85
17112,difficult dog,policy_specific_4_1,p0570,85
17113,difficult dog,policy_specific_4_1,p0573,82
17114,difficult dog,policy_specific_4_1,p0578,78
17115,difficult dog,policy_specific_4_1,p0594,78
17116,difficult dog,policy_specific_4_1,p0597,78
17117,difficult dog,policy_specific_4_1,p0601,85
17118,difficult dog,policy_specific_4_1,p0602,78
17119,difficult dog,policy_specific_4_1,p0605,78
17120,difficult dog,policy_specific_4_1,p0615,75
17121,difficult dog,policy_specific_4_1,p0620,82
17122,difficult dog,policy_specific_4_1,p0626,85
17123,difficult dog,policy_specific_4_1,p0629,88
17124,difficult dog,policy_specific_4_1,p0633,85
17125,difficult dog,policy_specific_4_1,p0638,85
17126,difficult dog,policy_specific_4_1,p0639,85
17127,difficult dog,policy_specific_4_1,p0640,85
17128,difficult dog,policy_specific_4_1,p0655,85
17129,difficult dog,policy_specific_4_1,p0656,85
17130,difficult dog,policy_specific_4_1,p0658,75
17131,difficult dog,policy_specific_4_1,p0661,78
17132,difficult dog,policy_specific_4_1,p0669,85
17133,difficult dog,policy_specific_4_1,p0670,78
17134,difficult dog,policy_specific_4_1,p0672,82
17135,difficult dog,policy_specific_4_1,p0674,85
17136,difficult dog,policy_specific_4_1,p0678,88
17137,difficult dog,policy_specific_4_1,p0683,85
17138,difficult dog,policy_specific_4_1,p0686,78
17139,difficult dog,policy_specific_4_1,p0687,82
17140,difficult dog,policy_specific_4_1,p0698,85
17141,difficult dog,policy_specific_4_1,p0700,85
17142,difficult dog,policy_specific_4_1,p0703,85
17143,difficult dog,policy_specific_4_1,p0718,85
17144,difficult dog,policy_specific_4_1,p0744,85
17145,difficult dog,policy_specific_4_1,p0745,85
17146,difficult dog,policy_specific_4_1,p0753,78
17147,difficult dog,policy_specific_4_1,p0770,85
17148,difficult dog,policy_specific_4_1,p0771,82
17149,difficult dog,policy_specific_4_1,p0777,88
17150,difficult dog,policy_specific_4_1,p0779,85
17151,difficult dog,policy_specific_4_1,p0780,78
17152,difficult dog,policy_specific_4_1,p0783,82
17153,difficult dog,policy_specific_4_1,p0785,78
17154,difficult dog,policy_specific_4_1,p0786,75
17155,difficult dog,policy_specific_4_1,p0794,85
17156,difficult dog,policy_specific_4_1,p0798,75
17157,difficult dog,policy_specific_4_1,p0800,88
17158,difficult dog,policy_specific_4_1,p0820,85
17159,difficult dog,policy_specific_4_1,p0841,75
17160,difficult dog,policy_specific_4_1,p0849,78
17161,difficult dog,policy_specific_4_1,p0862,92
17162,difficult dog,policy_specific_4_1,p0867,85
17163,difficult dog,policy_specific_4_1,p0869,85
17164,difficult dog,policy_specific_4_1,p0872,82
17165,difficult dog,policy_specific_4_1,p0880,85
17166,difficult dog,policy_specific_4_1,p0891,78
17167,difficult dog,policy_specific_4_1,p0916,85
17168,difficult dog,policy_specific_4_1,p0917,88
17169,difficult dog,policy_specific_4_1,p0919,85
17170,difficult dog,policy_specific_4_1,p0922,85
17171,difficult dog,policy_specific_4_1,p0925,78
17172,difficult dog,policy_specific_4_1,p0927,82
17173,difficult dog,policy_specific_4_1,p0929,78
17174,difficult dog,policy_specific_4_1,p0930,85
17175,difficult dog,policy_specific_4_1,p0931,75
17176,difficult dog,policy_specific_4_1,p0933,85
17177,difficult dog,policy_specific_4_1,p0934,85
17178,difficult dog,policy_specific_4_1,p0936,85
17179,difficult dog,policy_specific_4_1,p0938,85
17180,difficult dog,policy_specific_4_1,p0939,78
17181,difficult dog,policy_specific_4_1,p0946,78
17182,difficult dog,policy_specific_4_1,p0951,78
17183,difficult dog,policy_specific_4_1,p0956,85
17184,difficult dog,policy_specific_4_1,p0962,85
17185,difficult dog,policy_specific_4_1,p0963,85
17186,difficult dog,policy_specific_4_1,p0969,85
17187,difficult dog,policy_specific_4_1,p0972,78
17188,difficult dog,policy_specific_4_1,p0975,85
17189,difficult dog,policy_specific_4_1,p0985,75
17190,difficult dog,policy_specific_4_1,p0993,85
17191,difficult dog,policy_specific_4_1,p0996,78
17192,difficult dog,policy_specific_4_1,p1011,85
17193,difficult dog,policy_specific_4_1,p1017,75
17194,difficult dog,policy_specific_4_1,p1020,85
17195,difficult dog,policy_specific_4_1,p1022,90
17196,difficult dog,policy_specific_4_1,p1024,75
17197,difficult dog,policy_specific_4_1,p1027,88
17198,difficult dog,policy_specific_4_1,p1028,85
17199,difficult dog,policy_specific_4_1,p1029,85
17200,difficult dog,policy_specific_4_1,p1032,85
17201,difficult dog,policy_specific_4_1,p1040,85
17202,difficult dog,policy_specific_4_1,p1047,78
17203,difficult dog,policy_specific_4_1,p1048,78
17204,difficult dog,policy_specific_4_1,p1053,85
17205,difficult dog,policy_specific_4_1,p1057,85
17206,difficult dog,policy_specific_4_1,p1058,85
17207,difficult dog,policy_specific_4_1,p1063,78
17208,difficult dog,policy_specific_4_1,p1064,85
17209,difficult dog,policy_specific_4_1,p1065,85
17210,difficult dog,policy_specific_4_1,p1069,85
17211,difficult dog,policy_specific_4_1,p1072,88
17212,difficult dog,policy_specific_4_1,p1073,78
17213,difficult dog,policy_specific_4_1,p1075,85
17214,difficult dog,policy_specific_4_1,p1076,78
17215,difficult dog,policy_specific_4_1,p1083,85
17216,difficult dog,policy_specific_4_1,p1089,88
17217,difficult dog,policy_specific_4_1,p1093,88
17218,difficult dog,policy_specific_4_1,p1096,85
17219,difficult dog,policy_specific_4_1,p1100,85
17220,difficult dog,policy_specific_4_1,p1106,85
17221,difficult dog,policy_specific_4_1,p1107,75
17222,difficult dog,policy_specific_4_1,p1113,85
17223,difficult dog,policy_specific_4_1,p1117,75
17224,difficult dog,policy_specific_4_1,p1120,82
17225,difficult dog,policy_specific_4_1,p1134,78
17226,difficult dog,policy_specific_4_1,p1136,75
17227,difficult dog,policy_specific_4_1,p1138,88
17228,difficult dog,policy_specific_4_1,p1144,85
17229,difficult dog,policy_specific_4_1,p1145,92
17230,difficult dog,policy_specific_4_1,p1147,85
17231,difficult dog,policy_specific_4_1,p1148,92
17232,difficult dog,policy_specific_4_1,p1154,85
17233,difficult dog,policy_specific_4_1,p1159,85
17234,difficult dog,policy_specific_4_1,p1167,85
17235,difficult dog,policy_specific_4_1,p1175,88
17236,difficult dog,policy_specific_4_1,p1178,78
17237,difficult dog,policy_specific_4_1,p1184,85
17238,difficult dog,policy_specific_4_1,p1186,85
17239,difficult dog,policy_specific_4_1,p1196,75
17240,difficult dog,policy_specific_4_1,p1197,85
17241,difficult dog,policy_specific_4_1,p1203,85
17242,difficult dog,policy_specific_4_1,p1219,78
17243,difficult dog,policy_specific_4_1,p1225,85
17244,difficult dog,policy_specific_4_1,p1234,82
17245,difficult dog,policy_specific_4_1,p1242,85
17246,difficult dog,policy_specific_4_1,p1244,90
17247,difficult dog,policy_specific_4_1,p1249,82
17248,difficult dog,policy_specific_4_1,p1250,85
17249,difficult dog,policy_specific_4_1,p1256,85
17250,difficult dog,policy_specific_4_1,p1258,85
17251,difficult dog,policy_specific_4_1,p1260,85
17252,difficult dog,policy_specific_4_1,p1262,85
17253,difficult dog,policy_specific_4_1,p1264,78
17254,difficult dog,policy_specific_4_1,p1265,85
17255,difficult dog,policy_specific_4_1,p1269,85
17256,difficult dog,policy_specific_4_1,p1272,85
17257,difficult dog,policy_specific_4_1,p1278,85
17258,difficult dog,policy_specific_4_1,p1281,85
17259,difficult dog,policy_specific_4_1,p1292,85
17260,difficult dog,policy_specific_4_1,p1299,78
17261,difficult dog,policy_specific_4_1,p1312,78
17262,difficult dog,policy_specific_4_1,p1322,85
17263,difficult dog,policy_specific_4_1,p1326,85
17264,difficult dog,policy_specific_4_1,p1330,85
17265,difficult dog,policy_specific_4_1,p1335,88
17266,difficult dog,policy_specific_4_1,p1337,90
17267,difficult dog,policy_specific_4_1,p1340,85
17268,difficult dog,policy_specific_4_1,p1345,85
17269,difficult dog,policy_specific_4_1,p1351,85
17270,difficult dog,policy_specific_4_1,p1355,78
17271,difficult dog,policy_specific_4_1,p1362,85
17272,difficult dog,policy_specific_4_1,p1365,85
17273,difficult dog,policy_specific_4_1,p1366,82
17274,difficult dog,policy_specific_4_1,p1367,82
17275,difficult dog,policy_specific_4_1,p1370,85
17276,difficult dog,policy_specific_4_1,p1371,85
17277,difficult dog,policy_specific_4_1,p1373,85
17278,difficult dog,policy_specific_4_1,p1375,85
17279,difficult dog,policy_specific_4_1,p1376,75
17280,difficult dog,policy_specific_4_1,p1379,85
17281,difficult dog,policy_specific_4_1,p1381,78
17282,difficult dog,policy_specific_4_1,p1393,85
17283,difficult dog,policy_specific_4_1,p1396,92
17284,difficult dog,policy_specific_4_1,p1398,85
17285,difficult dog,policy_specific_4_1,p1404,92
17286,difficult dog,policy_specific_4_1,p1406,85
17287,difficult dog,policy_specific_4_1,p1407,78
17288,difficult dog,policy_specific_4_1,p1409,82
17289,difficult dog,policy_specific_4_1,p1412,85
17290,difficult dog,policy_specific_4_1,p1414,88
17291,difficult dog,policy_specific_4_1,p1424,85
17292,difficult dog,policy_specific_4_1,p1425,85
17293,difficult dog,policy_specific_4_1,p1429,85
17294,difficult dog,policy_specific_4_1,p1434,85
17295,difficult dog,policy_specific_4_1,p1441,85
17296,difficult dog,policy_specific_4_1,p1445,85
17297,difficult dog,policy_specific_4_1,p1450,85
17298,difficult dog,policy_specific_4_1,p1454,82
17299,difficult dog,policy_specific_4_1,p1456,85
17300,difficult dog,policy_specific_4_1,p1457,85
17301,difficult dog,policy_specific_4_1,p1458,88
17302,difficult dog,policy_specific_4_1,p1469,78
17303,difficult dog,policy_specific_4_1,p1470,85
17304,difficult dog,policy_specific_4_1,p1481,90
17305,difficult dog,policy_specific_4_1,p1488,78
17306,difficult dog,policy_specific_4_1,p1492,78
17307,difficult dog,policy_specific_4_1,p1495,85
17308,difficult dog,policy_specific_4_1,p1497,85
17309,difficult dog,policy_specific_4_1,p1499,88
17310,difficult dog,policy_specific_4_1,p1503,88
17311,difficult dog,policy_specific_4_1,p1511,85
17312,difficult dog,policy_specific_4_1,p1512,78
17313,difficult dog,policy_specific_4_1,p1518,85
17314,difficult dog,policy_specific_4_1,p1519,78
17315,difficult dog,policy_specific_4_1,p1520,78
17316,difficult dog,policy_specific_4_1,p1524,85
17317,difficult dog,policy_specific_4_1,p1526,85
17318,difficult dog,policy_specific_4_1,p1537,85
17319,difficult dog,policy_specific_4_1,p1545,85
17320,difficult dog,policy_specific_4_1,p1547,85
17321,difficult dog,policy_specific_4_1,p1552,92
17322,difficult dog,policy_specific_4_1,p1567,85
17323,difficult dog,policy_specific_4_1,p1568,85
17324,difficult dog,policy_specific_4_1,p1579,75
17325,difficult dog,policy_specific_4_1,p1587,75
17326,difficult dog,policy_specific_4_1,p1596,78
17327,difficult dog,policy_specific_4_1,p1600,82
17328,difficult dog,policy_specific_4_1,p1603,85
17329,difficult dog,policy_specific_4_1,p1604,85
17330,difficult dog,policy_specific_4_1,p1610,78
17331,difficult dog,policy_specific_4_1,p1618,85
17332,difficult dog,policy_specific_4_1,p1619,92
17333,difficult dog,policy_specific_4_1,p1622,85
17334,difficult dog,policy_specific_4_1,p1623,85
17335,difficult dog,policy_specific_4_1,p1630,85
17336,difficult dog,policy_specific_4_1,p1641,85
17337,difficult dog,policy_specific_4_1,p1649,85
17338,difficult dog,policy_specific_4_1,p1652,85
17339,difficult dog,policy_specific_4_1,p1665,78
17340,difficult dog,policy_specific_4_1,p1669,78
17341,difficult dog,policy_specific_4_1,p1685,85
17342,difficult dog,policy_specific_4_1,p1693,78
17343,difficult dog,policy_specific_4_1,p1698,85
17344,difficult dog,policy_specific_4_1,p1704,78
17345,difficult dog,policy_specific_4_1,p1711,82
17346,difficult dog,policy_specific_4_1,p1718,85
17347,difficult dog,policy_specific_4_1,p1732,78
17348,difficult dog,policy_specific_4_1,p1739,85
17349,difficult dog,policy_specific_4_1,p1741,85
17350,difficult dog,policy_specific_4_1,p1746,75
17351,difficult dog,policy_specific_4_1,p1751,68
17352,difficult dog,policy_specific_4_1,p1754,85
17353,difficult dog,policy_specific_4_1,p1769,85
17354,difficult dog,policy_specific_4_1,p1771,85
17355,difficult dog,policy_specific_4_1,p1776,82
17356,difficult dog,policy_specific_4_1,p1780,82
17357,difficult dog,policy_specific_4_1,p1785,75
17358,difficult dog,policy_specific_4_1,p1791,88
17359,difficult dog,policy_specific_4_1,p1793,85
17360,difficult dog,policy_specific_4_1,p1796,78
17361,difficult dog,policy_specific_4_1,p1805,82
17362,difficult dog,policy_specific_4_1,p1812,85
17363,difficult dog,policy_specific_4_1,p1816,78
17364,difficult dog,policy_specific_4_1,p1819,82
17365,difficult dog,policy_specific_4_1,p1825,85
17366,difficult dog,policy_specific_4_1,p1836,90
17367,difficult dog,policy_specific_4_1,p1839,85
17368,difficult dog,policy_specific_4_1,p1861,85
17369,difficult dog,policy_specific_4_1,p1863,82
17370,difficult dog,policy_specific_4_1,p1873,78
17371,difficult dog,policy_specific_4_1,p1875,78
17372,difficult dog,policy_specific_4_1,p1876,85
17373,difficult dog,policy_specific_4_1,p1877,92
17374,difficult dog,policy_specific_4_1,p1880,78
17375,difficult dog,policy_specific_4_1,p1883,85
17376,difficult dog,policy_specific_4_1,p1889,75
17377,difficult dog,policy_specific_4_1,p1893,85
17378,difficult dog,policy_specific_4_1,p1896,82
17379,difficult dog,policy_specific_4_1,p1913,82
17380,difficult dog,policy_specific_4_1,p1922,85
17381,difficult dog,policy_specific_4_1,p1930,85
17382,difficult dog,policy_specific_4_1,p1935,82
17383,difficult dog,policy_specific_4_1,p1940,88
17384,difficult dog,policy_specific_4_1,p1948,75
17385,difficult dog,policy_specific_4_1,p1950,78
17386,difficult dog,policy_specific_4_1,p1954,82
17387,difficult dog,policy_specific_4_1,p1956,75
17388,difficult dog,policy_specific_4_1,p1958,85
17389,difficult dog,policy_specific_4_1,p1967,85
17390,difficult dog,policy_specific_4_1,p1973,92
17391,difficult dog,policy_specific_4_1,p1978,82
17392,difficult dog,policy_specific_4_1,p1983,85
17393,difficult dog,policy_specific_4_1,p1984,78
17394,difficult dog,policy_specific_4_1,p1995,85
17395,difficult dog,policy_specific_4_1,p1996,85
17396,difficult dog,policy_specific_4_1,p1997,82
17397,difficult dog,policy_specific_4_1,p2001,85
17398,difficult dog,policy_specific_4_1,p2002,78
17399,difficult dog,policy_specific_4_1,p2013,88
17400,difficult dog,policy_specific_4_1,p2014,78
17401,difficult dog,policy_specific_4_1,p2016,85
17402,difficult dog,policy_specific_4_1,p2018,78
17403,difficult dog,policy_specific_4_1,p2023,88
17404,difficult dog,policy_specific_4_1,p2025,85
17405,difficult dog,policy_specific_4_1,p2028,85
17406,difficult dog,policy_specific_4_1,p2030,88
17407,difficult dog,policy_specific_4_1,p2033,82
17408,difficult dog,policy_specific_4_1,p2040,85
17409,difficult dog,policy_specific_4_1,p2051,85
17410,difficult dog,policy_specific_4_1,p2052,82
17411,difficult dog,policy_specific_4_1,p2066,85
17412,difficult dog,policy_specific_4_1,p2067,85
17413,difficult dog,policy_specific_4_1,p2073,85
17414,difficult dog,policy_specific_4_1,p2077,85
17415,difficult dog,policy_specific_4_1,p2078,78
17416,difficult dog,policy_specific_4_1,p2086,88
17417,difficult dog,policy_specific_4_1,p2089,85
17418,difficult dog,policy_specific_4_1,p2093,75
17419,difficult dog,policy_specific_4_1,p2094,85
17420,difficult dog,policy_specific_4_1,p2111,85
17421,difficult dog,policy_specific_4_1,p2117,85
17422,difficult dog,policy_specific_4_1,p2121,85
17423,difficult dog,policy_specific_4_1,p2127,85
17424,difficult dog,policy_specific_4_1,p2141,82
17425,difficult dog,policy_specific_4_1,p2142,85
17426,difficult dog,policy_specific_4_1,p2143,85
17427,difficult dog,policy_specific_4_1,p2153,85
17428,difficult dog,policy_specific_4_1,p2155,85
17429,difficult dog,policy_specific_4_1,p2169,75
17430,difficult dog,policy_specific_4_1,p2187,85
17431,difficult dog,policy_specific_4_1,p2188,85
17432,difficult dog,policy_specific_4_1,p2197,85
17433,difficult dog,policy_specific_4_1,p2213,82
17434,difficult dog,policy_specific_4_1,p2214,82
17435,difficult dog,policy_specific_4_1,p2215,85
17436,difficult dog,policy_specific_4_1,p2220,85
17437,difficult dog,policy_specific_4_1,p2223,82
17438,difficult dog,policy_specific_4_1,p2229,85
17439,difficult dog,policy_specific_4_1,p2234,88
17440,difficult dog,policy_specific_4_1,p2237,85
17441,difficult dog,policy_specific_4_1,p2238,85
17442,difficult dog,policy_specific_4_1,p2244,85
17443,difficult dog,policy_specific_4_1,p2248,85
17444,difficult dog,policy_specific_4_1,p2252,85
17445,difficult dog,policy_specific_4_1,p2255,75
17446,difficult dog,policy_specific_4_1,p2261,75
17447,difficult dog,policy_specific_4_1,p2263,85
17448,difficult dog,policy_specific_4_1,p2273,85
17449,difficult dog,policy_specific_4_1,p2275,82
17450,difficult dog,policy_specific_4_1,p2276,82
17451,difficult dog,policy_specific_4_1,p2283,85
17452,difficult dog,policy_specific_4_1,p2287,85
17453,difficult dog,policy_specific_4_1,p2296,78
17454,difficult dog,policy_specific_4_1,p2298,78
17455,difficult dog,policy_specific_4_1,p2304,85
17456,difficult dog,policy_specific_4_1,p2310,82
17457,difficult dog,policy_specific_4_1,p2322,75
17458,difficult dog,policy_specific_4_1,p2326,85
17459,difficult dog,policy_specific_4_1,p2330,85
17460,difficult dog,policy_specific_4_1,p2331,85
17461,difficult dog,policy_specific_4_1,p2333,85
17462,difficult dog,policy_specific_4_1,p2347,85
17463,difficult dog,policy_specific_4_1,p2350,85
17464,difficult dog,policy_specific_4_1,p2351,85
17465,difficult dog,policy_specific_4_1,p2353,78
17466,difficult dog,policy_specific_4_1,p2355,85
17467,difficult dog,policy_specific_4_1,p2363,75
17468,difficult dog,policy_specific_4_1,p2378,85
17469,difficult dog,policy_specific_4_1,p2380,85
17470,difficult dog,policy_specific_4_1,p2387,85
17471,difficult dog,policy_specific_4_1,p2398,85
17472,difficult dog,policy_specific_4_1,p2400,92
17473,difficult dog,policy_specific_4_1,p2403,85
17474,difficult dog,policy_specific_4_1,p2408,78
17475,difficult dog,policy_specific_4_1,p2418,78
17476,difficult dog,policy_specific_4_1,p2426,85
17477,difficult dog,policy_specific_4_1,p2428,82
17478,difficult dog,policy_specific_4_1,p2434,85
17479,difficult dog,policy_specific_4_1,p2446,78
17480,difficult dog,policy_specific_4_1,p2452,78
17481,difficult dog,policy_specific_4_1,p2454,78
17482,difficult dog,policy_specific_4_1,p2462,85
17483,difficult dog,policy_specific_4_1,p2467,75
17484,difficult dog,policy_specific_4_1,p2482,82
17485,difficult dog,policy_specific_4_1,p2489,78
17486,difficult dog,policy_specific_4_1,p2490,75
17487,difficult dog,policy_specific_4_1,p2494,75
17488,difficult dog,policy_specific_4_1,p2502,85
17489,difficult dog,policy_specific_4_1,p2503,85
17490,difficult dog,policy_specific_4_1,p2522,90
17491,difficult dog,policy_specific_4_1,p2524,85
17492,difficult dog,policy_specific_4_1,p2533,75
17493,difficult dog,policy_specific_4_1,p2566,85
17494,difficult dog,policy_specific_4_1,p2571,85
17495,difficult dog,policy_specific_4_1,p2573,82
17496,difficult dog,policy_specific_4_1,p2582,82
17497,difficult dog,policy_specific_4_1,p2591,75
17498,difficult dog,policy_specific_4_1,p2592,85
17499,difficult dog,policy_specific_4_1,p2595,75
17500,difficult dog,policy_specific_5_1,p0016,45
17501,difficult dog,policy_specific_5_1,p0022,45
17502,difficult dog,policy_specific_5_1,p0023,35
17503,difficult dog,policy_specific_5_1,p0026,45
17504,difficult dog,policy_specific_5_1,p0034,25
17505,difficult dog,policy_specific_5_1,p0036,35
17506,difficult dog,policy_specific_5_1,p0037,45
17507,difficult dog,policy_specific_5_1,p0042,45
17508,difficult dog,policy_specific_5_1,p0057,45
17509,difficult dog,policy_specific_5_1,p0066,35
17510,difficult dog,policy_specific_5_1,p0069,25
17511,difficult dog,policy_specific_5_1,p0072,45
17512,difficult dog,policy_specific_5_1,p0073,45
17513,difficult dog,policy_specific_5_1,p0082,45
17514,difficult dog,policy_specific_5_1,p0091,35
17515,difficult dog,policy_specific_5_1,p0092,45
17516,difficult dog,policy_specific_5_1,p0093,45
17517,difficult dog,policy_specific_5_1,p0095,45
17518,difficult dog,policy_specific_5_1,p0107,35
17519,difficult dog,policy_specific_5_1,p0114,45
17520,difficult dog,policy_specific_5_1,p0116,35
17521,difficult dog,policy_specific_5_1,p0118,45
17522,difficult dog,policy_specific_5_1,p0119,45
17523,difficult dog,policy_specific_5_1,p0126,45
17524,difficult dog,policy_specific_5_1,p0129,45
17525,difficult dog,policy_specific_5_1,p0136,35
17526,difficult dog,policy_specific_5_1,p0138,35
17527,difficult dog,policy_specific_5_1,p0144,45
17528,difficult dog,policy_specific_5_1,p0150,35
17529,difficult dog,policy_specific_5_1,p0152,35
17530,difficult dog,policy_specific_5_1,p0158,35
17531,difficult dog,policy_specific_5_1,p0161,25
17532,difficult dog,policy_specific_5_1,p0164,25
17533,difficult dog,policy_specific_5_1,p0175,45
17534,difficult dog,policy_specific_5_1,p0177,55
17535,difficult dog,policy_specific_5_1,p0178,45
17536,difficult dog,policy_specific_5_1,p0181,25
17537,difficult dog,policy_specific_5_1,p0186,45
17538,difficult dog,policy_specific_5_1,p0196,35
17539,difficult dog,policy_specific_5_1,p0198,45
17540,difficult dog,policy_specific_5_1,p0202,45
17541,difficult dog,policy_specific_5_1,p0205,35
17542,difficult dog,policy_specific_5_1,p0207,25
17543,difficult dog,policy_specific_5_1,p0211,35
17544,difficult dog,policy_specific_5_1,p0227,45
17545,difficult dog,policy_specific_5_1,p0229,45
17546,difficult dog,policy_specific_5_1,p0232,35
17547,difficult dog,policy_specific_5_1,p0233,25
17548,difficult dog,policy_specific_5_1,p0237,55
17549,difficult dog,policy_specific_5_1,p0258,35
17550,difficult dog,policy_specific_5_1,p0268,25
17551,difficult dog,policy_specific_5_1,p0274,45
17552,difficult dog,policy_specific_5_1,p0275,35
17553,difficult dog,policy_specific_5_1,p0277,35
17554,difficult dog,policy_specific_5_1,p0288,65
17555,difficult dog,policy_specific_5_1,p0291,35
17556,difficult dog,policy_specific_5_1,p0307,35
17557,difficult dog,policy_specific_5_1,p0308,45
17558,difficult dog,policy_specific_5_1,p0317,25
17559,difficult dog,policy_specific_5_1,p0325,45
17560,difficult dog,policy_specific_5_1,p0327,45
17561,difficult dog,policy_specific_5_1,p0334,45
17562,difficult dog,policy_specific_5_1,p0336,45
17563,difficult dog,policy_specific_5_1,p0338,35
17564,difficult dog,policy_specific_5_1,p0342,45
17565,difficult dog,policy_specific_5_1,p0349,35
17566,difficult dog,policy_specific_5_1,p0356,25
17567,difficult dog,policy_specific_5_1,p0358,35
17568,difficult dog,policy_specific_5_1,p0363,45
17569,difficult dog,policy_specific_5_1,p0364,62
17570,difficult dog,policy_specific_5_1,p0369,45
17571,difficult dog,policy_specific_5_1,p0370,35
17572,difficult dog,policy_specific_5_1,p0371,45
17573,difficult dog,policy_specific_5_1,p0379,35
17574,difficult dog,policy_specific_5_1,p0386,45
17575,difficult dog,policy_specific_5_1,p0396,45
17576,difficult dog,policy_specific_5_1,p0403,55
17577,difficult dog,policy_specific_5_1,p0405,35
17578,difficult dog,policy_specific_5_1,p0412,45
17579,difficult dog,policy_specific_5_1,p0415,35
17580,difficult dog,policy_specific_5_1,p0416,45
17581,difficult dog,policy_specific_5_1,p0417,45
17582,difficult dog,policy_specific_5_1,p0418,45
17583,difficult dog,policy_specific_5_1,p0430,45
17584,difficult dog,policy_specific_5_1,p0431,45
17585,difficult dog,policy_specific_5_1,p0434,25
17586,difficult dog,policy_specific_5_1,p0438,35
17587,difficult dog,policy_specific_5_1,p0441,45
17588,difficult dog,policy_specific_5_1,p0442,35
17589,difficult dog,policy_specific_5_1,p0449,35
17590,difficult dog,policy_specific_5_1,p0450,45
17591,difficult dog,policy_specific_5_1,p0465,35
17592,difficult dog,policy_specific_5_1,p0471,45
17593,difficult dog,policy_specific_5_1,p0477,45
17594,difficult dog,policy_specific_5_1,p0483,45
17595,difficult dog,policy_specific_5_1,p0486,35
17596,difficult dog,policy_specific_5_1,p0487,45
17597,difficult dog,policy_specific_5_1,p0489,35
17598,difficult dog,policy_specific_5_1,p0497,25
17599,difficult dog,policy_specific_5_1,p0502,45
17600,difficult dog,policy_specific_5_1,p0503,35
17601,difficult dog,policy_specific_5_1,p0506,45
17602,difficult dog,policy_specific_5_1,p0511,45
17603,difficult dog,policy_specific_5_1,p0523,45
17604,difficult dog,policy_specific_5_1,p0534,45
17605,difficult dog,policy_specific_5_1,p0536,45
17606,difficult dog,policy_specific_5_1,p0542,25
17607,difficult dog,policy_specific_5_1,p0547,45
17608,difficult dog,policy_specific_5_1,p0553,55
17609,difficult dog,policy_specific_5_1,p0559,45
17610,difficult dog,policy_specific_5_1,p0566,45
17611,difficult dog,policy_specific_5_1,p0568,45
17612,difficult dog,policy_specific_5_1,p0570,25
17613,difficult dog,policy_specific_5_1,p0573,45
17614,difficult dog,policy_specific_5_1,p0578,35
17615,difficult dog,policy_specific_5_1,p0594,35
17616,difficult dog,policy_specific_5_1,p0597,35
17617,difficult dog,policy_specific_5_1,p0601,35
17618,difficult dog,policy_specific_5_1,p0602,35
17619,difficult dog,policy_specific_5_1,p0605,45
17620,difficult dog,policy_specific_5_1,p0615,45
17621,difficult dog,policy_specific_5_1,p0620,45
17622,difficult dog,policy_specific_5_1,p0626,35
17623,difficult dog,policy_specific_5_1,p0629,45
17624,difficult dog,policy_specific_5_1,p0633,45
17625,difficult dog,policy_specific_5_1,p0638,45
17626,difficult dog,policy_specific_5_1,p0639,45
17627,difficult dog,policy_specific_5_1,p0640,35
17628,difficult dog,policy_specific_5_1,p0655,35
17629,difficult dog,policy_specific_5_1,p0656,45
17630,difficult dog,policy_specific_5_1,p0658,25
17631,difficult dog,policy_specific_5_1,p0661,35
17632,difficult dog,policy_specific_5_1,p0669,55
17633,difficult dog,policy_specific_5_1,p0670,35
17634,difficult dog,policy_specific_5_1,p0672,35
17635,difficult dog,policy_specific_5_1,p0674,55
17636,difficult dog,policy_specific_5_1,p0678,55
17637,difficult dog,policy_specific_5_1,p0683,45
17638,difficult dog,policy_specific_5_1,p0686,45
17639,difficult dog,policy_specific_5_1,p0687,45
17640,difficult dog,policy_specific_5_1,p0698,45
17641,difficult dog,policy_specific_5_1,p0700,45
17642,difficult dog,policy_specific_5_1,p0703,25
17643,difficult dog,policy_specific_5_1,p0718,45
17644,difficult dog,policy_specific_5_1,p0744,45
17645,difficult dog,policy_specific_5_1,p0745,35
17646,difficult dog,policy_specific_5_1,p0753,35
17647,difficult dog,policy_specific_5_1,p0770,45
17648,difficult dog,policy_specific_5_1,p0771,45
17649,difficult dog,policy_specific_5_1,p0777,35
17650,difficult dog,policy_specific_5_1,p0779,45
17651,difficult dog,policy_specific_5_1,p0780,35
17652,difficult dog,policy_specific_5_1,p0783,45
17653,difficult dog,policy_specific_5_1,p0785,35
17654,difficult dog,policy_specific_5_1,p0786,35
17655,difficult dog,policy_specific_5_1,p0794,25
17656,difficult dog,policy_specific_5_1,p0798,25
17657,difficult dog,policy_specific_5_1,p0800,45
17658,difficult dog,policy_specific_5_1,p0820,35
17659,difficult dog,policy_specific_5_1,p0841,25
17660,difficult dog,policy_specific_5_1,p0849,45
17661,difficult dog,policy_specific_5_1,p0862,45
17662,difficult dog,policy_specific_5_1,p0867,45
17663,difficult dog,policy_specific_5_1,p0869,45
17664,difficult dog,policy_specific_5_1,p0872,45
17665,difficult dog,policy_specific_5_1,p0880,45
17666,difficult dog,policy_specific_5_1,p0891,45
17667,difficult dog,policy_specific_5_1,p0916,45
17668,difficult dog,policy_specific_5_1,p0917,55
17669,difficult dog,policy_specific_5_1,p0919,45
17670,difficult dog,policy_specific_5_1,p0922,25
17671,difficult dog,policy_specific_5_1,p0925,35
17672,difficult dog,policy_specific_5_1,p0927,45
17673,difficult dog,policy_specific_5_1,p0929,45
17674,difficult dog,policy_specific_5_1,p0930,35
17675,difficult dog,policy_specific_5_1,p0931,35
17676,difficult dog,policy_specific_5_1,p0933,35
17677,difficult dog,policy_specific_5_1,p0934,25
17678,difficult dog,policy_specific_5_1,p0936,45
17679,difficult dog,policy_specific_5_1,p0938,45
17680,difficult dog,policy_specific_5_1,p0939,35
17681,difficult dog,policy_specific_5_1,p0946,35
17682,difficult dog,policy_specific_5_1,p0951,45
17683,difficult dog,policy_specific_5_1,p0956,45
17684,difficult dog,policy_specific_5_1,p0962,25
17685,difficult dog,policy_specific_5_1,p0963,45
17686,difficult dog,policy_specific_5_1,p0969,25
17687,difficult dog,policy_specific_5_1,p0972,45
17688,difficult dog,policy_specific_5_1,p0975,35
17689,difficult dog,policy_specific_5_1,p0985,35
17690,difficult dog,policy_specific_5_1,p0993,45
17691,difficult dog,policy_specific_5_1,p0996,35
17692,difficult dog,policy_specific_5_1,p1011,25
17693,difficult dog,policy_specific_5_1,p1017,25
17694,difficult dog,policy_specific_5_1,p1020,35
17695,difficult dog,policy_specific_5_1,p1022,45
17696,difficult dog,policy_specific_5_1,p1024,25
17697,difficult dog,policy_specific_5_1,p1027,55
17698,difficult dog,policy_specific_5_1,p1028,45
17699,difficult dog,policy_specific_5_1,p1029,25
17700,difficult dog,policy_specific_5_1,p1032,45
17701,difficult dog,policy_specific_5_1,p1040,45
17702,difficult dog,policy_specific_5_1,p1047,35
17703,difficult dog,policy_specific_5_1,p1048,35
17704,difficult dog,policy_specific_5_1,p1053,45
17705,difficult dog,policy_specific_5_1,p1057,35
17706,difficult dog,policy_specific_5_1,p1058,35
17707,difficult dog,policy_specific_5_1,p1063,35
17708,difficult dog,policy_specific_5_1,p1064,45
17709,difficult dog,policy_specific_5_1,p1065,35
17710,difficult dog,policy_specific_5_1,p1069,25
17711,difficult dog,policy_specific_5_1,p1072,45
17712,difficult dog,policy_specific_5_1,p1073,45
17713,difficult dog,policy_specific_5_1,p1075,45
17714,difficult dog,policy_specific_5_1,p1076,35
17715,difficult dog,policy_specific_5_1,p1083,35
17716,difficult dog,policy_specific_5_1,p1089,45
17717,difficult dog,policy_specific_5_1,p1093,45
17718,difficult dog,policy_specific_5_1,p1096,45
17719,difficult dog,policy_specific_5_1,p1100,35
17720,difficult dog,policy_specific_5_1,p1106,45
17721,difficult dog,policy_specific_5_1,p1107,35
17722,difficult dog,policy_specific_5_1,p1113,35
17723,difficult dog,policy_specific_5_1,p1117,25
17724,difficult dog,policy_specific_5_1,p1120,45
17725,difficult dog,policy_specific_5_1,p1134,45
17726,difficult dog,policy_specific_5_1,p1136,35
17727,difficult dog,policy_specific_5_1,p1138,45
17728,difficult dog,policy_specific_5_1,p1144,35
17729,difficult dog,policy_specific_5_1,p1145,55
17730,difficult dog,policy_specific_5_1,p1147,45
17731,difficult dog,policy_specific_5_1,p1148,45
17732,difficult dog,policy_specific_5_1,p1154,45
17733,difficult dog,policy_specific_5_1,p1159,25
17734,difficult dog,policy_specific_5_1,p1167,45
17735,difficult dog,policy_specific_5_1,p1175,45
17736,difficult dog,policy_specific_5_1,p1178,35
17737,difficult dog,policy_specific_5_1,p1184,45
17738,difficult dog,policy_specific_5_1,p1186,45
17739,difficult dog,policy_specific_5_1,p1196,35
17740,difficult dog,policy_specific_5_1,p1197,35
17741,difficult dog,policy_specific_5_1,p1203,45
17742,difficult dog,policy_specific_5_1,p1219,35
17743,difficult dog,policy_specific_5_1,p1225,35
17744,difficult dog,policy_specific_5_1,p1234,45
17745,difficult dog,policy_specific_5_1,p1242,45
17746,difficult dog,policy_specific_5_1,p1244,35
17747,difficult dog,policy_specific_5_1,p1249,35
17748,difficult dog,policy_specific_5_1,p1250,45
17749,difficult dog,policy_specific_5_1,p1256,45
17750,difficult dog,policy_specific_5_1,p1258,45
17751,difficult dog,policy_specific_5_1,p1260,35
17752,difficult dog,policy_specific_5_1,p1262,25
17753,difficult dog,policy_specific_5_1,p1264,45
17754,difficult dog,policy_specific_5_1,p1265,55
17755,difficult dog,policy_specific_5_1,p1269,45
17756,difficult dog,policy_specific_5_1,p1272,45
17757,difficult dog,policy_specific_5_1,p1278,45
17758,difficult dog,policy_specific_5_1,p1281,45
17759,difficult dog,policy_specific_5_1,p1292,35
17760,difficult dog,policy_specific_5_1,p1299,35
17761,difficult dog,policy_specific_5_1,p1312,35
17762,difficult dog,policy_specific_5_1,p1322,35
17763,difficult dog,policy_specific_5_1,p1326,35
17764,difficult dog,policy_specific_5_1,p1330,35
17765,difficult dog,policy_specific_5_1,p1335,45
17766,difficult dog,policy_specific_5_1,p1337,45
17767,difficult dog,policy_specific_5_1,p1340,45
17768,difficult dog,policy_specific_5_1,p1345,45
17769,difficult dog,policy_specific_5_1,p1351,35
17770,difficult dog,policy_specific_5_1,p1355,35
17771,difficult dog,policy_specific_5_1,p1362,25
17772,difficult dog,policy_specific_5_1,p1365,35
17773,difficult dog,policy_specific_5_1,p1366,35
17774,difficult dog,policy_specific_5_1,p1367,35
17775,difficult dog,policy_specific_5_1,p1370,45
17776,difficult dog,policy_specific_5_1,p1371,45
17777,difficult dog,policy_specific_5_1,p1373,45
17778,difficult dog,policy_specific_5_1,p1375,25
17779,difficult dog,policy_specific_5_1,p1376,25
17780,difficult dog,policy_specific_5_1,p1379,45
17781,difficult dog,policy_specific_5_1,p1381,35
17782,difficult dog,policy_specific_5_1,p1393,45
17783,difficult dog,policy_specific_5_1,p1396,45
17784,difficult dog,policy_specific_5_1,p1398,35
17785,difficult dog,policy_specific_5_1,p1404,45
17786,difficult dog,policy_specific_5_1,p1406,45
17787,difficult dog,policy_specific_5_1,p1407,45
17788,difficult dog,policy_specific_5_1,p1409,45
17789,difficult dog,policy_specific_5_1,p1412,45
17790,difficult dog,policy_specific_5_1,p1414,55
17791,difficult dog,policy_specific_5_1,p1424,45
17792,difficult dog,policy_specific_5_1,p1425,45
17793,difficult dog,policy_specific_5_1,p1429,45
17794,difficult dog,policy_specific_5_1,p1434,45
17795,difficult dog,policy_specific_5_1,p1441,45
17796,difficult dog,policy_specific_5_1,p1445,35
17797,difficult dog,policy_specific_5_1,p1450,45
17798,difficult dog,policy_specific_5_1,p1454,45
17799,difficult dog,policy_specific_5_1,p1456,35
17800,difficult dog,policy_specific_5_1,p1457,35
17801,difficult dog,policy_specific_5_1,p1458,45
17802,difficult dog,policy_specific_5_1,p1469,45
17803,difficult dog,policy_specific_5_1,p1470,25
17804,difficult dog,policy_specific_5_1,p1481,35
17805,difficult dog,policy_specific_5_1,p1488,35
17806,difficult dog,policy_specific_5_1,p1492,35
17807,difficult dog,policy_specific_5_1,p1495,35
17808,difficult dog,policy_specific_5_1,p1497,45
17809,difficult dog,policy_specific_5_1,p1499,45
17810,difficult dog,policy_specific_5_1,p1503,45
17811,difficult dog,policy_specific_5_1,p1511,35
17812,difficult dog,policy_specific_5_1,p1512,35
17813,difficult dog,policy_specific_5_1,p1518,45
17814,difficult dog,policy_specific_5_1,p1519,35
17815,difficult dog,policy_specific_5_1,p1520,35
17816,difficult dog,policy_specific_5_1,p1524,45
17817,difficult dog,policy_specific_5_1,p1526,25
17818,difficult dog,policy_specific_5_1,p1537,45
17819,difficult dog,policy_specific_5_1,p1545,45
17820,difficult dog,policy_specific_5_1,p1547,45
17821,difficult dog,policy_specific_5_1,p1552,65
17822,difficult dog,policy_specific_5_1,p1567,45
17823,difficult dog,policy_specific_5_1,p1568,35
17824,difficult dog,policy_specific_5_1,p1579,25
17825,difficult dog,policy_specific_5_1,p1587,25
17826,difficult dog,policy_specific_5_1,p1596,35
17827,difficult dog,policy_specific_5_1,p1600,45
17828,difficult dog,policy_specific_5_1,p1603,45
17829,difficult dog,policy_specific_5_1,p1604,45
17830,difficult dog,policy_specific_5_1,p1610,45
17831,difficult dog,policy_specific_5_1,p1618,25
17832,difficult dog,policy_specific_5_1,p1619,45
17833,difficult dog,policy_specific_5_1,p1622,45
17834,difficult dog,policy_specific_5_1,p1623,25
17835,difficult dog,policy_specific_5_1,p1630,25
17836,difficult dog,policy_specific_5_1,p1641,45
17837,difficult dog,policy_specific_5_1,p1649,35
17838,difficult dog,policy_specific_5_1,p1652,45
17839,difficult dog,policy_specific_5_1,p1665,45
17840,difficult dog,policy_specific_5_1,p1669,25
17841,difficult dog,policy_specific_5_1,p1685,45
17842,difficult dog,policy_specific_5_1,p1693,45
17843,difficult dog,policy_specific_5_1,p1698,45
17844,difficult dog,policy_specific_5_1,p1704,45
17845,difficult dog,policy_specific_5_1,p1711,45
17846,difficult dog,policy_specific_5_1,p1718,25
17847,difficult dog,policy_specific_5_1,p1732,35
17848,difficult dog,policy_specific_5_1,p1739,45
17849,difficult dog,policy_specific_5_1,p1741,68
17850,difficult dog,policy_specific_5_1,p1746,35
17851,difficult dog,policy_specific_5_1,p1751,25
17852,difficult dog,policy_specific_5_1,p1754,25
17853,difficult dog,policy_specific_5_1,p1769,25
17854,difficult dog,policy_specific_5_1,p1771,45
17855,difficult dog,policy_specific_5_1,p1776,35
17856,difficult dog,policy_specific_5_1,p1780,45
17857,difficult dog,policy_specific_5_1,p1785,25
17858,difficult dog,policy_specific_5_1,p1791,65
17859,difficult dog,policy_specific_5_1,p1793,45
17860,difficult dog,policy_specific_5_1,p1796,45
17861,difficult dog,policy_specific_5_1,p1805,45
17862,difficult dog,policy_specific_5_1,p1812,45
17863,difficult dog,policy_specific_5_1,p1816,35
17864,difficult dog,policy_specific_5_1,p1819,45
17865,difficult dog,policy_specific_5_1,p1825,35
17866,difficult dog,policy_specific_5_1,p1836,45
17867,difficult dog,policy_specific_5_1,p1839,25
17868,difficult dog,policy_specific_5_1,p1861,35
17869,difficult dog,policy_specific_5_1,p1863,45
17870,difficult dog,policy_specific_5_1,p1873,35
17871,difficult dog,policy_specific_5_1,p1875,35
17872,difficult dog,policy_specific_5_1,p1876,45
17873,difficult dog,policy_specific_5_1,p1877,45
17874,difficult dog,policy_specific_5_1,p1880,35
17875,difficult dog,policy_specific_5_1,p1883,35
17876,difficult dog,policy_specific_5_1,p1889,25
17877,difficult dog,policy_specific_5_1,p1893,55
17878,difficult dog,policy_specific_5_1,p1896,35
17879,difficult dog,policy_specific_5_1,p1913,45
17880,difficult dog,policy_specific_5_1,p1922,35
17881,difficult dog,policy_specific_5_1,p1930,45
17882,difficult dog,policy_specific_5_1,p1935,45
17883,difficult dog,policy_specific_5_1,p1940,45
17884,difficult dog,policy_specific_5_1,p1948,25
17885,difficult dog,policy_specific_5_1,p1950,35
17886,difficult dog,policy_specific_5_1,p1954,35
17887,difficult dog,policy_specific_5_1,p1956,35
17888,difficult dog,policy_specific_5_1,p1958,45
17889,difficult dog,policy_specific_5_1,p1967,45
17890,difficult dog,policy_specific_5_1,p1973,65
17891,difficult dog,policy_specific_5_1,p1978,45
17892,difficult dog,policy_specific_5_1,p1983,25
17893,difficult dog,policy_specific_5_1,p1984,35
17894,difficult dog,policy_specific_5_1,p1995,35
17895,difficult dog,policy_specific_5_1,p1996,35
17896,difficult dog,policy_specific_5_1,p1997,45
17897,difficult dog,policy_specific_5_1,p2001,55
17898,difficult dog,policy_specific_5_1,p2002,45
17899,difficult dog,policy_specific_5_1,p2013,35
17900,difficult dog,policy_specific_5_1,p2014,35
17901,difficult dog,policy_specific_5_1,p2016,45
17902,difficult dog,policy_specific_5_1,p2018,35
17903,difficult dog,policy_specific_5_1,p2023,45
17904,difficult dog,policy_specific_5_1,p2025,35
17905,difficult dog,policy_specific_5_1,p2028,25
17906,difficult dog,policy_specific_5_1,p2030,45
17907,difficult dog,policy_specific_5_1,p2033,45
17908,difficult dog,policy_specific_5_1,p2040,25
17909,difficult dog,policy_specific_5_1,p2051,35
17910,difficult dog,policy_specific_5_1,p2052,35
17911,difficult dog,policy_specific_5_1,p2066,25
17912,difficult dog,policy_specific_5_1,p2067,35
17913,difficult dog,policy_specific_5_1,p2073,45
17914,difficult dog,policy_specific_5_1,p2077,42
17915,difficult dog,policy_specific_5_1,p2078,35
17916,difficult dog,policy_specific_5_1,p2086,45
17917,difficult dog,policy_specific_5_1,p2089,45
17918,difficult dog,policy_specific_5_1,p2093,25
17919,difficult dog,policy_specific_5_1,p2094,45
17920,difficult dog,policy_specific_5_1,p2111,45
17921,difficult dog,policy_specific_5_1,p2117,45
17922,difficult dog,policy_specific_5_1,p2121,45
17923,difficult dog,policy_specific_5_1,p2127,35
17924,difficult dog,policy_specific_5_1,p2141,35
17925,difficult dog,policy_specific_5_1,p2142,35
17926,difficult dog,policy_specific_5_1,p2143,45
17927,difficult dog,policy_specific_5_1,p2153,35
17928,difficult dog,policy_specific_5_1,p2155,35
17929,difficult dog,policy_specific_5_1,p2169,25
17930,difficult dog,policy_specific_5_1,p2187,45
17931,difficult dog,policy_specific_5_1,p2188,45
17932,difficult dog,policy_specific_5_1,p2197,45
17933,difficult dog,policy_specific_5_1,p2213,45
17934,difficult dog,policy_specific_5_1,p2214,45
17935,difficult dog,policy_specific_5_1,p2215,25
17936,difficult dog,policy_specific_5_1,p2220,45
17937,difficult dog,policy_specific_5_1,p2223,45
17938,difficult dog,policy_specific_5_1,p2229,45
17939,difficult dog,policy_specific_5_1,p2234,65
17940,difficult dog,policy_specific_5_1,p2237,45
17941,difficult dog,policy_specific_5_1,p2238,45
17942,difficult dog,policy_specific_5_1,p2244,45
17943,difficult dog,policy_specific_5_1,p2248,45
17944,difficult dog,policy_specific_5_1,p2252,45
17945,difficult dog,policy_specific_5_1,p2255,25
17946,difficult dog,policy_specific_5_1,p2261,25
17947,difficult dog,policy_specific_5_1,p2263,45
17948,difficult dog,policy_specific_5_1,p2273,45
17949,difficult dog,policy_specific_5_1,p2275,45
17950,difficult dog,policy_specific_5_1,p2276,45
17951,difficult dog,policy_specific_5_1,p2283,25
17952,difficult dog,policy_specific_5_1,p2287,45
17953,difficult dog,policy_specific_5_1,p2296,35
17954,difficult dog,policy_specific_5_1,p2298,45
17955,difficult dog,policy_specific_5_1,p2304,45
17956,difficult dog,policy_specific_5_1,p2310,45
17957,difficult dog,policy_specific_5_1,p2322,45
17958,difficult dog,policy_specific_5_1,p2326,45
17959,difficult dog,policy_specific_5_1,p2330,25
17960,difficult dog,policy_specific_5_1,p2331,35
17961,difficult dog,policy_specific_5_1,p2333,35
17962,difficult dog,policy_specific_5_1,p2347,55
17963,difficult dog,policy_specific_5_1,p2350,45
17964,difficult dog,policy_specific_5_1,p2351,45
17965,difficult dog,policy_specific_5_1,p2353,45
17966,difficult dog,policy_specific_5_1,p2355,45
17967,difficult dog,policy_specific_5_1,p2363,35
17968,difficult dog,policy_specific_5_1,p2378,45
17969,difficult dog,policy_specific_5_1,p2380,45
17970,difficult dog,policy_specific_5_1,p2387,45
17971,difficult dog,policy_specific_5_1,p2398,45
17972,difficult dog,policy_specific_5_1,p2400,45
17973,difficult dog,policy_specific_5_1,p2403,45
17974,difficult dog,policy_specific_5_1,p2408,35
17975,difficult dog,policy_specific_5_1,p2418,45
17976,difficult dog,policy_specific_5_1,p2426,45
17977,difficult dog,policy_specific_5_1,p2428,45
17978,difficult dog,policy_specific_5_1,p2434,45
17979,difficult dog,policy_specific_5_1,p2446,35
17980,difficult dog,policy_specific_5_1,p2452,45
17981,difficult dog,policy_specific_5_1,p2454,45
17982,difficult dog,policy_specific_5_1,p2462,45
17983,difficult dog,policy_specific_5_1,p2467,25
17984,difficult dog,policy_specific_5_1,p2482,45
17985,difficult dog,policy_specific_5_1,p2489,45
17986,difficult dog,policy_specific_5_1,p2490,45
17987,difficult dog,policy_specific_5_1,p2494,35
17988,difficult dog,policy_specific_5_1,p2502,45
17989,difficult dog,policy_specific_5_1,p2503,45
17990,difficult dog,policy_specific_5_1,p2522,45
17991,difficult dog,policy_specific_5_1,p2524,45
17992,difficult dog,policy_specific_5_1,p2533,25
17993,difficult dog,policy_specific_5_1,p2566,45
17994,difficult dog,policy_specific_5_1,p2571,45
17995,difficult dog,policy_specific_5_1,p2573,45
17996,difficult dog,policy_specific_5_1,p2582,45
17997,difficult dog,policy_specific_5_1,p2591,25
17998,difficult dog,policy_specific_5_1,p2592,45
17999,difficult dog,policy_specific_5_1,p2595,25
18000,difficult dog,policy_specific_6_1,p0016,85
18001,difficult dog,policy_specific_6_1,p0022,78
18002,difficult dog,policy_specific_6_1,p0023,85
18003,difficult dog,policy_specific_6_1,p0026,82
18004,difficult dog,policy_specific_6_1,p0034,78
18005,difficult dog,policy_specific_6_1,p0036,78
18006,difficult dog,policy_specific_6_1,p0037,78
18007,difficult dog,policy_specific_6_1,p0042,78
18008,difficult dog,policy_specific_6_1,p0057,78
18009,difficult dog,policy_specific_6_1,p0066,78
18010,difficult dog,policy_specific_6_1,p0069,75
18011,difficult dog,policy_specific_6_1,p0072,85
18012,difficult dog,policy_specific_6_1,p0073,82
18013,difficult dog,policy_specific_6_1,p0082,85
18014,difficult dog,policy_specific_6_1,p0091,85
18015,difficult dog,policy_specific_6_1,p0092,75
18016,difficult dog,policy_specific_6_1,p0093,85
18017,difficult dog,policy_specific_6_1,p0095,82
18018,difficult dog,policy_specific_6_1,p0107,78
18019,difficult dog,policy_specific_6_1,p0114,82
18020,difficult dog,policy_specific_6_1,p0116,78
18021,difficult dog,policy_specific_6_1,p0118,78
18022,difficult dog,policy_specific_6_1,p0119,85
18023,difficult dog,policy_specific_6_1,p0126,78
18024,difficult dog,policy_specific_6_1,p0129,85
18025,difficult dog,policy_specific_6_1,p0136,75
18026,difficult dog,policy_specific_6_1,p0138,75
18027,difficult dog,policy_specific_6_1,p0144,78
18028,difficult dog,policy_specific_6_1,p0150,75
18029,difficult dog,policy_specific_6_1,p0152,78
18030,difficult dog,policy_specific_6_1,p0158,75
18031,difficult dog,policy_specific_6_1,p0161,75
18032,difficult dog,policy_specific_6_1,p0164,75
18033,difficult dog,policy_specific_6_1,p0175,78
18034,difficult dog,policy_specific_6_1,p0177,78
18035,difficult dog,policy_specific_6_1,p0178,85
18036,difficult dog,policy_specific_6_1,p0181,68
18037,difficult dog,policy_specific_6_1,p0186,78
18038,difficult dog,policy_specific_6_1,p0196,78
18039,difficult dog,policy_specific_6_1,p0198,85
18040,difficult dog,policy_specific_6_1,p0202,85
18041,difficult dog,policy_specific_6_1,p0205,78
18042,difficult dog,policy_specific_6_1,p0207,75
18043,difficult dog,policy_specific_6_1,p0211,78
18044,difficult dog,policy_specific_6_1,p0227,85
18045,difficult dog,policy_specific_6_1,p0229,78
18046,difficult dog,policy_specific_6_1,p0232,85
18047,difficult dog,policy_specific_6_1,p0233,75
18048,difficult dog,policy_specific_6_1,p0237,85
18049,difficult dog,policy_specific_6_1,p0258,78
18050,difficult dog,policy_specific_6_1,p0268,65
18051,difficult dog,policy_specific_6_1,p0274,82
18052,difficult dog,policy_specific_6_1,p0275,75
18053,difficult dog,policy_specific_6_1,p0277,75
18054,difficult dog,policy_specific_6_1,p0288,85
18055,difficult dog,policy_specific_6_1,p0291,82
18056,difficult dog,policy_specific_6_1,p0307,75
18057,difficult dog,policy_specific_6_1,p0308,78
18058,difficult dog,policy_specific_6_1,p0317,75
18059,difficult dog,policy_specific_6_1,p0325,85
18060,difficult dog,policy_specific_6_1,p0327,85
18061,difficult dog,policy_specific_6_1,p0334,82
18062,difficult dog,policy_specific_6_1,p0336,85
18063,difficult dog,policy_specific_6_1,p0338,75
18064,difficult dog,policy_specific_6_1,p0342,82
18065,difficult dog,policy_specific_6_1,p0349,75
18066,difficult dog,policy_specific_6_1,p0356,85
18067,difficult dog,policy_specific_6_1,p0358,85
18068,difficult dog,policy_specific_6_1,p0363,78
18069,difficult dog,policy_specific_6_1,p0364,88
18070,difficult dog,policy_specific_6_1,p0369,82
18071,difficult dog,policy_specific_6_1,p0370,75
18072,difficult dog,policy_specific_6_1,p0371,75
18073,difficult dog,policy_specific_6_1,p0379,78
18074,difficult dog,policy_specific_6_1,p0386,82
18075,difficult dog,policy_specific_6_1,p0396,85
18076,difficult dog,policy_specific_6_1,p0403,78
18077,difficult dog,policy_specific_6_1,p0405,85
18078,difficult dog,policy_specific_6_1,p0412,82
18079,difficult dog,policy_specific_6_1,p0415,75
18080,difficult dog,policy_specific_6_1,p0416,78
18081,difficult dog,policy_specific_6_1,p0417,78
18082,difficult dog,policy_specific_6_1,p0418,75
18083,difficult dog,policy_specific_6_1,p0430,82
18084,difficult dog,policy_specific_6_1,p0431,85
18085,difficult dog,policy_specific_6_1,p0434,55
18086,difficult dog,policy_specific_6_1,p0438,85
18087,difficult dog,policy_specific_6_1,p0441,85
18088,difficult dog,policy_specific_6_1,p0442,75
18089,difficult dog,policy_specific_6_1,p0449,78
18090,difficult dog,policy_specific_6_1,p0450,85
18091,difficult dog,policy_specific_6_1,p0465,78
18092,difficult dog,policy_specific_6_1,p0471,78
18093,difficult dog,policy_specific_6_1,p0477,78
18094,difficult dog,policy_specific_6_1,p0483,78
18095,difficult dog,policy_specific_6_1,p0486,85
18096,difficult dog,policy_specific_6_1,p0487,85
18097,difficult dog,policy_specific_6_1,p0489,85
18098,difficult dog,policy_specific_6_1,p0497,65
18099,difficult dog,policy_specific_6_1,p0502,78
18100,difficult dog,policy_specific_6_1,p0503,85
18101,difficult dog,policy_specific_6_1,p0506,75
18102,difficult dog,policy_specific_6_1,p0511,85
18103,difficult dog,policy_specific_6_1,p0523,78
18104,difficult dog,policy_specific_6_1,p0534,78
18105,difficult dog,policy_specific_6_1,p0536,78
18106,difficult dog,policy_specific_6_1,p0542,75
18107,difficult dog,policy_specific_6_1,p0547,78
18108,difficult dog,policy_specific_6_1,p0553,78
18109,difficult dog,policy_specific_6_1,p0559,88
18110,difficult dog,policy_specific_6_1,p0566,82
18111,difficult dog,policy_specific_6_1,p0568,78
18112,difficult dog,policy_specific_6_1,p0570,85
18113,difficult dog,policy_specific_6_1,p0573,78
18114,difficult dog,policy_specific_6_1,p0578,78
18115,difficult dog,policy_specific_6_1,p0594,75
18116,difficult dog,policy_specific_6_1,p0597,78
18117,difficult dog,policy_specific_6_1,p0601,82
18118,difficult dog,policy_specific_6_1,p0602,75
18119,difficult dog,policy_specific_6_1,p0605,78
18120,difficult dog,policy_specific_6_1,p0615,75
18121,difficult dog,policy_specific_6_1,p0620,85
18122,difficult dog,policy_specific_6_1,p0626,78
18123,difficult dog,policy_specific_6_1,p0629,88
18124,difficult dog,policy_specific_6_1,p0633,78
18125,difficult dog,policy_specific_6_1,p0638,78
18126,difficult dog,policy_specific_6_1,p0639,82
18127,difficult dog,policy_specific_6_1,p0640,75
18128,difficult dog,policy_specific_6_1,p0655,85
18129,difficult dog,policy_specific_6_1,p0656,82
18130,difficult dog,policy_specific_6_1,p0658,75
18131,difficult dog,policy_specific_6_1,p0661,78
18132,difficult dog,policy_specific_6_1,p0669,85
18133,difficult dog,policy_specific_6_1,p0670,78
18134,difficult dog,policy_specific_6_1,p0672,78
18135,difficult dog,policy_specific_6_1,p0674,82
18136,difficult dog,policy_specific_6_1,p0678,82
18137,difficult dog,policy_specific_6_1,p0683,78
18138,difficult dog,policy_specific_6_1,p0686,78
18139,difficult dog,policy_specific_6_1,p0687,85
18140,difficult dog,policy_specific_6_1,p0698,75
18141,difficult dog,policy_specific_6_1,p0700,78
18142,difficult dog,policy_specific_6_1,p0703,78
18143,difficult dog,policy_specific_6_1,p0718,85
18144,difficult dog,policy_specific_6_1,p0744,82
18145,difficult dog,policy_specific_6_1,p0745,82
18146,difficult dog,policy_specific_6_1,p0753,75
18147,difficult dog,policy_specific_6_1,p0770,82
18148,difficult dog,policy_specific_6_1,p0771,88
18149,difficult dog,policy_specific_6_1,p0777,85
18150,difficult dog,policy_specific_6_1,p0779,78
18151,difficult dog,policy_specific_6_1,p0780,75
18152,difficult dog,policy_specific_6_1,p0783,78
18153,difficult dog,policy_specific_6_1,p0785,78
18154,difficult dog,policy_specific_6_1,p0786,75
18155,difficult dog,policy_specific_6_1,p0794,68
18156,difficult dog,policy_specific_6_1,p0798,75
18157,difficult dog,policy_specific_6_1,p0800,85
18158,difficult dog,policy_specific_6_1,p0820,78
18159,difficult dog,policy_specific_6_1,p0841,68
18160,difficult dog,policy_specific_6_1,p0849,78
18161,difficult dog,policy_specific_6_1,p0862,85
18162,difficult dog,policy_specific_6_1,p0867,85
18163,difficult dog,policy_specific_6_1,p0869,85
18164,difficult dog,policy_specific_6_1,p0872,85
18165,difficult dog,policy_specific_6_1,p0880,78
18166,difficult dog,policy_specific_6_1,p0891,78
18167,difficult dog,policy_specific_6_1,p0916,78
18168,difficult dog,policy_specific_6_1,p0917,88
18169,difficult dog,policy_specific_6_1,p0919,85
18170,difficult dog,policy_specific_6_1,p0922,78
18171,difficult dog,policy_specific_6_1,p0925,78
18172,difficult dog,policy_specific_6_1,p0927,85
18173,difficult dog,policy_specific_6_1,p0929,78
18174,difficult dog,policy_specific_6_1,p0930,85
18175,difficult dog,policy_specific_6_1,p0931,75
18176,difficult dog,policy_specific_6_1,p0933,78
18177,difficult dog,policy_specific_6_1,p0934,75
18178,difficult dog,policy_specific_6_1,p0936,85
18179,difficult dog,policy_specific_6_1,p0938,78
18180,difficult dog,policy_specific_6_1,p0939,75
18181,difficult dog,policy_specific_6_1,p0946,78
18182,difficult dog,policy_specific_6_1,p0951,78
18183,difficult dog,policy_specific_6_1,p0956,78
18184,difficult dog,policy_specific_6_1,p0962,75
18185,difficult dog,policy_specific_6_1,p0963,85
18186,difficult dog,policy_specific_6_1,p0969,65
18187,difficult dog,policy_specific_6_1,p0972,78
18188,difficult dog,policy_specific_6_1,p0975,85
18189,difficult dog,policy_specific_6_1,p0985,75
18190,difficult dog,policy_specific_6_1,p0993,85
18191,difficult dog,policy_specific_6_1,p0996,78
18192,difficult dog,policy_specific_6_1,p1011,75
18193,difficult dog,policy_specific_6_1,p1017,75
18194,difficult dog,policy_specific_6_1,p1020,82
18195,difficult dog,policy_specific_6_1,p1022,85
18196,difficult dog,policy_specific_6_1,p1024,75
18197,difficult dog,policy_specific_6_1,p1027,85
18198,difficult dog,policy_specific_6_1,p1028,85
18199,difficult dog,policy_specific_6_1,p1029,75
18200,difficult dog,policy_specific_6_1,p1032,78
18201,difficult dog,policy_specific_6_1,p1040,85
18202,difficult dog,policy_specific_6_1,p1047,85
18203,difficult dog,policy_specific_6_1,p1048,75
18204,difficult dog,policy_specific_6_1,p1053,78
18205,difficult dog,policy_specific_6_1,p1057,85
18206,difficult dog,policy_specific_6_1,p1058,75
18207,difficult dog,policy_specific_6_1,p1063,75
18208,difficult dog,policy_specific_6_1,p1064,78
18209,difficult dog,policy_specific_6_1,p1065,75
18210,difficult dog,policy_specific_6_1,p1069,75
18211,difficult dog,policy_specific_6_1,p1072,82
18212,difficult dog,policy_specific_6_1,p1073,78
18213,difficult dog,policy_specific_6_1,p1075,85
18214,difficult dog,policy_specific_6_1,p1076,78
18215,difficult dog,policy_specific_6_1,p1083,75
18216,difficult dog,policy_specific_6_1,p1089,85
18217,difficult dog,policy_specific_6_1,p1093,85
18218,difficult dog,policy_specific_6_1,p1096,78
18219,difficult dog,policy_specific_6_1,p1100,85
18220,difficult dog,policy_specific_6_1,p1106,82
18221,difficult dog,policy_specific_6_1,p1107,68
18222,difficult dog,policy_specific_6_1,p1113,85
18223,difficult dog,policy_specific_6_1,p1117,65
18224,difficult dog,policy_specific_6_1,p1120,78
18225,difficult dog,policy_specific_6_1,p1134,78
18226,difficult dog,policy_specific_6_1,p1136,75
18227,difficult dog,policy_specific_6_1,p1138,78
18228,difficult dog,policy_specific_6_1,p1144,85
18229,difficult dog,policy_specific_6_1,p1145,85
18230,difficult dog,policy_specific_6_1,p1147,85
18231,difficult dog,policy_specific_6_1,p1148,85
18232,difficult dog,policy_specific_6_1,p1154,85
18233,difficult dog,policy_specific_6_1,p1159,75
18234,difficult dog,policy_specific_6_1,p1167,85
18235,difficult dog,policy_specific_6_1,p1175,85
18236,difficult dog,policy_specific_6_1,p1178,78
18237,difficult dog,policy_specific_6_1,p1184,78
18238,difficult dog,policy_specific_6_1,p1186,82
18239,difficult dog,policy_specific_6_1,p1196,75
18240,difficult dog,policy_specific_6_1,p1197,78
18241,difficult dog,policy_specific_6_1,p1203,78
18242,difficult dog,policy_specific_6_1,p1219,78
18243,difficult dog,policy_specific_6_1,p1225,78
18244,difficult dog,policy_specific_6_1,p1234,78
18245,difficult dog,policy_specific_6_1,p1242,78
18246,difficult dog,policy_specific_6_1,p1244,85
18247,difficult dog,policy_specific_6_1,p1249,78
18248,difficult dog,policy_specific_6_1,p1250,78
18249,difficult dog,policy_specific_6_1,p1256,78
18250,difficult dog,policy_specific_6_1,p1258,88
18251,difficult dog,policy_specific_6_1,p1260,85
18252,difficult dog,policy_specific_6_1,p1262,75
18253,difficult dog,policy_specific_6_1,p1264,75
18254,difficult dog,policy_specific_6_1,p1265,78
18255,difficult dog,policy_specific_6_1,p1269,78
18256,difficult dog,policy_specific_6_1,p1272,78
18257,difficult dog,policy_specific_6_1,p1278,85
18258,difficult dog,policy_specific_6_1,p1281,85
18259,difficult dog,policy_specific_6_1,p1292,75
18260,difficult dog,policy_specific_6_1,p1299,78
18261,difficult dog,policy_specific_6_1,p1312,78
18262,difficult dog,policy_specific_6_1,p1322,85
18263,difficult dog,policy_specific_6_1,p1326,78
18264,difficult dog,policy_specific_6_1,p1330,82
18265,difficult dog,policy_specific_6_1,p1335,85
18266,difficult dog,policy_specific_6_1,p1337,85
18267,difficult dog,policy_specific_6_1,p1340,82
18268,difficult dog,policy_specific_6_1,p1345,78
18269,difficult dog,policy_specific_6_1,p1351,75
18270,difficult dog,policy_specific_6_1,p1355,75
18271,difficult dog,policy_specific_6_1,p1362,65
18272,difficult dog,policy_specific_6_1,p1365,78
18273,difficult dog,policy_specific_6_1,p1366,78
18274,difficult dog,policy_specific_6_1,p1367,78
18275,difficult dog,policy_specific_6_1,p1370,75
18276,difficult dog,policy_specific_6_1,p1371,85
18277,difficult dog,policy_specific_6_1,p1373,78
18278,difficult dog,policy_specific_6_1,p1375,75
18279,difficult dog,policy_specific_6_1,p1376,68
18280,difficult dog,policy_specific_6_1,p1379,78
18281,difficult dog,policy_specific_6_1,p1381,78
18282,difficult dog,policy_specific_6_1,p1393,78
18283,difficult dog,policy_specific_6_1,p1396,85
18284,difficult dog,policy_specific_6_1,p1398,82
18285,difficult dog,policy_specific_6_1,p1404,85
18286,difficult dog,policy_specific_6_1,p1406,78
18287,difficult dog,policy_specific_6_1,p1407,75
18288,difficult dog,policy_specific_6_1,p1409,78
18289,difficult dog,policy_specific_6_1,p1412,78
18290,difficult dog,policy_specific_6_1,p1414,85
18291,difficult dog,policy_specific_6_1,p1424,82
18292,difficult dog,policy_specific_6_1,p1425,85
18293,difficult dog,policy_specific_6_1,p1429,85
18294,difficult dog,policy_specific_6_1,p1434,85
18295,difficult dog,policy_specific_6_1,p1441,78
18296,difficult dog,policy_specific_6_1,p1445,75
18297,difficult dog,policy_specific_6_1,p1450,78
18298,difficult dog,policy_specific_6_1,p1454,85
18299,difficult dog,policy_specific_6_1,p1456,65
18300,difficult dog,policy_specific_6_1,p1457,78
18301,difficult dog,policy_specific_6_1,p1458,85
18302,difficult dog,policy_specific_6_1,p1469,78
18303,difficult dog,policy_specific_6_1,p1470,85
18304,difficult dog,policy_specific_6_1,p1481,85
18305,difficult dog,policy_specific_6_1,p1488,78
18306,difficult dog,policy_specific_6_1,p1492,75
18307,difficult dog,policy_specific_6_1,p1495,75
18308,difficult dog,policy_specific_6_1,p1497,75
18309,difficult dog,policy_specific_6_1,p1499,78
18310,difficult dog,policy_specific_6_1,p1503,82
18311,difficult dog,policy_specific_6_1,p1511,85
18312,difficult dog,policy_specific_6_1,p1512,75
18313,difficult dog,policy_specific_6_1,p1518,85
18314,difficult dog,policy_specific_6_1,p1519,75
18315,difficult dog,policy_specific_6_1,p1520,75
18316,difficult dog,policy_specific_6_1,p1524,78
18317,difficult dog,policy_specific_6_1,p1526,75
18318,difficult dog,policy_specific_6_1,p1537,78
18319,difficult dog,policy_specific_6_1,p1545,78
18320,difficult dog,policy_specific_6_1,p1547,85
18321,difficult dog,policy_specific_6_1,p1552,92
18322,difficult dog,policy_specific_6_1,p1567,78
18323,difficult dog,policy_specific_6_1,p1568,78
18324,difficult dog,policy_specific_6_1,p1579,65
18325,difficult dog,policy_specific_6_1,p1587,75
18326,difficult dog,policy_specific_6_1,p1596,75
18327,difficult dog,policy_specific_6_1,p1600,85
18328,difficult dog,policy_specific_6_1,p1603,78
18329,difficult dog,policy_specific_6_1,p1604,78
18330,difficult dog,policy_specific_6_1,p1610,75
18331,difficult dog,policy_specific_6_1,p1618,75
18332,difficult dog,policy_specific_6_1,p1619,88
18333,difficult dog,policy_specific_6_1,p1622,78
18334,difficult dog,policy_specific_6_1,p1623,75
18335,difficult dog,policy_specific_6_1,p1630,85
18336,difficult dog,policy_specific_6_1,p1641,78
18337,difficult dog,policy_specific_6_1,p1649,75
18338,difficult dog,policy_specific_6_1,p1652,78
18339,difficult dog,policy_specific_6_1,p1665,78
18340,difficult dog,policy_specific_6_1,p1669,75
18341,difficult dog,policy_specific_6_1,p1685,82
18342,difficult dog,policy_specific_6_1,p1693,78
18343,difficult dog,policy_specific_6_1,p1698,78
18344,difficult dog,policy_specific_6_1,p1704,78
18345,difficult dog,policy_specific_6_1,p1711,85
18346,difficult dog,policy_specific_6_1,p1718,68
18347,difficult dog,policy_specific_6_1,p1732,78
18348,difficult dog,policy_specific_6_1,p1739,82
18349,difficult dog,policy_specific_6_1,p1741,85
18350,difficult dog,policy_specific_6_1,p1746,68
18351,difficult dog,policy_specific_6_1,p1751,68
18352,difficult dog,policy_specific_6_1,p1754,75
18353,difficult dog,policy_specific_6_1,p1769,75
18354,difficult dog,policy_specific_6_1,p1771,78
18355,difficult dog,policy_specific_6_1,p1776,78
18356,difficult dog,policy_specific_6_1,p1780,85
18357,difficult dog,policy_specific_6_1,p1785,78
18358,difficult dog,policy_specific_6_1,p1791,85
18359,difficult dog,policy_specific_6_1,p1793,82
18360,difficult dog,policy_specific_6_1,p1796,78
18361,difficult dog,policy_specific_6_1,p1805,78
18362,difficult dog,policy_specific_6_1,p1812,85
18363,difficult dog,policy_specific_6_1,p1816,75
18364,difficult dog,policy_specific_6_1,p1819,85
18365,difficult dog,policy_specific_6_1,p1825,85
18366,difficult dog,policy_specific_6_1,p1836,82
18367,difficult dog,policy_specific_6_1,p1839,78
18368,difficult dog,policy_specific_6_1,p1861,78
18369,difficult dog,policy_specific_6_1,p1863,85
18370,difficult dog,policy_specific_6_1,p1873,78
18371,difficult dog,policy_specific_6_1,p1875,78
18372,difficult dog,policy_specific_6_1,p1876,85
18373,difficult dog,policy_specific_6_1,p1877,85
18374,difficult dog,policy_specific_6_1,p1880,78
18375,difficult dog,policy_specific_6_1,p1883,78
18376,difficult dog,policy_specific_6_1,p1889,75
18377,difficult dog,policy_specific_6_1,p1893,85
18378,difficult dog,policy_specific_6_1,p1896,85
18379,difficult dog,policy_specific_6_1,p1913,78
18380,difficult dog,policy_specific_6_1,p1922,85
18381,difficult dog,policy_specific_6_1,p1930,82
18382,difficult dog,policy_specific_6_1,p1935,85
18383,difficult dog,policy_specific_6_1,p1940,88
18384,difficult dog,policy_specific_6_1,p1948,68
18385,difficult dog,policy_specific_6_1,p1950,78
18386,difficult dog,policy_specific_6_1,p1954,78
18387,difficult dog,policy_specific_6_1,p1956,75
18388,difficult dog,policy_specific_6_1,p1958,82
18389,difficult dog,policy_specific_6_1,p1967,82
18390,difficult dog,policy_specific_6_1,p1973,92
18391,difficult dog,policy_specific_6_1,p1978,78
18392,difficult dog,policy_specific_6_1,p1983,78
18393,difficult dog,policy_specific_6_1,p1984,75
18394,difficult dog,policy_specific_6_1,p1995,75
18395,difficult dog,policy_specific_6_1,p1996,78
18396,difficult dog,policy_specific_6_1,p1997,85
18397,difficult dog,policy_specific_6_1,p2001,78
18398,difficult dog,policy_specific_6_1,p2002,75
18399,difficult dog,policy_specific_6_1,p2013,85
18400,difficult dog,policy_specific_6_1,p2014,75
18401,difficult dog,policy_specific_6_1,p2016,85
18402,difficult dog,policy_specific_6_1,p2018,75
18403,difficult dog,policy_specific_6_1,p2023,85
18404,difficult dog,policy_specific_6_1,p2025,85
18405,difficult dog,policy_specific_6_1,p2028,78
18406,difficult dog,policy_specific_6_1,p2030,85
18407,difficult dog,policy_specific_6_1,p2033,78
18408,difficult dog,policy_specific_6_1,p2040,75
18409,difficult dog,policy_specific_6_1,p2051,85
18410,difficult dog,policy_specific_6_1,p2052,78
18411,difficult dog,policy_specific_6_1,p2066,68
18412,difficult dog,policy_specific_6_1,p2067,85
18413,difficult dog,policy_specific_6_1,p2073,85
18414,difficult dog,policy_specific_6_1,p2077,78
18415,difficult dog,policy_specific_6_1,p2078,78
18416,difficult dog,policy_specific_6_1,p2086,85
18417,difficult dog,policy_specific_6_1,p2089,82
18418,difficult dog,policy_specific_6_1,p2093,45
18419,difficult dog,policy_specific_6_1,p2094,78
18420,difficult dog,policy_specific_6_1,p2111,75
18421,difficult dog,policy_specific_6_1,p2117,78
18422,difficult dog,policy_specific_6_1,p2121,78
18423,difficult dog,policy_specific_6_1,p2127,85
18424,difficult dog,policy_specific_6_1,p2141,85
18425,difficult dog,policy_specific_6_1,p2142,78
18426,difficult dog,policy_specific_6_1,p2143,82
18427,difficult dog,policy_specific_6_1,p2153,85
18428,difficult dog,policy_specific_6_1,p2155,78
18429,difficult dog,policy_specific_6_1,p2169,75
18430,difficult dog,policy_specific_6_1,p2187,78
18431,difficult dog,policy_specific_6_1,p2188,82
18432,difficult dog,policy_specific_6_1,p2197,85
18433,difficult dog,policy_specific_6_1,p2213,78
18434,difficult dog,policy_specific_6_1,p2214,78
18435,difficult dog,policy_specific_6_1,p2215,85
18436,difficult dog,policy_specific_6_1,p2220,78
18437,difficult dog,policy_specific_6_1,p2223,78
18438,difficult dog,policy_specific_6_1,p2229,78
18439,difficult dog,policy_specific_6_1,p2234,92
18440,difficult dog,policy_specific_6_1,p2237,85
18441,difficult dog,policy_specific_6_1,p2238,82
18442,difficult dog,policy_specific_6_1,p2244,82
18443,difficult dog,policy_specific_6_1,p2248,78
18444,difficult dog,policy_specific_6_1,p2252,82
18445,difficult dog,policy_specific_6_1,p2255,45
18446,difficult dog,policy_specific_6_1,p2261,75
18447,difficult dog,policy_specific_6_1,p2263,85
18448,difficult dog,policy_specific_6_1,p2273,78
18449,difficult dog,policy_specific_6_1,p2275,78
18450,difficult dog,policy_specific_6_1,p2276,78
18451,difficult dog,policy_specific_6_1,p2283,85
18452,difficult dog,policy_specific_6_1,p2287,78
18453,difficult dog,policy_specific_6_1,p2296,78
18454,difficult dog,policy_specific_6_1,p2298,75
18455,difficult dog,policy_specific_6_1,p2304,85
18456,difficult dog,policy_specific_6_1,p2310,78
18457,difficult dog,policy_specific_6_1,p2322,68
18458,difficult dog,policy_specific_6_1,p2326,82
18459,difficult dog,policy_specific_6_1,p2330,75
18460,difficult dog,policy_specific_6_1,p2331,75
18461,difficult dog,policy_specific_6_1,p2333,78
18462,difficult dog,policy_specific_6_1,p2347,85
18463,difficult dog,policy_specific_6_1,p2350,75
18464,difficult dog,policy_specific_6_1,p2351,78
18465,difficult dog,policy_specific_6_1,p2353,85
18466,difficult dog,policy_specific_6_1,p2355,85
18467,difficult dog,policy_specific_6_1,p2363,75
18468,difficult dog,policy_specific_6_1,p2378,85
18469,difficult dog,policy_specific_6_1,p2380,85
18470,difficult dog,policy_specific_6_1,p2387,78
18471,difficult dog,policy_specific_6_1,p2398,78
18472,difficult dog,policy_specific_6_1,p2400,85
18473,difficult dog,policy_specific_6_1,p2403,85
18474,difficult dog,policy_specific_6_1,p2408,78
18475,difficult dog,policy_specific_6_1,p2418,78
18476,difficult dog,policy_specific_6_1,p2426,85
18477,difficult dog,policy_specific_6_1,p2428,75
18478,difficult dog,policy_specific_6_1,p2434,78
18479,difficult dog,policy_specific_6_1,p2446,78
18480,difficult dog,policy_specific_6_1,p2452,78
18481,difficult dog,policy_specific_6_1,p2454,72
18482,difficult dog,policy_specific_6_1,p2462,85
18483,difficult dog,policy_specific_6_1,p2467,68
18484,difficult dog,policy_specific_6_1,p2482,78
18485,difficult dog,policy_specific_6_1,p2489,78
18486,difficult dog,policy_specific_6_1,p2490,78
18487,difficult dog,policy_specific_6_1,p2494,78
18488,difficult dog,policy_specific_6_1,p2502,82
18489,difficult dog,policy_specific_6_1,p2503,78
18490,difficult dog,policy_specific_6_1,p2522,85
18491,difficult dog,policy_specific_6_1,p2524,85
18492,difficult dog,policy_specific_6_1,p2533,75
18493,difficult dog,policy_specific_6_1,p2566,85
18494,difficult dog,policy_specific_6_1,p2571,85
18495,difficult dog,policy_specific_6_1,p2573,75
18496,difficult dog,policy_specific_6_1,p2582,78
18497,difficult dog,policy_specific_6_1,p2591,75
18498,difficult dog,policy_specific_6_1,p2592,78
18499,difficult dog,policy_specific_6_1,p2595,68
18500,difficult dog,policy_specific_7_1,p0016,90
18501,difficult dog,policy_specific_7_1,p0022,85
18502,difficult dog,policy_specific_7_1,p0023,92
18503,difficult dog,policy_specific_7_1,p0026,90
18504,difficult dog,policy_specific_7_1,p0034,90
18505,difficult dog,policy_specific_7_1,p0036,85
18506,difficult dog,policy_specific_7_1,p0037,90
18507,difficult dog,policy_specific_7_1,p0042,85
18508,difficult dog,policy_specific_7_1,p0057,85
18509,difficult dog,policy_specific_7_1,p0066,92
18510,difficult dog,policy_specific_7_1,p0069,90
18511,difficult dog,policy_specific_7_1,p0072,90
18512,difficult dog,policy_specific_7_1,p0073,92
18513,difficult dog,policy_specific_7_1,p0082,92
18514,difficult dog,policy_specific_7_1,p0091,92
18515,difficult dog,policy_specific_7_1,p0092,85
18516,difficult dog,policy_specific_7_1,p0093,92
18517,difficult dog,policy_specific_7_1,p0095,90
18518,difficult dog,policy_specific_7_1,p0107,85
18519,difficult dog,policy_specific_7_1,p0114,90
18520,difficult dog,policy_specific_7_1,p0116,85
18521,difficult dog,policy_specific_7_1,p0118,85
18522,difficult dog,policy_specific_7_1,p0119,85
18523,difficult dog,policy_specific_7_1,p0126,85
18524,difficult dog,policy_specific_7_1,p0129,92
18525,difficult dog,policy_specific_7_1,p0136,85
18526,difficult dog,policy_specific_7_1,p0138,85
18527,difficult dog,policy_specific_7_1,p0144,85
18528,difficult dog,policy_specific_7_1,p0150,85
18529,difficult dog,policy_specific_7_1,p0152,85
18530,difficult dog,policy_specific_7_1,p0158,85
18531,difficult dog,policy_specific_7_1,p0161,90
18532,difficult dog,policy_specific_7_1,p0164,85
18533,difficult dog,policy_specific_7_1,p0175,85
18534,difficult dog,policy_specific_7_1,p0177,90
18535,difficult dog,policy_specific_7_1,p0178,90
18536,difficult dog,policy_specific_7_1,p0181,85
18537,difficult dog,policy_specific_7_1,p0186,85
18538,difficult dog,policy_specific_7_1,p0196,92
18539,difficult dog,policy_specific_7_1,p0198,92
18540,difficult dog,policy_specific_7_1,p0202,90
18541,difficult dog,policy_specific_7_1,p0205,85
18542,difficult dog,policy_specific_7_1,p0207,90
18543,difficult dog,policy_specific_7_1,p0211,85
18544,difficult dog,policy_specific_7_1,p0227,92
18545,difficult dog,policy_specific_7_1,p0229,85
18546,difficult dog,policy_specific_7_1,p0232,92
18547,difficult dog,policy_specific_7_1,p0233,85
18548,difficult dog,policy_specific_7_1,p0237,92
18549,difficult dog,policy_specific_7_1,p0258,90
18550,difficult dog,policy_specific_7_1,p0268,85
18551,difficult dog,policy_specific_7_1,p0274,90
18552,difficult dog,policy_specific_7_1,p0275,85
18553,difficult dog,policy_specific_7_1,p0277,85
18554,difficult dog,policy_specific_7_1,p0288,90
18555,difficult dog,policy_specific_7_1,p0291,92
18556,difficult dog,policy_specific_7_1,p0307,85
18557,difficult dog,policy_specific_7_1,p0308,85
18558,difficult dog,policy_specific_7_1,p0317,85
18559,difficult dog,policy_specific_7_1,p0325,92
18560,difficult dog,policy_specific_7_1,p0327,92
18561,difficult dog,policy_specific_7_1,p0334,90
18562,difficult dog,policy_specific_7_1,p0336,92
18563,difficult dog,policy_specific_7_1,p0338,85
18564,difficult dog,policy_specific_7_1,p0342,92
18565,difficult dog,policy_specific_7_1,p0349,85
18566,difficult dog,policy_specific_7_1,p0356,90
18567,difficult dog,policy_specific_7_1,p0358,85
18568,difficult dog,policy_specific_7_1,p0363,85
18569,difficult dog,policy_specific_7_1,p0364,92
18570,difficult dog,policy_specific_7_1,p0369,90
18571,difficult dog,policy_specific_7_1,p0370,85
18572,difficult dog,policy_specific_7_1,p0371,85
18573,difficult dog,policy_specific_7_1,p0379,85
18574,difficult dog,policy_specific_7_1,p0386,90
18575,difficult dog,policy_specific_7_1,p0396,85
18576,difficult dog,policy_specific_7_1,p0403,92
18577,difficult dog,policy_specific_7_1,p0405,92
18578,difficult dog,policy_specific_7_1,p0412,90
18579,difficult dog,policy_specific_7_1,p0415,85
18580,difficult dog,policy_specific_7_1,p0416,85
18581,difficult dog,policy_specific_7_1,p0417,85
18582,difficult dog,policy_specific_7_1,p0418,75
18583,difficult dog,policy_specific_7_1,p0430,90
18584,difficult dog,policy_specific_7_1,p0431,92
18585,difficult dog,policy_specific_7_1,p0434,85
18586,difficult dog,policy_specific_7_1,p0438,92
18587,difficult dog,policy_specific_7_1,p0441,92
18588,difficult dog,policy_specific_7_1,p0442,85
18589,difficult dog,policy_specific_7_1,p0449,85
18590,difficult dog,policy_specific_7_1,p0450,90
18591,difficult dog,policy_specific_7_1,p0465,85
18592,difficult dog,policy_specific_7_1,p0471,85
18593,difficult dog,policy_specific_7_1,p0477,85
18594,difficult dog,policy_specific_7_1,p0483,85
18595,difficult dog,policy_specific_7_1,p0486,90
18596,difficult dog,policy_specific_7_1,p0487,92
18597,difficult dog,policy_specific_7_1,p0489,92
18598,difficult dog,policy_specific_7_1,p0497,90
18599,difficult dog,policy_specific_7_1,p0502,85
18600,difficult dog,policy_specific_7_1,p0503,92
18601,difficult dog,policy_specific_7_1,p0506,85
18602,difficult dog,policy_specific_7_1,p0511,90
18603,difficult dog,policy_specific_7_1,p0523,85
18604,difficult dog,policy_specific_7_1,p0534,92
18605,difficult dog,policy_specific_7_1,p0536,85
18606,difficult dog,policy_specific_7_1,p0542,90
18607,difficult dog,policy_specific_7_1,p0547,90
18608,difficult dog,policy_specific_7_1,p0553,90
18609,difficult dog,policy_specific_7_1,p0559,92
18610,difficult dog,policy_specific_7_1,p0566,92
18611,difficult dog,policy_specific_7_1,p0568,85
18612,difficult dog,policy_specific_7_1,p0570,90
18613,difficult dog,policy_specific_7_1,p0573,85
18614,difficult dog,policy_specific_7_1,p0578,85
18615,difficult dog,policy_specific_7_1,p0594,85
18616,difficult dog,policy_specific_7_1,p0597,85
18617,difficult dog,policy_specific_7_1,p0601,92
18618,difficult dog,policy_specific_7_1,p0602,75
18619,difficult dog,policy_specific_7_1,p0605,85
18620,difficult dog,policy_specific_7_1,p0615,75
18621,difficult dog,policy_specific_7_1,p0620,85
18622,difficult dog,policy_specific_7_1,p0626,90
18623,difficult dog,policy_specific_7_1,p0629,92
18624,difficult dog,policy_specific_7_1,p0633,85
18625,difficult dog,policy_specific_7_1,p0638,85
18626,difficult dog,policy_specific_7_1,p0639,90
18627,difficult dog,policy_specific_7_1,p0640,85
18628,difficult dog,policy_specific_7_1,p0655,92
18629,difficult dog,policy_specific_7_1,p0656,90
18630,difficult dog,policy_specific_7_1,p0658,92
18631,difficult dog,policy_specific_7_1,p0661,85
18632,difficult dog,policy_specific_7_1,p0669,85
18633,difficult dog,policy_specific_7_1,p0670,85
18634,difficult dog,policy_specific_7_1,p0672,92
18635,difficult dog,policy_specific_7_1,p0674,90
18636,difficult dog,policy_specific_7_1,p0678,90
18637,difficult dog,policy_specific_7_1,p0683,85
18638,difficult dog,policy_specific_7_1,p0686,85
18639,difficult dog,policy_specific_7_1,p0687,92
18640,difficult dog,policy_specific_7_1,p0698,85
18641,difficult dog,policy_specific_7_1,p0700,85
18642,difficult dog,policy_specific_7_1,p0703,85
18643,difficult dog,policy_specific_7_1,p0718,85
18644,difficult dog,policy_specific_7_1,p0744,90
18645,difficult dog,policy_specific_7_1,p0745,92
18646,difficult dog,policy_specific_7_1,p0753,85
18647,difficult dog,policy_specific_7_1,p0770,92
18648,difficult dog,policy_specific_7_1,p0771,92
18649,difficult dog,policy_specific_7_1,p0777,92
18650,difficult dog,policy_specific_7_1,p0779,92
18651,difficult dog,policy_specific_7_1,p0780,85
18652,difficult dog,policy_specific_7_1,p0783,85
18653,difficult dog,policy_specific_7_1,p0785,85
18654,difficult dog,policy_specific_7_1,p0786,85
18655,difficult dog,policy_specific_7_1,p0794,85
18656,difficult dog,policy_specific_7_1,p0798,90
18657,difficult dog,policy_specific_7_1,p0800,90
18658,difficult dog,policy_specific_7_1,p0820,85
18659,difficult dog,policy_specific_7_1,p0841,90
18660,difficult dog,policy_specific_7_1,p0849,85
18661,difficult dog,policy_specific_7_1,p0862,90
18662,difficult dog,policy_specific_7_1,p0867,92
18663,difficult dog,policy_specific_7_1,p0869,85
18664,difficult dog,policy_specific_7_1,p0872,92
18665,difficult dog,policy_specific_7_1,p0880,85
18666,difficult dog,policy_specific_7_1,p0891,85
18667,difficult dog,policy_specific_7_1,p0916,90
18668,difficult dog,policy_specific_7_1,p0917,85
18669,difficult dog,policy_specific_7_1,p0919,90
18670,difficult dog,policy_specific_7_1,p0922,85
18671,difficult dog,policy_specific_7_1,p0925,85
18672,difficult dog,policy_specific_7_1,p0927,92
18673,difficult dog,policy_specific_7_1,p0929,85
18674,difficult dog,policy_specific_7_1,p0930,92
18675,difficult dog,policy_specific_7_1,p0931,85
18676,difficult dog,policy_specific_7_1,p0933,92
18677,difficult dog,policy_specific_7_1,p0934,90
18678,difficult dog,policy_specific_7_1,p0936,85
18679,difficult dog,policy_specific_7_1,p0938,90
18680,difficult dog,policy_specific_7_1,p0939,85
18681,difficult dog,policy_specific_7_1,p0946,85
18682,difficult dog,policy_specific_7_1,p0951,85
18683,difficult dog,policy_specific_7_1,p0956,85
18684,difficult dog,policy_specific_7_1,p0962,85
18685,difficult dog,policy_specific_7_1,p0963,85
18686,difficult dog,policy_specific_7_1,p0969,92
18687,difficult dog,policy_specific_7_1,p0972,85
18688,difficult dog,policy_specific_7_1,p0975,92
18689,difficult dog,policy_specific_7_1,p0985,85
18690,difficult dog,policy_specific_7_1,p0993,95
18691,difficult dog,policy_specific_7_1,p0996,85
18692,difficult dog,policy_specific_7_1,p1011,85
18693,difficult dog,policy_specific_7_1,p1017,92
18694,difficult dog,policy_specific_7_1,p1020,92
18695,difficult dog,policy_specific_7_1,p1022,90
18696,difficult dog,policy_specific_7_1,p1024,85
18697,difficult dog,policy_specific_7_1,p1027,92
18698,difficult dog,policy_specific_7_1,p1028,90
18699,difficult dog,policy_specific_7_1,p1029,85
18700,difficult dog,policy_specific_7_1,p1032,85
18701,difficult dog,policy_specific_7_1,p1040,90
18702,difficult dog,policy_specific_7_1,p1047,90
18703,difficult dog,policy_specific_7_1,p1048,85
18704,difficult dog,policy_specific_7_1,p1053,85
18705,difficult dog,policy_specific_7_1,p1057,90
18706,difficult dog,policy_specific_7_1,p1058,90
18707,difficult dog,policy_specific_7_1,p1063,92
18708,difficult dog,policy_specific_7_1,p1064,90
18709,difficult dog,policy_specific_7_1,p1065,85
18710,difficult dog,policy_specific_7_1,p1069,85
18711,difficult dog,policy_specific_7_1,p1072,90
18712,difficult dog,policy_specific_7_1,p1073,85
18713,difficult dog,policy_specific_7_1,p1075,85
18714,difficult dog,policy_specific_7_1,p1076,85
18715,difficult dog,policy_specific_7_1,p1083,85
18716,difficult dog,policy_specific_7_1,p1089,92
18717,difficult dog,policy_specific_7_1,p1093,90
18718,difficult dog,policy_specific_7_1,p1096,90
18719,difficult dog,policy_specific_7_1,p1100,92
18720,difficult dog,policy_specific_7_1,p1106,92
18721,difficult dog,policy_specific_7_1,p1107,85
18722,difficult dog,policy_specific_7_1,p1113,90
18723,difficult dog,policy_specific_7_1,p1117,85
18724,difficult dog,policy_specific_7_1,p1120,85
18725,difficult dog,policy_specific_7_1,p1134,85
18726,difficult dog,policy_specific_7_1,p1136,85
18727,difficult dog,policy_specific_7_1,p1138,90
18728,difficult dog,policy_specific_7_1,p1144,90
18729,difficult dog,policy_specific_7_1,p1145,90
18730,difficult dog,policy_specific_7_1,p1147,92
18731,difficult dog,policy_specific_7_1,p1148,92
18732,difficult dog,policy_specific_7_1,p1154,95
18733,difficult dog,policy_specific_7_1,p1159,92
18734,difficult dog,policy_specific_7_1,p1167,92
18735,difficult dog,policy_specific_7_1,p1175,92
18736,difficult dog,policy_specific_7_1,p1178,85
18737,difficult dog,policy_specific_7_1,p1184,85
18738,difficult dog,policy_specific_7_1,p1186,85
18739,difficult dog,policy_specific_7_1,p1196,85
18740,difficult dog,policy_specific_7_1,p1197,85
18741,difficult dog,policy_specific_7_1,p1203,85
18742,difficult dog,policy_specific_7_1,p1219,85
18743,difficult dog,policy_specific_7_1,p1225,92
18744,difficult dog,policy_specific_7_1,p1234,85
18745,difficult dog,policy_specific_7_1,p1242,90
18746,difficult dog,policy_specific_7_1,p1244,90
18747,difficult dog,policy_specific_7_1,p1249,85
18748,difficult dog,policy_specific_7_1,p1250,85
18749,difficult dog,policy_specific_7_1,p1256,85
18750,difficult dog,policy_specific_7_1,p1258,90
18751,difficult dog,policy_specific_7_1,p1260,85
18752,difficult dog,policy_specific_7_1,p1262,85
18753,difficult dog,policy_specific_7_1,p1264,85
18754,difficult dog,policy_specific_7_1,p1265,90
18755,difficult dog,policy_specific_7_1,p1269,85
18756,difficult dog,policy_specific_7_1,p1272,90
18757,difficult dog,policy_specific_7_1,p1278,92
18758,difficult dog,policy_specific_7_1,p1281,90
18759,difficult dog,policy_specific_7_1,p1292,85
18760,difficult dog,policy_specific_7_1,p1299,85
18761,difficult dog,policy_specific_7_1,p1312,85
18762,difficult dog,policy_specific_7_1,p1322,90
18763,difficult dog,policy_specific_7_1,p1326,85
18764,difficult dog,policy_specific_7_1,p1330,92
18765,difficult dog,policy_specific_7_1,p1335,92
18766,difficult dog,policy_specific_7_1,p1337,90
18767,difficult dog,policy_specific_7_1,p1340,92
18768,difficult dog,policy_specific_7_1,p1345,85
18769,difficult dog,policy_specific_7_1,p1351,85
18770,difficult dog,policy_specific_7_1,p1355,85
18771,difficult dog,policy_specific_7_1,p1362,90
18772,difficult dog,policy_specific_7_1,p1365,85
18773,difficult dog,policy_specific_7_1,p1366,85
18774,difficult dog,policy_specific_7_1,p1367,85
18775,difficult dog,policy_specific_7_1,p1370,85
18776,difficult dog,policy_specific_7_1,p1371,90
18777,difficult dog,policy_specific_7_1,p1373,90
18778,difficult dog,policy_specific_7_1,p1375,85
18779,difficult dog,policy_specific_7_1,p1376,90
18780,difficult dog,policy_specific_7_1,p1379,85
18781,difficult dog,policy_specific_7_1,p1381,85
18782,difficult dog,policy_specific_7_1,p1393,92
18783,difficult dog,policy_specific_7_1,p1396,95
18784,difficult dog,policy_specific_7_1,p1398,92
18785,difficult dog,policy_specific_7_1,p1404,90
18786,difficult dog,policy_specific_7_1,p1406,85
18787,difficult dog,policy_specific_7_1,p1407,85
18788,difficult dog,policy_specific_7_1,p1409,85
18789,difficult dog,policy_specific_7_1,p1412,92
18790,difficult dog,policy_specific_7_1,p1414,90
18791,difficult dog,policy_specific_7_1,p1424,92
18792,difficult dog,policy_specific_7_1,p1425,85
18793,difficult dog,policy_specific_7_1,p1429,85
18794,difficult dog,policy_specific_7_1,p1434,92
18795,difficult dog,policy_specific_7_1,p1441,85
18796,difficult dog,policy_specific_7_1,p1445,85
18797,difficult dog,policy_specific_7_1,p1450,92
18798,difficult dog,policy_specific_7_1,p1454,92
18799,difficult dog,policy_specific_7_1,p1456,90
18800,difficult dog,policy_specific_7_1,p1457,90
18801,difficult dog,policy_specific_7_1,p1458,92
18802,difficult dog,policy_specific_7_1,p1469,85
18803,difficult dog,policy_specific_7_1,p1470,90
18804,difficult dog,policy_specific_7_1,p1481,90
18805,difficult dog,policy_specific_7_1,p1488,92
18806,difficult dog,policy_specific_7_1,p1492,85
18807,difficult dog,policy_specific_7_1,p1495,85
18808,difficult dog,policy_specific_7_1,p1497,85
18809,difficult dog,policy_specific_7_1,p1499,90
18810,difficult dog,policy_specific_7_1,p1503,90
18811,difficult dog,policy_specific_7_1,p1511,92
18812,difficult dog,policy_specific_7_1,p1512,85
18813,difficult dog,policy_specific_7_1,p1518,90
18814,difficult dog,policy_specific_7_1,p1519,85
18815,difficult dog,policy_specific_7_1,p1520,85
18816,difficult dog,policy_specific_7_1,p1524,85
18817,difficult dog,policy_specific_7_1,p1526,85
18818,difficult dog,policy_specific_7_1,p1537,85
18819,difficult dog,policy_specific_7_1,p1545,85
18820,difficult dog,policy_specific_7_1,p1547,92
18821,difficult dog,policy_specific_7_1,p1552,90
18822,difficult dog,policy_specific_7_1,p1567,90
18823,difficult dog,policy_specific_7_1,p1568,85
18824,difficult dog,policy_specific_7_1,p1579,75
18825,difficult dog,policy_specific_7_1,p1587,85
18826,difficult dog,policy_specific_7_1,p1596,85
18827,difficult dog,policy_specific_7_1,p1600,92
18828,difficult dog,policy_specific_7_1,p1603,85
18829,difficult dog,policy_specific_7_1,p1604,85
18830,difficult dog,policy_specific_7_1,p1610,85
18831,difficult dog,policy_specific_7_1,p1618,85
18832,difficult dog,policy_specific_7_1,p1619,92
18833,difficult dog,policy_specific_7_1,p1622,90
18834,difficult dog,policy_specific_7_1,p1623,90
18835,difficult dog,policy_specific_7_1,p1630,85
18836,difficult dog,policy_specific_7_1,p1641,90
18837,difficult dog,policy_specific_7_1,p1649,90
18838,difficult dog,policy_specific_7_1,p1652,85
18839,difficult dog,policy_specific_7_1,p1665,85
18840,difficult dog,policy_specific_7_1,p1669,92
18841,difficult dog,policy_specific_7_1,p1685,90
18842,difficult dog,policy_specific_7_1,p1693,85
18843,difficult dog,policy_specific_7_1,p1698,90
18844,difficult dog,policy_specific_7_1,p1704,85
18845,difficult dog,policy_specific_7_1,p1711,92
18846,difficult dog,policy_specific_7_1,p1718,85
18847,difficult dog,policy_specific_7_1,p1732,85
18848,difficult dog,policy_specific_7_1,p1739,92
18849,difficult dog,policy_specific_7_1,p1741,92
18850,difficult dog,policy_specific_7_1,p1746,85
18851,difficult dog,policy_specific_7_1,p1751,90
18852,difficult dog,policy_specific_7_1,p1754,85
18853,difficult dog,policy_specific_7_1,p1769,85
18854,difficult dog,policy_specific_7_1,p1771,85
18855,difficult dog,policy_specific_7_1,p1776,85
18856,difficult dog,policy_specific_7_1,p1780,92
18857,difficult dog,policy_specific_7_1,p1785,85
18858,difficult dog,policy_specific_7_1,p1791,92
18859,difficult dog,policy_specific_7_1,p1793,90
18860,difficult dog,policy_specific_7_1,p1796,90
18861,difficult dog,policy_specific_7_1,p1805,85
18862,difficult dog,policy_specific_7_1,p1812,92
18863,difficult dog,policy_specific_7_1,p1816,85
18864,difficult dog,policy_specific_7_1,p1819,92
18865,difficult dog,policy_specific_7_1,p1825,92
18866,difficult dog,policy_specific_7_1,p1836,90
18867,difficult dog,policy_specific_7_1,p1839,92
18868,difficult dog,policy_specific_7_1,p1861,90
18869,difficult dog,policy_specific_7_1,p1863,92
18870,difficult dog,policy_specific_7_1,p1873,85
18871,difficult dog,policy_specific_7_1,p1875,85
18872,difficult dog,policy_specific_7_1,p1876,92
18873,difficult dog,policy_specific_7_1,p1877,90
18874,difficult dog,policy_specific_7_1,p1880,85
18875,difficult dog,policy_specific_7_1,p1883,90
18876,difficult dog,policy_specific_7_1,p1889,90
18877,difficult dog,policy_specific_7_1,p1893,90
18878,difficult dog,policy_specific_7_1,p1896,92
18879,difficult dog,policy_specific_7_1,p1913,85
18880,difficult dog,policy_specific_7_1,p1922,90
18881,difficult dog,policy_specific_7_1,p1930,92
18882,difficult dog,policy_specific_7_1,p1935,85
18883,difficult dog,policy_specific_7_1,p1940,92
18884,difficult dog,policy_specific_7_1,p1948,85
18885,difficult dog,policy_specific_7_1,p1950,85
18886,difficult dog,policy_specific_7_1,p1954,85
18887,difficult dog,policy_specific_7_1,p1956,85
18888,difficult dog,policy_specific_7_1,p1958,90
18889,difficult dog,policy_specific_7_1,p1967,92
18890,difficult dog,policy_specific_7_1,p1973,95
18891,difficult dog,policy_specific_7_1,p1978,85
18892,difficult dog,policy_specific_7_1,p1983,85
18893,difficult dog,policy_specific_7_1,p1984,85
18894,difficult dog,policy_specific_7_1,p1995,90
18895,difficult dog,policy_specific_7_1,p1996,85
18896,difficult dog,policy_specific_7_1,p1997,92
18897,difficult dog,policy_specific_7_1,p2001,85
18898,difficult dog,policy_specific_7_1,p2002,85
18899,difficult dog,policy_specific_7_1,p2013,92
18900,difficult dog,policy_specific_7_1,p2014,85
18901,difficult dog,policy_specific_7_1,p2016,92
18902,difficult dog,policy_specific_7_1,p2018,85
18903,difficult dog,policy_specific_7_1,p2023,92
18904,difficult dog,policy_specific_7_1,p2025,95
18905,difficult dog,policy_specific_7_1,p2028,90
18906,difficult dog,policy_specific_7_1,p2030,90
18907,difficult dog,policy_specific_7_1,p2033,85
18908,difficult dog,policy_specific_7_1,p2040,85
18909,difficult dog,policy_specific_7_1,p2051,90
18910,difficult dog,policy_specific_7_1,p2052,85
18911,difficult dog,policy_specific_7_1,p2066,75
18912,difficult dog,policy_specific_7_1,p2067,90
18913,difficult dog,policy_specific_7_1,p2073,92
18914,difficult dog,policy_specific_7_1,p2077,85
18915,difficult dog,policy_specific_7_1,p2078,85
18916,difficult dog,policy_specific_7_1,p2086,85
18917,difficult dog,policy_specific_7_1,p2089,90
18918,difficult dog,policy_specific_7_1,p2093,85
18919,difficult dog,policy_specific_7_1,p2094,90
18920,difficult dog,policy_specific_7_1,p2111,85
18921,difficult dog,policy_specific_7_1,p2117,85
18922,difficult dog,policy_specific_7_1,p2121,90
18923,difficult dog,policy_specific_7_1,p2127,90
18924,difficult dog,policy_specific_7_1,p2141,92
18925,difficult dog,policy_specific_7_1,p2142,85
18926,difficult dog,policy_specific_7_1,p2143,92
18927,difficult dog,policy_specific_7_1,p2153,92
18928,difficult dog,policy_specific_7_1,p2155,85
18929,difficult dog,policy_specific_7_1,p2169,85
18930,difficult dog,policy_specific_7_1,p2187,92
18931,difficult dog,policy_specific_7_1,p2188,92
18932,difficult dog,policy_specific_7_1,p2197,85
18933,difficult dog,policy_specific_7_1,p2213,85
18934,difficult dog,policy_specific_7_1,p2214,85
18935,difficult dog,policy_specific_7_1,p2215,90
18936,difficult dog,policy_specific_7_1,p2220,85
18937,difficult dog,policy_specific_7_1,p2223,85
18938,difficult dog,policy_specific_7_1,p2229,85
18939,difficult dog,policy_specific_7_1,p2234,95
18940,difficult dog,policy_specific_7_1,p2237,92
18941,difficult dog,policy_specific_7_1,p2238,92
18942,difficult dog,policy_specific_7_1,p2244,92
18943,difficult dog,policy_specific_7_1,p2248,85
18944,difficult dog,policy_specific_7_1,p2252,92
18945,difficult dog,policy_specific_7_1,p2255,85
18946,difficult dog,policy_specific_7_1,p2261,85
18947,difficult dog,policy_specific_7_1,p2263,85
18948,difficult dog,policy_specific_7_1,p2273,92
18949,difficult dog,policy_specific_7_1,p2275,85
18950,difficult dog,policy_specific_7_1,p2276,85
18951,difficult dog,policy_specific_7_1,p2283,85
18952,difficult dog,policy_specific_7_1,p2287,90
18953,difficult dog,policy_specific_7_1,p2296,85
18954,difficult dog,policy_specific_7_1,p2298,85
18955,difficult dog,policy_specific_7_1,p2304,85
18956,difficult dog,policy_specific_7_1,p2310,85
18957,difficult dog,policy_specific_7_1,p2322,85
18958,difficult dog,policy_specific_7_1,p2326,92
18959,difficult dog,policy_specific_7_1,p2330,85
18960,difficult dog,policy_specific_7_1,p2331,90
18961,difficult dog,policy_specific_7_1,p2333,92
18962,difficult dog,policy_specific_7_1,p2347,90
18963,difficult dog,policy_specific_7_1,p2350,90
18964,difficult dog,policy_specific_7_1,p2351,85
18965,difficult dog,policy_specific_7_1,p2353,90
18966,difficult dog,policy_specific_7_1,p2355,90
18967,difficult dog,policy_specific_7_1,p2363,90
18968,difficult dog,policy_specific_7_1,p2378,92
18969,difficult dog,policy_specific_7_1,p2380,90
18970,difficult dog,policy_specific_7_1,p2387,85
18971,difficult dog,policy_specific_7_1,p2398,85
18972,difficult dog,policy_specific_7_1,p2400,92
18973,difficult dog,policy_specific_7_1,p2403,92
18974,difficult dog,policy_specific_7_1,p2408,85
18975,difficult dog,policy_specific_7_1,p2418,92
18976,difficult dog,policy_specific_7_1,p2426,90
18977,difficult dog,policy_specific_7_1,p2428,85
18978,difficult dog,policy_specific_7_1,p2434,92
18979,difficult dog,policy_specific_7_1,p2446,85
18980,difficult dog,policy_specific_7_1,p2452,85
18981,difficult dog,policy_specific_7_1,p2454,85
18982,difficult dog,policy_specific_7_1,p2462,85
18983,difficult dog,policy_specific_7_1,p2467,90
18984,difficult dog,policy_specific_7_1,p2482,85
18985,difficult dog,policy_specific_7_1,p2489,85
18986,difficult dog,policy_specific_7_1,p2490,75
18987,difficult dog,policy_specific_7_1,p2494,85
18988,difficult dog,policy_specific_7_1,p2502,85
18989,difficult dog,policy_specific_7_1,p2503,85
18990,difficult dog,policy_specific_7_1,p2522,90
18991,difficult dog,policy_specific_7_1,p2524,92
18992,difficult dog,policy_specific_7_1,p2533,90
18993,difficult dog,policy_specific_7_1,p2566,85
18994,difficult dog,policy_specific_7_1,p2571,85
18995,difficult dog,policy_specific_7_1,p2573,85
18996,difficult dog,policy_specific_7_1,p2582,92
18997,difficult dog,policy_specific_7_1,p2591,90
18998,difficult dog,policy_specific_7_1,p2592,85
18999,difficult dog,policy_specific_7_1,p2595,85
19000,difficult dog,individual_meat_1,p0016,35
19001,difficult dog,individual_meat_1,p0022,45
19002,difficult dog,individual_meat_1,p0023,45
19003,difficult dog,individual_meat_1,p0026,35
19004,difficult dog,individual_meat_1,p0034,35
19005,difficult dog,individual_meat_1,p0036,35
19006,difficult dog,individual_meat_1,p0037,35
19007,difficult dog,individual_meat_1,p0042,35
19008,difficult dog,individual_meat_1,p0057,45
19009,difficult dog,individual_meat_1,p0066,35
19010,difficult dog,individual_meat_1,p0069,35
19011,difficult dog,individual_meat_1,p0072,35
19012,difficult dog,individual_meat_1,p0073,45
19013,difficult dog,individual_meat_1,p0082,35
19014,difficult dog,individual_meat_1,p0091,45
19015,difficult dog,individual_meat_1,p0092,35
19016,difficult dog,individual_meat_1,p0093,45
19017,difficult dog,individual_meat_1,p0095,35
19018,difficult dog,individual_meat_1,p0107,35
19019,difficult dog,individual_meat_1,p0114,35
19020,difficult dog,individual_meat_1,p0116,45
19021,difficult dog,individual_meat_1,p0118,35
19022,difficult dog,individual_meat_1,p0119,35
19023,difficult dog,individual_meat_1,p0126,35
19024,difficult dog,individual_meat_1,p0129,35
19025,difficult dog,individual_meat_1,p0136,35
19026,difficult dog,individual_meat_1,p0138,35
19027,difficult dog,individual_meat_1,p0144,45
19028,difficult dog,individual_meat_1,p0150,35
19029,difficult dog,individual_meat_1,p0152,35
19030,difficult dog,individual_meat_1,p0158,35
19031,difficult dog,individual_meat_1,p0161,35
19032,difficult dog,individual_meat_1,p0164,35
19033,difficult dog,individual_meat_1,p0175,35
19034,difficult dog,individual_meat_1,p0177,35
19035,difficult dog,individual_meat_1,p0178,35
19036,difficult dog,individual_meat_1,p0181,35
19037,difficult dog,individual_meat_1,p0186,45
19038,difficult dog,individual_meat_1,p0196,45
19039,difficult dog,individual_meat_1,p0198,35
19040,difficult dog,individual_meat_1,p0202,35
19041,difficult dog,individual_meat_1,p0205,35
19042,difficult dog,individual_meat_1,p0207,25
19043,difficult dog,individual_meat_1,p0211,25
19044,difficult dog,individual_meat_1,p0227,45
19045,difficult dog,individual_meat_1,p0229,35
19046,difficult dog,individual_meat_1,p0232,35
19047,difficult dog,individual_meat_1,p0233,35
19048,difficult dog,individual_meat_1,p0237,45
19049,difficult dog,individual_meat_1,p0258,35
19050,difficult dog,individual_meat_1,p0268,25
19051,difficult dog,individual_meat_1,p0274,45
19052,difficult dog,individual_meat_1,p0275,35
19053,difficult dog,individual_meat_1,p0277,35
19054,difficult dog,individual_meat_1,p0288,35
19055,difficult dog,individual_meat_1,p0291,35
19056,difficult dog,individual_meat_1,p0307,35
19057,difficult dog,individual_meat_1,p0308,35
19058,difficult dog,individual_meat_1,p0317,35
19059,difficult dog,individual_meat_1,p0325,45
19060,difficult dog,individual_meat_1,p0327,45
19061,difficult dog,individual_meat_1,p0334,35
19062,difficult dog,individual_meat_1,p0336,35
19063,difficult dog,individual_meat_1,p0338,35
19064,difficult dog,individual_meat_1,p0342,45
19065,difficult dog,individual_meat_1,p0349,35
19066,difficult dog,individual_meat_1,p0356,35
19067,difficult dog,individual_meat_1,p0358,45
19068,difficult dog,individual_meat_1,p0363,35
19069,difficult dog,individual_meat_1,p0364,45
19070,difficult dog,individual_meat_1,p0369,45
19071,difficult dog,individual_meat_1,p0370,35
19072,difficult dog,individual_meat_1,p0371,35
19073,difficult dog,individual_meat_1,p0379,35
19074,difficult dog,individual_meat_1,p0386,45
19075,difficult dog,individual_meat_1,p0396,35
19076,difficult dog,individual_meat_1,p0403,45
19077,difficult dog,individual_meat_1,p0405,35
19078,difficult dog,individual_meat_1,p0412,35
19079,difficult dog,individual_meat_1,p0415,35
19080,difficult dog,individual_meat_1,p0416,45
19081,difficult dog,individual_meat_1,p0417,35
19082,difficult dog,individual_meat_1,p0418,35
19083,difficult dog,individual_meat_1,p0430,35
19084,difficult dog,individual_meat_1,p0431,45
19085,difficult dog,individual_meat_1,p0434,25
19086,difficult dog,individual_meat_1,p0438,35
19087,difficult dog,individual_meat_1,p0441,45
19088,difficult dog,individual_meat_1,p0442,35
19089,difficult dog,individual_meat_1,p0449,35
19090,difficult dog,individual_meat_1,p0450,35
19091,difficult dog,individual_meat_1,p0465,35
19092,difficult dog,individual_meat_1,p0471,35
19093,difficult dog,individual_meat_1,p0477,35
19094,difficult dog,individual_meat_1,p0483,45
19095,difficult dog,individual_meat_1,p0486,35
19096,difficult dog,individual_meat_1,p0487,45
19097,difficult dog,individual_meat_1,p0489,35
19098,difficult dog,individual_meat_1,p0497,25
19099,difficult dog,individual_meat_1,p0502,35
19100,difficult dog,individual_meat_1,p0503,45
19101,difficult dog,individual_meat_1,p0506,45
19102,difficult dog,individual_meat_1,p0511,35
19103,difficult dog,individual_meat_1,p0523,35
19104,difficult dog,individual_meat_1,p0534,35
19105,difficult dog,individual_meat_1,p0536,35
19106,difficult dog,individual_meat_1,p0542,25
19107,difficult dog,individual_meat_1,p0547,45
19108,difficult dog,individual_meat_1,p0553,35
19109,difficult dog,individual_meat_1,p0559,35
19110,difficult dog,individual_meat_1,p0566,45
19111,difficult dog,individual_meat_1,p0568,45
19112,difficult dog,individual_meat_1,p0570,35
19113,difficult dog,individual_meat_1,p0573,45
19114,difficult dog,individual_meat_1,p0578,45
19115,difficult dog,individual_meat_1,p0594,35
19116,difficult dog,individual_meat_1,p0597,35
19117,difficult dog,individual_meat_1,p0601,45
19118,difficult dog,individual_meat_1,p0602,35
19119,difficult dog,individual_meat_1,p0605,35
19120,difficult dog,individual_meat_1,p0615,35
19121,difficult dog,individual_meat_1,p0620,35
19122,difficult dog,individual_meat_1,p0626,35
19123,difficult dog,individual_meat_1,p0629,35
19124,difficult dog,individual_meat_1,p0633,35
19125,difficult dog,individual_meat_1,p0638,35
19126,difficult dog,individual_meat_1,p0639,35
19127,difficult dog,individual_meat_1,p0640,35
19128,difficult dog,individual_meat_1,p0655,35
19129,difficult dog,individual_meat_1,p0656,35
19130,difficult dog,individual_meat_1,p0658,25
19131,difficult dog,individual_meat_1,p0661,45
19132,difficult dog,individual_meat_1,p0669,35
19133,difficult dog,individual_meat_1,p0670,45
19134,difficult dog,individual_meat_1,p0672,35
19135,difficult dog,individual_meat_1,p0674,45
19136,difficult dog,individual_meat_1,p0678,45
19137,difficult dog,individual_meat_1,p0683,35
19138,difficult dog,individual_meat_1,p0686,45
19139,difficult dog,individual_meat_1,p0687,35
19140,difficult dog,individual_meat_1,p0698,35
19141,difficult dog,individual_meat_1,p0700,35
19142,difficult dog,individual_meat_1,p0703,35
19143,difficult dog,individual_meat_1,p0718,35
19144,difficult dog,individual_meat_1,p0744,35
19145,difficult dog,individual_meat_1,p0745,45
19146,difficult dog,individual_meat_1,p0753,35
19147,difficult dog,individual_meat_1,p0770,45
19148,difficult dog,individual_meat_1,p0771,35
19149,difficult dog,individual_meat_1,p0777,45
19150,difficult dog,individual_meat_1,p0779,35
19151,difficult dog,individual_meat_1,p0780,35
19152,difficult dog,individual_meat_1,p0783,35
19153,difficult dog,individual_meat_1,p0785,45
19154,difficult dog,individual_meat_1,p0786,35
19155,difficult dog,individual_meat_1,p0794,25
19156,difficult dog,individual_meat_1,p0798,25
19157,difficult dog,individual_meat_1,p0800,35
19158,difficult dog,individual_meat_1,p0820,35
19159,difficult dog,individual_meat_1,p0841,35
19160,difficult dog,individual_meat_1,p0849,35
19161,difficult dog,individual_meat_1,p0862,35
19162,difficult dog,individual_meat_1,p0867,45
19163,difficult dog,individual_meat_1,p0869,35
19164,difficult dog,individual_meat_1,p0872,35
19165,difficult dog,individual_meat_1,p0880,45
19166,difficult dog,individual_meat_1,p0891,35
19167,difficult dog,individual_meat_1,p0916,35
19168,difficult dog,individual_meat_1,p0917,35
19169,difficult dog,individual_meat_1,p0919,45
19170,difficult dog,individual_meat_1,p0922,35
19171,difficult dog,individual_meat_1,p0925,45
19172,difficult dog,individual_meat_1,p0927,35
19173,difficult dog,individual_meat_1,p0929,35
19174,difficult dog,individual_meat_1,p0930,25
19175,difficult dog,individual_meat_1,p0931,35
19176,difficult dog,individual_meat_1,p0933,45
19177,difficult dog,individual_meat_1,p0934,35
19178,difficult dog,individual_meat_1,p0936,45
19179,difficult dog,individual_meat_1,p0938,35
19180,difficult dog,individual_meat_1,p0939,45
19181,difficult dog,individual_meat_1,p0946,45
19182,difficult dog,individual_meat_1,p0951,35
19183,difficult dog,individual_meat_1,p0956,35
19184,difficult dog,individual_meat_1,p0962,25
19185,difficult dog,individual_meat_1,p0963,45
19186,difficult dog,individual_meat_1,p0969,35
19187,difficult dog,individual_meat_1,p0972,35
19188,difficult dog,individual_meat_1,p0975,35
19189,difficult dog,individual_meat_1,p0985,35
19190,difficult dog,individual_meat_1,p0993,45
19191,difficult dog,individual_meat_1,p0996,35
19192,difficult dog,individual_meat_1,p1011,35
19193,difficult dog,individual_meat_1,p1017,35
19194,difficult dog,individual_meat_1,p1020,35
19195,difficult dog,individual_meat_1,p1022,35
19196,difficult dog,individual_meat_1,p1024,25
19197,difficult dog,individual_meat_1,p1027,45
19198,difficult dog,individual_meat_1,p1028,35
19199,difficult dog,individual_meat_1,p1029,35
19200,difficult dog,individual_meat_1,p1032,35
19201,difficult dog,individual_meat_1,p1040,35
19202,difficult dog,individual_meat_1,p1047,35
19203,difficult dog,individual_meat_1,p1048,35
19204,difficult dog,individual_meat_1,p1053,35
19205,difficult dog,individual_meat_1,p1057,35
19206,difficult dog,individual_meat_1,p1058,35
19207,difficult dog,individual_meat_1,p1063,35
19208,difficult dog,individual_meat_1,p1064,45
19209,difficult dog,individual_meat_1,p1065,35
19210,difficult dog,individual_meat_1,p1069,35
19211,difficult dog,individual_meat_1,p1072,35
19212,difficult dog,individual_meat_1,p1073,45
19213,difficult dog,individual_meat_1,p1075,35
19214,difficult dog,individual_meat_1,p1076,45
19215,difficult dog,individual_meat_1,p1083,35
19216,difficult dog,individual_meat_1,p1089,45
19217,difficult dog,individual_meat_1,p1093,35
19218,difficult dog,individual_meat_1,p1096,35
19219,difficult dog,individual_meat_1,p1100,35
19220,difficult dog,individual_meat_1,p1106,45
19221,difficult dog,individual_meat_1,p1107,35
19222,difficult dog,individual_meat_1,p1113,35
19223,difficult dog,individual_meat_1,p1117,25
19224,difficult dog,individual_meat_1,p1120,35
19225,difficult dog,individual_meat_1,p1134,45
19226,difficult dog,individual_meat_1,p1136,35
19227,difficult dog,individual_meat_1,p1138,35
19228,difficult dog,individual_meat_1,p1144,35
19229,difficult dog,individual_meat_1,p1145,35
19230,difficult dog,individual_meat_1,p1147,45
19231,difficult dog,individual_meat_1,p1148,35
19232,difficult dog,individual_meat_1,p1154,45
19233,difficult dog,individual_meat_1,p1159,35
19234,difficult dog,individual_meat_1,p1167,45
19235,difficult dog,individual_meat_1,p1175,35
19236,difficult dog,individual_meat_1,p1178,45
19237,difficult dog,individual_meat_1,p1184,35
19238,difficult dog,individual_meat_1,p1186,45
19239,difficult dog,individual_meat_1,p1196,35
19240,difficult dog,individual_meat_1,p1197,35
19241,difficult dog,individual_meat_1,p1203,45
19242,difficult dog,individual_meat_1,p1219,45
19243,difficult dog,individual_meat_1,p1225,35
19244,difficult dog,individual_meat_1,p1234,45
19245,difficult dog,individual_meat_1,p1242,35
19246,difficult dog,individual_meat_1,p1244,35
19247,difficult dog,individual_meat_1,p1249,35
19248,difficult dog,individual_meat_1,p1250,35
19249,difficult dog,individual_meat_1,p1256,45
19250,difficult dog,individual_meat_1,p1258,35
19251,difficult dog,individual_meat_1,p1260,35
19252,difficult dog,individual_meat_1,p1262,35
19253,difficult dog,individual_meat_1,p1264,35
19254,difficult dog,individual_meat_1,p1265,45
19255,difficult dog,individual_meat_1,p1269,35
19256,difficult dog,individual_meat_1,p1272,35
19257,difficult dog,individual_meat_1,p1278,45
19258,difficult dog,individual_meat_1,p1281,45
19259,difficult dog,individual_meat_1,p1292,35
19260,difficult dog,individual_meat_1,p1299,45
19261,difficult dog,individual_meat_1,p1312,45
19262,difficult dog,individual_meat_1,p1322,35
19263,difficult dog,individual_meat_1,p1326,35
19264,difficult dog,individual_meat_1,p1330,45
19265,difficult dog,individual_meat_1,p1335,35
19266,difficult dog,individual_meat_1,p1337,35
19267,difficult dog,individual_meat_1,p1340,45
19268,difficult dog,individual_meat_1,p1345,45
19269,difficult dog,individual_meat_1,p1351,35
19270,difficult dog,individual_meat_1,p1355,45
19271,difficult dog,individual_meat_1,p1362,25
19272,difficult dog,individual_meat_1,p1365,25
19273,difficult dog,individual_meat_1,p1366,35
19274,difficult dog,individual_meat_1,p1367,35
19275,difficult dog,individual_meat_1,p1370,35
19276,difficult dog,individual_meat_1,p1371,35
19277,difficult dog,individual_meat_1,p1373,35
19278,difficult dog,individual_meat_1,p1375,25
19279,difficult dog,individual_meat_1,p1376,35
19280,difficult dog,individual_meat_1,p1379,35
19281,difficult dog,individual_meat_1,p1381,35
19282,difficult dog,individual_meat_1,p1393,45
19283,difficult dog,individual_meat_1,p1396,35
19284,difficult dog,individual_meat_1,p1398,45
19285,difficult dog,individual_meat_1,p1404,35
19286,difficult dog,individual_meat_1,p1406,35
19287,difficult dog,individual_meat_1,p1407,45
19288,difficult dog,individual_meat_1,p1409,35
19289,difficult dog,individual_meat_1,p1412,35
19290,difficult dog,individual_meat_1,p1414,45
19291,difficult dog,individual_meat_1,p1424,35
19292,difficult dog,individual_meat_1,p1425,35
19293,difficult dog,individual_meat_1,p1429,35
19294,difficult dog,individual_meat_1,p1434,45
19295,difficult dog,individual_meat_1,p1441,35
19296,difficult dog,individual_meat_1,p1445,35
19297,difficult dog,individual_meat_1,p1450,45
19298,difficult dog,individual_meat_1,p1454,35
19299,difficult dog,individual_meat_1,p1456,25
19300,difficult dog,individual_meat_1,p1457,35
19301,difficult dog,individual_meat_1,p1458,45
19302,difficult dog,individual_meat_1,p1469,45
19303,difficult dog,individual_meat_1,p1470,35
19304,difficult dog,individual_meat_1,p1481,35
19305,difficult dog,individual_meat_1,p1488,35
19306,difficult dog,individual_meat_1,p1492,35
19307,difficult dog,individual_meat_1,p1495,35
19308,difficult dog,individual_meat_1,p1497,35
19309,difficult dog,individual_meat_1,p1499,45
19310,difficult dog,individual_meat_1,p1503,35
19311,difficult dog,individual_meat_1,p1511,45
19312,difficult dog,individual_meat_1,p1512,35
19313,difficult dog,individual_meat_1,p1518,45
19314,difficult dog,individual_meat_1,p1519,35
19315,difficult dog,individual_meat_1,p1520,35
19316,difficult dog,individual_meat_1,p1524,45
19317,difficult dog,individual_meat_1,p1526,35
19318,difficult dog,individual_meat_1,p1537,35
19319,difficult dog,individual_meat_1,p1545,35
19320,difficult dog,individual_meat_1,p1547,45
19321,difficult dog,individual_meat_1,p1552,35
19322,difficult dog,individual_meat_1,p1567,35
19323,difficult dog,individual_meat_1,p1568,35
19324,difficult dog,individual_meat_1,p1579,35
19325,difficult dog,individual_meat_1,p1587,35
19326,difficult dog,individual_meat_1,p1596,35
19327,difficult dog,individual_meat_1,p1600,35
19328,difficult dog,individual_meat_1,p1603,35
19329,difficult dog,individual_meat_1,p1604,35
19330,difficult dog,individual_meat_1,p1610,35
19331,difficult dog,individual_meat_1,p1618,35
19332,difficult dog,individual_meat_1,p1619,35
19333,difficult dog,individual_meat_1,p1622,35
19334,difficult dog,individual_meat_1,p1623,35
19335,difficult dog,individual_meat_1,p1630,25
19336,difficult dog,individual_meat_1,p1641,35
19337,difficult dog,individual_meat_1,p1649,35
19338,difficult dog,individual_meat_1,p1652,35
19339,difficult dog,individual_meat_1,p1665,45
19340,difficult dog,individual_meat_1,p1669,35
19341,difficult dog,individual_meat_1,p1685,35
19342,difficult dog,individual_meat_1,p1693,45
19343,difficult dog,individual_meat_1,p1698,45
19344,difficult dog,individual_meat_1,p1704,45
19345,difficult dog,individual_meat_1,p1711,35
19346,difficult dog,individual_meat_1,p1718,35
19347,difficult dog,individual_meat_1,p1732,45
19348,difficult dog,individual_meat_1,p1739,35
19349,difficult dog,individual_meat_1,p1741,35
19350,difficult dog,individual_meat_1,p1746,35
19351,difficult dog,individual_meat_1,p1751,35
19352,difficult dog,individual_meat_1,p1754,35
19353,difficult dog,individual_meat_1,p1769,35
19354,difficult dog,individual_meat_1,p1771,35
19355,difficult dog,individual_meat_1,p1776,35
19356,difficult dog,individual_meat_1,p1780,35
19357,difficult dog,individual_meat_1,p1785,35
19358,difficult dog,individual_meat_1,p1791,35
19359,difficult dog,individual_meat_1,p1793,35
19360,difficult dog,individual_meat_1,p1796,35
19361,difficult dog,individual_meat_1,p1805,35
19362,difficult dog,individual_meat_1,p1812,45
19363,difficult dog,individual_meat_1,p1816,35
19364,difficult dog,individual_meat_1,p1819,35
19365,difficult dog,individual_meat_1,p1825,35
19366,difficult dog,individual_meat_1,p1836,35
19367,difficult dog,individual_meat_1,p1839,35
19368,difficult dog,individual_meat_1,p1861,35
19369,difficult dog,individual_meat_1,p1863,35
19370,difficult dog,individual_meat_1,p1873,45
19371,difficult dog,individual_meat_1,p1875,35
19372,difficult dog,individual_meat_1,p1876,45
19373,difficult dog,individual_meat_1,p1877,35
19374,difficult dog,individual_meat_1,p1880,45
19375,difficult dog,individual_meat_1,p1883,35
19376,difficult dog,individual_meat_1,p1889,35
19377,difficult dog,individual_meat_1,p1893,35
19378,difficult dog,individual_meat_1,p1896,35
19379,difficult dog,individual_meat_1,p1913,35
19380,difficult dog,individual_meat_1,p1922,35
19381,difficult dog,individual_meat_1,p1930,45
19382,difficult dog,individual_meat_1,p1935,35
19383,difficult dog,individual_meat_1,p1940,35
19384,difficult dog,individual_meat_1,p1948,35
19385,difficult dog,individual_meat_1,p1950,45
19386,difficult dog,individual_meat_1,p1954,35
19387,difficult dog,individual_meat_1,p1956,35
19388,difficult dog,individual_meat_1,p1958,35
19389,difficult dog,individual_meat_1,p1967,45
19390,difficult dog,individual_meat_1,p1973,45
19391,difficult dog,individual_meat_1,p1978,35
19392,difficult dog,individual_meat_1,p1983,35
19393,difficult dog,individual_meat_1,p1984,35
19394,difficult dog,individual_meat_1,p1995,35
19395,difficult dog,individual_meat_1,p1996,35
19396,difficult dog,individual_meat_1,p1997,35
19397,difficult dog,individual_meat_1,p2001,35
19398,difficult dog,individual_meat_1,p2002,35
19399,difficult dog,individual_meat_1,p2013,45
19400,difficult dog,individual_meat_1,p2014,35
19401,difficult dog,individual_meat_1,p2016,45
19402,difficult dog,individual_meat_1,p2018,45
19403,difficult dog,individual_meat_1,p2023,35
19404,difficult dog,individual_meat_1,p2025,35
19405,difficult dog,individual_meat_1,p2028,35
19406,difficult dog,individual_meat_1,p2030,35
19407,difficult dog,individual_meat_1,p2033,35
19408,difficult dog,individual_meat_1,p2040,35
19409,difficult dog,individual_meat_1,p2051,35
19410,difficult dog,individual_meat_1,p2052,35
19411,difficult dog,individual_meat_1,p2066,35
19412,difficult dog,individual_meat_1,p2067,35
19413,difficult dog,individual_meat_1,p2073,45
19414,difficult dog,individual_meat_1,p2077,35
19415,difficult dog,individual_meat_1,p2078,35
19416,difficult dog,individual_meat_1,p2086,45
19417,difficult dog,individual_meat_1,p2089,35
19418,difficult dog,individual_meat_1,p2093,25
19419,difficult dog,individual_meat_1,p2094,35
19420,difficult dog,individual_meat_1,p2111,45
19421,difficult dog,individual_meat_1,p2117,45
19422,difficult dog,individual_meat_1,p2121,35
19423,difficult dog,individual_meat_1,p2127,35
19424,difficult dog,individual_meat_1,p2141,35
19425,difficult dog,individual_meat_1,p2142,35
19426,difficult dog,individual_meat_1,p2143,45
19427,difficult dog,individual_meat_1,p2153,25
19428,difficult dog,individual_meat_1,p2155,35
19429,difficult dog,individual_meat_1,p2169,25
19430,difficult dog,individual_meat_1,p2187,35
19431,difficult dog,individual_meat_1,p2188,45
19432,difficult dog,individual_meat_1,p2197,35
19433,difficult dog,individual_meat_1,p2213,35
19434,difficult dog,individual_meat_1,p2214,35
19435,difficult dog,individual_meat_1,p2215,35
19436,difficult dog,individual_meat_1,p2220,45
19437,difficult dog,individual_meat_1,p2223,35
19438,difficult dog,individual_meat_1,p2229,45
19439,difficult dog,individual_meat_1,p2234,35
19440,difficult dog,individual_meat_1,p2237,35
19441,difficult dog,individual_meat_1,p2238,35
19442,difficult dog,individual_meat_1,p2244,35
19443,difficult dog,individual_meat_1,p2248,35
19444,difficult dog,individual_meat_1,p2252,45
19445,difficult dog,individual_meat_1,p2255,25
19446,difficult dog,individual_meat_1,p2261,25
19447,difficult dog,individual_meat_1,p2263,35
19448,difficult dog,individual_meat_1,p2273,35
19449,difficult dog,individual_meat_1,p2275,45
19450,difficult dog,individual_meat_1,p2276,45
19451,difficult dog,individual_meat_1,p2283,35
19452,difficult dog,individual_meat_1,p2287,35
19453,difficult dog,individual_meat_1,p2296,35
19454,difficult dog,individual_meat_1,p2298,35
19455,difficult dog,individual_meat_1,p2304,35
19456,difficult dog,individual_meat_1,p2310,45
19457,difficult dog,individual_meat_1,p2322,35
19458,difficult dog,individual_meat_1,p2326,35
19459,difficult dog,individual_meat_1,p2330,35
19460,difficult dog,individual_meat_1,p2331,35
19461,difficult dog,individual_meat_1,p2333,35
19462,difficult dog,individual_meat_1,p2347,35
19463,difficult dog,individual_meat_1,p2350,35
19464,difficult dog,individual_meat_1,p2351,45
19465,difficult dog,individual_meat_1,p2353,35
19466,difficult dog,individual_meat_1,p2355,35
19467,difficult dog,individual_meat_1,p2363,35
19468,difficult dog,individual_meat_1,p2378,45
19469,difficult dog,individual_meat_1,p2380,35
19470,difficult dog,individual_meat_1,p2387,35
19471,difficult dog,individual_meat_1,p2398,45
19472,difficult dog,individual_meat_1,p2400,35
19473,difficult dog,individual_meat_1,p2403,35
19474,difficult dog,individual_meat_1,p2408,35
19475,difficult dog,individual_meat_1,p2418,35
19476,difficult dog,individual_meat_1,p2426,35
19477,difficult dog,individual_meat_1,p2428,35
19478,difficult dog,individual_meat_1,p2434,35
19479,difficult dog,individual_meat_1,p2446,35
19480,difficult dog,individual_meat_1,p2452,35
19481,difficult dog,individual_meat_1,p2454,35
19482,difficult dog,individual_meat_1,p2462,45
19483,difficult dog,individual_meat_1,p2467,35
19484,difficult dog,individual_meat_1,p2482,35
19485,difficult dog,individual_meat_1,p2489,35
19486,difficult dog,individual_meat_1,p2490,35
19487,difficult dog,individual_meat_1,p2494,35
19488,difficult dog,individual_meat_1,p2502,35
19489,difficult dog,individual_meat_1,p2503,35
19490,difficult dog,individual_meat_1,p2522,35
19491,difficult dog,individual_meat_1,p2524,35
19492,difficult dog,individual_meat_1,p2533,25
19493,difficult dog,individual_meat_1,p2566,35
19494,difficult dog,individual_meat_1,p2571,35
19495,difficult dog,individual_meat_1,p2573,35
19496,difficult dog,individual_meat_1,p2582,35
19497,difficult dog,individual_meat_1,p2591,25
19498,difficult dog,individual_meat_1,p2592,35
19499,difficult dog,individual_meat_1,p2595,35
19500,difficult dog,individual_transport_1,p0016,45
19501,difficult dog,individual_transport_1,p0022,45
19502,difficult dog,individual_transport_1,p0023,45
19503,difficult dog,individual_transport_1,p0026,45
19504,difficult dog,individual_transport_1,p0034,45
19505,difficult dog,individual_transport_1,p0036,45
19506,difficult dog,individual_transport_1,p0037,45
19507,difficult dog,individual_transport_1,p0042,45
19508,difficult dog,individual_transport_1,p0057,45
19509,difficult dog,individual_transport_1,p0066,35
19510,difficult dog,individual_transport_1,p0069,35
19511,difficult dog,individual_transport_1,p0072,45
19512,difficult dog,individual_transport_1,p0073,45
19513,difficult dog,individual_transport_1,p0082,45
19514,difficult dog,individual_transport_1,p0091,65
19515,difficult dog,individual_transport_1,p0092,45
19516,difficult dog,individual_transport_1,p0093,45
19517,difficult dog,individual_transport_1,p0095,45
19518,difficult dog,individual_transport_1,p0107,35
19519,difficult dog,individual_transport_1,p0114,65
19520,difficult dog,individual_transport_1,p0116,45
19521,difficult dog,individual_transport_1,p0118,45
19522,difficult dog,individual_transport_1,p0119,45
19523,difficult dog,individual_transport_1,p0126,45
19524,difficult dog,individual_transport_1,p0129,45
19525,difficult dog,individual_transport_1,p0136,45
19526,difficult dog,individual_transport_1,p0138,45
19527,difficult dog,individual_transport_1,p0144,45
19528,difficult dog,individual_transport_1,p0150,45
19529,difficult dog,individual_transport_1,p0152,45
19530,difficult dog,individual_transport_1,p0158,35
19531,difficult dog,individual_transport_1,p0161,35
19532,difficult dog,individual_transport_1,p0164,35
19533,difficult dog,individual_transport_1,p0175,45
19534,difficult dog,individual_transport_1,p0177,68
19535,difficult dog,individual_transport_1,p0178,45
19536,difficult dog,individual_transport_1,p0181,25
19537,difficult dog,individual_transport_1,p0186,45
19538,difficult dog,individual_transport_1,p0196,45
19539,difficult dog,individual_transport_1,p0198,45
19540,difficult dog,individual_transport_1,p0202,45
19541,difficult dog,individual_transport_1,p0205,35
19542,difficult dog,individual_transport_1,p0207,35
19543,difficult dog,individual_transport_1,p0211,35
19544,difficult dog,individual_transport_1,p0227,45
19545,difficult dog,individual_transport_1,p0229,45
19546,difficult dog,individual_transport_1,p0232,45
19547,difficult dog,individual_transport_1,p0233,35
19548,difficult dog,individual_transport_1,p0237,45
19549,difficult dog,individual_transport_1,p0258,45
19550,difficult dog,individual_transport_1,p0268,35
19551,difficult dog,individual_transport_1,p0274,65
19552,difficult dog,individual_transport_1,p0275,35
19553,difficult dog,individual_transport_1,p0277,45
19554,difficult dog,individual_transport_1,p0288,65
19555,difficult dog,individual_transport_1,p0291,45
19556,difficult dog,individual_transport_1,p0307,35
19557,difficult dog,individual_transport_1,p0308,45
19558,difficult dog,individual_transport_1,p0317,35
19559,difficult dog,individual_transport_1,p0325,65
19560,difficult dog,individual_transport_1,p0327,45
19561,difficult dog,individual_transport_1,p0334,45
19562,difficult dog,individual_transport_1,p0336,68
19563,difficult dog,individual_transport_1,p0338,35
19564,difficult dog,individual_transport_1,p0342,45
19565,difficult dog,individual_transport_1,p0349,45
19566,difficult dog,individual_transport_1,p0356,45
19567,difficult dog,individual_transport_1,p0358,35
19568,difficult dog,individual_transport_1,p0363,45
19569,difficult dog,individual_transport_1,p0364,65
19570,difficult dog,individual_transport_1,p0369,45
19571,difficult dog,individual_transport_1,p0370,45
19572,difficult dog,individual_transport_1,p0371,45
19573,difficult dog,individual_transport_1,p0379,45
19574,difficult dog,individual_transport_1,p0386,65
19575,difficult dog,individual_transport_1,p0396,65
19576,difficult dog,individual_transport_1,p0403,45
19577,difficult dog,individual_transport_1,p0405,65
19578,difficult dog,individual_transport_1,p0412,45
19579,difficult dog,individual_transport_1,p0415,45
19580,difficult dog,individual_transport_1,p0416,45
19581,difficult dog,individual_transport_1,p0417,45
19582,difficult dog,individual_transport_1,p0418,45
19583,difficult dog,individual_transport_1,p0430,45
19584,difficult dog,individual_transport_1,p0431,65
19585,difficult dog,individual_transport_1,p0434,25
19586,difficult dog,individual_transport_1,p0438,65
19587,difficult dog,individual_transport_1,p0441,45
19588,difficult dog,individual_transport_1,p0442,35
19589,difficult dog,individual_transport_1,p0449,45
19590,difficult dog,individual_transport_1,p0450,45
19591,difficult dog,individual_transport_1,p0465,35
19592,difficult dog,individual_transport_1,p0471,45
19593,difficult dog,individual_transport_1,p0477,45
19594,difficult dog,individual_transport_1,p0483,45
19595,difficult dog,individual_transport_1,p0486,35
19596,difficult dog,individual_transport_1,p0487,45
19597,difficult dog,individual_transport_1,p0489,45
19598,difficult dog,individual_transport_1,p0497,35
19599,difficult dog,individual_transport_1,p0502,45
19600,difficult dog,individual_transport_1,p0503,45
19601,difficult dog,individual_transport_1,p0506,45
19602,difficult dog,individual_transport_1,p0511,45
19603,difficult dog,individual_transport_1,p0523,45
19604,difficult dog,individual_transport_1,p0534,45
19605,difficult dog,individual_transport_1,p0536,45
19606,difficult dog,individual_transport_1,p0542,35
19607,difficult dog,individual_transport_1,p0547,45
19608,difficult dog,individual_transport_1,p0553,45
19609,difficult dog,individual_transport_1,p0559,65
19610,difficult dog,individual_transport_1,p0566,45
19611,difficult dog,individual_transport_1,p0568,45
19612,difficult dog,individual_transport_1,p0570,35
19613,difficult dog,individual_transport_1,p0573,45
19614,difficult dog,individual_transport_1,p0578,45
19615,difficult dog,individual_transport_1,p0594,45
19616,difficult dog,individual_transport_1,p0597,45
19617,difficult dog,individual_transport_1,p0601,45
19618,difficult dog,individual_transport_1,p0602,35
19619,difficult dog,individual_transport_1,p0605,45
19620,difficult dog,individual_transport_1,p0615,45
19621,difficult dog,individual_transport_1,p0620,45
19622,difficult dog,individual_transport_1,p0626,45
19623,difficult dog,individual_transport_1,p0629,65
19624,difficult dog,individual_transport_1,p0633,45
19625,difficult dog,individual_transport_1,p0638,45
19626,difficult dog,individual_transport_1,p0639,45
19627,difficult dog,individual_transport_1,p0640,45
19628,difficult dog,individual_transport_1,p0655,45
19629,difficult dog,individual_transport_1,p0656,45
19630,difficult dog,individual_transport_1,p0658,35
19631,difficult dog,individual_transport_1,p0661,45
19632,difficult dog,individual_transport_1,p0669,65
19633,difficult dog,individual_transport_1,p0670,45
19634,difficult dog,individual_transport_1,p0672,45
19635,difficult dog,individual_transport_1,p0674,45
19636,difficult dog,individual_transport_1,p0678,65
19637,difficult dog,individual_transport_1,p0683,45
19638,difficult dog,individual_transport_1,p0686,45
19639,difficult dog,individual_transport_1,p0687,65
19640,difficult dog,individual_transport_1,p0698,45
19641,difficult dog,individual_transport_1,p0700,45
19642,difficult dog,individual_transport_1,p0703,45
19643,difficult dog,individual_transport_1,p0718,65
19644,difficult dog,individual_transport_1,p0744,45
19645,difficult dog,individual_transport_1,p0745,45
19646,difficult dog,individual_transport_1,p0753,45
19647,difficult dog,individual_transport_1,p0770,45
19648,difficult dog,individual_transport_1,p0771,45
19649,difficult dog,individual_transport_1,p0777,65
19650,difficult dog,individual_transport_1,p0779,45
19651,difficult dog,individual_transport_1,p0780,45
19652,difficult dog,individual_transport_1,p0783,45
19653,difficult dog,individual_transport_1,p0785,45
19654,difficult dog,individual_transport_1,p0786,35
19655,difficult dog,individual_transport_1,p0794,25
19656,difficult dog,individual_transport_1,p0798,25
19657,difficult dog,individual_transport_1,p0800,45
19658,difficult dog,individual_transport_1,p0820,35
19659,difficult dog,individual_transport_1,p0841,35
19660,difficult dog,individual_transport_1,p0849,45
19661,difficult dog,individual_transport_1,p0862,65
19662,difficult dog,individual_transport_1,p0867,45
19663,difficult dog,individual_transport_1,p0869,65
19664,difficult dog,individual_transport_1,p0872,45
19665,difficult dog,individual_transport_1,p0880,45
19666,difficult dog,individual_transport_1,p0891,45
19667,difficult dog,individual_transport_1,p0916,45
19668,difficult dog,individual_transport_1,p0917,65
19669,difficult dog,individual_transport_1,p0919,45
19670,difficult dog,individual_transport_1,p0922,45
19671,difficult dog,individual_transport_1,p0925,45
19672,difficult dog,individual_transport_1,p0927,45
19673,difficult dog,individual_transport_1,p0929,45
19674,difficult dog,individual_transport_1,p0930,35
19675,difficult dog,individual_transport_1,p0931,35
19676,difficult dog,individual_transport_1,p0933,45
19677,difficult dog,individual_transport_1,p0934,35
19678,difficult dog,individual_transport_1,p0936,65
19679,difficult dog,individual_transport_1,p0938,45
19680,difficult dog,individual_transport_1,p0939,45
19681,difficult dog,individual_transport_1,p0946,45
19682,difficult dog,individual_transport_1,p0951,45
19683,difficult dog,individual_transport_1,p0956,55
19684,difficult dog,individual_transport_1,p0962,35
19685,difficult dog,individual_transport_1,p0963,45
19686,difficult dog,individual_transport_1,p0969,35
19687,difficult dog,individual_transport_1,p0972,45
19688,difficult dog,individual_transport_1,p0975,45
19689,difficult dog,individual_transport_1,p0985,45
19690,difficult dog,individual_transport_1,p0993,65
19691,difficult dog,individual_transport_1,p0996,45
19692,difficult dog,individual_transport_1,p1011,35
19693,difficult dog,individual_transport_1,p1017,35
19694,difficult dog,individual_transport_1,p1020,45
19695,difficult dog,individual_transport_1,p1022,45
19696,difficult dog,individual_transport_1,p1024,35
19697,difficult dog,individual_transport_1,p1027,65
19698,difficult dog,individual_transport_1,p1028,65
19699,difficult dog,individual_transport_1,p1029,35
19700,difficult dog,individual_transport_1,p1032,45
19701,difficult dog,individual_transport_1,p1040,45
19702,difficult dog,individual_transport_1,p1047,45
19703,difficult dog,individual_transport_1,p1048,45
19704,difficult dog,individual_transport_1,p1053,45
19705,difficult dog,individual_transport_1,p1057,45
19706,difficult dog,individual_transport_1,p1058,45
19707,difficult dog,individual_transport_1,p1063,35
19708,difficult dog,individual_transport_1,p1064,45
19709,difficult dog,individual_transport_1,p1065,45
19710,difficult dog,individual_transport_1,p1069,45
19711,difficult dog,individual_transport_1,p1072,45
19712,difficult dog,individual_transport_1,p1073,45
19713,difficult dog,individual_transport_1,p1075,45
19714,difficult dog,individual_transport_1,p1076,45
19715,difficult dog,individual_transport_1,p1083,45
19716,difficult dog,individual_transport_1,p1089,65
19717,difficult dog,individual_transport_1,p1093,65
19718,difficult dog,individual_transport_1,p1096,45
19719,difficult dog,individual_transport_1,p1100,45
19720,difficult dog,individual_transport_1,p1106,45
19721,difficult dog,individual_transport_1,p1107,45
19722,difficult dog,individual_transport_1,p1113,35
19723,difficult dog,individual_transport_1,p1117,35
19724,difficult dog,individual_transport_1,p1120,45
19725,difficult dog,individual_transport_1,p1134,45
19726,difficult dog,individual_transport_1,p1136,35
19727,difficult dog,individual_transport_1,p1138,45
19728,difficult dog,individual_transport_1,p1144,35
19729,difficult dog,individual_transport_1,p1145,65
19730,difficult dog,individual_transport_1,p1147,65
19731,difficult dog,individual_transport_1,p1148,65
19732,difficult dog,individual_transport_1,p1154,65
19733,difficult dog,individual_transport_1,p1159,35
19734,difficult dog,individual_transport_1,p1167,45
19735,difficult dog,individual_transport_1,p1175,45
19736,difficult dog,individual_transport_1,p1178,45
19737,difficult dog,individual_transport_1,p1184,45
19738,difficult dog,individual_transport_1,p1186,45
19739,difficult dog,individual_transport_1,p1196,45
19740,difficult dog,individual_transport_1,p1197,45
19741,difficult dog,individual_transport_1,p1203,45
19742,difficult dog,individual_transport_1,p1219,45
19743,difficult dog,individual_transport_1,p1225,45
19744,difficult dog,individual_transport_1,p1234,45
19745,difficult dog,individual_transport_1,p1242,45
19746,difficult dog,individual_transport_1,p1244,45
19747,difficult dog,individual_transport_1,p1249,45
19748,difficult dog,individual_transport_1,p1250,45
19749,difficult dog,individual_transport_1,p1256,45
19750,difficult dog,individual_transport_1,p1258,65
19751,difficult dog,individual_transport_1,p1260,45
19752,difficult dog,individual_transport_1,p1262,35
19753,difficult dog,individual_transport_1,p1264,45
19754,difficult dog,individual_transport_1,p1265,45
19755,difficult dog,individual_transport_1,p1269,45
19756,difficult dog,individual_transport_1,p1272,45
19757,difficult dog,individual_transport_1,p1278,45
19758,difficult dog,individual_transport_1,p1281,45
19759,difficult dog,individual_transport_1,p1292,45
19760,difficult dog,individual_transport_1,p1299,45
19761,difficult dog,individual_transport_1,p1312,45
19762,difficult dog,individual_transport_1,p1322,45
19763,difficult dog,individual_transport_1,p1326,45
19764,difficult dog,individual_transport_1,p1330,45
19765,difficult dog,individual_transport_1,p1335,45
19766,difficult dog,individual_transport_1,p1337,45
19767,difficult dog,individual_transport_1,p1340,45
19768,difficult dog,individual_transport_1,p1345,45
19769,difficult dog,individual_transport_1,p1351,35
19770,difficult dog,individual_transport_1,p1355,45
19771,difficult dog,individual_transport_1,p1362,35
19772,difficult dog,individual_transport_1,p1365,35
19773,difficult dog,individual_transport_1,p1366,35
19774,difficult dog,individual_transport_1,p1367,35
19775,difficult dog,individual_transport_1,p1370,45
19776,difficult dog,individual_transport_1,p1371,65
19777,difficult dog,individual_transport_1,p1373,45
19778,difficult dog,individual_transport_1,p1375,35
19779,difficult dog,individual_transport_1,p1376,35
19780,difficult dog,individual_transport_1,p1379,45
19781,difficult dog,individual_transport_1,p1381,45
19782,difficult dog,individual_transport_1,p1393,45
19783,difficult dog,individual_transport_1,p1396,65
19784,difficult dog,individual_transport_1,p1398,45
19785,difficult dog,individual_transport_1,p1404,45
19786,difficult dog,individual_transport_1,p1406,45
19787,difficult dog,individual_transport_1,p1407,45
19788,difficult dog,individual_transport_1,p1409,45
19789,difficult dog,individual_transport_1,p1412,45
19790,difficult dog,individual_transport_1,p1414,65
19791,difficult dog,individual_transport_1,p1424,45
19792,difficult dog,individual_transport_1,p1425,45
19793,difficult dog,individual_transport_1,p1429,65
19794,difficult dog,individual_transport_1,p1434,45
19795,difficult dog,individual_transport_1,p1441,45
19796,difficult dog,individual_transport_1,p1445,45
19797,difficult dog,individual_transport_1,p1450,45
19798,difficult dog,individual_transport_1,p1454,45
19799,difficult dog,individual_transport_1,p1456,35
19800,difficult dog,individual_transport_1,p1457,45
19801,difficult dog,individual_transport_1,p1458,65
19802,difficult dog,individual_transport_1,p1469,45
19803,difficult dog,individual_transport_1,p1470,45
19804,difficult dog,individual_transport_1,p1481,45
19805,difficult dog,individual_transport_1,p1488,45
19806,difficult dog,individual_transport_1,p1492,45
19807,difficult dog,individual_transport_1,p1495,45
19808,difficult dog,individual_transport_1,p1497,45
19809,difficult dog,individual_transport_1,p1499,45
19810,difficult dog,individual_transport_1,p1503,45
19811,difficult dog,individual_transport_1,p1511,45
19812,difficult dog,individual_transport_1,p1512,45
19813,difficult dog,individual_transport_1,p1518,45
19814,difficult dog,individual_transport_1,p1519,45
19815,difficult dog,individual_transport_1,p1520,45
19816,difficult dog,individual_transport_1,p1524,45
19817,difficult dog,individual_transport_1,p1526,35
19818,difficult dog,individual_transport_1,p1537,45
19819,difficult dog,individual_transport_1,p1545,55
19820,difficult dog,individual_transport_1,p1547,45
19821,difficult dog,individual_transport_1,p1552,65
19822,difficult dog,individual_transport_1,p1567,45
19823,difficult dog,individual_transport_1,p1568,35
19824,difficult dog,individual_transport_1,p1579,35
19825,difficult dog,individual_transport_1,p1587,35
19826,difficult dog,individual_transport_1,p1596,45
19827,difficult dog,individual_transport_1,p1600,65
19828,difficult dog,individual_transport_1,p1603,45
19829,difficult dog,individual_transport_1,p1604,45
19830,difficult dog,individual_transport_1,p1610,45
19831,difficult dog,individual_transport_1,p1618,35
19832,difficult dog,individual_transport_1,p1619,45
19833,difficult dog,individual_transport_1,p1622,45
19834,difficult dog,individual_transport_1,p1623,35
19835,difficult dog,individual_transport_1,p1630,35
19836,difficult dog,individual_transport_1,p1641,45
19837,difficult dog,individual_transport_1,p1649,45
19838,difficult dog,individual_transport_1,p1652,45
19839,difficult dog,individual_transport_1,p1665,45
19840,difficult dog,individual_transport_1,p1669,35
19841,difficult dog,individual_transport_1,p1685,45
19842,difficult dog,individual_transport_1,p1693,45
19843,difficult dog,individual_transport_1,p1698,45
19844,difficult dog,individual_transport_1,p1704,45
19845,difficult dog,individual_transport_1,p1711,45
19846,difficult dog,individual_transport_1,p1718,35
19847,difficult dog,individual_transport_1,p1732,45
19848,difficult dog,individual_transport_1,p1739,45
19849,difficult dog,individual_transport_1,p1741,65
19850,difficult dog,individual_transport_1,p1746,35
19851,difficult dog,individual_transport_1,p1751,35
19852,difficult dog,individual_transport_1,p1754,35
19853,difficult dog,individual_transport_1,p1769,35
19854,difficult dog,individual_transport_1,p1771,45
19855,difficult dog,individual_transport_1,p1776,45
19856,difficult dog,individual_transport_1,p1780,45
19857,difficult dog,individual_transport_1,p1785,35
19858,difficult dog,individual_transport_1,p1791,45
19859,difficult dog,individual_transport_1,p1793,35
19860,difficult dog,individual_transport_1,p1796,35
19861,difficult dog,individual_transport_1,p1805,45
19862,difficult dog,individual_transport_1,p1812,65
19863,difficult dog,individual_transport_1,p1816,45
19864,difficult dog,individual_transport_1,p1819,45
19865,difficult dog,individual_transport_1,p1825,45
19866,difficult dog,individual_transport_1,p1836,45
19867,difficult dog,individual_transport_1,p1839,45
19868,difficult dog,individual_transport_1,p1861,45
19869,difficult dog,individual_transport_1,p1863,45
19870,difficult dog,individual_transport_1,p1873,45
19871,difficult dog,individual_transport_1,p1875,45
19872,difficult dog,individual_transport_1,p1876,65
19873,difficult dog,individual_transport_1,p1877,45
19874,difficult dog,individual_transport_1,p1880,45
19875,difficult dog,individual_transport_1,p1883,45
19876,difficult dog,individual_transport_1,p1889,35
19877,difficult dog,individual_transport_1,p1893,65
19878,difficult dog,individual_transport_1,p1896,45
19879,difficult dog,individual_transport_1,p1913,45
19880,difficult dog,individual_transport_1,p1922,35
19881,difficult dog,individual_transport_1,p1930,45
19882,difficult dog,individual_transport_1,p1935,45
19883,difficult dog,individual_transport_1,p1940,65
19884,difficult dog,individual_transport_1,p1948,35
19885,difficult dog,individual_transport_1,p1950,45
19886,difficult dog,individual_transport_1,p1954,35
19887,difficult dog,individual_transport_1,p1956,35
19888,difficult dog,individual_transport_1,p1958,45
19889,difficult dog,individual_transport_1,p1967,45
19890,difficult dog,individual_transport_1,p1973,65
19891,difficult dog,individual_transport_1,p1978,45
19892,difficult dog,individual_transport_1,p1983,35
19893,difficult dog,individual_transport_1,p1984,45
19894,difficult dog,individual_transport_1,p1995,45
19895,difficult dog,individual_transport_1,p1996,35
19896,difficult dog,individual_transport_1,p1997,45
19897,difficult dog,individual_transport_1,p2001,45
19898,difficult dog,individual_transport_1,p2002,35
19899,difficult dog,individual_transport_1,p2013,65
19900,difficult dog,individual_transport_1,p2014,45
19901,difficult dog,individual_transport_1,p2016,45
19902,difficult dog,individual_transport_1,p2018,45
19903,difficult dog,individual_transport_1,p2023,65
19904,difficult dog,individual_transport_1,p2025,35
19905,difficult dog,individual_transport_1,p2028,45
19906,difficult dog,individual_transport_1,p2030,65
19907,difficult dog,individual_transport_1,p2033,55
19908,difficult dog,individual_transport_1,p2040,35
19909,difficult dog,individual_transport_1,p2051,65
19910,difficult dog,individual_transport_1,p2052,45
19911,difficult dog,individual_transport_1,p2066,35
19912,difficult dog,individual_transport_1,p2067,65
19913,difficult dog,individual_transport_1,p2073,65
19914,difficult dog,individual_transport_1,p2077,45
19915,difficult dog,individual_transport_1,p2078,45
19916,difficult dog,individual_transport_1,p2086,65
19917,difficult dog,individual_transport_1,p2089,45
19918,difficult dog,individual_transport_1,p2093,35
19919,difficult dog,individual_transport_1,p2094,45
19920,difficult dog,individual_transport_1,p2111,45
19921,difficult dog,individual_transport_1,p2117,45
19922,difficult dog,individual_transport_1,p2121,45
19923,difficult dog,individual_transport_1,p2127,35
19924,difficult dog,individual_transport_1,p2141,45
19925,difficult dog,individual_transport_1,p2142,35
19926,difficult dog,individual_transport_1,p2143,45
19927,difficult dog,individual_transport_1,p2153,45
19928,difficult dog,individual_transport_1,p2155,45
19929,difficult dog,individual_transport_1,p2169,35
19930,difficult dog,individual_transport_1,p2187,45
19931,difficult dog,individual_transport_1,p2188,45
19932,difficult dog,individual_transport_1,p2197,45
19933,difficult dog,individual_transport_1,p2213,45
19934,difficult dog,individual_transport_1,p2214,45
19935,difficult dog,individual_transport_1,p2215,45
19936,difficult dog,individual_transport_1,p2220,45
19937,difficult dog,individual_transport_1,p2223,45
19938,difficult dog,individual_transport_1,p2229,45
19939,difficult dog,individual_transport_1,p2234,65
19940,difficult dog,individual_transport_1,p2237,65
19941,difficult dog,individual_transport_1,p2238,35
19942,difficult dog,individual_transport_1,p2244,35
19943,difficult dog,individual_transport_1,p2248,45
19944,difficult dog,individual_transport_1,p2252,68
19945,difficult dog,individual_transport_1,p2255,25
19946,difficult dog,individual_transport_1,p2261,35
19947,difficult dog,individual_transport_1,p2263,45
19948,difficult dog,individual_transport_1,p2273,45
19949,difficult dog,individual_transport_1,p2275,45
19950,difficult dog,individual_transport_1,p2276,45
19951,difficult dog,individual_transport_1,p2283,35
19952,difficult dog,individual_transport_1,p2287,45
19953,difficult dog,individual_transport_1,p2296,45
19954,difficult dog,individual_transport_1,p2298,45
19955,difficult dog,individual_transport_1,p2304,65
19956,difficult dog,individual_transport_1,p2310,45
19957,difficult dog,individual_transport_1,p2322,35
19958,difficult dog,individual_transport_1,p2326,35
19959,difficult dog,individual_transport_1,p2330,35
19960,difficult dog,individual_transport_1,p2331,35
19961,difficult dog,individual_transport_1,p2333,45
19962,difficult dog,individual_transport_1,p2347,65
19963,difficult dog,individual_transport_1,p2350,45
19964,difficult dog,individual_transport_1,p2351,45
19965,difficult dog,individual_transport_1,p2353,45
19966,difficult dog,individual_transport_1,p2355,45
19967,difficult dog,individual_transport_1,p2363,35
19968,difficult dog,individual_transport_1,p2378,55
19969,difficult dog,individual_transport_1,p2380,65
19970,difficult dog,individual_transport_1,p2387,45
19971,difficult dog,individual_transport_1,p2398,55
19972,difficult dog,individual_transport_1,p2400,65
19973,difficult dog,individual_transport_1,p2403,65
19974,difficult dog,individual_transport_1,p2408,35
19975,difficult dog,individual_transport_1,p2418,45
19976,difficult dog,individual_transport_1,p2426,45
19977,difficult dog,individual_transport_1,p2428,45
19978,difficult dog,individual_transport_1,p2434,45
19979,difficult dog,individual_transport_1,p2446,45
19980,difficult dog,individual_transport_1,p2452,45
19981,difficult dog,individual_transport_1,p2454,35
19982,difficult dog,individual_transport_1,p2462,45
19983,difficult dog,individual_transport_1,p2467,25
19984,difficult dog,individual_transport_1,p2482,45
19985,difficult dog,individual_transport_1,p2489,45
19986,difficult dog,individual_transport_1,p2490,45
19987,difficult dog,individual_transport_1,p2494,45
19988,difficult dog,individual_transport_1,p2502,45
19989,difficult dog,individual_transport_1,p2503,45
19990,difficult dog,individual_transport_1,p2522,65
19991,difficult dog,individual_transport_1,p2524,65
19992,difficult dog,individual_transport_1,p2533,35
19993,difficult dog,individual_transport_1,p2566,45
19994,difficult dog,individual_transport_1,p2571,45
19995,difficult dog,individual_transport_1,p2573,45
19996,difficult dog,individual_transport_1,p2582,45
19997,difficult dog,individual_transport_1,p2591,35
19998,difficult dog,individual_transport_1,p2592,45
19999,difficult dog,individual_transport_1,p2595,35
20000,difficult dog,individual_solar_1,p0016,25
20001,difficult dog,individual_solar_1,p0022,25
20002,difficult dog,individual_solar_1,p0023,35
20003,difficult dog,individual_solar_1,p0026,25
20004,difficult dog,individual_solar_1,p0034,25
20005,difficult dog,individual_solar_1,p0036,25
20006,difficult dog,individual_solar_1,p0037,25
20007,difficult dog,individual_solar_1,p0042,25
20008,difficult dog,individual_solar_1,p0057,25
20009,difficult dog,individual_solar_1,p0066,25
20010,difficult dog,individual_solar_1,p0069,15
20011,difficult dog,individual_solar_1,p0072,25
20012,difficult dog,individual_solar_1,p0073,35
20013,difficult dog,individual_solar_1,p0082,25
20014,difficult dog,individual_solar_1,p0091,35
20015,difficult dog,individual_solar_1,p0092,25
20016,difficult dog,individual_solar_1,p0093,35
20017,difficult dog,individual_solar_1,p0095,25
20018,difficult dog,individual_solar_1,p0107,25
20019,difficult dog,individual_solar_1,p0114,35
20020,difficult dog,individual_solar_1,p0116,25
20021,difficult dog,individual_solar_1,p0118,35
20022,difficult dog,individual_solar_1,p0119,35
20023,difficult dog,individual_solar_1,p0126,25
20024,difficult dog,individual_solar_1,p0129,25
20025,difficult dog,individual_solar_1,p0136,25
20026,difficult dog,individual_solar_1,p0138,25
20027,difficult dog,individual_solar_1,p0144,25
20028,difficult dog,individual_solar_1,p0150,25
20029,difficult dog,individual_solar_1,p0152,25
20030,difficult dog,individual_solar_1,p0158,25
20031,difficult dog,individual_solar_1,p0161,25
20032,difficult dog,individual_solar_1,p0164,25
20033,difficult dog,individual_solar_1,p0175,35
20034,difficult dog,individual_solar_1,p0177,25
20035,difficult dog,individual_solar_1,p0178,25
20036,difficult dog,individual_solar_1,p0181,20
20037,difficult dog,individual_solar_1,p0186,25
20038,difficult dog,individual_solar_1,p0196,35
20039,difficult dog,individual_solar_1,p0198,25
20040,difficult dog,individual_solar_1,p0202,25
20041,difficult dog,individual_solar_1,p0205,25
20042,difficult dog,individual_solar_1,p0207,15
20043,difficult dog,individual_solar_1,p0211,25
20044,difficult dog,individual_solar_1,p0227,35
20045,difficult dog,individual_solar_1,p0229,25
20046,difficult dog,individual_solar_1,p0232,35
20047,difficult dog,individual_solar_1,p0233,20
20048,difficult dog,individual_solar_1,p0237,35
20049,difficult dog,individual_solar_1,p0258,25
20050,difficult dog,individual_solar_1,p0268,15
20051,difficult dog,individual_solar_1,p0274,25
20052,difficult dog,individual_solar_1,p0275,15
20053,difficult dog,individual_solar_1,p0277,25
20054,difficult dog,individual_solar_1,p0288,35
20055,difficult dog,individual_solar_1,p0291,25
20056,difficult dog,individual_solar_1,p0307,25
20057,difficult dog,individual_solar_1,p0308,35
20058,difficult dog,individual_solar_1,p0317,25
20059,difficult dog,individual_solar_1,p0325,35
20060,difficult dog,individual_solar_1,p0327,35
20061,difficult dog,individual_solar_1,p0334,35
20062,difficult dog,individual_solar_1,p0336,25
20063,difficult dog,individual_solar_1,p0338,25
20064,difficult dog,individual_solar_1,p0342,35
20065,difficult dog,individual_solar_1,p0349,25
20066,difficult dog,individual_solar_1,p0356,25
20067,difficult dog,individual_solar_1,p0358,25
20068,difficult dog,individual_solar_1,p0363,25
20069,difficult dog,individual_solar_1,p0364,35
20070,difficult dog,individual_solar_1,p0369,35
20071,difficult dog,individual_solar_1,p0370,25
20072,difficult dog,individual_solar_1,p0371,25
20073,difficult dog,individual_solar_1,p0379,25
20074,difficult dog,individual_solar_1,p0386,35
20075,difficult dog,individual_solar_1,p0396,25
20076,difficult dog,individual_solar_1,p0403,35
20077,difficult dog,individual_solar_1,p0405,35
20078,difficult dog,individual_solar_1,p0412,25
20079,difficult dog,individual_solar_1,p0415,25
20080,difficult dog,individual_solar_1,p0416,35
20081,difficult dog,individual_solar_1,p0417,25
20082,difficult dog,individual_solar_1,p0418,25
20083,difficult dog,individual_solar_1,p0430,25
20084,difficult dog,individual_solar_1,p0431,35
20085,difficult dog,individual_solar_1,p0434,20
20086,difficult dog,individual_solar_1,p0438,35
20087,difficult dog,individual_solar_1,p0441,25
20088,difficult dog,individual_solar_1,p0442,25
20089,difficult dog,individual_solar_1,p0449,25
20090,difficult dog,individual_solar_1,p0450,25
20091,difficult dog,individual_solar_1,p0465,25
20092,difficult dog,individual_solar_1,p0471,25
20093,difficult dog,individual_solar_1,p0477,25
20094,difficult dog,individual_solar_1,p0483,25
20095,difficult dog,individual_solar_1,p0486,25
20096,difficult dog,individual_solar_1,p0487,35
20097,difficult dog,individual_solar_1,p0489,25
20098,difficult dog,individual_solar_1,p0497,20
20099,difficult dog,individual_solar_1,p0502,25
20100,difficult dog,individual_solar_1,p0503,35
20101,difficult dog,individual_solar_1,p0506,25
20102,difficult dog,individual_solar_1,p0511,35
20103,difficult dog,individual_solar_1,p0523,25
20104,difficult dog,individual_solar_1,p0534,25
20105,difficult dog,individual_solar_1,p0536,25
20106,difficult dog,individual_solar_1,p0542,15
20107,difficult dog,individual_solar_1,p0547,25
20108,difficult dog,individual_solar_1,p0553,35
20109,difficult dog,individual_solar_1,p0559,25
20110,difficult dog,individual_solar_1,p0566,35
20111,difficult dog,individual_solar_1,p0568,35
20112,difficult dog,individual_solar_1,p0570,15
20113,difficult dog,individual_solar_1,p0573,35
20114,difficult dog,individual_solar_1,p0578,35
20115,difficult dog,individual_solar_1,p0594,25
20116,difficult dog,individual_solar_1,p0597,25
20117,difficult dog,individual_solar_1,p0601,35
20118,difficult dog,individual_solar_1,p0602,25
20119,difficult dog,individual_solar_1,p0605,25
20120,difficult dog,individual_solar_1,p0615,25
20121,difficult dog,individual_solar_1,p0620,25
20122,difficult dog,individual_solar_1,p0626,25
20123,difficult dog,individual_solar_1,p0629,35
20124,difficult dog,individual_solar_1,p0633,25
20125,difficult dog,individual_solar_1,p0638,25
20126,difficult dog,individual_solar_1,p0639,35
20127,difficult dog,individual_solar_1,p0640,25
20128,difficult dog,individual_solar_1,p0655,25
20129,difficult dog,individual_solar_1,p0656,25
20130,difficult dog,individual_solar_1,p0658,25
20131,difficult dog,individual_solar_1,p0661,25
20132,difficult dog,individual_solar_1,p0669,35
20133,difficult dog,individual_solar_1,p0670,25
20134,difficult dog,individual_solar_1,p0672,25
20135,difficult dog,individual_solar_1,p0674,35
20136,difficult dog,individual_solar_1,p0678,35
20137,difficult dog,individual_solar_1,p0683,25
20138,difficult dog,individual_solar_1,p0686,25
20139,difficult dog,individual_solar_1,p0687,25
20140,difficult dog,individual_solar_1,p0698,25
20141,difficult dog,individual_solar_1,p0700,25
20142,difficult dog,individual_solar_1,p0703,25
20143,difficult dog,individual_solar_1,p0718,35
20144,difficult dog,individual_solar_1,p0744,35
20145,difficult dog,individual_solar_1,p0745,35
20146,difficult dog,individual_solar_1,p0753,25
20147,difficult dog,individual_solar_1,p0770,35
20148,difficult dog,individual_solar_1,p0771,25
20149,difficult dog,individual_solar_1,p0777,35
20150,difficult dog,individual_solar_1,p0779,25
20151,difficult dog,individual_solar_1,p0780,25
20152,difficult dog,individual_solar_1,p0783,25
20153,difficult dog,individual_solar_1,p0785,35
20154,difficult dog,individual_solar_1,p0786,25
20155,difficult dog,individual_solar_1,p0794,20
20156,difficult dog,individual_solar_1,p0798,20
20157,difficult dog,individual_solar_1,p0800,25
20158,difficult dog,individual_solar_1,p0820,25
20159,difficult dog,individual_solar_1,p0841,25
20160,difficult dog,individual_solar_1,p0849,35
20161,difficult dog,individual_solar_1,p0862,25
20162,difficult dog,individual_solar_1,p0867,35
20163,difficult dog,individual_solar_1,p0869,35
20164,difficult dog,individual_solar_1,p0872,25
20165,difficult dog,individual_solar_1,p0880,25
20166,difficult dog,individual_solar_1,p0891,35
20167,difficult dog,individual_solar_1,p0916,25
20168,difficult dog,individual_solar_1,p0917,35
20169,difficult dog,individual_solar_1,p0919,25
20170,difficult dog,individual_solar_1,p0922,25
20171,difficult dog,individual_solar_1,p0925,35
20172,difficult dog,individual_solar_1,p0927,25
20173,difficult dog,individual_solar_1,p0929,25
20174,difficult dog,individual_solar_1,p0930,25
20175,difficult dog,individual_solar_1,p0931,25
20176,difficult dog,individual_solar_1,p0933,25
20177,difficult dog,individual_solar_1,p0934,25
20178,difficult dog,individual_solar_1,p0936,35
20179,difficult dog,individual_solar_1,p0938,25
20180,difficult dog,individual_solar_1,p0939,25
20181,difficult dog,individual_solar_1,p0946,35
20182,difficult dog,individual_solar_1,p0951,35
20183,difficult dog,individual_solar_1,p0956,25
20184,difficult dog,individual_solar_1,p0962,15
20185,difficult dog,individual_solar_1,p0963,35
20186,difficult dog,individual_solar_1,p0969,25
20187,difficult dog,individual_solar_1,p0972,25
20188,difficult dog,individual_solar_1,p0975,25
20189,difficult dog,individual_solar_1,p0985,25
20190,difficult dog,individual_solar_1,p0993,25
20191,difficult dog,individual_solar_1,p0996,25
20192,difficult dog,individual_solar_1,p1011,25
20193,difficult dog,individual_solar_1,p1017,15
20194,difficult dog,individual_solar_1,p1020,25
20195,difficult dog,individual_solar_1,p1022,25
20196,difficult dog,individual_solar_1,p1024,25
20197,difficult dog,individual_solar_1,p1027,35
20198,difficult dog,individual_solar_1,p1028,35
20199,difficult dog,individual_solar_1,p1029,25
20200,difficult dog,individual_solar_1,p1032,25
20201,difficult dog,individual_solar_1,p1040,25
20202,difficult dog,individual_solar_1,p1047,25
20203,difficult dog,individual_solar_1,p1048,25
20204,difficult dog,individual_solar_1,p1053,25
20205,difficult dog,individual_solar_1,p1057,25
20206,difficult dog,individual_solar_1,p1058,25
20207,difficult dog,individual_solar_1,p1063,25
20208,difficult dog,individual_solar_1,p1064,25
20209,difficult dog,individual_solar_1,p1065,25
20210,difficult dog,individual_solar_1,p1069,25
20211,difficult dog,individual_solar_1,p1072,25
20212,difficult dog,individual_solar_1,p1073,35
20213,difficult dog,individual_solar_1,p1075,25
20214,difficult dog,individual_solar_1,p1076,25
20215,difficult dog,individual_solar_1,p1083,25
20216,difficult dog,individual_solar_1,p1089,35
20217,difficult dog,individual_solar_1,p1093,35
20218,difficult dog,individual_solar_1,p1096,25
20219,difficult dog,individual_solar_1,p1100,35
20220,difficult dog,individual_solar_1,p1106,35
20221,difficult dog,individual_solar_1,p1107,25
20222,difficult dog,individual_solar_1,p1113,25
20223,difficult dog,individual_solar_1,p1117,10
20224,difficult dog,individual_solar_1,p1120,25
20225,difficult dog,individual_solar_1,p1134,35
20226,difficult dog,individual_solar_1,p1136,25
20227,difficult dog,individual_solar_1,p1138,25
20228,difficult dog,individual_solar_1,p1144,25
20229,difficult dog,individual_solar_1,p1145,35
20230,difficult dog,individual_solar_1,p1147,35
20231,difficult dog,individual_solar_1,p1148,35
20232,difficult dog,individual_solar_1,p1154,25
20233,difficult dog,individual_solar_1,p1159,25
20234,difficult dog,individual_solar_1,p1167,25
20235,difficult dog,individual_solar_1,p1175,25
20236,difficult dog,individual_solar_1,p1178,25
20237,difficult dog,individual_solar_1,p1184,25
20238,difficult dog,individual_solar_1,p1186,35
20239,difficult dog,individual_solar_1,p1196,25
20240,difficult dog,individual_solar_1,p1197,25
20241,difficult dog,individual_solar_1,p1203,35
20242,difficult dog,individual_solar_1,p1219,25
20243,difficult dog,individual_solar_1,p1225,25
20244,difficult dog,individual_solar_1,p1234,35
20245,difficult dog,individual_solar_1,p1242,25
20246,difficult dog,individual_solar_1,p1244,25
20247,difficult dog,individual_solar_1,p1249,25
20248,difficult dog,individual_solar_1,p1250,25
20249,difficult dog,individual_solar_1,p1256,25
20250,difficult dog,individual_solar_1,p1258,35
20251,difficult dog,individual_solar_1,p1260,35
20252,difficult dog,individual_solar_1,p1262,25
20253,difficult dog,individual_solar_1,p1264,25
20254,difficult dog,individual_solar_1,p1265,35
20255,difficult dog,individual_solar_1,p1269,25
20256,difficult dog,individual_solar_1,p1272,25
20257,difficult dog,individual_solar_1,p1278,35
20258,difficult dog,individual_solar_1,p1281,25
20259,difficult dog,individual_solar_1,p1292,25
20260,difficult dog,individual_solar_1,p1299,35
20261,difficult dog,individual_solar_1,p1312,35
20262,difficult dog,individual_solar_1,p1322,25
20263,difficult dog,individual_solar_1,p1326,25
20264,difficult dog,individual_solar_1,p1330,35
20265,difficult dog,individual_solar_1,p1335,25
20266,difficult dog,individual_solar_1,p1337,25
20267,difficult dog,individual_solar_1,p1340,35
20268,difficult dog,individual_solar_1,p1345,35
20269,difficult dog,individual_solar_1,p1351,15
20270,difficult dog,individual_solar_1,p1355,25
20271,difficult dog,individual_solar_1,p1362,25
20272,difficult dog,individual_solar_1,p1365,25
20273,difficult dog,individual_solar_1,p1366,25
20274,difficult dog,individual_solar_1,p1367,25
20275,difficult dog,individual_solar_1,p1370,25
20276,difficult dog,individual_solar_1,p1371,25
20277,difficult dog,individual_solar_1,p1373,25
20278,difficult dog,individual_solar_1,p1375,25
20279,difficult dog,individual_solar_1,p1376,25
20280,difficult dog,individual_solar_1,p1379,25
20281,difficult dog,individual_solar_1,p1381,25
20282,difficult dog,individual_solar_1,p1393,25
20283,difficult dog,individual_solar_1,p1396,25
20284,difficult dog,individual_solar_1,p1398,35
20285,difficult dog,individual_solar_1,p1404,25
20286,difficult dog,individual_solar_1,p1406,25
20287,difficult dog,individual_solar_1,p1407,25
20288,difficult dog,individual_solar_1,p1409,25
20289,difficult dog,individual_solar_1,p1412,25
20290,difficult dog,individual_solar_1,p1414,35
20291,difficult dog,individual_solar_1,p1424,25
20292,difficult dog,individual_solar_1,p1425,25
20293,difficult dog,individual_solar_1,p1429,25
20294,difficult dog,individual_solar_1,p1434,35
20295,difficult dog,individual_solar_1,p1441,25
20296,difficult dog,individual_solar_1,p1445,25
20297,difficult dog,individual_solar_1,p1450,25
20298,difficult dog,individual_solar_1,p1454,25
20299,difficult dog,individual_solar_1,p1456,20
20300,difficult dog,individual_solar_1,p1457,25
20301,difficult dog,individual_solar_1,p1458,35
20302,difficult dog,individual_solar_1,p1469,35
20303,difficult dog,individual_solar_1,p1470,25
20304,difficult dog,individual_solar_1,p1481,25
20305,difficult dog,individual_solar_1,p1488,25
20306,difficult dog,individual_solar_1,p1492,25
20307,difficult dog,individual_solar_1,p1495,25
20308,difficult dog,individual_solar_1,p1497,25
20309,difficult dog,individual_solar_1,p1499,35
20310,difficult dog,individual_solar_1,p1503,25
20311,difficult dog,individual_solar_1,p1511,35
20312,difficult dog,individual_solar_1,p1512,25
20313,difficult dog,individual_solar_1,p1518,25
20314,difficult dog,individual_solar_1,p1519,25
20315,difficult dog,individual_solar_1,p1520,25
20316,difficult dog,individual_solar_1,p1524,25
20317,difficult dog,individual_solar_1,p1526,25
20318,difficult dog,individual_solar_1,p1537,25
20319,difficult dog,individual_solar_1,p1545,25
20320,difficult dog,individual_solar_1,p1547,25
20321,difficult dog,individual_solar_1,p1552,35
20322,difficult dog,individual_solar_1,p1567,25
20323,difficult dog,individual_solar_1,p1568,25
20324,difficult dog,individual_solar_1,p1579,25
20325,difficult dog,individual_solar_1,p1587,15
20326,difficult dog,individual_solar_1,p1596,25
20327,difficult dog,individual_solar_1,p1600,35
20328,difficult dog,individual_solar_1,p1603,25
20329,difficult dog,individual_solar_1,p1604,25
20330,difficult dog,individual_solar_1,p1610,25
20331,difficult dog,individual_solar_1,p1618,25
20332,difficult dog,individual_solar_1,p1619,35
20333,difficult dog,individual_solar_1,p1622,25
20334,difficult dog,individual_solar_1,p1623,15
20335,difficult dog,individual_solar_1,p1630,25
20336,difficult dog,individual_solar_1,p1641,25
20337,difficult dog,individual_solar_1,p1649,25
20338,difficult dog,individual_solar_1,p1652,25
20339,difficult dog,individual_solar_1,p1665,35
20340,difficult dog,individual_solar_1,p1669,25
20341,difficult dog,individual_solar_1,p1685,25
20342,difficult dog,individual_solar_1,p1693,25
20343,difficult dog,individual_solar_1,p1698,25
20344,difficult dog,individual_solar_1,p1704,35
20345,difficult dog,individual_solar_1,p1711,35
20346,difficult dog,individual_solar_1,p1718,25
20347,difficult dog,individual_solar_1,p1732,25
20348,difficult dog,individual_solar_1,p1739,25
20349,difficult dog,individual_solar_1,p1741,25
20350,difficult dog,individual_solar_1,p1746,25
20351,difficult dog,individual_solar_1,p1751,25
20352,difficult dog,individual_solar_1,p1754,25
20353,difficult dog,individual_solar_1,p1769,25
20354,difficult dog,individual_solar_1,p1771,25
20355,difficult dog,individual_solar_1,p1776,25
20356,difficult dog,individual_solar_1,p1780,35
20357,difficult dog,individual_solar_1,p1785,25
20358,difficult dog,individual_solar_1,p1791,35
20359,difficult dog,individual_solar_1,p1793,25
20360,difficult dog,individual_solar_1,p1796,25
20361,difficult dog,individual_solar_1,p1805,25
20362,difficult dog,individual_solar_1,p1812,35
20363,difficult dog,individual_solar_1,p1816,25
20364,difficult dog,individual_solar_1,p1819,25
20365,difficult dog,individual_solar_1,p1825,25
20366,difficult dog,individual_solar_1,p1836,25
20367,difficult dog,individual_solar_1,p1839,25
20368,difficult dog,individual_solar_1,p1861,25
20369,difficult dog,individual_solar_1,p1863,25
20370,difficult dog,individual_solar_1,p1873,35
20371,difficult dog,individual_solar_1,p1875,25
20372,difficult dog,individual_solar_1,p1876,35
20373,difficult dog,individual_solar_1,p1877,25
20374,difficult dog,individual_solar_1,p1880,25
20375,difficult dog,individual_solar_1,p1883,25
20376,difficult dog,individual_solar_1,p1889,15
20377,difficult dog,individual_solar_1,p1893,25
20378,difficult dog,individual_solar_1,p1896,25
20379,difficult dog,individual_solar_1,p1913,35
20380,difficult dog,individual_solar_1,p1922,25
20381,difficult dog,individual_solar_1,p1930,35
20382,difficult dog,individual_solar_1,p1935,35
20383,difficult dog,individual_solar_1,p1940,25
20384,difficult dog,individual_solar_1,p1948,25
20385,difficult dog,individual_solar_1,p1950,25
20386,difficult dog,individual_solar_1,p1954,25
20387,difficult dog,individual_solar_1,p1956,25
20388,difficult dog,individual_solar_1,p1958,25
20389,difficult dog,individual_solar_1,p1967,35
20390,difficult dog,individual_solar_1,p1973,35
20391,difficult dog,individual_solar_1,p1978,25
20392,difficult dog,individual_solar_1,p1983,25
20393,difficult dog,individual_solar_1,p1984,25
20394,difficult dog,individual_solar_1,p1995,25
20395,difficult dog,individual_solar_1,p1996,25
20396,difficult dog,individual_solar_1,p1997,25
20397,difficult dog,individual_solar_1,p2001,35
20398,difficult dog,individual_solar_1,p2002,25
20399,difficult dog,individual_solar_1,p2013,35
20400,difficult dog,individual_solar_1,p2014,25
20401,difficult dog,individual_solar_1,p2016,35
20402,difficult dog,individual_solar_1,p2018,25
20403,difficult dog,individual_solar_1,p2023,25
20404,difficult dog,individual_solar_1,p2025,25
20405,difficult dog,individual_solar_1,p2028,25
20406,difficult dog,individual_solar_1,p2030,25
20407,difficult dog,individual_solar_1,p2033,35
20408,difficult dog,individual_solar_1,p2040,25
20409,difficult dog,individual_solar_1,p2051,25
20410,difficult dog,individual_solar_1,p2052,25
20411,difficult dog,individual_solar_1,p2066,20
20412,difficult dog,individual_solar_1,p2067,25
20413,difficult dog,individual_solar_1,p2073,35
20414,difficult dog,individual_solar_1,p2077,25
20415,difficult dog,individual_solar_1,p2078,25
20416,difficult dog,individual_solar_1,p2086,25
20417,difficult dog,individual_solar_1,p2089,35
20418,difficult dog,individual_solar_1,p2093,25
20419,difficult dog,individual_solar_1,p2094,25
20420,difficult dog,individual_solar_1,p2111,25
20421,difficult dog,individual_solar_1,p2117,35
20422,difficult dog,individual_solar_1,p2121,25
20423,difficult dog,individual_solar_1,p2127,25
20424,difficult dog,individual_solar_1,p2141,25
20425,difficult dog,individual_solar_1,p2142,25
20426,difficult dog,individual_solar_1,p2143,35
20427,difficult dog,individual_solar_1,p2153,25
20428,difficult dog,individual_solar_1,p2155,25
20429,difficult dog,individual_solar_1,p2169,15
20430,difficult dog,individual_solar_1,p2187,25
20431,difficult dog,individual_solar_1,p2188,25
20432,difficult dog,individual_solar_1,p2197,25
20433,difficult dog,individual_solar_1,p2213,25
20434,difficult dog,individual_solar_1,p2214,25
20435,difficult dog,individual_solar_1,p2215,25
20436,difficult dog,individual_solar_1,p2220,35
20437,difficult dog,individual_solar_1,p2223,25
20438,difficult dog,individual_solar_1,p2229,25
20439,difficult dog,individual_solar_1,p2234,25
20440,difficult dog,individual_solar_1,p2237,25
20441,difficult dog,individual_solar_1,p2238,25
20442,difficult dog,individual_solar_1,p2244,25
20443,difficult dog,individual_solar_1,p2248,25
20444,difficult dog,individual_solar_1,p2252,35
20445,difficult dog,individual_solar_1,p2255,10
20446,difficult dog,individual_solar_1,p2261,20
20447,difficult dog,individual_solar_1,p2263,25
20448,difficult dog,individual_solar_1,p2273,25
20449,difficult dog,individual_solar_1,p2275,25
20450,difficult dog,individual_solar_1,p2276,25
20451,difficult dog,individual_solar_1,p2283,25
20452,difficult dog,individual_solar_1,p2287,25
20453,difficult dog,individual_solar_1,p2296,25
20454,difficult dog,individual_solar_1,p2298,25
20455,difficult dog,individual_solar_1,p2304,25
20456,difficult dog,individual_solar_1,p2310,25
20457,difficult dog,individual_solar_1,p2322,25
20458,difficult dog,individual_solar_1,p2326,25
20459,difficult dog,individual_solar_1,p2330,25
20460,difficult dog,individual_solar_1,p2331,15
20461,difficult dog,individual_solar_1,p2333,25
20462,difficult dog,individual_solar_1,p2347,25
20463,difficult dog,individual_solar_1,p2350,25
20464,difficult dog,individual_solar_1,p2351,25
20465,difficult dog,individual_solar_1,p2353,25
20466,difficult dog,individual_solar_1,p2355,15
20467,difficult dog,individual_solar_1,p2363,25
20468,difficult dog,individual_solar_1,p2378,35
20469,difficult dog,individual_solar_1,p2380,25
20470,difficult dog,individual_solar_1,p2387,25
20471,difficult dog,individual_solar_1,p2398,25
20472,difficult dog,individual_solar_1,p2400,35
20473,difficult dog,individual_solar_1,p2403,25
20474,difficult dog,individual_solar_1,p2408,25
20475,difficult dog,individual_solar_1,p2418,25
20476,difficult dog,individual_solar_1,p2426,25
20477,difficult dog,individual_solar_1,p2428,25
20478,difficult dog,individual_solar_1,p2434,25
20479,difficult dog,individual_solar_1,p2446,25
20480,difficult dog,individual_solar_1,p2452,25
20481,difficult dog,individual_solar_1,p2454,25
20482,difficult dog,individual_solar_1,p2462,25
20483,difficult dog,individual_solar_1,p2467,15
20484,difficult dog,individual_solar_1,p2482,25
20485,difficult dog,individual_solar_1,p2489,25
20486,difficult dog,individual_solar_1,p2490,25
20487,difficult dog,individual_solar_1,p2494,25
20488,difficult dog,individual_solar_1,p2502,25
20489,difficult dog,individual_solar_1,p2503,25
20490,difficult dog,individual_solar_1,p2522,25
20491,difficult dog,individual_solar_1,p2524,25
20492,difficult dog,individual_solar_1,p2533,15
20493,difficult dog,individual_solar_1,p2566,25
20494,difficult dog,individual_solar_1,p2571,25
20495,difficult dog,individual_solar_1,p2573,25
20496,difficult dog,individual_solar_1,p2582,25
20497,difficult dog,individual_solar_1,p2591,25
20498,difficult dog,individual_solar_1,p2592,25
20499,difficult dog,individual_solar_1,p2595,25
20500,difficult dog,individual_fly_1,p0016,35
20501,difficult dog,individual_fly_1,p0022,35
20502,difficult dog,individual_fly_1,p0023,35
20503,difficult dog,individual_fly_1,p0026,35
20504,difficult dog,individual_fly_1,p0034,25
20505,difficult dog,individual_fly_1,p0036,35
20506,difficult dog,individual_fly_1,p0037,35
20507,difficult dog,individual_fly_1,p0042,35
20508,difficult dog,individual_fly_1,p0057,35
20509,difficult dog,individual_fly_1,p0066,35
20510,difficult dog,individual_fly_1,p0069,25
20511,difficult dog,individual_fly_1,p0072,25
20512,difficult dog,individual_fly_1,p0073,35
20513,difficult dog,individual_fly_1,p0082,35
20514,difficult dog,individual_fly_1,p0091,35
20515,difficult dog,individual_fly_1,p0092,35
20516,difficult dog,individual_fly_1,p0093,35
20517,difficult dog,individual_fly_1,p0095,25
20518,difficult dog,individual_fly_1,p0107,35
20519,difficult dog,individual_fly_1,p0114,25
20520,difficult dog,individual_fly_1,p0116,35
20521,difficult dog,individual_fly_1,p0118,35
20522,difficult dog,individual_fly_1,p0119,25
20523,difficult dog,individual_fly_1,p0126,35
20524,difficult dog,individual_fly_1,p0129,35
20525,difficult dog,individual_fly_1,p0136,35
20526,difficult dog,individual_fly_1,p0138,35
20527,difficult dog,individual_fly_1,p0144,35
20528,difficult dog,individual_fly_1,p0150,35
20529,difficult dog,individual_fly_1,p0152,25
20530,difficult dog,individual_fly_1,p0158,35
20531,difficult dog,individual_fly_1,p0161,25
20532,difficult dog,individual_fly_1,p0164,25
20533,difficult dog,individual_fly_1,p0175,35
20534,difficult dog,individual_fly_1,p0177,35
20535,difficult dog,individual_fly_1,p0178,25
20536,difficult dog,individual_fly_1,p0181,25
20537,difficult dog,individual_fly_1,p0186,35
20538,difficult dog,individual_fly_1,p0196,35
20539,difficult dog,individual_fly_1,p0198,35
20540,difficult dog,individual_fly_1,p0202,35
20541,difficult dog,individual_fly_1,p0205,35
20542,difficult dog,individual_fly_1,p0207,25
20543,difficult dog,individual_fly_1,p0211,35
20544,difficult dog,individual_fly_1,p0227,35
20545,difficult dog,individual_fly_1,p0229,25
20546,difficult dog,individual_fly_1,p0232,35
20547,difficult dog,individual_fly_1,p0233,25
20548,difficult dog,individual_fly_1,p0237,25
20549,difficult dog,individual_fly_1,p0258,35
20550,difficult dog,individual_fly_1,p0268,35
20551,difficult dog,individual_fly_1,p0274,35
20552,difficult dog,individual_fly_1,p0275,25
20553,difficult dog,individual_fly_1,p0277,35
20554,difficult dog,individual_fly_1,p0288,25
20555,difficult dog,individual_fly_1,p0291,35
20556,difficult dog,individual_fly_1,p0307,35
20557,difficult dog,individual_fly_1,p0308,35
20558,difficult dog,individual_fly_1,p0317,25
20559,difficult dog,individual_fly_1,p0325,35
20560,difficult dog,individual_fly_1,p0327,35
20561,difficult dog,individual_fly_1,p0334,25
20562,difficult dog,individual_fly_1,p0336,35
20563,difficult dog,individual_fly_1,p0338,35
20564,difficult dog,individual_fly_1,p0342,35
20565,difficult dog,individual_fly_1,p0349,35
20566,difficult dog,individual_fly_1,p0356,25
20567,difficult dog,individual_fly_1,p0358,35
20568,difficult dog,individual_fly_1,p0363,35
20569,difficult dog,individual_fly_1,p0364,35
20570,difficult dog,individual_fly_1,p0369,25
20571,difficult dog,individual_fly_1,p0370,25
20572,difficult dog,individual_fly_1,p0371,25
20573,difficult dog,individual_fly_1,p0379,35
20574,difficult dog,individual_fly_1,p0386,25
20575,difficult dog,individual_fly_1,p0396,35
20576,difficult dog,individual_fly_1,p0403,35
20577,difficult dog,individual_fly_1,p0405,35
20578,difficult dog,individual_fly_1,p0412,35
20579,difficult dog,individual_fly_1,p0415,25
20580,difficult dog,individual_fly_1,p0416,35
20581,difficult dog,individual_fly_1,p0417,25
20582,difficult dog,individual_fly_1,p0418,25
20583,difficult dog,individual_fly_1,p0430,25
20584,difficult dog,individual_fly_1,p0431,35
20585,difficult dog,individual_fly_1,p0434,25
20586,difficult dog,individual_fly_1,p0438,35
20587,difficult dog,individual_fly_1,p0441,35
20588,difficult dog,individual_fly_1,p0442,35
20589,difficult dog,individual_fly_1,p0449,35
20590,difficult dog,individual_fly_1,p0450,25
20591,difficult dog,individual_fly_1,p0465,35
20592,difficult dog,individual_fly_1,p0471,35
20593,difficult dog,individual_fly_1,p0477,35
20594,difficult dog,individual_fly_1,p0483,25
20595,difficult dog,individual_fly_1,p0486,35
20596,difficult dog,individual_fly_1,p0487,35
20597,difficult dog,individual_fly_1,p0489,35
20598,difficult dog,individual_fly_1,p0497,25
20599,difficult dog,individual_fly_1,p0502,25
20600,difficult dog,individual_fly_1,p0503,35
20601,difficult dog,individual_fly_1,p0506,35
20602,difficult dog,individual_fly_1,p0511,25
20603,difficult dog,individual_fly_1,p0523,25
20604,difficult dog,individual_fly_1,p0534,35
20605,difficult dog,individual_fly_1,p0536,35
20606,difficult dog,individual_fly_1,p0542,25
20607,difficult dog,individual_fly_1,p0547,35
20608,difficult dog,individual_fly_1,p0553,25
20609,difficult dog,individual_fly_1,p0559,35
20610,difficult dog,individual_fly_1,p0566,35
20611,difficult dog,individual_fly_1,p0568,35
20612,difficult dog,individual_fly_1,p0570,25
20613,difficult dog,individual_fly_1,p0573,35
20614,difficult dog,individual_fly_1,p0578,35
20615,difficult dog,individual_fly_1,p0594,35
20616,difficult dog,individual_fly_1,p0597,35
20617,difficult dog,individual_fly_1,p0601,35
20618,difficult dog,individual_fly_1,p0602,25
20619,difficult dog,individual_fly_1,p0605,35
20620,difficult dog,individual_fly_1,p0615,35
20621,difficult dog,individual_fly_1,p0620,35
20622,difficult dog,individual_fly_1,p0626,35
20623,difficult dog,individual_fly_1,p0629,35
20624,difficult dog,individual_fly_1,p0633,35
20625,difficult dog,individual_fly_1,p0638,25
20626,difficult dog,individual_fly_1,p0639,25
20627,difficult dog,individual_fly_1,p0640,25
20628,difficult dog,individual_fly_1,p0655,25
20629,difficult dog,individual_fly_1,p0656,35
20630,difficult dog,individual_fly_1,p0658,25
20631,difficult dog,individual_fly_1,p0661,35
20632,difficult dog,individual_fly_1,p0669,35
20633,difficult dog,individual_fly_1,p0670,35
20634,difficult dog,individual_fly_1,p0672,35
20635,difficult dog,individual_fly_1,p0674,25
20636,difficult dog,individual_fly_1,p0678,25
20637,difficult dog,individual_fly_1,p0683,25
20638,difficult dog,individual_fly_1,p0686,35
20639,difficult dog,individual_fly_1,p0687,35
20640,difficult dog,individual_fly_1,p0698,25
20641,difficult dog,individual_fly_1,p0700,25
20642,difficult dog,individual_fly_1,p0703,25
20643,difficult dog,individual_fly_1,p0718,35
20644,difficult dog,individual_fly_1,p0744,25
20645,difficult dog,individual_fly_1,p0745,35
20646,difficult dog,individual_fly_1,p0753,35
20647,difficult dog,individual_fly_1,p0770,35
20648,difficult dog,individual_fly_1,p0771,35
20649,difficult dog,individual_fly_1,p0777,35
20650,difficult dog,individual_fly_1,p0779,25
20651,difficult dog,individual_fly_1,p0780,35
20652,difficult dog,individual_fly_1,p0783,35
20653,difficult dog,individual_fly_1,p0785,35
20654,difficult dog,individual_fly_1,p0786,35
20655,difficult dog,individual_fly_1,p0794,25
20656,difficult dog,individual_fly_1,p0798,25
20657,difficult dog,individual_fly_1,p0800,35
20658,difficult dog,individual_fly_1,p0820,25
20659,difficult dog,individual_fly_1,p0841,25
20660,difficult dog,individual_fly_1,p0849,35
20661,difficult dog,individual_fly_1,p0862,25
20662,difficult dog,individual_fly_1,p0867,35
20663,difficult dog,individual_fly_1,p0869,35
20664,difficult dog,individual_fly_1,p0872,35
20665,difficult dog,individual_fly_1,p0880,35
20666,difficult dog,individual_fly_1,p0891,25
20667,difficult dog,individual_fly_1,p0916,25
20668,difficult dog,individual_fly_1,p0917,35
20669,difficult dog,individual_fly_1,p0919,25
20670,difficult dog,individual_fly_1,p0922,25
20671,difficult dog,individual_fly_1,p0925,35
20672,difficult dog,individual_fly_1,p0927,35
20673,difficult dog,individual_fly_1,p0929,35
20674,difficult dog,individual_fly_1,p0930,35
20675,difficult dog,individual_fly_1,p0931,35
20676,difficult dog,individual_fly_1,p0933,35
20677,difficult dog,individual_fly_1,p0934,25
20678,difficult dog,individual_fly_1,p0936,35
20679,difficult dog,individual_fly_1,p0938,25
20680,difficult dog,individual_fly_1,p0939,35
20681,difficult dog,individual_fly_1,p0946,35
20682,difficult dog,individual_fly_1,p0951,35
20683,difficult dog,individual_fly_1,p0956,35
20684,difficult dog,individual_fly_1,p0962,15
20685,difficult dog,individual_fly_1,p0963,35
20686,difficult dog,individual_fly_1,p0969,25
20687,difficult dog,individual_fly_1,p0972,25
20688,difficult dog,individual_fly_1,p0975,35
20689,difficult dog,individual_fly_1,p0985,35
20690,difficult dog,individual_fly_1,p0993,25
20691,difficult dog,individual_fly_1,p0996,35
20692,difficult dog,individual_fly_1,p1011,25
20693,difficult dog,individual_fly_1,p1017,35
20694,difficult dog,individual_fly_1,p1020,35
20695,difficult dog,individual_fly_1,p1022,25
20696,difficult dog,individual_fly_1,p1024,35
20697,difficult dog,individual_fly_1,p1027,25
20698,difficult dog,individual_fly_1,p1028,25
20699,difficult dog,individual_fly_1,p1029,25
20700,difficult dog,individual_fly_1,p1032,25
20701,difficult dog,individual_fly_1,p1040,25
20702,difficult dog,individual_fly_1,p1047,35
20703,difficult dog,individual_fly_1,p1048,35
20704,difficult dog,individual_fly_1,p1053,35
20705,difficult dog,individual_fly_1,p1057,35
20706,difficult dog,individual_fly_1,p1058,35
20707,difficult dog,individual_fly_1,p1063,35
20708,difficult dog,individual_fly_1,p1064,35
20709,difficult dog,individual_fly_1,p1065,35
20710,difficult dog,individual_fly_1,p1069,25
20711,difficult dog,individual_fly_1,p1072,35
20712,difficult dog,individual_fly_1,p1073,35
20713,difficult dog,individual_fly_1,p1075,25
20714,difficult dog,individual_fly_1,p1076,35
20715,difficult dog,individual_fly_1,p1083,25
20716,difficult dog,individual_fly_1,p1089,35
20717,difficult dog,individual_fly_1,p1093,35
20718,difficult dog,individual_fly_1,p1096,25
20719,difficult dog,individual_fly_1,p1100,35
20720,difficult dog,individual_fly_1,p1106,35
20721,difficult dog,individual_fly_1,p1107,35
20722,difficult dog,individual_fly_1,p1113,35
20723,difficult dog,individual_fly_1,p1117,15
20724,difficult dog,individual_fly_1,p1120,35
20725,difficult dog,individual_fly_1,p1134,35
20726,difficult dog,individual_fly_1,p1136,35
20727,difficult dog,individual_fly_1,p1138,35
20728,difficult dog,individual_fly_1,p1144,25
20729,difficult dog,individual_fly_1,p1145,25
20730,difficult dog,individual_fly_1,p1147,35
20731,difficult dog,individual_fly_1,p1148,25
20732,difficult dog,individual_fly_1,p1154,35
20733,difficult dog,individual_fly_1,p1159,25
20734,difficult dog,individual_fly_1,p1167,35
20735,difficult dog,individual_fly_1,p1175,35
20736,difficult dog,individual_fly_1,p1178,35
20737,difficult dog,individual_fly_1,p1184,25
20738,difficult dog,individual_fly_1,p1186,35
20739,difficult dog,individual_fly_1,p1196,35
20740,difficult dog,individual_fly_1,p1197,35
20741,difficult dog,individual_fly_1,p1203,35
20742,difficult dog,individual_fly_1,p1219,35
20743,difficult dog,individual_fly_1,p1225,35
20744,difficult dog,individual_fly_1,p1234,35
20745,difficult dog,individual_fly_1,p1242,25
20746,difficult dog,individual_fly_1,p1244,35
20747,difficult dog,individual_fly_1,p1249,35
20748,difficult dog,individual_fly_1,p1250,25
20749,difficult dog,individual_fly_1,p1256,25
20750,difficult dog,individual_fly_1,p1258,35
20751,difficult dog,individual_fly_1,p1260,35
20752,difficult dog,individual_fly_1,p1262,25
20753,difficult dog,individual_fly_1,p1264,25
20754,difficult dog,individual_fly_1,p1265,25
20755,difficult dog,individual_fly_1,p1269,25
20756,difficult dog,individual_fly_1,p1272,35
20757,difficult dog,individual_fly_1,p1278,35
20758,difficult dog,individual_fly_1,p1281,35
20759,difficult dog,individual_fly_1,p1292,25
20760,difficult dog,individual_fly_1,p1299,35
20761,difficult dog,individual_fly_1,p1312,35
20762,difficult dog,individual_fly_1,p1322,35
20763,difficult dog,individual_fly_1,p1326,35
20764,difficult dog,individual_fly_1,p1330,35
20765,difficult dog,individual_fly_1,p1335,25
20766,difficult dog,individual_fly_1,p1337,25
20767,difficult dog,individual_fly_1,p1340,35
20768,difficult dog,individual_fly_1,p1345,35
20769,difficult dog,individual_fly_1,p1351,25
20770,difficult dog,individual_fly_1,p1355,35
20771,difficult dog,individual_fly_1,p1362,25
20772,difficult dog,individual_fly_1,p1365,35
20773,difficult dog,individual_fly_1,p1366,35
20774,difficult dog,individual_fly_1,p1367,35
20775,difficult dog,individual_fly_1,p1370,25
20776,difficult dog,individual_fly_1,p1371,25
20777,difficult dog,individual_fly_1,p1373,35
20778,difficult dog,individual_fly_1,p1375,25
20779,difficult dog,individual_fly_1,p1376,25
20780,difficult dog,individual_fly_1,p1379,25
20781,difficult dog,individual_fly_1,p1381,35
20782,difficult dog,individual_fly_1,p1393,35
20783,difficult dog,individual_fly_1,p1396,25
20784,difficult dog,individual_fly_1,p1398,35
20785,difficult dog,individual_fly_1,p1404,25
20786,difficult dog,individual_fly_1,p1406,25
20787,difficult dog,individual_fly_1,p1407,35
20788,difficult dog,individual_fly_1,p1409,35
20789,difficult dog,individual_fly_1,p1412,35
20790,difficult dog,individual_fly_1,p1414,25
20791,difficult dog,individual_fly_1,p1424,25
20792,difficult dog,individual_fly_1,p1425,35
20793,difficult dog,individual_fly_1,p1429,35
20794,difficult dog,individual_fly_1,p1434,35
20795,difficult dog,individual_fly_1,p1441,25
20796,difficult dog,individual_fly_1,p1445,25
20797,difficult dog,individual_fly_1,p1450,35
20798,difficult dog,individual_fly_1,p1454,35
20799,difficult dog,individual_fly_1,p1456,25
20800,difficult dog,individual_fly_1,p1457,35
20801,difficult dog,individual_fly_1,p1458,35
20802,difficult dog,individual_fly_1,p1469,35
20803,difficult dog,individual_fly_1,p1470,25
20804,difficult dog,individual_fly_1,p1481,25
20805,difficult dog,individual_fly_1,p1488,35
20806,difficult dog,individual_fly_1,p1492,25
20807,difficult dog,individual_fly_1,p1495,25
20808,difficult dog,individual_fly_1,p1497,25
20809,difficult dog,individual_fly_1,p1499,35
20810,difficult dog,individual_fly_1,p1503,35
20811,difficult dog,individual_fly_1,p1511,35
20812,difficult dog,individual_fly_1,p1512,25
20813,difficult dog,individual_fly_1,p1518,35
20814,difficult dog,individual_fly_1,p1519,35
20815,difficult dog,individual_fly_1,p1520,35
20816,difficult dog,individual_fly_1,p1524,35
20817,difficult dog,individual_fly_1,p1526,25
20818,difficult dog,individual_fly_1,p1537,25
20819,difficult dog,individual_fly_1,p1545,35
20820,difficult dog,individual_fly_1,p1547,35
20821,difficult dog,individual_fly_1,p1552,15
20822,difficult dog,individual_fly_1,p1567,35
20823,difficult dog,individual_fly_1,p1568,35
20824,difficult dog,individual_fly_1,p1579,25
20825,difficult dog,individual_fly_1,p1587,25
20826,difficult dog,individual_fly_1,p1596,35
20827,difficult dog,individual_fly_1,p1600,35
20828,difficult dog,individual_fly_1,p1603,35
20829,difficult dog,individual_fly_1,p1604,25
20830,difficult dog,individual_fly_1,p1610,25
20831,difficult dog,individual_fly_1,p1618,25
20832,difficult dog,individual_fly_1,p1619,25
20833,difficult dog,individual_fly_1,p1622,25
20834,difficult dog,individual_fly_1,p1623,25
20835,difficult dog,individual_fly_1,p1630,25
20836,difficult dog,individual_fly_1,p1641,35
20837,difficult dog,individual_fly_1,p1649,35
20838,difficult dog,individual_fly_1,p1652,25
20839,difficult dog,individual_fly_1,p1665,35
20840,difficult dog,individual_fly_1,p1669,35
20841,difficult dog,individual_fly_1,p1685,25
20842,difficult dog,individual_fly_1,p1693,35
20843,difficult dog,individual_fly_1,p1698,35
20844,difficult dog,individual_fly_1,p1704,35
20845,difficult dog,individual_fly_1,p1711,35
20846,difficult dog,individual_fly_1,p1718,25
20847,difficult dog,individual_fly_1,p1732,35
20848,difficult dog,individual_fly_1,p1739,35
20849,difficult dog,individual_fly_1,p1741,35
20850,difficult dog,individual_fly_1,p1746,35
20851,difficult dog,individual_fly_1,p1751,25
20852,difficult dog,individual_fly_1,p1754,25
20853,difficult dog,individual_fly_1,p1769,25
20854,difficult dog,individual_fly_1,p1771,25
20855,difficult dog,individual_fly_1,p1776,35
20856,difficult dog,individual_fly_1,p1780,35
20857,difficult dog,individual_fly_1,p1785,25
20858,difficult dog,individual_fly_1,p1791,25
20859,difficult dog,individual_fly_1,p1793,25
20860,difficult dog,individual_fly_1,p1796,25
20861,difficult dog,individual_fly_1,p1805,35
20862,difficult dog,individual_fly_1,p1812,35
20863,difficult dog,individual_fly_1,p1816,35
20864,difficult dog,individual_fly_1,p1819,35
20865,difficult dog,individual_fly_1,p1825,35
20866,difficult dog,individual_fly_1,p1836,25
20867,difficult dog,individual_fly_1,p1839,25
20868,difficult dog,individual_fly_1,p1861,25
20869,difficult dog,individual_fly_1,p1863,35
20870,difficult dog,individual_fly_1,p1873,35
20871,difficult dog,individual_fly_1,p1875,35
20872,difficult dog,individual_fly_1,p1876,35
20873,difficult dog,individual_fly_1,p1877,25
20874,difficult dog,individual_fly_1,p1880,35
20875,difficult dog,individual_fly_1,p1883,35
20876,difficult dog,individual_fly_1,p1889,25
20877,difficult dog,individual_fly_1,p1893,25
20878,difficult dog,individual_fly_1,p1896,35
20879,difficult dog,individual_fly_1,p1913,35
20880,difficult dog,individual_fly_1,p1922,25
20881,difficult dog,individual_fly_1,p1930,35
20882,difficult dog,individual_fly_1,p1935,25
20883,difficult dog,individual_fly_1,p1940,35
20884,difficult dog,individual_fly_1,p1948,25
20885,difficult dog,individual_fly_1,p1950,35
20886,difficult dog,individual_fly_1,p1954,35
20887,difficult dog,individual_fly_1,p1956,25
20888,difficult dog,individual_fly_1,p1958,35
20889,difficult dog,individual_fly_1,p1967,35
20890,difficult dog,individual_fly_1,p1973,25
20891,difficult dog,individual_fly_1,p1978,35
20892,difficult dog,individual_fly_1,p1983,25
20893,difficult dog,individual_fly_1,p1984,35
20894,difficult dog,individual_fly_1,p1995,35
20895,difficult dog,individual_fly_1,p1996,35
20896,difficult dog,individual_fly_1,p1997,35
20897,difficult dog,individual_fly_1,p2001,25
20898,difficult dog,individual_fly_1,p2002,35
20899,difficult dog,individual_fly_1,p2013,35
20900,difficult dog,individual_fly_1,p2014,35
20901,difficult dog,individual_fly_1,p2016,35
20902,difficult dog,individual_fly_1,p2018,35
20903,difficult dog,individual_fly_1,p2023,25
20904,difficult dog,individual_fly_1,p2025,35
20905,difficult dog,individual_fly_1,p2028,25
20906,difficult dog,individual_fly_1,p2030,35
20907,difficult dog,individual_fly_1,p2033,35
20908,difficult dog,individual_fly_1,p2040,25
20909,difficult dog,individual_fly_1,p2051,25
20910,difficult dog,individual_fly_1,p2052,35
20911,difficult dog,individual_fly_1,p2066,25
20912,difficult dog,individual_fly_1,p2067,25
20913,difficult dog,individual_fly_1,p2073,35
20914,difficult dog,individual_fly_1,p2077,35
20915,difficult dog,individual_fly_1,p2078,35
20916,difficult dog,individual_fly_1,p2086,35
20917,difficult dog,individual_fly_1,p2089,25
20918,difficult dog,individual_fly_1,p2093,25
20919,difficult dog,individual_fly_1,p2094,35
20920,difficult dog,individual_fly_1,p2111,35
20921,difficult dog,individual_fly_1,p2117,35
20922,difficult dog,individual_fly_1,p2121,35
20923,difficult dog,individual_fly_1,p2127,35
20924,difficult dog,individual_fly_1,p2141,35
20925,difficult dog,individual_fly_1,p2142,25
20926,difficult dog,individual_fly_1,p2143,35
20927,difficult dog,individual_fly_1,p2153,35
20928,difficult dog,individual_fly_1,p2155,25
20929,difficult dog,individual_fly_1,p2169,35
20930,difficult dog,individual_fly_1,p2187,25
20931,difficult dog,individual_fly_1,p2188,45
20932,difficult dog,individual_fly_1,p2197,25
20933,difficult dog,individual_fly_1,p2213,35
20934,difficult dog,individual_fly_1,p2214,35
20935,difficult dog,individual_fly_1,p2215,25
20936,difficult dog,individual_fly_1,p2220,35
20937,difficult dog,individual_fly_1,p2223,25
20938,difficult dog,individual_fly_1,p2229,35
20939,difficult dog,individual_fly_1,p2234,35
20940,difficult dog,individual_fly_1,p2237,35
20941,difficult dog,individual_fly_1,p2238,25
20942,difficult dog,individual_fly_1,p2244,25
20943,difficult dog,individual_fly_1,p2248,35
20944,difficult dog,individual_fly_1,p2252,25
20945,difficult dog,individual_fly_1,p2255,25
20946,difficult dog,individual_fly_1,p2261,25
20947,difficult dog,individual_fly_1,p2263,25
20948,difficult dog,individual_fly_1,p2273,35
20949,difficult dog,individual_fly_1,p2275,35
20950,difficult dog,individual_fly_1,p2276,35
20951,difficult dog,individual_fly_1,p2283,25
20952,difficult dog,individual_fly_1,p2287,35
20953,difficult dog,individual_fly_1,p2296,35
20954,difficult dog,individual_fly_1,p2298,35
20955,difficult dog,individual_fly_1,p2304,35
20956,difficult dog,individual_fly_1,p2310,35
20957,difficult dog,individual_fly_1,p2322,25
20958,difficult dog,individual_fly_1,p2326,25
20959,difficult dog,individual_fly_1,p2330,25
20960,difficult dog,individual_fly_1,p2331,25
20961,difficult dog,individual_fly_1,p2333,35
20962,difficult dog,individual_fly_1,p2347,35
20963,difficult dog,individual_fly_1,p2350,35
20964,difficult dog,individual_fly_1,p2351,35
20965,difficult dog,individual_fly_1,p2353,35
20966,difficult dog,individual_fly_1,p2355,25
20967,difficult dog,individual_fly_1,p2363,25
20968,difficult dog,individual_fly_1,p2378,35
20969,difficult dog,individual_fly_1,p2380,25
20970,difficult dog,individual_fly_1,p2387,35
20971,difficult dog,individual_fly_1,p2398,35
20972,difficult dog,individual_fly_1,p2400,25
20973,difficult dog,individual_fly_1,p2403,35
20974,difficult dog,individual_fly_1,p2408,25
20975,difficult dog,individual_fly_1,p2418,25
20976,difficult dog,individual_fly_1,p2426,25
20977,difficult dog,individual_fly_1,p2428,35
20978,difficult dog,individual_fly_1,p2434,25
20979,difficult dog,individual_fly_1,p2446,35
20980,difficult dog,individual_fly_1,p2452,35
20981,difficult dog,individual_fly_1,p2454,25
20982,difficult dog,individual_fly_1,p2462,35
20983,difficult dog,individual_fly_1,p2467,25
20984,difficult dog,individual_fly_1,p2482,35
20985,difficult dog,individual_fly_1,p2489,35
20986,difficult dog,individual_fly_1,p2490,35
20987,difficult dog,individual_fly_1,p2494,35
20988,difficult dog,individual_fly_1,p2502,35
20989,difficult dog,individual_fly_1,p2503,25
20990,difficult dog,individual_fly_1,p2522,25
20991,difficult dog,individual_fly_1,p2524,35
20992,difficult dog,individual_fly_1,p2533,25
20993,difficult dog,individual_fly_1,p2566,25
20994,difficult dog,individual_fly_1,p2571,35
20995,difficult dog,individual_fly_1,p2573,35
20996,difficult dog,individual_fly_1,p2582,35
20997,difficult dog,individual_fly_1,p2591,25
20998,difficult dog,individual_fly_1,p2592,35
20999,difficult dog,individual_fly_1,p2595,25
21000,difficult dog,individual_talk_1,p0016,65
21001,difficult dog,individual_talk_1,p0022,65
21002,difficult dog,individual_talk_1,p0023,75
21003,difficult dog,individual_talk_1,p0026,68
21004,difficult dog,individual_talk_1,p0034,65
21005,difficult dog,individual_talk_1,p0036,65
21006,difficult dog,individual_talk_1,p0037,65
21007,difficult dog,individual_talk_1,p0042,68
21008,difficult dog,individual_talk_1,p0057,68
21009,difficult dog,individual_talk_1,p0066,45
21010,difficult dog,individual_talk_1,p0069,65
21011,difficult dog,individual_talk_1,p0072,65
21012,difficult dog,individual_talk_1,p0073,65
21013,difficult dog,individual_talk_1,p0082,68
21014,difficult dog,individual_talk_1,p0091,75
21015,difficult dog,individual_talk_1,p0092,45
21016,difficult dog,individual_talk_1,p0093,65
21017,difficult dog,individual_talk_1,p0095,68
21018,difficult dog,individual_talk_1,p0107,55
21019,difficult dog,individual_talk_1,p0114,65
21020,difficult dog,individual_talk_1,p0116,65
21021,difficult dog,individual_talk_1,p0118,65
21022,difficult dog,individual_talk_1,p0119,65
21023,difficult dog,individual_talk_1,p0126,68
21024,difficult dog,individual_talk_1,p0129,65
21025,difficult dog,individual_talk_1,p0136,45
21026,difficult dog,individual_talk_1,p0138,45
21027,difficult dog,individual_talk_1,p0144,65
21028,difficult dog,individual_talk_1,p0150,45
21029,difficult dog,individual_talk_1,p0152,45
21030,difficult dog,individual_talk_1,p0158,45
21031,difficult dog,individual_talk_1,p0161,65
21032,difficult dog,individual_talk_1,p0164,45
21033,difficult dog,individual_talk_1,p0175,65
21034,difficult dog,individual_talk_1,p0177,68
21035,difficult dog,individual_talk_1,p0178,65
21036,difficult dog,individual_talk_1,p0181,25
21037,difficult dog,individual_talk_1,p0186,45
21038,difficult dog,individual_talk_1,p0196,65
21039,difficult dog,individual_talk_1,p0198,75
21040,difficult dog,individual_talk_1,p0202,65
21041,difficult dog,individual_talk_1,p0205,65
21042,difficult dog,individual_talk_1,p0207,65
21043,difficult dog,individual_talk_1,p0211,65
21044,difficult dog,individual_talk_1,p0227,65
21045,difficult dog,individual_talk_1,p0229,65
21046,difficult dog,individual_talk_1,p0232,65
21047,difficult dog,individual_talk_1,p0233,45
21048,difficult dog,individual_talk_1,p0237,75
21049,difficult dog,individual_talk_1,p0258,65
21050,difficult dog,individual_talk_1,p0268,35
21051,difficult dog,individual_talk_1,p0274,65
21052,difficult dog,individual_talk_1,p0275,35
21053,difficult dog,individual_talk_1,p0277,45
21054,difficult dog,individual_talk_1,p0288,75
21055,difficult dog,individual_talk_1,p0291,65
21056,difficult dog,individual_talk_1,p0307,45
21057,difficult dog,individual_talk_1,p0308,65
21058,difficult dog,individual_talk_1,p0317,45
21059,difficult dog,individual_talk_1,p0325,75
21060,difficult dog,individual_talk_1,p0327,65
21061,difficult dog,individual_talk_1,p0334,65
21062,difficult dog,individual_talk_1,p0336,75
21063,difficult dog,individual_talk_1,p0338,35
21064,difficult dog,individual_talk_1,p0342,65
21065,difficult dog,individual_talk_1,p0349,65
21066,difficult dog,individual_talk_1,p0356,65
21067,difficult dog,individual_talk_1,p0358,68
21068,difficult dog,individual_talk_1,p0363,68
21069,difficult dog,individual_talk_1,p0364,75
21070,difficult dog,individual_talk_1,p0369,65
21071,difficult dog,individual_talk_1,p0370,45
21072,difficult dog,individual_talk_1,p0371,55
21073,difficult dog,individual_talk_1,p0379,55
21074,difficult dog,individual_talk_1,p0386,65
21075,difficult dog,individual_talk_1,p0396,68
21076,difficult dog,individual_talk_1,p0403,68
21077,difficult dog,individual_talk_1,p0405,75
21078,difficult dog,individual_talk_1,p0412,68
21079,difficult dog,individual_talk_1,p0415,45
21080,difficult dog,individual_talk_1,p0416,65
21081,difficult dog,individual_talk_1,p0417,65
21082,difficult dog,individual_talk_1,p0418,45
21083,difficult dog,individual_talk_1,p0430,65
21084,difficult dog,individual_talk_1,p0431,75
21085,difficult dog,individual_talk_1,p0434,25
21086,difficult dog,individual_talk_1,p0438,75
21087,difficult dog,individual_talk_1,p0441,65
21088,difficult dog,individual_talk_1,p0442,35
21089,difficult dog,individual_talk_1,p0449,65
21090,difficult dog,individual_talk_1,p0450,65
21091,difficult dog,individual_talk_1,p0465,65
21092,difficult dog,individual_talk_1,p0471,68
21093,difficult dog,individual_talk_1,p0477,65
21094,difficult dog,individual_talk_1,p0483,65
21095,difficult dog,individual_talk_1,p0486,65
21096,difficult dog,individual_talk_1,p0487,65
21097,difficult dog,individual_talk_1,p0489,65
21098,difficult dog,individual_talk_1,p0497,45
21099,difficult dog,individual_talk_1,p0502,65
21100,difficult dog,individual_talk_1,p0503,65
21101,difficult dog,individual_talk_1,p0506,45
21102,difficult dog,individual_talk_1,p0511,65
21103,difficult dog,individual_talk_1,p0523,55
21104,difficult dog,individual_talk_1,p0534,65
21105,difficult dog,individual_talk_1,p0536,65
21106,difficult dog,individual_talk_1,p0542,35
21107,difficult dog,individual_talk_1,p0547,65
21108,difficult dog,individual_talk_1,p0553,65
21109,difficult dog,individual_talk_1,p0559,68
21110,difficult dog,individual_talk_1,p0566,65
21111,difficult dog,individual_talk_1,p0568,65
21112,difficult dog,individual_talk_1,p0570,35
21113,difficult dog,individual_talk_1,p0573,68
21114,difficult dog,individual_talk_1,p0578,65
21115,difficult dog,individual_talk_1,p0594,45
21116,difficult dog,individual_talk_1,p0597,65
21117,difficult dog,individual_talk_1,p0601,65
21118,difficult dog,individual_talk_1,p0602,45
21119,difficult dog,individual_talk_1,p0605,45
21120,difficult dog,individual_talk_1,p0615,45
21121,difficult dog,individual_talk_1,p0620,68
21122,difficult dog,individual_talk_1,p0626,68
21123,difficult dog,individual_talk_1,p0629,75
21124,difficult dog,individual_talk_1,p0633,45
21125,difficult dog,individual_talk_1,p0638,65
21126,difficult dog,individual_talk_1,p0639,65
21127,difficult dog,individual_talk_1,p0640,55
21128,difficult dog,individual_talk_1,p0655,65
21129,difficult dog,individual_talk_1,p0656,68
21130,difficult dog,individual_talk_1,p0658,45
21131,difficult dog,individual_talk_1,p0661,65
21132,difficult dog,individual_talk_1,p0669,75
21133,difficult dog,individual_talk_1,p0670,65
21134,difficult dog,individual_talk_1,p0672,65
21135,difficult dog,individual_talk_1,p0674,65
21136,difficult dog,individual_talk_1,p0678,68
21137,difficult dog,individual_talk_1,p0683,55
21138,difficult dog,individual_talk_1,p0686,55
21139,difficult dog,individual_talk_1,p0687,65
21140,difficult dog,individual_talk_1,p0698,55
21141,difficult dog,individual_talk_1,p0700,65
21142,difficult dog,individual_talk_1,p0703,55
21143,difficult dog,individual_talk_1,p0718,65
21144,difficult dog,individual_talk_1,p0744,65
21145,difficult dog,individual_talk_1,p0745,65
21146,difficult dog,individual_talk_1,p0753,45
21147,difficult dog,individual_talk_1,p0770,65
21148,difficult dog,individual_talk_1,p0771,68
21149,difficult dog,individual_talk_1,p0777,75
21150,difficult dog,individual_talk_1,p0779,65
21151,difficult dog,individual_talk_1,p0780,45
21152,difficult dog,individual_talk_1,p0783,65
21153,difficult dog,individual_talk_1,p0785,65
21154,difficult dog,individual_talk_1,p0786,45
21155,difficult dog,individual_talk_1,p0794,25
21156,difficult dog,individual_talk_1,p0798,25
21157,difficult dog,individual_talk_1,p0800,68
21158,difficult dog,individual_talk_1,p0820,35
21159,difficult dog,individual_talk_1,p0841,45
21160,difficult dog,individual_talk_1,p0849,45
21161,difficult dog,individual_talk_1,p0862,65
21162,difficult dog,individual_talk_1,p0867,68
21163,difficult dog,individual_talk_1,p0869,75
21164,difficult dog,individual_talk_1,p0872,68
21165,difficult dog,individual_talk_1,p0880,65
21166,difficult dog,individual_talk_1,p0891,65
21167,difficult dog,individual_talk_1,p0916,65
21168,difficult dog,individual_talk_1,p0917,75
21169,difficult dog,individual_talk_1,p0919,65
21170,difficult dog,individual_talk_1,p0922,55
21171,difficult dog,individual_talk_1,p0925,65
21172,difficult dog,individual_talk_1,p0927,65
21173,difficult dog,individual_talk_1,p0929,45
21174,difficult dog,individual_talk_1,p0930,65
21175,difficult dog,individual_talk_1,p0931,45
21176,difficult dog,individual_talk_1,p0933,65
21177,difficult dog,individual_talk_1,p0934,35
21178,difficult dog,individual_talk_1,p0936,68
21179,difficult dog,individual_talk_1,p0938,65
21180,difficult dog,individual_talk_1,p0939,45
21181,difficult dog,individual_talk_1,p0946,65
21182,difficult dog,individual_talk_1,p0951,65
21183,difficult dog,individual_talk_1,p0956,68
21184,difficult dog,individual_talk_1,p0962,45
21185,difficult dog,individual_talk_1,p0963,68
21186,difficult dog,individual_talk_1,p0969,65
21187,difficult dog,individual_talk_1,p0972,45
21188,difficult dog,individual_talk_1,p0975,65
21189,difficult dog,individual_talk_1,p0985,45
21190,difficult dog,individual_talk_1,p0993,65
21191,difficult dog,individual_talk_1,p0996,65
21192,difficult dog,individual_talk_1,p1011,45
21193,difficult dog,individual_talk_1,p1017,35
21194,difficult dog,individual_talk_1,p1020,65
21195,difficult dog,individual_talk_1,p1022,65
21196,difficult dog,individual_talk_1,p1024,45
21197,difficult dog,individual_talk_1,p1027,65
21198,difficult dog,individual_talk_1,p1028,75
21199,difficult dog,individual_talk_1,p1029,45
21200,difficult dog,individual_talk_1,p1032,65
21201,difficult dog,individual_talk_1,p1040,65
21202,difficult dog,individual_talk_1,p1047,55
21203,difficult dog,individual_talk_1,p1048,45
21204,difficult dog,individual_talk_1,p1053,45
21205,difficult dog,individual_talk_1,p1057,65
21206,difficult dog,individual_talk_1,p1058,68
21207,difficult dog,individual_talk_1,p1063,65
21208,difficult dog,individual_talk_1,p1064,65
21209,difficult dog,individual_talk_1,p1065,45
21210,difficult dog,individual_talk_1,p1069,65
21211,difficult dog,individual_talk_1,p1072,65
21212,difficult dog,individual_talk_1,p1073,65
21213,difficult dog,individual_talk_1,p1075,65
21214,difficult dog,individual_talk_1,p1076,65
21215,difficult dog,individual_talk_1,p1083,45
21216,difficult dog,individual_talk_1,p1089,75
21217,difficult dog,individual_talk_1,p1093,68
21218,difficult dog,individual_talk_1,p1096,65
21219,difficult dog,individual_talk_1,p1100,65
21220,difficult dog,individual_talk_1,p1106,65
21221,difficult dog,individual_talk_1,p1107,45
21222,difficult dog,individual_talk_1,p1113,65
21223,difficult dog,individual_talk_1,p1117,35
21224,difficult dog,individual_talk_1,p1120,68
21225,difficult dog,individual_talk_1,p1134,65
21226,difficult dog,individual_talk_1,p1136,35
21227,difficult dog,individual_talk_1,p1138,68
21228,difficult dog,individual_talk_1,p1144,65
21229,difficult dog,individual_talk_1,p1145,75
21230,difficult dog,individual_talk_1,p1147,75
21231,difficult dog,individual_talk_1,p1148,75
21232,difficult dog,individual_talk_1,p1154,75
21233,difficult dog,individual_talk_1,p1159,65
21234,difficult dog,individual_talk_1,p1167,65
21235,difficult dog,individual_talk_1,p1175,65
21236,difficult dog,individual_talk_1,p1178,65
21237,difficult dog,individual_talk_1,p1184,55
21238,difficult dog,individual_talk_1,p1186,65
21239,difficult dog,individual_talk_1,p1196,45
21240,difficult dog,individual_talk_1,p1197,65
21241,difficult dog,individual_talk_1,p1203,65
21242,difficult dog,individual_talk_1,p1219,65
21243,difficult dog,individual_talk_1,p1225,65
21244,difficult dog,individual_talk_1,p1234,65
21245,difficult dog,individual_talk_1,p1242,65
21246,difficult dog,individual_talk_1,p1244,65
21247,difficult dog,individual_talk_1,p1249,68
21248,difficult dog,individual_talk_1,p1250,65
21249,difficult dog,individual_talk_1,p1256,65
21250,difficult dog,individual_talk_1,p1258,75
21251,difficult dog,individual_talk_1,p1260,65
21252,difficult dog,individual_talk_1,p1262,55
21253,difficult dog,individual_talk_1,p1264,55
21254,difficult dog,individual_talk_1,p1265,65
21255,difficult dog,individual_talk_1,p1269,65
21256,difficult dog,individual_talk_1,p1272,65
21257,difficult dog,individual_talk_1,p1278,75
21258,difficult dog,individual_talk_1,p1281,65
21259,difficult dog,individual_talk_1,p1292,55
21260,difficult dog,individual_talk_1,p1299,65
21261,difficult dog,individual_talk_1,p1312,65
21262,difficult dog,individual_talk_1,p1322,65
21263,difficult dog,individual_talk_1,p1326,68
21264,difficult dog,individual_talk_1,p1330,65
21265,difficult dog,individual_talk_1,p1335,65
21266,difficult dog,individual_talk_1,p1337,65
21267,difficult dog,individual_talk_1,p1340,65
21268,difficult dog,individual_talk_1,p1345,65
21269,difficult dog,individual_talk_1,p1351,65
21270,difficult dog,individual_talk_1,p1355,65
21271,difficult dog,individual_talk_1,p1362,65
21272,difficult dog,individual_talk_1,p1365,45
21273,difficult dog,individual_talk_1,p1366,45
21274,difficult dog,individual_talk_1,p1367,45
21275,difficult dog,individual_talk_1,p1370,55
21276,difficult dog,individual_talk_1,p1371,75
21277,difficult dog,individual_talk_1,p1373,65
21278,difficult dog,individual_talk_1,p1375,45
21279,difficult dog,individual_talk_1,p1376,45
21280,difficult dog,individual_talk_1,p1379,55
21281,difficult dog,individual_talk_1,p1381,65
21282,difficult dog,individual_talk_1,p1393,65
21283,difficult dog,individual_talk_1,p1396,75
21284,difficult dog,individual_talk_1,p1398,65
21285,difficult dog,individual_talk_1,p1404,65
21286,difficult dog,individual_talk_1,p1406,55
21287,difficult dog,individual_talk_1,p1407,55
21288,difficult dog,individual_talk_1,p1409,68
21289,difficult dog,individual_talk_1,p1412,65
21290,difficult dog,individual_talk_1,p1414,75
21291,difficult dog,individual_talk_1,p1424,65
21292,difficult dog,individual_talk_1,p1425,65
21293,difficult dog,individual_talk_1,p1429,65
21294,difficult dog,individual_talk_1,p1434,65
21295,difficult dog,individual_talk_1,p1441,55
21296,difficult dog,individual_talk_1,p1445,55
21297,difficult dog,individual_talk_1,p1450,65
21298,difficult dog,individual_talk_1,p1454,68
21299,difficult dog,individual_talk_1,p1456,35
21300,difficult dog,individual_talk_1,p1457,45
21301,difficult dog,individual_talk_1,p1458,75
21302,difficult dog,individual_talk_1,p1469,68
21303,difficult dog,individual_talk_1,p1470,65
21304,difficult dog,individual_talk_1,p1481,65
21305,difficult dog,individual_talk_1,p1488,65
21306,difficult dog,individual_talk_1,p1492,45
21307,difficult dog,individual_talk_1,p1495,65
21308,difficult dog,individual_talk_1,p1497,55
21309,difficult dog,individual_talk_1,p1499,65
21310,difficult dog,individual_talk_1,p1503,68
21311,difficult dog,individual_talk_1,p1511,65
21312,difficult dog,individual_talk_1,p1512,45
21313,difficult dog,individual_talk_1,p1518,65
21314,difficult dog,individual_talk_1,p1519,45
21315,difficult dog,individual_talk_1,p1520,45
21316,difficult dog,individual_talk_1,p1524,65
21317,difficult dog,individual_talk_1,p1526,65
21318,difficult dog,individual_talk_1,p1537,65
21319,difficult dog,individual_talk_1,p1545,68
21320,difficult dog,individual_talk_1,p1547,65
21321,difficult dog,individual_talk_1,p1552,75
21322,difficult dog,individual_talk_1,p1567,65
21323,difficult dog,individual_talk_1,p1568,68
21324,difficult dog,individual_talk_1,p1579,25
21325,difficult dog,individual_talk_1,p1587,35
21326,difficult dog,individual_talk_1,p1596,65
21327,difficult dog,individual_talk_1,p1600,75
21328,difficult dog,individual_talk_1,p1603,65
21329,difficult dog,individual_talk_1,p1604,55
21330,difficult dog,individual_talk_1,p1610,55
21331,difficult dog,individual_talk_1,p1618,65
21332,difficult dog,individual_talk_1,p1619,75
21333,difficult dog,individual_talk_1,p1622,65
21334,difficult dog,individual_talk_1,p1623,35
21335,difficult dog,individual_talk_1,p1630,55
21336,difficult dog,individual_talk_1,p1641,65
21337,difficult dog,individual_talk_1,p1649,45
21338,difficult dog,individual_talk_1,p1652,55
21339,difficult dog,individual_talk_1,p1665,65
21340,difficult dog,individual_talk_1,p1669,65
21341,difficult dog,individual_talk_1,p1685,65
21342,difficult dog,individual_talk_1,p1693,65
21343,difficult dog,individual_talk_1,p1698,65
21344,difficult dog,individual_talk_1,p1704,65
21345,difficult dog,individual_talk_1,p1711,75
21346,difficult dog,individual_talk_1,p1718,45
21347,difficult dog,individual_talk_1,p1732,65
21348,difficult dog,individual_talk_1,p1739,65
21349,difficult dog,individual_talk_1,p1741,75
21350,difficult dog,individual_talk_1,p1746,45
21351,difficult dog,individual_talk_1,p1751,35
21352,difficult dog,individual_talk_1,p1754,65
21353,difficult dog,individual_talk_1,p1769,45
21354,difficult dog,individual_talk_1,p1771,55
21355,difficult dog,individual_talk_1,p1776,65
21356,difficult dog,individual_talk_1,p1780,68
21357,difficult dog,individual_talk_1,p1785,45
21358,difficult dog,individual_talk_1,p1791,65
21359,difficult dog,individual_talk_1,p1793,65
21360,difficult dog,individual_talk_1,p1796,45
21361,difficult dog,individual_talk_1,p1805,65
21362,difficult dog,individual_talk_1,p1812,75
21363,difficult dog,individual_talk_1,p1816,45
21364,difficult dog,individual_talk_1,p1819,68
21365,difficult dog,individual_talk_1,p1825,65
21366,difficult dog,individual_talk_1,p1836,65
21367,difficult dog,individual_talk_1,p1839,65
21368,difficult dog,individual_talk_1,p1861,65
21369,difficult dog,individual_talk_1,p1863,68
21370,difficult dog,individual_talk_1,p1873,65
21371,difficult dog,individual_talk_1,p1875,45
21372,difficult dog,individual_talk_1,p1876,75
21373,difficult dog,individual_talk_1,p1877,65
21374,difficult dog,individual_talk_1,p1880,65
21375,difficult dog,individual_talk_1,p1883,65
21376,difficult dog,individual_talk_1,p1889,35
21377,difficult dog,individual_talk_1,p1893,75
21378,difficult dog,individual_talk_1,p1896,65
21379,difficult dog,individual_talk_1,p1913,65
21380,difficult dog,individual_talk_1,p1922,65
21381,difficult dog,individual_talk_1,p1930,65
21382,difficult dog,individual_talk_1,p1935,65
21383,difficult dog,individual_talk_1,p1940,75
21384,difficult dog,individual_talk_1,p1948,45
21385,difficult dog,individual_talk_1,p1950,65
21386,difficult dog,individual_talk_1,p1954,55
21387,difficult dog,individual_talk_1,p1956,35
21388,difficult dog,individual_talk_1,p1958,65
21389,difficult dog,individual_talk_1,p1967,65
21390,difficult dog,individual_talk_1,p1973,75
21391,difficult dog,individual_talk_1,p1978,68
21392,difficult dog,individual_talk_1,p1983,45
21393,difficult dog,individual_talk_1,p1984,45
21394,difficult dog,individual_talk_1,p1995,65
21395,difficult dog,individual_talk_1,p1996,68
21396,difficult dog,individual_talk_1,p1997,68
21397,difficult dog,individual_talk_1,p2001,65
21398,difficult dog,individual_talk_1,p2002,45
21399,difficult dog,individual_talk_1,p2013,75
21400,difficult dog,individual_talk_1,p2014,45
21401,difficult dog,individual_talk_1,p2016,65
21402,difficult dog,individual_talk_1,p2018,45
21403,difficult dog,individual_talk_1,p2023,75
21404,difficult dog,individual_talk_1,p2025,75
21405,difficult dog,individual_talk_1,p2028,65
21406,difficult dog,individual_talk_1,p2030,68
21407,difficult dog,individual_talk_1,p2033,68
21408,difficult dog,individual_talk_1,p2040,45
21409,difficult dog,individual_talk_1,p2051,65
21410,difficult dog,individual_talk_1,p2052,65
21411,difficult dog,individual_talk_1,p2066,45
21412,difficult dog,individual_talk_1,p2067,75
21413,difficult dog,individual_talk_1,p2073,75
21414,difficult dog,individual_talk_1,p2077,68
21415,difficult dog,individual_talk_1,p2078,65
21416,difficult dog,individual_talk_1,p2086,68
21417,difficult dog,individual_talk_1,p2089,65
21418,difficult dog,individual_talk_1,p2093,35
21419,difficult dog,individual_talk_1,p2094,65
21420,difficult dog,individual_talk_1,p2111,45
21421,difficult dog,individual_talk_1,p2117,65
21422,difficult dog,individual_talk_1,p2121,65
21423,difficult dog,individual_talk_1,p2127,68
21424,difficult dog,individual_talk_1,p2141,65
21425,difficult dog,individual_talk_1,p2142,35
21426,difficult dog,individual_talk_1,p2143,65
21427,difficult dog,individual_talk_1,p2153,45
21428,difficult dog,individual_talk_1,p2155,45
21429,difficult dog,individual_talk_1,p2169,35
21430,difficult dog,individual_talk_1,p2187,65
21431,difficult dog,individual_talk_1,p2188,65
21432,difficult dog,individual_talk_1,p2197,65
21433,difficult dog,individual_talk_1,p2213,45
21434,difficult dog,individual_talk_1,p2214,68
21435,difficult dog,individual_talk_1,p2215,65
21436,difficult dog,individual_talk_1,p2220,68
21437,difficult dog,individual_talk_1,p2223,45
21438,difficult dog,individual_talk_1,p2229,65
21439,difficult dog,individual_talk_1,p2234,75
21440,difficult dog,individual_talk_1,p2237,75
21441,difficult dog,individual_talk_1,p2238,65
21442,difficult dog,individual_talk_1,p2244,65
21443,difficult dog,individual_talk_1,p2248,65
21444,difficult dog,individual_talk_1,p2252,75
21445,difficult dog,individual_talk_1,p2255,25
21446,difficult dog,individual_talk_1,p2261,35
21447,difficult dog,individual_talk_1,p2263,65
21448,difficult dog,individual_talk_1,p2273,65
21449,difficult dog,individual_talk_1,p2275,68
21450,difficult dog,individual_talk_1,p2276,65
21451,difficult dog,individual_talk_1,p2283,45
21452,difficult dog,individual_talk_1,p2287,65
21453,difficult dog,individual_talk_1,p2296,45
21454,difficult dog,individual_talk_1,p2298,55
21455,difficult dog,individual_talk_1,p2304,75
21456,difficult dog,individual_talk_1,p2310,55
21457,difficult dog,individual_talk_1,p2322,45
21458,difficult dog,individual_talk_1,p2326,65
21459,difficult dog,individual_talk_1,p2330,45
21460,difficult dog,individual_talk_1,p2331,65
21461,difficult dog,individual_talk_1,p2333,65
21462,difficult dog,individual_talk_1,p2347,75
21463,difficult dog,individual_talk_1,p2350,65
21464,difficult dog,individual_talk_1,p2351,65
21465,difficult dog,individual_talk_1,p2353,68
21466,difficult dog,individual_talk_1,p2355,65
21467,difficult dog,individual_talk_1,p2363,35
21468,difficult dog,individual_talk_1,p2378,75
21469,difficult dog,individual_talk_1,p2380,65
21470,difficult dog,individual_talk_1,p2387,68
21471,difficult dog,individual_talk_1,p2398,65
21472,difficult dog,individual_talk_1,p2400,65
21473,difficult dog,individual_talk_1,p2403,75
21474,difficult dog,individual_talk_1,p2408,45
21475,difficult dog,individual_talk_1,p2418,65
21476,difficult dog,individual_talk_1,p2426,65
21477,difficult dog,individual_talk_1,p2428,45
21478,difficult dog,individual_talk_1,p2434,65
21479,difficult dog,individual_talk_1,p2446,45
21480,difficult dog,individual_talk_1,p2452,65
21481,difficult dog,individual_talk_1,p2454,45
21482,difficult dog,individual_talk_1,p2462,68
21483,difficult dog,individual_talk_1,p2467,35
21484,difficult dog,individual_talk_1,p2482,65
21485,difficult dog,individual_talk_1,p2489,55
21486,difficult dog,individual_talk_1,p2490,45
21487,difficult dog,individual_talk_1,p2494,45
21488,difficult dog,individual_talk_1,p2502,68
21489,difficult dog,individual_talk_1,p2503,65
21490,difficult dog,individual_talk_1,p2522,65
21491,difficult dog,individual_talk_1,p2524,68
21492,difficult dog,individual_talk_1,p2533,35
21493,difficult dog,individual_talk_1,p2566,65
21494,difficult dog,individual_talk_1,p2571,68
21495,difficult dog,individual_talk_1,p2573,45
21496,difficult dog,individual_talk_1,p2582,65
21497,difficult dog,individual_talk_1,p2591,45
21498,difficult dog,individual_talk_1,p2592,45
21499,difficult dog,individual_talk_1,p2595,45
21500,difficult dog,individual_donate_1,p0016,45
21501,difficult dog,individual_donate_1,p0022,45
21502,difficult dog,individual_donate_1,p0023,65
21503,difficult dog,individual_donate_1,p0026,55
21504,difficult dog,individual_donate_1,p0034,45
21505,difficult dog,individual_donate_1,p0036,45
21506,difficult dog,individual_donate_1,p0037,45
21507,difficult dog,individual_donate_1,p0042,45
21508,difficult dog,individual_donate_1,p0057,45
21509,difficult dog,individual_donate_1,p0066,35
21510,difficult dog,individual_donate_1,p0069,35
21511,difficult dog,individual_donate_1,p0072,65
21512,difficult dog,individual_donate_1,p0073,65
21513,difficult dog,individual_donate_1,p0082,45
21514,difficult dog,individual_donate_1,p0091,65
21515,difficult dog,individual_donate_1,p0092,45
21516,difficult dog,individual_donate_1,p0093,65
21517,difficult dog,individual_donate_1,p0095,45
21518,difficult dog,individual_donate_1,p0107,35
21519,difficult dog,individual_donate_1,p0114,68
21520,difficult dog,individual_donate_1,p0116,45
21521,difficult dog,individual_donate_1,p0118,45
21522,difficult dog,individual_donate_1,p0119,45
21523,difficult dog,individual_donate_1,p0126,35
21524,difficult dog,individual_donate_1,p0129,45
21525,difficult dog,individual_donate_1,p0136,45
21526,difficult dog,individual_donate_1,p0138,35
21527,difficult dog,individual_donate_1,p0144,45
21528,difficult dog,individual_donate_1,p0150,35
21529,difficult dog,individual_donate_1,p0152,45
21530,difficult dog,individual_donate_1,p0158,35
21531,difficult dog,individual_donate_1,p0161,35
21532,difficult dog,individual_donate_1,p0164,35
21533,difficult dog,individual_donate_1,p0175,45
21534,difficult dog,individual_donate_1,p0177,45
21535,difficult dog,individual_donate_1,p0178,65
21536,difficult dog,individual_donate_1,p0181,25
21537,difficult dog,individual_donate_1,p0186,45
21538,difficult dog,individual_donate_1,p0196,45
21539,difficult dog,individual_donate_1,p0198,55
21540,difficult dog,individual_donate_1,p0202,55
21541,difficult dog,individual_donate_1,p0205,35
21542,difficult dog,individual_donate_1,p0207,35
21543,difficult dog,individual_donate_1,p0211,35
21544,difficult dog,individual_donate_1,p0227,65
21545,difficult dog,individual_donate_1,p0229,45
21546,difficult dog,individual_donate_1,p0232,65
21547,difficult dog,individual_donate_1,p0233,35
21548,difficult dog,individual_donate_1,p0237,65
21549,difficult dog,individual_donate_1,p0258,45
21550,difficult dog,individual_donate_1,p0268,25
21551,difficult dog,individual_donate_1,p0274,55
21552,difficult dog,individual_donate_1,p0275,25
21553,difficult dog,individual_donate_1,p0277,35
21554,difficult dog,individual_donate_1,p0288,65
21555,difficult dog,individual_donate_1,p0291,45
21556,difficult dog,individual_donate_1,p0307,35
21557,difficult dog,individual_donate_1,p0308,45
21558,difficult dog,individual_donate_1,p0317,35
21559,difficult dog,individual_donate_1,p0325,68
21560,difficult dog,individual_donate_1,p0327,65
21561,difficult dog,individual_donate_1,p0334,45
21562,difficult dog,individual_donate_1,p0336,55
21563,difficult dog,individual_donate_1,p0338,35
21564,difficult dog,individual_donate_1,p0342,65
21565,difficult dog,individual_donate_1,p0349,45
21566,difficult dog,individual_donate_1,p0356,45
21567,difficult dog,individual_donate_1,p0358,45
21568,difficult dog,individual_donate_1,p0363,45
21569,difficult dog,individual_donate_1,p0364,55
21570,difficult dog,individual_donate_1,p0369,65
21571,difficult dog,individual_donate_1,p0370,35
21572,difficult dog,individual_donate_1,p0371,35
21573,difficult dog,individual_donate_1,p0379,35
21574,difficult dog,individual_donate_1,p0386,68
21575,difficult dog,individual_donate_1,p0396,45
21576,difficult dog,individual_donate_1,p0403,45
21577,difficult dog,individual_donate_1,p0405,65
21578,difficult dog,individual_donate_1,p0412,55
21579,difficult dog,individual_donate_1,p0415,25
21580,difficult dog,individual_donate_1,p0416,45
21581,difficult dog,individual_donate_1,p0417,45
21582,difficult dog,individual_donate_1,p0418,35
21583,difficult dog,individual_donate_1,p0430,45
21584,difficult dog,individual_donate_1,p0431,65
21585,difficult dog,individual_donate_1,p0434,25
21586,difficult dog,individual_donate_1,p0438,65
21587,difficult dog,individual_donate_1,p0441,45
21588,difficult dog,individual_donate_1,p0442,35
21589,difficult dog,individual_donate_1,p0449,35
21590,difficult dog,individual_donate_1,p0450,45
21591,difficult dog,individual_donate_1,p0465,35
21592,difficult dog,individual_donate_1,p0471,45
21593,difficult dog,individual_donate_1,p0477,65
21594,difficult dog,individual_donate_1,p0483,45
21595,difficult dog,individual_donate_1,p0486,45
21596,difficult dog,individual_donate_1,p0487,65
21597,difficult dog,individual_donate_1,p0489,45
21598,difficult dog,individual_donate_1,p0497,25
21599,difficult dog,individual_donate_1,p0502,45
21600,difficult dog,individual_donate_1,p0503,65
21601,difficult dog,individual_donate_1,p0506,45
21602,difficult dog,individual_donate_1,p0511,65
21603,difficult dog,individual_donate_1,p0523,45
21604,difficult dog,individual_donate_1,p0534,45
21605,difficult dog,individual_donate_1,p0536,45
21606,difficult dog,individual_donate_1,p0542,35
21607,difficult dog,individual_donate_1,p0547,65
21608,difficult dog,individual_donate_1,p0553,68
21609,difficult dog,individual_donate_1,p0559,45
21610,difficult dog,individual_donate_1,p0566,45
21611,difficult dog,individual_donate_1,p0568,45
21612,difficult dog,individual_donate_1,p0570,25
21613,difficult dog,individual_donate_1,p0573,45
21614,difficult dog,individual_donate_1,p0578,45
21615,difficult dog,individual_donate_1,p0594,35
21616,difficult dog,individual_donate_1,p0597,45
21617,difficult dog,individual_donate_1,p0601,45
21618,difficult dog,individual_donate_1,p0602,35
21619,difficult dog,individual_donate_1,p0605,45
21620,difficult dog,individual_donate_1,p0615,45
21621,difficult dog,individual_donate_1,p0620,45
21622,difficult dog,individual_donate_1,p0626,45
21623,difficult dog,individual_donate_1,p0629,55
21624,difficult dog,individual_donate_1,p0633,45
21625,difficult dog,individual_donate_1,p0638,45
21626,difficult dog,individual_donate_1,p0639,65
21627,difficult dog,individual_donate_1,p0640,35
21628,difficult dog,individual_donate_1,p0655,45
21629,difficult dog,individual_donate_1,p0656,45
21630,difficult dog,individual_donate_1,p0658,35
21631,difficult dog,individual_donate_1,p0661,45
21632,difficult dog,individual_donate_1,p0669,65
21633,difficult dog,individual_donate_1,p0670,45
21634,difficult dog,individual_donate_1,p0672,45
21635,difficult dog,individual_donate_1,p0674,68
21636,difficult dog,individual_donate_1,p0678,68
21637,difficult dog,individual_donate_1,p0683,45
21638,difficult dog,individual_donate_1,p0686,45
21639,difficult dog,individual_donate_1,p0687,45
21640,difficult dog,individual_donate_1,p0698,35
21641,difficult dog,individual_donate_1,p0700,45
21642,difficult dog,individual_donate_1,p0703,35
21643,difficult dog,individual_donate_1,p0718,45
21644,difficult dog,individual_donate_1,p0744,68
21645,difficult dog,individual_donate_1,p0745,45
21646,difficult dog,individual_donate_1,p0753,35
21647,difficult dog,individual_donate_1,p0770,65
21648,difficult dog,individual_donate_1,p0771,45
21649,difficult dog,individual_donate_1,p0777,65
21650,difficult dog,individual_donate_1,p0779,45
21651,difficult dog,individual_donate_1,p0780,35
21652,difficult dog,individual_donate_1,p0783,35
21653,difficult dog,individual_donate_1,p0785,45
21654,difficult dog,individual_donate_1,p0786,35
21655,difficult dog,individual_donate_1,p0794,25
21656,difficult dog,individual_donate_1,p0798,25
21657,difficult dog,individual_donate_1,p0800,55
21658,difficult dog,individual_donate_1,p0820,35
21659,difficult dog,individual_donate_1,p0841,35
21660,difficult dog,individual_donate_1,p0849,45
21661,difficult dog,individual_donate_1,p0862,65
21662,difficult dog,individual_donate_1,p0867,45
21663,difficult dog,individual_donate_1,p0869,65
21664,difficult dog,individual_donate_1,p0872,45
21665,difficult dog,individual_donate_1,p0880,45
21666,difficult dog,individual_donate_1,p0891,45
21667,difficult dog,individual_donate_1,p0916,45
21668,difficult dog,individual_donate_1,p0917,65
21669,difficult dog,individual_donate_1,p0919,65
21670,difficult dog,individual_donate_1,p0922,35
21671,difficult dog,individual_donate_1,p0925,45
21672,difficult dog,individual_donate_1,p0927,45
21673,difficult dog,individual_donate_1,p0929,45
21674,difficult dog,individual_donate_1,p0930,45
21675,difficult dog,individual_donate_1,p0931,35
21676,difficult dog,individual_donate_1,p0933,45
21677,difficult dog,individual_donate_1,p0934,25
21678,difficult dog,individual_donate_1,p0936,68
21679,difficult dog,individual_donate_1,p0938,45
21680,difficult dog,individual_donate_1,p0939,35
21681,difficult dog,individual_donate_1,p0946,45
21682,difficult dog,individual_donate_1,p0951,45
21683,difficult dog,individual_donate_1,p0956,45
21684,difficult dog,individual_donate_1,p0962,35
21685,difficult dog,individual_donate_1,p0963,68
21686,difficult dog,individual_donate_1,p0969,35
21687,difficult dog,individual_donate_1,p0972,45
21688,difficult dog,individual_donate_1,p0975,45
21689,difficult dog,individual_donate_1,p0985,35
21690,difficult dog,individual_donate_1,p0993,65
21691,difficult dog,individual_donate_1,p0996,45
21692,difficult dog,individual_donate_1,p1011,35
21693,difficult dog,individual_donate_1,p1017,35
21694,difficult dog,individual_donate_1,p1020,45
21695,difficult dog,individual_donate_1,p1022,65
21696,difficult dog,individual_donate_1,p1024,35
21697,difficult dog,individual_donate_1,p1027,68
21698,difficult dog,individual_donate_1,p1028,65
21699,difficult dog,individual_donate_1,p1029,35
21700,difficult dog,individual_donate_1,p1032,45
21701,difficult dog,individual_donate_1,p1040,45
21702,difficult dog,individual_donate_1,p1047,35
21703,difficult dog,individual_donate_1,p1048,35
21704,difficult dog,individual_donate_1,p1053,45
21705,difficult dog,individual_donate_1,p1057,45
21706,difficult dog,individual_donate_1,p1058,45
21707,difficult dog,individual_donate_1,p1063,35
21708,difficult dog,individual_donate_1,p1064,65
21709,difficult dog,individual_donate_1,p1065,35
21710,difficult dog,individual_donate_1,p1069,35
21711,difficult dog,individual_donate_1,p1072,55
21712,difficult dog,individual_donate_1,p1073,45
21713,difficult dog,individual_donate_1,p1075,45
21714,difficult dog,individual_donate_1,p1076,35
21715,difficult dog,individual_donate_1,p1083,35
21716,difficult dog,individual_donate_1,p1089,65
21717,difficult dog,individual_donate_1,p1093,55
21718,difficult dog,individual_donate_1,p1096,45
21719,difficult dog,individual_donate_1,p1100,45
21720,difficult dog,individual_donate_1,p1106,65
21721,difficult dog,individual_donate_1,p1107,35
21722,difficult dog,individual_donate_1,p1113,45
21723,difficult dog,individual_donate_1,p1117,25
21724,difficult dog,individual_donate_1,p1120,35
21725,difficult dog,individual_donate_1,p1134,45
21726,difficult dog,individual_donate_1,p1136,35
21727,difficult dog,individual_donate_1,p1138,45
21728,difficult dog,individual_donate_1,p1144,35
21729,difficult dog,individual_donate_1,p1145,68
21730,difficult dog,individual_donate_1,p1147,65
21731,difficult dog,individual_donate_1,p1148,68
21732,difficult dog,individual_donate_1,p1154,65
21733,difficult dog,individual_donate_1,p1159,35
21734,difficult dog,individual_donate_1,p1167,45
21735,difficult dog,individual_donate_1,p1175,45
21736,difficult dog,individual_donate_1,p1178,45
21737,difficult dog,individual_donate_1,p1184,45
21738,difficult dog,individual_donate_1,p1186,65
21739,difficult dog,individual_donate_1,p1196,35
21740,difficult dog,individual_donate_1,p1197,45
21741,difficult dog,individual_donate_1,p1203,45
21742,difficult dog,individual_donate_1,p1219,45
21743,difficult dog,individual_donate_1,p1225,45
21744,difficult dog,individual_donate_1,p1234,45
21745,difficult dog,individual_donate_1,p1242,45
21746,difficult dog,individual_donate_1,p1244,55
21747,difficult dog,individual_donate_1,p1249,35
21748,difficult dog,individual_donate_1,p1250,45
21749,difficult dog,individual_donate_1,p1256,45
21750,difficult dog,individual_donate_1,p1258,65
21751,difficult dog,individual_donate_1,p1260,45
21752,difficult dog,individual_donate_1,p1262,35
21753,difficult dog,individual_donate_1,p1264,35
21754,difficult dog,individual_donate_1,p1265,45
21755,difficult dog,individual_donate_1,p1269,45
21756,difficult dog,individual_donate_1,p1272,45
21757,difficult dog,individual_donate_1,p1278,65
21758,difficult dog,individual_donate_1,p1281,45
21759,difficult dog,individual_donate_1,p1292,45
21760,difficult dog,individual_donate_1,p1299,45
21761,difficult dog,individual_donate_1,p1312,45
21762,difficult dog,individual_donate_1,p1322,45
21763,difficult dog,individual_donate_1,p1326,45
21764,difficult dog,individual_donate_1,p1330,45
21765,difficult dog,individual_donate_1,p1335,45
21766,difficult dog,individual_donate_1,p1337,65
21767,difficult dog,individual_donate_1,p1340,65
21768,difficult dog,individual_donate_1,p1345,45
21769,difficult dog,individual_donate_1,p1351,35
21770,difficult dog,individual_donate_1,p1355,45
21771,difficult dog,individual_donate_1,p1362,35
21772,difficult dog,individual_donate_1,p1365,35
21773,difficult dog,individual_donate_1,p1366,35
21774,difficult dog,individual_donate_1,p1367,35
21775,difficult dog,individual_donate_1,p1370,35
21776,difficult dog,individual_donate_1,p1371,65
21777,difficult dog,individual_donate_1,p1373,45
21778,difficult dog,individual_donate_1,p1375,35
21779,difficult dog,individual_donate_1,p1376,35
21780,difficult dog,individual_donate_1,p1379,45
21781,difficult dog,individual_donate_1,p1381,35
21782,difficult dog,individual_donate_1,p1393,45
21783,difficult dog,individual_donate_1,p1396,65
21784,difficult dog,individual_donate_1,p1398,45
21785,difficult dog,individual_donate_1,p1404,45
21786,difficult dog,individual_donate_1,p1406,45
21787,difficult dog,individual_donate_1,p1407,35
21788,difficult dog,individual_donate_1,p1409,45
21789,difficult dog,individual_donate_1,p1412,45
21790,difficult dog,individual_donate_1,p1414,68
21791,difficult dog,individual_donate_1,p1424,45
21792,difficult dog,individual_donate_1,p1425,45
21793,difficult dog,individual_donate_1,p1429,45
21794,difficult dog,individual_donate_1,p1434,65
21795,difficult dog,individual_donate_1,p1441,35
21796,difficult dog,individual_donate_1,p1445,35
21797,difficult dog,individual_donate_1,p1450,45
21798,difficult dog,individual_donate_1,p1454,45
21799,difficult dog,individual_donate_1,p1456,25
21800,difficult dog,individual_donate_1,p1457,35
21801,difficult dog,individual_donate_1,p1458,65
21802,difficult dog,individual_donate_1,p1469,45
21803,difficult dog,individual_donate_1,p1470,45
21804,difficult dog,individual_donate_1,p1481,55
21805,difficult dog,individual_donate_1,p1488,45
21806,difficult dog,individual_donate_1,p1492,35
21807,difficult dog,individual_donate_1,p1495,35
21808,difficult dog,individual_donate_1,p1497,45
21809,difficult dog,individual_donate_1,p1499,45
21810,difficult dog,individual_donate_1,p1503,55
21811,difficult dog,individual_donate_1,p1511,65
21812,difficult dog,individual_donate_1,p1512,35
21813,difficult dog,individual_donate_1,p1518,45
21814,difficult dog,individual_donate_1,p1519,45
21815,difficult dog,individual_donate_1,p1520,25
21816,difficult dog,individual_donate_1,p1524,45
21817,difficult dog,individual_donate_1,p1526,45
21818,difficult dog,individual_donate_1,p1537,45
21819,difficult dog,individual_donate_1,p1545,65
21820,difficult dog,individual_donate_1,p1547,45
21821,difficult dog,individual_donate_1,p1552,65
21822,difficult dog,individual_donate_1,p1567,45
21823,difficult dog,individual_donate_1,p1568,35
21824,difficult dog,individual_donate_1,p1579,25
21825,difficult dog,individual_donate_1,p1587,25
21826,difficult dog,individual_donate_1,p1596,35
21827,difficult dog,individual_donate_1,p1600,55
21828,difficult dog,individual_donate_1,p1603,45
21829,difficult dog,individual_donate_1,p1604,45
21830,difficult dog,individual_donate_1,p1610,35
21831,difficult dog,individual_donate_1,p1618,35
21832,difficult dog,individual_donate_1,p1619,65
21833,difficult dog,individual_donate_1,p1622,45
21834,difficult dog,individual_donate_1,p1623,25
21835,difficult dog,individual_donate_1,p1630,35
21836,difficult dog,individual_donate_1,p1641,45
21837,difficult dog,individual_donate_1,p1649,45
21838,difficult dog,individual_donate_1,p1652,45
21839,difficult dog,individual_donate_1,p1665,45
21840,difficult dog,individual_donate_1,p1669,35
21841,difficult dog,individual_donate_1,p1685,45
21842,difficult dog,individual_donate_1,p1693,45
21843,difficult dog,individual_donate_1,p1698,45
21844,difficult dog,individual_donate_1,p1704,45
21845,difficult dog,individual_donate_1,p1711,55
21846,difficult dog,individual_donate_1,p1718,35
21847,difficult dog,individual_donate_1,p1732,45
21848,difficult dog,individual_donate_1,p1739,45
21849,difficult dog,individual_donate_1,p1741,65
21850,difficult dog,individual_donate_1,p1746,35
21851,difficult dog,individual_donate_1,p1751,35
21852,difficult dog,individual_donate_1,p1754,45
21853,difficult dog,individual_donate_1,p1769,45
21854,difficult dog,individual_donate_1,p1771,35
21855,difficult dog,individual_donate_1,p1776,35
21856,difficult dog,individual_donate_1,p1780,45
21857,difficult dog,individual_donate_1,p1785,35
21858,difficult dog,individual_donate_1,p1791,45
21859,difficult dog,individual_donate_1,p1793,45
21860,difficult dog,individual_donate_1,p1796,35
21861,difficult dog,individual_donate_1,p1805,35
21862,difficult dog,individual_donate_1,p1812,65
21863,difficult dog,individual_donate_1,p1816,45
21864,difficult dog,individual_donate_1,p1819,45
21865,difficult dog,individual_donate_1,p1825,65
21866,difficult dog,individual_donate_1,p1836,65
21867,difficult dog,individual_donate_1,p1839,45
21868,difficult dog,individual_donate_1,p1861,45
21869,difficult dog,individual_donate_1,p1863,45
21870,difficult dog,individual_donate_1,p1873,45
21871,difficult dog,individual_donate_1,p1875,35
21872,difficult dog,individual_donate_1,p1876,65
21873,difficult dog,individual_donate_1,p1877,65
21874,difficult dog,individual_donate_1,p1880,45
21875,difficult dog,individual_donate_1,p1883,35
21876,difficult dog,individual_donate_1,p1889,25
21877,difficult dog,individual_donate_1,p1893,65
21878,difficult dog,individual_donate_1,p1896,45
21879,difficult dog,individual_donate_1,p1913,45
21880,difficult dog,individual_donate_1,p1922,65
21881,difficult dog,individual_donate_1,p1930,65
21882,difficult dog,individual_donate_1,p1935,45
21883,difficult dog,individual_donate_1,p1940,55
21884,difficult dog,individual_donate_1,p1948,35
21885,difficult dog,individual_donate_1,p1950,45
21886,difficult dog,individual_donate_1,p1954,35
21887,difficult dog,individual_donate_1,p1956,35
21888,difficult dog,individual_donate_1,p1958,55
21889,difficult dog,individual_donate_1,p1967,65
21890,difficult dog,individual_donate_1,p1973,65
21891,difficult dog,individual_donate_1,p1978,35
21892,difficult dog,individual_donate_1,p1983,35
21893,difficult dog,individual_donate_1,p1984,35
21894,difficult dog,individual_donate_1,p1995,45
21895,difficult dog,individual_donate_1,p1996,35
21896,difficult dog,individual_donate_1,p1997,45
21897,difficult dog,individual_donate_1,p2001,65
21898,difficult dog,individual_donate_1,p2002,35
21899,difficult dog,individual_donate_1,p2013,65
21900,difficult dog,individual_donate_1,p2014,35
21901,difficult dog,individual_donate_1,p2016,65
21902,difficult dog,individual_donate_1,p2018,35
21903,difficult dog,individual_donate_1,p2023,65
21904,difficult dog,individual_donate_1,p2025,45
21905,difficult dog,individual_donate_1,p2028,35
21906,difficult dog,individual_donate_1,p2030,55
21907,difficult dog,individual_donate_1,p2033,65
21908,difficult dog,individual_donate_1,p2040,35
21909,difficult dog,individual_donate_1,p2051,35
21910,difficult dog,individual_donate_1,p2052,45
21911,difficult dog,individual_donate_1,p2066,35
21912,difficult dog,individual_donate_1,p2067,65
21913,difficult dog,individual_donate_1,p2073,65
21914,difficult dog,individual_donate_1,p2077,45
21915,difficult dog,individual_donate_1,p2078,45
21916,difficult dog,individual_donate_1,p2086,65
21917,difficult dog,individual_donate_1,p2089,65
21918,difficult dog,individual_donate_1,p2093,25
21919,difficult dog,individual_donate_1,p2094,45
21920,difficult dog,individual_donate_1,p2111,45
21921,difficult dog,individual_donate_1,p2117,45
21922,difficult dog,individual_donate_1,p2121,45
21923,difficult dog,individual_donate_1,p2127,65
21924,difficult dog,individual_donate_1,p2141,45
21925,difficult dog,individual_donate_1,p2142,35
21926,difficult dog,individual_donate_1,p2143,65
21927,difficult dog,individual_donate_1,p2153,35
21928,difficult dog,individual_donate_1,p2155,45
21929,difficult dog,individual_donate_1,p2169,25
21930,difficult dog,individual_donate_1,p2187,45
21931,difficult dog,individual_donate_1,p2188,55
21932,difficult dog,individual_donate_1,p2197,45
21933,difficult dog,individual_donate_1,p2213,45
21934,difficult dog,individual_donate_1,p2214,45
21935,difficult dog,individual_donate_1,p2215,45
21936,difficult dog,individual_donate_1,p2220,45
21937,difficult dog,individual_donate_1,p2223,45
21938,difficult dog,individual_donate_1,p2229,45
21939,difficult dog,individual_donate_1,p2234,65
21940,difficult dog,individual_donate_1,p2237,65
21941,difficult dog,individual_donate_1,p2238,45
21942,difficult dog,individual_donate_1,p2244,45
21943,difficult dog,individual_donate_1,p2248,45
21944,difficult dog,individual_donate_1,p2252,65
21945,difficult dog,individual_donate_1,p2255,25
21946,difficult dog,individual_donate_1,p2261,25
21947,difficult dog,individual_donate_1,p2263,45
21948,difficult dog,individual_donate_1,p2273,45
21949,difficult dog,individual_donate_1,p2275,45
21950,difficult dog,individual_donate_1,p2276,45
21951,difficult dog,individual_donate_1,p2283,25
21952,difficult dog,individual_donate_1,p2287,45
21953,difficult dog,individual_donate_1,p2296,35
21954,difficult dog,individual_donate_1,p2298,35
21955,difficult dog,individual_donate_1,p2304,45
21956,difficult dog,individual_donate_1,p2310,45
21957,difficult dog,individual_donate_1,p2322,35
21958,difficult dog,individual_donate_1,p2326,45
21959,difficult dog,individual_donate_1,p2330,25
21960,difficult dog,individual_donate_1,p2331,35
21961,difficult dog,individual_donate_1,p2333,45
21962,difficult dog,individual_donate_1,p2347,45
21963,difficult dog,individual_donate_1,p2350,35
21964,difficult dog,individual_donate_1,p2351,45
21965,difficult dog,individual_donate_1,p2353,45
21966,difficult dog,individual_donate_1,p2355,35
21967,difficult dog,individual_donate_1,p2363,25
21968,difficult dog,individual_donate_1,p2378,55
21969,difficult dog,individual_donate_1,p2380,65
21970,difficult dog,individual_donate_1,p2387,45
21971,difficult dog,individual_donate_1,p2398,45
21972,difficult dog,individual_donate_1,p2400,65
21973,difficult dog,individual_donate_1,p2403,45
21974,difficult dog,individual_donate_1,p2408,45
21975,difficult dog,individual_donate_1,p2418,45
21976,difficult dog,individual_donate_1,p2426,45
21977,difficult dog,individual_donate_1,p2428,35
21978,difficult dog,individual_donate_1,p2434,45
21979,difficult dog,individual_donate_1,p2446,35
21980,difficult dog,individual_donate_1,p2452,45
21981,difficult dog,individual_donate_1,p2454,35
21982,difficult dog,individual_donate_1,p2462,45
21983,difficult dog,individual_donate_1,p2467,25
21984,difficult dog,individual_donate_1,p2482,45
21985,difficult dog,individual_donate_1,p2489,45
21986,difficult dog,individual_donate_1,p2490,35
21987,difficult dog,individual_donate_1,p2494,35
21988,difficult dog,individual_donate_1,p2502,45
21989,difficult dog,individual_donate_1,p2503,45
21990,difficult dog,individual_donate_1,p2522,65
21991,difficult dog,individual_donate_1,p2524,65
21992,difficult dog,individual_donate_1,p2533,25
21993,difficult dog,individual_donate_1,p2566,45
21994,difficult dog,individual_donate_1,p2571,45
21995,difficult dog,individual_donate_1,p2573,35
21996,difficult dog,individual_donate_1,p2582,45
21997,difficult dog,individual_donate_1,p2591,25
21998,difficult dog,individual_donate_1,p2592,45
21999,difficult dog,individual_donate_1,p2595,25
