,condition,outcome,persona,response
0,difficult dog,gender,p0016,2
1,difficult dog,gender,p0022,2
2,difficult dog,gender,p0023,1
3,difficult dog,gender,p0026,2
4,difficult dog,gender,p0034,1
5,difficult dog,gender,p0036,1
6,difficult dog,gender,p0037,1
7,difficult dog,gender,p0042,1
8,difficult dog,gender,p0057,2
9,difficult dog,gender,p0066,1
10,difficult dog,gender,p0069,2
11,difficult dog,gender,p0072,2
12,difficult dog,gender,p0073,1
13,difficult dog,gender,p0082,1
14,difficult dog,gender,p0091,1
15,difficult dog,gender,p0092,1
16,difficult dog,gender,p0093,1
17,difficult dog,gender,p0095,1
18,difficult dog,gender,p0107,2
19,difficult dog,gender,p0114,1
20,difficult dog,gender,p0116,1
21,difficult dog,gender,p0118,2
22,difficult dog,gender,p0119,1
23,difficult dog,gender,p0126,1
24,difficult dog,gender,p0129,1
25,difficult dog,gender,p0136,2
26,difficult dog,gender,p0138,1
27,difficult dog,gender,p0144,2
28,difficult dog,gender,p0150,1
29,difficult dog,gender,p0152,2
30,difficult dog,gender,p0158,2
31,difficult dog,gender,p0161,1
32,difficult dog,gender,p0164,2
33,difficult dog,gender,p0175,1
34,difficult dog,gender,p0177,1
35,difficult dog,gender,p0178,1
36,difficult dog,gender,p0181,2
37,difficult dog,gender,p0186,2
38,difficult dog,gender,p0196,2
39,difficult dog,gender,p0198,1
40,difficult dog,gender,p0202,1
41,difficult dog,gender,p0205,1
42,difficult dog,gender,p0207,1
43,difficult dog,gender,p0211,1
44,difficult dog,gender,p0227,2
45,difficult dog,gender,p0229,1
46,difficult dog,gender,p0232,1
47,difficult dog,gender,p0233,2
48,difficult dog,gender,p0237,1
49,difficult dog,gender,p0258,1
50,difficult dog,gender,p0268,1
51,difficult dog,gender,p0274,1
52,difficult dog,gender,p0275,1
53,difficult dog,gender,p0277,1
54,difficult dog,gender,p0288,1
55,difficult dog,gender,p0291,1
56,difficult dog,gender,p0307,1
57,difficult dog,gender,p0308,1
58,difficult dog,gender,p0317,1
59,difficult dog,gender,p0325,2
60,difficult dog,gender,p0327,1
61,difficult dog,gender,p0334,1
62,difficult dog,gender,p0336,1
63,difficult dog,gender,p0338,1
64,difficult dog,gender,p0342,1
65,difficult dog,gender,p0349,1
66,difficult dog,gender,p0356,2
67,difficult dog,gender,p0358,1
68,difficult dog,gender,p0363,1
69,difficult dog,gender,p0364,1
70,difficult dog,gender,p0369,2
71,difficult dog,gender,p0370,2
72,difficult dog,gender,p0371,1
73,difficult dog,gender,p0379,1
74,difficult dog,gender,p0386,1
75,difficult dog,gender,p0396,2
76,difficult dog,gender,p0403,2
77,difficult dog,gender,p0405,2
78,difficult dog,gender,p0412,1
79,difficult dog,gender,p0415,1
80,difficult dog,gender,p0416,1
81,difficult dog,gender,p0417,1
82,difficult dog,gender,p0418,2
83,difficult dog,gender,p0430,1
84,difficult dog,gender,p0431,2
85,difficult dog,gender,p0434,2
86,difficult dog,gender,p0438,2
87,difficult dog,gender,p0441,2
88,difficult dog,gender,p0442,2
89,difficult dog,gender,p0449,1
90,difficult dog,gender,p0450,2
91,difficult dog,gender,p0465,1
92,difficult dog,gender,p0471,2
93,difficult dog,gender,p0477,2
94,difficult dog,gender,p0483,2
95,difficult dog,gender,p0486,1
96,difficult dog,gender,p0487,1
97,difficult dog,gender,p0489,1
98,difficult dog,gender,p0497,1
99,difficult dog,gender,p0502,1
100,difficult dog,gender,p0503,2
101,difficult dog,gender,p0506,1
102,difficult dog,gender,p0511,1
103,difficult dog,gender,p0523,2
104,difficult dog,gender,p0534,1
105,difficult dog,gender,p0536,1
106,difficult dog,gender,p0542,1
107,difficult dog,gender,p0547,2
108,difficult dog,gender,p0553,1
109,difficult dog,gender,p0559,2
110,difficult dog,gender,p0566,1
111,difficult dog,gender,p0568,2
112,difficult dog,gender,p0570,1
113,difficult dog,gender,p0573,2
114,difficult dog,gender,p0578,1
115,difficult dog,gender,p0594,1
116,difficult dog,gender,p0597,1
117,difficult dog,gender,p0601,1
118,difficult dog,gender,p0602,2
119,difficult dog,gender,p0605,1
120,difficult dog,gender,p0615,1
121,difficult dog,gender,p0620,1
122,difficult dog,gender,p0626,2
123,difficult dog,gender,p0629,2
124,difficult dog,gender,p0633,2
125,difficult dog,gender,p0638,2
126,difficult dog,gender,p0639,1
127,difficult dog,gender,p0640,2
128,difficult dog,gender,p0655,2
129,difficult dog,gender,p0656,1
130,difficult dog,gender,p0658,1
131,difficult dog,gender,p0661,1
132,difficult dog,gender,p0669,1
133,difficult dog,gender,p0670,2
134,difficult dog,gender,p0672,2
135,difficult dog,gender,p0674,1
136,difficult dog,gender,p0678,1
137,difficult dog,gender,p0683,2
138,difficult dog,gender,p0686,1
139,difficult dog,gender,p0687,1
140,difficult dog,gender,p0698,2
141,difficult dog,gender,p0700,1
142,difficult dog,gender,p0703,1
143,difficult dog,gender,p0718,1
144,difficult dog,gender,p0744,2
145,difficult dog,gender,p0745,1
146,difficult dog,gender,p0753,2
147,difficult dog,gender,p0770,1
148,difficult dog,gender,p0771,1
149,difficult dog,gender,p0777,1
150,difficult dog,gender,p0779,1
151,difficult dog,gender,p0780,2
152,difficult dog,gender,p0783,1
153,difficult dog,gender,p0785,2
154,difficult dog,gender,p0786,2
155,difficult dog,gender,p0794,1
156,difficult dog,gender,p0798,1
157,difficult dog,gender,p0800,1
158,difficult dog,gender,p0820,2
159,difficult dog,gender,p0841,2
160,difficult dog,gender,p0849,1
161,difficult dog,gender,p0862,1
162,difficult dog,gender,p0867,2
163,difficult dog,gender,p0869,1
164,difficult dog,gender,p0872,1
165,difficult dog,gender,p0880,2
166,difficult dog,gender,p0891,1
167,difficult dog,gender,p0916,2
168,difficult dog,gender,p0917,2
169,difficult dog,gender,p0919,2
170,difficult dog,gender,p0922,2
171,difficult dog,gender,p0925,2
172,difficult dog,gender,p0927,1
173,difficult dog,gender,p0929,2
174,difficult dog,gender,p0930,1
175,difficult dog,gender,p0931,2
176,difficult dog,gender,p0933,2
177,difficult dog,gender,p0934,2
178,difficult dog,gender,p0936,2
179,difficult dog,gender,p0938,1
180,difficult dog,gender,p0939,2
181,difficult dog,gender,p0946,1
182,difficult dog,gender,p0951,1
183,difficult dog,gender,p0956,2
184,difficult dog,gender,p0962,2
185,difficult dog,gender,p0963,1
186,difficult dog,gender,p0969,1
187,difficult dog,gender,p0972,1
188,difficult dog,gender,p0975,1
189,difficult dog,gender,p0985,2
190,difficult dog,gender,p0993,1
191,difficult dog,gender,p0996,2
192,difficult dog,gender,p1011,1
193,difficult dog,gender,p1017,2
194,difficult dog,gender,p1020,1
195,difficult dog,gender,p1022,1
196,difficult dog,gender,p1024,2
197,difficult dog,gender,p1027,1
198,difficult dog,gender,p1028,1
199,difficult dog,gender,p1029,2
200,difficult dog,gender,p1032,1
201,difficult dog,gender,p1040,1
202,difficult dog,gender,p1047,1
203,difficult dog,gender,p1048,1
204,difficult dog,gender,p1053,2
205,difficult dog,gender,p1057,1
206,difficult dog,gender,p1058,2
207,difficult dog,gender,p1063,1
208,difficult dog,gender,p1064,2
209,difficult dog,gender,p1065,1
210,difficult dog,gender,p1069,2
211,difficult dog,gender,p1072,1
212,difficult dog,gender,p1073,1
213,difficult dog,gender,p1075,2
214,difficult dog,gender,p1076,2
215,difficult dog,gender,p1083,2
216,difficult dog,gender,p1089,1
217,difficult dog,gender,p1093,1
218,difficult dog,gender,p1096,2
219,difficult dog,gender,p1100,1
220,difficult dog,gender,p1106,2
221,difficult dog,gender,p1107,2
222,difficult dog,gender,p1113,1
223,difficult dog,gender,p1117,1
224,difficult dog,gender,p1120,1
225,difficult dog,gender,p1134,1
226,difficult dog,gender,p1136,1
227,difficult dog,gender,p1138,2
228,difficult dog,gender,p1144,1
229,difficult dog,gender,p1145,1
230,difficult dog,gender,p1147,2
231,difficult dog,gender,p1148,1
232,difficult dog,gender,p1154,2
233,difficult dog,gender,p1159,1
234,difficult dog,gender,p1167,1
235,difficult dog,gender,p1175,2
236,difficult dog,gender,p1178,2
237,difficult dog,gender,p1184,2
238,difficult dog,gender,p1186,1
239,difficult dog,gender,p1196,1
240,difficult dog,gender,p1197,2
241,difficult dog,gender,p1203,1
242,difficult dog,gender,p1219,2
243,difficult dog,gender,p1225,1
244,difficult dog,gender,p1234,2
245,difficult dog,gender,p1242,1
246,difficult dog,gender,p1244,1
247,difficult dog,gender,p1249,2
248,difficult dog,gender,p1250,1
249,difficult dog,gender,p1256,1
250,difficult dog,gender,p1258,2
251,difficult dog,gender,p1260,1
252,difficult dog,gender,p1262,1
253,difficult dog,gender,p1264,2
254,difficult dog,gender,p1265,2
255,difficult dog,gender,p1269,1
256,difficult dog,gender,p1272,2
257,difficult dog,gender,p1278,1
258,difficult dog,gender,p1281,2
259,difficult dog,gender,p1292,1
260,difficult dog,gender,p1299,2
261,difficult dog,gender,p1312,2
262,difficult dog,gender,p1322,1
263,difficult dog,gender,p1326,2
264,difficult dog,gender,p1330,2
265,difficult dog,gender,p1335,2
266,difficult dog,gender,p1337,1
267,difficult dog,gender,p1340,1
268,difficult dog,gender,p1345,1
269,difficult dog,gender,p1351,1
270,difficult dog,gender,p1355,2
271,difficult dog,gender,p1362,2
272,difficult dog,gender,p1365,1
273,difficult dog,gender,p1366,2
274,difficult dog,gender,p1367,1
275,difficult dog,gender,p1370,2
276,difficult dog,gender,p1371,1
277,difficult dog,gender,p1373,2
278,difficult dog,gender,p1375,2
279,difficult dog,gender,p1376,2
280,difficult dog,gender,p1379,2
281,difficult dog,gender,p1381,2
282,difficult dog,gender,p1393,2
283,difficult dog,gender,p1396,2
284,difficult dog,gender,p1398,1
285,difficult dog,gender,p1404,2
286,difficult dog,gender,p1406,1
287,difficult dog,gender,p1407,2
288,difficult dog,gender,p1409,1
289,difficult dog,gender,p1412,1
290,difficult dog,gender,p1414,1
291,difficult dog,gender,p1424,1
292,difficult dog,gender,p1425,1
293,difficult dog,gender,p1429,2
294,difficult dog,gender,p1434,1
295,difficult dog,gender,p1441,1
296,difficult dog,gender,p1445,1
297,difficult dog,gender,p1450,1
298,difficult dog,gender,p1454,1
299,difficult dog,gender,p1456,1
300,difficult dog,gender,p1457,2
301,difficult dog,gender,p1458,1
302,difficult dog,gender,p1469,1
303,difficult dog,gender,p1470,1
304,difficult dog,gender,p1481,1
305,difficult dog,gender,p1488,2
306,difficult dog,gender,p1492,1
307,difficult dog,gender,p1495,1
308,difficult dog,gender,p1497,2
309,difficult dog,gender,p1499,1
310,difficult dog,gender,p1503,1
311,difficult dog,gender,p1511,1
312,difficult dog,gender,p1512,2
313,difficult dog,gender,p1518,2
314,difficult dog,gender,p1519,2
315,difficult dog,gender,p1520,2
316,difficult dog,gender,p1524,2
317,difficult dog,gender,p1526,2
318,difficult dog,gender,p1537,1
319,difficult dog,gender,p1545,2
320,difficult dog,gender,p1547,2
321,difficult dog,gender,p1552,1
322,difficult dog,gender,p1567,1
323,difficult dog,gender,p1568,2
324,difficult dog,gender,p1579,2
325,difficult dog,gender,p1587,2
326,difficult dog,gender,p1596,1
327,difficult dog,gender,p1600,1
328,difficult dog,gender,p1603,2
329,difficult dog,gender,p1604,2
330,difficult dog,gender,p1610,2
331,difficult dog,gender,p1618,1
332,difficult dog,gender,p1619,1
333,difficult dog,gender,p1622,1
334,difficult dog,gender,p1623,1
335,difficult dog,gender,p1630,1
336,difficult dog,gender,p1641,1
337,difficult dog,gender,p1649,1
338,difficult dog,gender,p1652,1
339,difficult dog,gender,p1665,1
340,difficult dog,gender,p1669,1
341,difficult dog,gender,p1685,1
342,difficult dog,gender,p1693,2
343,difficult dog,gender,p1698,1
344,difficult dog,gender,p1704,1
345,difficult dog,gender,p1711,1
346,difficult dog,gender,p1718,1
347,difficult dog,gender,p1732,1
348,difficult dog,gender,p1739,1
349,difficult dog,gender,p1741,1
350,difficult dog,gender,p1746,1
351,difficult dog,gender,p1751,1
352,difficult dog,gender,p1754,2
353,difficult dog,gender,p1769,2
354,difficult dog,gender,p1771,2
355,difficult dog,gender,p1776,1
356,difficult dog,gender,p1780,1
357,difficult dog,gender,p1785,2
358,difficult dog,gender,p1791,1
359,difficult dog,gender,p1793,1
360,difficult dog,gender,p1796,1
361,difficult dog,gender,p1805,1
362,difficult dog,gender,p1812,1
363,difficult dog,gender,p1816,2
364,difficult dog,gender,p1819,1
365,difficult dog,gender,p1825,1
366,difficult dog,gender,p1836,1
367,difficult dog,gender,p1839,2
368,difficult dog,gender,p1861,1
369,difficult dog,gender,p1863,1
370,difficult dog,gender,p1873,1
371,difficult dog,gender,p1875,1
372,difficult dog,gender,p1876,2
373,difficult dog,gender,p1877,2
374,difficult dog,gender,p1880,2
375,difficult dog,gender,p1883,1
376,difficult dog,gender,p1889,1
377,difficult dog,gender,p1893,1
378,difficult dog,gender,p1896,1
379,difficult dog,gender,p1913,1
380,difficult dog,gender,p1922,1
381,difficult dog,gender,p1930,1
382,difficult dog,gender,p1935,1
383,difficult dog,gender,p1940,1
384,difficult dog,gender,p1948,2
385,difficult dog,gender,p1950,2
386,difficult dog,gender,p1954,1
387,difficult dog,gender,p1956,2
388,difficult dog,gender,p1958,1
389,difficult dog,gender,p1967,2
390,difficult dog,gender,p1973,1
391,difficult dog,gender,p1978,1
392,difficult dog,gender,p1983,1
393,difficult dog,gender,p1984,2
394,difficult dog,gender,p1995,1
395,difficult dog,gender,p1996,2
396,difficult dog,gender,p1997,1
397,difficult dog,gender,p2001,2
398,difficult dog,gender,p2002,2
399,difficult dog,gender,p2013,2
400,difficult dog,gender,p2014,2
401,difficult dog,gender,p2016,1
402,difficult dog,gender,p2018,1
403,difficult dog,gender,p2023,2
404,difficult dog,gender,p2025,1
405,difficult dog,gender,p2028,1
406,difficult dog,gender,p2030,2
407,difficult dog,gender,p2033,1
408,difficult dog,gender,p2040,1
409,difficult dog,gender,p2051,2
410,difficult dog,gender,p2052,1
411,difficult dog,gender,p2066,1
412,difficult dog,gender,p2067,1
413,difficult dog,gender,p2073,1
414,difficult dog,gender,p2077,2
415,difficult dog,gender,p2078,2
416,difficult dog,gender,p2086,1
417,difficult dog,gender,p2089,1
418,difficult dog,gender,p2093,1
419,difficult dog,gender,p2094,2
420,difficult dog,gender,p2111,2
421,difficult dog,gender,p2117,2
422,difficult dog,gender,p2121,1
423,difficult dog,gender,p2127,1
424,difficult dog,gender,p2141,1
425,difficult dog,gender,p2142,2
426,difficult dog,gender,p2143,1
427,difficult dog,gender,p2153,2
428,difficult dog,gender,p2155,2
429,difficult dog,gender,p2169,1
430,difficult dog,gender,p2187,1
431,difficult dog,gender,p2188,1
432,difficult dog,gender,p2197,2
433,difficult dog,gender,p2213,2
434,difficult dog,gender,p2214,2
435,difficult dog,gender,p2215,2
436,difficult dog,gender,p2220,1
437,difficult dog,gender,p2223,2
438,difficult dog,gender,p2229,1
439,difficult dog,gender,p2234,2
440,difficult dog,gender,p2237,2
441,difficult dog,gender,p2238,1
442,difficult dog,gender,p2244,2
443,difficult dog,gender,p2248,2
444,difficult dog,gender,p2252,1
445,difficult dog,gender,p2255,1
446,difficult dog,gender,p2261,1
447,difficult dog,gender,p2263,2
448,difficult dog,gender,p2273,2
449,difficult dog,gender,p2275,2
450,difficult dog,gender,p2276,2
451,difficult dog,gender,p2283,2
452,difficult dog,gender,p2287,2
453,difficult dog,gender,p2296,1
454,difficult dog,gender,p2298,1
455,difficult dog,gender,p2304,1
456,difficult dog,gender,p2310,2
457,difficult dog,gender,p2322,2
458,difficult dog,gender,p2326,2
459,difficult dog,gender,p2330,2
460,difficult dog,gender,p2331,1
461,difficult dog,gender,p2333,1
462,difficult dog,gender,p2347,2
463,difficult dog,gender,p2350,2
464,difficult dog,gender,p2351,1
465,difficult dog,gender,p2353,2
466,difficult dog,gender,p2355,2
467,difficult dog,gender,p2363,2
468,difficult dog,gender,p2378,2
469,difficult dog,gender,p2380,1
470,difficult dog,gender,p2387,2
471,difficult dog,gender,p2398,1
472,difficult dog,gender,p2400,1
473,difficult dog,gender,p2403,2
474,difficult dog,gender,p2408,2
475,difficult dog,gender,p2418,2
476,difficult dog,gender,p2426,1
477,difficult dog,gender,p2428,2
478,difficult dog,gender,p2434,2
479,difficult dog,gender,p2446,1
480,difficult dog,gender,p2452,1
481,difficult dog,gender,p2454,2
482,difficult dog,gender,p2462,1
483,difficult dog,gender,p2467,1
484,difficult dog,gender,p2482,2
485,difficult dog,gender,p2489,1
486,difficult dog,gender,p2490,2
487,difficult dog,gender,p2494,2
488,difficult dog,gender,p2502,1
489,difficult dog,gender,p2503,2
490,difficult dog,gender,p2522,1
491,difficult dog,gender,p2524,1
492,difficult dog,gender,p2533,2
493,difficult dog,gender,p2566,2
494,difficult dog,gender,p2571,1
495,difficult dog,gender,p2573,1
496,difficult dog,gender,p2582,1
497,difficult dog,gender,p2591,1
498,difficult dog,gender,p2592,2
499,difficult dog,gender,p2595,2
500,difficult dog,year_birth,p0016,1970
501,difficult dog,year_birth,p0022,1991
502,difficult dog,year_birth,p0023,1958
503,difficult dog,year_birth,p0026,1965
504,difficult dog,year_birth,p0034,1950
505,difficult dog,year_birth,p0036,1994
506,difficult dog,year_birth,p0037,1969
507,difficult dog,year_birth,p0042,1960
508,difficult dog,year_birth,p0057,1981
509,difficult dog,year_birth,p0066,1966
510,difficult dog,year_birth,p0069,1986
511,difficult dog,year_birth,p0072,1987
512,difficult dog,year_birth,p0073,1982
513,difficult dog,year_birth,p0082,1973
514,difficult dog,year_birth,p0091,1995
515,difficult dog,year_birth,p0092,1980
516,difficult dog,year_birth,p0093,1947
517,difficult dog,year_birth,p0095,1946
518,difficult dog,year_birth,p0107,1964
519,difficult dog,year_birth,p0114,1987
520,difficult dog,year_birth,p0116,1986
521,difficult dog,year_birth,p0118,1998
522,difficult dog,year_birth,p0119,1989
523,difficult dog,year_birth,p0126,1961
524,difficult dog,year_birth,p0129,1951
525,difficult dog,year_birth,p0136,1986
526,difficult dog,year_birth,p0138,1947
527,difficult dog,year_birth,p0144,1989
528,difficult dog,year_birth,p0150,1975
529,difficult dog,year_birth,p0152,1973
530,difficult dog,year_birth,p0158,1948
531,difficult dog,year_birth,p0161,1984
532,difficult dog,year_birth,p0164,1955
533,difficult dog,year_birth,p0175,1954
534,difficult dog,year_birth,p0177,1972
535,difficult dog,year_birth,p0178,1991
536,difficult dog,year_birth,p0181,1970
537,difficult dog,year_birth,p0186,1968
538,difficult dog,year_birth,p0196,1993
539,difficult dog,year_birth,p0198,1949
540,difficult dog,year_birth,p0202,1950
541,difficult dog,year_birth,p0205,1944
542,difficult dog,year_birth,p0207,1932
543,difficult dog,year_birth,p0211,1947
544,difficult dog,year_birth,p0227,1978
545,difficult dog,year_birth,p0229,1957
546,difficult dog,year_birth,p0232,1939
547,difficult dog,year_birth,p0233,1951
548,difficult dog,year_birth,p0237,1984
549,difficult dog,year_birth,p0258,1936
550,difficult dog,year_birth,p0268,1927
551,difficult dog,year_birth,p0274,1981
552,difficult dog,year_birth,p0275,1970
553,difficult dog,year_birth,p0277,1975
554,difficult dog,year_birth,p0288,1970
555,difficult dog,year_birth,p0291,1936
556,difficult dog,year_birth,p0307,1996
557,difficult dog,year_birth,p0308,1998
558,difficult dog,year_birth,p0317,1960
559,difficult dog,year_birth,p0325,1989
560,difficult dog,year_birth,p0327,1958
561,difficult dog,year_birth,p0334,1956
562,difficult dog,year_birth,p0336,1987
563,difficult dog,year_birth,p0338,1977
564,difficult dog,year_birth,p0342,1981
565,difficult dog,year_birth,p0349,1975
566,difficult dog,year_birth,p0356,1991
567,difficult dog,year_birth,p0358,1956
568,difficult dog,year_birth,p0363,1956
569,difficult dog,year_birth,p0364,1981
570,difficult dog,year_birth,p0369,1989
571,difficult dog,year_birth,p0370,1983
572,difficult dog,year_birth,p0371,1959
573,difficult dog,year_birth,p0379,1962
574,difficult dog,year_birth,p0386,1986
575,difficult dog,year_birth,p0396,1987
576,difficult dog,year_birth,p0403,1988
577,difficult dog,year_birth,p0405,1990
578,difficult dog,year_birth,p0412,1963
579,difficult dog,year_birth,p0415,1992
580,difficult dog,year_birth,p0416,1982
581,difficult dog,year_birth,p0417,1983
582,difficult dog,year_birth,p0418,1952
583,difficult dog,year_birth,p0430,1944
584,difficult dog,year_birth,p0431,1998
585,difficult dog,year_birth,p0434,1964
586,difficult dog,year_birth,p0438,1977
587,difficult dog,year_birth,p0441,1988
588,difficult dog,year_birth,p0442,1994
589,difficult dog,year_birth,p0449,1957
590,difficult dog,year_birth,p0450,1951
591,difficult dog,year_birth,p0465,1965
592,difficult dog,year_birth,p0471,1987
593,difficult dog,year_birth,p0477,1970
594,difficult dog,year_birth,p0483,1993
595,difficult dog,year_birth,p0486,1990
596,difficult dog,year_birth,p0487,1983
597,difficult dog,year_birth,p0489,1959
598,difficult dog,year_birth,p0497,1946
599,difficult dog,year_birth,p0502,1953
600,difficult dog,year_birth,p0503,1991
601,difficult dog,year_birth,p0506,1987
602,difficult dog,year_birth,p0511,1989
603,difficult dog,year_birth,p0523,1993
604,difficult dog,year_birth,p0534,1954
605,difficult dog,year_birth,p0536,1982
606,difficult dog,year_birth,p0542,1948
607,difficult dog,year_birth,p0547,1954
608,difficult dog,year_birth,p0553,1966
609,difficult dog,year_birth,p0559,1991
610,difficult dog,year_birth,p0566,1984
611,difficult dog,year_birth,p0568,1972
612,difficult dog,year_birth,p0570,1977
613,difficult dog,year_birth,p0573,1987
614,difficult dog,year_birth,p0578,1967
615,difficult dog,year_birth,p0594,1984
616,difficult dog,year_birth,p0597,1958
617,difficult dog,year_birth,p0601,1996
618,difficult dog,year_birth,p0602,1952
619,difficult dog,year_birth,p0605,1987
620,difficult dog,year_birth,p0615,1966
621,difficult dog,year_birth,p0620,1994
622,difficult dog,year_birth,p0626,1980
623,difficult dog,year_birth,p0629,1995
624,difficult dog,year_birth,p0633,1996
625,difficult dog,year_birth,p0638,1989
626,difficult dog,year_birth,p0639,1976
627,difficult dog,year_birth,p0640,1951
628,difficult dog,year_birth,p0655,1998
629,difficult dog,year_birth,p0656,1991
630,difficult dog,year_birth,p0658,1968
631,difficult dog,year_birth,p0661,1988
632,difficult dog,year_birth,p0669,1960
633,difficult dog,year_birth,p0670,1980
634,difficult dog,year_birth,p0672,1973
635,difficult dog,year_birth,p0674,1985
636,difficult dog,year_birth,p0678,1978
637,difficult dog,year_birth,p0683,1949
638,difficult dog,year_birth,p0686,1977
639,difficult dog,year_birth,p0687,1953
640,difficult dog,year_birth,p0698,1963
641,difficult dog,year_birth,p0700,1981
642,difficult dog,year_birth,p0703,1970
643,difficult dog,year_birth,p0718,1984
644,difficult dog,year_birth,p0744,1987
645,difficult dog,year_birth,p0745,1987
646,difficult dog,year_birth,p0753,1992
647,difficult dog,year_birth,p0770,1985
648,difficult dog,year_birth,p0771,1964
649,difficult dog,year_birth,p0777,1982
650,difficult dog,year_birth,p0779,1964
651,difficult dog,year_birth,p0780,1970
652,difficult dog,year_birth,p0783,1947
653,difficult dog,year_birth,p0785,1994
654,difficult dog,year_birth,p0786,1970
655,difficult dog,year_birth,p0794,1952
656,difficult dog,year_birth,p0798,1947
657,difficult dog,year_birth,p0800,1967
658,difficult dog,year_birth,p0820,1982
659,difficult dog,year_birth,p0841,1985
660,difficult dog,year_birth,p0849,1970
661,difficult dog,year_birth,p0862,1989
662,difficult dog,year_birth,p0867,1969
663,difficult dog,year_birth,p0869,1955
664,difficult dog,year_birth,p0872,1972
665,difficult dog,year_birth,p0880,1993
666,difficult dog,year_birth,p0891,1984
667,difficult dog,year_birth,p0916,1989
668,difficult dog,year_birth,p0917,1987
669,difficult dog,year_birth,p0919,1991
670,difficult dog,year_birth,p0922,1957
671,difficult dog,year_birth,p0925,1966
672,difficult dog,year_birth,p0927,1990
673,difficult dog,year_birth,p0929,1991
674,difficult dog,year_birth,p0930,1984
675,difficult dog,year_birth,p0931,1958
676,difficult dog,year_birth,p0933,1986
677,difficult dog,year_birth,p0934,1978
678,difficult dog,year_birth,p0936,1976
679,difficult dog,year_birth,p0938,1982
680,difficult dog,year_birth,p0939,1984
681,difficult dog,year_birth,p0946,1980
682,difficult dog,year_birth,p0951,1963
683,difficult dog,year_birth,p0956,1988
684,difficult dog,year_birth,p0962,1942
685,difficult dog,year_birth,p0963,1990
686,difficult dog,year_birth,p0969,1960
687,difficult dog,year_birth,p0972,1956
688,difficult dog,year_birth,p0975,1952
689,difficult dog,year_birth,p0985,1994
690,difficult dog,year_birth,p0993,1983
691,difficult dog,year_birth,p0996,1956
692,difficult dog,year_birth,p1011,1961
693,difficult dog,year_birth,p1017,1992
694,difficult dog,year_birth,p1020,1953
695,difficult dog,year_birth,p1022,1995
696,difficult dog,year_birth,p1024,1972
697,difficult dog,year_birth,p1027,1996
698,difficult dog,year_birth,p1028,1985
699,difficult dog,year_birth,p1029,1986
700,difficult dog,year_birth,p1032,1972
701,difficult dog,year_birth,p1040,1990
702,difficult dog,year_birth,p1047,1997
703,difficult dog,year_birth,p1048,1985
704,difficult dog,year_birth,p1053,1987
705,difficult dog,year_birth,p1057,1986
706,difficult dog,year_birth,p1058,1988
707,difficult dog,year_birth,p1063,1960
708,difficult dog,year_birth,p1064,1955
709,difficult dog,year_birth,p1065,1955
710,difficult dog,year_birth,p1069,1981
711,difficult dog,year_birth,p1072,1986
712,difficult dog,year_birth,p1073,1980
713,difficult dog,year_birth,p1075,1965
714,difficult dog,year_birth,p1076,1997
715,difficult dog,year_birth,p1083,1950
716,difficult dog,year_birth,p1089,1992
717,difficult dog,year_birth,p1093,1995
718,difficult dog,year_birth,p1096,1988
719,difficult dog,year_birth,p1100,1972
720,difficult dog,year_birth,p1106,1988
721,difficult dog,year_birth,p1107,1955
722,difficult dog,year_birth,p1113,1984
723,difficult dog,year_birth,p1117,1940
724,difficult dog,year_birth,p1120,1956
725,difficult dog,year_birth,p1134,1951
726,difficult dog,year_birth,p1136,1967
727,difficult dog,year_birth,p1138,1969
728,difficult dog,year_birth,p1144,1962
729,difficult dog,year_birth,p1145,1952
730,difficult dog,year_birth,p1147,1989
731,difficult dog,year_birth,p1148,1982
732,difficult dog,year_birth,p1154,1985
733,difficult dog,year_birth,p1159,1957
734,difficult dog,year_birth,p1167,1965
735,difficult dog,year_birth,p1175,1989
736,difficult dog,year_birth,p1178,1989
737,difficult dog,year_birth,p1184,1979
738,difficult dog,year_birth,p1186,1970
739,difficult dog,year_birth,p1196,1996
740,difficult dog,year_birth,p1197,1974
741,difficult dog,year_birth,p1203,1954
742,difficult dog,year_birth,p1219,1994
743,difficult dog,year_birth,p1225,1952
744,difficult dog,year_birth,p1234,1996
745,difficult dog,year_birth,p1242,1954
746,difficult dog,year_birth,p1244,1976
747,difficult dog,year_birth,p1249,1972
748,difficult dog,year_birth,p1250,1960
749,difficult dog,year_birth,p1256,1979
750,difficult dog,year_birth,p1258,1986
751,difficult dog,year_birth,p1260,1982
752,difficult dog,year_birth,p1262,1972
753,difficult dog,year_birth,p1264,1997
754,difficult dog,year_birth,p1265,1987
755,difficult dog,year_birth,p1269,1983
756,difficult dog,year_birth,p1272,1998
757,difficult dog,year_birth,p1278,1988
758,difficult dog,year_birth,p1281,1989
759,difficult dog,year_birth,p1292,1990
760,difficult dog,year_birth,p1299,1964
761,difficult dog,year_birth,p1312,1984
762,difficult dog,year_birth,p1322,1986
763,difficult dog,year_birth,p1326,1985
764,difficult dog,year_birth,p1330,1962
765,difficult dog,year_birth,p1335,1991
766,difficult dog,year_birth,p1337,1965
767,difficult dog,year_birth,p1340,1983
768,difficult dog,year_birth,p1345,1960
769,difficult dog,year_birth,p1351,1932
770,difficult dog,year_birth,p1355,1991
771,difficult dog,year_birth,p1362,1941
772,difficult dog,year_birth,p1365,1961
773,difficult dog,year_birth,p1366,1958
774,difficult dog,year_birth,p1367,1984
775,difficult dog,year_birth,p1370,1936
776,difficult dog,year_birth,p1371,1969
777,difficult dog,year_birth,p1373,1991
778,difficult dog,year_birth,p1375,1980
779,difficult dog,year_birth,p1376,1986
780,difficult dog,year_birth,p1379,1977
781,difficult dog,year_birth,p1381,1952
782,difficult dog,year_birth,p1393,1974
783,difficult dog,year_birth,p1396,1970
784,difficult dog,year_birth,p1398,1978
785,difficult dog,year_birth,p1404,1960
786,difficult dog,year_birth,p1406,1961
787,difficult dog,year_birth,p1407,1987
788,difficult dog,year_birth,p1409,1954
789,difficult dog,year_birth,p1412,1966
790,difficult dog,year_birth,p1414,1981
791,difficult dog,year_birth,p1424,1968
792,difficult dog,year_birth,p1425,1968
793,difficult dog,year_birth,p1429,1971
794,difficult dog,year_birth,p1434,1976
795,difficult dog,year_birth,p1441,1975
796,difficult dog,year_birth,p1445,1956
797,difficult dog,year_birth,p1450,1993
798,difficult dog,year_birth,p1454,1967
799,difficult dog,year_birth,p1456,1978
800,difficult dog,year_birth,p1457,1987
801,difficult dog,year_birth,p1458,1966
802,difficult dog,year_birth,p1469,1979
803,difficult dog,year_birth,p1470,1961
804,difficult dog,year_birth,p1481,1958
805,difficult dog,year_birth,p1488,1973
806,difficult dog,year_birth,p1492,1976
807,difficult dog,year_birth,p1495,1943
808,difficult dog,year_birth,p1497,1965
809,difficult dog,year_birth,p1499,1993
810,difficult dog,year_birth,p1503,1963
811,difficult dog,year_birth,p1511,1960
812,difficult dog,year_birth,p1512,1989
813,difficult dog,year_birth,p1518,1992
814,difficult dog,year_birth,p1519,1995
815,difficult dog,year_birth,p1520,1988
816,difficult dog,year_birth,p1524,1968
817,difficult dog,year_birth,p1526,1982
818,difficult dog,year_birth,p1537,1937
819,difficult dog,year_birth,p1545,1975
820,difficult dog,year_birth,p1547,1968
821,difficult dog,year_birth,p1552,1989
822,difficult dog,year_birth,p1567,1949
823,difficult dog,year_birth,p1568,1950
824,difficult dog,year_birth,p1579,1951
825,difficult dog,year_birth,p1587,1965
826,difficult dog,year_birth,p1596,1953
827,difficult dog,year_birth,p1600,1974
828,difficult dog,year_birth,p1603,1990
829,difficult dog,year_birth,p1604,1955
830,difficult dog,year_birth,p1610,1978
831,difficult dog,year_birth,p1618,1971
832,difficult dog,year_birth,p1619,1948
833,difficult dog,year_birth,p1622,1956
834,difficult dog,year_birth,p1623,1971
835,difficult dog,year_birth,p1630,1999
836,difficult dog,year_birth,p1641,1944
837,difficult dog,year_birth,p1649,1943
838,difficult dog,year_birth,p1652,1971
839,difficult dog,year_birth,p1665,1980
840,difficult dog,year_birth,p1669,1968
841,difficult dog,year_birth,p1685,1956
842,difficult dog,year_birth,p1693,1986
843,difficult dog,year_birth,p1698,1973
844,difficult dog,year_birth,p1704,1976
845,difficult dog,year_birth,p1711,1969
846,difficult dog,year_birth,p1718,1975
847,difficult dog,year_birth,p1732,1971
848,difficult dog,year_birth,p1739,1943
849,difficult dog,year_birth,p1741,1942
850,difficult dog,year_birth,p1746,1975
851,difficult dog,year_birth,p1751,1987
852,difficult dog,year_birth,p1754,1959
853,difficult dog,year_birth,p1769,1971
854,difficult dog,year_birth,p1771,1968
855,difficult dog,year_birth,p1776,1953
856,difficult dog,year_birth,p1780,1969
857,difficult dog,year_birth,p1785,1979
858,difficult dog,year_birth,p1791,1986
859,difficult dog,year_birth,p1793,1957
860,difficult dog,year_birth,p1796,1952
861,difficult dog,year_birth,p1805,1981
862,difficult dog,year_birth,p1812,1979
863,difficult dog,year_birth,p1816,1972
864,difficult dog,year_birth,p1819,1972
865,difficult dog,year_birth,p1825,1951
866,difficult dog,year_birth,p1836,1995
867,difficult dog,year_birth,p1839,1940
868,difficult dog,year_birth,p1861,1961
869,difficult dog,year_birth,p1863,1930
870,difficult dog,year_birth,p1873,1979
871,difficult dog,year_birth,p1875,1955
872,difficult dog,year_birth,p1876,1971
873,difficult dog,year_birth,p1877,1996
874,difficult dog,year_birth,p1880,1977
875,difficult dog,year_birth,p1883,1970
876,difficult dog,year_birth,p1889,1978
877,difficult dog,year_birth,p1893,1982
878,difficult dog,year_birth,p1896,1991
879,difficult dog,year_birth,p1913,1969
880,difficult dog,year_birth,p1922,1942
881,difficult dog,year_birth,p1930,1970
882,difficult dog,year_birth,p1935,1946
883,difficult dog,year_birth,p1940,1977
884,difficult dog,year_birth,p1948,1994
885,difficult dog,year_birth,p1950,1963
886,difficult dog,year_birth,p1954,1972
887,difficult dog,year_birth,p1956,1959
888,difficult dog,year_birth,p1958,1978
889,difficult dog,year_birth,p1967,1979
890,difficult dog,year_birth,p1973,1995
891,difficult dog,year_birth,p1978,1953
892,difficult dog,year_birth,p1983,1976
893,difficult dog,year_birth,p1984,1956
894,difficult dog,year_birth,p1995,1942
895,difficult dog,year_birth,p1996,1977
896,difficult dog,year_birth,p1997,1972
897,difficult dog,year_birth,p2001,1977
898,difficult dog,year_birth,p2002,1968
899,difficult dog,year_birth,p2013,1980
900,difficult dog,year_birth,p2014,1968
901,difficult dog,year_birth,p2016,1962
902,difficult dog,year_birth,p2018,1980
903,difficult dog,year_birth,p2023,1969
904,difficult dog,year_birth,p2025,1937
905,difficult dog,year_birth,p2028,1953
906,difficult dog,year_birth,p2030,1973
907,difficult dog,year_birth,p2033,1978
908,difficult dog,year_birth,p2040,1947
909,difficult dog,year_birth,p2051,1991
910,difficult dog,year_birth,p2052,1971
911,difficult dog,year_birth,p2066,1942
912,difficult dog,year_birth,p2067,1953
913,difficult dog,year_birth,p2073,1994
914,difficult dog,year_birth,p2077,1994
915,difficult dog,year_birth,p2078,1988
916,difficult dog,year_birth,p2086,1964
917,difficult dog,year_birth,p2089,1981
918,difficult dog,year_birth,p2093,1956
919,difficult dog,year_birth,p2094,1945
920,difficult dog,year_birth,p2111,1997
921,difficult dog,year_birth,p2117,1979
922,difficult dog,year_birth,p2121,1958
923,difficult dog,year_birth,p2127,1969
924,difficult dog,year_birth,p2141,1996
925,difficult dog,year_birth,p2142,1999
926,difficult dog,year_birth,p2143,1971
927,difficult dog,year_birth,p2153,1984
928,difficult dog,year_birth,p2155,1973
929,difficult dog,year_birth,p2169,1961
930,difficult dog,year_birth,p2187,1991
931,difficult dog,year_birth,p2188,1974
932,difficult dog,year_birth,p2197,1986
933,difficult dog,year_birth,p2213,1997
934,difficult dog,year_birth,p2214,1989
935,difficult dog,year_birth,p2215,1992
936,difficult dog,year_birth,p2220,1971
937,difficult dog,year_birth,p2223,1990
938,difficult dog,year_birth,p2229,1985
939,difficult dog,year_birth,p2234,1991
940,difficult dog,year_birth,p2237,1960
941,difficult dog,year_birth,p2238,1957
942,difficult dog,year_birth,p2244,1987
943,difficult dog,year_birth,p2248,1966
944,difficult dog,year_birth,p2252,1999
945,difficult dog,year_birth,p2255,1950
946,difficult dog,year_birth,p2261,1960
947,difficult dog,year_birth,p2263,1974
948,difficult dog,year_birth,p2273,1993
949,difficult dog,year_birth,p2275,1984
950,difficult dog,year_birth,p2276,1985
951,difficult dog,year_birth,p2283,1964
952,difficult dog,year_birth,p2287,1957
953,difficult dog,year_birth,p2296,1992
954,difficult dog,year_birth,p2298,1994
955,difficult dog,year_birth,p2304,1995
956,difficult dog,year_birth,p2310,1986
957,difficult dog,year_birth,p2322,1988
958,difficult dog,year_birth,p2326,1990
959,difficult dog,year_birth,p2330,1996
960,difficult dog,year_birth,p2331,1997
961,difficult dog,year_birth,p2333,1967
962,difficult dog,year_birth,p2347,1972
963,difficult dog,year_birth,p2350,1989
964,difficult dog,year_birth,p2351,1986
965,difficult dog,year_birth,p2353,1998
966,difficult dog,year_birth,p2355,1988
967,difficult dog,year_birth,p2363,1982
968,difficult dog,year_birth,p2378,1994
969,difficult dog,year_birth,p2380,1994
970,difficult dog,year_birth,p2387,1986
971,difficult dog,year_birth,p2398,1990
972,difficult dog,year_birth,p2400,1961
973,difficult dog,year_birth,p2403,1971
974,difficult dog,year_birth,p2408,1980
975,difficult dog,year_birth,p2418,1987
976,difficult dog,year_birth,p2426,1951
977,difficult dog,year_birth,p2428,1989
978,difficult dog,year_birth,p2434,1968
979,difficult dog,year_birth,p2446,1983
980,difficult dog,year_birth,p2452,1975
981,difficult dog,year_birth,p2454,1978
982,difficult dog,year_birth,p2462,1993
983,difficult dog,year_birth,p2467,1972
984,difficult dog,year_birth,p2482,1967
985,difficult dog,year_birth,p2489,1952
986,difficult dog,year_birth,p2490,1998
987,difficult dog,year_birth,p2494,1947
988,difficult dog,year_birth,p2502,1955
989,difficult dog,year_birth,p2503,1987
990,difficult dog,year_birth,p2522,1945
991,difficult dog,year_birth,p2524,1946
992,difficult dog,year_birth,p2533,1951
993,difficult dog,year_birth,p2566,1968
994,difficult dog,year_birth,p2571,1952
995,difficult dog,year_birth,p2573,1969
996,difficult dog,year_birth,p2582,1985
997,difficult dog,year_birth,p2591,1986
998,difficult dog,year_birth,p2592,1981
999,difficult dog,year_birth,p2595,1973
1000,difficult dog,race,p0016,1
1001,difficult dog,race,p0022,1
1002,difficult dog,race,p0023,1
1003,difficult dog,race,p0026,1
1004,difficult dog,race,p0034,1
1005,difficult dog,race,p0036,1
1006,difficult dog,race,p0037,1
1007,difficult dog,race,p0042,1
1008,difficult dog,race,p0057,1
1009,difficult dog,race,p0066,1
1010,difficult dog,race,p0069,1
1011,difficult dog,race,p0072,1
1012,difficult dog,race,p0073,1
1013,difficult dog,race,p0082,1
1014,difficult dog,race,p0091,1
1015,difficult dog,race,p0092,2
1016,difficult dog,race,p0093,1
1017,difficult dog,race,p0095,1
1018,difficult dog,race,p0107,1
1019,difficult dog,race,p0114,1
1020,difficult dog,race,p0116,1
1021,difficult dog,race,p0118,1
1022,difficult dog,race,p0119,1
1023,difficult dog,race,p0126,1
1024,difficult dog,race,p0129,1
1025,difficult dog,race,p0136,1
1026,difficult dog,race,p0138,1
1027,difficult dog,race,p0144,5
1028,difficult dog,race,p0150,2
1029,difficult dog,race,p0152,1
1030,difficult dog,race,p0158,1
1031,difficult dog,race,p0161,1
1032,difficult dog,race,p0164,1
1033,difficult dog,race,p0175,1
1034,difficult dog,race,p0177,5
1035,difficult dog,race,p0178,1
1036,difficult dog,race,p0181,1
1037,difficult dog,race,p0186,1
1038,difficult dog,race,p0196,1
1039,difficult dog,race,p0198,1
1040,difficult dog,race,p0202,1
1041,difficult dog,race,p0205,1
1042,difficult dog,race,p0207,1
1043,difficult dog,race,p0211,1
1044,difficult dog,race,p0227,5
1045,difficult dog,race,p0229,2
1046,difficult dog,race,p0232,1
1047,difficult dog,race,p0233,1
1048,difficult dog,race,p0237,1
1049,difficult dog,race,p0258,1
1050,difficult dog,race,p0268,1
1051,difficult dog,race,p0274,2
1052,difficult dog,race,p0275,2
1053,difficult dog,race,p0277,2
1054,difficult dog,race,p0288,2
1055,difficult dog,race,p0291,1
1056,difficult dog,race,p0307,1
1057,difficult dog,race,p0308,1
1058,difficult dog,race,p0317,1
1059,difficult dog,race,p0325,1
1060,difficult dog,race,p0327,1
1061,difficult dog,race,p0334,1
1062,difficult dog,race,p0336,1
1063,difficult dog,race,p0338,1
1064,difficult dog,race,p0342,2
1065,difficult dog,race,p0349,1
1066,difficult dog,race,p0356,1
1067,difficult dog,race,p0358,1
1068,difficult dog,race,p0363,1
1069,difficult dog,race,p0364,1
1070,difficult dog,race,p0369,1
1071,difficult dog,race,p0370,1
1072,difficult dog,race,p0371,1
1073,difficult dog,race,p0379,1
1074,difficult dog,race,p0386,1
1075,difficult dog,race,p0396,1
1076,difficult dog,race,p0403,2
1077,difficult dog,race,p0405,1
1078,difficult dog,race,p0412,1
1079,difficult dog,race,p0415,1
1080,difficult dog,race,p0416,1
1081,difficult dog,race,p0417,1
1082,difficult dog,race,p0418,1
1083,difficult dog,race,p0430,1
1084,difficult dog,race,p0431,1
1085,difficult dog,race,p0434,1
1086,difficult dog,race,p0438,1
1087,difficult dog,race,p0441,5
1088,difficult dog,race,p0442,2
1089,difficult dog,race,p0449,1
1090,difficult dog,race,p0450,1
1091,difficult dog,race,p0465,1
1092,difficult dog,race,p0471,1
1093,difficult dog,race,p0477,1
1094,difficult dog,race,p0483,2
1095,difficult dog,race,p0486,1
1096,difficult dog,race,p0487,1
1097,difficult dog,race,p0489,1
1098,difficult dog,race,p0497,1
1099,difficult dog,race,p0502,1
1100,difficult dog,race,p0503,1
1101,difficult dog,race,p0506,1
1102,difficult dog,race,p0511,1
1103,difficult dog,race,p0523,1
1104,difficult dog,race,p0534,1
1105,difficult dog,race,p0536,1
1106,difficult dog,race,p0542,1
1107,difficult dog,race,p0547,1
1108,difficult dog,race,p0553,1
1109,difficult dog,race,p0559,1
1110,difficult dog,race,p0566,1
1111,difficult dog,race,p0568,5
1112,difficult dog,race,p0570,2
1113,difficult dog,race,p0573,1
1114,difficult dog,race,p0578,1
1115,difficult dog,race,p0594,1
1116,difficult dog,race,p0597,1
1117,difficult dog,race,p0601,1
1118,difficult dog,race,p0602,1
1119,difficult dog,race,p0605,1
1120,difficult dog,race,p0615,1
1121,difficult dog,race,p0620,1
1122,difficult dog,race,p0626,1
1123,difficult dog,race,p0629,1
1124,difficult dog,race,p0633,1
1125,difficult dog,race,p0638,1
1126,difficult dog,race,p0639,1
1127,difficult dog,race,p0640,1
1128,difficult dog,race,p0655,1
1129,difficult dog,race,p0656,2
1130,difficult dog,race,p0658,1
1131,difficult dog,race,p0661,1
1132,difficult dog,race,p0669,1
1133,difficult dog,race,p0670,2
1134,difficult dog,race,p0672,5
1135,difficult dog,race,p0674,1
1136,difficult dog,race,p0678,1
1137,difficult dog,race,p0683,1
1138,difficult dog,race,p0686,1
1139,difficult dog,race,p0687,5
1140,difficult dog,race,p0698,1
1141,difficult dog,race,p0700,1
1142,difficult dog,race,p0703,1
1143,difficult dog,race,p0718,2
1144,difficult dog,race,p0744,1
1145,difficult dog,race,p0745,1
1146,difficult dog,race,p0753,1
1147,difficult dog,race,p0770,1
1148,difficult dog,race,p0771,5
1149,difficult dog,race,p0777,1
1150,difficult dog,race,p0779,1
1151,difficult dog,race,p0780,1
1152,difficult dog,race,p0783,1
1153,difficult dog,race,p0785,1
1154,difficult dog,race,p0786,2
1155,difficult dog,race,p0794,1
1156,difficult dog,race,p0798,1
1157,difficult dog,race,p0800,1
1158,difficult dog,race,p0820,1
1159,difficult dog,race,p0841,1
1160,difficult dog,race,p0849,1
1161,difficult dog,race,p0862,5
1162,difficult dog,race,p0867,2
1163,difficult dog,race,p0869,1
1164,difficult dog,race,p0872,1
1165,difficult dog,race,p0880,5
1166,difficult dog,race,p0891,1
1167,difficult dog,race,p0916,1
1168,difficult dog,race,p0917,1
1169,difficult dog,race,p0919,1
1170,difficult dog,race,p0922,1
1171,difficult dog,race,p0925,1
1172,difficult dog,race,p0927,1
1173,difficult dog,race,p0929,1
1174,difficult dog,race,p0930,1
1175,difficult dog,race,p0931,1
1176,difficult dog,race,p0933,5
1177,difficult dog,race,p0934,1
1178,difficult dog,race,p0936,1
1179,difficult dog,race,p0938,1
1180,difficult dog,race,p0939,1
1181,difficult dog,race,p0946,1
1182,difficult dog,race,p0951,2
1183,difficult dog,race,p0956,1
1184,difficult dog,race,p0962,1
1185,difficult dog,race,p0963,1
1186,difficult dog,race,p0969,1
1187,difficult dog,race,p0972,1
1188,difficult dog,race,p0975,1
1189,difficult dog,race,p0985,2
1190,difficult dog,race,p0993,2
1191,difficult dog,race,p0996,1
1192,difficult dog,race,p1011,1
1193,difficult dog,race,p1017,1
1194,difficult dog,race,p1020,1
1195,difficult dog,race,p1022,1
1196,difficult dog,race,p1024,1
1197,difficult dog,race,p1027,5
1198,difficult dog,race,p1028,1
1199,difficult dog,race,p1029,2
1200,difficult dog,race,p1032,1
1201,difficult dog,race,p1040,5
1202,difficult dog,race,p1047,2
1203,difficult dog,race,p1048,1
1204,difficult dog,race,p1053,5
1205,difficult dog,race,p1057,1
1206,difficult dog,race,p1058,1
1207,difficult dog,race,p1063,1
1208,difficult dog,race,p1064,1
1209,difficult dog,race,p1065,1
1210,difficult dog,race,p1069,1
1211,difficult dog,race,p1072,1
1212,difficult dog,race,p1073,2
1213,difficult dog,race,p1075,1
1214,difficult dog,race,p1076,2
1215,difficult dog,race,p1083,1
1216,difficult dog,race,p1089,1
1217,difficult dog,race,p1093,1
1218,difficult dog,race,p1096,1
1219,difficult dog,race,p1100,1
1220,difficult dog,race,p1106,2
1221,difficult dog,race,p1107,1
1222,difficult dog,race,p1113,1
1223,difficult dog,race,p1117,1
1224,difficult dog,race,p1120,1
1225,difficult dog,race,p1134,1
1226,difficult dog,race,p1136,1
1227,difficult dog,race,p1138,1
1228,difficult dog,race,p1144,1
1229,difficult dog,race,p1145,1
1230,difficult dog,race,p1147,1
1231,difficult dog,race,p1148,1
1232,difficult dog,race,p1154,1
1233,difficult dog,race,p1159,2
1234,difficult dog,race,p1167,5
1235,difficult dog,race,p1175,1
1236,difficult dog,race,p1178,1
1237,difficult dog,race,p1184,1
1238,difficult dog,race,p1186,1
1239,difficult dog,race,p1196,1
1240,difficult dog,race,p1197,5
1241,difficult dog,race,p1203,1
1242,difficult dog,race,p1219,2
1243,difficult dog,race,p1225,1
1244,difficult dog,race,p1234,1
1245,difficult dog,race,p1242,1
1246,difficult dog,race,p1244,1
1247,difficult dog,race,p1249,1
1248,difficult dog,race,p1250,1
1249,difficult dog,race,p1256,5
1250,difficult dog,race,p1258,1
1251,difficult dog,race,p1260,2
1252,difficult dog,race,p1262,1
1253,difficult dog,race,p1264,1
1254,difficult dog,race,p1265,1
1255,difficult dog,race,p1269,1
1256,difficult dog,race,p1272,1
1257,difficult dog,race,p1278,1
1258,difficult dog,race,p1281,5
1259,difficult dog,race,p1292,1
1260,difficult dog,race,p1299,1
1261,difficult dog,race,p1312,1
1262,difficult dog,race,p1322,1
1263,difficult dog,race,p1326,1
1264,difficult dog,race,p1330,1
1265,difficult dog,race,p1335,1
1266,difficult dog,race,p1337,1
1267,difficult dog,race,p1340,1
1268,difficult dog,race,p1345,1
1269,difficult dog,race,p1351,1
1270,difficult dog,race,p1355,1
1271,difficult dog,race,p1362,1
1272,difficult dog,race,p1365,1
1273,difficult dog,race,p1366,1
1274,difficult dog,race,p1367,1
1275,difficult dog,race,p1370,1
1276,difficult dog,race,p1371,1
1277,difficult dog,race,p1373,1
1278,difficult dog,race,p1375,1
1279,difficult dog,race,p1376,1
1280,difficult dog,race,p1379,2
1281,difficult dog,race,p1381,1
1282,difficult dog,race,p1393,1
1283,difficult dog,race,p1396,5
1284,difficult dog,race,p1398,5
1285,difficult dog,race,p1404,1
1286,difficult dog,race,p1406,1
1287,difficult dog,race,p1407,1
1288,difficult dog,race,p1409,1
1289,difficult dog,race,p1412,2
1290,difficult dog,race,p1414,1
1291,difficult dog,race,p1424,1
1292,difficult dog,race,p1425,1
1293,difficult dog,race,p1429,2
1294,difficult dog,race,p1434,1
1295,difficult dog,race,p1441,2
1296,difficult dog,race,p1445,2
1297,difficult dog,race,p1450,1
1298,difficult dog,race,p1454,1
1299,difficult dog,race,p1456,1
1300,difficult dog,race,p1457,2
1301,difficult dog,race,p1458,1
1302,difficult dog,race,p1469,1
1303,difficult dog,race,p1470,1
1304,difficult dog,race,p1481,5
1305,difficult dog,race,p1488,5
1306,difficult dog,race,p1492,1
1307,difficult dog,race,p1495,1
1308,difficult dog,race,p1497,1
1309,difficult dog,race,p1499,1
1310,difficult dog,race,p1503,1
1311,difficult dog,race,p1511,1
1312,difficult dog,race,p1512,1
1313,difficult dog,race,p1518,1
1314,difficult dog,race,p1519,1
1315,difficult dog,race,p1520,1
1316,difficult dog,race,p1524,1
1317,difficult dog,race,p1526,1
1318,difficult dog,race,p1537,1
1319,difficult dog,race,p1545,1
1320,difficult dog,race,p1547,2
1321,difficult dog,race,p1552,5
1322,difficult dog,race,p1567,1
1323,difficult dog,race,p1568,1
1324,difficult dog,race,p1579,1
1325,difficult dog,race,p1587,2
1326,difficult dog,race,p1596,1
1327,difficult dog,race,p1600,1
1328,difficult dog,race,p1603,2
1329,difficult dog,race,p1604,1
1330,difficult dog,race,p1610,1
1331,difficult dog,race,p1618,1
1332,difficult dog,race,p1619,1
1333,difficult dog,race,p1622,5
1334,difficult dog,race,p1623,5
1335,difficult dog,race,p1630,1
1336,difficult dog,race,p1641,1
1337,difficult dog,race,p1649,5
1338,difficult dog,race,p1652,5
1339,difficult dog,race,p1665,1
1340,difficult dog,race,p1669,1
1341,difficult dog,race,p1685,1
1342,difficult dog,race,p1693,1
1343,difficult dog,race,p1698,2
1344,difficult dog,race,p1704,1
1345,difficult dog,race,p1711,1
1346,difficult dog,race,p1718,1
1347,difficult dog,race,p1732,1
1348,difficult dog,race,p1739,1
1349,difficult dog,race,p1741,1
1350,difficult dog,race,p1746,1
1351,difficult dog,race,p1751,1
1352,difficult dog,race,p1754,1
1353,difficult dog,race,p1769,1
1354,difficult dog,race,p1771,1
1355,difficult dog,race,p1776,2
1356,difficult dog,race,p1780,1
1357,difficult dog,race,p1785,1
1358,difficult dog,race,p1791,2
1359,difficult dog,race,p1793,1
1360,difficult dog,race,p1796,1
1361,difficult dog,race,p1805,1
1362,difficult dog,race,p1812,1
1363,difficult dog,race,p1816,1
1364,difficult dog,race,p1819,1
1365,difficult dog,race,p1825,1
1366,difficult dog,race,p1836,1
1367,difficult dog,race,p1839,1
1368,difficult dog,race,p1861,5
1369,difficult dog,race,p1863,1
1370,difficult dog,race,p1873,1
1371,difficult dog,race,p1875,1
1372,difficult dog,race,p1876,1
1373,difficult dog,race,p1877,1
1374,difficult dog,race,p1880,1
1375,difficult dog,race,p1883,5
1376,difficult dog,race,p1889,1
1377,difficult dog,race,p1893,5
1378,difficult dog,race,p1896,1
1379,difficult dog,race,p1913,1
1380,difficult dog,race,p1922,1
1381,difficult dog,race,p1930,1
1382,difficult dog,race,p1935,1
1383,difficult dog,race,p1940,5
1384,difficult dog,race,p1948,1
1385,difficult dog,race,p1950,1
1386,difficult dog,race,p1954,1
1387,difficult dog,race,p1956,1
1388,difficult dog,race,p1958,1
1389,difficult dog,race,p1967,1
1390,difficult dog,race,p1973,1
1391,difficult dog,race,p1978,1
1392,difficult dog,race,p1983,1
1393,difficult dog,race,p1984,2
1394,difficult dog,race,p1995,1
1395,difficult dog,race,p1996,1
1396,difficult dog,race,p1997,1
1397,difficult dog,race,p2001,1
1398,difficult dog,race,p2002,2
1399,difficult dog,race,p2013,1
1400,difficult dog,race,p2014,1
1401,difficult dog,race,p2016,5
1402,difficult dog,race,p2018,2
1403,difficult dog,race,p2023,1
1404,difficult dog,race,p2025,1
1405,difficult dog,race,p2028,1
1406,difficult dog,race,p2030,1
1407,difficult dog,race,p2033,1
1408,difficult dog,race,p2040,2
1409,difficult dog,race,p2051,1
1410,difficult dog,race,p2052,1
1411,difficult dog,race,p2066,1
1412,difficult dog,race,p2067,1
1413,difficult dog,race,p2073,1
1414,difficult dog,race,p2077,2
1415,difficult dog,race,p2078,5
1416,difficult dog,race,p2086,1
1417,difficult dog,race,p2089,1
1418,difficult dog,race,p2093,1
1419,difficult dog,race,p2094,1
1420,difficult dog,race,p2111,2
1421,difficult dog,race,p2117,1
1422,difficult dog,race,p2121,1
1423,difficult dog,race,p2127,1
1424,difficult dog,race,p2141,1
1425,difficult dog,race,p2142,2
1426,difficult dog,race,p2143,1
1427,difficult dog,race,p2153,3
1428,difficult dog,race,p2155,3
1429,difficult dog,race,p2169,3
1430,difficult dog,race,p2187,3
1431,difficult dog,race,p2188,3
1432,difficult dog,race,p2197,3
1433,difficult dog,race,p2213,3
1434,difficult dog,race,p2214,3
1435,difficult dog,race,p2215,3
1436,difficult dog,race,p2220,3
1437,difficult dog,race,p2223,3
1438,difficult dog,race,p2229,3
1439,difficult dog,race,p2234,3
1440,difficult dog,race,p2237,3
1441,difficult dog,race,p2238,3
1442,difficult dog,race,p2244,3
1443,difficult dog,race,p2248,3
1444,difficult dog,race,p2252,3
1445,difficult dog,race,p2255,3
1446,difficult dog,race,p2261,3
1447,difficult dog,race,p2263,3
1448,difficult dog,race,p2273,3
1449,difficult dog,race,p2275,3
1450,difficult dog,race,p2276,3
1451,difficult dog,race,p2283,3
1452,difficult dog,race,p2287,3
1453,difficult dog,race,p2296,3
1454,difficult dog,race,p2298,3
1455,difficult dog,race,p2304,3
1456,difficult dog,race,p2310,3
1457,difficult dog,race,p2322,3
1458,difficult dog,race,p2326,3
1459,difficult dog,race,p2330,3
1460,difficult dog,race,p2331,3
1461,difficult dog,race,p2333,3
1462,difficult dog,race,p2347,3
1463,difficult dog,race,p2350,3
1464,difficult dog,race,p2351,3
1465,difficult dog,race,p2353,3
1466,difficult dog,race,p2355,3
1467,difficult dog,race,p2363,3
1468,difficult dog,race,p2378,3
1469,difficult dog,race,p2380,3
1470,difficult dog,race,p2387,3
1471,difficult dog,race,p2398,3
1472,difficult dog,race,p2400,3
1473,difficult dog,race,p2403,3
1474,difficult dog,race,p2408,3
1475,difficult dog,race,p2418,3
1476,difficult dog,race,p2426,3
1477,difficult dog,race,p2428,3
1478,difficult dog,race,p2434,3
1479,difficult dog,race,p2446,3
1480,difficult dog,race,p2452,3
1481,difficult dog,race,p2454,3
1482,difficult dog,race,p2462,3
1483,difficult dog,race,p2467,3
1484,difficult dog,race,p2482,3
1485,difficult dog,race,p2489,3
1486,difficult dog,race,p2490,3
1487,difficult dog,race,p2494,3
1488,difficult dog,race,p2502,3
1489,difficult dog,race,p2503,3
1490,difficult dog,race,p2522,3
1491,difficult dog,race,p2524,3
1492,difficult dog,race,p2533,3
1493,difficult dog,race,p2566,3
1494,difficult dog,race,p2571,3
1495,difficult dog,race,p2573,3
1496,difficult dog,race,p2582,3
1497,difficult dog,race,p2591,3
1498,difficult dog,race,p2592,3
1499,difficult dog,race,p2595,3
1500,difficult dog,education,p0016,4
1501,difficult dog,education,p0022,4
1502,difficult dog,education,p0023,5
1503,difficult dog,education,p0026,4
1504,difficult dog,education,p0034,3
1505,difficult dog,education,p0036,3
1506,difficult dog,education,p0037,4
1507,difficult dog,education,p0042,3
1508,difficult dog,education,p0057,3
1509,difficult dog,education,p0066,4
1510,difficult dog,education,p0069,3
1511,difficult dog,education,p0072,4
1512,difficult dog,education,p0073,4
1513,difficult dog,education,p0082,4
1514,difficult dog,education,p0091,4
1515,difficult dog,education,p0092,2
1516,difficult dog,education,p0093,4
1517,difficult dog,education,p0095,3
1518,difficult dog,education,p0107,3
1519,difficult dog,education,p0114,5
1520,difficult dog,education,p0116,2
1521,difficult dog,education,p0118,3
1522,difficult dog,education,p0119,3
1523,difficult dog,education,p0126,3
1524,difficult dog,education,p0129,5
1525,difficult dog,education,p0136,3
1526,difficult dog,education,p0138,2
1527,difficult dog,education,p0144,4
1528,difficult dog,education,p0150,2
1529,difficult dog,education,p0152,3
1530,difficult dog,education,p0158,2
1531,difficult dog,education,p0161,3
1532,difficult dog,education,p0164,2
1533,difficult dog,education,p0175,3
1534,difficult dog,education,p0177,4
1535,difficult dog,education,p0178,6
1536,difficult dog,education,p0181,4
1537,difficult dog,education,p0186,3
1538,difficult dog,education,p0196,4
1539,difficult dog,education,p0198,5
1540,difficult dog,education,p0202,4
1541,difficult dog,education,p0205,5
1542,difficult dog,education,p0207,4
1543,difficult dog,education,p0211,3
1544,difficult dog,education,p0227,5
1545,difficult dog,education,p0229,2
1546,difficult dog,education,p0232,5
1547,difficult dog,education,p0233,2
1548,difficult dog,education,p0237,5
1549,difficult dog,education,p0258,4
1550,difficult dog,education,p0268,2
1551,difficult dog,education,p0274,5
1552,difficult dog,education,p0275,4
1553,difficult dog,education,p0277,4
1554,difficult dog,education,p0288,4
1555,difficult dog,education,p0291,4
1556,difficult dog,education,p0307,3
1557,difficult dog,education,p0308,3
1558,difficult dog,education,p0317,3
1559,difficult dog,education,p0325,4
1560,difficult dog,education,p0327,5
1561,difficult dog,education,p0334,6
1562,difficult dog,education,p0336,4
1563,difficult dog,education,p0338,1
1564,difficult dog,education,p0342,4
1565,difficult dog,education,p0349,5
1566,difficult dog,education,p0356,4
1567,difficult dog,education,p0358,4
1568,difficult dog,education,p0363,4
1569,difficult dog,education,p0364,5
1570,difficult dog,education,p0369,5
1571,difficult dog,education,p0370,2
1572,difficult dog,education,p0371,4
1573,difficult dog,education,p0379,3
1574,difficult dog,education,p0386,5
1575,difficult dog,education,p0396,5
1576,difficult dog,education,p0403,3
1577,difficult dog,education,p0405,4
1578,difficult dog,education,p0412,4
1579,difficult dog,education,p0415,3
1580,difficult dog,education,p0416,4
1581,difficult dog,education,p0417,2
1582,difficult dog,education,p0418,2
1583,difficult dog,education,p0430,5
1584,difficult dog,education,p0431,5
1585,difficult dog,education,p0434,2
1586,difficult dog,education,p0438,4
1587,difficult dog,education,p0441,5
1588,difficult dog,education,p0442,3
1589,difficult dog,education,p0449,5
1590,difficult dog,education,p0450,4
1591,difficult dog,education,p0465,5
1592,difficult dog,education,p0471,3
1593,difficult dog,education,p0477,3
1594,difficult dog,education,p0483,5
1595,difficult dog,education,p0486,3
1596,difficult dog,education,p0487,4
1597,difficult dog,education,p0489,5
1598,difficult dog,education,p0497,6
1599,difficult dog,education,p0502,5
1600,difficult dog,education,p0503,4
1601,difficult dog,education,p0506,3
1602,difficult dog,education,p0511,4
1603,difficult dog,education,p0523,5
1604,difficult dog,education,p0534,6
1605,difficult dog,education,p0536,3
1606,difficult dog,education,p0542,4
1607,difficult dog,education,p0547,2
1608,difficult dog,education,p0553,4
1609,difficult dog,education,p0559,4
1610,difficult dog,education,p0566,4
1611,difficult dog,education,p0568,3
1612,difficult dog,education,p0570,1
1613,difficult dog,education,p0573,3
1614,difficult dog,education,p0578,2
1615,difficult dog,education,p0594,2
1616,difficult dog,education,p0597,2
1617,difficult dog,education,p0601,2
1618,difficult dog,education,p0602,2
1619,difficult dog,education,p0605,3
1620,difficult dog,education,p0615,3
1621,difficult dog,education,p0620,4
1622,difficult dog,education,p0626,3
1623,difficult dog,education,p0629,4
1624,difficult dog,education,p0633,3
1625,difficult dog,education,p0638,4
1626,difficult dog,education,p0639,4
1627,difficult dog,education,p0640,2
1628,difficult dog,education,p0655,3
1629,difficult dog,education,p0656,3
1630,difficult dog,education,p0658,5
1631,difficult dog,education,p0661,4
1632,difficult dog,education,p0669,4
1633,difficult dog,education,p0670,2
1634,difficult dog,education,p0672,5
1635,difficult dog,education,p0674,4
1636,difficult dog,education,p0678,5
1637,difficult dog,education,p0683,2
1638,difficult dog,education,p0686,3
1639,difficult dog,education,p0687,4
1640,difficult dog,education,p0698,2
1641,difficult dog,education,p0700,4
1642,difficult dog,education,p0703,2
1643,difficult dog,education,p0718,2
1644,difficult dog,education,p0744,4
1645,difficult dog,education,p0745,4
1646,difficult dog,education,p0753,4
1647,difficult dog,education,p0770,4
1648,difficult dog,education,p0771,4
1649,difficult dog,education,p0777,5
1650,difficult dog,education,p0779,4
1651,difficult dog,education,p0780,3
1652,difficult dog,education,p0783,3
1653,difficult dog,education,p0785,4
1654,difficult dog,education,p0786,3
1655,difficult dog,education,p0794,4
1656,difficult dog,education,p0798,5
1657,difficult dog,education,p0800,4
1658,difficult dog,education,p0820,3
1659,difficult dog,education,p0841,3
1660,difficult dog,education,p0849,3
1661,difficult dog,education,p0862,5
1662,difficult dog,education,p0867,5
1663,difficult dog,education,p0869,3
1664,difficult dog,education,p0872,4
1665,difficult dog,education,p0880,2
1666,difficult dog,education,p0891,3
1667,difficult dog,education,p0916,5
1668,difficult dog,education,p0917,4
1669,difficult dog,education,p0919,4
1670,difficult dog,education,p0922,2
1671,difficult dog,education,p0925,2
1672,difficult dog,education,p0927,4
1673,difficult dog,education,p0929,3
1674,difficult dog,education,p0930,4
1675,difficult dog,education,p0931,2
1676,difficult dog,education,p0933,2
1677,difficult dog,education,p0934,3
1678,difficult dog,education,p0936,4
1679,difficult dog,education,p0938,2
1680,difficult dog,education,p0939,2
1681,difficult dog,education,p0946,4
1682,difficult dog,education,p0951,3
1683,difficult dog,education,p0956,3
1684,difficult dog,education,p0962,2
1685,difficult dog,education,p0963,3
1686,difficult dog,education,p0969,4
1687,difficult dog,education,p0972,3
1688,difficult dog,education,p0975,3
1689,difficult dog,education,p0985,2
1690,difficult dog,education,p0993,2
1691,difficult dog,education,p0996,2
1692,difficult dog,education,p1011,2
1693,difficult dog,education,p1017,2
1694,difficult dog,education,p1020,2
1695,difficult dog,education,p1022,4
1696,difficult dog,education,p1024,1
1697,difficult dog,education,p1027,4
1698,difficult dog,education,p1028,5
1699,difficult dog,education,p1029,2
1700,difficult dog,education,p1032,4
1701,difficult dog,education,p1040,4
1702,difficult dog,education,p1047,3
1703,difficult dog,education,p1048,3
1704,difficult dog,education,p1053,3
1705,difficult dog,education,p1057,3
1706,difficult dog,education,p1058,4
1707,difficult dog,education,p1063,4
1708,difficult dog,education,p1064,2
1709,difficult dog,education,p1065,3
1710,difficult dog,education,p1069,3
1711,difficult dog,education,p1072,3
1712,difficult dog,education,p1073,4
1713,difficult dog,education,p1075,3
1714,difficult dog,education,p1076,2
1715,difficult dog,education,p1083,2
1716,difficult dog,education,p1089,4
1717,difficult dog,education,p1093,4
1718,difficult dog,education,p1096,4
1719,difficult dog,education,p1100,4
1720,difficult dog,education,p1106,5
1721,difficult dog,education,p1107,1
1722,difficult dog,education,p1113,3
1723,difficult dog,education,p1117,1
1724,difficult dog,education,p1120,3
1725,difficult dog,education,p1134,4
1726,difficult dog,education,p1136,2
1727,difficult dog,education,p1138,4
1728,difficult dog,education,p1144,3
1729,difficult dog,education,p1145,5
1730,difficult dog,education,p1147,5
1731,difficult dog,education,p1148,4
1732,difficult dog,education,p1154,3
1733,difficult dog,education,p1159,2
1734,difficult dog,education,p1167,5
1735,difficult dog,education,p1175,3
1736,difficult dog,education,p1178,4
1737,difficult dog,education,p1184,4
1738,difficult dog,education,p1186,4
1739,difficult dog,education,p1196,2
1740,difficult dog,education,p1197,3
1741,difficult dog,education,p1203,4
1742,difficult dog,education,p1219,2
1743,difficult dog,education,p1225,5
1744,difficult dog,education,p1234,3
1745,difficult dog,education,p1242,3
1746,difficult dog,education,p1244,4
1747,difficult dog,education,p1249,3
1748,difficult dog,education,p1250,4
1749,difficult dog,education,p1256,5
1750,difficult dog,education,p1258,3
1751,difficult dog,education,p1260,2
1752,difficult dog,education,p1262,4
1753,difficult dog,education,p1264,2
1754,difficult dog,education,p1265,5
1755,difficult dog,education,p1269,4
1756,difficult dog,education,p1272,3
1757,difficult dog,education,p1278,4
1758,difficult dog,education,p1281,3
1759,difficult dog,education,p1292,4
1760,difficult dog,education,p1299,2
1761,difficult dog,education,p1312,2
1762,difficult dog,education,p1322,3
1763,difficult dog,education,p1326,4
1764,difficult dog,education,p1330,3
1765,difficult dog,education,p1335,3
1766,difficult dog,education,p1337,4
1767,difficult dog,education,p1340,4
1768,difficult dog,education,p1345,2
1769,difficult dog,education,p1351,3
1770,difficult dog,education,p1355,2
1771,difficult dog,education,p1362,2
1772,difficult dog,education,p1365,4
1773,difficult dog,education,p1366,3
1774,difficult dog,education,p1367,3
1775,difficult dog,education,p1370,2
1776,difficult dog,education,p1371,4
1777,difficult dog,education,p1373,3
1778,difficult dog,education,p1375,4
1779,difficult dog,education,p1376,3
1780,difficult dog,education,p1379,5
1781,difficult dog,education,p1381,2
1782,difficult dog,education,p1393,5
1783,difficult dog,education,p1396,4
1784,difficult dog,education,p1398,5
1785,difficult dog,education,p1404,2
1786,difficult dog,education,p1406,2
1787,difficult dog,education,p1407,2
1788,difficult dog,education,p1409,4
1789,difficult dog,education,p1412,2
1790,difficult dog,education,p1414,5
1791,difficult dog,education,p1424,2
1792,difficult dog,education,p1425,3
1793,difficult dog,education,p1429,3
1794,difficult dog,education,p1434,4
1795,difficult dog,education,p1441,2
1796,difficult dog,education,p1445,2
1797,difficult dog,education,p1450,2
1798,difficult dog,education,p1454,5
1799,difficult dog,education,p1456,4
1800,difficult dog,education,p1457,3
1801,difficult dog,education,p1458,5
1802,difficult dog,education,p1469,3
1803,difficult dog,education,p1470,4
1804,difficult dog,education,p1481,4
1805,difficult dog,education,p1488,4
1806,difficult dog,education,p1492,5
1807,difficult dog,education,p1495,2
1808,difficult dog,education,p1497,2
1809,difficult dog,education,p1499,4
1810,difficult dog,education,p1503,4
1811,difficult dog,education,p1511,4
1812,difficult dog,education,p1512,2
1813,difficult dog,education,p1518,3
1814,difficult dog,education,p1519,4
1815,difficult dog,education,p1520,3
1816,difficult dog,education,p1524,2
1817,difficult dog,education,p1526,5
1818,difficult dog,education,p1537,2
1819,difficult dog,education,p1545,3
1820,difficult dog,education,p1547,2
1821,difficult dog,education,p1552,4
1822,difficult dog,education,p1567,4
1823,difficult dog,education,p1568,3
1824,difficult dog,education,p1579,2
1825,difficult dog,education,p1587,1
1826,difficult dog,education,p1596,2
1827,difficult dog,education,p1600,4
1828,difficult dog,education,p1603,3
1829,difficult dog,education,p1604,2
1830,difficult dog,education,p1610,2
1831,difficult dog,education,p1618,4
1832,difficult dog,education,p1619,5
1833,difficult dog,education,p1622,5
1834,difficult dog,education,p1623,4
1835,difficult dog,education,p1630,4
1836,difficult dog,education,p1641,4
1837,difficult dog,education,p1649,3
1838,difficult dog,education,p1652,4
1839,difficult dog,education,p1665,4
1840,difficult dog,education,p1669,4
1841,difficult dog,education,p1685,4
1842,difficult dog,education,p1693,3
1843,difficult dog,education,p1698,5
1844,difficult dog,education,p1704,5
1845,difficult dog,education,p1711,4
1846,difficult dog,education,p1718,2
1847,difficult dog,education,p1732,2
1848,difficult dog,education,p1739,4
1849,difficult dog,education,p1741,4
1850,difficult dog,education,p1746,2
1851,difficult dog,education,p1751,3
1852,difficult dog,education,p1754,2
1853,difficult dog,education,p1769,4
1854,difficult dog,education,p1771,2
1855,difficult dog,education,p1776,1
1856,difficult dog,education,p1780,4
1857,difficult dog,education,p1785,3
1858,difficult dog,education,p1791,5
1859,difficult dog,education,p1793,6
1860,difficult dog,education,p1796,4
1861,difficult dog,education,p1805,3
1862,difficult dog,education,p1812,3
1863,difficult dog,education,p1816,3
1864,difficult dog,education,p1819,5
1865,difficult dog,education,p1825,5
1866,difficult dog,education,p1836,4
1867,difficult dog,education,p1839,2
1868,difficult dog,education,p1861,4
1869,difficult dog,education,p1863,5
1870,difficult dog,education,p1873,5
1871,difficult dog,education,p1875,2
1872,difficult dog,education,p1876,4
1873,difficult dog,education,p1877,4
1874,difficult dog,education,p1880,2
1875,difficult dog,education,p1883,2
1876,difficult dog,education,p1889,4
1877,difficult dog,education,p1893,3
1878,difficult dog,education,p1896,4
1879,difficult dog,education,p1913,3
1880,difficult dog,education,p1922,5
1881,difficult dog,education,p1930,4
1882,difficult dog,education,p1935,3
1883,difficult dog,education,p1940,5
1884,difficult dog,education,p1948,4
1885,difficult dog,education,p1950,2
1886,difficult dog,education,p1954,3
1887,difficult dog,education,p1956,3
1888,difficult dog,education,p1958,3
1889,difficult dog,education,p1967,5
1890,difficult dog,education,p1973,5
1891,difficult dog,education,p1978,3
1892,difficult dog,education,p1983,5
1893,difficult dog,education,p1984,3
1894,difficult dog,education,p1995,3
1895,difficult dog,education,p1996,3
1896,difficult dog,education,p1997,4
1897,difficult dog,education,p2001,2
1898,difficult dog,education,p2002,3
1899,difficult dog,education,p2013,5
1900,difficult dog,education,p2014,2
1901,difficult dog,education,p2016,5
1902,difficult dog,education,p2018,2
1903,difficult dog,education,p2023,3
1904,difficult dog,education,p2025,4
1905,difficult dog,education,p2028,3
1906,difficult dog,education,p2030,3
1907,difficult dog,education,p2033,3
1908,difficult dog,education,p2040,5
1909,difficult dog,education,p2051,3
1910,difficult dog,education,p2052,4
1911,difficult dog,education,p2066,2
1912,difficult dog,education,p2067,3
1913,difficult dog,education,p2073,4
1914,difficult dog,education,p2077,3
1915,difficult dog,education,p2078,5
1916,difficult dog,education,p2086,4
1917,difficult dog,education,p2089,4
1918,difficult dog,education,p2093,4
1919,difficult dog,education,p2094,3
1920,difficult dog,education,p2111,2
1921,difficult dog,education,p2117,4
1922,difficult dog,education,p2121,4
1923,difficult dog,education,p2127,3
1924,difficult dog,education,p2141,4
1925,difficult dog,education,p2142,3
1926,difficult dog,education,p2143,4
1927,difficult dog,education,p2153,4
1928,difficult dog,education,p2155,3
1929,difficult dog,education,p2169,3
1930,difficult dog,education,p2187,4
1931,difficult dog,education,p2188,4
1932,difficult dog,education,p2197,3
1933,difficult dog,education,p2213,3
1934,difficult dog,education,p2214,3
1935,difficult dog,education,p2215,4
1936,difficult dog,education,p2220,5
1937,difficult dog,education,p2223,3
1938,difficult dog,education,p2229,4
1939,difficult dog,education,p2234,3
1940,difficult dog,education,p2237,5
1941,difficult dog,education,p2238,5
1942,difficult dog,education,p2244,4
1943,difficult dog,education,p2248,2
1944,difficult dog,education,p2252,4
1945,difficult dog,education,p2255,2
1946,difficult dog,education,p2261,3
1947,difficult dog,education,p2263,3
1948,difficult dog,education,p2273,5
1949,difficult dog,education,p2275,3
1950,difficult dog,education,p2276,4
1951,difficult dog,education,p2283,3
1952,difficult dog,education,p2287,2
1953,difficult dog,education,p2296,3
1954,difficult dog,education,p2298,3
1955,difficult dog,education,p2304,4
1956,difficult dog,education,p2310,2
1957,difficult dog,education,p2322,2
1958,difficult dog,education,p2326,4
1959,difficult dog,education,p2330,3
1960,difficult dog,education,p2331,3
1961,difficult dog,education,p2333,2
1962,difficult dog,education,p2347,2
1963,difficult dog,education,p2350,3
1964,difficult dog,education,p2351,4
1965,difficult dog,education,p2353,3
1966,difficult dog,education,p2355,1
1967,difficult dog,education,p2363,1
1968,difficult dog,education,p2378,4
1969,difficult dog,education,p2380,3
1970,difficult dog,education,p2387,3
1971,difficult dog,education,p2398,2
1972,difficult dog,education,p2400,3
1973,difficult dog,education,p2403,5
1974,difficult dog,education,p2408,3
1975,difficult dog,education,p2418,2
1976,difficult dog,education,p2426,3
1977,difficult dog,education,p2428,2
1978,difficult dog,education,p2434,5
1979,difficult dog,education,p2446,3
1980,difficult dog,education,p2452,2
1981,difficult dog,education,p2454,2
1982,difficult dog,education,p2462,3
1983,difficult dog,education,p2467,4
1984,difficult dog,education,p2482,3
1985,difficult dog,education,p2489,3
1986,difficult dog,education,p2490,2
1987,difficult dog,education,p2494,3
1988,difficult dog,education,p2502,4
1989,difficult dog,education,p2503,3
1990,difficult dog,education,p2522,3
1991,difficult dog,education,p2524,3
1992,difficult dog,education,p2533,1
1993,difficult dog,education,p2566,3
1994,difficult dog,education,p2571,3
1995,difficult dog,education,p2573,1
1996,difficult dog,education,p2582,4
1997,difficult dog,education,p2591,2
1998,difficult dog,education,p2592,3
1999,difficult dog,education,p2595,4
2000,difficult dog,income,p0016,3
2001,difficult dog,income,p0022,4
2002,difficult dog,income,p0023,4
2003,difficult dog,income,p0026,4
2004,difficult dog,income,p0034,3
2005,difficult dog,income,p0036,3
2006,difficult dog,income,p0037,4
2007,difficult dog,income,p0042,3
2008,difficult dog,income,p0057,3
2009,difficult dog,income,p0066,4
2010,difficult dog,income,p0069,1
2011,difficult dog,income,p0072,4
2012,difficult dog,income,p0073,4
2013,difficult dog,income,p0082,4
2014,difficult dog,income,p0091,4
2015,difficult dog,income,p0092,2
2016,difficult dog,income,p0093,4
2017,difficult dog,income,p0095,3
2018,difficult dog,income,p0107,3
2019,difficult dog,income,p0114,3
2020,difficult dog,income,p0116,3
2021,difficult dog,income,p0118,3
2022,difficult dog,income,p0119,3
2023,difficult dog,income,p0126,3
2024,difficult dog,income,p0129,4
2025,difficult dog,income,p0136,3
2026,difficult dog,income,p0138,3
2027,difficult dog,income,p0144,3
2028,difficult dog,income,p0150,1
2029,difficult dog,income,p0152,3
2030,difficult dog,income,p0158,2
2031,difficult dog,income,p0161,4
2032,difficult dog,income,p0164,3
2033,difficult dog,income,p0175,4
2034,difficult dog,income,p0177,4
2035,difficult dog,income,p0178,4
2036,difficult dog,income,p0181,4
2037,difficult dog,income,p0186,2
2038,difficult dog,income,p0196,4
2039,difficult dog,income,p0198,4
2040,difficult dog,income,p0202,3
2041,difficult dog,income,p0205,4
2042,difficult dog,income,p0207,3
2043,difficult dog,income,p0211,3
2044,difficult dog,income,p0227,4
2045,difficult dog,income,p0229,3
2046,difficult dog,income,p0232,4
2047,difficult dog,income,p0233,2
2048,difficult dog,income,p0237,3
2049,difficult dog,income,p0258,3
2050,difficult dog,income,p0268,2
2051,difficult dog,income,p0274,3
2052,difficult dog,income,p0275,2
2053,difficult dog,income,p0277,1
2054,difficult dog,income,p0288,3
2055,difficult dog,income,p0291,3
2056,difficult dog,income,p0307,1
2057,difficult dog,income,p0308,3
2058,difficult dog,income,p0317,4
2059,difficult dog,income,p0325,4
2060,difficult dog,income,p0327,4
2061,difficult dog,income,p0334,4
2062,difficult dog,income,p0336,4
2063,difficult dog,income,p0338,2
2064,difficult dog,income,p0342,4
2065,difficult dog,income,p0349,3
2066,difficult dog,income,p0356,3
2067,difficult dog,income,p0358,1
2068,difficult dog,income,p0363,3
2069,difficult dog,income,p0364,4
2070,difficult dog,income,p0369,4
2071,difficult dog,income,p0370,2
2072,difficult dog,income,p0371,3
2073,difficult dog,income,p0379,3
2074,difficult dog,income,p0386,3
2075,difficult dog,income,p0396,3
2076,difficult dog,income,p0403,2
2077,difficult dog,income,p0405,4
2078,difficult dog,income,p0412,4
2079,difficult dog,income,p0415,4
2080,difficult dog,income,p0416,4
2081,difficult dog,income,p0417,3
2082,difficult dog,income,p0418,3
2083,difficult dog,income,p0430,4
2084,difficult dog,income,p0431,4
2085,difficult dog,income,p0434,3
2086,difficult dog,income,p0438,4
2087,difficult dog,income,p0441,4
2088,difficult dog,income,p0442,2
2089,difficult dog,income,p0449,4
2090,difficult dog,income,p0450,4
2091,difficult dog,income,p0465,4
2092,difficult dog,income,p0471,3
2093,difficult dog,income,p0477,3
2094,difficult dog,income,p0483,3
2095,difficult dog,income,p0486,3
2096,difficult dog,income,p0487,3
2097,difficult dog,income,p0489,4
2098,difficult dog,income,p0497,4
2099,difficult dog,income,p0502,4
2100,difficult dog,income,p0503,2
2101,difficult dog,income,p0506,3
2102,difficult dog,income,p0511,4
2103,difficult dog,income,p0523,2
2104,difficult dog,income,p0534,4
2105,difficult dog,income,p0536,3
2106,difficult dog,income,p0542,4
2107,difficult dog,income,p0547,3
2108,difficult dog,income,p0553,4
2109,difficult dog,income,p0559,4
2110,difficult dog,income,p0566,4
2111,difficult dog,income,p0568,3
2112,difficult dog,income,p0570,2
2113,difficult dog,income,p0573,3
2114,difficult dog,income,p0578,2
2115,difficult dog,income,p0594,3
2116,difficult dog,income,p0597,2
2117,difficult dog,income,p0601,3
2118,difficult dog,income,p0602,2
2119,difficult dog,income,p0605,3
2120,difficult dog,income,p0615,2
2121,difficult dog,income,p0620,3
2122,difficult dog,income,p0626,3
2123,difficult dog,income,p0629,4
2124,difficult dog,income,p0633,2
2125,difficult dog,income,p0638,3
2126,difficult dog,income,p0639,4
2127,difficult dog,income,p0640,3
2128,difficult dog,income,p0655,4
2129,difficult dog,income,p0656,3
2130,difficult dog,income,p0658,4
2131,difficult dog,income,p0661,3
2132,difficult dog,income,p0669,3
2133,difficult dog,income,p0670,2
2134,difficult dog,income,p0672,3
2135,difficult dog,income,p0674,3
2136,difficult dog,income,p0678,4
2137,difficult dog,income,p0683,3
2138,difficult dog,income,p0686,3
2139,difficult dog,income,p0687,3
2140,difficult dog,income,p0698,2
2141,difficult dog,income,p0700,4
2142,difficult dog,income,p0703,3
2143,difficult dog,income,p0718,2
2144,difficult dog,income,p0744,4
2145,difficult dog,income,p0745,4
2146,difficult dog,income,p0753,2
2147,difficult dog,income,p0770,4
2148,difficult dog,income,p0771,3
2149,difficult dog,income,p0777,4
2150,difficult dog,income,p0779,4
2151,difficult dog,income,p0780,1
2152,difficult dog,income,p0783,3
2153,difficult dog,income,p0785,4
2154,difficult dog,income,p0786,3
2155,difficult dog,income,p0794,4
2156,difficult dog,income,p0798,4
2157,difficult dog,income,p0800,3
2158,difficult dog,income,p0820,2
2159,difficult dog,income,p0841,3
2160,difficult dog,income,p0849,3
2161,difficult dog,income,p0862,3
2162,difficult dog,income,p0867,4
2163,difficult dog,income,p0869,4
2164,difficult dog,income,p0872,3
2165,difficult dog,income,p0880,2
2166,difficult dog,income,p0891,3
2167,difficult dog,income,p0916,3
2168,difficult dog,income,p0917,4
2169,difficult dog,income,p0919,3
2170,difficult dog,income,p0922,2
2171,difficult dog,income,p0925,2
2172,difficult dog,income,p0927,4
2173,difficult dog,income,p0929,2
2174,difficult dog,income,p0930,4
2175,difficult dog,income,p0931,2
2176,difficult dog,income,p0933,2
2177,difficult dog,income,p0934,4
2178,difficult dog,income,p0936,3
2179,difficult dog,income,p0938,3
2180,difficult dog,income,p0939,2
2181,difficult dog,income,p0946,4
2182,difficult dog,income,p0951,2
2183,difficult dog,income,p0956,3
2184,difficult dog,income,p0962,3
2185,difficult dog,income,p0963,3
2186,difficult dog,income,p0969,5
2187,difficult dog,income,p0972,3
2188,difficult dog,income,p0975,4
2189,difficult dog,income,p0985,2
2190,difficult dog,income,p0993,1
2191,difficult dog,income,p0996,3
2192,difficult dog,income,p1011,3
2193,difficult dog,income,p1017,4
2194,difficult dog,income,p1020,3
2195,difficult dog,income,p1022,3
2196,difficult dog,income,p1024,2
2197,difficult dog,income,p1027,3
2198,difficult dog,income,p1028,4
2199,difficult dog,income,p1029,2
2200,difficult dog,income,p1032,3
2201,difficult dog,income,p1040,3
2202,difficult dog,income,p1047,4
2203,difficult dog,income,p1048,2
2204,difficult dog,income,p1053,2
2205,difficult dog,income,p1057,3
2206,difficult dog,income,p1058,4
2207,difficult dog,income,p1063,4
2208,difficult dog,income,p1064,3
2209,difficult dog,income,p1065,3
2210,difficult dog,income,p1069,3
2211,difficult dog,income,p1072,3
2212,difficult dog,income,p1073,3
2213,difficult dog,income,p1075,3
2214,difficult dog,income,p1076,2
2215,difficult dog,income,p1083,3
2216,difficult dog,income,p1089,4
2217,difficult dog,income,p1093,3
2218,difficult dog,income,p1096,4
2219,difficult dog,income,p1100,4
2220,difficult dog,income,p1106,2
2221,difficult dog,income,p1107,2
2222,difficult dog,income,p1113,2
2223,difficult dog,income,p1117,3
2224,difficult dog,income,p1120,4
2225,difficult dog,income,p1134,4
2226,difficult dog,income,p1136,3
2227,difficult dog,income,p1138,3
2228,difficult dog,income,p1144,3
2229,difficult dog,income,p1145,4
2230,difficult dog,income,p1147,4
2231,difficult dog,income,p1148,3
2232,difficult dog,income,p1154,3
2233,difficult dog,income,p1159,4
2234,difficult dog,income,p1167,3
2235,difficult dog,income,p1175,2
2236,difficult dog,income,p1178,3
2237,difficult dog,income,p1184,3
2238,difficult dog,income,p1186,3
2239,difficult dog,income,p1196,2
2240,difficult dog,income,p1197,3
2241,difficult dog,income,p1203,3
2242,difficult dog,income,p1219,2
2243,difficult dog,income,p1225,4
2244,difficult dog,income,p1234,2
2245,difficult dog,income,p1242,3
2246,difficult dog,income,p1244,3
2247,difficult dog,income,p1249,3
2248,difficult dog,income,p1250,3
2249,difficult dog,income,p1256,4
2250,difficult dog,income,p1258,4
2251,difficult dog,income,p1260,2
2252,difficult dog,income,p1262,4
2253,difficult dog,income,p1264,2
2254,difficult dog,income,p1265,4
2255,difficult dog,income,p1269,3
2256,difficult dog,income,p1272,3
2257,difficult dog,income,p1278,2
2258,difficult dog,income,p1281,2
2259,difficult dog,income,p1292,4
2260,difficult dog,income,p1299,4
2261,difficult dog,income,p1312,3
2262,difficult dog,income,p1322,1
2263,difficult dog,income,p1326,3
2264,difficult dog,income,p1330,2
2265,difficult dog,income,p1335,3
2266,difficult dog,income,p1337,4
2267,difficult dog,income,p1340,4
2268,difficult dog,income,p1345,3
2269,difficult dog,income,p1351,3
2270,difficult dog,income,p1355,3
2271,difficult dog,income,p1362,4
2272,difficult dog,income,p1365,3
2273,difficult dog,income,p1366,3
2274,difficult dog,income,p1367,3
2275,difficult dog,income,p1370,3
2276,difficult dog,income,p1371,5
2277,difficult dog,income,p1373,4
2278,difficult dog,income,p1375,4
2279,difficult dog,income,p1376,1
2280,difficult dog,income,p1379,3
2281,difficult dog,income,p1381,3
2282,difficult dog,income,p1393,4
2283,difficult dog,income,p1396,3
2284,difficult dog,income,p1398,4
2285,difficult dog,income,p1404,1
2286,difficult dog,income,p1406,3
2287,difficult dog,income,p1407,2
2288,difficult dog,income,p1409,4
2289,difficult dog,income,p1412,2
2290,difficult dog,income,p1414,4
2291,difficult dog,income,p1424,4
2292,difficult dog,income,p1425,4
2293,difficult dog,income,p1429,3
2294,difficult dog,income,p1434,4
2295,difficult dog,income,p1441,2
2296,difficult dog,income,p1445,2
2297,difficult dog,income,p1450,3
2298,difficult dog,income,p1454,4
2299,difficult dog,income,p1456,3
2300,difficult dog,income,p1457,1
2301,difficult dog,income,p1458,4
2302,difficult dog,income,p1469,2
2303,difficult dog,income,p1470,4
2304,difficult dog,income,p1481,3
2305,difficult dog,income,p1488,3
2306,difficult dog,income,p1492,3
2307,difficult dog,income,p1495,3
2308,difficult dog,income,p1497,3
2309,difficult dog,income,p1499,4
2310,difficult dog,income,p1503,2
2311,difficult dog,income,p1511,4
2312,difficult dog,income,p1512,1
2313,difficult dog,income,p1518,2
2314,difficult dog,income,p1519,3
2315,difficult dog,income,p1520,1
2316,difficult dog,income,p1524,3
2317,difficult dog,income,p1526,5
2318,difficult dog,income,p1537,3
2319,difficult dog,income,p1545,3
2320,difficult dog,income,p1547,1
2321,difficult dog,income,p1552,5
2322,difficult dog,income,p1567,4
2323,difficult dog,income,p1568,3
2324,difficult dog,income,p1579,2
2325,difficult dog,income,p1587,1
2326,difficult dog,income,p1596,3
2327,difficult dog,income,p1600,4
2328,difficult dog,income,p1603,2
2329,difficult dog,income,p1604,3
2330,difficult dog,income,p1610,2
2331,difficult dog,income,p1618,3
2332,difficult dog,income,p1619,4
2333,difficult dog,income,p1622,4
2334,difficult dog,income,p1623,3
2335,difficult dog,income,p1630,4
2336,difficult dog,income,p1641,4
2337,difficult dog,income,p1649,2
2338,difficult dog,income,p1652,3
2339,difficult dog,income,p1665,3
2340,difficult dog,income,p1669,4
2341,difficult dog,income,p1685,4
2342,difficult dog,income,p1693,3
2343,difficult dog,income,p1698,4
2344,difficult dog,income,p1704,4
2345,difficult dog,income,p1711,4
2346,difficult dog,income,p1718,3
2347,difficult dog,income,p1732,3
2348,difficult dog,income,p1739,4
2349,difficult dog,income,p1741,4
2350,difficult dog,income,p1746,1
2351,difficult dog,income,p1751,4
2352,difficult dog,income,p1754,1
2353,difficult dog,income,p1769,4
2354,difficult dog,income,p1771,2
2355,difficult dog,income,p1776,2
2356,difficult dog,income,p1780,4
2357,difficult dog,income,p1785,2
2358,difficult dog,income,p1791,3
2359,difficult dog,income,p1793,4
2360,difficult dog,income,p1796,5
2361,difficult dog,income,p1805,3
2362,difficult dog,income,p1812,3
2363,difficult dog,income,p1816,3
2364,difficult dog,income,p1819,4
2365,difficult dog,income,p1825,4
2366,difficult dog,income,p1836,3
2367,difficult dog,income,p1839,4
2368,difficult dog,income,p1861,3
2369,difficult dog,income,p1863,4
2370,difficult dog,income,p1873,4
2371,difficult dog,income,p1875,3
2372,difficult dog,income,p1876,4
2373,difficult dog,income,p1877,2
2374,difficult dog,income,p1880,3
2375,difficult dog,income,p1883,3
2376,difficult dog,income,p1889,1
2377,difficult dog,income,p1893,2
2378,difficult dog,income,p1896,3
2379,difficult dog,income,p1913,4
2380,difficult dog,income,p1922,4
2381,difficult dog,income,p1930,3
2382,difficult dog,income,p1935,4
2383,difficult dog,income,p1940,4
2384,difficult dog,income,p1948,4
2385,difficult dog,income,p1950,2
2386,difficult dog,income,p1954,2
2387,difficult dog,income,p1956,3
2388,difficult dog,income,p1958,3
2389,difficult dog,income,p1967,4
2390,difficult dog,income,p1973,5
2391,difficult dog,income,p1978,4
2392,difficult dog,income,p1983,2
2393,difficult dog,income,p1984,3
2394,difficult dog,income,p1995,3
2395,difficult dog,income,p1996,2
2396,difficult dog,income,p1997,4
2397,difficult dog,income,p2001,3
2398,difficult dog,income,p2002,2
2399,difficult dog,income,p2013,4
2400,difficult dog,income,p2014,3
2401,difficult dog,income,p2016,4
2402,difficult dog,income,p2018,1
2403,difficult dog,income,p2023,3
2404,difficult dog,income,p2025,4
2405,difficult dog,income,p2028,2
2406,difficult dog,income,p2030,3
2407,difficult dog,income,p2033,3
2408,difficult dog,income,p2040,3
2409,difficult dog,income,p2051,3
2410,difficult dog,income,p2052,4
2411,difficult dog,income,p2066,2
2412,difficult dog,income,p2067,3
2413,difficult dog,income,p2073,4
2414,difficult dog,income,p2077,2
2415,difficult dog,income,p2078,4
2416,difficult dog,income,p2086,3
2417,difficult dog,income,p2089,3
2418,difficult dog,income,p2093,3
2419,difficult dog,income,p2094,3
2420,difficult dog,income,p2111,2
2421,difficult dog,income,p2117,4
2422,difficult dog,income,p2121,3
2423,difficult dog,income,p2127,3
2424,difficult dog,income,p2141,3
2425,difficult dog,income,p2142,2
2426,difficult dog,income,p2143,4
2427,difficult dog,income,p2153,1
2428,difficult dog,income,p2155,2
2429,difficult dog,income,p2169,4
2430,difficult dog,income,p2187,3
2431,difficult dog,income,p2188,4
2432,difficult dog,income,p2197,2
2433,difficult dog,income,p2213,3
2434,difficult dog,income,p2214,2
2435,difficult dog,income,p2215,5
2436,difficult dog,income,p2220,3
2437,difficult dog,income,p2223,2
2438,difficult dog,income,p2229,3
2439,difficult dog,income,p2234,3
2440,difficult dog,income,p2237,4
2441,difficult dog,income,p2238,4
2442,difficult dog,income,p2244,2
2443,difficult dog,income,p2248,3
2444,difficult dog,income,p2252,3
2445,difficult dog,income,p2255,1
2446,difficult dog,income,p2261,3
2447,difficult dog,income,p2263,4
2448,difficult dog,income,p2273,3
2449,difficult dog,income,p2275,2
2450,difficult dog,income,p2276,2
2451,difficult dog,income,p2283,1
2452,difficult dog,income,p2287,3
2453,difficult dog,income,p2296,2
2454,difficult dog,income,p2298,3
2455,difficult dog,income,p2304,3
2456,difficult dog,income,p2310,2
2457,difficult dog,income,p2322,2
2458,difficult dog,income,p2326,3
2459,difficult dog,income,p2330,3
2460,difficult dog,income,p2331,3
2461,difficult dog,income,p2333,2
2462,difficult dog,income,p2347,3
2463,difficult dog,income,p2350,2
2464,difficult dog,income,p2351,3
2465,difficult dog,income,p2353,2
2466,difficult dog,income,p2355,2
2467,difficult dog,income,p2363,2
2468,difficult dog,income,p2378,3
2469,difficult dog,income,p2380,2
2470,difficult dog,income,p2387,4
2471,difficult dog,income,p2398,2
2472,difficult dog,income,p2400,4
2473,difficult dog,income,p2403,2
2474,difficult dog,income,p2408,3
2475,difficult dog,income,p2418,2
2476,difficult dog,income,p2426,2
2477,difficult dog,income,p2428,2
2478,difficult dog,income,p2434,3
2479,difficult dog,income,p2446,1
2480,difficult dog,income,p2452,3
2481,difficult dog,income,p2454,2
2482,difficult dog,income,p2462,3
2483,difficult dog,income,p2467,5
2484,difficult dog,income,p2482,3
2485,difficult dog,income,p2489,3
2486,difficult dog,income,p2490,2
2487,difficult dog,income,p2494,2
2488,difficult dog,income,p2502,4
2489,difficult dog,income,p2503,3
2490,difficult dog,income,p2522,3
2491,difficult dog,income,p2524,3
2492,difficult dog,income,p2533,3
2493,difficult dog,income,p2566,3
2494,difficult dog,income,p2571,3
2495,difficult dog,income,p2573,2
2496,difficult dog,income,p2582,4
2497,difficult dog,income,p2591,3
2498,difficult dog,income,p2592,3
2499,difficult dog,income,p2595,2
2500,difficult dog,party,p0016,2
2501,difficult dog,party,p0022,3
2502,difficult dog,party,p0023,3
2503,difficult dog,party,p0026,1
2504,difficult dog,party,p0034,1
2505,difficult dog,party,p0036,2
2506,difficult dog,party,p0037,1
2507,difficult dog,party,p0042,3
2508,difficult dog,party,p0057,3
2509,difficult dog,party,p0066,1
2510,difficult dog,party,p0069,1
2511,difficult dog,party,p0072,1
2512,difficult dog,party,p0073,1
2513,difficult dog,party,p0082,3
2514,difficult dog,party,p0091,3
2515,difficult dog,party,p0092,3
2516,difficult dog,party,p0093,1
2517,difficult dog,party,p0095,3
2518,difficult dog,party,p0107,1
2519,difficult dog,party,p0114,2
2520,difficult dog,party,p0116,1
2521,difficult dog,party,p0118,1
2522,difficult dog,party,p0119,2
2523,difficult dog,party,p0126,2
2524,difficult dog,party,p0129,3
2525,difficult dog,party,p0136,2
2526,difficult dog,party,p0138,2
2527,difficult dog,party,p0144,2
2528,difficult dog,party,p0150,3
2529,difficult dog,party,p0152,1
2530,difficult dog,party,p0158,3
2531,difficult dog,party,p0161,1
2532,difficult dog,party,p0164,1
2533,difficult dog,party,p0175,3
2534,difficult dog,party,p0177,2
2535,difficult dog,party,p0178,3
2536,difficult dog,party,p0181,1
2537,difficult dog,party,p0186,3
2538,difficult dog,party,p0196,3
2539,difficult dog,party,p0198,3
2540,difficult dog,party,p0202,3
2541,difficult dog,party,p0205,2
2542,difficult dog,party,p0207,3
2543,difficult dog,party,p0211,3
2544,difficult dog,party,p0227,2
2545,difficult dog,party,p0229,3
2546,difficult dog,party,p0232,3
2547,difficult dog,party,p0233,2
2548,difficult dog,party,p0237,3
2549,difficult dog,party,p0258,3
2550,difficult dog,party,p0268,3
2551,difficult dog,party,p0274,3
2552,difficult dog,party,p0275,3
2553,difficult dog,party,p0277,2
2554,difficult dog,party,p0288,3
2555,difficult dog,party,p0291,2
2556,difficult dog,party,p0307,1
2557,difficult dog,party,p0308,1
2558,difficult dog,party,p0317,1
2559,difficult dog,party,p0325,2
2560,difficult dog,party,p0327,3
2561,difficult dog,party,p0334,3
2562,difficult dog,party,p0336,3
2563,difficult dog,party,p0338,1
2564,difficult dog,party,p0342,3
2565,difficult dog,party,p0349,1
2566,difficult dog,party,p0356,3
2567,difficult dog,party,p0358,3
2568,difficult dog,party,p0363,2
2569,difficult dog,party,p0364,2
2570,difficult dog,party,p0369,1
2571,difficult dog,party,p0370,2
2572,difficult dog,party,p0371,1
2573,difficult dog,party,p0379,1
2574,difficult dog,party,p0386,3
2575,difficult dog,party,p0396,3
2576,difficult dog,party,p0403,3
2577,difficult dog,party,p0405,3
2578,difficult dog,party,p0412,1
2579,difficult dog,party,p0415,1
2580,difficult dog,party,p0416,2
2581,difficult dog,party,p0417,3
2582,difficult dog,party,p0418,2
2583,difficult dog,party,p0430,3
2584,difficult dog,party,p0431,3
2585,difficult dog,party,p0434,1
2586,difficult dog,party,p0438,3
2587,difficult dog,party,p0441,3
2588,difficult dog,party,p0442,3
2589,difficult dog,party,p0449,1
2590,difficult dog,party,p0450,2
2591,difficult dog,party,p0465,3
2592,difficult dog,party,p0471,1
2593,difficult dog,party,p0477,3
2594,difficult dog,party,p0483,3
2595,difficult dog,party,p0486,1
2596,difficult dog,party,p0487,1
2597,difficult dog,party,p0489,3
2598,difficult dog,party,p0497,1
2599,difficult dog,party,p0502,1
2600,difficult dog,party,p0503,3
2601,difficult dog,party,p0506,2
2602,difficult dog,party,p0511,1
2603,difficult dog,party,p0523,3
2604,difficult dog,party,p0534,1
2605,difficult dog,party,p0536,3
2606,difficult dog,party,p0542,1
2607,difficult dog,party,p0547,2
2608,difficult dog,party,p0553,3
2609,difficult dog,party,p0559,2
2610,difficult dog,party,p0566,2
2611,difficult dog,party,p0568,2
2612,difficult dog,party,p0570,3
2613,difficult dog,party,p0573,1
2614,difficult dog,party,p0578,3
2615,difficult dog,party,p0594,2
2616,difficult dog,party,p0597,3
2617,difficult dog,party,p0601,1
2618,difficult dog,party,p0602,3
2619,difficult dog,party,p0605,2
2620,difficult dog,party,p0615,3
2621,difficult dog,party,p0620,3
2622,difficult dog,party,p0626,3
2623,difficult dog,party,p0629,3
2624,difficult dog,party,p0633,2
2625,difficult dog,party,p0638,3
2626,difficult dog,party,p0639,1
2627,difficult dog,party,p0640,1
2628,difficult dog,party,p0655,1
2629,difficult dog,party,p0656,3
2630,difficult dog,party,p0658,1
2631,difficult dog,party,p0661,2
2632,difficult dog,party,p0669,2
2633,difficult dog,party,p0670,3
2634,difficult dog,party,p0672,3
2635,difficult dog,party,p0674,3
2636,difficult dog,party,p0678,3
2637,difficult dog,party,p0683,3
2638,difficult dog,party,p0686,1
2639,difficult dog,party,p0687,3
2640,difficult dog,party,p0698,1
2641,difficult dog,party,p0700,2
2642,difficult dog,party,p0703,2
2643,difficult dog,party,p0718,1
2644,difficult dog,party,p0744,3
2645,difficult dog,party,p0745,1
2646,difficult dog,party,p0753,2
2647,difficult dog,party,p0770,2
2648,difficult dog,party,p0771,3
2649,difficult dog,party,p0777,3
2650,difficult dog,party,p0779,1
2651,difficult dog,party,p0780,1
2652,difficult dog,party,p0783,1
2653,difficult dog,party,p0785,1
2654,difficult dog,party,p0786,2
2655,difficult dog,party,p0794,1
2656,difficult dog,party,p0798,1
2657,difficult dog,party,p0800,3
2658,difficult dog,party,p0820,3
2659,difficult dog,party,p0841,1
2660,difficult dog,party,p0849,2
2661,difficult dog,party,p0862,3
2662,difficult dog,party,p0867,3
2663,difficult dog,party,p0869,3
2664,difficult dog,party,p0872,3
2665,difficult dog,party,p0880,3
2666,difficult dog,party,p0891,1
2667,difficult dog,party,p0916,3
2668,difficult dog,party,p0917,1
2669,difficult dog,party,p0919,3
2670,difficult dog,party,p0922,1
2671,difficult dog,party,p0925,1
2672,difficult dog,party,p0927,3
2673,difficult dog,party,p0929,3
2674,difficult dog,party,p0930,1
2675,difficult dog,party,p0931,1
2676,difficult dog,party,p0933,3
2677,difficult dog,party,p0934,1
2678,difficult dog,party,p0936,3
2679,difficult dog,party,p0938,3
2680,difficult dog,party,p0939,2
2681,difficult dog,party,p0946,2
2682,difficult dog,party,p0951,3
2683,difficult dog,party,p0956,1
2684,difficult dog,party,p0962,1
2685,difficult dog,party,p0963,1
2686,difficult dog,party,p0969,1
2687,difficult dog,party,p0972,2
2688,difficult dog,party,p0975,1
2689,difficult dog,party,p0985,2
2690,difficult dog,party,p0993,3
2691,difficult dog,party,p0996,3
2692,difficult dog,party,p1011,1
2693,difficult dog,party,p1017,2
2694,difficult dog,party,p1020,1
2695,difficult dog,party,p1022,3
2696,difficult dog,party,p1024,1
2697,difficult dog,party,p1027,3
2698,difficult dog,party,p1028,3
2699,difficult dog,party,p1029,2
2700,difficult dog,party,p1032,2
2701,difficult dog,party,p1040,2
2702,difficult dog,party,p1047,2
2703,difficult dog,party,p1048,3
2704,difficult dog,party,p1053,3
2705,difficult dog,party,p1057,1
2706,difficult dog,party,p1058,1
2707,difficult dog,party,p1063,1
2708,difficult dog,party,p1064,3
2709,difficult dog,party,p1065,1
2710,difficult dog,party,p1069,3
2711,difficult dog,party,p1072,2
2712,difficult dog,party,p1073,3
2713,difficult dog,party,p1075,2
2714,difficult dog,party,p1076,2
2715,difficult dog,party,p1083,1
2716,difficult dog,party,p1089,3
2717,difficult dog,party,p1093,3
2718,difficult dog,party,p1096,2
2719,difficult dog,party,p1100,2
2720,difficult dog,party,p1106,3
2721,difficult dog,party,p1107,2
2722,difficult dog,party,p1113,1
2723,difficult dog,party,p1117,1
2724,difficult dog,party,p1120,1
2725,difficult dog,party,p1134,2
2726,difficult dog,party,p1136,1
2727,difficult dog,party,p1138,1
2728,difficult dog,party,p1144,1
2729,difficult dog,party,p1145,3
2730,difficult dog,party,p1147,3
2731,difficult dog,party,p1148,3
2732,difficult dog,party,p1154,3
2733,difficult dog,party,p1159,3
2734,difficult dog,party,p1167,3
2735,difficult dog,party,p1175,3
2736,difficult dog,party,p1178,3
2737,difficult dog,party,p1184,1
2738,difficult dog,party,p1186,3
2739,difficult dog,party,p1196,1
2740,difficult dog,party,p1197,3
2741,difficult dog,party,p1203,3
2742,difficult dog,party,p1219,3
2743,difficult dog,party,p1225,1
2744,difficult dog,party,p1234,2
2745,difficult dog,party,p1242,1
2746,difficult dog,party,p1244,3
2747,difficult dog,party,p1249,2
2748,difficult dog,party,p1250,2
2749,difficult dog,party,p1256,1
2750,difficult dog,party,p1258,1
2751,difficult dog,party,p1260,2
2752,difficult dog,party,p1262,1
2753,difficult dog,party,p1264,2
2754,difficult dog,party,p1265,2
2755,difficult dog,party,p1269,1
2756,difficult dog,party,p1272,1
2757,difficult dog,party,p1278,3
2758,difficult dog,party,p1281,3
2759,difficult dog,party,p1292,1
2760,difficult dog,party,p1299,1
2761,difficult dog,party,p1312,2
2762,difficult dog,party,p1322,3
2763,difficult dog,party,p1326,2
2764,difficult dog,party,p1330,3
2765,difficult dog,party,p1335,1
2766,difficult dog,party,p1337,1
2767,difficult dog,party,p1340,1
2768,difficult dog,party,p1345,1
2769,difficult dog,party,p1351,3
2770,difficult dog,party,p1355,1
2771,difficult dog,party,p1362,1
2772,difficult dog,party,p1365,1
2773,difficult dog,party,p1366,2
2774,difficult dog,party,p1367,1
2775,difficult dog,party,p1370,1
2776,difficult dog,party,p1371,1
2777,difficult dog,party,p1373,1
2778,difficult dog,party,p1375,1
2779,difficult dog,party,p1376,3
2780,difficult dog,party,p1379,3
2781,difficult dog,party,p1381,3
2782,difficult dog,party,p1393,1
2783,difficult dog,party,p1396,3
2784,difficult dog,party,p1398,1
2785,difficult dog,party,p1404,3
2786,difficult dog,party,p1406,1
2787,difficult dog,party,p1407,2
2788,difficult dog,party,p1409,2
2789,difficult dog,party,p1412,2
2790,difficult dog,party,p1414,3
2791,difficult dog,party,p1424,1
2792,difficult dog,party,p1425,1
2793,difficult dog,party,p1429,1
2794,difficult dog,party,p1434,1
2795,difficult dog,party,p1441,3
2796,difficult dog,party,p1445,3
2797,difficult dog,party,p1450,1
2798,difficult dog,party,p1454,2
2799,difficult dog,party,p1456,2
2800,difficult dog,party,p1457,3
2801,difficult dog,party,p1458,3
2802,difficult dog,party,p1469,1
2803,difficult dog,party,p1470,1
2804,difficult dog,party,p1481,3
2805,difficult dog,party,p1488,1
2806,difficult dog,party,p1492,2
2807,difficult dog,party,p1495,1
2808,difficult dog,party,p1497,2
2809,difficult dog,party,p1499,1
2810,difficult dog,party,p1503,3
2811,difficult dog,party,p1511,2
2812,difficult dog,party,p1512,3
2813,difficult dog,party,p1518,2
2814,difficult dog,party,p1519,1
2815,difficult dog,party,p1520,1
2816,difficult dog,party,p1524,1
2817,difficult dog,party,p1526,1
2818,difficult dog,party,p1537,3
2819,difficult dog,party,p1545,3
2820,difficult dog,party,p1547,3
2821,difficult dog,party,p1552,3
2822,difficult dog,party,p1567,2
2823,difficult dog,party,p1568,3
2824,difficult dog,party,p1579,1
2825,difficult dog,party,p1587,3
2826,difficult dog,party,p1596,2
2827,difficult dog,party,p1600,3
2828,difficult dog,party,p1603,3
2829,difficult dog,party,p1604,1
2830,difficult dog,party,p1610,2
2831,difficult dog,party,p1618,1
2832,difficult dog,party,p1619,3
2833,difficult dog,party,p1622,1
2834,difficult dog,party,p1623,1
2835,difficult dog,party,p1630,2
2836,difficult dog,party,p1641,1
2837,difficult dog,party,p1649,2
2838,difficult dog,party,p1652,2
2839,difficult dog,party,p1665,3
2840,difficult dog,party,p1669,1
2841,difficult dog,party,p1685,1
2842,difficult dog,party,p1693,3
2843,difficult dog,party,p1698,2
2844,difficult dog,party,p1704,1
2845,difficult dog,party,p1711,3
2846,difficult dog,party,p1718,1
2847,difficult dog,party,p1732,1
2848,difficult dog,party,p1739,3
2849,difficult dog,party,p1741,1
2850,difficult dog,party,p1746,3
2851,difficult dog,party,p1751,1
2852,difficult dog,party,p1754,3
2853,difficult dog,party,p1769,1
2854,difficult dog,party,p1771,2
2855,difficult dog,party,p1776,3
2856,difficult dog,party,p1780,1
2857,difficult dog,party,p1785,3
2858,difficult dog,party,p1791,2
2859,difficult dog,party,p1793,1
2860,difficult dog,party,p1796,1
2861,difficult dog,party,p1805,2
2862,difficult dog,party,p1812,2
2863,difficult dog,party,p1816,2
2864,difficult dog,party,p1819,3
2865,difficult dog,party,p1825,3
2866,difficult dog,party,p1836,1
2867,difficult dog,party,p1839,1
2868,difficult dog,party,p1861,2
2869,difficult dog,party,p1863,3
2870,difficult dog,party,p1873,3
2871,difficult dog,party,p1875,1
2872,difficult dog,party,p1876,3
2873,difficult dog,party,p1877,3
2874,difficult dog,party,p1880,1
2875,difficult dog,party,p1883,1
2876,difficult dog,party,p1889,1
2877,difficult dog,party,p1893,3
2878,difficult dog,party,p1896,2
2879,difficult dog,party,p1913,1
2880,difficult dog,party,p1922,1
2881,difficult dog,party,p1930,1
2882,difficult dog,party,p1935,1
2883,difficult dog,party,p1940,3
2884,difficult dog,party,p1948,1
2885,difficult dog,party,p1950,2
2886,difficult dog,party,p1954,2
2887,difficult dog,party,p1956,2
2888,difficult dog,party,p1958,1
2889,difficult dog,party,p1967,1
2890,difficult dog,party,p1973,3
2891,difficult dog,party,p1978,1
2892,difficult dog,party,p1983,2
2893,difficult dog,party,p1984,3
2894,difficult dog,party,p1995,1
2895,difficult dog,party,p1996,1
2896,difficult dog,party,p1997,1
2897,difficult dog,party,p2001,3
2898,difficult dog,party,p2002,3
2899,difficult dog,party,p2013,3
2900,difficult dog,party,p2014,1
2901,difficult dog,party,p2016,3
2902,difficult dog,party,p2018,1
2903,difficult dog,party,p2023,3
2904,difficult dog,party,p2025,1
2905,difficult dog,party,p2028,3
2906,difficult dog,party,p2030,3
2907,difficult dog,party,p2033,3
2908,difficult dog,party,p2040,3
2909,difficult dog,party,p2051,3
2910,difficult dog,party,p2052,1
2911,difficult dog,party,p2066,3
2912,difficult dog,party,p2067,1
2913,difficult dog,party,p2073,2
2914,difficult dog,party,p2077,1
2915,difficult dog,party,p2078,3
2916,difficult dog,party,p2086,3
2917,difficult dog,party,p2089,1
2918,difficult dog,party,p2093,1
2919,difficult dog,party,p2094,2
2920,difficult dog,party,p2111,1
2921,difficult dog,party,p2117,3
2922,difficult dog,party,p2121,3
2923,difficult dog,party,p2127,1
2924,difficult dog,party,p2141,2
2925,difficult dog,party,p2142,2
2926,difficult dog,party,p2143,1
2927,difficult dog,party,p2153,3
2928,difficult dog,party,p2155,3
2929,difficult dog,party,p2169,1
2930,difficult dog,party,p2187,3
2931,difficult dog,party,p2188,3
2932,difficult dog,party,p2197,1
2933,difficult dog,party,p2213,2
2934,difficult dog,party,p2214,2
2935,difficult dog,party,p2215,1
2936,difficult dog,party,p2220,2
2937,difficult dog,party,p2223,2
2938,difficult dog,party,p2229,2
2939,difficult dog,party,p2234,3
2940,difficult dog,party,p2237,3
2941,difficult dog,party,p2238,1
2942,difficult dog,party,p2244,3
2943,difficult dog,party,p2248,3
2944,difficult dog,party,p2252,3
2945,difficult dog,party,p2255,1
2946,difficult dog,party,p2261,1
2947,difficult dog,party,p2263,3
2948,difficult dog,party,p2273,3
2949,difficult dog,party,p2275,3
2950,difficult dog,party,p2276,3
2951,difficult dog,party,p2283,3
2952,difficult dog,party,p2287,3
2953,difficult dog,party,p2296,3
2954,difficult dog,party,p2298,2
2955,difficult dog,party,p2304,3
2956,difficult dog,party,p2310,3
2957,difficult dog,party,p2322,2
2958,difficult dog,party,p2326,1
2959,difficult dog,party,p2330,1
2960,difficult dog,party,p2331,3
2961,difficult dog,party,p2333,1
2962,difficult dog,party,p2347,3
2963,difficult dog,party,p2350,2
2964,difficult dog,party,p2351,1
2965,difficult dog,party,p2353,3
2966,difficult dog,party,p2355,3
2967,difficult dog,party,p2363,3
2968,difficult dog,party,p2378,2
2969,difficult dog,party,p2380,3
2970,difficult dog,party,p2387,3
2971,difficult dog,party,p2398,1
2972,difficult dog,party,p2400,3
2973,difficult dog,party,p2403,3
2974,difficult dog,party,p2408,3
2975,difficult dog,party,p2418,3
2976,difficult dog,party,p2426,3
2977,difficult dog,party,p2428,2
2978,difficult dog,party,p2434,3
2979,difficult dog,party,p2446,3
2980,difficult dog,party,p2452,1
2981,difficult dog,party,p2454,2
2982,difficult dog,party,p2462,3
2983,difficult dog,party,p2467,1
2984,difficult dog,party,p2482,2
2985,difficult dog,party,p2489,1
2986,difficult dog,party,p2490,3
2987,difficult dog,party,p2494,1
2988,difficult dog,party,p2502,3
2989,difficult dog,party,p2503,3
2990,difficult dog,party,p2522,1
2991,difficult dog,party,p2524,3
2992,difficult dog,party,p2533,3
2993,difficult dog,party,p2566,3
2994,difficult dog,party,p2571,3
2995,difficult dog,party,p2573,2
2996,difficult dog,party,p2582,1
2997,difficult dog,party,p2591,1
2998,difficult dog,party,p2592,2
2999,difficult dog,party,p2595,3
