,condition,outcome,persona,response
0,giant gibbon; brick bobcat,gender,p0016,2
1,giant gibbon; brick bobcat,gender,p0022,2
2,giant gibbon; brick bobcat,gender,p0023,1
3,giant gibbon; brick bobcat,gender,p0026,2
4,giant gibbon; brick bobcat,gender,p0034,1
5,giant gibbon; brick bobcat,gender,p0036,1
6,giant gibbon; brick bobcat,gender,p0037,1
7,giant gibbon; brick bobcat,gender,p0042,1
8,giant gibbon; brick bobcat,gender,p0057,2
9,giant gibbon; brick bobcat,gender,p0066,1
10,giant gibbon; brick bobcat,gender,p0069,2
11,giant gibbon; brick bobcat,gender,p0072,2
12,giant gibbon; brick bobcat,gender,p0073,1
13,giant gibbon; brick bobcat,gender,p0082,1
14,giant gibbon; brick bobcat,gender,p0091,1
15,giant gibbon; brick bobcat,gender,p0092,1
16,giant gibbon; brick bobcat,gender,p0093,1
17,giant gibbon; brick bobcat,gender,p0095,1
18,giant gibbon; brick bobcat,gender,p0107,2
19,giant gibbon; brick bobcat,gender,p0114,1
20,giant gibbon; brick bobcat,gender,p0116,1
21,giant gibbon; brick bobcat,gender,p0118,2
22,giant gibbon; brick bobcat,gender,p0119,1
23,giant gibbon; brick bobcat,gender,p0126,1
24,giant gibbon; brick bobcat,gender,p0129,1
25,giant gibbon; brick bobcat,gender,p0136,2
26,giant gibbon; brick bobcat,gender,p0138,1
27,giant gibbon; brick bobcat,gender,p0144,2
28,giant gibbon; brick bobcat,gender,p0150,1
29,giant gibbon; brick bobcat,gender,p0152,2
30,giant gibbon; brick bobcat,gender,p0158,2
31,giant gibbon; brick bobcat,gender,p0161,1
32,giant gibbon; brick bobcat,gender,p0164,2
33,giant gibbon; brick bobcat,gender,p0175,1
34,giant gibbon; brick bobcat,gender,p0177,1
35,giant gibbon; brick bobcat,gender,p0178,1
36,giant gibbon; brick bobcat,gender,p0181,2
37,giant gibbon; brick bobcat,gender,p0186,2
38,giant gibbon; brick bobcat,gender,p0196,2
39,giant gibbon; brick bobcat,gender,p0198,1
40,giant gibbon; brick bobcat,gender,p0202,1
41,giant gibbon; brick bobcat,gender,p0205,1
42,giant gibbon; brick bobcat,gender,p0207,1
43,giant gibbon; brick bobcat,gender,p0211,1
44,giant gibbon; brick bobcat,gender,p0227,2
45,giant gibbon; brick bobcat,gender,p0229,1
46,giant gibbon; brick bobcat,gender,p0232,1
47,giant gibbon; brick bobcat,gender,p0233,2
48,giant gibbon; brick bobcat,gender,p0237,1
49,giant gibbon; brick bobcat,gender,p0258,1
50,giant gibbon; brick bobcat,gender,p0268,1
51,giant gibbon; brick bobcat,gender,p0274,1
52,giant gibbon; brick bobcat,gender,p0275,1
53,giant gibbon; brick bobcat,gender,p0277,1
54,giant gibbon; brick bobcat,gender,p0288,1
55,giant gibbon; brick bobcat,gender,p0291,1
56,giant gibbon; brick bobcat,gender,p0307,1
57,giant gibbon; brick bobcat,gender,p0308,1
58,giant gibbon; brick bobcat,gender,p0317,1
59,giant gibbon; brick bobcat,gender,p0325,2
60,giant gibbon; brick bobcat,gender,p0327,1
61,giant gibbon; brick bobcat,gender,p0334,1
62,giant gibbon; brick bobcat,gender,p0336,1
63,giant gibbon; brick bobcat,gender,p0338,1
64,giant gibbon; brick bobcat,gender,p0342,1
65,giant gibbon; brick bobcat,gender,p0349,1
66,giant gibbon; brick bobcat,gender,p0356,2
67,giant gibbon; brick bobcat,gender,p0358,1
68,giant gibbon; brick bobcat,gender,p0363,1
69,giant gibbon; brick bobcat,gender,p0364,1
70,giant gibbon; brick bobcat,gender,p0369,2
71,giant gibbon; brick bobcat,gender,p0370,2
72,giant gibbon; brick bobcat,gender,p0371,1
73,giant gibbon; brick bobcat,gender,p0379,1
74,giant gibbon; brick bobcat,gender,p0386,1
75,giant gibbon; brick bobcat,gender,p0396,2
76,giant gibbon; brick bobcat,gender,p0403,2
77,giant gibbon; brick bobcat,gender,p0405,2
78,giant gibbon; brick bobcat,gender,p0412,1
79,giant gibbon; brick bobcat,gender,p0415,1
80,giant gibbon; brick bobcat,gender,p0416,1
81,giant gibbon; brick bobcat,gender,p0417,1
82,giant gibbon; brick bobcat,gender,p0418,2
83,giant gibbon; brick bobcat,gender,p0430,1
84,giant gibbon; brick bobcat,gender,p0431,2
85,giant gibbon; brick bobcat,gender,p0434,2
86,giant gibbon; brick bobcat,gender,p0438,2
87,giant gibbon; brick bobcat,gender,p0441,2
88,giant gibbon; brick bobcat,gender,p0442,2
89,giant gibbon; brick bobcat,gender,p0449,1
90,giant gibbon; brick bobcat,gender,p0450,2
91,giant gibbon; brick bobcat,gender,p0465,1
92,giant gibbon; brick bobcat,gender,p0471,2
93,giant gibbon; brick bobcat,gender,p0477,2
94,giant gibbon; brick bobcat,gender,p0483,2
95,giant gibbon; brick bobcat,gender,p0486,1
96,giant gibbon; brick bobcat,gender,p0487,1
97,giant gibbon; brick bobcat,gender,p0489,1
98,giant gibbon; brick bobcat,gender,p0497,1
99,giant gibbon; brick bobcat,gender,p0502,1
100,giant gibbon; brick bobcat,gender,p0503,2
101,giant gibbon; brick bobcat,gender,p0506,1
102,giant gibbon; brick bobcat,gender,p0511,1
103,giant gibbon; brick bobcat,gender,p0523,2
104,giant gibbon; brick bobcat,gender,p0534,1
105,giant gibbon; brick bobcat,gender,p0536,1
106,giant gibbon; brick bobcat,gender,p0542,1
107,giant gibbon; brick bobcat,gender,p0547,2
108,giant gibbon; brick bobcat,gender,p0553,1
109,giant gibbon; brick bobcat,gender,p0559,2
110,giant gibbon; brick bobcat,gender,p0566,1
111,giant gibbon; brick bobcat,gender,p0568,2
112,giant gibbon; brick bobcat,gender,p0570,1
113,giant gibbon; brick bobcat,gender,p0573,2
114,giant gibbon; brick bobcat,gender,p0578,1
115,giant gibbon; brick bobcat,gender,p0594,1
116,giant gibbon; brick bobcat,gender,p0597,1
117,giant gibbon; brick bobcat,gender,p0601,1
118,giant gibbon; brick bobcat,gender,p0602,2
119,giant gibbon; brick bobcat,gender,p0605,1
120,giant gibbon; brick bobcat,gender,p0615,1
121,giant gibbon; brick bobcat,gender,p0620,1
122,giant gibbon; brick bobcat,gender,p0626,2
123,giant gibbon; brick bobcat,gender,p0629,2
124,giant gibbon; brick bobcat,gender,p0633,2
125,giant gibbon; brick bobcat,gender,p0638,2
126,giant gibbon; brick bobcat,gender,p0639,1
127,giant gibbon; brick bobcat,gender,p0640,2
128,giant gibbon; brick bobcat,gender,p0655,2
129,giant gibbon; brick bobcat,gender,p0656,1
130,giant gibbon; brick bobcat,gender,p0658,1
131,giant gibbon; brick bobcat,gender,p0661,1
132,giant gibbon; brick bobcat,gender,p0669,1
133,giant gibbon; brick bobcat,gender,p0670,2
134,giant gibbon; brick bobcat,gender,p0672,2
135,giant gibbon; brick bobcat,gender,p0674,1
136,giant gibbon; brick bobcat,gender,p0678,1
137,giant gibbon; brick bobcat,gender,p0683,2
138,giant gibbon; brick bobcat,gender,p0686,1
139,giant gibbon; brick bobcat,gender,p0687,1
140,giant gibbon; brick bobcat,gender,p0698,2
141,giant gibbon; brick bobcat,gender,p0700,1
142,giant gibbon; brick bobcat,gender,p0703,1
143,giant gibbon; brick bobcat,gender,p0718,1
144,giant gibbon; brick bobcat,gender,p0744,2
145,giant gibbon; brick bobcat,gender,p0745,1
146,giant gibbon; brick bobcat,gender,p0753,2
147,giant gibbon; brick bobcat,gender,p0770,1
148,giant gibbon; brick bobcat,gender,p0771,1
149,giant gibbon; brick bobcat,gender,p0777,1
150,giant gibbon; brick bobcat,gender,p0779,1
151,giant gibbon; brick bobcat,gender,p0780,2
152,giant gibbon; brick bobcat,gender,p0783,1
153,giant gibbon; brick bobcat,gender,p0785,2
154,giant gibbon; brick bobcat,gender,p0786,2
155,giant gibbon; brick bobcat,gender,p0794,1
156,giant gibbon; brick bobcat,gender,p0798,1
157,giant gibbon; brick bobcat,gender,p0800,1
158,giant gibbon; brick bobcat,gender,p0820,2
159,giant gibbon; brick bobcat,gender,p0841,2
160,giant gibbon; brick bobcat,gender,p0849,1
161,giant gibbon; brick bobcat,gender,p0862,1
162,giant gibbon; brick bobcat,gender,p0867,2
163,giant gibbon; brick bobcat,gender,p0869,1
164,giant gibbon; brick bobcat,gender,p0872,1
165,giant gibbon; brick bobcat,gender,p0880,2
166,giant gibbon; brick bobcat,gender,p0891,1
167,giant gibbon; brick bobcat,gender,p0916,2
168,giant gibbon; brick bobcat,gender,p0917,2
169,giant gibbon; brick bobcat,gender,p0919,2
170,giant gibbon; brick bobcat,gender,p0922,2
171,giant gibbon; brick bobcat,gender,p0925,2
172,giant gibbon; brick bobcat,gender,p0927,1
173,giant gibbon; brick bobcat,gender,p0929,2
174,giant gibbon; brick bobcat,gender,p0930,1
175,giant gibbon; brick bobcat,gender,p0931,2
176,giant gibbon; brick bobcat,gender,p0933,2
177,giant gibbon; brick bobcat,gender,p0934,2
178,giant gibbon; brick bobcat,gender,p0936,2
179,giant gibbon; brick bobcat,gender,p0938,1
180,giant gibbon; brick bobcat,gender,p0939,2
181,giant gibbon; brick bobcat,gender,p0946,1
182,giant gibbon; brick bobcat,gender,p0951,1
183,giant gibbon; brick bobcat,gender,p0956,2
184,giant gibbon; brick bobcat,gender,p0962,2
185,giant gibbon; brick bobcat,gender,p0963,1
186,giant gibbon; brick bobcat,gender,p0969,1
187,giant gibbon; brick bobcat,gender,p0972,1
188,giant gibbon; brick bobcat,gender,p0975,1
189,giant gibbon; brick bobcat,gender,p0985,2
190,giant gibbon; brick bobcat,gender,p0993,1
191,giant gibbon; brick bobcat,gender,p0996,2
192,giant gibbon; brick bobcat,gender,p1011,1
193,giant gibbon; brick bobcat,gender,p1017,2
194,giant gibbon; brick bobcat,gender,p1020,1
195,giant gibbon; brick bobcat,gender,p1022,1
196,giant gibbon; brick bobcat,gender,p1024,2
197,giant gibbon; brick bobcat,gender,p1027,1
198,giant gibbon; brick bobcat,gender,p1028,1
199,giant gibbon; brick bobcat,gender,p1029,2
200,giant gibbon; brick bobcat,gender,p1032,1
201,giant gibbon; brick bobcat,gender,p1040,1
202,giant gibbon; brick bobcat,gender,p1047,1
203,giant gibbon; brick bobcat,gender,p1048,1
204,giant gibbon; brick bobcat,gender,p1053,2
205,giant gibbon; brick bobcat,gender,p1057,1
206,giant gibbon; brick bobcat,gender,p1058,2
207,giant gibbon; brick bobcat,gender,p1063,1
208,giant gibbon; brick bobcat,gender,p1064,2
209,giant gibbon; brick bobcat,gender,p1065,1
210,giant gibbon; brick bobcat,gender,p1069,2
211,giant gibbon; brick bobcat,gender,p1072,1
212,giant gibbon; brick bobcat,gender,p1073,1
213,giant gibbon; brick bobcat,gender,p1075,2
214,giant gibbon; brick bobcat,gender,p1076,2
215,giant gibbon; brick bobcat,gender,p1083,2
216,giant gibbon; brick bobcat,gender,p1089,1
217,giant gibbon; brick bobcat,gender,p1093,1
218,giant gibbon; brick bobcat,gender,p1096,2
219,giant gibbon; brick bobcat,gender,p1100,1
220,giant gibbon; brick bobcat,gender,p1106,2
221,giant gibbon; brick bobcat,gender,p1107,2
222,giant gibbon; brick bobcat,gender,p1113,1
223,giant gibbon; brick bobcat,gender,p1117,1
224,giant gibbon; brick bobcat,gender,p1120,1
225,giant gibbon; brick bobcat,gender,p1134,1
226,giant gibbon; brick bobcat,gender,p1136,1
227,giant gibbon; brick bobcat,gender,p1138,2
228,giant gibbon; brick bobcat,gender,p1144,1
229,giant gibbon; brick bobcat,gender,p1145,1
230,giant gibbon; brick bobcat,gender,p1147,2
231,giant gibbon; brick bobcat,gender,p1148,1
232,giant gibbon; brick bobcat,gender,p1154,2
233,giant gibbon; brick bobcat,gender,p1159,1
234,giant gibbon; brick bobcat,gender,p1167,1
235,giant gibbon; brick bobcat,gender,p1175,2
236,giant gibbon; brick bobcat,gender,p1178,2
237,giant gibbon; brick bobcat,gender,p1184,2
238,giant gibbon; brick bobcat,gender,p1186,1
239,giant gibbon; brick bobcat,gender,p1196,1
240,giant gibbon; brick bobcat,gender,p1197,2
241,giant gibbon; brick bobcat,gender,p1203,1
242,giant gibbon; brick bobcat,gender,p1219,2
243,giant gibbon; brick bobcat,gender,p1225,1
244,giant gibbon; brick bobcat,gender,p1234,2
245,giant gibbon; brick bobcat,gender,p1242,1
246,giant gibbon; brick bobcat,gender,p1244,1
247,giant gibbon; brick bobcat,gender,p1249,2
248,giant gibbon; brick bobcat,gender,p1250,1
249,giant gibbon; brick bobcat,gender,p1256,1
250,giant gibbon; brick bobcat,gender,p1258,2
251,giant gibbon; brick bobcat,gender,p1260,1
252,giant gibbon; brick bobcat,gender,p1262,1
253,giant gibbon; brick bobcat,gender,p1264,2
254,giant gibbon; brick bobcat,gender,p1265,2
255,giant gibbon; brick bobcat,gender,p1269,1
256,giant gibbon; brick bobcat,gender,p1272,2
257,giant gibbon; brick bobcat,gender,p1278,1
258,giant gibbon; brick bobcat,gender,p1281,2
259,giant gibbon; brick bobcat,gender,p1292,1
260,giant gibbon; brick bobcat,gender,p1299,2
261,giant gibbon; brick bobcat,gender,p1312,2
262,giant gibbon; brick bobcat,gender,p1322,1
263,giant gibbon; brick bobcat,gender,p1326,2
264,giant gibbon; brick bobcat,gender,p1330,2
265,giant gibbon; brick bobcat,gender,p1335,2
266,giant gibbon; brick bobcat,gender,p1337,1
267,giant gibbon; brick bobcat,gender,p1340,1
268,giant gibbon; brick bobcat,gender,p1345,1
269,giant gibbon; brick bobcat,gender,p1351,1
270,giant gibbon; brick bobcat,gender,p1355,2
271,giant gibbon; brick bobcat,gender,p1362,2
272,giant gibbon; brick bobcat,gender,p1365,1
273,giant gibbon; brick bobcat,gender,p1366,2
274,giant gibbon; brick bobcat,gender,p1367,1
275,giant gibbon; brick bobcat,gender,p1370,2
276,giant gibbon; brick bobcat,gender,p1371,1
277,giant gibbon; brick bobcat,gender,p1373,2
278,giant gibbon; brick bobcat,gender,p1375,2
279,giant gibbon; brick bobcat,gender,p1376,2
280,giant gibbon; brick bobcat,gender,p1379,2
281,giant gibbon; brick bobcat,gender,p1381,2
282,giant gibbon; brick bobcat,gender,p1393,2
283,giant gibbon; brick bobcat,gender,p1396,2
284,giant gibbon; brick bobcat,gender,p1398,1
285,giant gibbon; brick bobcat,gender,p1404,2
286,giant gibbon; brick bobcat,gender,p1406,1
287,giant gibbon; brick bobcat,gender,p1407,2
288,giant gibbon; brick bobcat,gender,p1409,1
289,giant gibbon; brick bobcat,gender,p1412,1
290,giant gibbon; brick bobcat,gender,p1414,1
291,giant gibbon; brick bobcat,gender,p1424,1
292,giant gibbon; brick bobcat,gender,p1425,1
293,giant gibbon; brick bobcat,gender,p1429,2
294,giant gibbon; brick bobcat,gender,p1434,1
295,giant gibbon; brick bobcat,gender,p1441,1
296,giant gibbon; brick bobcat,gender,p1445,1
297,giant gibbon; brick bobcat,gender,p1450,1
298,giant gibbon; brick bobcat,gender,p1454,1
299,giant gibbon; brick bobcat,gender,p1456,1
300,giant gibbon; brick bobcat,gender,p1457,2
301,giant gibbon; brick bobcat,gender,p1458,1
302,giant gibbon; brick bobcat,gender,p1469,1
303,giant gibbon; brick bobcat,gender,p1470,1
304,giant gibbon; brick bobcat,gender,p1481,1
305,giant gibbon; brick bobcat,gender,p1488,2
306,giant gibbon; brick bobcat,gender,p1492,1
307,giant gibbon; brick bobcat,gender,p1495,1
308,giant gibbon; brick bobcat,gender,p1497,2
309,giant gibbon; brick bobcat,gender,p1499,1
310,giant gibbon; brick bobcat,gender,p1503,1
311,giant gibbon; brick bobcat,gender,p1511,1
312,giant gibbon; brick bobcat,gender,p1512,2
313,giant gibbon; brick bobcat,gender,p1518,2
314,giant gibbon; brick bobcat,gender,p1519,2
315,giant gibbon; brick bobcat,gender,p1520,2
316,giant gibbon; brick bobcat,gender,p1524,2
317,giant gibbon; brick bobcat,gender,p1526,2
318,giant gibbon; brick bobcat,gender,p1537,1
319,giant gibbon; brick bobcat,gender,p1545,2
320,giant gibbon; brick bobcat,gender,p1547,2
321,giant gibbon; brick bobcat,gender,p1552,1
322,giant gibbon; brick bobcat,gender,p1567,1
323,giant gibbon; brick bobcat,gender,p1568,2
324,giant gibbon; brick bobcat,gender,p1579,2
325,giant gibbon; brick bobcat,gender,p1587,2
326,giant gibbon; brick bobcat,gender,p1596,1
327,giant gibbon; brick bobcat,gender,p1600,1
328,giant gibbon; brick bobcat,gender,p1603,2
329,giant gibbon; brick bobcat,gender,p1604,2
330,giant gibbon; brick bobcat,gender,p1610,2
331,giant gibbon; brick bobcat,gender,p1618,1
332,giant gibbon; brick bobcat,gender,p1619,1
333,giant gibbon; brick bobcat,gender,p1622,1
334,giant gibbon; brick bobcat,gender,p1623,1
335,giant gibbon; brick bobcat,gender,p1630,1
336,giant gibbon; brick bobcat,gender,p1641,1
337,giant gibbon; brick bobcat,gender,p1649,1
338,giant gibbon; brick bobcat,gender,p1652,1
339,giant gibbon; brick bobcat,gender,p1665,1
340,giant gibbon; brick bobcat,gender,p1669,1
341,giant gibbon; brick bobcat,gender,p1685,1
342,giant gibbon; brick bobcat,gender,p1693,2
343,giant gibbon; brick bobcat,gender,p1698,1
344,giant gibbon; brick bobcat,gender,p1704,1
345,giant gibbon; brick bobcat,gender,p1711,1
346,giant gibbon; brick bobcat,gender,p1718,1
347,giant gibbon; brick bobcat,gender,p1732,1
348,giant gibbon; brick bobcat,gender,p1739,1
349,giant gibbon; brick bobcat,gender,p1741,1
350,giant gibbon; brick bobcat,gender,p1746,1
351,giant gibbon; brick bobcat,gender,p1751,1
352,giant gibbon; brick bobcat,gender,p1754,2
353,giant gibbon; brick bobcat,gender,p1769,2
354,giant gibbon; brick bobcat,gender,p1771,2
355,giant gibbon; brick bobcat,gender,p1776,1
356,giant gibbon; brick bobcat,gender,p1780,1
357,giant gibbon; brick bobcat,gender,p1785,2
358,giant gibbon; brick bobcat,gender,p1791,1
359,giant gibbon; brick bobcat,gender,p1793,1
360,giant gibbon; brick bobcat,gender,p1796,1
361,giant gibbon; brick bobcat,gender,p1805,1
362,giant gibbon; brick bobcat,gender,p1812,1
363,giant gibbon; brick bobcat,gender,p1816,2
364,giant gibbon; brick bobcat,gender,p1819,1
365,giant gibbon; brick bobcat,gender,p1825,1
366,giant gibbon; brick bobcat,gender,p1836,1
367,giant gibbon; brick bobcat,gender,p1839,2
368,giant gibbon; brick bobcat,gender,p1861,1
369,giant gibbon; brick bobcat,gender,p1863,1
370,giant gibbon; brick bobcat,gender,p1873,1
371,giant gibbon; brick bobcat,gender,p1875,1
372,giant gibbon; brick bobcat,gender,p1876,2
373,giant gibbon; brick bobcat,gender,p1877,2
374,giant gibbon; brick bobcat,gender,p1880,2
375,giant gibbon; brick bobcat,gender,p1883,1
376,giant gibbon; brick bobcat,gender,p1889,1
377,giant gibbon; brick bobcat,gender,p1893,1
378,giant gibbon; brick bobcat,gender,p1896,1
379,giant gibbon; brick bobcat,gender,p1913,1
380,giant gibbon; brick bobcat,gender,p1922,1
381,giant gibbon; brick bobcat,gender,p1930,1
382,giant gibbon; brick bobcat,gender,p1935,1
383,giant gibbon; brick bobcat,gender,p1940,1
384,giant gibbon; brick bobcat,gender,p1948,2
385,giant gibbon; brick bobcat,gender,p1950,2
386,giant gibbon; brick bobcat,gender,p1954,1
387,giant gibbon; brick bobcat,gender,p1956,2
388,giant gibbon; brick bobcat,gender,p1958,1
389,giant gibbon; brick bobcat,gender,p1967,2
390,giant gibbon; brick bobcat,gender,p1973,1
391,giant gibbon; brick bobcat,gender,p1978,1
392,giant gibbon; brick bobcat,gender,p1983,1
393,giant gibbon; brick bobcat,gender,p1984,2
394,giant gibbon; brick bobcat,gender,p1995,1
395,giant gibbon; brick bobcat,gender,p1996,2
396,giant gibbon; brick bobcat,gender,p1997,1
397,giant gibbon; brick bobcat,gender,p2001,2
398,giant gibbon; brick bobcat,gender,p2002,2
399,giant gibbon; brick bobcat,gender,p2013,2
400,giant gibbon; brick bobcat,gender,p2014,2
401,giant gibbon; brick bobcat,gender,p2016,1
402,giant gibbon; brick bobcat,gender,p2018,1
403,giant gibbon; brick bobcat,gender,p2023,2
404,giant gibbon; brick bobcat,gender,p2025,1
405,giant gibbon; brick bobcat,gender,p2028,1
406,giant gibbon; brick bobcat,gender,p2030,2
407,giant gibbon; brick bobcat,gender,p2033,1
408,giant gibbon; brick bobcat,gender,p2040,1
409,giant gibbon; brick bobcat,gender,p2051,2
410,giant gibbon; brick bobcat,gender,p2052,1
411,giant gibbon; brick bobcat,gender,p2066,1
412,giant gibbon; brick bobcat,gender,p2067,1
413,giant gibbon; brick bobcat,gender,p2073,1
414,giant gibbon; brick bobcat,gender,p2077,2
415,giant gibbon; brick bobcat,gender,p2078,2
416,giant gibbon; brick bobcat,gender,p2086,1
417,giant gibbon; brick bobcat,gender,p2089,1
418,giant gibbon; brick bobcat,gender,p2093,1
419,giant gibbon; brick bobcat,gender,p2094,2
420,giant gibbon; brick bobcat,gender,p2111,2
421,giant gibbon; brick bobcat,gender,p2117,2
422,giant gibbon; brick bobcat,gender,p2121,1
423,giant gibbon; brick bobcat,gender,p2127,1
424,giant gibbon; brick bobcat,gender,p2141,1
425,giant gibbon; brick bobcat,gender,p2142,2
426,giant gibbon; brick bobcat,gender,p2143,1
427,giant gibbon; brick bobcat,gender,p2153,2
428,giant gibbon; brick bobcat,gender,p2155,2
429,giant gibbon; brick bobcat,gender,p2169,1
430,giant gibbon; brick bobcat,gender,p2187,1
431,giant gibbon; brick bobcat,gender,p2188,1
432,giant gibbon; brick bobcat,gender,p2197,2
433,giant gibbon; brick bobcat,gender,p2213,2
434,giant gibbon; brick bobcat,gender,p2214,2
435,giant gibbon; brick bobcat,gender,p2215,2
436,giant gibbon; brick bobcat,gender,p2220,1
437,giant gibbon; brick bobcat,gender,p2223,2
438,giant gibbon; brick bobcat,gender,p2229,1
439,giant gibbon; brick bobcat,gender,p2234,2
440,giant gibbon; brick bobcat,gender,p2237,2
441,giant gibbon; brick bobcat,gender,p2238,1
442,giant gibbon; brick bobcat,gender,p2244,2
443,giant gibbon; brick bobcat,gender,p2248,2
444,giant gibbon; brick bobcat,gender,p2252,1
445,giant gibbon; brick bobcat,gender,p2255,1
446,giant gibbon; brick bobcat,gender,p2261,1
447,giant gibbon; brick bobcat,gender,p2263,2
448,giant gibbon; brick bobcat,gender,p2273,2
449,giant gibbon; brick bobcat,gender,p2275,2
450,giant gibbon; brick bobcat,gender,p2276,2
451,giant gibbon; brick bobcat,gender,p2283,2
452,giant gibbon; brick bobcat,gender,p2287,2
453,giant gibbon; brick bobcat,gender,p2296,1
454,giant gibbon; brick bobcat,gender,p2298,1
455,giant gibbon; brick bobcat,gender,p2304,1
456,giant gibbon; brick bobcat,gender,p2310,2
457,giant gibbon; brick bobcat,gender,p2322,2
458,giant gibbon; brick bobcat,gender,p2326,2
459,giant gibbon; brick bobcat,gender,p2330,2
460,giant gibbon; brick bobcat,gender,p2331,1
461,giant gibbon; brick bobcat,gender,p2333,1
462,giant gibbon; brick bobcat,gender,p2347,2
463,giant gibbon; brick bobcat,gender,p2350,2
464,giant gibbon; brick bobcat,gender,p2351,1
465,giant gibbon; brick bobcat,gender,p2353,2
466,giant gibbon; brick bobcat,gender,p2355,2
467,giant gibbon; brick bobcat,gender,p2363,2
468,giant gibbon; brick bobcat,gender,p2378,2
469,giant gibbon; brick bobcat,gender,p2380,1
470,giant gibbon; brick bobcat,gender,p2387,2
471,giant gibbon; brick bobcat,gender,p2398,1
472,giant gibbon; brick bobcat,gender,p2400,1
473,giant gibbon; brick bobcat,gender,p2403,2
474,giant gibbon; brick bobcat,gender,p2408,2
475,giant gibbon; brick bobcat,gender,p2418,2
476,giant gibbon; brick bobcat,gender,p2426,1
477,giant gibbon; brick bobcat,gender,p2428,2
478,giant gibbon; brick bobcat,gender,p2434,2
479,giant gibbon; brick bobcat,gender,p2446,1
480,giant gibbon; brick bobcat,gender,p2452,1
481,giant gibbon; brick bobcat,gender,p2454,2
482,giant gibbon; brick bobcat,gender,p2462,1
483,giant gibbon; brick bobcat,gender,p2467,1
484,giant gibbon; brick bobcat,gender,p2482,2
485,giant gibbon; brick bobcat,gender,p2489,1
486,giant gibbon; brick bobcat,gender,p2490,2
487,giant gibbon; brick bobcat,gender,p2494,2
488,giant gibbon; brick bobcat,gender,p2502,1
489,giant gibbon; brick bobcat,gender,p2503,2
490,giant gibbon; brick bobcat,gender,p2522,1
491,giant gibbon; brick bobcat,gender,p2524,1
492,giant gibbon; brick bobcat,gender,p2533,2
493,giant gibbon; brick bobcat,gender,p2566,2
494,giant gibbon; brick bobcat,gender,p2571,1
495,giant gibbon; brick bobcat,gender,p2573,1
496,giant gibbon; brick bobcat,gender,p2582,1
497,giant gibbon; brick bobcat,gender,p2591,1
498,giant gibbon; brick bobcat,gender,p2592,2
499,giant gibbon; brick bobcat,gender,p2595,2
500,giant gibbon; brick bobcat,year_birth,p0016,1970
501,giant gibbon; brick bobcat,year_birth,p0022,1991
502,giant gibbon; brick bobcat,year_birth,p0023,1958
503,giant gibbon; brick bobcat,year_birth,p0026,1965
504,giant gibbon; brick bobcat,year_birth,p0034,1950
505,giant gibbon; brick bobcat,year_birth,p0036,1994
506,giant gibbon; brick bobcat,year_birth,p0037,1969
507,giant gibbon; brick bobcat,year_birth,p0042,1960
508,giant gibbon; brick bobcat,year_birth,p0057,1981
509,giant gibbon; brick bobcat,year_birth,p0066,1966
510,giant gibbon; brick bobcat,year_birth,p0069,1986
511,giant gibbon; brick bobcat,year_birth,p0072,1987
512,giant gibbon; brick bobcat,year_birth,p0073,1982
513,giant gibbon; brick bobcat,year_birth,p0082,1973
514,giant gibbon; brick bobcat,year_birth,p0091,1995
515,giant gibbon; brick bobcat,year_birth,p0092,1980
516,giant gibbon; brick bobcat,year_birth,p0093,1947
517,giant gibbon; brick bobcat,year_birth,p0095,1946
518,giant gibbon; brick bobcat,year_birth,p0107,1964
519,giant gibbon; brick bobcat,year_birth,p0114,1987
520,giant gibbon; brick bobcat,year_birth,p0116,1986
521,giant gibbon; brick bobcat,year_birth,p0118,1998
522,giant gibbon; brick bobcat,year_birth,p0119,1989
523,giant gibbon; brick bobcat,year_birth,p0126,1961
524,giant gibbon; brick bobcat,year_birth,p0129,1951
525,giant gibbon; brick bobcat,year_birth,p0136,1986
526,giant gibbon; brick bobcat,year_birth,p0138,1947
527,giant gibbon; brick bobcat,year_birth,p0144,1989
528,giant gibbon; brick bobcat,year_birth,p0150,1975
529,giant gibbon; brick bobcat,year_birth,p0152,1973
530,giant gibbon; brick bobcat,year_birth,p0158,1948
531,giant gibbon; brick bobcat,year_birth,p0161,1984
532,giant gibbon; brick bobcat,year_birth,p0164,1955
533,giant gibbon; brick bobcat,year_birth,p0175,1954
534,giant gibbon; brick bobcat,year_birth,p0177,1972
535,giant gibbon; brick bobcat,year_birth,p0178,1991
536,giant gibbon; brick bobcat,year_birth,p0181,1970
537,giant gibbon; brick bobcat,year_birth,p0186,1968
538,giant gibbon; brick bobcat,year_birth,p0196,1993
539,giant gibbon; brick bobcat,year_birth,p0198,1949
540,giant gibbon; brick bobcat,year_birth,p0202,1950
541,giant gibbon; brick bobcat,year_birth,p0205,1944
542,giant gibbon; brick bobcat,year_birth,p0207,1932
543,giant gibbon; brick bobcat,year_birth,p0211,1947
544,giant gibbon; brick bobcat,year_birth,p0227,1978
545,giant gibbon; brick bobcat,year_birth,p0229,1957
546,giant gibbon; brick bobcat,year_birth,p0232,1939
547,giant gibbon; brick bobcat,year_birth,p0233,1951
548,giant gibbon; brick bobcat,year_birth,p0237,1984
549,giant gibbon; brick bobcat,year_birth,p0258,1936
550,giant gibbon; brick bobcat,year_birth,p0268,1927
551,giant gibbon; brick bobcat,year_birth,p0274,1981
552,giant gibbon; brick bobcat,year_birth,p0275,1970
553,giant gibbon; brick bobcat,year_birth,p0277,1975
554,giant gibbon; brick bobcat,year_birth,p0288,1970
555,giant gibbon; brick bobcat,year_birth,p0291,1936
556,giant gibbon; brick bobcat,year_birth,p0307,1996
557,giant gibbon; brick bobcat,year_birth,p0308,1998
558,giant gibbon; brick bobcat,year_birth,p0317,1960
559,giant gibbon; brick bobcat,year_birth,p0325,1989
560,giant gibbon; brick bobcat,year_birth,p0327,1958
561,giant gibbon; brick bobcat,year_birth,p0334,1956
562,giant gibbon; brick bobcat,year_birth,p0336,1987
563,giant gibbon; brick bobcat,year_birth,p0338,1977
564,giant gibbon; brick bobcat,year_birth,p0342,1981
565,giant gibbon; brick bobcat,year_birth,p0349,1975
566,giant gibbon; brick bobcat,year_birth,p0356,1991
567,giant gibbon; brick bobcat,year_birth,p0358,1956
568,giant gibbon; brick bobcat,year_birth,p0363,1956
569,giant gibbon; brick bobcat,year_birth,p0364,1981
570,giant gibbon; brick bobcat,year_birth,p0369,1989
571,giant gibbon; brick bobcat,year_birth,p0370,1983
572,giant gibbon; brick bobcat,year_birth,p0371,1959
573,giant gibbon; brick bobcat,year_birth,p0379,1962
574,giant gibbon; brick bobcat,year_birth,p0386,1986
575,giant gibbon; brick bobcat,year_birth,p0396,1987
576,giant gibbon; brick bobcat,year_birth,p0403,1988
577,giant gibbon; brick bobcat,year_birth,p0405,1990
578,giant gibbon; brick bobcat,year_birth,p0412,1963
579,giant gibbon; brick bobcat,year_birth,p0415,1992
580,giant gibbon; brick bobcat,year_birth,p0416,1982
581,giant gibbon; brick bobcat,year_birth,p0417,1983
582,giant gibbon; brick bobcat,year_birth,p0418,1952
583,giant gibbon; brick bobcat,year_birth,p0430,1944
584,giant gibbon; brick bobcat,year_birth,p0431,1998
585,giant gibbon; brick bobcat,year_birth,p0434,1964
586,giant gibbon; brick bobcat,year_birth,p0438,1977
587,giant gibbon; brick bobcat,year_birth,p0441,1988
588,giant gibbon; brick bobcat,year_birth,p0442,1994
589,giant gibbon; brick bobcat,year_birth,p0449,1957
590,giant gibbon; brick bobcat,year_birth,p0450,1951
591,giant gibbon; brick bobcat,year_birth,p0465,1965
592,giant gibbon; brick bobcat,year_birth,p0471,1987
593,giant gibbon; brick bobcat,year_birth,p0477,1970
594,giant gibbon; brick bobcat,year_birth,p0483,1993
595,giant gibbon; brick bobcat,year_birth,p0486,1990
596,giant gibbon; brick bobcat,year_birth,p0487,1983
597,giant gibbon; brick bobcat,year_birth,p0489,1959
598,giant gibbon; brick bobcat,year_birth,p0497,1946
599,giant gibbon; brick bobcat,year_birth,p0502,1953
600,giant gibbon; brick bobcat,year_birth,p0503,1991
601,giant gibbon; brick bobcat,year_birth,p0506,1987
602,giant gibbon; brick bobcat,year_birth,p0511,1989
603,giant gibbon; brick bobcat,year_birth,p0523,1993
604,giant gibbon; brick bobcat,year_birth,p0534,1954
605,giant gibbon; brick bobcat,year_birth,p0536,1982
606,giant gibbon; brick bobcat,year_birth,p0542,1948
607,giant gibbon; brick bobcat,year_birth,p0547,1954
608,giant gibbon; brick bobcat,year_birth,p0553,1966
609,giant gibbon; brick bobcat,year_birth,p0559,1991
610,giant gibbon; brick bobcat,year_birth,p0566,1984
611,giant gibbon; brick bobcat,year_birth,p0568,1972
612,giant gibbon; brick bobcat,year_birth,p0570,1977
613,giant gibbon; brick bobcat,year_birth,p0573,1987
614,giant gibbon; brick bobcat,year_birth,p0578,1967
615,giant gibbon; brick bobcat,year_birth,p0594,1984
616,giant gibbon; brick bobcat,year_birth,p0597,1958
617,giant gibbon; brick bobcat,year_birth,p0601,1996
618,giant gibbon; brick bobcat,year_birth,p0602,1952
619,giant gibbon; brick bobcat,year_birth,p0605,1987
620,giant gibbon; brick bobcat,year_birth,p0615,1966
621,giant gibbon; brick bobcat,year_birth,p0620,1994
622,giant gibbon; brick bobcat,year_birth,p0626,1980
623,giant gibbon; brick bobcat,year_birth,p0629,1995
624,giant gibbon; brick bobcat,year_birth,p0633,1996
625,giant gibbon; brick bobcat,year_birth,p0638,1989
626,giant gibbon; brick bobcat,year_birth,p0639,1976
627,giant gibbon; brick bobcat,year_birth,p0640,1951
628,giant gibbon; brick bobcat,year_birth,p0655,1998
629,giant gibbon; brick bobcat,year_birth,p0656,1991
630,giant gibbon; brick bobcat,year_birth,p0658,1968
631,giant gibbon; brick bobcat,year_birth,p0661,1988
632,giant gibbon; brick bobcat,year_birth,p0669,1960
633,giant gibbon; brick bobcat,year_birth,p0670,1980
634,giant gibbon; brick bobcat,year_birth,p0672,1973
635,giant gibbon; brick bobcat,year_birth,p0674,1985
636,giant gibbon; brick bobcat,year_birth,p0678,1978
637,giant gibbon; brick bobcat,year_birth,p0683,1949
638,giant gibbon; brick bobcat,year_birth,p0686,1977
639,giant gibbon; brick bobcat,year_birth,p0687,1953
640,giant gibbon; brick bobcat,year_birth,p0698,1963
641,giant gibbon; brick bobcat,year_birth,p0700,1981
642,giant gibbon; brick bobcat,year_birth,p0703,1970
643,giant gibbon; brick bobcat,year_birth,p0718,1984
644,giant gibbon; brick bobcat,year_birth,p0744,1987
645,giant gibbon; brick bobcat,year_birth,p0745,1987
646,giant gibbon; brick bobcat,year_birth,p0753,1992
647,giant gibbon; brick bobcat,year_birth,p0770,1985
648,giant gibbon; brick bobcat,year_birth,p0771,1964
649,giant gibbon; brick bobcat,year_birth,p0777,1982
650,giant gibbon; brick bobcat,year_birth,p0779,1964
651,giant gibbon; brick bobcat,year_birth,p0780,1970
652,giant gibbon; brick bobcat,year_birth,p0783,1947
653,giant gibbon; brick bobcat,year_birth,p0785,1994
654,giant gibbon; brick bobcat,year_birth,p0786,1970
655,giant gibbon; brick bobcat,year_birth,p0794,1952
656,giant gibbon; brick bobcat,year_birth,p0798,1947
657,giant gibbon; brick bobcat,year_birth,p0800,1967
658,giant gibbon; brick bobcat,year_birth,p0820,1982
659,giant gibbon; brick bobcat,year_birth,p0841,1985
660,giant gibbon; brick bobcat,year_birth,p0849,1970
661,giant gibbon; brick bobcat,year_birth,p0862,1989
662,giant gibbon; brick bobcat,year_birth,p0867,1969
663,giant gibbon; brick bobcat,year_birth,p0869,1955
664,giant gibbon; brick bobcat,year_birth,p0872,1972
665,giant gibbon; brick bobcat,year_birth,p0880,1993
666,giant gibbon; brick bobcat,year_birth,p0891,1984
667,giant gibbon; brick bobcat,year_birth,p0916,1989
668,giant gibbon; brick bobcat,year_birth,p0917,1987
669,giant gibbon; brick bobcat,year_birth,p0919,1991
670,giant gibbon; brick bobcat,year_birth,p0922,1957
671,giant gibbon; brick bobcat,year_birth,p0925,1966
672,giant gibbon; brick bobcat,year_birth,p0927,1990
673,giant gibbon; brick bobcat,year_birth,p0929,1991
674,giant gibbon; brick bobcat,year_birth,p0930,1984
675,giant gibbon; brick bobcat,year_birth,p0931,1958
676,giant gibbon; brick bobcat,year_birth,p0933,1986
677,giant gibbon; brick bobcat,year_birth,p0934,1978
678,giant gibbon; brick bobcat,year_birth,p0936,1976
679,giant gibbon; brick bobcat,year_birth,p0938,1982
680,giant gibbon; brick bobcat,year_birth,p0939,1984
681,giant gibbon; brick bobcat,year_birth,p0946,1980
682,giant gibbon; brick bobcat,year_birth,p0951,1963
683,giant gibbon; brick bobcat,year_birth,p0956,1988
684,giant gibbon; brick bobcat,year_birth,p0962,1942
685,giant gibbon; brick bobcat,year_birth,p0963,1990
686,giant gibbon; brick bobcat,year_birth,p0969,1960
687,giant gibbon; brick bobcat,year_birth,p0972,1956
688,giant gibbon; brick bobcat,year_birth,p0975,1952
689,giant gibbon; brick bobcat,year_birth,p0985,1994
690,giant gibbon; brick bobcat,year_birth,p0993,1983
691,giant gibbon; brick bobcat,year_birth,p0996,1956
692,giant gibbon; brick bobcat,year_birth,p1011,1961
693,giant gibbon; brick bobcat,year_birth,p1017,1992
694,giant gibbon; brick bobcat,year_birth,p1020,1953
695,giant gibbon; brick bobcat,year_birth,p1022,1995
696,giant gibbon; brick bobcat,year_birth,p1024,1972
697,giant gibbon; brick bobcat,year_birth,p1027,1996
698,giant gibbon; brick bobcat,year_birth,p1028,1985
699,giant gibbon; brick bobcat,year_birth,p1029,1986
700,giant gibbon; brick bobcat,year_birth,p1032,1972
701,giant gibbon; brick bobcat,year_birth,p1040,1990
702,giant gibbon; brick bobcat,year_birth,p1047,1997
703,giant gibbon; brick bobcat,year_birth,p1048,1985
704,giant gibbon; brick bobcat,year_birth,p1053,1987
705,giant gibbon; brick bobcat,year_birth,p1057,1986
706,giant gibbon; brick bobcat,year_birth,p1058,1988
707,giant gibbon; brick bobcat,year_birth,p1063,1960
708,giant gibbon; brick bobcat,year_birth,p1064,1955
709,giant gibbon; brick bobcat,year_birth,p1065,1955
710,giant gibbon; brick bobcat,year_birth,p1069,1981
711,giant gibbon; brick bobcat,year_birth,p1072,1986
712,giant gibbon; brick bobcat,year_birth,p1073,1980
713,giant gibbon; brick bobcat,year_birth,p1075,1965
714,giant gibbon; brick bobcat,year_birth,p1076,1997
715,giant gibbon; brick bobcat,year_birth,p1083,1950
716,giant gibbon; brick bobcat,year_birth,p1089,1992
717,giant gibbon; brick bobcat,year_birth,p1093,1995
718,giant gibbon; brick bobcat,year_birth,p1096,1988
719,giant gibbon; brick bobcat,year_birth,p1100,1972
720,giant gibbon; brick bobcat,year_birth,p1106,1988
721,giant gibbon; brick bobcat,year_birth,p1107,1955
722,giant gibbon; brick bobcat,year_birth,p1113,1984
723,giant gibbon; brick bobcat,year_birth,p1117,1940
724,giant gibbon; brick bobcat,year_birth,p1120,1956
725,giant gibbon; brick bobcat,year_birth,p1134,1951
726,giant gibbon; brick bobcat,year_birth,p1136,1967
727,giant gibbon; brick bobcat,year_birth,p1138,1969
728,giant gibbon; brick bobcat,year_birth,p1144,1962
729,giant gibbon; brick bobcat,year_birth,p1145,1952
730,giant gibbon; brick bobcat,year_birth,p1147,1989
731,giant gibbon; brick bobcat,year_birth,p1148,1982
732,giant gibbon; brick bobcat,year_birth,p1154,1985
733,giant gibbon; brick bobcat,year_birth,p1159,1957
734,giant gibbon; brick bobcat,year_birth,p1167,1965
735,giant gibbon; brick bobcat,year_birth,p1175,1989
736,giant gibbon; brick bobcat,year_birth,p1178,1989
737,giant gibbon; brick bobcat,year_birth,p1184,1979
738,giant gibbon; brick bobcat,year_birth,p1186,1970
739,giant gibbon; brick bobcat,year_birth,p1196,1996
740,giant gibbon; brick bobcat,year_birth,p1197,1974
741,giant gibbon; brick bobcat,year_birth,p1203,1954
742,giant gibbon; brick bobcat,year_birth,p1219,1994
743,giant gibbon; brick bobcat,year_birth,p1225,1952
744,giant gibbon; brick bobcat,year_birth,p1234,1996
745,giant gibbon; brick bobcat,year_birth,p1242,1954
746,giant gibbon; brick bobcat,year_birth,p1244,1976
747,giant gibbon; brick bobcat,year_birth,p1249,1972
748,giant gibbon; brick bobcat,year_birth,p1250,1960
749,giant gibbon; brick bobcat,year_birth,p1256,1979
750,giant gibbon; brick bobcat,year_birth,p1258,1986
751,giant gibbon; brick bobcat,year_birth,p1260,1982
752,giant gibbon; brick bobcat,year_birth,p1262,1972
753,giant gibbon; brick bobcat,year_birth,p1264,1997
754,giant gibbon; brick bobcat,year_birth,p1265,1987
755,giant gibbon; brick bobcat,year_birth,p1269,1983
756,giant gibbon; brick bobcat,year_birth,p1272,1998
757,giant gibbon; brick bobcat,year_birth,p1278,1988
758,giant gibbon; brick bobcat,year_birth,p1281,1989
759,giant gibbon; brick bobcat,year_birth,p1292,1990
760,giant gibbon; brick bobcat,year_birth,p1299,1964
761,giant gibbon; brick bobcat,year_birth,p1312,1984
762,giant gibbon; brick bobcat,year_birth,p1322,1986
763,giant gibbon; brick bobcat,year_birth,p1326,1985
764,giant gibbon; brick bobcat,year_birth,p1330,1962
765,giant gibbon; brick bobcat,year_birth,p1335,1991
766,giant gibbon; brick bobcat,year_birth,p1337,1965
767,giant gibbon; brick bobcat,year_birth,p1340,1983
768,giant gibbon; brick bobcat,year_birth,p1345,1960
769,giant gibbon; brick bobcat,year_birth,p1351,1932
770,giant gibbon; brick bobcat,year_birth,p1355,1991
771,giant gibbon; brick bobcat,year_birth,p1362,1941
772,giant gibbon; brick bobcat,year_birth,p1365,1961
773,giant gibbon; brick bobcat,year_birth,p1366,1958
774,giant gibbon; brick bobcat,year_birth,p1367,1984
775,giant gibbon; brick bobcat,year_birth,p1370,1936
776,giant gibbon; brick bobcat,year_birth,p1371,1969
777,giant gibbon; brick bobcat,year_birth,p1373,1991
778,giant gibbon; brick bobcat,year_birth,p1375,1980
779,giant gibbon; brick bobcat,year_birth,p1376,1986
780,giant gibbon; brick bobcat,year_birth,p1379,1977
781,giant gibbon; brick bobcat,year_birth,p1381,1952
782,giant gibbon; brick bobcat,year_birth,p1393,1974
783,giant gibbon; brick bobcat,year_birth,p1396,1970
784,giant gibbon; brick bobcat,year_birth,p1398,1978
785,giant gibbon; brick bobcat,year_birth,p1404,1960
786,giant gibbon; brick bobcat,year_birth,p1406,1961
787,giant gibbon; brick bobcat,year_birth,p1407,1987
788,giant gibbon; brick bobcat,year_birth,p1409,1954
789,giant gibbon; brick bobcat,year_birth,p1412,1966
790,giant gibbon; brick bobcat,year_birth,p1414,1981
791,giant gibbon; brick bobcat,year_birth,p1424,1968
792,giant gibbon; brick bobcat,year_birth,p1425,1968
793,giant gibbon; brick bobcat,year_birth,p1429,1971
794,giant gibbon; brick bobcat,year_birth,p1434,1976
795,giant gibbon; brick bobcat,year_birth,p1441,1975
796,giant gibbon; brick bobcat,year_birth,p1445,1956
797,giant gibbon; brick bobcat,year_birth,p1450,1993
798,giant gibbon; brick bobcat,year_birth,p1454,1967
799,giant gibbon; brick bobcat,year_birth,p1456,1978
800,giant gibbon; brick bobcat,year_birth,p1457,1987
801,giant gibbon; brick bobcat,year_birth,p1458,1966
802,giant gibbon; brick bobcat,year_birth,p1469,1979
803,giant gibbon; brick bobcat,year_birth,p1470,1961
804,giant gibbon; brick bobcat,year_birth,p1481,1958
805,giant gibbon; brick bobcat,year_birth,p1488,1973
806,giant gibbon; brick bobcat,year_birth,p1492,1976
807,giant gibbon; brick bobcat,year_birth,p1495,1943
808,giant gibbon; brick bobcat,year_birth,p1497,1965
809,giant gibbon; brick bobcat,year_birth,p1499,1993
810,giant gibbon; brick bobcat,year_birth,p1503,1963
811,giant gibbon; brick bobcat,year_birth,p1511,1960
812,giant gibbon; brick bobcat,year_birth,p1512,1989
813,giant gibbon; brick bobcat,year_birth,p1518,1992
814,giant gibbon; brick bobcat,year_birth,p1519,1995
815,giant gibbon; brick bobcat,year_birth,p1520,1988
816,giant gibbon; brick bobcat,year_birth,p1524,1968
817,giant gibbon; brick bobcat,year_birth,p1526,1982
818,giant gibbon; brick bobcat,year_birth,p1537,1937
819,giant gibbon; brick bobcat,year_birth,p1545,1975
820,giant gibbon; brick bobcat,year_birth,p1547,1968
821,giant gibbon; brick bobcat,year_birth,p1552,1989
822,giant gibbon; brick bobcat,year_birth,p1567,1949
823,giant gibbon; brick bobcat,year_birth,p1568,1950
824,giant gibbon; brick bobcat,year_birth,p1579,1951
825,giant gibbon; brick bobcat,year_birth,p1587,1965
826,giant gibbon; brick bobcat,year_birth,p1596,1953
827,giant gibbon; brick bobcat,year_birth,p1600,1974
828,giant gibbon; brick bobcat,year_birth,p1603,1990
829,giant gibbon; brick bobcat,year_birth,p1604,1955
830,giant gibbon; brick bobcat,year_birth,p1610,1978
831,giant gibbon; brick bobcat,year_birth,p1618,1971
832,giant gibbon; brick bobcat,year_birth,p1619,1948
833,giant gibbon; brick bobcat,year_birth,p1622,1956
834,giant gibbon; brick bobcat,year_birth,p1623,1971
835,giant gibbon; brick bobcat,year_birth,p1630,1999
836,giant gibbon; brick bobcat,year_birth,p1641,1944
837,giant gibbon; brick bobcat,year_birth,p1649,1943
838,giant gibbon; brick bobcat,year_birth,p1652,1971
839,giant gibbon; brick bobcat,year_birth,p1665,1980
840,giant gibbon; brick bobcat,year_birth,p1669,1968
841,giant gibbon; brick bobcat,year_birth,p1685,1956
842,giant gibbon; brick bobcat,year_birth,p1693,1986
843,giant gibbon; brick bobcat,year_birth,p1698,1973
844,giant gibbon; brick bobcat,year_birth,p1704,1976
845,giant gibbon; brick bobcat,year_birth,p1711,1969
846,giant gibbon; brick bobcat,year_birth,p1718,1975
847,giant gibbon; brick bobcat,year_birth,p1732,1971
848,giant gibbon; brick bobcat,year_birth,p1739,1943
849,giant gibbon; brick bobcat,year_birth,p1741,1942
850,giant gibbon; brick bobcat,year_birth,p1746,1975
851,giant gibbon; brick bobcat,year_birth,p1751,1987
852,giant gibbon; brick bobcat,year_birth,p1754,1959
853,giant gibbon; brick bobcat,year_birth,p1769,1971
854,giant gibbon; brick bobcat,year_birth,p1771,1968
855,giant gibbon; brick bobcat,year_birth,p1776,1953
856,giant gibbon; brick bobcat,year_birth,p1780,1969
857,giant gibbon; brick bobcat,year_birth,p1785,1979
858,giant gibbon; brick bobcat,year_birth,p1791,1986
859,giant gibbon; brick bobcat,year_birth,p1793,1957
860,giant gibbon; brick bobcat,year_birth,p1796,1952
861,giant gibbon; brick bobcat,year_birth,p1805,1981
862,giant gibbon; brick bobcat,year_birth,p1812,1979
863,giant gibbon; brick bobcat,year_birth,p1816,1972
864,giant gibbon; brick bobcat,year_birth,p1819,1972
865,giant gibbon; brick bobcat,year_birth,p1825,1951
866,giant gibbon; brick bobcat,year_birth,p1836,1995
867,giant gibbon; brick bobcat,year_birth,p1839,1940
868,giant gibbon; brick bobcat,year_birth,p1861,1961
869,giant gibbon; brick bobcat,year_birth,p1863,1930
870,giant gibbon; brick bobcat,year_birth,p1873,1979
871,giant gibbon; brick bobcat,year_birth,p1875,1955
872,giant gibbon; brick bobcat,year_birth,p1876,1971
873,giant gibbon; brick bobcat,year_birth,p1877,1996
874,giant gibbon; brick bobcat,year_birth,p1880,1977
875,giant gibbon; brick bobcat,year_birth,p1883,1970
876,giant gibbon; brick bobcat,year_birth,p1889,1978
877,giant gibbon; brick bobcat,year_birth,p1893,1982
878,giant gibbon; brick bobcat,year_birth,p1896,1991
879,giant gibbon; brick bobcat,year_birth,p1913,1969
880,giant gibbon; brick bobcat,year_birth,p1922,1942
881,giant gibbon; brick bobcat,year_birth,p1930,1970
882,giant gibbon; brick bobcat,year_birth,p1935,1946
883,giant gibbon; brick bobcat,year_birth,p1940,1977
884,giant gibbon; brick bobcat,year_birth,p1948,1994
885,giant gibbon; brick bobcat,year_birth,p1950,1963
886,giant gibbon; brick bobcat,year_birth,p1954,1972
887,giant gibbon; brick bobcat,year_birth,p1956,1959
888,giant gibbon; brick bobcat,year_birth,p1958,1978
889,giant gibbon; brick bobcat,year_birth,p1967,1979
890,giant gibbon; brick bobcat,year_birth,p1973,1995
891,giant gibbon; brick bobcat,year_birth,p1978,1953
892,giant gibbon; brick bobcat,year_birth,p1983,1976
893,giant gibbon; brick bobcat,year_birth,p1984,1956
894,giant gibbon; brick bobcat,year_birth,p1995,1942
895,giant gibbon; brick bobcat,year_birth,p1996,1977
896,giant gibbon; brick bobcat,year_birth,p1997,1972
897,giant gibbon; brick bobcat,year_birth,p2001,1977
898,giant gibbon; brick bobcat,year_birth,p2002,1968
899,giant gibbon; brick bobcat,year_birth,p2013,1980
900,giant gibbon; brick bobcat,year_birth,p2014,1968
901,giant gibbon; brick bobcat,year_birth,p2016,1962
902,giant gibbon; brick bobcat,year_birth,p2018,1980
903,giant gibbon; brick bobcat,year_birth,p2023,1969
904,giant gibbon; brick bobcat,year_birth,p2025,1937
905,giant gibbon; brick bobcat,year_birth,p2028,1953
906,giant gibbon; brick bobcat,year_birth,p2030,1973
907,giant gibbon; brick bobcat,year_birth,p2033,1978
908,giant gibbon; brick bobcat,year_birth,p2040,1947
909,giant gibbon; brick bobcat,year_birth,p2051,1991
910,giant gibbon; brick bobcat,year_birth,p2052,1971
911,giant gibbon; brick bobcat,year_birth,p2066,1942
912,giant gibbon; brick bobcat,year_birth,p2067,1953
913,giant gibbon; brick bobcat,year_birth,p2073,1994
914,giant gibbon; brick bobcat,year_birth,p2077,1994
915,giant gibbon; brick bobcat,year_birth,p2078,1988
916,giant gibbon; brick bobcat,year_birth,p2086,1964
917,giant gibbon; brick bobcat,year_birth,p2089,1981
918,giant gibbon; brick bobcat,year_birth,p2093,1956
919,giant gibbon; brick bobcat,year_birth,p2094,1945
920,giant gibbon; brick bobcat,year_birth,p2111,1997
921,giant gibbon; brick bobcat,year_birth,p2117,1979
922,giant gibbon; brick bobcat,year_birth,p2121,1958
923,giant gibbon; brick bobcat,year_birth,p2127,1969
924,giant gibbon; brick bobcat,year_birth,p2141,1996
925,giant gibbon; brick bobcat,year_birth,p2142,1999
926,giant gibbon; brick bobcat,year_birth,p2143,1971
927,giant gibbon; brick bobcat,year_birth,p2153,1984
928,giant gibbon; brick bobcat,year_birth,p2155,1973
929,giant gibbon; brick bobcat,year_birth,p2169,1961
930,giant gibbon; brick bobcat,year_birth,p2187,1991
931,giant gibbon; brick bobcat,year_birth,p2188,1974
932,giant gibbon; brick bobcat,year_birth,p2197,1986
933,giant gibbon; brick bobcat,year_birth,p2213,1997
934,giant gibbon; brick bobcat,year_birth,p2214,1989
935,giant gibbon; brick bobcat,year_birth,p2215,1992
936,giant gibbon; brick bobcat,year_birth,p2220,1971
937,giant gibbon; brick bobcat,year_birth,p2223,1990
938,giant gibbon; brick bobcat,year_birth,p2229,1985
939,giant gibbon; brick bobcat,year_birth,p2234,1991
940,giant gibbon; brick bobcat,year_birth,p2237,1960
941,giant gibbon; brick bobcat,year_birth,p2238,1957
942,giant gibbon; brick bobcat,year_birth,p2244,1987
943,giant gibbon; brick bobcat,year_birth,p2248,1966
944,giant gibbon; brick bobcat,year_birth,p2252,1999
945,giant gibbon; brick bobcat,year_birth,p2255,1950
946,giant gibbon; brick bobcat,year_birth,p2261,1960
947,giant gibbon; brick bobcat,year_birth,p2263,1974
948,giant gibbon; brick bobcat,year_birth,p2273,1993
949,giant gibbon; brick bobcat,year_birth,p2275,1984
950,giant gibbon; brick bobcat,year_birth,p2276,1985
951,giant gibbon; brick bobcat,year_birth,p2283,1964
952,giant gibbon; brick bobcat,year_birth,p2287,1957
953,giant gibbon; brick bobcat,year_birth,p2296,1992
954,giant gibbon; brick bobcat,year_birth,p2298,1994
955,giant gibbon; brick bobcat,year_birth,p2304,1995
956,giant gibbon; brick bobcat,year_birth,p2310,1986
957,giant gibbon; brick bobcat,year_birth,p2322,1988
958,giant gibbon; brick bobcat,year_birth,p2326,1990
959,giant gibbon; brick bobcat,year_birth,p2330,1996
960,giant gibbon; brick bobcat,year_birth,p2331,1997
961,giant gibbon; brick bobcat,year_birth,p2333,1967
962,giant gibbon; brick bobcat,year_birth,p2347,1972
963,giant gibbon; brick bobcat,year_birth,p2350,1989
964,giant gibbon; brick bobcat,year_birth,p2351,1986
965,giant gibbon; brick bobcat,year_birth,p2353,1998
966,giant gibbon; brick bobcat,year_birth,p2355,1988
967,giant gibbon; brick bobcat,year_birth,p2363,1982
968,giant gibbon; brick bobcat,year_birth,p2378,1994
969,giant gibbon; brick bobcat,year_birth,p2380,1994
970,giant gibbon; brick bobcat,year_birth,p2387,1986
971,giant gibbon; brick bobcat,year_birth,p2398,1990
972,giant gibbon; brick bobcat,year_birth,p2400,1961
973,giant gibbon; brick bobcat,year_birth,p2403,1971
974,giant gibbon; brick bobcat,year_birth,p2408,1980
975,giant gibbon; brick bobcat,year_birth,p2418,1987
976,giant gibbon; brick bobcat,year_birth,p2426,1951
977,giant gibbon; brick bobcat,year_birth,p2428,1989
978,giant gibbon; brick bobcat,year_birth,p2434,1968
979,giant gibbon; brick bobcat,year_birth,p2446,1983
980,giant gibbon; brick bobcat,year_birth,p2452,1975
981,giant gibbon; brick bobcat,year_birth,p2454,1978
982,giant gibbon; brick bobcat,year_birth,p2462,1993
983,giant gibbon; brick bobcat,year_birth,p2467,1972
984,giant gibbon; brick bobcat,year_birth,p2482,1967
985,giant gibbon; brick bobcat,year_birth,p2489,1952
986,giant gibbon; brick bobcat,year_birth,p2490,1998
987,giant gibbon; brick bobcat,year_birth,p2494,1947
988,giant gibbon; brick bobcat,year_birth,p2502,1955
989,giant gibbon; brick bobcat,year_birth,p2503,1987
990,giant gibbon; brick bobcat,year_birth,p2522,1945
991,giant gibbon; brick bobcat,year_birth,p2524,1946
992,giant gibbon; brick bobcat,year_birth,p2533,1951
993,giant gibbon; brick bobcat,year_birth,p2566,1968
994,giant gibbon; brick bobcat,year_birth,p2571,1952
995,giant gibbon; brick bobcat,year_birth,p2573,1969
996,giant gibbon; brick bobcat,year_birth,p2582,1985
997,giant gibbon; brick bobcat,year_birth,p2591,1986
998,giant gibbon; brick bobcat,year_birth,p2592,1981
999,giant gibbon; brick bobcat,year_birth,p2595,1973
1000,giant gibbon; brick bobcat,race,p0016,1
1001,giant gibbon; brick bobcat,race,p0022,1
1002,giant gibbon; brick bobcat,race,p0023,1
1003,giant gibbon; brick bobcat,race,p0026,1
1004,giant gibbon; brick bobcat,race,p0034,1
1005,giant gibbon; brick bobcat,race,p0036,1
1006,giant gibbon; brick bobcat,race,p0037,1
1007,giant gibbon; brick bobcat,race,p0042,1
1008,giant gibbon; brick bobcat,race,p0057,1
1009,giant gibbon; brick bobcat,race,p0066,1
1010,giant gibbon; brick bobcat,race,p0069,1
1011,giant gibbon; brick bobcat,race,p0072,1
1012,giant gibbon; brick bobcat,race,p0073,1
1013,giant gibbon; brick bobcat,race,p0082,1
1014,giant gibbon; brick bobcat,race,p0091,1
1015,giant gibbon; brick bobcat,race,p0092,2
1016,giant gibbon; brick bobcat,race,p0093,1
1017,giant gibbon; brick bobcat,race,p0095,1
1018,giant gibbon; brick bobcat,race,p0107,1
1019,giant gibbon; brick bobcat,race,p0114,1
1020,giant gibbon; brick bobcat,race,p0116,1
1021,giant gibbon; brick bobcat,race,p0118,1
1022,giant gibbon; brick bobcat,race,p0119,1
1023,giant gibbon; brick bobcat,race,p0126,1
1024,giant gibbon; brick bobcat,race,p0129,1
1025,giant gibbon; brick bobcat,race,p0136,1
1026,giant gibbon; brick bobcat,race,p0138,1
1027,giant gibbon; brick bobcat,race,p0144,5
1028,giant gibbon; brick bobcat,race,p0150,2
1029,giant gibbon; brick bobcat,race,p0152,1
1030,giant gibbon; brick bobcat,race,p0158,1
1031,giant gibbon; brick bobcat,race,p0161,1
1032,giant gibbon; brick bobcat,race,p0164,1
1033,giant gibbon; brick bobcat,race,p0175,1
1034,giant gibbon; brick bobcat,race,p0177,5
1035,giant gibbon; brick bobcat,race,p0178,1
1036,giant gibbon; brick bobcat,race,p0181,1
1037,giant gibbon; brick bobcat,race,p0186,1
1038,giant gibbon; brick bobcat,race,p0196,1
1039,giant gibbon; brick bobcat,race,p0198,1
1040,giant gibbon; brick bobcat,race,p0202,1
1041,giant gibbon; brick bobcat,race,p0205,1
1042,giant gibbon; brick bobcat,race,p0207,1
1043,giant gibbon; brick bobcat,race,p0211,1
1044,giant gibbon; brick bobcat,race,p0227,5
1045,giant gibbon; brick bobcat,race,p0229,2
1046,giant gibbon; brick bobcat,race,p0232,1
1047,giant gibbon; brick bobcat,race,p0233,1
1048,giant gibbon; brick bobcat,race,p0237,1
1049,giant gibbon; brick bobcat,race,p0258,1
1050,giant gibbon; brick bobcat,race,p0268,1
1051,giant gibbon; brick bobcat,race,p0274,2
1052,giant gibbon; brick bobcat,race,p0275,2
1053,giant gibbon; brick bobcat,race,p0277,2
1054,giant gibbon; brick bobcat,race,p0288,2
1055,giant gibbon; brick bobcat,race,p0291,1
1056,giant gibbon; brick bobcat,race,p0307,1
1057,giant gibbon; brick bobcat,race,p0308,1
1058,giant gibbon; brick bobcat,race,p0317,1
1059,giant gibbon; brick bobcat,race,p0325,1
1060,giant gibbon; brick bobcat,race,p0327,1
1061,giant gibbon; brick bobcat,race,p0334,1
1062,giant gibbon; brick bobcat,race,p0336,1
1063,giant gibbon; brick bobcat,race,p0338,1
1064,giant gibbon; brick bobcat,race,p0342,2
1065,giant gibbon; brick bobcat,race,p0349,1
1066,giant gibbon; brick bobcat,race,p0356,1
1067,giant gibbon; brick bobcat,race,p0358,1
1068,giant gibbon; brick bobcat,race,p0363,1
1069,giant gibbon; brick bobcat,race,p0364,1
1070,giant gibbon; brick bobcat,race,p0369,1
1071,giant gibbon; brick bobcat,race,p0370,1
1072,giant gibbon; brick bobcat,race,p0371,1
1073,giant gibbon; brick bobcat,race,p0379,1
1074,giant gibbon; brick bobcat,race,p0386,1
1075,giant gibbon; brick bobcat,race,p0396,1
1076,giant gibbon; brick bobcat,race,p0403,2
1077,giant gibbon; brick bobcat,race,p0405,1
1078,giant gibbon; brick bobcat,race,p0412,1
1079,giant gibbon; brick bobcat,race,p0415,1
1080,giant gibbon; brick bobcat,race,p0416,1
1081,giant gibbon; brick bobcat,race,p0417,1
1082,giant gibbon; brick bobcat,race,p0418,1
1083,giant gibbon; brick bobcat,race,p0430,1
1084,giant gibbon; brick bobcat,race,p0431,1
1085,giant gibbon; brick bobcat,race,p0434,1
1086,giant gibbon; brick bobcat,race,p0438,1
1087,giant gibbon; brick bobcat,race,p0441,5
1088,giant gibbon; brick bobcat,race,p0442,2
1089,giant gibbon; brick bobcat,race,p0449,1
1090,giant gibbon; brick bobcat,race,p0450,1
1091,giant gibbon; brick bobcat,race,p0465,1
1092,giant gibbon; brick bobcat,race,p0471,1
1093,giant gibbon; brick bobcat,race,p0477,1
1094,giant gibbon; brick bobcat,race,p0483,2
1095,giant gibbon; brick bobcat,race,p0486,1
1096,giant gibbon; brick bobcat,race,p0487,1
1097,giant gibbon; brick bobcat,race,p0489,1
1098,giant gibbon; brick bobcat,race,p0497,1
1099,giant gibbon; brick bobcat,race,p0502,1
1100,giant gibbon; brick bobcat,race,p0503,1
1101,giant gibbon; brick bobcat,race,p0506,1
1102,giant gibbon; brick bobcat,race,p0511,1
1103,giant gibbon; brick bobcat,race,p0523,1
1104,giant gibbon; brick bobcat,race,p0534,1
1105,giant gibbon; brick bobcat,race,p0536,1
1106,giant gibbon; brick bobcat,race,p0542,1
1107,giant gibbon; brick bobcat,race,p0547,1
1108,giant gibbon; brick bobcat,race,p0553,1
1109,giant gibbon; brick bobcat,race,p0559,1
1110,giant gibbon; brick bobcat,race,p0566,1
1111,giant gibbon; brick bobcat,race,p0568,5
1112,giant gibbon; brick bobcat,race,p0570,2
1113,giant gibbon; brick bobcat,race,p0573,1
1114,giant gibbon; brick bobcat,race,p0578,1
1115,giant gibbon; brick bobcat,race,p0594,1
1116,giant gibbon; brick bobcat,race,p0597,1
1117,giant gibbon; brick bobcat,race,p0601,1
1118,giant gibbon; brick bobcat,race,p0602,1
1119,giant gibbon; brick bobcat,race,p0605,1
1120,giant gibbon; brick bobcat,race,p0615,1
1121,giant gibbon; brick bobcat,race,p0620,1
1122,giant gibbon; brick bobcat,race,p0626,1
1123,giant gibbon; brick bobcat,race,p0629,1
1124,giant gibbon; brick bobcat,race,p0633,1
1125,giant gibbon; brick bobcat,race,p0638,1
1126,giant gibbon; brick bobcat,race,p0639,1
1127,giant gibbon; brick bobcat,race,p0640,1
1128,giant gibbon; brick bobcat,race,p0655,1
1129,giant gibbon; brick bobcat,race,p0656,2
1130,giant gibbon; brick bobcat,race,p0658,1
1131,giant gibbon; brick bobcat,race,p0661,1
1132,giant gibbon; brick bobcat,race,p0669,1
1133,giant gibbon; brick bobcat,race,p0670,2
1134,giant gibbon; brick bobcat,race,p0672,5
1135,giant gibbon; brick bobcat,race,p0674,1
1136,giant gibbon; brick bobcat,race,p0678,1
1137,giant gibbon; brick bobcat,race,p0683,1
1138,giant gibbon; brick bobcat,race,p0686,1
1139,giant gibbon; brick bobcat,race,p0687,5
1140,giant gibbon; brick bobcat,race,p0698,1
1141,giant gibbon; brick bobcat,race,p0700,1
1142,giant gibbon; brick bobcat,race,p0703,1
1143,giant gibbon; brick bobcat,race,p0718,2
1144,giant gibbon; brick bobcat,race,p0744,1
1145,giant gibbon; brick bobcat,race,p0745,1
1146,giant gibbon; brick bobcat,race,p0753,1
1147,giant gibbon; brick bobcat,race,p0770,1
1148,giant gibbon; brick bobcat,race,p0771,5
1149,giant gibbon; brick bobcat,race,p0777,1
1150,giant gibbon; brick bobcat,race,p0779,1
1151,giant gibbon; brick bobcat,race,p0780,1
1152,giant gibbon; brick bobcat,race,p0783,1
1153,giant gibbon; brick bobcat,race,p0785,1
1154,giant gibbon; brick bobcat,race,p0786,2
1155,giant gibbon; brick bobcat,race,p0794,1
1156,giant gibbon; brick bobcat,race,p0798,1
1157,giant gibbon; brick bobcat,race,p0800,1
1158,giant gibbon; brick bobcat,race,p0820,1
1159,giant gibbon; brick bobcat,race,p0841,1
1160,giant gibbon; brick bobcat,race,p0849,1
1161,giant gibbon; brick bobcat,race,p0862,5
1162,giant gibbon; brick bobcat,race,p0867,2
1163,giant gibbon; brick bobcat,race,p0869,1
1164,giant gibbon; brick bobcat,race,p0872,1
1165,giant gibbon; brick bobcat,race,p0880,5
1166,giant gibbon; brick bobcat,race,p0891,1
1167,giant gibbon; brick bobcat,race,p0916,1
1168,giant gibbon; brick bobcat,race,p0917,1
1169,giant gibbon; brick bobcat,race,p0919,1
1170,giant gibbon; brick bobcat,race,p0922,1
1171,giant gibbon; brick bobcat,race,p0925,1
1172,giant gibbon; brick bobcat,race,p0927,1
1173,giant gibbon; brick bobcat,race,p0929,1
1174,giant gibbon; brick bobcat,race,p0930,1
1175,giant gibbon; brick bobcat,race,p0931,1
1176,giant gibbon; brick bobcat,race,p0933,5
1177,giant gibbon; brick bobcat,race,p0934,1
1178,giant gibbon; brick bobcat,race,p0936,1
1179,giant gibbon; brick bobcat,race,p0938,1
1180,giant gibbon; brick bobcat,race,p0939,1
1181,giant gibbon; brick bobcat,race,p0946,1
1182,giant gibbon; brick bobcat,race,p0951,2
1183,giant gibbon; brick bobcat,race,p0956,1
1184,giant gibbon; brick bobcat,race,p0962,1
1185,giant gibbon; brick bobcat,race,p0963,1
1186,giant gibbon; brick bobcat,race,p0969,1
1187,giant gibbon; brick bobcat,race,p0972,1
1188,giant gibbon; brick bobcat,race,p0975,1
1189,giant gibbon; brick bobcat,race,p0985,2
1190,giant gibbon; brick bobcat,race,p0993,2
1191,giant gibbon; brick bobcat,race,p0996,1
1192,giant gibbon; brick bobcat,race,p1011,1
1193,giant gibbon; brick bobcat,race,p1017,1
1194,giant gibbon; brick bobcat,race,p1020,1
1195,giant gibbon; brick bobcat,race,p1022,1
1196,giant gibbon; brick bobcat,race,p1024,1
1197,giant gibbon; brick bobcat,race,p1027,5
1198,giant gibbon; brick bobcat,race,p1028,1
1199,giant gibbon; brick bobcat,race,p1029,2
1200,giant gibbon; brick bobcat,race,p1032,1
1201,giant gibbon; brick bobcat,race,p1040,5
1202,giant gibbon; brick bobcat,race,p1047,2
1203,giant gibbon; brick bobcat,race,p1048,1
1204,giant gibbon; brick bobcat,race,p1053,5
1205,giant gibbon; brick bobcat,race,p1057,1
1206,giant gibbon; brick bobcat,race,p1058,1
1207,giant gibbon; brick bobcat,race,p1063,1
1208,giant gibbon; brick bobcat,race,p1064,1
1209,giant gibbon; brick bobcat,race,p1065,1
1210,giant gibbon; brick bobcat,race,p1069,1
1211,giant gibbon; brick bobcat,race,p1072,1
1212,giant gibbon; brick bobcat,race,p1073,2
1213,giant gibbon; brick bobcat,race,p1075,1
1214,giant gibbon; brick bobcat,race,p1076,2
1215,giant gibbon; brick bobcat,race,p1083,1
1216,giant gibbon; brick bobcat,race,p1089,1
1217,giant gibbon; brick bobcat,race,p1093,1
1218,giant gibbon; brick bobcat,race,p1096,1
1219,giant gibbon; brick bobcat,race,p1100,1
1220,giant gibbon; brick bobcat,race,p1106,2
1221,giant gibbon; brick bobcat,race,p1107,1
1222,giant gibbon; brick bobcat,race,p1113,1
1223,giant gibbon; brick bobcat,race,p1117,1
1224,giant gibbon; brick bobcat,race,p1120,1
1225,giant gibbon; brick bobcat,race,p1134,1
1226,giant gibbon; brick bobcat,race,p1136,1
1227,giant gibbon; brick bobcat,race,p1138,1
1228,giant gibbon; brick bobcat,race,p1144,1
1229,giant gibbon; brick bobcat,race,p1145,1
1230,giant gibbon; brick bobcat,race,p1147,1
1231,giant gibbon; brick bobcat,race,p1148,1
1232,giant gibbon; brick bobcat,race,p1154,1
1233,giant gibbon; brick bobcat,race,p1159,2
1234,giant gibbon; brick bobcat,race,p1167,5
1235,giant gibbon; brick bobcat,race,p1175,1
1236,giant gibbon; brick bobcat,race,p1178,1
1237,giant gibbon; brick bobcat,race,p1184,1
1238,giant gibbon; brick bobcat,race,p1186,1
1239,giant gibbon; brick bobcat,race,p1196,1
1240,giant gibbon; brick bobcat,race,p1197,5
1241,giant gibbon; brick bobcat,race,p1203,1
1242,giant gibbon; brick bobcat,race,p1219,2
1243,giant gibbon; brick bobcat,race,p1225,1
1244,giant gibbon; brick bobcat,race,p1234,1
1245,giant gibbon; brick bobcat,race,p1242,1
1246,giant gibbon; brick bobcat,race,p1244,1
1247,giant gibbon; brick bobcat,race,p1249,1
1248,giant gibbon; brick bobcat,race,p1250,1
1249,giant gibbon; brick bobcat,race,p1256,5
1250,giant gibbon; brick bobcat,race,p1258,1
1251,giant gibbon; brick bobcat,race,p1260,2
1252,giant gibbon; brick bobcat,race,p1262,1
1253,giant gibbon; brick bobcat,race,p1264,1
1254,giant gibbon; brick bobcat,race,p1265,1
1255,giant gibbon; brick bobcat,race,p1269,1
1256,giant gibbon; brick bobcat,race,p1272,1
1257,giant gibbon; brick bobcat,race,p1278,1
1258,giant gibbon; brick bobcat,race,p1281,5
1259,giant gibbon; brick bobcat,race,p1292,1
1260,giant gibbon; brick bobcat,race,p1299,1
1261,giant gibbon; brick bobcat,race,p1312,1
1262,giant gibbon; brick bobcat,race,p1322,1
1263,giant gibbon; brick bobcat,race,p1326,1
1264,giant gibbon; brick bobcat,race,p1330,1
1265,giant gibbon; brick bobcat,race,p1335,1
1266,giant gibbon; brick bobcat,race,p1337,1
1267,giant gibbon; brick bobcat,race,p1340,1
1268,giant gibbon; brick bobcat,race,p1345,1
1269,giant gibbon; brick bobcat,race,p1351,1
1270,giant gibbon; brick bobcat,race,p1355,1
1271,giant gibbon; brick bobcat,race,p1362,1
1272,giant gibbon; brick bobcat,race,p1365,1
1273,giant gibbon; brick bobcat,race,p1366,1
1274,giant gibbon; brick bobcat,race,p1367,1
1275,giant gibbon; brick bobcat,race,p1370,1
1276,giant gibbon; brick bobcat,race,p1371,1
1277,giant gibbon; brick bobcat,race,p1373,1
1278,giant gibbon; brick bobcat,race,p1375,1
1279,giant gibbon; brick bobcat,race,p1376,1
1280,giant gibbon; brick bobcat,race,p1379,2
1281,giant gibbon; brick bobcat,race,p1381,1
1282,giant gibbon; brick bobcat,race,p1393,1
1283,giant gibbon; brick bobcat,race,p1396,5
1284,giant gibbon; brick bobcat,race,p1398,5
1285,giant gibbon; brick bobcat,race,p1404,1
1286,giant gibbon; brick bobcat,race,p1406,1
1287,giant gibbon; brick bobcat,race,p1407,1
1288,giant gibbon; brick bobcat,race,p1409,1
1289,giant gibbon; brick bobcat,race,p1412,2
1290,giant gibbon; brick bobcat,race,p1414,1
1291,giant gibbon; brick bobcat,race,p1424,1
1292,giant gibbon; brick bobcat,race,p1425,1
1293,giant gibbon; brick bobcat,race,p1429,2
1294,giant gibbon; brick bobcat,race,p1434,1
1295,giant gibbon; brick bobcat,race,p1441,2
1296,giant gibbon; brick bobcat,race,p1445,2
1297,giant gibbon; brick bobcat,race,p1450,1
1298,giant gibbon; brick bobcat,race,p1454,1
1299,giant gibbon; brick bobcat,race,p1456,1
1300,giant gibbon; brick bobcat,race,p1457,2
1301,giant gibbon; brick bobcat,race,p1458,1
1302,giant gibbon; brick bobcat,race,p1469,1
1303,giant gibbon; brick bobcat,race,p1470,1
1304,giant gibbon; brick bobcat,race,p1481,5
1305,giant gibbon; brick bobcat,race,p1488,5
1306,giant gibbon; brick bobcat,race,p1492,1
1307,giant gibbon; brick bobcat,race,p1495,1
1308,giant gibbon; brick bobcat,race,p1497,1
1309,giant gibbon; brick bobcat,race,p1499,1
1310,giant gibbon; brick bobcat,race,p1503,1
1311,giant gibbon; brick bobcat,race,p1511,1
1312,giant gibbon; brick bobcat,race,p1512,1
1313,giant gibbon; brick bobcat,race,p1518,1
1314,giant gibbon; brick bobcat,race,p1519,1
1315,giant gibbon; brick bobcat,race,p1520,1
1316,giant gibbon; brick bobcat,race,p1524,1
1317,giant gibbon; brick bobcat,race,p1526,1
1318,giant gibbon; brick bobcat,race,p1537,1
1319,giant gibbon; brick bobcat,race,p1545,1
1320,giant gibbon; brick bobcat,race,p1547,2
1321,giant gibbon; brick bobcat,race,p1552,5
1322,giant gibbon; brick bobcat,race,p1567,1
1323,giant gibbon; brick bobcat,race,p1568,1
1324,giant gibbon; brick bobcat,race,p1579,1
1325,giant gibbon; brick bobcat,race,p1587,2
1326,giant gibbon; brick bobcat,race,p1596,1
1327,giant gibbon; brick bobcat,race,p1600,1
1328,giant gibbon; brick bobcat,race,p1603,2
1329,giant gibbon; brick bobcat,race,p1604,1
1330,giant gibbon; brick bobcat,race,p1610,1
1331,giant gibbon; brick bobcat,race,p1618,1
1332,giant gibbon; brick bobcat,race,p1619,1
1333,giant gibbon; brick bobcat,race,p1622,5
1334,giant gibbon; brick bobcat,race,p1623,5
1335,giant gibbon; brick bobcat,race,p1630,1
1336,giant gibbon; brick bobcat,race,p1641,1
1337,giant gibbon; brick bobcat,race,p1649,5
1338,giant gibbon; brick bobcat,race,p1652,5
1339,giant gibbon; brick bobcat,race,p1665,1
1340,giant gibbon; brick bobcat,race,p1669,1
1341,giant gibbon; brick bobcat,race,p1685,1
1342,giant gibbon; brick bobcat,race,p1693,1
1343,giant gibbon; brick bobcat,race,p1698,2
1344,giant gibbon; brick bobcat,race,p1704,1
1345,giant gibbon; brick bobcat,race,p1711,1
1346,giant gibbon; brick bobcat,race,p1718,1
1347,giant gibbon; brick bobcat,race,p1732,1
1348,giant gibbon; brick bobcat,race,p1739,1
1349,giant gibbon; brick bobcat,race,p1741,1
1350,giant gibbon; brick bobcat,race,p1746,1
1351,giant gibbon; brick bobcat,race,p1751,1
1352,giant gibbon; brick bobcat,race,p1754,1
1353,giant gibbon; brick bobcat,race,p1769,1
1354,giant gibbon; brick bobcat,race,p1771,1
1355,giant gibbon; brick bobcat,race,p1776,2
1356,giant gibbon; brick bobcat,race,p1780,1
1357,giant gibbon; brick bobcat,race,p1785,1
1358,giant gibbon; brick bobcat,race,p1791,2
1359,giant gibbon; brick bobcat,race,p1793,1
1360,giant gibbon; brick bobcat,race,p1796,1
1361,giant gibbon; brick bobcat,race,p1805,1
1362,giant gibbon; brick bobcat,race,p1812,1
1363,giant gibbon; brick bobcat,race,p1816,1
1364,giant gibbon; brick bobcat,race,p1819,1
1365,giant gibbon; brick bobcat,race,p1825,1
1366,giant gibbon; brick bobcat,race,p1836,1
1367,giant gibbon; brick bobcat,race,p1839,1
1368,giant gibbon; brick bobcat,race,p1861,5
1369,giant gibbon; brick bobcat,race,p1863,1
1370,giant gibbon; brick bobcat,race,p1873,1
1371,giant gibbon; brick bobcat,race,p1875,1
1372,giant gibbon; brick bobcat,race,p1876,1
1373,giant gibbon; brick bobcat,race,p1877,1
1374,giant gibbon; brick bobcat,race,p1880,1
1375,giant gibbon; brick bobcat,race,p1883,5
1376,giant gibbon; brick bobcat,race,p1889,1
1377,giant gibbon; brick bobcat,race,p1893,5
1378,giant gibbon; brick bobcat,race,p1896,1
1379,giant gibbon; brick bobcat,race,p1913,1
1380,giant gibbon; brick bobcat,race,p1922,1
1381,giant gibbon; brick bobcat,race,p1930,1
1382,giant gibbon; brick bobcat,race,p1935,1
1383,giant gibbon; brick bobcat,race,p1940,5
1384,giant gibbon; brick bobcat,race,p1948,1
1385,giant gibbon; brick bobcat,race,p1950,1
1386,giant gibbon; brick bobcat,race,p1954,1
1387,giant gibbon; brick bobcat,race,p1956,1
1388,giant gibbon; brick bobcat,race,p1958,1
1389,giant gibbon; brick bobcat,race,p1967,1
1390,giant gibbon; brick bobcat,race,p1973,1
1391,giant gibbon; brick bobcat,race,p1978,1
1392,giant gibbon; brick bobcat,race,p1983,1
1393,giant gibbon; brick bobcat,race,p1984,2
1394,giant gibbon; brick bobcat,race,p1995,1
1395,giant gibbon; brick bobcat,race,p1996,1
1396,giant gibbon; brick bobcat,race,p1997,1
1397,giant gibbon; brick bobcat,race,p2001,1
1398,giant gibbon; brick bobcat,race,p2002,2
1399,giant gibbon; brick bobcat,race,p2013,1
1400,giant gibbon; brick bobcat,race,p2014,1
1401,giant gibbon; brick bobcat,race,p2016,5
1402,giant gibbon; brick bobcat,race,p2018,2
1403,giant gibbon; brick bobcat,race,p2023,1
1404,giant gibbon; brick bobcat,race,p2025,1
1405,giant gibbon; brick bobcat,race,p2028,1
1406,giant gibbon; brick bobcat,race,p2030,1
1407,giant gibbon; brick bobcat,race,p2033,1
1408,giant gibbon; brick bobcat,race,p2040,2
1409,giant gibbon; brick bobcat,race,p2051,1
1410,giant gibbon; brick bobcat,race,p2052,1
1411,giant gibbon; brick bobcat,race,p2066,1
1412,giant gibbon; brick bobcat,race,p2067,1
1413,giant gibbon; brick bobcat,race,p2073,1
1414,giant gibbon; brick bobcat,race,p2077,2
1415,giant gibbon; brick bobcat,race,p2078,5
1416,giant gibbon; brick bobcat,race,p2086,1
1417,giant gibbon; brick bobcat,race,p2089,1
1418,giant gibbon; brick bobcat,race,p2093,1
1419,giant gibbon; brick bobcat,race,p2094,1
1420,giant gibbon; brick bobcat,race,p2111,2
1421,giant gibbon; brick bobcat,race,p2117,1
1422,giant gibbon; brick bobcat,race,p2121,1
1423,giant gibbon; brick bobcat,race,p2127,1
1424,giant gibbon; brick bobcat,race,p2141,1
1425,giant gibbon; brick bobcat,race,p2142,2
1426,giant gibbon; brick bobcat,race,p2143,1
1427,giant gibbon; brick bobcat,race,p2153,3
1428,giant gibbon; brick bobcat,race,p2155,3
1429,giant gibbon; brick bobcat,race,p2169,3
1430,giant gibbon; brick bobcat,race,p2187,3
1431,giant gibbon; brick bobcat,race,p2188,3
1432,giant gibbon; brick bobcat,race,p2197,3
1433,giant gibbon; brick bobcat,race,p2213,3
1434,giant gibbon; brick bobcat,race,p2214,3
1435,giant gibbon; brick bobcat,race,p2215,3
1436,giant gibbon; brick bobcat,race,p2220,3
1437,giant gibbon; brick bobcat,race,p2223,3
1438,giant gibbon; brick bobcat,race,p2229,3
1439,giant gibbon; brick bobcat,race,p2234,3
1440,giant gibbon; brick bobcat,race,p2237,3
1441,giant gibbon; brick bobcat,race,p2238,3
1442,giant gibbon; brick bobcat,race,p2244,3
1443,giant gibbon; brick bobcat,race,p2248,3
1444,giant gibbon; brick bobcat,race,p2252,3
1445,giant gibbon; brick bobcat,race,p2255,3
1446,giant gibbon; brick bobcat,race,p2261,3
1447,giant gibbon; brick bobcat,race,p2263,3
1448,giant gibbon; brick bobcat,race,p2273,3
1449,giant gibbon; brick bobcat,race,p2275,3
1450,giant gibbon; brick bobcat,race,p2276,3
1451,giant gibbon; brick bobcat,race,p2283,3
1452,giant gibbon; brick bobcat,race,p2287,3
1453,giant gibbon; brick bobcat,race,p2296,3
1454,giant gibbon; brick bobcat,race,p2298,3
1455,giant gibbon; brick bobcat,race,p2304,3
1456,giant gibbon; brick bobcat,race,p2310,3
1457,giant gibbon; brick bobcat,race,p2322,3
1458,giant gibbon; brick bobcat,race,p2326,3
1459,giant gibbon; brick bobcat,race,p2330,3
1460,giant gibbon; brick bobcat,race,p2331,3
1461,giant gibbon; brick bobcat,race,p2333,3
1462,giant gibbon; brick bobcat,race,p2347,3
1463,giant gibbon; brick bobcat,race,p2350,3
1464,giant gibbon; brick bobcat,race,p2351,3
1465,giant gibbon; brick bobcat,race,p2353,3
1466,giant gibbon; brick bobcat,race,p2355,3
1467,giant gibbon; brick bobcat,race,p2363,3
1468,giant gibbon; brick bobcat,race,p2378,3
1469,giant gibbon; brick bobcat,race,p2380,3
1470,giant gibbon; brick bobcat,race,p2387,3
1471,giant gibbon; brick bobcat,race,p2398,3
1472,giant gibbon; brick bobcat,race,p2400,3
1473,giant gibbon; brick bobcat,race,p2403,3
1474,giant gibbon; brick bobcat,race,p2408,3
1475,giant gibbon; brick bobcat,race,p2418,3
1476,giant gibbon; brick bobcat,race,p2426,3
1477,giant gibbon; brick bobcat,race,p2428,3
1478,giant gibbon; brick bobcat,race,p2434,3
1479,giant gibbon; brick bobcat,race,p2446,3
1480,giant gibbon; brick bobcat,race,p2452,3
1481,giant gibbon; brick bobcat,race,p2454,3
1482,giant gibbon; brick bobcat,race,p2462,3
1483,giant gibbon; brick bobcat,race,p2467,3
1484,giant gibbon; brick bobcat,race,p2482,3
1485,giant gibbon; brick bobcat,race,p2489,3
1486,giant gibbon; brick bobcat,race,p2490,3
1487,giant gibbon; brick bobcat,race,p2494,3
1488,giant gibbon; brick bobcat,race,p2502,3
1489,giant gibbon; brick bobcat,race,p2503,3
1490,giant gibbon; brick bobcat,race,p2522,3
1491,giant gibbon; brick bobcat,race,p2524,3
1492,giant gibbon; brick bobcat,race,p2533,3
1493,giant gibbon; brick bobcat,race,p2566,3
1494,giant gibbon; brick bobcat,race,p2571,3
1495,giant gibbon; brick bobcat,race,p2573,3
1496,giant gibbon; brick bobcat,race,p2582,3
1497,giant gibbon; brick bobcat,race,p2591,3
1498,giant gibbon; brick bobcat,race,p2592,3
1499,giant gibbon; brick bobcat,race,p2595,3
1500,giant gibbon; brick bobcat,education,p0016,4
1501,giant gibbon; brick bobcat,education,p0022,4
1502,giant gibbon; brick bobcat,education,p0023,5
1503,giant gibbon; brick bobcat,education,p0026,4
1504,giant gibbon; brick bobcat,education,p0034,3
1505,giant gibbon; brick bobcat,education,p0036,3
1506,giant gibbon; brick bobcat,education,p0037,4
1507,giant gibbon; brick bobcat,education,p0042,3
1508,giant gibbon; brick bobcat,education,p0057,3
1509,giant gibbon; brick bobcat,education,p0066,4
1510,giant gibbon; brick bobcat,education,p0069,3
1511,giant gibbon; brick bobcat,education,p0072,4
1512,giant gibbon; brick bobcat,education,p0073,4
1513,giant gibbon; brick bobcat,education,p0082,4
1514,giant gibbon; brick bobcat,education,p0091,4
1515,giant gibbon; brick bobcat,education,p0092,2
1516,giant gibbon; brick bobcat,education,p0093,4
1517,giant gibbon; brick bobcat,education,p0095,3
1518,giant gibbon; brick bobcat,education,p0107,3
1519,giant gibbon; brick bobcat,education,p0114,5
1520,giant gibbon; brick bobcat,education,p0116,2
1521,giant gibbon; brick bobcat,education,p0118,3
1522,giant gibbon; brick bobcat,education,p0119,3
1523,giant gibbon; brick bobcat,education,p0126,3
1524,giant gibbon; brick bobcat,education,p0129,5
1525,giant gibbon; brick bobcat,education,p0136,3
1526,giant gibbon; brick bobcat,education,p0138,2
1527,giant gibbon; brick bobcat,education,p0144,4
1528,giant gibbon; brick bobcat,education,p0150,2
1529,giant gibbon; brick bobcat,education,p0152,3
1530,giant gibbon; brick bobcat,education,p0158,2
1531,giant gibbon; brick bobcat,education,p0161,3
1532,giant gibbon; brick bobcat,education,p0164,2
1533,giant gibbon; brick bobcat,education,p0175,3
1534,giant gibbon; brick bobcat,education,p0177,4
1535,giant gibbon; brick bobcat,education,p0178,6
1536,giant gibbon; brick bobcat,education,p0181,4
1537,giant gibbon; brick bobcat,education,p0186,3
1538,giant gibbon; brick bobcat,education,p0196,4
1539,giant gibbon; brick bobcat,education,p0198,5
1540,giant gibbon; brick bobcat,education,p0202,4
1541,giant gibbon; brick bobcat,education,p0205,5
1542,giant gibbon; brick bobcat,education,p0207,4
1543,giant gibbon; brick bobcat,education,p0211,3
1544,giant gibbon; brick bobcat,education,p0227,5
1545,giant gibbon; brick bobcat,education,p0229,2
1546,giant gibbon; brick bobcat,education,p0232,5
1547,giant gibbon; brick bobcat,education,p0233,2
1548,giant gibbon; brick bobcat,education,p0237,5
1549,giant gibbon; brick bobcat,education,p0258,4
1550,giant gibbon; brick bobcat,education,p0268,2
1551,giant gibbon; brick bobcat,education,p0274,5
1552,giant gibbon; brick bobcat,education,p0275,4
1553,giant gibbon; brick bobcat,education,p0277,4
1554,giant gibbon; brick bobcat,education,p0288,4
1555,giant gibbon; brick bobcat,education,p0291,4
1556,giant gibbon; brick bobcat,education,p0307,3
1557,giant gibbon; brick bobcat,education,p0308,3
1558,giant gibbon; brick bobcat,education,p0317,3
1559,giant gibbon; brick bobcat,education,p0325,4
1560,giant gibbon; brick bobcat,education,p0327,5
1561,giant gibbon; brick bobcat,education,p0334,6
1562,giant gibbon; brick bobcat,education,p0336,4
1563,giant gibbon; brick bobcat,education,p0338,1
1564,giant gibbon; brick bobcat,education,p0342,4
1565,giant gibbon; brick bobcat,education,p0349,5
1566,giant gibbon; brick bobcat,education,p0356,4
1567,giant gibbon; brick bobcat,education,p0358,4
1568,giant gibbon; brick bobcat,education,p0363,4
1569,giant gibbon; brick bobcat,education,p0364,5
1570,giant gibbon; brick bobcat,education,p0369,5
1571,giant gibbon; brick bobcat,education,p0370,2
1572,giant gibbon; brick bobcat,education,p0371,4
1573,giant gibbon; brick bobcat,education,p0379,3
1574,giant gibbon; brick bobcat,education,p0386,5
1575,giant gibbon; brick bobcat,education,p0396,5
1576,giant gibbon; brick bobcat,education,p0403,3
1577,giant gibbon; brick bobcat,education,p0405,4
1578,giant gibbon; brick bobcat,education,p0412,4
1579,giant gibbon; brick bobcat,education,p0415,3
1580,giant gibbon; brick bobcat,education,p0416,4
1581,giant gibbon; brick bobcat,education,p0417,2
1582,giant gibbon; brick bobcat,education,p0418,2
1583,giant gibbon; brick bobcat,education,p0430,5
1584,giant gibbon; brick bobcat,education,p0431,5
1585,giant gibbon; brick bobcat,education,p0434,2
1586,giant gibbon; brick bobcat,education,p0438,4
1587,giant gibbon; brick bobcat,education,p0441,5
1588,giant gibbon; brick bobcat,education,p0442,3
1589,giant gibbon; brick bobcat,education,p0449,5
1590,giant gibbon; brick bobcat,education,p0450,4
1591,giant gibbon; brick bobcat,education,p0465,5
1592,giant gibbon; brick bobcat,education,p0471,3
1593,giant gibbon; brick bobcat,education,p0477,3
1594,giant gibbon; brick bobcat,education,p0483,5
1595,giant gibbon; brick bobcat,education,p0486,3
1596,giant gibbon; brick bobcat,education,p0487,4
1597,giant gibbon; brick bobcat,education,p0489,5
1598,giant gibbon; brick bobcat,education,p0497,6
1599,giant gibbon; brick bobcat,education,p0502,5
1600,giant gibbon; brick bobcat,education,p0503,4
1601,giant gibbon; brick bobcat,education,p0506,3
1602,giant gibbon; brick bobcat,education,p0511,4
1603,giant gibbon; brick bobcat,education,p0523,5
1604,giant gibbon; brick bobcat,education,p0534,6
1605,giant gibbon; brick bobcat,education,p0536,3
1606,giant gibbon; brick bobcat,education,p0542,4
1607,giant gibbon; brick bobcat,education,p0547,2
1608,giant gibbon; brick bobcat,education,p0553,4
1609,giant gibbon; brick bobcat,education,p0559,4
1610,giant gibbon; brick bobcat,education,p0566,4
1611,giant gibbon; brick bobcat,education,p0568,3
1612,giant gibbon; brick bobcat,education,p0570,1
1613,giant gibbon; brick bobcat,education,p0573,3
1614,giant gibbon; brick bobcat,education,p0578,2
1615,giant gibbon; brick bobcat,education,p0594,2
1616,giant gibbon; brick bobcat,education,p0597,2
1617,giant gibbon; brick bobcat,education,p0601,2
1618,giant gibbon; brick bobcat,education,p0602,2
1619,giant gibbon; brick bobcat,education,p0605,3
1620,giant gibbon; brick bobcat,education,p0615,3
1621,giant gibbon; brick bobcat,education,p0620,4
1622,giant gibbon; brick bobcat,education,p0626,3
1623,giant gibbon; brick bobcat,education,p0629,4
1624,giant gibbon; brick bobcat,education,p0633,3
1625,giant gibbon; brick bobcat,education,p0638,4
1626,giant gibbon; brick bobcat,education,p0639,4
1627,giant gibbon; brick bobcat,education,p0640,2
1628,giant gibbon; brick bobcat,education,p0655,3
1629,giant gibbon; brick bobcat,education,p0656,3
1630,giant gibbon; brick bobcat,education,p0658,5
1631,giant gibbon; brick bobcat,education,p0661,4
1632,giant gibbon; brick bobcat,education,p0669,4
1633,giant gibbon; brick bobcat,education,p0670,2
1634,giant gibbon; brick bobcat,education,p0672,5
1635,giant gibbon; brick bobcat,education,p0674,4
1636,giant gibbon; brick bobcat,education,p0678,5
1637,giant gibbon; brick bobcat,education,p0683,2
1638,giant gibbon; brick bobcat,education,p0686,3
1639,giant gibbon; brick bobcat,education,p0687,4
1640,giant gibbon; brick bobcat,education,p0698,2
1641,giant gibbon; brick bobcat,education,p0700,4
1642,giant gibbon; brick bobcat,education,p0703,2
1643,giant gibbon; brick bobcat,education,p0718,2
1644,giant gibbon; brick bobcat,education,p0744,4
1645,giant gibbon; brick bobcat,education,p0745,4
1646,giant gibbon; brick bobcat,education,p0753,4
1647,giant gibbon; brick bobcat,education,p0770,4
1648,giant gibbon; brick bobcat,education,p0771,4
1649,giant gibbon; brick bobcat,education,p0777,5
1650,giant gibbon; brick bobcat,education,p0779,4
1651,giant gibbon; brick bobcat,education,p0780,3
1652,giant gibbon; brick bobcat,education,p0783,3
1653,giant gibbon; brick bobcat,education,p0785,4
1654,giant gibbon; brick bobcat,education,p0786,3
1655,giant gibbon; brick bobcat,education,p0794,4
1656,giant gibbon; brick bobcat,education,p0798,5
1657,giant gibbon; brick bobcat,education,p0800,4
1658,giant gibbon; brick bobcat,education,p0820,3
1659,giant gibbon; brick bobcat,education,p0841,3
1660,giant gibbon; brick bobcat,education,p0849,3
1661,giant gibbon; brick bobcat,education,p0862,5
1662,giant gibbon; brick bobcat,education,p0867,5
1663,giant gibbon; brick bobcat,education,p0869,3
1664,giant gibbon; brick bobcat,education,p0872,4
1665,giant gibbon; brick bobcat,education,p0880,2
1666,giant gibbon; brick bobcat,education,p0891,3
1667,giant gibbon; brick bobcat,education,p0916,5
1668,giant gibbon; brick bobcat,education,p0917,4
1669,giant gibbon; brick bobcat,education,p0919,4
1670,giant gibbon; brick bobcat,education,p0922,2
1671,giant gibbon; brick bobcat,education,p0925,2
1672,giant gibbon; brick bobcat,education,p0927,4
1673,giant gibbon; brick bobcat,education,p0929,3
1674,giant gibbon; brick bobcat,education,p0930,4
1675,giant gibbon; brick bobcat,education,p0931,2
1676,giant gibbon; brick bobcat,education,p0933,2
1677,giant gibbon; brick bobcat,education,p0934,3
1678,giant gibbon; brick bobcat,education,p0936,4
1679,giant gibbon; brick bobcat,education,p0938,2
1680,giant gibbon; brick bobcat,education,p0939,2
1681,giant gibbon; brick bobcat,education,p0946,4
1682,giant gibbon; brick bobcat,education,p0951,3
1683,giant gibbon; brick bobcat,education,p0956,3
1684,giant gibbon; brick bobcat,education,p0962,2
1685,giant gibbon; brick bobcat,education,p0963,3
1686,giant gibbon; brick bobcat,education,p0969,4
1687,giant gibbon; brick bobcat,education,p0972,3
1688,giant gibbon; brick bobcat,education,p0975,3
1689,giant gibbon; brick bobcat,education,p0985,2
1690,giant gibbon; brick bobcat,education,p0993,2
1691,giant gibbon; brick bobcat,education,p0996,2
1692,giant gibbon; brick bobcat,education,p1011,2
1693,giant gibbon; brick bobcat,education,p1017,2
1694,giant gibbon; brick bobcat,education,p1020,2
1695,giant gibbon; brick bobcat,education,p1022,4
1696,giant gibbon; brick bobcat,education,p1024,1
1697,giant gibbon; brick bobcat,education,p1027,4
1698,giant gibbon; brick bobcat,education,p1028,5
1699,giant gibbon; brick bobcat,education,p1029,2
1700,giant gibbon; brick bobcat,education,p1032,4
1701,giant gibbon; brick bobcat,education,p1040,4
1702,giant gibbon; brick bobcat,education,p1047,3
1703,giant gibbon; brick bobcat,education,p1048,3
1704,giant gibbon; brick bobcat,education,p1053,3
1705,giant gibbon; brick bobcat,education,p1057,3
1706,giant gibbon; brick bobcat,education,p1058,4
1707,giant gibbon; brick bobcat,education,p1063,4
1708,giant gibbon; brick bobcat,education,p1064,2
1709,giant gibbon; brick bobcat,education,p1065,3
1710,giant gibbon; brick bobcat,education,p1069,3
1711,giant gibbon; brick bobcat,education,p1072,3
1712,giant gibbon; brick bobcat,education,p1073,4
1713,giant gibbon; brick bobcat,education,p1075,3
1714,giant gibbon; brick bobcat,education,p1076,2
1715,giant gibbon; brick bobcat,education,p1083,2
1716,giant gibbon; brick bobcat,education,p1089,4
1717,giant gibbon; brick bobcat,education,p1093,4
1718,giant gibbon; brick bobcat,education,p1096,4
1719,giant gibbon; brick bobcat,education,p1100,4
1720,giant gibbon; brick bobcat,education,p1106,5
1721,giant gibbon; brick bobcat,education,p1107,1
1722,giant gibbon; brick bobcat,education,p1113,3
1723,giant gibbon; brick bobcat,education,p1117,1
1724,giant gibbon; brick bobcat,education,p1120,3
1725,giant gibbon; brick bobcat,education,p1134,4
1726,giant gibbon; brick bobcat,education,p1136,2
1727,giant gibbon; brick bobcat,education,p1138,4
1728,giant gibbon; brick bobcat,education,p1144,3
1729,giant gibbon; brick bobcat,education,p1145,5
1730,giant gibbon; brick bobcat,education,p1147,5
1731,giant gibbon; brick bobcat,education,p1148,4
1732,giant gibbon; brick bobcat,education,p1154,3
1733,giant gibbon; brick bobcat,education,p1159,2
1734,giant gibbon; brick bobcat,education,p1167,5
1735,giant gibbon; brick bobcat,education,p1175,3
1736,giant gibbon; brick bobcat,education,p1178,4
1737,giant gibbon; brick bobcat,education,p1184,4
1738,giant gibbon; brick bobcat,education,p1186,4
1739,giant gibbon; brick bobcat,education,p1196,2
1740,giant gibbon; brick bobcat,education,p1197,3
1741,giant gibbon; brick bobcat,education,p1203,4
1742,giant gibbon; brick bobcat,education,p1219,2
1743,giant gibbon; brick bobcat,education,p1225,5
1744,giant gibbon; brick bobcat,education,p1234,3
1745,giant gibbon; brick bobcat,education,p1242,3
1746,giant gibbon; brick bobcat,education,p1244,4
1747,giant gibbon; brick bobcat,education,p1249,3
1748,giant gibbon; brick bobcat,education,p1250,4
1749,giant gibbon; brick bobcat,education,p1256,5
1750,giant gibbon; brick bobcat,education,p1258,3
1751,giant gibbon; brick bobcat,education,p1260,2
1752,giant gibbon; brick bobcat,education,p1262,4
1753,giant gibbon; brick bobcat,education,p1264,2
1754,giant gibbon; brick bobcat,education,p1265,5
1755,giant gibbon; brick bobcat,education,p1269,4
1756,giant gibbon; brick bobcat,education,p1272,3
1757,giant gibbon; brick bobcat,education,p1278,4
1758,giant gibbon; brick bobcat,education,p1281,3
1759,giant gibbon; brick bobcat,education,p1292,4
1760,giant gibbon; brick bobcat,education,p1299,2
1761,giant gibbon; brick bobcat,education,p1312,2
1762,giant gibbon; brick bobcat,education,p1322,3
1763,giant gibbon; brick bobcat,education,p1326,4
1764,giant gibbon; brick bobcat,education,p1330,3
1765,giant gibbon; brick bobcat,education,p1335,3
1766,giant gibbon; brick bobcat,education,p1337,4
1767,giant gibbon; brick bobcat,education,p1340,4
1768,giant gibbon; brick bobcat,education,p1345,2
1769,giant gibbon; brick bobcat,education,p1351,3
1770,giant gibbon; brick bobcat,education,p1355,2
1771,giant gibbon; brick bobcat,education,p1362,2
1772,giant gibbon; brick bobcat,education,p1365,4
1773,giant gibbon; brick bobcat,education,p1366,3
1774,giant gibbon; brick bobcat,education,p1367,3
1775,giant gibbon; brick bobcat,education,p1370,2
1776,giant gibbon; brick bobcat,education,p1371,4
1777,giant gibbon; brick bobcat,education,p1373,3
1778,giant gibbon; brick bobcat,education,p1375,4
1779,giant gibbon; brick bobcat,education,p1376,3
1780,giant gibbon; brick bobcat,education,p1379,5
1781,giant gibbon; brick bobcat,education,p1381,2
1782,giant gibbon; brick bobcat,education,p1393,5
1783,giant gibbon; brick bobcat,education,p1396,4
1784,giant gibbon; brick bobcat,education,p1398,5
1785,giant gibbon; brick bobcat,education,p1404,2
1786,giant gibbon; brick bobcat,education,p1406,2
1787,giant gibbon; brick bobcat,education,p1407,2
1788,giant gibbon; brick bobcat,education,p1409,4
1789,giant gibbon; brick bobcat,education,p1412,2
1790,giant gibbon; brick bobcat,education,p1414,5
1791,giant gibbon; brick bobcat,education,p1424,2
1792,giant gibbon; brick bobcat,education,p1425,3
1793,giant gibbon; brick bobcat,education,p1429,3
1794,giant gibbon; brick bobcat,education,p1434,4
1795,giant gibbon; brick bobcat,education,p1441,2
1796,giant gibbon; brick bobcat,education,p1445,2
1797,giant gibbon; brick bobcat,education,p1450,2
1798,giant gibbon; brick bobcat,education,p1454,5
1799,giant gibbon; brick bobcat,education,p1456,4
1800,giant gibbon; brick bobcat,education,p1457,3
1801,giant gibbon; brick bobcat,education,p1458,5
1802,giant gibbon; brick bobcat,education,p1469,3
1803,giant gibbon; brick bobcat,education,p1470,4
1804,giant gibbon; brick bobcat,education,p1481,4
1805,giant gibbon; brick bobcat,education,p1488,4
1806,giant gibbon; brick bobcat,education,p1492,5
1807,giant gibbon; brick bobcat,education,p1495,2
1808,giant gibbon; brick bobcat,education,p1497,2
1809,giant gibbon; brick bobcat,education,p1499,4
1810,giant gibbon; brick bobcat,education,p1503,4
1811,giant gibbon; brick bobcat,education,p1511,4
1812,giant gibbon; brick bobcat,education,p1512,2
1813,giant gibbon; brick bobcat,education,p1518,3
1814,giant gibbon; brick bobcat,education,p1519,4
1815,giant gibbon; brick bobcat,education,p1520,3
1816,giant gibbon; brick bobcat,education,p1524,2
1817,giant gibbon; brick bobcat,education,p1526,5
1818,giant gibbon; brick bobcat,education,p1537,2
1819,giant gibbon; brick bobcat,education,p1545,3
1820,giant gibbon; brick bobcat,education,p1547,2
1821,giant gibbon; brick bobcat,education,p1552,4
1822,giant gibbon; brick bobcat,education,p1567,4
1823,giant gibbon; brick bobcat,education,p1568,3
1824,giant gibbon; brick bobcat,education,p1579,2
1825,giant gibbon; brick bobcat,education,p1587,1
1826,giant gibbon; brick bobcat,education,p1596,2
1827,giant gibbon; brick bobcat,education,p1600,4
1828,giant gibbon; brick bobcat,education,p1603,3
1829,giant gibbon; brick bobcat,education,p1604,2
1830,giant gibbon; brick bobcat,education,p1610,2
1831,giant gibbon; brick bobcat,education,p1618,4
1832,giant gibbon; brick bobcat,education,p1619,5
1833,giant gibbon; brick bobcat,education,p1622,5
1834,giant gibbon; brick bobcat,education,p1623,4
1835,giant gibbon; brick bobcat,education,p1630,4
1836,giant gibbon; brick bobcat,education,p1641,4
1837,giant gibbon; brick bobcat,education,p1649,3
1838,giant gibbon; brick bobcat,education,p1652,4
1839,giant gibbon; brick bobcat,education,p1665,4
1840,giant gibbon; brick bobcat,education,p1669,4
1841,giant gibbon; brick bobcat,education,p1685,4
1842,giant gibbon; brick bobcat,education,p1693,3
1843,giant gibbon; brick bobcat,education,p1698,5
1844,giant gibbon; brick bobcat,education,p1704,5
1845,giant gibbon; brick bobcat,education,p1711,4
1846,giant gibbon; brick bobcat,education,p1718,2
1847,giant gibbon; brick bobcat,education,p1732,2
1848,giant gibbon; brick bobcat,education,p1739,4
1849,giant gibbon; brick bobcat,education,p1741,4
1850,giant gibbon; brick bobcat,education,p1746,2
1851,giant gibbon; brick bobcat,education,p1751,3
1852,giant gibbon; brick bobcat,education,p1754,2
1853,giant gibbon; brick bobcat,education,p1769,4
1854,giant gibbon; brick bobcat,education,p1771,2
1855,giant gibbon; brick bobcat,education,p1776,1
1856,giant gibbon; brick bobcat,education,p1780,4
1857,giant gibbon; brick bobcat,education,p1785,3
1858,giant gibbon; brick bobcat,education,p1791,5
1859,giant gibbon; brick bobcat,education,p1793,6
1860,giant gibbon; brick bobcat,education,p1796,4
1861,giant gibbon; brick bobcat,education,p1805,3
1862,giant gibbon; brick bobcat,education,p1812,3
1863,giant gibbon; brick bobcat,education,p1816,3
1864,giant gibbon; brick bobcat,education,p1819,5
1865,giant gibbon; brick bobcat,education,p1825,5
1866,giant gibbon; brick bobcat,education,p1836,4
1867,giant gibbon; brick bobcat,education,p1839,2
1868,giant gibbon; brick bobcat,education,p1861,4
1869,giant gibbon; brick bobcat,education,p1863,5
1870,giant gibbon; brick bobcat,education,p1873,5
1871,giant gibbon; brick bobcat,education,p1875,2
1872,giant gibbon; brick bobcat,education,p1876,4
1873,giant gibbon; brick bobcat,education,p1877,4
1874,giant gibbon; brick bobcat,education,p1880,2
1875,giant gibbon; brick bobcat,education,p1883,2
1876,giant gibbon; brick bobcat,education,p1889,4
1877,giant gibbon; brick bobcat,education,p1893,3
1878,giant gibbon; brick bobcat,education,p1896,4
1879,giant gibbon; brick bobcat,education,p1913,3
1880,giant gibbon; brick bobcat,education,p1922,5
1881,giant gibbon; brick bobcat,education,p1930,4
1882,giant gibbon; brick bobcat,education,p1935,3
1883,giant gibbon; brick bobcat,education,p1940,5
1884,giant gibbon; brick bobcat,education,p1948,4
1885,giant gibbon; brick bobcat,education,p1950,2
1886,giant gibbon; brick bobcat,education,p1954,3
1887,giant gibbon; brick bobcat,education,p1956,3
1888,giant gibbon; brick bobcat,education,p1958,3
1889,giant gibbon; brick bobcat,education,p1967,5
1890,giant gibbon; brick bobcat,education,p1973,5
1891,giant gibbon; brick bobcat,education,p1978,3
1892,giant gibbon; brick bobcat,education,p1983,5
1893,giant gibbon; brick bobcat,education,p1984,3
1894,giant gibbon; brick bobcat,education,p1995,3
1895,giant gibbon; brick bobcat,education,p1996,3
1896,giant gibbon; brick bobcat,education,p1997,4
1897,giant gibbon; brick bobcat,education,p2001,2
1898,giant gibbon; brick bobcat,education,p2002,3
1899,giant gibbon; brick bobcat,education,p2013,5
1900,giant gibbon; brick bobcat,education,p2014,2
1901,giant gibbon; brick bobcat,education,p2016,5
1902,giant gibbon; brick bobcat,education,p2018,2
1903,giant gibbon; brick bobcat,education,p2023,3
1904,giant gibbon; brick bobcat,education,p2025,4
1905,giant gibbon; brick bobcat,education,p2028,3
1906,giant gibbon; brick bobcat,education,p2030,3
1907,giant gibbon; brick bobcat,education,p2033,3
1908,giant gibbon; brick bobcat,education,p2040,5
1909,giant gibbon; brick bobcat,education,p2051,3
1910,giant gibbon; brick bobcat,education,p2052,4
1911,giant gibbon; brick bobcat,education,p2066,2
1912,giant gibbon; brick bobcat,education,p2067,3
1913,giant gibbon; brick bobcat,education,p2073,4
1914,giant gibbon; brick bobcat,education,p2077,3
1915,giant gibbon; brick bobcat,education,p2078,5
1916,giant gibbon; brick bobcat,education,p2086,4
1917,giant gibbon; brick bobcat,education,p2089,4
1918,giant gibbon; brick bobcat,education,p2093,4
1919,giant gibbon; brick bobcat,education,p2094,3
1920,giant gibbon; brick bobcat,education,p2111,2
1921,giant gibbon; brick bobcat,education,p2117,4
1922,giant gibbon; brick bobcat,education,p2121,4
1923,giant gibbon; brick bobcat,education,p2127,3
1924,giant gibbon; brick bobcat,education,p2141,4
1925,giant gibbon; brick bobcat,education,p2142,3
1926,giant gibbon; brick bobcat,education,p2143,4
1927,giant gibbon; brick bobcat,education,p2153,4
1928,giant gibbon; brick bobcat,education,p2155,3
1929,giant gibbon; brick bobcat,education,p2169,3
1930,giant gibbon; brick bobcat,education,p2187,4
1931,giant gibbon; brick bobcat,education,p2188,4
1932,giant gibbon; brick bobcat,education,p2197,3
1933,giant gibbon; brick bobcat,education,p2213,3
1934,giant gibbon; brick bobcat,education,p2214,3
1935,giant gibbon; brick bobcat,education,p2215,4
1936,giant gibbon; brick bobcat,education,p2220,5
1937,giant gibbon; brick bobcat,education,p2223,3
1938,giant gibbon; brick bobcat,education,p2229,4
1939,giant gibbon; brick bobcat,education,p2234,3
1940,giant gibbon; brick bobcat,education,p2237,5
1941,giant gibbon; brick bobcat,education,p2238,5
1942,giant gibbon; brick bobcat,education,p2244,4
1943,giant gibbon; brick bobcat,education,p2248,2
1944,giant gibbon; brick bobcat,education,p2252,4
1945,giant gibbon; brick bobcat,education,p2255,2
1946,giant gibbon; brick bobcat,education,p2261,3
1947,giant gibbon; brick bobcat,education,p2263,3
1948,giant gibbon; brick bobcat,education,p2273,5
1949,giant gibbon; brick bobcat,education,p2275,3
1950,giant gibbon; brick bobcat,education,p2276,4
1951,giant gibbon; brick bobcat,education,p2283,3
1952,giant gibbon; brick bobcat,education,p2287,2
1953,giant gibbon; brick bobcat,education,p2296,3
1954,giant gibbon; brick bobcat,education,p2298,3
1955,giant gibbon; brick bobcat,education,p2304,4
1956,giant gibbon; brick bobcat,education,p2310,2
1957,giant gibbon; brick bobcat,education,p2322,2
1958,giant gibbon; brick bobcat,education,p2326,4
1959,giant gibbon; brick bobcat,education,p2330,3
1960,giant gibbon; brick bobcat,education,p2331,3
1961,giant gibbon; brick bobcat,education,p2333,2
1962,giant gibbon; brick bobcat,education,p2347,2
1963,giant gibbon; brick bobcat,education,p2350,3
1964,giant gibbon; brick bobcat,education,p2351,4
1965,giant gibbon; brick bobcat,education,p2353,3
1966,giant gibbon; brick bobcat,education,p2355,1
1967,giant gibbon; brick bobcat,education,p2363,1
1968,giant gibbon; brick bobcat,education,p2378,4
1969,giant gibbon; brick bobcat,education,p2380,3
1970,giant gibbon; brick bobcat,education,p2387,3
1971,giant gibbon; brick bobcat,education,p2398,2
1972,giant gibbon; brick bobcat,education,p2400,3
1973,giant gibbon; brick bobcat,education,p2403,5
1974,giant gibbon; brick bobcat,education,p2408,3
1975,giant gibbon; brick bobcat,education,p2418,2
1976,giant gibbon; brick bobcat,education,p2426,3
1977,giant gibbon; brick bobcat,education,p2428,2
1978,giant gibbon; brick bobcat,education,p2434,5
1979,giant gibbon; brick bobcat,education,p2446,3
1980,giant gibbon; brick bobcat,education,p2452,2
1981,giant gibbon; brick bobcat,education,p2454,2
1982,giant gibbon; brick bobcat,education,p2462,3
1983,giant gibbon; brick bobcat,education,p2467,4
1984,giant gibbon; brick bobcat,education,p2482,3
1985,giant gibbon; brick bobcat,education,p2489,3
1986,giant gibbon; brick bobcat,education,p2490,2
1987,giant gibbon; brick bobcat,education,p2494,3
1988,giant gibbon; brick bobcat,education,p2502,4
1989,giant gibbon; brick bobcat,education,p2503,3
1990,giant gibbon; brick bobcat,education,p2522,3
1991,giant gibbon; brick bobcat,education,p2524,3
1992,giant gibbon; brick bobcat,education,p2533,1
1993,giant gibbon; brick bobcat,education,p2566,3
1994,giant gibbon; brick bobcat,education,p2571,3
1995,giant gibbon; brick bobcat,education,p2573,1
1996,giant gibbon; brick bobcat,education,p2582,4
1997,giant gibbon; brick bobcat,education,p2591,2
1998,giant gibbon; brick bobcat,education,p2592,3
1999,giant gibbon; brick bobcat,education,p2595,4
2000,giant gibbon; brick bobcat,income,p0016,3
2001,giant gibbon; brick bobcat,income,p0022,4
2002,giant gibbon; brick bobcat,income,p0023,4
2003,giant gibbon; brick bobcat,income,p0026,4
2004,giant gibbon; brick bobcat,income,p0034,3
2005,giant gibbon; brick bobcat,income,p0036,3
2006,giant gibbon; brick bobcat,income,p0037,4
2007,giant gibbon; brick bobcat,income,p0042,3
2008,giant gibbon; brick bobcat,income,p0057,3
2009,giant gibbon; brick bobcat,income,p0066,4
2010,giant gibbon; brick bobcat,income,p0069,1
2011,giant gibbon; brick bobcat,income,p0072,4
2012,giant gibbon; brick bobcat,income,p0073,4
2013,giant gibbon; brick bobcat,income,p0082,4
2014,giant gibbon; brick bobcat,income,p0091,4
2015,giant gibbon; brick bobcat,income,p0092,2
2016,giant gibbon; brick bobcat,income,p0093,4
2017,giant gibbon; brick bobcat,income,p0095,3
2018,giant gibbon; brick bobcat,income,p0107,3
2019,giant gibbon; brick bobcat,income,p0114,3
2020,giant gibbon; brick bobcat,income,p0116,3
2021,giant gibbon; brick bobcat,income,p0118,3
2022,giant gibbon; brick bobcat,income,p0119,3
2023,giant gibbon; brick bobcat,income,p0126,3
2024,giant gibbon; brick bobcat,income,p0129,4
2025,giant gibbon; brick bobcat,income,p0136,3
2026,giant gibbon; brick bobcat,income,p0138,3
2027,giant gibbon; brick bobcat,income,p0144,3
2028,giant gibbon; brick bobcat,income,p0150,1
2029,giant gibbon; brick bobcat,income,p0152,3
2030,giant gibbon; brick bobcat,income,p0158,2
2031,giant gibbon; brick bobcat,income,p0161,4
2032,giant gibbon; brick bobcat,income,p0164,3
2033,giant gibbon; brick bobcat,income,p0175,4
2034,giant gibbon; brick bobcat,income,p0177,4
2035,giant gibbon; brick bobcat,income,p0178,4
2036,giant gibbon; brick bobcat,income,p0181,4
2037,giant gibbon; brick bobcat,income,p0186,2
2038,giant gibbon; brick bobcat,income,p0196,4
2039,giant gibbon; brick bobcat,income,p0198,4
2040,giant gibbon; brick bobcat,income,p0202,3
2041,giant gibbon; brick bobcat,income,p0205,4
2042,giant gibbon; brick bobcat,income,p0207,3
2043,giant gibbon; brick bobcat,income,p0211,3
2044,giant gibbon; brick bobcat,income,p0227,4
2045,giant gibbon; brick bobcat,income,p0229,3
2046,giant gibbon; brick bobcat,income,p0232,4
2047,giant gibbon; brick bobcat,income,p0233,2
2048,giant gibbon; brick bobcat,income,p0237,3
2049,giant gibbon; brick bobcat,income,p0258,3
2050,giant gibbon; brick bobcat,income,p0268,2
2051,giant gibbon; brick bobcat,income,p0274,3
2052,giant gibbon; brick bobcat,income,p0275,2
2053,giant gibbon; brick bobcat,income,p0277,1
2054,giant gibbon; brick bobcat,income,p0288,3
2055,giant gibbon; brick bobcat,income,p0291,3
2056,giant gibbon; brick bobcat,income,p0307,1
2057,giant gibbon; brick bobcat,income,p0308,3
2058,giant gibbon; brick bobcat,income,p0317,4
2059,giant gibbon; brick bobcat,income,p0325,4
2060,giant gibbon; brick bobcat,income,p0327,4
2061,giant gibbon; brick bobcat,income,p0334,4
2062,giant gibbon; brick bobcat,income,p0336,4
2063,giant gibbon; brick bobcat,income,p0338,2
2064,giant gibbon; brick bobcat,income,p0342,4
2065,giant gibbon; brick bobcat,income,p0349,3
2066,giant gibbon; brick bobcat,income,p0356,3
2067,giant gibbon; brick bobcat,income,p0358,1
2068,giant gibbon; brick bobcat,income,p0363,3
2069,giant gibbon; brick bobcat,income,p0364,4
2070,giant gibbon; brick bobcat,income,p0369,4
2071,giant gibbon; brick bobcat,income,p0370,2
2072,giant gibbon; brick bobcat,income,p0371,3
2073,giant gibbon; brick bobcat,income,p0379,3
2074,giant gibbon; brick bobcat,income,p0386,3
2075,giant gibbon; brick bobcat,income,p0396,3
2076,giant gibbon; brick bobcat,income,p0403,2
2077,giant gibbon; brick bobcat,income,p0405,4
2078,giant gibbon; brick bobcat,income,p0412,4
2079,giant gibbon; brick bobcat,income,p0415,4
2080,giant gibbon; brick bobcat,income,p0416,4
2081,giant gibbon; brick bobcat,income,p0417,3
2082,giant gibbon; brick bobcat,income,p0418,3
2083,giant gibbon; brick bobcat,income,p0430,4
2084,giant gibbon; brick bobcat,income,p0431,4
2085,giant gibbon; brick bobcat,income,p0434,3
2086,giant gibbon; brick bobcat,income,p0438,4
2087,giant gibbon; brick bobcat,income,p0441,4
2088,giant gibbon; brick bobcat,income,p0442,2
2089,giant gibbon; brick bobcat,income,p0449,4
2090,giant gibbon; brick bobcat,income,p0450,4
2091,giant gibbon; brick bobcat,income,p0465,4
2092,giant gibbon; brick bobcat,income,p0471,3
2093,giant gibbon; brick bobcat,income,p0477,3
2094,giant gibbon; brick bobcat,income,p0483,3
2095,giant gibbon; brick bobcat,income,p0486,3
2096,giant gibbon; brick bobcat,income,p0487,3
2097,giant gibbon; brick bobcat,income,p0489,4
2098,giant gibbon; brick bobcat,income,p0497,4
2099,giant gibbon; brick bobcat,income,p0502,4
2100,giant gibbon; brick bobcat,income,p0503,2
2101,giant gibbon; brick bobcat,income,p0506,3
2102,giant gibbon; brick bobcat,income,p0511,4
2103,giant gibbon; brick bobcat,income,p0523,2
2104,giant gibbon; brick bobcat,income,p0534,4
2105,giant gibbon; brick bobcat,income,p0536,3
2106,giant gibbon; brick bobcat,income,p0542,4
2107,giant gibbon; brick bobcat,income,p0547,3
2108,giant gibbon; brick bobcat,income,p0553,4
2109,giant gibbon; brick bobcat,income,p0559,4
2110,giant gibbon; brick bobcat,income,p0566,4
2111,giant gibbon; brick bobcat,income,p0568,3
2112,giant gibbon; brick bobcat,income,p0570,2
2113,giant gibbon; brick bobcat,income,p0573,3
2114,giant gibbon; brick bobcat,income,p0578,2
2115,giant gibbon; brick bobcat,income,p0594,3
2116,giant gibbon; brick bobcat,income,p0597,2
2117,giant gibbon; brick bobcat,income,p0601,3
2118,giant gibbon; brick bobcat,income,p0602,2
2119,giant gibbon; brick bobcat,income,p0605,3
2120,giant gibbon; brick bobcat,income,p0615,2
2121,giant gibbon; brick bobcat,income,p0620,3
2122,giant gibbon; brick bobcat,income,p0626,3
2123,giant gibbon; brick bobcat,income,p0629,4
2124,giant gibbon; brick bobcat,income,p0633,2
2125,giant gibbon; brick bobcat,income,p0638,3
2126,giant gibbon; brick bobcat,income,p0639,4
2127,giant gibbon; brick bobcat,income,p0640,3
2128,giant gibbon; brick bobcat,income,p0655,4
2129,giant gibbon; brick bobcat,income,p0656,3
2130,giant gibbon; brick bobcat,income,p0658,4
2131,giant gibbon; brick bobcat,income,p0661,3
2132,giant gibbon; brick bobcat,income,p0669,3
2133,giant gibbon; brick bobcat,income,p0670,2
2134,giant gibbon; brick bobcat,income,p0672,3
2135,giant gibbon; brick bobcat,income,p0674,3
2136,giant gibbon; brick bobcat,income,p0678,4
2137,giant gibbon; brick bobcat,income,p0683,3
2138,giant gibbon; brick bobcat,income,p0686,3
2139,giant gibbon; brick bobcat,income,p0687,3
2140,giant gibbon; brick bobcat,income,p0698,2
2141,giant gibbon; brick bobcat,income,p0700,4
2142,giant gibbon; brick bobcat,income,p0703,3
2143,giant gibbon; brick bobcat,income,p0718,2
2144,giant gibbon; brick bobcat,income,p0744,4
2145,giant gibbon; brick bobcat,income,p0745,4
2146,giant gibbon; brick bobcat,income,p0753,2
2147,giant gibbon; brick bobcat,income,p0770,4
2148,giant gibbon; brick bobcat,income,p0771,3
2149,giant gibbon; brick bobcat,income,p0777,4
2150,giant gibbon; brick bobcat,income,p0779,4
2151,giant gibbon; brick bobcat,income,p0780,1
2152,giant gibbon; brick bobcat,income,p0783,3
2153,giant gibbon; brick bobcat,income,p0785,4
2154,giant gibbon; brick bobcat,income,p0786,3
2155,giant gibbon; brick bobcat,income,p0794,4
2156,giant gibbon; brick bobcat,income,p0798,4
2157,giant gibbon; brick bobcat,income,p0800,3
2158,giant gibbon; brick bobcat,income,p0820,2
2159,giant gibbon; brick bobcat,income,p0841,3
2160,giant gibbon; brick bobcat,income,p0849,3
2161,giant gibbon; brick bobcat,income,p0862,3
2162,giant gibbon; brick bobcat,income,p0867,4
2163,giant gibbon; brick bobcat,income,p0869,4
2164,giant gibbon; brick bobcat,income,p0872,3
2165,giant gibbon; brick bobcat,income,p0880,2
2166,giant gibbon; brick bobcat,income,p0891,3
2167,giant gibbon; brick bobcat,income,p0916,3
2168,giant gibbon; brick bobcat,income,p0917,4
2169,giant gibbon; brick bobcat,income,p0919,3
2170,giant gibbon; brick bobcat,income,p0922,2
2171,giant gibbon; brick bobcat,income,p0925,2
2172,giant gibbon; brick bobcat,income,p0927,4
2173,giant gibbon; brick bobcat,income,p0929,2
2174,giant gibbon; brick bobcat,income,p0930,4
2175,giant gibbon; brick bobcat,income,p0931,2
2176,giant gibbon; brick bobcat,income,p0933,2
2177,giant gibbon; brick bobcat,income,p0934,4
2178,giant gibbon; brick bobcat,income,p0936,3
2179,giant gibbon; brick bobcat,income,p0938,3
2180,giant gibbon; brick bobcat,income,p0939,2
2181,giant gibbon; brick bobcat,income,p0946,4
2182,giant gibbon; brick bobcat,income,p0951,2
2183,giant gibbon; brick bobcat,income,p0956,3
2184,giant gibbon; brick bobcat,income,p0962,3
2185,giant gibbon; brick bobcat,income,p0963,3
2186,giant gibbon; brick bobcat,income,p0969,5
2187,giant gibbon; brick bobcat,income,p0972,3
2188,giant gibbon; brick bobcat,income,p0975,4
2189,giant gibbon; brick bobcat,income,p0985,2
2190,giant gibbon; brick bobcat,income,p0993,1
2191,giant gibbon; brick bobcat,income,p0996,3
2192,giant gibbon; brick bobcat,income,p1011,3
2193,giant gibbon; brick bobcat,income,p1017,4
2194,giant gibbon; brick bobcat,income,p1020,3
2195,giant gibbon; brick bobcat,income,p1022,3
2196,giant gibbon; brick bobcat,income,p1024,2
2197,giant gibbon; brick bobcat,income,p1027,3
2198,giant gibbon; brick bobcat,income,p1028,4
2199,giant gibbon; brick bobcat,income,p1029,2
2200,giant gibbon; brick bobcat,income,p1032,3
2201,giant gibbon; brick bobcat,income,p1040,3
2202,giant gibbon; brick bobcat,income,p1047,4
2203,giant gibbon; brick bobcat,income,p1048,2
2204,giant gibbon; brick bobcat,income,p1053,2
2205,giant gibbon; brick bobcat,income,p1057,3
2206,giant gibbon; brick bobcat,income,p1058,4
2207,giant gibbon; brick bobcat,income,p1063,4
2208,giant gibbon; brick bobcat,income,p1064,3
2209,giant gibbon; brick bobcat,income,p1065,3
2210,giant gibbon; brick bobcat,income,p1069,3
2211,giant gibbon; brick bobcat,income,p1072,3
2212,giant gibbon; brick bobcat,income,p1073,3
2213,giant gibbon; brick bobcat,income,p1075,3
2214,giant gibbon; brick bobcat,income,p1076,2
2215,giant gibbon; brick bobcat,income,p1083,3
2216,giant gibbon; brick bobcat,income,p1089,4
2217,giant gibbon; brick bobcat,income,p1093,3
2218,giant gibbon; brick bobcat,income,p1096,4
2219,giant gibbon; brick bobcat,income,p1100,4
2220,giant gibbon; brick bobcat,income,p1106,2
2221,giant gibbon; brick bobcat,income,p1107,2
2222,giant gibbon; brick bobcat,income,p1113,2
2223,giant gibbon; brick bobcat,income,p1117,3
2224,giant gibbon; brick bobcat,income,p1120,4
2225,giant gibbon; brick bobcat,income,p1134,4
2226,giant gibbon; brick bobcat,income,p1136,3
2227,giant gibbon; brick bobcat,income,p1138,3
2228,giant gibbon; brick bobcat,income,p1144,3
2229,giant gibbon; brick bobcat,income,p1145,4
2230,giant gibbon; brick bobcat,income,p1147,4
2231,giant gibbon; brick bobcat,income,p1148,3
2232,giant gibbon; brick bobcat,income,p1154,3
2233,giant gibbon; brick bobcat,income,p1159,4
2234,giant gibbon; brick bobcat,income,p1167,3
2235,giant gibbon; brick bobcat,income,p1175,2
2236,giant gibbon; brick bobcat,income,p1178,3
2237,giant gibbon; brick bobcat,income,p1184,3
2238,giant gibbon; brick bobcat,income,p1186,3
2239,giant gibbon; brick bobcat,income,p1196,2
2240,giant gibbon; brick bobcat,income,p1197,3
2241,giant gibbon; brick bobcat,income,p1203,3
2242,giant gibbon; brick bobcat,income,p1219,2
2243,giant gibbon; brick bobcat,income,p1225,4
2244,giant gibbon; brick bobcat,income,p1234,2
2245,giant gibbon; brick bobcat,income,p1242,3
2246,giant gibbon; brick bobcat,income,p1244,3
2247,giant gibbon; brick bobcat,income,p1249,3
2248,giant gibbon; brick bobcat,income,p1250,3
2249,giant gibbon; brick bobcat,income,p1256,4
2250,giant gibbon; brick bobcat,income,p1258,4
2251,giant gibbon; brick bobcat,income,p1260,2
2252,giant gibbon; brick bobcat,income,p1262,4
2253,giant gibbon; brick bobcat,income,p1264,2
2254,giant gibbon; brick bobcat,income,p1265,4
2255,giant gibbon; brick bobcat,income,p1269,3
2256,giant gibbon; brick bobcat,income,p1272,3
2257,giant gibbon; brick bobcat,income,p1278,2
2258,giant gibbon; brick bobcat,income,p1281,2
2259,giant gibbon; brick bobcat,income,p1292,4
2260,giant gibbon; brick bobcat,income,p1299,4
2261,giant gibbon; brick bobcat,income,p1312,3
2262,giant gibbon; brick bobcat,income,p1322,1
2263,giant gibbon; brick bobcat,income,p1326,3
2264,giant gibbon; brick bobcat,income,p1330,2
2265,giant gibbon; brick bobcat,income,p1335,3
2266,giant gibbon; brick bobcat,income,p1337,4
2267,giant gibbon; brick bobcat,income,p1340,4
2268,giant gibbon; brick bobcat,income,p1345,3
2269,giant gibbon; brick bobcat,income,p1351,3
2270,giant gibbon; brick bobcat,income,p1355,3
2271,giant gibbon; brick bobcat,income,p1362,4
2272,giant gibbon; brick bobcat,income,p1365,3
2273,giant gibbon; brick bobcat,income,p1366,3
2274,giant gibbon; brick bobcat,income,p1367,3
2275,giant gibbon; brick bobcat,income,p1370,3
2276,giant gibbon; brick bobcat,income,p1371,5
2277,giant gibbon; brick bobcat,income,p1373,4
2278,giant gibbon; brick bobcat,income,p1375,4
2279,giant gibbon; brick bobcat,income,p1376,1
2280,giant gibbon; brick bobcat,income,p1379,3
2281,giant gibbon; brick bobcat,income,p1381,3
2282,giant gibbon; brick bobcat,income,p1393,4
2283,giant gibbon; brick bobcat,income,p1396,3
2284,giant gibbon; brick bobcat,income,p1398,4
2285,giant gibbon; brick bobcat,income,p1404,1
2286,giant gibbon; brick bobcat,income,p1406,3
2287,giant gibbon; brick bobcat,income,p1407,2
2288,giant gibbon; brick bobcat,income,p1409,4
2289,giant gibbon; brick bobcat,income,p1412,2
2290,giant gibbon; brick bobcat,income,p1414,4
2291,giant gibbon; brick bobcat,income,p1424,4
2292,giant gibbon; brick bobcat,income,p1425,4
2293,giant gibbon; brick bobcat,income,p1429,3
2294,giant gibbon; brick bobcat,income,p1434,4
2295,giant gibbon; brick bobcat,income,p1441,2
2296,giant gibbon; brick bobcat,income,p1445,2
2297,giant gibbon; brick bobcat,income,p1450,3
2298,giant gibbon; brick bobcat,income,p1454,4
2299,giant gibbon; brick bobcat,income,p1456,3
2300,giant gibbon; brick bobcat,income,p1457,1
2301,giant gibbon; brick bobcat,income,p1458,4
2302,giant gibbon; brick bobcat,income,p1469,2
2303,giant gibbon; brick bobcat,income,p1470,4
2304,giant gibbon; brick bobcat,income,p1481,3
2305,giant gibbon; brick bobcat,income,p1488,3
2306,giant gibbon; brick bobcat,income,p1492,3
2307,giant gibbon; brick bobcat,income,p1495,3
2308,giant gibbon; brick bobcat,income,p1497,3
2309,giant gibbon; brick bobcat,income,p1499,4
2310,giant gibbon; brick bobcat,income,p1503,2
2311,giant gibbon; brick bobcat,income,p1511,4
2312,giant gibbon; brick bobcat,income,p1512,1
2313,giant gibbon; brick bobcat,income,p1518,2
2314,giant gibbon; brick bobcat,income,p1519,3
2315,giant gibbon; brick bobcat,income,p1520,1
2316,giant gibbon; brick bobcat,income,p1524,3
2317,giant gibbon; brick bobcat,income,p1526,5
2318,giant gibbon; brick bobcat,income,p1537,3
2319,giant gibbon; brick bobcat,income,p1545,3
2320,giant gibbon; brick bobcat,income,p1547,1
2321,giant gibbon; brick bobcat,income,p1552,5
2322,giant gibbon; brick bobcat,income,p1567,4
2323,giant gibbon; brick bobcat,income,p1568,3
2324,giant gibbon; brick bobcat,income,p1579,2
2325,giant gibbon; brick bobcat,income,p1587,1
2326,giant gibbon; brick bobcat,income,p1596,3
2327,giant gibbon; brick bobcat,income,p1600,4
2328,giant gibbon; brick bobcat,income,p1603,2
2329,giant gibbon; brick bobcat,income,p1604,3
2330,giant gibbon; brick bobcat,income,p1610,2
2331,giant gibbon; brick bobcat,income,p1618,3
2332,giant gibbon; brick bobcat,income,p1619,4
2333,giant gibbon; brick bobcat,income,p1622,4
2334,giant gibbon; brick bobcat,income,p1623,3
2335,giant gibbon; brick bobcat,income,p1630,4
2336,giant gibbon; brick bobcat,income,p1641,4
2337,giant gibbon; brick bobcat,income,p1649,2
2338,giant gibbon; brick bobcat,income,p1652,3
2339,giant gibbon; brick bobcat,income,p1665,3
2340,giant gibbon; brick bobcat,income,p1669,4
2341,giant gibbon; brick bobcat,income,p1685,4
2342,giant gibbon; brick bobcat,income,p1693,3
2343,giant gibbon; brick bobcat,income,p1698,4
2344,giant gibbon; brick bobcat,income,p1704,4
2345,giant gibbon; brick bobcat,income,p1711,4
2346,giant gibbon; brick bobcat,income,p1718,3
2347,giant gibbon; brick bobcat,income,p1732,3
2348,giant gibbon; brick bobcat,income,p1739,4
2349,giant gibbon; brick bobcat,income,p1741,4
2350,giant gibbon; brick bobcat,income,p1746,1
2351,giant gibbon; brick bobcat,income,p1751,4
2352,giant gibbon; brick bobcat,income,p1754,1
2353,giant gibbon; brick bobcat,income,p1769,4
2354,giant gibbon; brick bobcat,income,p1771,2
2355,giant gibbon; brick bobcat,income,p1776,2
2356,giant gibbon; brick bobcat,income,p1780,4
2357,giant gibbon; brick bobcat,income,p1785,2
2358,giant gibbon; brick bobcat,income,p1791,3
2359,giant gibbon; brick bobcat,income,p1793,4
2360,giant gibbon; brick bobcat,income,p1796,5
2361,giant gibbon; brick bobcat,income,p1805,3
2362,giant gibbon; brick bobcat,income,p1812,3
2363,giant gibbon; brick bobcat,income,p1816,3
2364,giant gibbon; brick bobcat,income,p1819,4
2365,giant gibbon; brick bobcat,income,p1825,4
2366,giant gibbon; brick bobcat,income,p1836,3
2367,giant gibbon; brick bobcat,income,p1839,4
2368,giant gibbon; brick bobcat,income,p1861,3
2369,giant gibbon; brick bobcat,income,p1863,4
2370,giant gibbon; brick bobcat,income,p1873,4
2371,giant gibbon; brick bobcat,income,p1875,3
2372,giant gibbon; brick bobcat,income,p1876,4
2373,giant gibbon; brick bobcat,income,p1877,2
2374,giant gibbon; brick bobcat,income,p1880,3
2375,giant gibbon; brick bobcat,income,p1883,3
2376,giant gibbon; brick bobcat,income,p1889,1
2377,giant gibbon; brick bobcat,income,p1893,2
2378,giant gibbon; brick bobcat,income,p1896,3
2379,giant gibbon; brick bobcat,income,p1913,4
2380,giant gibbon; brick bobcat,income,p1922,4
2381,giant gibbon; brick bobcat,income,p1930,3
2382,giant gibbon; brick bobcat,income,p1935,4
2383,giant gibbon; brick bobcat,income,p1940,4
2384,giant gibbon; brick bobcat,income,p1948,4
2385,giant gibbon; brick bobcat,income,p1950,2
2386,giant gibbon; brick bobcat,income,p1954,2
2387,giant gibbon; brick bobcat,income,p1956,3
2388,giant gibbon; brick bobcat,income,p1958,3
2389,giant gibbon; brick bobcat,income,p1967,4
2390,giant gibbon; brick bobcat,income,p1973,5
2391,giant gibbon; brick bobcat,income,p1978,4
2392,giant gibbon; brick bobcat,income,p1983,2
2393,giant gibbon; brick bobcat,income,p1984,3
2394,giant gibbon; brick bobcat,income,p1995,3
2395,giant gibbon; brick bobcat,income,p1996,2
2396,giant gibbon; brick bobcat,income,p1997,4
2397,giant gibbon; brick bobcat,income,p2001,3
2398,giant gibbon; brick bobcat,income,p2002,2
2399,giant gibbon; brick bobcat,income,p2013,4
2400,giant gibbon; brick bobcat,income,p2014,3
2401,giant gibbon; brick bobcat,income,p2016,4
2402,giant gibbon; brick bobcat,income,p2018,1
2403,giant gibbon; brick bobcat,income,p2023,3
2404,giant gibbon; brick bobcat,income,p2025,4
2405,giant gibbon; brick bobcat,income,p2028,2
2406,giant gibbon; brick bobcat,income,p2030,3
2407,giant gibbon; brick bobcat,income,p2033,3
2408,giant gibbon; brick bobcat,income,p2040,3
2409,giant gibbon; brick bobcat,income,p2051,3
2410,giant gibbon; brick bobcat,income,p2052,4
2411,giant gibbon; brick bobcat,income,p2066,2
2412,giant gibbon; brick bobcat,income,p2067,3
2413,giant gibbon; brick bobcat,income,p2073,4
2414,giant gibbon; brick bobcat,income,p2077,2
2415,giant gibbon; brick bobcat,income,p2078,4
2416,giant gibbon; brick bobcat,income,p2086,3
2417,giant gibbon; brick bobcat,income,p2089,3
2418,giant gibbon; brick bobcat,income,p2093,3
2419,giant gibbon; brick bobcat,income,p2094,3
2420,giant gibbon; brick bobcat,income,p2111,2
2421,giant gibbon; brick bobcat,income,p2117,4
2422,giant gibbon; brick bobcat,income,p2121,3
2423,giant gibbon; brick bobcat,income,p2127,3
2424,giant gibbon; brick bobcat,income,p2141,3
2425,giant gibbon; brick bobcat,income,p2142,2
2426,giant gibbon; brick bobcat,income,p2143,4
2427,giant gibbon; brick bobcat,income,p2153,1
2428,giant gibbon; brick bobcat,income,p2155,2
2429,giant gibbon; brick bobcat,income,p2169,4
2430,giant gibbon; brick bobcat,income,p2187,3
2431,giant gibbon; brick bobcat,income,p2188,4
2432,giant gibbon; brick bobcat,income,p2197,2
2433,giant gibbon; brick bobcat,income,p2213,3
2434,giant gibbon; brick bobcat,income,p2214,2
2435,giant gibbon; brick bobcat,income,p2215,5
2436,giant gibbon; brick bobcat,income,p2220,3
2437,giant gibbon; brick bobcat,income,p2223,2
2438,giant gibbon; brick bobcat,income,p2229,3
2439,giant gibbon; brick bobcat,income,p2234,3
2440,giant gibbon; brick bobcat,income,p2237,4
2441,giant gibbon; brick bobcat,income,p2238,4
2442,giant gibbon; brick bobcat,income,p2244,2
2443,giant gibbon; brick bobcat,income,p2248,3
2444,giant gibbon; brick bobcat,income,p2252,3
2445,giant gibbon; brick bobcat,income,p2255,1
2446,giant gibbon; brick bobcat,income,p2261,3
2447,giant gibbon; brick bobcat,income,p2263,4
2448,giant gibbon; brick bobcat,income,p2273,3
2449,giant gibbon; brick bobcat,income,p2275,2
2450,giant gibbon; brick bobcat,income,p2276,2
2451,giant gibbon; brick bobcat,income,p2283,1
2452,giant gibbon; brick bobcat,income,p2287,3
2453,giant gibbon; brick bobcat,income,p2296,2
2454,giant gibbon; brick bobcat,income,p2298,3
2455,giant gibbon; brick bobcat,income,p2304,3
2456,giant gibbon; brick bobcat,income,p2310,2
2457,giant gibbon; brick bobcat,income,p2322,2
2458,giant gibbon; brick bobcat,income,p2326,3
2459,giant gibbon; brick bobcat,income,p2330,3
2460,giant gibbon; brick bobcat,income,p2331,3
2461,giant gibbon; brick bobcat,income,p2333,2
2462,giant gibbon; brick bobcat,income,p2347,3
2463,giant gibbon; brick bobcat,income,p2350,2
2464,giant gibbon; brick bobcat,income,p2351,3
2465,giant gibbon; brick bobcat,income,p2353,2
2466,giant gibbon; brick bobcat,income,p2355,2
2467,giant gibbon; brick bobcat,income,p2363,2
2468,giant gibbon; brick bobcat,income,p2378,3
2469,giant gibbon; brick bobcat,income,p2380,2
2470,giant gibbon; brick bobcat,income,p2387,4
2471,giant gibbon; brick bobcat,income,p2398,2
2472,giant gibbon; brick bobcat,income,p2400,4
2473,giant gibbon; brick bobcat,income,p2403,2
2474,giant gibbon; brick bobcat,income,p2408,3
2475,giant gibbon; brick bobcat,income,p2418,2
2476,giant gibbon; brick bobcat,income,p2426,2
2477,giant gibbon; brick bobcat,income,p2428,2
2478,giant gibbon; brick bobcat,income,p2434,3
2479,giant gibbon; brick bobcat,income,p2446,1
2480,giant gibbon; brick bobcat,income,p2452,3
2481,giant gibbon; brick bobcat,income,p2454,2
2482,giant gibbon; brick bobcat,income,p2462,3
2483,giant gibbon; brick bobcat,income,p2467,5
2484,giant gibbon; brick bobcat,income,p2482,3
2485,giant gibbon; brick bobcat,income,p2489,3
2486,giant gibbon; brick bobcat,income,p2490,2
2487,giant gibbon; brick bobcat,income,p2494,2
2488,giant gibbon; brick bobcat,income,p2502,4
2489,giant gibbon; brick bobcat,income,p2503,3
2490,giant gibbon; brick bobcat,income,p2522,3
2491,giant gibbon; brick bobcat,income,p2524,3
2492,giant gibbon; brick bobcat,income,p2533,3
2493,giant gibbon; brick bobcat,income,p2566,3
2494,giant gibbon; brick bobcat,income,p2571,3
2495,giant gibbon; brick bobcat,income,p2573,2
2496,giant gibbon; brick bobcat,income,p2582,4
2497,giant gibbon; brick bobcat,income,p2591,3
2498,giant gibbon; brick bobcat,income,p2592,3
2499,giant gibbon; brick bobcat,income,p2595,2
2500,giant gibbon; brick bobcat,party,p0016,2
2501,giant gibbon; brick bobcat,party,p0022,3
2502,giant gibbon; brick bobcat,party,p0023,3
2503,giant gibbon; brick bobcat,party,p0026,1
2504,giant gibbon; brick bobcat,party,p0034,1
2505,giant gibbon; brick bobcat,party,p0036,2
2506,giant gibbon; brick bobcat,party,p0037,1
2507,giant gibbon; brick bobcat,party,p0042,3
2508,giant gibbon; brick bobcat,party,p0057,3
2509,giant gibbon; brick bobcat,party,p0066,1
2510,giant gibbon; brick bobcat,party,p0069,1
2511,giant gibbon; brick bobcat,party,p0072,1
2512,giant gibbon; brick bobcat,party,p0073,1
2513,giant gibbon; brick bobcat,party,p0082,3
2514,giant gibbon; brick bobcat,party,p0091,3
2515,giant gibbon; brick bobcat,party,p0092,3
2516,giant gibbon; brick bobcat,party,p0093,1
2517,giant gibbon; brick bobcat,party,p0095,3
2518,giant gibbon; brick bobcat,party,p0107,1
2519,giant gibbon; brick bobcat,party,p0114,2
2520,giant gibbon; brick bobcat,party,p0116,1
2521,giant gibbon; brick bobcat,party,p0118,1
2522,giant gibbon; brick bobcat,party,p0119,2
2523,giant gibbon; brick bobcat,party,p0126,2
2524,giant gibbon; brick bobcat,party,p0129,3
2525,giant gibbon; brick bobcat,party,p0136,2
2526,giant gibbon; brick bobcat,party,p0138,2
2527,giant gibbon; brick bobcat,party,p0144,2
2528,giant gibbon; brick bobcat,party,p0150,3
2529,giant gibbon; brick bobcat,party,p0152,1
2530,giant gibbon; brick bobcat,party,p0158,3
2531,giant gibbon; brick bobcat,party,p0161,1
2532,giant gibbon; brick bobcat,party,p0164,1
2533,giant gibbon; brick bobcat,party,p0175,3
2534,giant gibbon; brick bobcat,party,p0177,2
2535,giant gibbon; brick bobcat,party,p0178,3
2536,giant gibbon; brick bobcat,party,p0181,1
2537,giant gibbon; brick bobcat,party,p0186,3
2538,giant gibbon; brick bobcat,party,p0196,3
2539,giant gibbon; brick bobcat,party,p0198,3
2540,giant gibbon; brick bobcat,party,p0202,3
2541,giant gibbon; brick bobcat,party,p0205,2
2542,giant gibbon; brick bobcat,party,p0207,3
2543,giant gibbon; brick bobcat,party,p0211,3
2544,giant gibbon; brick bobcat,party,p0227,2
2545,giant gibbon; brick bobcat,party,p0229,3
2546,giant gibbon; brick bobcat,party,p0232,3
2547,giant gibbon; brick bobcat,party,p0233,2
2548,giant gibbon; brick bobcat,party,p0237,3
2549,giant gibbon; brick bobcat,party,p0258,3
2550,giant gibbon; brick bobcat,party,p0268,3
2551,giant gibbon; brick bobcat,party,p0274,3
2552,giant gibbon; brick bobcat,party,p0275,3
2553,giant gibbon; brick bobcat,party,p0277,2
2554,giant gibbon; brick bobcat,party,p0288,3
2555,giant gibbon; brick bobcat,party,p0291,2
2556,giant gibbon; brick bobcat,party,p0307,1
2557,giant gibbon; brick bobcat,party,p0308,1
2558,giant gibbon; brick bobcat,party,p0317,1
2559,giant gibbon; brick bobcat,party,p0325,2
2560,giant gibbon; brick bobcat,party,p0327,3
2561,giant gibbon; brick bobcat,party,p0334,3
2562,giant gibbon; brick bobcat,party,p0336,3
2563,giant gibbon; brick bobcat,party,p0338,1
2564,giant gibbon; brick bobcat,party,p0342,3
2565,giant gibbon; brick bobcat,party,p0349,1
2566,giant gibbon; brick bobcat,party,p0356,3
2567,giant gibbon; brick bobcat,party,p0358,3
2568,giant gibbon; brick bobcat,party,p0363,2
2569,giant gibbon; brick bobcat,party,p0364,2
2570,giant gibbon; brick bobcat,party,p0369,1
2571,giant gibbon; brick bobcat,party,p0370,2
2572,giant gibbon; brick bobcat,party,p0371,1
2573,giant gibbon; brick bobcat,party,p0379,1
2574,giant gibbon; brick bobcat,party,p0386,3
2575,giant gibbon; brick bobcat,party,p0396,3
2576,giant gibbon; brick bobcat,party,p0403,3
2577,giant gibbon; brick bobcat,party,p0405,3
2578,giant gibbon; brick bobcat,party,p0412,1
2579,giant gibbon; brick bobcat,party,p0415,1
2580,giant gibbon; brick bobcat,party,p0416,2
2581,giant gibbon; brick bobcat,party,p0417,3
2582,giant gibbon; brick bobcat,party,p0418,2
2583,giant gibbon; brick bobcat,party,p0430,3
2584,giant gibbon; brick bobcat,party,p0431,3
2585,giant gibbon; brick bobcat,party,p0434,1
2586,giant gibbon; brick bobcat,party,p0438,3
2587,giant gibbon; brick bobcat,party,p0441,3
2588,giant gibbon; brick bobcat,party,p0442,3
2589,giant gibbon; brick bobcat,party,p0449,1
2590,giant gibbon; brick bobcat,party,p0450,2
2591,giant gibbon; brick bobcat,party,p0465,3
2592,giant gibbon; brick bobcat,party,p0471,1
2593,giant gibbon; brick bobcat,party,p0477,3
2594,giant gibbon; brick bobcat,party,p0483,3
2595,giant gibbon; brick bobcat,party,p0486,1
2596,giant gibbon; brick bobcat,party,p0487,1
2597,giant gibbon; brick bobcat,party,p0489,3
2598,giant gibbon; brick bobcat,party,p0497,1
2599,giant gibbon; brick bobcat,party,p0502,1
2600,giant gibbon; brick bobcat,party,p0503,3
2601,giant gibbon; brick bobcat,party,p0506,2
2602,giant gibbon; brick bobcat,party,p0511,1
2603,giant gibbon; brick bobcat,party,p0523,3
2604,giant gibbon; brick bobcat,party,p0534,1
2605,giant gibbon; brick bobcat,party,p0536,3
2606,giant gibbon; brick bobcat,party,p0542,1
2607,giant gibbon; brick bobcat,party,p0547,2
2608,giant gibbon; brick bobcat,party,p0553,3
2609,giant gibbon; brick bobcat,party,p0559,2
2610,giant gibbon; brick bobcat,party,p0566,2
2611,giant gibbon; brick bobcat,party,p0568,2
2612,giant gibbon; brick bobcat,party,p0570,3
2613,giant gibbon; brick bobcat,party,p0573,1
2614,giant gibbon; brick bobcat,party,p0578,3
2615,giant gibbon; brick bobcat,party,p0594,2
2616,giant gibbon; brick bobcat,party,p0597,3
2617,giant gibbon; brick bobcat,party,p0601,1
2618,giant gibbon; brick bobcat,party,p0602,3
2619,giant gibbon; brick bobcat,party,p0605,2
2620,giant gibbon; brick bobcat,party,p0615,3
2621,giant gibbon; brick bobcat,party,p0620,3
2622,giant gibbon; brick bobcat,party,p0626,3
2623,giant gibbon; brick bobcat,party,p0629,3
2624,giant gibbon; brick bobcat,party,p0633,2
2625,giant gibbon; brick bobcat,party,p0638,3
2626,giant gibbon; brick bobcat,party,p0639,1
2627,giant gibbon; brick bobcat,party,p0640,1
2628,giant gibbon; brick bobcat,party,p0655,1
2629,giant gibbon; brick bobcat,party,p0656,3
2630,giant gibbon; brick bobcat,party,p0658,1
2631,giant gibbon; brick bobcat,party,p0661,2
2632,giant gibbon; brick bobcat,party,p0669,2
2633,giant gibbon; brick bobcat,party,p0670,3
2634,giant gibbon; brick bobcat,party,p0672,3
2635,giant gibbon; brick bobcat,party,p0674,3
2636,giant gibbon; brick bobcat,party,p0678,3
2637,giant gibbon; brick bobcat,party,p0683,3
2638,giant gibbon; brick bobcat,party,p0686,1
2639,giant gibbon; brick bobcat,party,p0687,3
2640,giant gibbon; brick bobcat,party,p0698,1
2641,giant gibbon; brick bobcat,party,p0700,2
2642,giant gibbon; brick bobcat,party,p0703,2
2643,giant gibbon; brick bobcat,party,p0718,1
2644,giant gibbon; brick bobcat,party,p0744,3
2645,giant gibbon; brick bobcat,party,p0745,1
2646,giant gibbon; brick bobcat,party,p0753,2
2647,giant gibbon; brick bobcat,party,p0770,2
2648,giant gibbon; brick bobcat,party,p0771,3
2649,giant gibbon; brick bobcat,party,p0777,3
2650,giant gibbon; brick bobcat,party,p0779,1
2651,giant gibbon; brick bobcat,party,p0780,1
2652,giant gibbon; brick bobcat,party,p0783,1
2653,giant gibbon; brick bobcat,party,p0785,1
2654,giant gibbon; brick bobcat,party,p0786,2
2655,giant gibbon; brick bobcat,party,p0794,1
2656,giant gibbon; brick bobcat,party,p0798,1
2657,giant gibbon; brick bobcat,party,p0800,3
2658,giant gibbon; brick bobcat,party,p0820,3
2659,giant gibbon; brick bobcat,party,p0841,1
2660,giant gibbon; brick bobcat,party,p0849,2
2661,giant gibbon; brick bobcat,party,p0862,3
2662,giant gibbon; brick bobcat,party,p0867,3
2663,giant gibbon; brick bobcat,party,p0869,3
2664,giant gibbon; brick bobcat,party,p0872,3
2665,giant gibbon; brick bobcat,party,p0880,3
2666,giant gibbon; brick bobcat,party,p0891,1
2667,giant gibbon; brick bobcat,party,p0916,3
2668,giant gibbon; brick bobcat,party,p0917,1
2669,giant gibbon; brick bobcat,party,p0919,3
2670,giant gibbon; brick bobcat,party,p0922,1
2671,giant gibbon; brick bobcat,party,p0925,1
2672,giant gibbon; brick bobcat,party,p0927,3
2673,giant gibbon; brick bobcat,party,p0929,3
2674,giant gibbon; brick bobcat,party,p0930,1
2675,giant gibbon; brick bobcat,party,p0931,1
2676,giant gibbon; brick bobcat,party,p0933,3
2677,giant gibbon; brick bobcat,party,p0934,1
2678,giant gibbon; brick bobcat,party,p0936,3
2679,giant gibbon; brick bobcat,party,p0938,3
2680,giant gibbon; brick bobcat,party,p0939,2
2681,giant gibbon; brick bobcat,party,p0946,2
2682,giant gibbon; brick bobcat,party,p0951,3
2683,giant gibbon; brick bobcat,party,p0956,1
2684,giant gibbon; brick bobcat,party,p0962,1
2685,giant gibbon; brick bobcat,party,p0963,1
2686,giant gibbon; brick bobcat,party,p0969,1
2687,giant gibbon; brick bobcat,party,p0972,2
2688,giant gibbon; brick bobcat,party,p0975,1
2689,giant gibbon; brick bobcat,party,p0985,2
2690,giant gibbon; brick bobcat,party,p0993,3
2691,giant gibbon; brick bobcat,party,p0996,3
2692,giant gibbon; brick bobcat,party,p1011,1
2693,giant gibbon; brick bobcat,party,p1017,2
2694,giant gibbon; brick bobcat,party,p1020,1
2695,giant gibbon; brick bobcat,party,p1022,3
2696,giant gibbon; brick bobcat,party,p1024,1
2697,giant gibbon; brick bobcat,party,p1027,3
2698,giant gibbon; brick bobcat,party,p1028,3
2699,giant gibbon; brick bobcat,party,p1029,2
2700,giant gibbon; brick bobcat,party,p1032,2
2701,giant gibbon; brick bobcat,party,p1040,2
2702,giant gibbon; brick bobcat,party,p1047,2
2703,giant gibbon; brick bobcat,party,p1048,3
2704,giant gibbon; brick bobcat,party,p1053,3
2705,giant gibbon; brick bobcat,party,p1057,1
2706,giant gibbon; brick bobcat,party,p1058,1
2707,giant gibbon; brick bobcat,party,p1063,1
2708,giant gibbon; brick bobcat,party,p1064,3
2709,giant gibbon; brick bobcat,party,p1065,1
2710,giant gibbon; brick bobcat,party,p1069,3
2711,giant gibbon; brick bobcat,party,p1072,2
2712,giant gibbon; brick bobcat,party,p1073,3
2713,giant gibbon; brick bobcat,party,p1075,2
2714,giant gibbon; brick bobcat,party,p1076,2
2715,giant gibbon; brick bobcat,party,p1083,1
2716,giant gibbon; brick bobcat,party,p1089,3
2717,giant gibbon; brick bobcat,party,p1093,3
2718,giant gibbon; brick bobcat,party,p1096,2
2719,giant gibbon; brick bobcat,party,p1100,2
2720,giant gibbon; brick bobcat,party,p1106,3
2721,giant gibbon; brick bobcat,party,p1107,2
2722,giant gibbon; brick bobcat,party,p1113,1
2723,giant gibbon; brick bobcat,party,p1117,1
2724,giant gibbon; brick bobcat,party,p1120,1
2725,giant gibbon; brick bobcat,party,p1134,2
2726,giant gibbon; brick bobcat,party,p1136,1
2727,giant gibbon; brick bobcat,party,p1138,1
2728,giant gibbon; brick bobcat,party,p1144,1
2729,giant gibbon; brick bobcat,party,p1145,3
2730,giant gibbon; brick bobcat,party,p1147,3
2731,giant gibbon; brick bobcat,party,p1148,3
2732,giant gibbon; brick bobcat,party,p1154,3
2733,giant gibbon; brick bobcat,party,p1159,3
2734,giant gibbon; brick bobcat,party,p1167,3
2735,giant gibbon; brick bobcat,party,p1175,3
2736,giant gibbon; brick bobcat,party,p1178,3
2737,giant gibbon; brick bobcat,party,p1184,1
2738,giant gibbon; brick bobcat,party,p1186,3
2739,giant gibbon; brick bobcat,party,p1196,1
2740,giant gibbon; brick bobcat,party,p1197,3
2741,giant gibbon; brick bobcat,party,p1203,3
2742,giant gibbon; brick bobcat,party,p1219,3
2743,giant gibbon; brick bobcat,party,p1225,1
2744,giant gibbon; brick bobcat,party,p1234,2
2745,giant gibbon; brick bobcat,party,p1242,1
2746,giant gibbon; brick bobcat,party,p1244,3
2747,giant gibbon; brick bobcat,party,p1249,2
2748,giant gibbon; brick bobcat,party,p1250,2
2749,giant gibbon; brick bobcat,party,p1256,1
2750,giant gibbon; brick bobcat,party,p1258,1
2751,giant gibbon; brick bobcat,party,p1260,2
2752,giant gibbon; brick bobcat,party,p1262,1
2753,giant gibbon; brick bobcat,party,p1264,2
2754,giant gibbon; brick bobcat,party,p1265,2
2755,giant gibbon; brick bobcat,party,p1269,1
2756,giant gibbon; brick bobcat,party,p1272,1
2757,giant gibbon; brick bobcat,party,p1278,3
2758,giant gibbon; brick bobcat,party,p1281,3
2759,giant gibbon; brick bobcat,party,p1292,1
2760,giant gibbon; brick bobcat,party,p1299,1
2761,giant gibbon; brick bobcat,party,p1312,2
2762,giant gibbon; brick bobcat,party,p1322,3
2763,giant gibbon; brick bobcat,party,p1326,2
2764,giant gibbon; brick bobcat,party,p1330,3
2765,giant gibbon; brick bobcat,party,p1335,1
2766,giant gibbon; brick bobcat,party,p1337,1
2767,giant gibbon; brick bobcat,party,p1340,1
2768,giant gibbon; brick bobcat,party,p1345,1
2769,giant gibbon; brick bobcat,party,p1351,3
2770,giant gibbon; brick bobcat,party,p1355,1
2771,giant gibbon; brick bobcat,party,p1362,1
2772,giant gibbon; brick bobcat,party,p1365,1
2773,giant gibbon; brick bobcat,party,p1366,2
2774,giant gibbon; brick bobcat,party,p1367,1
2775,giant gibbon; brick bobcat,party,p1370,1
2776,giant gibbon; brick bobcat,party,p1371,1
2777,giant gibbon; brick bobcat,party,p1373,1
2778,giant gibbon; brick bobcat,party,p1375,1
2779,giant gibbon; brick bobcat,party,p1376,3
2780,giant gibbon; brick bobcat,party,p1379,3
2781,giant gibbon; brick bobcat,party,p1381,3
2782,giant gibbon; brick bobcat,party,p1393,1
2783,giant gibbon; brick bobcat,party,p1396,3
2784,giant gibbon; brick bobcat,party,p1398,1
2785,giant gibbon; brick bobcat,party,p1404,3
2786,giant gibbon; brick bobcat,party,p1406,1
2787,giant gibbon; brick bobcat,party,p1407,2
2788,giant gibbon; brick bobcat,party,p1409,2
2789,giant gibbon; brick bobcat,party,p1412,2
2790,giant gibbon; brick bobcat,party,p1414,3
2791,giant gibbon; brick bobcat,party,p1424,1
2792,giant gibbon; brick bobcat,party,p1425,1
2793,giant gibbon; brick bobcat,party,p1429,1
2794,giant gibbon; brick bobcat,party,p1434,1
2795,giant gibbon; brick bobcat,party,p1441,3
2796,giant gibbon; brick bobcat,party,p1445,3
2797,giant gibbon; brick bobcat,party,p1450,1
2798,giant gibbon; brick bobcat,party,p1454,2
2799,giant gibbon; brick bobcat,party,p1456,2
2800,giant gibbon; brick bobcat,party,p1457,3
2801,giant gibbon; brick bobcat,party,p1458,3
2802,giant gibbon; brick bobcat,party,p1469,1
2803,giant gibbon; brick bobcat,party,p1470,1
2804,giant gibbon; brick bobcat,party,p1481,3
2805,giant gibbon; brick bobcat,party,p1488,1
2806,giant gibbon; brick bobcat,party,p1492,2
2807,giant gibbon; brick bobcat,party,p1495,1
2808,giant gibbon; brick bobcat,party,p1497,2
2809,giant gibbon; brick bobcat,party,p1499,1
2810,giant gibbon; brick bobcat,party,p1503,3
2811,giant gibbon; brick bobcat,party,p1511,2
2812,giant gibbon; brick bobcat,party,p1512,3
2813,giant gibbon; brick bobcat,party,p1518,2
2814,giant gibbon; brick bobcat,party,p1519,1
2815,giant gibbon; brick bobcat,party,p1520,1
2816,giant gibbon; brick bobcat,party,p1524,1
2817,giant gibbon; brick bobcat,party,p1526,1
2818,giant gibbon; brick bobcat,party,p1537,3
2819,giant gibbon; brick bobcat,party,p1545,3
2820,giant gibbon; brick bobcat,party,p1547,3
2821,giant gibbon; brick bobcat,party,p1552,3
2822,giant gibbon; brick bobcat,party,p1567,2
2823,giant gibbon; brick bobcat,party,p1568,3
2824,giant gibbon; brick bobcat,party,p1579,1
2825,giant gibbon; brick bobcat,party,p1587,3
2826,giant gibbon; brick bobcat,party,p1596,2
2827,giant gibbon; brick bobcat,party,p1600,3
2828,giant gibbon; brick bobcat,party,p1603,3
2829,giant gibbon; brick bobcat,party,p1604,1
2830,giant gibbon; brick bobcat,party,p1610,2
2831,giant gibbon; brick bobcat,party,p1618,1
2832,giant gibbon; brick bobcat,party,p1619,3
2833,giant gibbon; brick bobcat,party,p1622,1
2834,giant gibbon; brick bobcat,party,p1623,1
2835,giant gibbon; brick bobcat,party,p1630,2
2836,giant gibbon; brick bobcat,party,p1641,1
2837,giant gibbon; brick bobcat,party,p1649,2
2838,giant gibbon; brick bobcat,party,p1652,2
2839,giant gibbon; brick bobcat,party,p1665,3
2840,giant gibbon; brick bobcat,party,p1669,1
2841,giant gibbon; brick bobcat,party,p1685,1
2842,giant gibbon; brick bobcat,party,p1693,3
2843,giant gibbon; brick bobcat,party,p1698,2
2844,giant gibbon; brick bobcat,party,p1704,1
2845,giant gibbon; brick bobcat,party,p1711,3
2846,giant gibbon; brick bobcat,party,p1718,1
2847,giant gibbon; brick bobcat,party,p1732,1
2848,giant gibbon; brick bobcat,party,p1739,3
2849,giant gibbon; brick bobcat,party,p1741,1
2850,giant gibbon; brick bobcat,party,p1746,3
2851,giant gibbon; brick bobcat,party,p1751,1
2852,giant gibbon; brick bobcat,party,p1754,3
2853,giant gibbon; brick bobcat,party,p1769,1
2854,giant gibbon; brick bobcat,party,p1771,2
2855,giant gibbon; brick bobcat,party,p1776,3
2856,giant gibbon; brick bobcat,party,p1780,1
2857,giant gibbon; brick bobcat,party,p1785,3
2858,giant gibbon; brick bobcat,party,p1791,2
2859,giant gibbon; brick bobcat,party,p1793,1
2860,giant gibbon; brick bobcat,party,p1796,1
2861,giant gibbon; brick bobcat,party,p1805,2
2862,giant gibbon; brick bobcat,party,p1812,2
2863,giant gibbon; brick bobcat,party,p1816,2
2864,giant gibbon; brick bobcat,party,p1819,3
2865,giant gibbon; brick bobcat,party,p1825,3
2866,giant gibbon; brick bobcat,party,p1836,1
2867,giant gibbon; brick bobcat,party,p1839,1
2868,giant gibbon; brick bobcat,party,p1861,2
2869,giant gibbon; brick bobcat,party,p1863,3
2870,giant gibbon; brick bobcat,party,p1873,3
2871,giant gibbon; brick bobcat,party,p1875,1
2872,giant gibbon; brick bobcat,party,p1876,3
2873,giant gibbon; brick bobcat,party,p1877,3
2874,giant gibbon; brick bobcat,party,p1880,1
2875,giant gibbon; brick bobcat,party,p1883,1
2876,giant gibbon; brick bobcat,party,p1889,1
2877,giant gibbon; brick bobcat,party,p1893,3
2878,giant gibbon; brick bobcat,party,p1896,2
2879,giant gibbon; brick bobcat,party,p1913,1
2880,giant gibbon; brick bobcat,party,p1922,1
2881,giant gibbon; brick bobcat,party,p1930,1
2882,giant gibbon; brick bobcat,party,p1935,1
2883,giant gibbon; brick bobcat,party,p1940,3
2884,giant gibbon; brick bobcat,party,p1948,1
2885,giant gibbon; brick bobcat,party,p1950,2
2886,giant gibbon; brick bobcat,party,p1954,2
2887,giant gibbon; brick bobcat,party,p1956,2
2888,giant gibbon; brick bobcat,party,p1958,1
2889,giant gibbon; brick bobcat,party,p1967,1
2890,giant gibbon; brick bobcat,party,p1973,3
2891,giant gibbon; brick bobcat,party,p1978,1
2892,giant gibbon; brick bobcat,party,p1983,2
2893,giant gibbon; brick bobcat,party,p1984,3
2894,giant gibbon; brick bobcat,party,p1995,1
2895,giant gibbon; brick bobcat,party,p1996,1
2896,giant gibbon; brick bobcat,party,p1997,1
2897,giant gibbon; brick bobcat,party,p2001,3
2898,giant gibbon; brick bobcat,party,p2002,3
2899,giant gibbon; brick bobcat,party,p2013,3
2900,giant gibbon; brick bobcat,party,p2014,1
2901,giant gibbon; brick bobcat,party,p2016,3
2902,giant gibbon; brick bobcat,party,p2018,1
2903,giant gibbon; brick bobcat,party,p2023,3
2904,giant gibbon; brick bobcat,party,p2025,1
2905,giant gibbon; brick bobcat,party,p2028,3
2906,giant gibbon; brick bobcat,party,p2030,3
2907,giant gibbon; brick bobcat,party,p2033,3
2908,giant gibbon; brick bobcat,party,p2040,3
2909,giant gibbon; brick bobcat,party,p2051,3
2910,giant gibbon; brick bobcat,party,p2052,1
2911,giant gibbon; brick bobcat,party,p2066,3
2912,giant gibbon; brick bobcat,party,p2067,1
2913,giant gibbon; brick bobcat,party,p2073,2
2914,giant gibbon; brick bobcat,party,p2077,1
2915,giant gibbon; brick bobcat,party,p2078,3
2916,giant gibbon; brick bobcat,party,p2086,3
2917,giant gibbon; brick bobcat,party,p2089,1
2918,giant gibbon; brick bobcat,party,p2093,1
2919,giant gibbon; brick bobcat,party,p2094,2
2920,giant gibbon; brick bobcat,party,p2111,1
2921,giant gibbon; brick bobcat,party,p2117,3
2922,giant gibbon; brick bobcat,party,p2121,3
2923,giant gibbon; brick bobcat,party,p2127,1
2924,giant gibbon; brick bobcat,party,p2141,2
2925,giant gibbon; brick bobcat,party,p2142,2
2926,giant gibbon; brick bobcat,party,p2143,1
2927,giant gibbon; brick bobcat,party,p2153,3
2928,giant gibbon; brick bobcat,party,p2155,3
2929,giant gibbon; brick bobcat,party,p2169,1
2930,giant gibbon; brick bobcat,party,p2187,3
2931,giant gibbon; brick bobcat,party,p2188,3
2932,giant gibbon; brick bobcat,party,p2197,1
2933,giant gibbon; brick bobcat,party,p2213,2
2934,giant gibbon; brick bobcat,party,p2214,2
2935,giant gibbon; brick bobcat,party,p2215,1
2936,giant gibbon; brick bobcat,party,p2220,2
2937,giant gibbon; brick bobcat,party,p2223,2
2938,giant gibbon; brick bobcat,party,p2229,2
2939,giant gibbon; brick bobcat,party,p2234,3
2940,giant gibbon; brick bobcat,party,p2237,3
2941,giant gibbon; brick bobcat,party,p2238,1
2942,giant gibbon; brick bobcat,party,p2244,3
2943,giant gibbon; brick bobcat,party,p2248,3
2944,giant gibbon; brick bobcat,party,p2252,3
2945,giant gibbon; brick bobcat,party,p2255,1
2946,giant gibbon; brick bobcat,party,p2261,1
2947,giant gibbon; brick bobcat,party,p2263,3
2948,giant gibbon; brick bobcat,party,p2273,3
2949,giant gibbon; brick bobcat,party,p2275,3
2950,giant gibbon; brick bobcat,party,p2276,3
2951,giant gibbon; brick bobcat,party,p2283,3
2952,giant gibbon; brick bobcat,party,p2287,3
2953,giant gibbon; brick bobcat,party,p2296,3
2954,giant gibbon; brick bobcat,party,p2298,2
2955,giant gibbon; brick bobcat,party,p2304,3
2956,giant gibbon; brick bobcat,party,p2310,3
2957,giant gibbon; brick bobcat,party,p2322,2
2958,giant gibbon; brick bobcat,party,p2326,1
2959,giant gibbon; brick bobcat,party,p2330,1
2960,giant gibbon; brick bobcat,party,p2331,3
2961,giant gibbon; brick bobcat,party,p2333,1
2962,giant gibbon; brick bobcat,party,p2347,3
2963,giant gibbon; brick bobcat,party,p2350,2
2964,giant gibbon; brick bobcat,party,p2351,1
2965,giant gibbon; brick bobcat,party,p2353,3
2966,giant gibbon; brick bobcat,party,p2355,3
2967,giant gibbon; brick bobcat,party,p2363,3
2968,giant gibbon; brick bobcat,party,p2378,2
2969,giant gibbon; brick bobcat,party,p2380,3
2970,giant gibbon; brick bobcat,party,p2387,3
2971,giant gibbon; brick bobcat,party,p2398,1
2972,giant gibbon; brick bobcat,party,p2400,3
2973,giant gibbon; brick bobcat,party,p2403,3
2974,giant gibbon; brick bobcat,party,p2408,3
2975,giant gibbon; brick bobcat,party,p2418,3
2976,giant gibbon; brick bobcat,party,p2426,3
2977,giant gibbon; brick bobcat,party,p2428,2
2978,giant gibbon; brick bobcat,party,p2434,3
2979,giant gibbon; brick bobcat,party,p2446,3
2980,giant gibbon; brick bobcat,party,p2452,1
2981,giant gibbon; brick bobcat,party,p2454,2
2982,giant gibbon; brick bobcat,party,p2462,3
2983,giant gibbon; brick bobcat,party,p2467,1
2984,giant gibbon; brick bobcat,party,p2482,2
2985,giant gibbon; brick bobcat,party,p2489,1
2986,giant gibbon; brick bobcat,party,p2490,3
2987,giant gibbon; brick bobcat,party,p2494,1
2988,giant gibbon; brick bobcat,party,p2502,3
2989,giant gibbon; brick bobcat,party,p2503,3
2990,giant gibbon; brick bobcat,party,p2522,1
2991,giant gibbon; brick bobcat,party,p2524,3
2992,giant gibbon; brick bobcat,party,p2533,3
2993,giant gibbon; brick bobcat,party,p2566,3
2994,giant gibbon; brick bobcat,party,p2571,3
2995,giant gibbon; brick bobcat,party,p2573,2
2996,giant gibbon; brick bobcat,party,p2582,1
2997,giant gibbon; brick bobcat,party,p2591,1
2998,giant gibbon; brick bobcat,party,p2592,2
2999,giant gibbon; brick bobcat,party,p2595,3
