,condition,outcome,persona,response
0,heartfelt hummingbird,gender,p0016,2
1,heartfelt hummingbird,gender,p0022,2
2,heartfelt hummingbird,gender,p0023,1
3,heartfelt hummingbird,gender,p0026,2
4,heartfelt hummingbird,gender,p0034,1
5,heartfelt hummingbird,gender,p0036,1
6,heartfelt hummingbird,gender,p0037,1
7,heartfelt hummingbird,gender,p0042,1
8,heartfelt hummingbird,gender,p0057,2
9,heartfelt hummingbird,gender,p0066,1
10,heartfelt hummingbird,gender,p0069,2
11,heartfelt hummingbird,gender,p0072,2
12,heartfelt hummingbird,gender,p0073,1
13,heartfelt hummingbird,gender,p0082,1
14,heartfelt hummingbird,gender,p0091,1
15,heartfelt hummingbird,gender,p0092,1
16,heartfelt hummingbird,gender,p0093,1
17,heartfelt hummingbird,gender,p0095,1
18,heartfelt hummingbird,gender,p0107,2
19,heartfelt hummingbird,gender,p0114,1
20,heartfelt hummingbird,gender,p0116,1
21,heartfelt hummingbird,gender,p0118,2
22,heartfelt hummingbird,gender,p0119,1
23,heartfelt hummingbird,gender,p0126,1
24,heartfelt hummingbird,gender,p0129,1
25,heartfelt hummingbird,gender,p0136,2
26,heartfelt hummingbird,gender,p0138,1
27,heartfelt hummingbird,gender,p0144,2
28,heartfelt hummingbird,gender,p0150,1
29,heartfelt hummingbird,gender,p0152,2
30,heartfelt hummingbird,gender,p0158,2
31,heartfelt hummingbird,gender,p0161,1
32,heartfelt hummingbird,gender,p0164,2
33,heartfelt hummingbird,gender,p0175,1
34,heartfelt hummingbird,gender,p0177,1
35,heartfelt hummingbird,gender,p0178,1
36,heartfelt hummingbird,gender,p0181,2
37,heartfelt hummingbird,gender,p0186,2
38,heartfelt hummingbird,gender,p0196,2
39,heartfelt hummingbird,gender,p0198,1
40,heartfelt hummingbird,gender,p0202,1
41,heartfelt hummingbird,gender,p0205,1
42,heartfelt hummingbird,gender,p0207,1
43,heartfelt hummingbird,gender,p0211,1
44,heartfelt hummingbird,gender,p0227,2
45,heartfelt hummingbird,gender,p0229,1
46,heartfelt hummingbird,gender,p0232,1
47,heartfelt hummingbird,gender,p0233,2
48,heartfelt hummingbird,gender,p0237,1
49,heartfelt hummingbird,gender,p0258,1
50,heartfelt hummingbird,gender,p0268,1
51,heartfelt hummingbird,gender,p0274,1
52,heartfelt hummingbird,gender,p0275,1
53,heartfelt hummingbird,gender,p0277,1
54,heartfelt hummingbird,gender,p0288,1
55,heartfelt hummingbird,gender,p0291,1
56,heartfelt hummingbird,gender,p0307,1
57,heartfelt hummingbird,gender,p0308,1
58,heartfelt hummingbird,gender,p0317,1
59,heartfelt hummingbird,gender,p0325,2
60,heartfelt hummingbird,gender,p0327,1
61,heartfelt hummingbird,gender,p0334,1
62,heartfelt hummingbird,gender,p0336,1
63,heartfelt hummingbird,gender,p0338,1
64,heartfelt hummingbird,gender,p0342,1
65,heartfelt hummingbird,gender,p0349,1
66,heartfelt hummingbird,gender,p0356,2
67,heartfelt hummingbird,gender,p0358,1
68,heartfelt hummingbird,gender,p0363,1
69,heartfelt hummingbird,gender,p0364,1
70,heartfelt hummingbird,gender,p0369,2
71,heartfelt hummingbird,gender,p0370,2
72,heartfelt hummingbird,gender,p0371,1
73,heartfelt hummingbird,gender,p0379,1
74,heartfelt hummingbird,gender,p0386,1
75,heartfelt hummingbird,gender,p0396,2
76,heartfelt hummingbird,gender,p0403,2
77,heartfelt hummingbird,gender,p0405,2
78,heartfelt hummingbird,gender,p0412,1
79,heartfelt hummingbird,gender,p0415,1
80,heartfelt hummingbird,gender,p0416,1
81,heartfelt hummingbird,gender,p0417,1
82,heartfelt hummingbird,gender,p0418,2
83,heartfelt hummingbird,gender,p0430,1
84,heartfelt hummingbird,gender,p0431,2
85,heartfelt hummingbird,gender,p0434,2
86,heartfelt hummingbird,gender,p0438,2
87,heartfelt hummingbird,gender,p0441,2
88,heartfelt hummingbird,gender,p0442,2
89,heartfelt hummingbird,gender,p0449,1
90,heartfelt hummingbird,gender,p0450,2
91,heartfelt hummingbird,gender,p0465,1
92,heartfelt hummingbird,gender,p0471,2
93,heartfelt hummingbird,gender,p0477,2
94,heartfelt hummingbird,gender,p0483,2
95,heartfelt hummingbird,gender,p0486,1
96,heartfelt hummingbird,gender,p0487,1
97,heartfelt hummingbird,gender,p0489,1
98,heartfelt hummingbird,gender,p0497,1
99,heartfelt hummingbird,gender,p0502,1
100,heartfelt hummingbird,gender,p0503,2
101,heartfelt hummingbird,gender,p0506,1
102,heartfelt hummingbird,gender,p0511,1
103,heartfelt hummingbird,gender,p0523,2
104,heartfelt hummingbird,gender,p0534,1
105,heartfelt hummingbird,gender,p0536,1
106,heartfelt hummingbird,gender,p0542,1
107,heartfelt hummingbird,gender,p0547,2
108,heartfelt hummingbird,gender,p0553,1
109,heartfelt hummingbird,gender,p0559,2
110,heartfelt hummingbird,gender,p0566,1
111,heartfelt hummingbird,gender,p0568,2
112,heartfelt hummingbird,gender,p0570,1
113,heartfelt hummingbird,gender,p0573,2
114,heartfelt hummingbird,gender,p0578,1
115,heartfelt hummingbird,gender,p0594,1
116,heartfelt hummingbird,gender,p0597,1
117,heartfelt hummingbird,gender,p0601,1
118,heartfelt hummingbird,gender,p0602,2
119,heartfelt hummingbird,gender,p0605,1
120,heartfelt hummingbird,gender,p0615,1
121,heartfelt hummingbird,gender,p0620,1
122,heartfelt hummingbird,gender,p0626,2
123,heartfelt hummingbird,gender,p0629,2
124,heartfelt hummingbird,gender,p0633,2
125,heartfelt hummingbird,gender,p0638,2
126,heartfelt hummingbird,gender,p0639,1
127,heartfelt hummingbird,gender,p0640,2
128,heartfelt hummingbird,gender,p0655,2
129,heartfelt hummingbird,gender,p0656,1
130,heartfelt hummingbird,gender,p0658,1
131,heartfelt hummingbird,gender,p0661,1
132,heartfelt hummingbird,gender,p0669,1
133,heartfelt hummingbird,gender,p0670,2
134,heartfelt hummingbird,gender,p0672,2
135,heartfelt hummingbird,gender,p0674,1
136,heartfelt hummingbird,gender,p0678,1
137,heartfelt hummingbird,gender,p0683,2
138,heartfelt hummingbird,gender,p0686,1
139,heartfelt hummingbird,gender,p0687,1
140,heartfelt hummingbird,gender,p0698,2
141,heartfelt hummingbird,gender,p0700,1
142,heartfelt hummingbird,gender,p0703,1
143,heartfelt hummingbird,gender,p0718,1
144,heartfelt hummingbird,gender,p0744,2
145,heartfelt hummingbird,gender,p0745,1
146,heartfelt hummingbird,gender,p0753,2
147,heartfelt hummingbird,gender,p0770,1
148,heartfelt hummingbird,gender,p0771,1
149,heartfelt hummingbird,gender,p0777,1
150,heartfelt hummingbird,gender,p0779,1
151,heartfelt hummingbird,gender,p0780,2
152,heartfelt hummingbird,gender,p0783,1
153,heartfelt hummingbird,gender,p0785,2
154,heartfelt hummingbird,gender,p0786,2
155,heartfelt hummingbird,gender,p0794,1
156,heartfelt hummingbird,gender,p0798,1
157,heartfelt hummingbird,gender,p0800,1
158,heartfelt hummingbird,gender,p0820,2
159,heartfelt hummingbird,gender,p0841,2
160,heartfelt hummingbird,gender,p0849,1
161,heartfelt hummingbird,gender,p0862,1
162,heartfelt hummingbird,gender,p0867,2
163,heartfelt hummingbird,gender,p0869,1
164,heartfelt hummingbird,gender,p0872,1
165,heartfelt hummingbird,gender,p0880,2
166,heartfelt hummingbird,gender,p0891,1
167,heartfelt hummingbird,gender,p0916,2
168,heartfelt hummingbird,gender,p0917,2
169,heartfelt hummingbird,gender,p0919,2
170,heartfelt hummingbird,gender,p0922,2
171,heartfelt hummingbird,gender,p0925,2
172,heartfelt hummingbird,gender,p0927,1
173,heartfelt hummingbird,gender,p0929,2
174,heartfelt hummingbird,gender,p0930,1
175,heartfelt hummingbird,gender,p0931,2
176,heartfelt hummingbird,gender,p0933,2
177,heartfelt hummingbird,gender,p0934,2
178,heartfelt hummingbird,gender,p0936,2
179,heartfelt hummingbird,gender,p0938,1
180,heartfelt hummingbird,gender,p0939,2
181,heartfelt hummingbird,gender,p0946,1
182,heartfelt hummingbird,gender,p0951,1
183,heartfelt hummingbird,gender,p0956,2
184,heartfelt hummingbird,gender,p0962,2
185,heartfelt hummingbird,gender,p0963,1
186,heartfelt hummingbird,gender,p0969,1
187,heartfelt hummingbird,gender,p0972,1
188,heartfelt hummingbird,gender,p0975,1
189,heartfelt hummingbird,gender,p0985,2
190,heartfelt hummingbird,gender,p0993,1
191,heartfelt hummingbird,gender,p0996,2
192,heartfelt hummingbird,gender,p1011,1
193,heartfelt hummingbird,gender,p1017,2
194,heartfelt hummingbird,gender,p1020,1
195,heartfelt hummingbird,gender,p1022,1
196,heartfelt hummingbird,gender,p1024,2
197,heartfelt hummingbird,gender,p1027,1
198,heartfelt hummingbird,gender,p1028,1
199,heartfelt hummingbird,gender,p1029,2
200,heartfelt hummingbird,gender,p1032,1
201,heartfelt hummingbird,gender,p1040,1
202,heartfelt hummingbird,gender,p1047,1
203,heartfelt hummingbird,gender,p1048,1
204,heartfelt hummingbird,gender,p1053,2
205,heartfelt hummingbird,gender,p1057,1
206,heartfelt hummingbird,gender,p1058,2
207,heartfelt hummingbird,gender,p1063,1
208,heartfelt hummingbird,gender,p1064,2
209,heartfelt hummingbird,gender,p1065,1
210,heartfelt hummingbird,gender,p1069,2
211,heartfelt hummingbird,gender,p1072,1
212,heartfelt hummingbird,gender,p1073,1
213,heartfelt hummingbird,gender,p1075,2
214,heartfelt hummingbird,gender,p1076,2
215,heartfelt hummingbird,gender,p1083,2
216,heartfelt hummingbird,gender,p1089,1
217,heartfelt hummingbird,gender,p1093,1
218,heartfelt hummingbird,gender,p1096,2
219,heartfelt hummingbird,gender,p1100,1
220,heartfelt hummingbird,gender,p1106,2
221,heartfelt hummingbird,gender,p1107,2
222,heartfelt hummingbird,gender,p1113,1
223,heartfelt hummingbird,gender,p1117,1
224,heartfelt hummingbird,gender,p1120,1
225,heartfelt hummingbird,gender,p1134,1
226,heartfelt hummingbird,gender,p1136,1
227,heartfelt hummingbird,gender,p1138,2
228,heartfelt hummingbird,gender,p1144,1
229,heartfelt hummingbird,gender,p1145,1
230,heartfelt hummingbird,gender,p1147,2
231,heartfelt hummingbird,gender,p1148,1
232,heartfelt hummingbird,gender,p1154,2
233,heartfelt hummingbird,gender,p1159,1
234,heartfelt hummingbird,gender,p1167,1
235,heartfelt hummingbird,gender,p1175,2
236,heartfelt hummingbird,gender,p1178,2
237,heartfelt hummingbird,gender,p1184,2
238,heartfelt hummingbird,gender,p1186,1
239,heartfelt hummingbird,gender,p1196,1
240,heartfelt hummingbird,gender,p1197,2
241,heartfelt hummingbird,gender,p1203,1
242,heartfelt hummingbird,gender,p1219,2
243,heartfelt hummingbird,gender,p1225,1
244,heartfelt hummingbird,gender,p1234,2
245,heartfelt hummingbird,gender,p1242,1
246,heartfelt hummingbird,gender,p1244,1
247,heartfelt hummingbird,gender,p1249,2
248,heartfelt hummingbird,gender,p1250,1
249,heartfelt hummingbird,gender,p1256,1
250,heartfelt hummingbird,gender,p1258,2
251,heartfelt hummingbird,gender,p1260,1
252,heartfelt hummingbird,gender,p1262,1
253,heartfelt hummingbird,gender,p1264,2
254,heartfelt hummingbird,gender,p1265,2
255,heartfelt hummingbird,gender,p1269,1
256,heartfelt hummingbird,gender,p1272,2
257,heartfelt hummingbird,gender,p1278,1
258,heartfelt hummingbird,gender,p1281,2
259,heartfelt hummingbird,gender,p1292,1
260,heartfelt hummingbird,gender,p1299,2
261,heartfelt hummingbird,gender,p1312,2
262,heartfelt hummingbird,gender,p1322,1
263,heartfelt hummingbird,gender,p1326,2
264,heartfelt hummingbird,gender,p1330,2
265,heartfelt hummingbird,gender,p1335,2
266,heartfelt hummingbird,gender,p1337,1
267,heartfelt hummingbird,gender,p1340,1
268,heartfelt hummingbird,gender,p1345,1
269,heartfelt hummingbird,gender,p1351,1
270,heartfelt hummingbird,gender,p1355,2
271,heartfelt hummingbird,gender,p1362,2
272,heartfelt hummingbird,gender,p1365,1
273,heartfelt hummingbird,gender,p1366,2
274,heartfelt hummingbird,gender,p1367,1
275,heartfelt hummingbird,gender,p1370,2
276,heartfelt hummingbird,gender,p1371,1
277,heartfelt hummingbird,gender,p1373,2
278,heartfelt hummingbird,gender,p1375,2
279,heartfelt hummingbird,gender,p1376,2
280,heartfelt hummingbird,gender,p1379,2
281,heartfelt hummingbird,gender,p1381,2
282,heartfelt hummingbird,gender,p1393,2
283,heartfelt hummingbird,gender,p1396,2
284,heartfelt hummingbird,gender,p1398,1
285,heartfelt hummingbird,gender,p1404,2
286,heartfelt hummingbird,gender,p1406,1
287,heartfelt hummingbird,gender,p1407,2
288,heartfelt hummingbird,gender,p1409,1
289,heartfelt hummingbird,gender,p1412,1
290,heartfelt hummingbird,gender,p1414,1
291,heartfelt hummingbird,gender,p1424,1
292,heartfelt hummingbird,gender,p1425,1
293,heartfelt hummingbird,gender,p1429,2
294,heartfelt hummingbird,gender,p1434,1
295,heartfelt hummingbird,gender,p1441,1
296,heartfelt hummingbird,gender,p1445,1
297,heartfelt hummingbird,gender,p1450,1
298,heartfelt hummingbird,gender,p1454,1
299,heartfelt hummingbird,gender,p1456,1
300,heartfelt hummingbird,gender,p1457,2
301,heartfelt hummingbird,gender,p1458,1
302,heartfelt hummingbird,gender,p1469,1
303,heartfelt hummingbird,gender,p1470,1
304,heartfelt hummingbird,gender,p1481,1
305,heartfelt hummingbird,gender,p1488,2
306,heartfelt hummingbird,gender,p1492,1
307,heartfelt hummingbird,gender,p1495,1
308,heartfelt hummingbird,gender,p1497,2
309,heartfelt hummingbird,gender,p1499,1
310,heartfelt hummingbird,gender,p1503,1
311,heartfelt hummingbird,gender,p1511,1
312,heartfelt hummingbird,gender,p1512,2
313,heartfelt hummingbird,gender,p1518,2
314,heartfelt hummingbird,gender,p1519,2
315,heartfelt hummingbird,gender,p1520,2
316,heartfelt hummingbird,gender,p1524,2
317,heartfelt hummingbird,gender,p1526,2
318,heartfelt hummingbird,gender,p1537,1
319,heartfelt hummingbird,gender,p1545,2
320,heartfelt hummingbird,gender,p1547,2
321,heartfelt hummingbird,gender,p1552,1
322,heartfelt hummingbird,gender,p1567,1
323,heartfelt hummingbird,gender,p1568,2
324,heartfelt hummingbird,gender,p1579,2
325,heartfelt hummingbird,gender,p1587,2
326,heartfelt hummingbird,gender,p1596,1
327,heartfelt hummingbird,gender,p1600,1
328,heartfelt hummingbird,gender,p1603,2
329,heartfelt hummingbird,gender,p1604,2
330,heartfelt hummingbird,gender,p1610,2
331,heartfelt hummingbird,gender,p1618,1
332,heartfelt hummingbird,gender,p1619,1
333,heartfelt hummingbird,gender,p1622,1
334,heartfelt hummingbird,gender,p1623,1
335,heartfelt hummingbird,gender,p1630,1
336,heartfelt hummingbird,gender,p1641,1
337,heartfelt hummingbird,gender,p1649,1
338,heartfelt hummingbird,gender,p1652,1
339,heartfelt hummingbird,gender,p1665,1
340,heartfelt hummingbird,gender,p1669,1
341,heartfelt hummingbird,gender,p1685,1
342,heartfelt hummingbird,gender,p1693,2
343,heartfelt hummingbird,gender,p1698,1
344,heartfelt hummingbird,gender,p1704,1
345,heartfelt hummingbird,gender,p1711,1
346,heartfelt hummingbird,gender,p1718,1
347,heartfelt hummingbird,gender,p1732,1
348,heartfelt hummingbird,gender,p1739,1
349,heartfelt hummingbird,gender,p1741,1
350,heartfelt hummingbird,gender,p1746,1
351,heartfelt hummingbird,gender,p1751,1
352,heartfelt hummingbird,gender,p1754,2
353,heartfelt hummingbird,gender,p1769,2
354,heartfelt hummingbird,gender,p1771,2
355,heartfelt hummingbird,gender,p1776,1
356,heartfelt hummingbird,gender,p1780,1
357,heartfelt hummingbird,gender,p1785,2
358,heartfelt hummingbird,gender,p1791,1
359,heartfelt hummingbird,gender,p1793,1
360,heartfelt hummingbird,gender,p1796,1
361,heartfelt hummingbird,gender,p1805,1
362,heartfelt hummingbird,gender,p1812,1
363,heartfelt hummingbird,gender,p1816,2
364,heartfelt hummingbird,gender,p1819,1
365,heartfelt hummingbird,gender,p1825,1
366,heartfelt hummingbird,gender,p1836,1
367,heartfelt hummingbird,gender,p1839,2
368,heartfelt hummingbird,gender,p1861,1
369,heartfelt hummingbird,gender,p1863,1
370,heartfelt hummingbird,gender,p1873,1
371,heartfelt hummingbird,gender,p1875,1
372,heartfelt hummingbird,gender,p1876,2
373,heartfelt hummingbird,gender,p1877,2
374,heartfelt hummingbird,gender,p1880,2
375,heartfelt hummingbird,gender,p1883,1
376,heartfelt hummingbird,gender,p1889,1
377,heartfelt hummingbird,gender,p1893,1
378,heartfelt hummingbird,gender,p1896,1
379,heartfelt hummingbird,gender,p1913,1
380,heartfelt hummingbird,gender,p1922,1
381,heartfelt hummingbird,gender,p1930,1
382,heartfelt hummingbird,gender,p1935,1
383,heartfelt hummingbird,gender,p1940,1
384,heartfelt hummingbird,gender,p1948,2
385,heartfelt hummingbird,gender,p1950,2
386,heartfelt hummingbird,gender,p1954,1
387,heartfelt hummingbird,gender,p1956,2
388,heartfelt hummingbird,gender,p1958,1
389,heartfelt hummingbird,gender,p1967,2
390,heartfelt hummingbird,gender,p1973,1
391,heartfelt hummingbird,gender,p1978,1
392,heartfelt hummingbird,gender,p1983,1
393,heartfelt hummingbird,gender,p1984,2
394,heartfelt hummingbird,gender,p1995,1
395,heartfelt hummingbird,gender,p1996,2
396,heartfelt hummingbird,gender,p1997,1
397,heartfelt hummingbird,gender,p2001,2
398,heartfelt hummingbird,gender,p2002,2
399,heartfelt hummingbird,gender,p2013,2
400,heartfelt hummingbird,gender,p2014,2
401,heartfelt hummingbird,gender,p2016,1
402,heartfelt hummingbird,gender,p2018,1
403,heartfelt hummingbird,gender,p2023,2
404,heartfelt hummingbird,gender,p2025,1
405,heartfelt hummingbird,gender,p2028,1
406,heartfelt hummingbird,gender,p2030,2
407,heartfelt hummingbird,gender,p2033,1
408,heartfelt hummingbird,gender,p2040,1
409,heartfelt hummingbird,gender,p2051,2
410,heartfelt hummingbird,gender,p2052,1
411,heartfelt hummingbird,gender,p2066,1
412,heartfelt hummingbird,gender,p2067,1
413,heartfelt hummingbird,gender,p2073,1
414,heartfelt hummingbird,gender,p2077,2
415,heartfelt hummingbird,gender,p2078,2
416,heartfelt hummingbird,gender,p2086,1
417,heartfelt hummingbird,gender,p2089,1
418,heartfelt hummingbird,gender,p2093,1
419,heartfelt hummingbird,gender,p2094,2
420,heartfelt hummingbird,gender,p2111,2
421,heartfelt hummingbird,gender,p2117,2
422,heartfelt hummingbird,gender,p2121,1
423,heartfelt hummingbird,gender,p2127,1
424,heartfelt hummingbird,gender,p2141,1
425,heartfelt hummingbird,gender,p2142,2
426,heartfelt hummingbird,gender,p2143,1
427,heartfelt hummingbird,gender,p2153,2
428,heartfelt hummingbird,gender,p2155,2
429,heartfelt hummingbird,gender,p2169,1
430,heartfelt hummingbird,gender,p2187,1
431,heartfelt hummingbird,gender,p2188,1
432,heartfelt hummingbird,gender,p2197,2
433,heartfelt hummingbird,gender,p2213,2
434,heartfelt hummingbird,gender,p2214,2
435,heartfelt hummingbird,gender,p2215,2
436,heartfelt hummingbird,gender,p2220,1
437,heartfelt hummingbird,gender,p2223,2
438,heartfelt hummingbird,gender,p2229,1
439,heartfelt hummingbird,gender,p2234,2
440,heartfelt hummingbird,gender,p2237,2
441,heartfelt hummingbird,gender,p2238,1
442,heartfelt hummingbird,gender,p2244,2
443,heartfelt hummingbird,gender,p2248,2
444,heartfelt hummingbird,gender,p2252,1
445,heartfelt hummingbird,gender,p2255,1
446,heartfelt hummingbird,gender,p2261,1
447,heartfelt hummingbird,gender,p2263,2
448,heartfelt hummingbird,gender,p2273,2
449,heartfelt hummingbird,gender,p2275,2
450,heartfelt hummingbird,gender,p2276,2
451,heartfelt hummingbird,gender,p2283,2
452,heartfelt hummingbird,gender,p2287,2
453,heartfelt hummingbird,gender,p2296,1
454,heartfelt hummingbird,gender,p2298,1
455,heartfelt hummingbird,gender,p2304,1
456,heartfelt hummingbird,gender,p2310,2
457,heartfelt hummingbird,gender,p2322,2
458,heartfelt hummingbird,gender,p2326,2
459,heartfelt hummingbird,gender,p2330,2
460,heartfelt hummingbird,gender,p2331,1
461,heartfelt hummingbird,gender,p2333,1
462,heartfelt hummingbird,gender,p2347,2
463,heartfelt hummingbird,gender,p2350,2
464,heartfelt hummingbird,gender,p2351,1
465,heartfelt hummingbird,gender,p2353,2
466,heartfelt hummingbird,gender,p2355,2
467,heartfelt hummingbird,gender,p2363,2
468,heartfelt hummingbird,gender,p2378,2
469,heartfelt hummingbird,gender,p2380,1
470,heartfelt hummingbird,gender,p2387,2
471,heartfelt hummingbird,gender,p2398,1
472,heartfelt hummingbird,gender,p2400,1
473,heartfelt hummingbird,gender,p2403,2
474,heartfelt hummingbird,gender,p2408,2
475,heartfelt hummingbird,gender,p2418,2
476,heartfelt hummingbird,gender,p2426,1
477,heartfelt hummingbird,gender,p2428,2
478,heartfelt hummingbird,gender,p2434,2
479,heartfelt hummingbird,gender,p2446,1
480,heartfelt hummingbird,gender,p2452,1
481,heartfelt hummingbird,gender,p2454,2
482,heartfelt hummingbird,gender,p2462,1
483,heartfelt hummingbird,gender,p2467,1
484,heartfelt hummingbird,gender,p2482,2
485,heartfelt hummingbird,gender,p2489,1
486,heartfelt hummingbird,gender,p2490,2
487,heartfelt hummingbird,gender,p2494,2
488,heartfelt hummingbird,gender,p2502,1
489,heartfelt hummingbird,gender,p2503,2
490,heartfelt hummingbird,gender,p2522,1
491,heartfelt hummingbird,gender,p2524,1
492,heartfelt hummingbird,gender,p2533,2
493,heartfelt hummingbird,gender,p2566,2
494,heartfelt hummingbird,gender,p2571,1
495,heartfelt hummingbird,gender,p2573,1
496,heartfelt hummingbird,gender,p2582,1
497,heartfelt hummingbird,gender,p2591,1
498,heartfelt hummingbird,gender,p2592,2
499,heartfelt hummingbird,gender,p2595,2
500,heartfelt hummingbird,year_birth,p0016,1970
501,heartfelt hummingbird,year_birth,p0022,1991
502,heartfelt hummingbird,year_birth,p0023,1958
503,heartfelt hummingbird,year_birth,p0026,1965
504,heartfelt hummingbird,year_birth,p0034,1950
505,heartfelt hummingbird,year_birth,p0036,1994
506,heartfelt hummingbird,year_birth,p0037,1969
507,heartfelt hummingbird,year_birth,p0042,1960
508,heartfelt hummingbird,year_birth,p0057,1981
509,heartfelt hummingbird,year_birth,p0066,1966
510,heartfelt hummingbird,year_birth,p0069,1986
511,heartfelt hummingbird,year_birth,p0072,1987
512,heartfelt hummingbird,year_birth,p0073,1982
513,heartfelt hummingbird,year_birth,p0082,1973
514,heartfelt hummingbird,year_birth,p0091,1995
515,heartfelt hummingbird,year_birth,p0092,1980
516,heartfelt hummingbird,year_birth,p0093,1947
517,heartfelt hummingbird,year_birth,p0095,1946
518,heartfelt hummingbird,year_birth,p0107,1964
519,heartfelt hummingbird,year_birth,p0114,1987
520,heartfelt hummingbird,year_birth,p0116,1986
521,heartfelt hummingbird,year_birth,p0118,1998
522,heartfelt hummingbird,year_birth,p0119,1989
523,heartfelt hummingbird,year_birth,p0126,1961
524,heartfelt hummingbird,year_birth,p0129,1951
525,heartfelt hummingbird,year_birth,p0136,1986
526,heartfelt hummingbird,year_birth,p0138,1947
527,heartfelt hummingbird,year_birth,p0144,1989
528,heartfelt hummingbird,year_birth,p0150,1975
529,heartfelt hummingbird,year_birth,p0152,1973
530,heartfelt hummingbird,year_birth,p0158,1948
531,heartfelt hummingbird,year_birth,p0161,1984
532,heartfelt hummingbird,year_birth,p0164,1955
533,heartfelt hummingbird,year_birth,p0175,1954
534,heartfelt hummingbird,year_birth,p0177,1972
535,heartfelt hummingbird,year_birth,p0178,1991
536,heartfelt hummingbird,year_birth,p0181,1970
537,heartfelt hummingbird,year_birth,p0186,1968
538,heartfelt hummingbird,year_birth,p0196,1993
539,heartfelt hummingbird,year_birth,p0198,1949
540,heartfelt hummingbird,year_birth,p0202,1950
541,heartfelt hummingbird,year_birth,p0205,1944
542,heartfelt hummingbird,year_birth,p0207,1932
543,heartfelt hummingbird,year_birth,p0211,1947
544,heartfelt hummingbird,year_birth,p0227,1978
545,heartfelt hummingbird,year_birth,p0229,1957
546,heartfelt hummingbird,year_birth,p0232,1939
547,heartfelt hummingbird,year_birth,p0233,1951
548,heartfelt hummingbird,year_birth,p0237,1984
549,heartfelt hummingbird,year_birth,p0258,1936
550,heartfelt hummingbird,year_birth,p0268,1927
551,heartfelt hummingbird,year_birth,p0274,1981
552,heartfelt hummingbird,year_birth,p0275,1970
553,heartfelt hummingbird,year_birth,p0277,1975
554,heartfelt hummingbird,year_birth,p0288,1970
555,heartfelt hummingbird,year_birth,p0291,1936
556,heartfelt hummingbird,year_birth,p0307,1996
557,heartfelt hummingbird,year_birth,p0308,1998
558,heartfelt hummingbird,year_birth,p0317,1960
559,heartfelt hummingbird,year_birth,p0325,1989
560,heartfelt hummingbird,year_birth,p0327,1958
561,heartfelt hummingbird,year_birth,p0334,1956
562,heartfelt hummingbird,year_birth,p0336,1987
563,heartfelt hummingbird,year_birth,p0338,1977
564,heartfelt hummingbird,year_birth,p0342,1981
565,heartfelt hummingbird,year_birth,p0349,1975
566,heartfelt hummingbird,year_birth,p0356,1991
567,heartfelt hummingbird,year_birth,p0358,1956
568,heartfelt hummingbird,year_birth,p0363,1956
569,heartfelt hummingbird,year_birth,p0364,1981
570,heartfelt hummingbird,year_birth,p0369,1989
571,heartfelt hummingbird,year_birth,p0370,1983
572,heartfelt hummingbird,year_birth,p0371,1959
573,heartfelt hummingbird,year_birth,p0379,1962
574,heartfelt hummingbird,year_birth,p0386,1986
575,heartfelt hummingbird,year_birth,p0396,1987
576,heartfelt hummingbird,year_birth,p0403,1988
577,heartfelt hummingbird,year_birth,p0405,1990
578,heartfelt hummingbird,year_birth,p0412,1963
579,heartfelt hummingbird,year_birth,p0415,1992
580,heartfelt hummingbird,year_birth,p0416,1982
581,heartfelt hummingbird,year_birth,p0417,1983
582,heartfelt hummingbird,year_birth,p0418,1952
583,heartfelt hummingbird,year_birth,p0430,1944
584,heartfelt hummingbird,year_birth,p0431,1998
585,heartfelt hummingbird,year_birth,p0434,1964
586,heartfelt hummingbird,year_birth,p0438,1977
587,heartfelt hummingbird,year_birth,p0441,1988
588,heartfelt hummingbird,year_birth,p0442,1994
589,heartfelt hummingbird,year_birth,p0449,1957
590,heartfelt hummingbird,year_birth,p0450,1951
591,heartfelt hummingbird,year_birth,p0465,1965
592,heartfelt hummingbird,year_birth,p0471,1987
593,heartfelt hummingbird,year_birth,p0477,1970
594,heartfelt hummingbird,year_birth,p0483,1993
595,heartfelt hummingbird,year_birth,p0486,1990
596,heartfelt hummingbird,year_birth,p0487,1983
597,heartfelt hummingbird,year_birth,p0489,1959
598,heartfelt hummingbird,year_birth,p0497,1946
599,heartfelt hummingbird,year_birth,p0502,1953
600,heartfelt hummingbird,year_birth,p0503,1991
601,heartfelt hummingbird,year_birth,p0506,1987
602,heartfelt hummingbird,year_birth,p0511,1989
603,heartfelt hummingbird,year_birth,p0523,1993
604,heartfelt hummingbird,year_birth,p0534,1954
605,heartfelt hummingbird,year_birth,p0536,1982
606,heartfelt hummingbird,year_birth,p0542,1948
607,heartfelt hummingbird,year_birth,p0547,1954
608,heartfelt hummingbird,year_birth,p0553,1966
609,heartfelt hummingbird,year_birth,p0559,1991
610,heartfelt hummingbird,year_birth,p0566,1984
611,heartfelt hummingbird,year_birth,p0568,1972
612,heartfelt hummingbird,year_birth,p0570,1977
613,heartfelt hummingbird,year_birth,p0573,1987
614,heartfelt hummingbird,year_birth,p0578,1967
615,heartfelt hummingbird,year_birth,p0594,1984
616,heartfelt hummingbird,year_birth,p0597,1958
617,heartfelt hummingbird,year_birth,p0601,1996
618,heartfelt hummingbird,year_birth,p0602,1952
619,heartfelt hummingbird,year_birth,p0605,1987
620,heartfelt hummingbird,year_birth,p0615,1966
621,heartfelt hummingbird,year_birth,p0620,1994
622,heartfelt hummingbird,year_birth,p0626,1980
623,heartfelt hummingbird,year_birth,p0629,1995
624,heartfelt hummingbird,year_birth,p0633,1996
625,heartfelt hummingbird,year_birth,p0638,1989
626,heartfelt hummingbird,year_birth,p0639,1976
627,heartfelt hummingbird,year_birth,p0640,1951
628,heartfelt hummingbird,year_birth,p0655,1998
629,heartfelt hummingbird,year_birth,p0656,1991
630,heartfelt hummingbird,year_birth,p0658,1968
631,heartfelt hummingbird,year_birth,p0661,1988
632,heartfelt hummingbird,year_birth,p0669,1960
633,heartfelt hummingbird,year_birth,p0670,1980
634,heartfelt hummingbird,year_birth,p0672,1973
635,heartfelt hummingbird,year_birth,p0674,1985
636,heartfelt hummingbird,year_birth,p0678,1978
637,heartfelt hummingbird,year_birth,p0683,1949
638,heartfelt hummingbird,year_birth,p0686,1977
639,heartfelt hummingbird,year_birth,p0687,1953
640,heartfelt hummingbird,year_birth,p0698,1963
641,heartfelt hummingbird,year_birth,p0700,1981
642,heartfelt hummingbird,year_birth,p0703,1970
643,heartfelt hummingbird,year_birth,p0718,1984
644,heartfelt hummingbird,year_birth,p0744,1987
645,heartfelt hummingbird,year_birth,p0745,1987
646,heartfelt hummingbird,year_birth,p0753,1992
647,heartfelt hummingbird,year_birth,p0770,1985
648,heartfelt hummingbird,year_birth,p0771,1964
649,heartfelt hummingbird,year_birth,p0777,1982
650,heartfelt hummingbird,year_birth,p0779,1964
651,heartfelt hummingbird,year_birth,p0780,1970
652,heartfelt hummingbird,year_birth,p0783,1947
653,heartfelt hummingbird,year_birth,p0785,1994
654,heartfelt hummingbird,year_birth,p0786,1970
655,heartfelt hummingbird,year_birth,p0794,1952
656,heartfelt hummingbird,year_birth,p0798,1947
657,heartfelt hummingbird,year_birth,p0800,1967
658,heartfelt hummingbird,year_birth,p0820,1982
659,heartfelt hummingbird,year_birth,p0841,1985
660,heartfelt hummingbird,year_birth,p0849,1970
661,heartfelt hummingbird,year_birth,p0862,1989
662,heartfelt hummingbird,year_birth,p0867,1969
663,heartfelt hummingbird,year_birth,p0869,1955
664,heartfelt hummingbird,year_birth,p0872,1972
665,heartfelt hummingbird,year_birth,p0880,1993
666,heartfelt hummingbird,year_birth,p0891,1984
667,heartfelt hummingbird,year_birth,p0916,1989
668,heartfelt hummingbird,year_birth,p0917,1987
669,heartfelt hummingbird,year_birth,p0919,1991
670,heartfelt hummingbird,year_birth,p0922,1957
671,heartfelt hummingbird,year_birth,p0925,1966
672,heartfelt hummingbird,year_birth,p0927,1990
673,heartfelt hummingbird,year_birth,p0929,1991
674,heartfelt hummingbird,year_birth,p0930,1984
675,heartfelt hummingbird,year_birth,p0931,1958
676,heartfelt hummingbird,year_birth,p0933,1986
677,heartfelt hummingbird,year_birth,p0934,1978
678,heartfelt hummingbird,year_birth,p0936,1976
679,heartfelt hummingbird,year_birth,p0938,1982
680,heartfelt hummingbird,year_birth,p0939,1984
681,heartfelt hummingbird,year_birth,p0946,1980
682,heartfelt hummingbird,year_birth,p0951,1963
683,heartfelt hummingbird,year_birth,p0956,1988
684,heartfelt hummingbird,year_birth,p0962,1942
685,heartfelt hummingbird,year_birth,p0963,1990
686,heartfelt hummingbird,year_birth,p0969,1960
687,heartfelt hummingbird,year_birth,p0972,1956
688,heartfelt hummingbird,year_birth,p0975,1952
689,heartfelt hummingbird,year_birth,p0985,1994
690,heartfelt hummingbird,year_birth,p0993,1983
691,heartfelt hummingbird,year_birth,p0996,1956
692,heartfelt hummingbird,year_birth,p1011,1961
693,heartfelt hummingbird,year_birth,p1017,1992
694,heartfelt hummingbird,year_birth,p1020,1953
695,heartfelt hummingbird,year_birth,p1022,1995
696,heartfelt hummingbird,year_birth,p1024,1972
697,heartfelt hummingbird,year_birth,p1027,1996
698,heartfelt hummingbird,year_birth,p1028,1985
699,heartfelt hummingbird,year_birth,p1029,1986
700,heartfelt hummingbird,year_birth,p1032,1972
701,heartfelt hummingbird,year_birth,p1040,1990
702,heartfelt hummingbird,year_birth,p1047,1997
703,heartfelt hummingbird,year_birth,p1048,1985
704,heartfelt hummingbird,year_birth,p1053,1987
705,heartfelt hummingbird,year_birth,p1057,1986
706,heartfelt hummingbird,year_birth,p1058,1988
707,heartfelt hummingbird,year_birth,p1063,1960
708,heartfelt hummingbird,year_birth,p1064,1955
709,heartfelt hummingbird,year_birth,p1065,1955
710,heartfelt hummingbird,year_birth,p1069,1981
711,heartfelt hummingbird,year_birth,p1072,1986
712,heartfelt hummingbird,year_birth,p1073,1980
713,heartfelt hummingbird,year_birth,p1075,1965
714,heartfelt hummingbird,year_birth,p1076,1997
715,heartfelt hummingbird,year_birth,p1083,1950
716,heartfelt hummingbird,year_birth,p1089,1992
717,heartfelt hummingbird,year_birth,p1093,1995
718,heartfelt hummingbird,year_birth,p1096,1988
719,heartfelt hummingbird,year_birth,p1100,1972
720,heartfelt hummingbird,year_birth,p1106,1988
721,heartfelt hummingbird,year_birth,p1107,1955
722,heartfelt hummingbird,year_birth,p1113,1984
723,heartfelt hummingbird,year_birth,p1117,1940
724,heartfelt hummingbird,year_birth,p1120,1956
725,heartfelt hummingbird,year_birth,p1134,1951
726,heartfelt hummingbird,year_birth,p1136,1967
727,heartfelt hummingbird,year_birth,p1138,1969
728,heartfelt hummingbird,year_birth,p1144,1962
729,heartfelt hummingbird,year_birth,p1145,1952
730,heartfelt hummingbird,year_birth,p1147,1989
731,heartfelt hummingbird,year_birth,p1148,1982
732,heartfelt hummingbird,year_birth,p1154,1985
733,heartfelt hummingbird,year_birth,p1159,1957
734,heartfelt hummingbird,year_birth,p1167,1965
735,heartfelt hummingbird,year_birth,p1175,1989
736,heartfelt hummingbird,year_birth,p1178,1989
737,heartfelt hummingbird,year_birth,p1184,1979
738,heartfelt hummingbird,year_birth,p1186,1970
739,heartfelt hummingbird,year_birth,p1196,1996
740,heartfelt hummingbird,year_birth,p1197,1974
741,heartfelt hummingbird,year_birth,p1203,1954
742,heartfelt hummingbird,year_birth,p1219,1994
743,heartfelt hummingbird,year_birth,p1225,1952
744,heartfelt hummingbird,year_birth,p1234,1996
745,heartfelt hummingbird,year_birth,p1242,1954
746,heartfelt hummingbird,year_birth,p1244,1976
747,heartfelt hummingbird,year_birth,p1249,1972
748,heartfelt hummingbird,year_birth,p1250,1960
749,heartfelt hummingbird,year_birth,p1256,1979
750,heartfelt hummingbird,year_birth,p1258,1986
751,heartfelt hummingbird,year_birth,p1260,1982
752,heartfelt hummingbird,year_birth,p1262,1972
753,heartfelt hummingbird,year_birth,p1264,1997
754,heartfelt hummingbird,year_birth,p1265,1987
755,heartfelt hummingbird,year_birth,p1269,1983
756,heartfelt hummingbird,year_birth,p1272,1998
757,heartfelt hummingbird,year_birth,p1278,1988
758,heartfelt hummingbird,year_birth,p1281,1989
759,heartfelt hummingbird,year_birth,p1292,1990
760,heartfelt hummingbird,year_birth,p1299,1964
761,heartfelt hummingbird,year_birth,p1312,1984
762,heartfelt hummingbird,year_birth,p1322,1986
763,heartfelt hummingbird,year_birth,p1326,1985
764,heartfelt hummingbird,year_birth,p1330,1962
765,heartfelt hummingbird,year_birth,p1335,1991
766,heartfelt hummingbird,year_birth,p1337,1965
767,heartfelt hummingbird,year_birth,p1340,1983
768,heartfelt hummingbird,year_birth,p1345,1960
769,heartfelt hummingbird,year_birth,p1351,1932
770,heartfelt hummingbird,year_birth,p1355,1991
771,heartfelt hummingbird,year_birth,p1362,1941
772,heartfelt hummingbird,year_birth,p1365,1961
773,heartfelt hummingbird,year_birth,p1366,1958
774,heartfelt hummingbird,year_birth,p1367,1984
775,heartfelt hummingbird,year_birth,p1370,1936
776,heartfelt hummingbird,year_birth,p1371,1969
777,heartfelt hummingbird,year_birth,p1373,1991
778,heartfelt hummingbird,year_birth,p1375,1980
779,heartfelt hummingbird,year_birth,p1376,1986
780,heartfelt hummingbird,year_birth,p1379,1977
781,heartfelt hummingbird,year_birth,p1381,1952
782,heartfelt hummingbird,year_birth,p1393,1974
783,heartfelt hummingbird,year_birth,p1396,1970
784,heartfelt hummingbird,year_birth,p1398,1978
785,heartfelt hummingbird,year_birth,p1404,1960
786,heartfelt hummingbird,year_birth,p1406,1961
787,heartfelt hummingbird,year_birth,p1407,1987
788,heartfelt hummingbird,year_birth,p1409,1954
789,heartfelt hummingbird,year_birth,p1412,1966
790,heartfelt hummingbird,year_birth,p1414,1981
791,heartfelt hummingbird,year_birth,p1424,1968
792,heartfelt hummingbird,year_birth,p1425,1968
793,heartfelt hummingbird,year_birth,p1429,1971
794,heartfelt hummingbird,year_birth,p1434,1976
795,heartfelt hummingbird,year_birth,p1441,1975
796,heartfelt hummingbird,year_birth,p1445,1956
797,heartfelt hummingbird,year_birth,p1450,1993
798,heartfelt hummingbird,year_birth,p1454,1967
799,heartfelt hummingbird,year_birth,p1456,1978
800,heartfelt hummingbird,year_birth,p1457,1987
801,heartfelt hummingbird,year_birth,p1458,1966
802,heartfelt hummingbird,year_birth,p1469,1979
803,heartfelt hummingbird,year_birth,p1470,1961
804,heartfelt hummingbird,year_birth,p1481,1958
805,heartfelt hummingbird,year_birth,p1488,1973
806,heartfelt hummingbird,year_birth,p1492,1976
807,heartfelt hummingbird,year_birth,p1495,1943
808,heartfelt hummingbird,year_birth,p1497,1965
809,heartfelt hummingbird,year_birth,p1499,1993
810,heartfelt hummingbird,year_birth,p1503,1963
811,heartfelt hummingbird,year_birth,p1511,1960
812,heartfelt hummingbird,year_birth,p1512,1989
813,heartfelt hummingbird,year_birth,p1518,1992
814,heartfelt hummingbird,year_birth,p1519,1995
815,heartfelt hummingbird,year_birth,p1520,1988
816,heartfelt hummingbird,year_birth,p1524,1968
817,heartfelt hummingbird,year_birth,p1526,1982
818,heartfelt hummingbird,year_birth,p1537,1937
819,heartfelt hummingbird,year_birth,p1545,1975
820,heartfelt hummingbird,year_birth,p1547,1968
821,heartfelt hummingbird,year_birth,p1552,1989
822,heartfelt hummingbird,year_birth,p1567,1949
823,heartfelt hummingbird,year_birth,p1568,1950
824,heartfelt hummingbird,year_birth,p1579,1951
825,heartfelt hummingbird,year_birth,p1587,1965
826,heartfelt hummingbird,year_birth,p1596,1953
827,heartfelt hummingbird,year_birth,p1600,1974
828,heartfelt hummingbird,year_birth,p1603,1990
829,heartfelt hummingbird,year_birth,p1604,1955
830,heartfelt hummingbird,year_birth,p1610,1978
831,heartfelt hummingbird,year_birth,p1618,1971
832,heartfelt hummingbird,year_birth,p1619,1948
833,heartfelt hummingbird,year_birth,p1622,1956
834,heartfelt hummingbird,year_birth,p1623,1971
835,heartfelt hummingbird,year_birth,p1630,1999
836,heartfelt hummingbird,year_birth,p1641,1944
837,heartfelt hummingbird,year_birth,p1649,1943
838,heartfelt hummingbird,year_birth,p1652,1971
839,heartfelt hummingbird,year_birth,p1665,1980
840,heartfelt hummingbird,year_birth,p1669,1968
841,heartfelt hummingbird,year_birth,p1685,1956
842,heartfelt hummingbird,year_birth,p1693,1986
843,heartfelt hummingbird,year_birth,p1698,1973
844,heartfelt hummingbird,year_birth,p1704,1976
845,heartfelt hummingbird,year_birth,p1711,1969
846,heartfelt hummingbird,year_birth,p1718,1975
847,heartfelt hummingbird,year_birth,p1732,1971
848,heartfelt hummingbird,year_birth,p1739,1943
849,heartfelt hummingbird,year_birth,p1741,1942
850,heartfelt hummingbird,year_birth,p1746,1975
851,heartfelt hummingbird,year_birth,p1751,1987
852,heartfelt hummingbird,year_birth,p1754,1959
853,heartfelt hummingbird,year_birth,p1769,1971
854,heartfelt hummingbird,year_birth,p1771,1968
855,heartfelt hummingbird,year_birth,p1776,1953
856,heartfelt hummingbird,year_birth,p1780,1969
857,heartfelt hummingbird,year_birth,p1785,1979
858,heartfelt hummingbird,year_birth,p1791,1986
859,heartfelt hummingbird,year_birth,p1793,1957
860,heartfelt hummingbird,year_birth,p1796,1952
861,heartfelt hummingbird,year_birth,p1805,1981
862,heartfelt hummingbird,year_birth,p1812,1979
863,heartfelt hummingbird,year_birth,p1816,1972
864,heartfelt hummingbird,year_birth,p1819,1972
865,heartfelt hummingbird,year_birth,p1825,1951
866,heartfelt hummingbird,year_birth,p1836,1995
867,heartfelt hummingbird,year_birth,p1839,1940
868,heartfelt hummingbird,year_birth,p1861,1961
869,heartfelt hummingbird,year_birth,p1863,1930
870,heartfelt hummingbird,year_birth,p1873,1979
871,heartfelt hummingbird,year_birth,p1875,1955
872,heartfelt hummingbird,year_birth,p1876,1971
873,heartfelt hummingbird,year_birth,p1877,1996
874,heartfelt hummingbird,year_birth,p1880,1977
875,heartfelt hummingbird,year_birth,p1883,1970
876,heartfelt hummingbird,year_birth,p1889,1978
877,heartfelt hummingbird,year_birth,p1893,1982
878,heartfelt hummingbird,year_birth,p1896,1991
879,heartfelt hummingbird,year_birth,p1913,1969
880,heartfelt hummingbird,year_birth,p1922,1942
881,heartfelt hummingbird,year_birth,p1930,1970
882,heartfelt hummingbird,year_birth,p1935,1946
883,heartfelt hummingbird,year_birth,p1940,1977
884,heartfelt hummingbird,year_birth,p1948,1994
885,heartfelt hummingbird,year_birth,p1950,1963
886,heartfelt hummingbird,year_birth,p1954,1972
887,heartfelt hummingbird,year_birth,p1956,1959
888,heartfelt hummingbird,year_birth,p1958,1978
889,heartfelt hummingbird,year_birth,p1967,1979
890,heartfelt hummingbird,year_birth,p1973,1995
891,heartfelt hummingbird,year_birth,p1978,1953
892,heartfelt hummingbird,year_birth,p1983,1976
893,heartfelt hummingbird,year_birth,p1984,1956
894,heartfelt hummingbird,year_birth,p1995,1942
895,heartfelt hummingbird,year_birth,p1996,1977
896,heartfelt hummingbird,year_birth,p1997,1972
897,heartfelt hummingbird,year_birth,p2001,1977
898,heartfelt hummingbird,year_birth,p2002,1968
899,heartfelt hummingbird,year_birth,p2013,1980
900,heartfelt hummingbird,year_birth,p2014,1968
901,heartfelt hummingbird,year_birth,p2016,1962
902,heartfelt hummingbird,year_birth,p2018,1980
903,heartfelt hummingbird,year_birth,p2023,1969
904,heartfelt hummingbird,year_birth,p2025,1937
905,heartfelt hummingbird,year_birth,p2028,1953
906,heartfelt hummingbird,year_birth,p2030,1973
907,heartfelt hummingbird,year_birth,p2033,1978
908,heartfelt hummingbird,year_birth,p2040,1947
909,heartfelt hummingbird,year_birth,p2051,1991
910,heartfelt hummingbird,year_birth,p2052,1971
911,heartfelt hummingbird,year_birth,p2066,1942
912,heartfelt hummingbird,year_birth,p2067,1953
913,heartfelt hummingbird,year_birth,p2073,1994
914,heartfelt hummingbird,year_birth,p2077,1994
915,heartfelt hummingbird,year_birth,p2078,1988
916,heartfelt hummingbird,year_birth,p2086,1964
917,heartfelt hummingbird,year_birth,p2089,1981
918,heartfelt hummingbird,year_birth,p2093,1956
919,heartfelt hummingbird,year_birth,p2094,1945
920,heartfelt hummingbird,year_birth,p2111,1997
921,heartfelt hummingbird,year_birth,p2117,1979
922,heartfelt hummingbird,year_birth,p2121,1958
923,heartfelt hummingbird,year_birth,p2127,1969
924,heartfelt hummingbird,year_birth,p2141,1996
925,heartfelt hummingbird,year_birth,p2142,1999
926,heartfelt hummingbird,year_birth,p2143,1971
927,heartfelt hummingbird,year_birth,p2153,1984
928,heartfelt hummingbird,year_birth,p2155,1973
929,heartfelt hummingbird,year_birth,p2169,1961
930,heartfelt hummingbird,year_birth,p2187,1991
931,heartfelt hummingbird,year_birth,p2188,1974
932,heartfelt hummingbird,year_birth,p2197,1986
933,heartfelt hummingbird,year_birth,p2213,1997
934,heartfelt hummingbird,year_birth,p2214,1989
935,heartfelt hummingbird,year_birth,p2215,1992
936,heartfelt hummingbird,year_birth,p2220,1971
937,heartfelt hummingbird,year_birth,p2223,1990
938,heartfelt hummingbird,year_birth,p2229,1985
939,heartfelt hummingbird,year_birth,p2234,1991
940,heartfelt hummingbird,year_birth,p2237,1960
941,heartfelt hummingbird,year_birth,p2238,1957
942,heartfelt hummingbird,year_birth,p2244,1987
943,heartfelt hummingbird,year_birth,p2248,1966
944,heartfelt hummingbird,year_birth,p2252,1999
945,heartfelt hummingbird,year_birth,p2255,1950
946,heartfelt hummingbird,year_birth,p2261,1960
947,heartfelt hummingbird,year_birth,p2263,1974
948,heartfelt hummingbird,year_birth,p2273,1993
949,heartfelt hummingbird,year_birth,p2275,1984
950,heartfelt hummingbird,year_birth,p2276,1985
951,heartfelt hummingbird,year_birth,p2283,1964
952,heartfelt hummingbird,year_birth,p2287,1957
953,heartfelt hummingbird,year_birth,p2296,1992
954,heartfelt hummingbird,year_birth,p2298,1994
955,heartfelt hummingbird,year_birth,p2304,1995
956,heartfelt hummingbird,year_birth,p2310,1986
957,heartfelt hummingbird,year_birth,p2322,1988
958,heartfelt hummingbird,year_birth,p2326,1990
959,heartfelt hummingbird,year_birth,p2330,1996
960,heartfelt hummingbird,year_birth,p2331,1997
961,heartfelt hummingbird,year_birth,p2333,1967
962,heartfelt hummingbird,year_birth,p2347,1972
963,heartfelt hummingbird,year_birth,p2350,1989
964,heartfelt hummingbird,year_birth,p2351,1986
965,heartfelt hummingbird,year_birth,p2353,1998
966,heartfelt hummingbird,year_birth,p2355,1988
967,heartfelt hummingbird,year_birth,p2363,1982
968,heartfelt hummingbird,year_birth,p2378,1994
969,heartfelt hummingbird,year_birth,p2380,1994
970,heartfelt hummingbird,year_birth,p2387,1986
971,heartfelt hummingbird,year_birth,p2398,1990
972,heartfelt hummingbird,year_birth,p2400,1961
973,heartfelt hummingbird,year_birth,p2403,1971
974,heartfelt hummingbird,year_birth,p2408,1980
975,heartfelt hummingbird,year_birth,p2418,1987
976,heartfelt hummingbird,year_birth,p2426,1951
977,heartfelt hummingbird,year_birth,p2428,1989
978,heartfelt hummingbird,year_birth,p2434,1968
979,heartfelt hummingbird,year_birth,p2446,1983
980,heartfelt hummingbird,year_birth,p2452,1975
981,heartfelt hummingbird,year_birth,p2454,1978
982,heartfelt hummingbird,year_birth,p2462,1993
983,heartfelt hummingbird,year_birth,p2467,1972
984,heartfelt hummingbird,year_birth,p2482,1967
985,heartfelt hummingbird,year_birth,p2489,1952
986,heartfelt hummingbird,year_birth,p2490,1998
987,heartfelt hummingbird,year_birth,p2494,1947
988,heartfelt hummingbird,year_birth,p2502,1955
989,heartfelt hummingbird,year_birth,p2503,1987
990,heartfelt hummingbird,year_birth,p2522,1945
991,heartfelt hummingbird,year_birth,p2524,1946
992,heartfelt hummingbird,year_birth,p2533,1951
993,heartfelt hummingbird,year_birth,p2566,1968
994,heartfelt hummingbird,year_birth,p2571,1952
995,heartfelt hummingbird,year_birth,p2573,1969
996,heartfelt hummingbird,year_birth,p2582,1985
997,heartfelt hummingbird,year_birth,p2591,1986
998,heartfelt hummingbird,year_birth,p2592,1981
999,heartfelt hummingbird,year_birth,p2595,1973
1000,heartfelt hummingbird,race,p0016,1
1001,heartfelt hummingbird,race,p0022,1
1002,heartfelt hummingbird,race,p0023,1
1003,heartfelt hummingbird,race,p0026,1
1004,heartfelt hummingbird,race,p0034,1
1005,heartfelt hummingbird,race,p0036,1
1006,heartfelt hummingbird,race,p0037,1
1007,heartfelt hummingbird,race,p0042,1
1008,heartfelt hummingbird,race,p0057,1
1009,heartfelt hummingbird,race,p0066,1
1010,heartfelt hummingbird,race,p0069,1
1011,heartfelt hummingbird,race,p0072,1
1012,heartfelt hummingbird,race,p0073,1
1013,heartfelt hummingbird,race,p0082,1
1014,heartfelt hummingbird,race,p0091,1
1015,heartfelt hummingbird,race,p0092,2
1016,heartfelt hummingbird,race,p0093,1
1017,heartfelt hummingbird,race,p0095,1
1018,heartfelt hummingbird,race,p0107,1
1019,heartfelt hummingbird,race,p0114,1
1020,heartfelt hummingbird,race,p0116,1
1021,heartfelt hummingbird,race,p0118,1
1022,heartfelt hummingbird,race,p0119,1
1023,heartfelt hummingbird,race,p0126,1
1024,heartfelt hummingbird,race,p0129,1
1025,heartfelt hummingbird,race,p0136,1
1026,heartfelt hummingbird,race,p0138,1
1027,heartfelt hummingbird,race,p0144,5
1028,heartfelt hummingbird,race,p0150,2
1029,heartfelt hummingbird,race,p0152,1
1030,heartfelt hummingbird,race,p0158,1
1031,heartfelt hummingbird,race,p0161,1
1032,heartfelt hummingbird,race,p0164,1
1033,heartfelt hummingbird,race,p0175,1
1034,heartfelt hummingbird,race,p0177,5
1035,heartfelt hummingbird,race,p0178,1
1036,heartfelt hummingbird,race,p0181,1
1037,heartfelt hummingbird,race,p0186,1
1038,heartfelt hummingbird,race,p0196,1
1039,heartfelt hummingbird,race,p0198,1
1040,heartfelt hummingbird,race,p0202,1
1041,heartfelt hummingbird,race,p0205,1
1042,heartfelt hummingbird,race,p0207,1
1043,heartfelt hummingbird,race,p0211,1
1044,heartfelt hummingbird,race,p0227,5
1045,heartfelt hummingbird,race,p0229,2
1046,heartfelt hummingbird,race,p0232,1
1047,heartfelt hummingbird,race,p0233,1
1048,heartfelt hummingbird,race,p0237,1
1049,heartfelt hummingbird,race,p0258,1
1050,heartfelt hummingbird,race,p0268,1
1051,heartfelt hummingbird,race,p0274,2
1052,heartfelt hummingbird,race,p0275,2
1053,heartfelt hummingbird,race,p0277,2
1054,heartfelt hummingbird,race,p0288,2
1055,heartfelt hummingbird,race,p0291,1
1056,heartfelt hummingbird,race,p0307,1
1057,heartfelt hummingbird,race,p0308,1
1058,heartfelt hummingbird,race,p0317,1
1059,heartfelt hummingbird,race,p0325,1
1060,heartfelt hummingbird,race,p0327,1
1061,heartfelt hummingbird,race,p0334,1
1062,heartfelt hummingbird,race,p0336,1
1063,heartfelt hummingbird,race,p0338,1
1064,heartfelt hummingbird,race,p0342,2
1065,heartfelt hummingbird,race,p0349,1
1066,heartfelt hummingbird,race,p0356,1
1067,heartfelt hummingbird,race,p0358,1
1068,heartfelt hummingbird,race,p0363,1
1069,heartfelt hummingbird,race,p0364,1
1070,heartfelt hummingbird,race,p0369,1
1071,heartfelt hummingbird,race,p0370,1
1072,heartfelt hummingbird,race,p0371,1
1073,heartfelt hummingbird,race,p0379,1
1074,heartfelt hummingbird,race,p0386,1
1075,heartfelt hummingbird,race,p0396,1
1076,heartfelt hummingbird,race,p0403,2
1077,heartfelt hummingbird,race,p0405,1
1078,heartfelt hummingbird,race,p0412,1
1079,heartfelt hummingbird,race,p0415,1
1080,heartfelt hummingbird,race,p0416,1
1081,heartfelt hummingbird,race,p0417,1
1082,heartfelt hummingbird,race,p0418,1
1083,heartfelt hummingbird,race,p0430,1
1084,heartfelt hummingbird,race,p0431,1
1085,heartfelt hummingbird,race,p0434,1
1086,heartfelt hummingbird,race,p0438,1
1087,heartfelt hummingbird,race,p0441,5
1088,heartfelt hummingbird,race,p0442,2
1089,heartfelt hummingbird,race,p0449,1
1090,heartfelt hummingbird,race,p0450,1
1091,heartfelt hummingbird,race,p0465,1
1092,heartfelt hummingbird,race,p0471,1
1093,heartfelt hummingbird,race,p0477,1
1094,heartfelt hummingbird,race,p0483,2
1095,heartfelt hummingbird,race,p0486,1
1096,heartfelt hummingbird,race,p0487,1
1097,heartfelt hummingbird,race,p0489,1
1098,heartfelt hummingbird,race,p0497,1
1099,heartfelt hummingbird,race,p0502,1
1100,heartfelt hummingbird,race,p0503,1
1101,heartfelt hummingbird,race,p0506,1
1102,heartfelt hummingbird,race,p0511,1
1103,heartfelt hummingbird,race,p0523,1
1104,heartfelt hummingbird,race,p0534,1
1105,heartfelt hummingbird,race,p0536,1
1106,heartfelt hummingbird,race,p0542,1
1107,heartfelt hummingbird,race,p0547,1
1108,heartfelt hummingbird,race,p0553,1
1109,heartfelt hummingbird,race,p0559,1
1110,heartfelt hummingbird,race,p0566,1
1111,heartfelt hummingbird,race,p0568,5
1112,heartfelt hummingbird,race,p0570,2
1113,heartfelt hummingbird,race,p0573,1
1114,heartfelt hummingbird,race,p0578,1
1115,heartfelt hummingbird,race,p0594,1
1116,heartfelt hummingbird,race,p0597,1
1117,heartfelt hummingbird,race,p0601,1
1118,heartfelt hummingbird,race,p0602,1
1119,heartfelt hummingbird,race,p0605,1
1120,heartfelt hummingbird,race,p0615,1
1121,heartfelt hummingbird,race,p0620,1
1122,heartfelt hummingbird,race,p0626,1
1123,heartfelt hummingbird,race,p0629,1
1124,heartfelt hummingbird,race,p0633,1
1125,heartfelt hummingbird,race,p0638,1
1126,heartfelt hummingbird,race,p0639,1
1127,heartfelt hummingbird,race,p0640,1
1128,heartfelt hummingbird,race,p0655,1
1129,heartfelt hummingbird,race,p0656,2
1130,heartfelt hummingbird,race,p0658,1
1131,heartfelt hummingbird,race,p0661,1
1132,heartfelt hummingbird,race,p0669,1
1133,heartfelt hummingbird,race,p0670,2
1134,heartfelt hummingbird,race,p0672,5
1135,heartfelt hummingbird,race,p0674,1
1136,heartfelt hummingbird,race,p0678,1
1137,heartfelt hummingbird,race,p0683,1
1138,heartfelt hummingbird,race,p0686,1
1139,heartfelt hummingbird,race,p0687,5
1140,heartfelt hummingbird,race,p0698,1
1141,heartfelt hummingbird,race,p0700,1
1142,heartfelt hummingbird,race,p0703,1
1143,heartfelt hummingbird,race,p0718,2
1144,heartfelt hummingbird,race,p0744,1
1145,heartfelt hummingbird,race,p0745,1
1146,heartfelt hummingbird,race,p0753,1
1147,heartfelt hummingbird,race,p0770,1
1148,heartfelt hummingbird,race,p0771,5
1149,heartfelt hummingbird,race,p0777,1
1150,heartfelt hummingbird,race,p0779,1
1151,heartfelt hummingbird,race,p0780,1
1152,heartfelt hummingbird,race,p0783,1
1153,heartfelt hummingbird,race,p0785,1
1154,heartfelt hummingbird,race,p0786,2
1155,heartfelt hummingbird,race,p0794,1
1156,heartfelt hummingbird,race,p0798,1
1157,heartfelt hummingbird,race,p0800,1
1158,heartfelt hummingbird,race,p0820,1
1159,heartfelt hummingbird,race,p0841,1
1160,heartfelt hummingbird,race,p0849,1
1161,heartfelt hummingbird,race,p0862,5
1162,heartfelt hummingbird,race,p0867,2
1163,heartfelt hummingbird,race,p0869,1
1164,heartfelt hummingbird,race,p0872,1
1165,heartfelt hummingbird,race,p0880,5
1166,heartfelt hummingbird,race,p0891,1
1167,heartfelt hummingbird,race,p0916,1
1168,heartfelt hummingbird,race,p0917,1
1169,heartfelt hummingbird,race,p0919,1
1170,heartfelt hummingbird,race,p0922,1
1171,heartfelt hummingbird,race,p0925,1
1172,heartfelt hummingbird,race,p0927,1
1173,heartfelt hummingbird,race,p0929,1
1174,heartfelt hummingbird,race,p0930,1
1175,heartfelt hummingbird,race,p0931,1
1176,heartfelt hummingbird,race,p0933,5
1177,heartfelt hummingbird,race,p0934,1
1178,heartfelt hummingbird,race,p0936,1
1179,heartfelt hummingbird,race,p0938,1
1180,heartfelt hummingbird,race,p0939,1
1181,heartfelt hummingbird,race,p0946,1
1182,heartfelt hummingbird,race,p0951,2
1183,heartfelt hummingbird,race,p0956,1
1184,heartfelt hummingbird,race,p0962,1
1185,heartfelt hummingbird,race,p0963,1
1186,heartfelt hummingbird,race,p0969,1
1187,heartfelt hummingbird,race,p0972,1
1188,heartfelt hummingbird,race,p0975,1
1189,heartfelt hummingbird,race,p0985,2
1190,heartfelt hummingbird,race,p0993,2
1191,heartfelt hummingbird,race,p0996,1
1192,heartfelt hummingbird,race,p1011,1
1193,heartfelt hummingbird,race,p1017,1
1194,heartfelt hummingbird,race,p1020,1
1195,heartfelt hummingbird,race,p1022,1
1196,heartfelt hummingbird,race,p1024,1
1197,heartfelt hummingbird,race,p1027,5
1198,heartfelt hummingbird,race,p1028,1
1199,heartfelt hummingbird,race,p1029,2
1200,heartfelt hummingbird,race,p1032,1
1201,heartfelt hummingbird,race,p1040,5
1202,heartfelt hummingbird,race,p1047,2
1203,heartfelt hummingbird,race,p1048,1
1204,heartfelt hummingbird,race,p1053,5
1205,heartfelt hummingbird,race,p1057,1
1206,heartfelt hummingbird,race,p1058,1
1207,heartfelt hummingbird,race,p1063,1
1208,heartfelt hummingbird,race,p1064,1
1209,heartfelt hummingbird,race,p1065,1
1210,heartfelt hummingbird,race,p1069,1
1211,heartfelt hummingbird,race,p1072,1
1212,heartfelt hummingbird,race,p1073,2
1213,heartfelt hummingbird,race,p1075,1
1214,heartfelt hummingbird,race,p1076,2
1215,heartfelt hummingbird,race,p1083,1
1216,heartfelt hummingbird,race,p1089,1
1217,heartfelt hummingbird,race,p1093,1
1218,heartfelt hummingbird,race,p1096,1
1219,heartfelt hummingbird,race,p1100,1
1220,heartfelt hummingbird,race,p1106,2
1221,heartfelt hummingbird,race,p1107,1
1222,heartfelt hummingbird,race,p1113,1
1223,heartfelt hummingbird,race,p1117,1
1224,heartfelt hummingbird,race,p1120,1
1225,heartfelt hummingbird,race,p1134,1
1226,heartfelt hummingbird,race,p1136,1
1227,heartfelt hummingbird,race,p1138,1
1228,heartfelt hummingbird,race,p1144,1
1229,heartfelt hummingbird,race,p1145,1
1230,heartfelt hummingbird,race,p1147,1
1231,heartfelt hummingbird,race,p1148,1
1232,heartfelt hummingbird,race,p1154,1
1233,heartfelt hummingbird,race,p1159,2
1234,heartfelt hummingbird,race,p1167,5
1235,heartfelt hummingbird,race,p1175,1
1236,heartfelt hummingbird,race,p1178,1
1237,heartfelt hummingbird,race,p1184,1
1238,heartfelt hummingbird,race,p1186,1
1239,heartfelt hummingbird,race,p1196,1
1240,heartfelt hummingbird,race,p1197,5
1241,heartfelt hummingbird,race,p1203,1
1242,heartfelt hummingbird,race,p1219,2
1243,heartfelt hummingbird,race,p1225,1
1244,heartfelt hummingbird,race,p1234,1
1245,heartfelt hummingbird,race,p1242,1
1246,heartfelt hummingbird,race,p1244,1
1247,heartfelt hummingbird,race,p1249,1
1248,heartfelt hummingbird,race,p1250,1
1249,heartfelt hummingbird,race,p1256,5
1250,heartfelt hummingbird,race,p1258,1
1251,heartfelt hummingbird,race,p1260,2
1252,heartfelt hummingbird,race,p1262,1
1253,heartfelt hummingbird,race,p1264,1
1254,heartfelt hummingbird,race,p1265,1
1255,heartfelt hummingbird,race,p1269,1
1256,heartfelt hummingbird,race,p1272,1
1257,heartfelt hummingbird,race,p1278,1
1258,heartfelt hummingbird,race,p1281,5
1259,heartfelt hummingbird,race,p1292,1
1260,heartfelt hummingbird,race,p1299,1
1261,heartfelt hummingbird,race,p1312,1
1262,heartfelt hummingbird,race,p1322,1
1263,heartfelt hummingbird,race,p1326,1
1264,heartfelt hummingbird,race,p1330,1
1265,heartfelt hummingbird,race,p1335,1
1266,heartfelt hummingbird,race,p1337,1
1267,heartfelt hummingbird,race,p1340,1
1268,heartfelt hummingbird,race,p1345,1
1269,heartfelt hummingbird,race,p1351,1
1270,heartfelt hummingbird,race,p1355,1
1271,heartfelt hummingbird,race,p1362,1
1272,heartfelt hummingbird,race,p1365,1
1273,heartfelt hummingbird,race,p1366,1
1274,heartfelt hummingbird,race,p1367,1
1275,heartfelt hummingbird,race,p1370,1
1276,heartfelt hummingbird,race,p1371,1
1277,heartfelt hummingbird,race,p1373,1
1278,heartfelt hummingbird,race,p1375,1
1279,heartfelt hummingbird,race,p1376,1
1280,heartfelt hummingbird,race,p1379,2
1281,heartfelt hummingbird,race,p1381,1
1282,heartfelt hummingbird,race,p1393,1
1283,heartfelt hummingbird,race,p1396,5
1284,heartfelt hummingbird,race,p1398,5
1285,heartfelt hummingbird,race,p1404,1
1286,heartfelt hummingbird,race,p1406,1
1287,heartfelt hummingbird,race,p1407,1
1288,heartfelt hummingbird,race,p1409,1
1289,heartfelt hummingbird,race,p1412,2
1290,heartfelt hummingbird,race,p1414,1
1291,heartfelt hummingbird,race,p1424,1
1292,heartfelt hummingbird,race,p1425,1
1293,heartfelt hummingbird,race,p1429,2
1294,heartfelt hummingbird,race,p1434,1
1295,heartfelt hummingbird,race,p1441,2
1296,heartfelt hummingbird,race,p1445,2
1297,heartfelt hummingbird,race,p1450,1
1298,heartfelt hummingbird,race,p1454,1
1299,heartfelt hummingbird,race,p1456,1
1300,heartfelt hummingbird,race,p1457,2
1301,heartfelt hummingbird,race,p1458,1
1302,heartfelt hummingbird,race,p1469,1
1303,heartfelt hummingbird,race,p1470,1
1304,heartfelt hummingbird,race,p1481,5
1305,heartfelt hummingbird,race,p1488,5
1306,heartfelt hummingbird,race,p1492,1
1307,heartfelt hummingbird,race,p1495,1
1308,heartfelt hummingbird,race,p1497,1
1309,heartfelt hummingbird,race,p1499,1
1310,heartfelt hummingbird,race,p1503,1
1311,heartfelt hummingbird,race,p1511,1
1312,heartfelt hummingbird,race,p1512,1
1313,heartfelt hummingbird,race,p1518,1
1314,heartfelt hummingbird,race,p1519,1
1315,heartfelt hummingbird,race,p1520,1
1316,heartfelt hummingbird,race,p1524,1
1317,heartfelt hummingbird,race,p1526,1
1318,heartfelt hummingbird,race,p1537,1
1319,heartfelt hummingbird,race,p1545,1
1320,heartfelt hummingbird,race,p1547,2
1321,heartfelt hummingbird,race,p1552,5
1322,heartfelt hummingbird,race,p1567,1
1323,heartfelt hummingbird,race,p1568,1
1324,heartfelt hummingbird,race,p1579,1
1325,heartfelt hummingbird,race,p1587,2
1326,heartfelt hummingbird,race,p1596,1
1327,heartfelt hummingbird,race,p1600,1
1328,heartfelt hummingbird,race,p1603,2
1329,heartfelt hummingbird,race,p1604,1
1330,heartfelt hummingbird,race,p1610,1
1331,heartfelt hummingbird,race,p1618,1
1332,heartfelt hummingbird,race,p1619,1
1333,heartfelt hummingbird,race,p1622,5
1334,heartfelt hummingbird,race,p1623,5
1335,heartfelt hummingbird,race,p1630,1
1336,heartfelt hummingbird,race,p1641,1
1337,heartfelt hummingbird,race,p1649,5
1338,heartfelt hummingbird,race,p1652,5
1339,heartfelt hummingbird,race,p1665,1
1340,heartfelt hummingbird,race,p1669,1
1341,heartfelt hummingbird,race,p1685,1
1342,heartfelt hummingbird,race,p1693,1
1343,heartfelt hummingbird,race,p1698,2
1344,heartfelt hummingbird,race,p1704,1
1345,heartfelt hummingbird,race,p1711,1
1346,heartfelt hummingbird,race,p1718,1
1347,heartfelt hummingbird,race,p1732,1
1348,heartfelt hummingbird,race,p1739,1
1349,heartfelt hummingbird,race,p1741,1
1350,heartfelt hummingbird,race,p1746,1
1351,heartfelt hummingbird,race,p1751,1
1352,heartfelt hummingbird,race,p1754,1
1353,heartfelt hummingbird,race,p1769,1
1354,heartfelt hummingbird,race,p1771,1
1355,heartfelt hummingbird,race,p1776,2
1356,heartfelt hummingbird,race,p1780,1
1357,heartfelt hummingbird,race,p1785,1
1358,heartfelt hummingbird,race,p1791,2
1359,heartfelt hummingbird,race,p1793,1
1360,heartfelt hummingbird,race,p1796,1
1361,heartfelt hummingbird,race,p1805,1
1362,heartfelt hummingbird,race,p1812,1
1363,heartfelt hummingbird,race,p1816,1
1364,heartfelt hummingbird,race,p1819,1
1365,heartfelt hummingbird,race,p1825,1
1366,heartfelt hummingbird,race,p1836,1
1367,heartfelt hummingbird,race,p1839,1
1368,heartfelt hummingbird,race,p1861,5
1369,heartfelt hummingbird,race,p1863,1
1370,heartfelt hummingbird,race,p1873,1
1371,heartfelt hummingbird,race,p1875,1
1372,heartfelt hummingbird,race,p1876,1
1373,heartfelt hummingbird,race,p1877,1
1374,heartfelt hummingbird,race,p1880,1
1375,heartfelt hummingbird,race,p1883,5
1376,heartfelt hummingbird,race,p1889,1
1377,heartfelt hummingbird,race,p1893,5
1378,heartfelt hummingbird,race,p1896,1
1379,heartfelt hummingbird,race,p1913,1
1380,heartfelt hummingbird,race,p1922,1
1381,heartfelt hummingbird,race,p1930,1
1382,heartfelt hummingbird,race,p1935,1
1383,heartfelt hummingbird,race,p1940,5
1384,heartfelt hummingbird,race,p1948,1
1385,heartfelt hummingbird,race,p1950,1
1386,heartfelt hummingbird,race,p1954,1
1387,heartfelt hummingbird,race,p1956,1
1388,heartfelt hummingbird,race,p1958,1
1389,heartfelt hummingbird,race,p1967,1
1390,heartfelt hummingbird,race,p1973,1
1391,heartfelt hummingbird,race,p1978,1
1392,heartfelt hummingbird,race,p1983,1
1393,heartfelt hummingbird,race,p1984,2
1394,heartfelt hummingbird,race,p1995,1
1395,heartfelt hummingbird,race,p1996,1
1396,heartfelt hummingbird,race,p1997,1
1397,heartfelt hummingbird,race,p2001,1
1398,heartfelt hummingbird,race,p2002,2
1399,heartfelt hummingbird,race,p2013,1
1400,heartfelt hummingbird,race,p2014,1
1401,heartfelt hummingbird,race,p2016,5
1402,heartfelt hummingbird,race,p2018,2
1403,heartfelt hummingbird,race,p2023,1
1404,heartfelt hummingbird,race,p2025,1
1405,heartfelt hummingbird,race,p2028,1
1406,heartfelt hummingbird,race,p2030,1
1407,heartfelt hummingbird,race,p2033,1
1408,heartfelt hummingbird,race,p2040,2
1409,heartfelt hummingbird,race,p2051,1
1410,heartfelt hummingbird,race,p2052,1
1411,heartfelt hummingbird,race,p2066,1
1412,heartfelt hummingbird,race,p2067,1
1413,heartfelt hummingbird,race,p2073,1
1414,heartfelt hummingbird,race,p2077,2
1415,heartfelt hummingbird,race,p2078,5
1416,heartfelt hummingbird,race,p2086,1
1417,heartfelt hummingbird,race,p2089,1
1418,heartfelt hummingbird,race,p2093,1
1419,heartfelt hummingbird,race,p2094,1
1420,heartfelt hummingbird,race,p2111,2
1421,heartfelt hummingbird,race,p2117,1
1422,heartfelt hummingbird,race,p2121,1
1423,heartfelt hummingbird,race,p2127,1
1424,heartfelt hummingbird,race,p2141,1
1425,heartfelt hummingbird,race,p2142,2
1426,heartfelt hummingbird,race,p2143,1
1427,heartfelt hummingbird,race,p2153,3
1428,heartfelt hummingbird,race,p2155,3
1429,heartfelt hummingbird,race,p2169,3
1430,heartfelt hummingbird,race,p2187,3
1431,heartfelt hummingbird,race,p2188,3
1432,heartfelt hummingbird,race,p2197,3
1433,heartfelt hummingbird,race,p2213,3
1434,heartfelt hummingbird,race,p2214,3
1435,heartfelt hummingbird,race,p2215,3
1436,heartfelt hummingbird,race,p2220,3
1437,heartfelt hummingbird,race,p2223,3
1438,heartfelt hummingbird,race,p2229,3
1439,heartfelt hummingbird,race,p2234,3
1440,heartfelt hummingbird,race,p2237,3
1441,heartfelt hummingbird,race,p2238,3
1442,heartfelt hummingbird,race,p2244,3
1443,heartfelt hummingbird,race,p2248,3
1444,heartfelt hummingbird,race,p2252,3
1445,heartfelt hummingbird,race,p2255,3
1446,heartfelt hummingbird,race,p2261,3
1447,heartfelt hummingbird,race,p2263,3
1448,heartfelt hummingbird,race,p2273,3
1449,heartfelt hummingbird,race,p2275,3
1450,heartfelt hummingbird,race,p2276,3
1451,heartfelt hummingbird,race,p2283,3
1452,heartfelt hummingbird,race,p2287,3
1453,heartfelt hummingbird,race,p2296,3
1454,heartfelt hummingbird,race,p2298,3
1455,heartfelt hummingbird,race,p2304,3
1456,heartfelt hummingbird,race,p2310,3
1457,heartfelt hummingbird,race,p2322,3
1458,heartfelt hummingbird,race,p2326,3
1459,heartfelt hummingbird,race,p2330,3
1460,heartfelt hummingbird,race,p2331,3
1461,heartfelt hummingbird,race,p2333,3
1462,heartfelt hummingbird,race,p2347,3
1463,heartfelt hummingbird,race,p2350,3
1464,heartfelt hummingbird,race,p2351,3
1465,heartfelt hummingbird,race,p2353,3
1466,heartfelt hummingbird,race,p2355,3
1467,heartfelt hummingbird,race,p2363,3
1468,heartfelt hummingbird,race,p2378,3
1469,heartfelt hummingbird,race,p2380,3
1470,heartfelt hummingbird,race,p2387,3
1471,heartfelt hummingbird,race,p2398,3
1472,heartfelt hummingbird,race,p2400,3
1473,heartfelt hummingbird,race,p2403,3
1474,heartfelt hummingbird,race,p2408,3
1475,heartfelt hummingbird,race,p2418,3
1476,heartfelt hummingbird,race,p2426,3
1477,heartfelt hummingbird,race,p2428,3
1478,heartfelt hummingbird,race,p2434,3
1479,heartfelt hummingbird,race,p2446,3
1480,heartfelt hummingbird,race,p2452,3
1481,heartfelt hummingbird,race,p2454,3
1482,heartfelt hummingbird,race,p2462,3
1483,heartfelt hummingbird,race,p2467,3
1484,heartfelt hummingbird,race,p2482,3
1485,heartfelt hummingbird,race,p2489,3
1486,heartfelt hummingbird,race,p2490,3
1487,heartfelt hummingbird,race,p2494,3
1488,heartfelt hummingbird,race,p2502,3
1489,heartfelt hummingbird,race,p2503,3
1490,heartfelt hummingbird,race,p2522,3
1491,heartfelt hummingbird,race,p2524,3
1492,heartfelt hummingbird,race,p2533,3
1493,heartfelt hummingbird,race,p2566,3
1494,heartfelt hummingbird,race,p2571,3
1495,heartfelt hummingbird,race,p2573,3
1496,heartfelt hummingbird,race,p2582,3
1497,heartfelt hummingbird,race,p2591,3
1498,heartfelt hummingbird,race,p2592,3
1499,heartfelt hummingbird,race,p2595,3
1500,heartfelt hummingbird,education,p0016,4
1501,heartfelt hummingbird,education,p0022,4
1502,heartfelt hummingbird,education,p0023,5
1503,heartfelt hummingbird,education,p0026,4
1504,heartfelt hummingbird,education,p0034,3
1505,heartfelt hummingbird,education,p0036,3
1506,heartfelt hummingbird,education,p0037,4
1507,heartfelt hummingbird,education,p0042,3
1508,heartfelt hummingbird,education,p0057,3
1509,heartfelt hummingbird,education,p0066,4
1510,heartfelt hummingbird,education,p0069,3
1511,heartfelt hummingbird,education,p0072,4
1512,heartfelt hummingbird,education,p0073,4
1513,heartfelt hummingbird,education,p0082,4
1514,heartfelt hummingbird,education,p0091,4
1515,heartfelt hummingbird,education,p0092,2
1516,heartfelt hummingbird,education,p0093,4
1517,heartfelt hummingbird,education,p0095,3
1518,heartfelt hummingbird,education,p0107,3
1519,heartfelt hummingbird,education,p0114,5
1520,heartfelt hummingbird,education,p0116,2
1521,heartfelt hummingbird,education,p0118,3
1522,heartfelt hummingbird,education,p0119,3
1523,heartfelt hummingbird,education,p0126,3
1524,heartfelt hummingbird,education,p0129,5
1525,heartfelt hummingbird,education,p0136,3
1526,heartfelt hummingbird,education,p0138,2
1527,heartfelt hummingbird,education,p0144,4
1528,heartfelt hummingbird,education,p0150,2
1529,heartfelt hummingbird,education,p0152,3
1530,heartfelt hummingbird,education,p0158,2
1531,heartfelt hummingbird,education,p0161,3
1532,heartfelt hummingbird,education,p0164,2
1533,heartfelt hummingbird,education,p0175,3
1534,heartfelt hummingbird,education,p0177,4
1535,heartfelt hummingbird,education,p0178,6
1536,heartfelt hummingbird,education,p0181,4
1537,heartfelt hummingbird,education,p0186,3
1538,heartfelt hummingbird,education,p0196,4
1539,heartfelt hummingbird,education,p0198,5
1540,heartfelt hummingbird,education,p0202,4
1541,heartfelt hummingbird,education,p0205,5
1542,heartfelt hummingbird,education,p0207,4
1543,heartfelt hummingbird,education,p0211,3
1544,heartfelt hummingbird,education,p0227,5
1545,heartfelt hummingbird,education,p0229,2
1546,heartfelt hummingbird,education,p0232,5
1547,heartfelt hummingbird,education,p0233,2
1548,heartfelt hummingbird,education,p0237,5
1549,heartfelt hummingbird,education,p0258,4
1550,heartfelt hummingbird,education,p0268,2
1551,heartfelt hummingbird,education,p0274,5
1552,heartfelt hummingbird,education,p0275,4
1553,heartfelt hummingbird,education,p0277,4
1554,heartfelt hummingbird,education,p0288,4
1555,heartfelt hummingbird,education,p0291,4
1556,heartfelt hummingbird,education,p0307,3
1557,heartfelt hummingbird,education,p0308,3
1558,heartfelt hummingbird,education,p0317,3
1559,heartfelt hummingbird,education,p0325,4
1560,heartfelt hummingbird,education,p0327,5
1561,heartfelt hummingbird,education,p0334,6
1562,heartfelt hummingbird,education,p0336,4
1563,heartfelt hummingbird,education,p0338,1
1564,heartfelt hummingbird,education,p0342,4
1565,heartfelt hummingbird,education,p0349,5
1566,heartfelt hummingbird,education,p0356,4
1567,heartfelt hummingbird,education,p0358,4
1568,heartfelt hummingbird,education,p0363,4
1569,heartfelt hummingbird,education,p0364,5
1570,heartfelt hummingbird,education,p0369,5
1571,heartfelt hummingbird,education,p0370,2
1572,heartfelt hummingbird,education,p0371,4
1573,heartfelt hummingbird,education,p0379,3
1574,heartfelt hummingbird,education,p0386,5
1575,heartfelt hummingbird,education,p0396,5
1576,heartfelt hummingbird,education,p0403,3
1577,heartfelt hummingbird,education,p0405,4
1578,heartfelt hummingbird,education,p0412,4
1579,heartfelt hummingbird,education,p0415,3
1580,heartfelt hummingbird,education,p0416,4
1581,heartfelt hummingbird,education,p0417,2
1582,heartfelt hummingbird,education,p0418,2
1583,heartfelt hummingbird,education,p0430,5
1584,heartfelt hummingbird,education,p0431,5
1585,heartfelt hummingbird,education,p0434,2
1586,heartfelt hummingbird,education,p0438,4
1587,heartfelt hummingbird,education,p0441,5
1588,heartfelt hummingbird,education,p0442,3
1589,heartfelt hummingbird,education,p0449,5
1590,heartfelt hummingbird,education,p0450,4
1591,heartfelt hummingbird,education,p0465,5
1592,heartfelt hummingbird,education,p0471,3
1593,heartfelt hummingbird,education,p0477,3
1594,heartfelt hummingbird,education,p0483,5
1595,heartfelt hummingbird,education,p0486,3
1596,heartfelt hummingbird,education,p0487,4
1597,heartfelt hummingbird,education,p0489,5
1598,heartfelt hummingbird,education,p0497,6
1599,heartfelt hummingbird,education,p0502,5
1600,heartfelt hummingbird,education,p0503,4
1601,heartfelt hummingbird,education,p0506,3
1602,heartfelt hummingbird,education,p0511,4
1603,heartfelt hummingbird,education,p0523,5
1604,heartfelt hummingbird,education,p0534,6
1605,heartfelt hummingbird,education,p0536,3
1606,heartfelt hummingbird,education,p0542,4
1607,heartfelt hummingbird,education,p0547,2
1608,heartfelt hummingbird,education,p0553,4
1609,heartfelt hummingbird,education,p0559,4
1610,heartfelt hummingbird,education,p0566,4
1611,heartfelt hummingbird,education,p0568,3
1612,heartfelt hummingbird,education,p0570,1
1613,heartfelt hummingbird,education,p0573,3
1614,heartfelt hummingbird,education,p0578,2
1615,heartfelt hummingbird,education,p0594,2
1616,heartfelt hummingbird,education,p0597,2
1617,heartfelt hummingbird,education,p0601,2
1618,heartfelt hummingbird,education,p0602,2
1619,heartfelt hummingbird,education,p0605,3
1620,heartfelt hummingbird,education,p0615,3
1621,heartfelt hummingbird,education,p0620,4
1622,heartfelt hummingbird,education,p0626,3
1623,heartfelt hummingbird,education,p0629,4
1624,heartfelt hummingbird,education,p0633,3
1625,heartfelt hummingbird,education,p0638,4
1626,heartfelt hummingbird,education,p0639,4
1627,heartfelt hummingbird,education,p0640,2
1628,heartfelt hummingbird,education,p0655,3
1629,heartfelt hummingbird,education,p0656,3
1630,heartfelt hummingbird,education,p0658,5
1631,heartfelt hummingbird,education,p0661,4
1632,heartfelt hummingbird,education,p0669,4
1633,heartfelt hummingbird,education,p0670,2
1634,heartfelt hummingbird,education,p0672,5
1635,heartfelt hummingbird,education,p0674,4
1636,heartfelt hummingbird,education,p0678,5
1637,heartfelt hummingbird,education,p0683,2
1638,heartfelt hummingbird,education,p0686,3
1639,heartfelt hummingbird,education,p0687,4
1640,heartfelt hummingbird,education,p0698,2
1641,heartfelt hummingbird,education,p0700,4
1642,heartfelt hummingbird,education,p0703,2
1643,heartfelt hummingbird,education,p0718,2
1644,heartfelt hummingbird,education,p0744,4
1645,heartfelt hummingbird,education,p0745,4
1646,heartfelt hummingbird,education,p0753,4
1647,heartfelt hummingbird,education,p0770,4
1648,heartfelt hummingbird,education,p0771,4
1649,heartfelt hummingbird,education,p0777,5
1650,heartfelt hummingbird,education,p0779,4
1651,heartfelt hummingbird,education,p0780,3
1652,heartfelt hummingbird,education,p0783,3
1653,heartfelt hummingbird,education,p0785,4
1654,heartfelt hummingbird,education,p0786,3
1655,heartfelt hummingbird,education,p0794,4
1656,heartfelt hummingbird,education,p0798,5
1657,heartfelt hummingbird,education,p0800,4
1658,heartfelt hummingbird,education,p0820,3
1659,heartfelt hummingbird,education,p0841,3
1660,heartfelt hummingbird,education,p0849,3
1661,heartfelt hummingbird,education,p0862,5
1662,heartfelt hummingbird,education,p0867,5
1663,heartfelt hummingbird,education,p0869,3
1664,heartfelt hummingbird,education,p0872,4
1665,heartfelt hummingbird,education,p0880,2
1666,heartfelt hummingbird,education,p0891,3
1667,heartfelt hummingbird,education,p0916,5
1668,heartfelt hummingbird,education,p0917,4
1669,heartfelt hummingbird,education,p0919,4
1670,heartfelt hummingbird,education,p0922,2
1671,heartfelt hummingbird,education,p0925,2
1672,heartfelt hummingbird,education,p0927,4
1673,heartfelt hummingbird,education,p0929,3
1674,heartfelt hummingbird,education,p0930,4
1675,heartfelt hummingbird,education,p0931,2
1676,heartfelt hummingbird,education,p0933,2
1677,heartfelt hummingbird,education,p0934,3
1678,heartfelt hummingbird,education,p0936,4
1679,heartfelt hummingbird,education,p0938,2
1680,heartfelt hummingbird,education,p0939,2
1681,heartfelt hummingbird,education,p0946,4
1682,heartfelt hummingbird,education,p0951,3
1683,heartfelt hummingbird,education,p0956,3
1684,heartfelt hummingbird,education,p0962,2
1685,heartfelt hummingbird,education,p0963,3
1686,heartfelt hummingbird,education,p0969,4
1687,heartfelt hummingbird,education,p0972,3
1688,heartfelt hummingbird,education,p0975,3
1689,heartfelt hummingbird,education,p0985,2
1690,heartfelt hummingbird,education,p0993,2
1691,heartfelt hummingbird,education,p0996,2
1692,heartfelt hummingbird,education,p1011,2
1693,heartfelt hummingbird,education,p1017,2
1694,heartfelt hummingbird,education,p1020,2
1695,heartfelt hummingbird,education,p1022,4
1696,heartfelt hummingbird,education,p1024,1
1697,heartfelt hummingbird,education,p1027,4
1698,heartfelt hummingbird,education,p1028,5
1699,heartfelt hummingbird,education,p1029,2
1700,heartfelt hummingbird,education,p1032,4
1701,heartfelt hummingbird,education,p1040,4
1702,heartfelt hummingbird,education,p1047,3
1703,heartfelt hummingbird,education,p1048,3
1704,heartfelt hummingbird,education,p1053,3
1705,heartfelt hummingbird,education,p1057,3
1706,heartfelt hummingbird,education,p1058,4
1707,heartfelt hummingbird,education,p1063,4
1708,heartfelt hummingbird,education,p1064,2
1709,heartfelt hummingbird,education,p1065,3
1710,heartfelt hummingbird,education,p1069,3
1711,heartfelt hummingbird,education,p1072,3
1712,heartfelt hummingbird,education,p1073,4
1713,heartfelt hummingbird,education,p1075,3
1714,heartfelt hummingbird,education,p1076,2
1715,heartfelt hummingbird,education,p1083,2
1716,heartfelt hummingbird,education,p1089,4
1717,heartfelt hummingbird,education,p1093,4
1718,heartfelt hummingbird,education,p1096,4
1719,heartfelt hummingbird,education,p1100,4
1720,heartfelt hummingbird,education,p1106,5
1721,heartfelt hummingbird,education,p1107,1
1722,heartfelt hummingbird,education,p1113,3
1723,heartfelt hummingbird,education,p1117,1
1724,heartfelt hummingbird,education,p1120,3
1725,heartfelt hummingbird,education,p1134,4
1726,heartfelt hummingbird,education,p1136,2
1727,heartfelt hummingbird,education,p1138,4
1728,heartfelt hummingbird,education,p1144,3
1729,heartfelt hummingbird,education,p1145,5
1730,heartfelt hummingbird,education,p1147,5
1731,heartfelt hummingbird,education,p1148,4
1732,heartfelt hummingbird,education,p1154,3
1733,heartfelt hummingbird,education,p1159,2
1734,heartfelt hummingbird,education,p1167,5
1735,heartfelt hummingbird,education,p1175,3
1736,heartfelt hummingbird,education,p1178,4
1737,heartfelt hummingbird,education,p1184,4
1738,heartfelt hummingbird,education,p1186,4
1739,heartfelt hummingbird,education,p1196,2
1740,heartfelt hummingbird,education,p1197,3
1741,heartfelt hummingbird,education,p1203,4
1742,heartfelt hummingbird,education,p1219,2
1743,heartfelt hummingbird,education,p1225,5
1744,heartfelt hummingbird,education,p1234,3
1745,heartfelt hummingbird,education,p1242,3
1746,heartfelt hummingbird,education,p1244,4
1747,heartfelt hummingbird,education,p1249,3
1748,heartfelt hummingbird,education,p1250,4
1749,heartfelt hummingbird,education,p1256,5
1750,heartfelt hummingbird,education,p1258,3
1751,heartfelt hummingbird,education,p1260,2
1752,heartfelt hummingbird,education,p1262,4
1753,heartfelt hummingbird,education,p1264,2
1754,heartfelt hummingbird,education,p1265,5
1755,heartfelt hummingbird,education,p1269,4
1756,heartfelt hummingbird,education,p1272,3
1757,heartfelt hummingbird,education,p1278,4
1758,heartfelt hummingbird,education,p1281,3
1759,heartfelt hummingbird,education,p1292,4
1760,heartfelt hummingbird,education,p1299,2
1761,heartfelt hummingbird,education,p1312,2
1762,heartfelt hummingbird,education,p1322,3
1763,heartfelt hummingbird,education,p1326,4
1764,heartfelt hummingbird,education,p1330,3
1765,heartfelt hummingbird,education,p1335,3
1766,heartfelt hummingbird,education,p1337,4
1767,heartfelt hummingbird,education,p1340,4
1768,heartfelt hummingbird,education,p1345,2
1769,heartfelt hummingbird,education,p1351,3
1770,heartfelt hummingbird,education,p1355,2
1771,heartfelt hummingbird,education,p1362,2
1772,heartfelt hummingbird,education,p1365,4
1773,heartfelt hummingbird,education,p1366,3
1774,heartfelt hummingbird,education,p1367,3
1775,heartfelt hummingbird,education,p1370,2
1776,heartfelt hummingbird,education,p1371,4
1777,heartfelt hummingbird,education,p1373,3
1778,heartfelt hummingbird,education,p1375,4
1779,heartfelt hummingbird,education,p1376,3
1780,heartfelt hummingbird,education,p1379,5
1781,heartfelt hummingbird,education,p1381,2
1782,heartfelt hummingbird,education,p1393,5
1783,heartfelt hummingbird,education,p1396,4
1784,heartfelt hummingbird,education,p1398,5
1785,heartfelt hummingbird,education,p1404,2
1786,heartfelt hummingbird,education,p1406,2
1787,heartfelt hummingbird,education,p1407,2
1788,heartfelt hummingbird,education,p1409,4
1789,heartfelt hummingbird,education,p1412,2
1790,heartfelt hummingbird,education,p1414,5
1791,heartfelt hummingbird,education,p1424,2
1792,heartfelt hummingbird,education,p1425,3
1793,heartfelt hummingbird,education,p1429,3
1794,heartfelt hummingbird,education,p1434,4
1795,heartfelt hummingbird,education,p1441,2
1796,heartfelt hummingbird,education,p1445,2
1797,heartfelt hummingbird,education,p1450,2
1798,heartfelt hummingbird,education,p1454,5
1799,heartfelt hummingbird,education,p1456,4
1800,heartfelt hummingbird,education,p1457,3
1801,heartfelt hummingbird,education,p1458,5
1802,heartfelt hummingbird,education,p1469,3
1803,heartfelt hummingbird,education,p1470,4
1804,heartfelt hummingbird,education,p1481,4
1805,heartfelt hummingbird,education,p1488,4
1806,heartfelt hummingbird,education,p1492,5
1807,heartfelt hummingbird,education,p1495,2
1808,heartfelt hummingbird,education,p1497,2
1809,heartfelt hummingbird,education,p1499,4
1810,heartfelt hummingbird,education,p1503,4
1811,heartfelt hummingbird,education,p1511,4
1812,heartfelt hummingbird,education,p1512,2
1813,heartfelt hummingbird,education,p1518,3
1814,heartfelt hummingbird,education,p1519,4
1815,heartfelt hummingbird,education,p1520,3
1816,heartfelt hummingbird,education,p1524,2
1817,heartfelt hummingbird,education,p1526,5
1818,heartfelt hummingbird,education,p1537,2
1819,heartfelt hummingbird,education,p1545,3
1820,heartfelt hummingbird,education,p1547,2
1821,heartfelt hummingbird,education,p1552,4
1822,heartfelt hummingbird,education,p1567,4
1823,heartfelt hummingbird,education,p1568,3
1824,heartfelt hummingbird,education,p1579,2
1825,heartfelt hummingbird,education,p1587,1
1826,heartfelt hummingbird,education,p1596,2
1827,heartfelt hummingbird,education,p1600,4
1828,heartfelt hummingbird,education,p1603,3
1829,heartfelt hummingbird,education,p1604,2
1830,heartfelt hummingbird,education,p1610,2
1831,heartfelt hummingbird,education,p1618,4
1832,heartfelt hummingbird,education,p1619,5
1833,heartfelt hummingbird,education,p1622,5
1834,heartfelt hummingbird,education,p1623,4
1835,heartfelt hummingbird,education,p1630,4
1836,heartfelt hummingbird,education,p1641,4
1837,heartfelt hummingbird,education,p1649,3
1838,heartfelt hummingbird,education,p1652,4
1839,heartfelt hummingbird,education,p1665,4
1840,heartfelt hummingbird,education,p1669,4
1841,heartfelt hummingbird,education,p1685,4
1842,heartfelt hummingbird,education,p1693,3
1843,heartfelt hummingbird,education,p1698,5
1844,heartfelt hummingbird,education,p1704,5
1845,heartfelt hummingbird,education,p1711,4
1846,heartfelt hummingbird,education,p1718,2
1847,heartfelt hummingbird,education,p1732,2
1848,heartfelt hummingbird,education,p1739,4
1849,heartfelt hummingbird,education,p1741,4
1850,heartfelt hummingbird,education,p1746,2
1851,heartfelt hummingbird,education,p1751,3
1852,heartfelt hummingbird,education,p1754,2
1853,heartfelt hummingbird,education,p1769,4
1854,heartfelt hummingbird,education,p1771,2
1855,heartfelt hummingbird,education,p1776,1
1856,heartfelt hummingbird,education,p1780,4
1857,heartfelt hummingbird,education,p1785,3
1858,heartfelt hummingbird,education,p1791,5
1859,heartfelt hummingbird,education,p1793,6
1860,heartfelt hummingbird,education,p1796,4
1861,heartfelt hummingbird,education,p1805,3
1862,heartfelt hummingbird,education,p1812,3
1863,heartfelt hummingbird,education,p1816,3
1864,heartfelt hummingbird,education,p1819,5
1865,heartfelt hummingbird,education,p1825,5
1866,heartfelt hummingbird,education,p1836,4
1867,heartfelt hummingbird,education,p1839,2
1868,heartfelt hummingbird,education,p1861,4
1869,heartfelt hummingbird,education,p1863,5
1870,heartfelt hummingbird,education,p1873,5
1871,heartfelt hummingbird,education,p1875,2
1872,heartfelt hummingbird,education,p1876,4
1873,heartfelt hummingbird,education,p1877,4
1874,heartfelt hummingbird,education,p1880,2
1875,heartfelt hummingbird,education,p1883,2
1876,heartfelt hummingbird,education,p1889,4
1877,heartfelt hummingbird,education,p1893,3
1878,heartfelt hummingbird,education,p1896,4
1879,heartfelt hummingbird,education,p1913,3
1880,heartfelt hummingbird,education,p1922,5
1881,heartfelt hummingbird,education,p1930,4
1882,heartfelt hummingbird,education,p1935,3
1883,heartfelt hummingbird,education,p1940,5
1884,heartfelt hummingbird,education,p1948,4
1885,heartfelt hummingbird,education,p1950,2
1886,heartfelt hummingbird,education,p1954,3
1887,heartfelt hummingbird,education,p1956,3
1888,heartfelt hummingbird,education,p1958,3
1889,heartfelt hummingbird,education,p1967,5
1890,heartfelt hummingbird,education,p1973,5
1891,heartfelt hummingbird,education,p1978,3
1892,heartfelt hummingbird,education,p1983,5
1893,heartfelt hummingbird,education,p1984,3
1894,heartfelt hummingbird,education,p1995,3
1895,heartfelt hummingbird,education,p1996,3
1896,heartfelt hummingbird,education,p1997,4
1897,heartfelt hummingbird,education,p2001,2
1898,heartfelt hummingbird,education,p2002,3
1899,heartfelt hummingbird,education,p2013,5
1900,heartfelt hummingbird,education,p2014,2
1901,heartfelt hummingbird,education,p2016,5
1902,heartfelt hummingbird,education,p2018,2
1903,heartfelt hummingbird,education,p2023,3
1904,heartfelt hummingbird,education,p2025,4
1905,heartfelt hummingbird,education,p2028,3
1906,heartfelt hummingbird,education,p2030,3
1907,heartfelt hummingbird,education,p2033,3
1908,heartfelt hummingbird,education,p2040,5
1909,heartfelt hummingbird,education,p2051,3
1910,heartfelt hummingbird,education,p2052,4
1911,heartfelt hummingbird,education,p2066,2
1912,heartfelt hummingbird,education,p2067,3
1913,heartfelt hummingbird,education,p2073,4
1914,heartfelt hummingbird,education,p2077,3
1915,heartfelt hummingbird,education,p2078,5
1916,heartfelt hummingbird,education,p2086,4
1917,heartfelt hummingbird,education,p2089,4
1918,heartfelt hummingbird,education,p2093,4
1919,heartfelt hummingbird,education,p2094,3
1920,heartfelt hummingbird,education,p2111,2
1921,heartfelt hummingbird,education,p2117,4
1922,heartfelt hummingbird,education,p2121,4
1923,heartfelt hummingbird,education,p2127,3
1924,heartfelt hummingbird,education,p2141,4
1925,heartfelt hummingbird,education,p2142,3
1926,heartfelt hummingbird,education,p2143,4
1927,heartfelt hummingbird,education,p2153,4
1928,heartfelt hummingbird,education,p2155,3
1929,heartfelt hummingbird,education,p2169,3
1930,heartfelt hummingbird,education,p2187,4
1931,heartfelt hummingbird,education,p2188,4
1932,heartfelt hummingbird,education,p2197,3
1933,heartfelt hummingbird,education,p2213,3
1934,heartfelt hummingbird,education,p2214,3
1935,heartfelt hummingbird,education,p2215,4
1936,heartfelt hummingbird,education,p2220,5
1937,heartfelt hummingbird,education,p2223,3
1938,heartfelt hummingbird,education,p2229,4
1939,heartfelt hummingbird,education,p2234,3
1940,heartfelt hummingbird,education,p2237,5
1941,heartfelt hummingbird,education,p2238,5
1942,heartfelt hummingbird,education,p2244,4
1943,heartfelt hummingbird,education,p2248,2
1944,heartfelt hummingbird,education,p2252,4
1945,heartfelt hummingbird,education,p2255,2
1946,heartfelt hummingbird,education,p2261,3
1947,heartfelt hummingbird,education,p2263,3
1948,heartfelt hummingbird,education,p2273,5
1949,heartfelt hummingbird,education,p2275,3
1950,heartfelt hummingbird,education,p2276,4
1951,heartfelt hummingbird,education,p2283,3
1952,heartfelt hummingbird,education,p2287,2
1953,heartfelt hummingbird,education,p2296,3
1954,heartfelt hummingbird,education,p2298,3
1955,heartfelt hummingbird,education,p2304,4
1956,heartfelt hummingbird,education,p2310,2
1957,heartfelt hummingbird,education,p2322,2
1958,heartfelt hummingbird,education,p2326,4
1959,heartfelt hummingbird,education,p2330,3
1960,heartfelt hummingbird,education,p2331,3
1961,heartfelt hummingbird,education,p2333,2
1962,heartfelt hummingbird,education,p2347,2
1963,heartfelt hummingbird,education,p2350,3
1964,heartfelt hummingbird,education,p2351,4
1965,heartfelt hummingbird,education,p2353,3
1966,heartfelt hummingbird,education,p2355,1
1967,heartfelt hummingbird,education,p2363,1
1968,heartfelt hummingbird,education,p2378,4
1969,heartfelt hummingbird,education,p2380,3
1970,heartfelt hummingbird,education,p2387,3
1971,heartfelt hummingbird,education,p2398,2
1972,heartfelt hummingbird,education,p2400,3
1973,heartfelt hummingbird,education,p2403,5
1974,heartfelt hummingbird,education,p2408,3
1975,heartfelt hummingbird,education,p2418,2
1976,heartfelt hummingbird,education,p2426,3
1977,heartfelt hummingbird,education,p2428,2
1978,heartfelt hummingbird,education,p2434,5
1979,heartfelt hummingbird,education,p2446,3
1980,heartfelt hummingbird,education,p2452,2
1981,heartfelt hummingbird,education,p2454,2
1982,heartfelt hummingbird,education,p2462,3
1983,heartfelt hummingbird,education,p2467,4
1984,heartfelt hummingbird,education,p2482,3
1985,heartfelt hummingbird,education,p2489,3
1986,heartfelt hummingbird,education,p2490,2
1987,heartfelt hummingbird,education,p2494,3
1988,heartfelt hummingbird,education,p2502,4
1989,heartfelt hummingbird,education,p2503,3
1990,heartfelt hummingbird,education,p2522,3
1991,heartfelt hummingbird,education,p2524,3
1992,heartfelt hummingbird,education,p2533,1
1993,heartfelt hummingbird,education,p2566,3
1994,heartfelt hummingbird,education,p2571,3
1995,heartfelt hummingbird,education,p2573,1
1996,heartfelt hummingbird,education,p2582,4
1997,heartfelt hummingbird,education,p2591,2
1998,heartfelt hummingbird,education,p2592,3
1999,heartfelt hummingbird,education,p2595,4
2000,heartfelt hummingbird,income,p0016,3
2001,heartfelt hummingbird,income,p0022,4
2002,heartfelt hummingbird,income,p0023,4
2003,heartfelt hummingbird,income,p0026,4
2004,heartfelt hummingbird,income,p0034,3
2005,heartfelt hummingbird,income,p0036,3
2006,heartfelt hummingbird,income,p0037,4
2007,heartfelt hummingbird,income,p0042,3
2008,heartfelt hummingbird,income,p0057,3
2009,heartfelt hummingbird,income,p0066,4
2010,heartfelt hummingbird,income,p0069,1
2011,heartfelt hummingbird,income,p0072,4
2012,heartfelt hummingbird,income,p0073,4
2013,heartfelt hummingbird,income,p0082,4
2014,heartfelt hummingbird,income,p0091,4
2015,heartfelt hummingbird,income,p0092,2
2016,heartfelt hummingbird,income,p0093,4
2017,heartfelt hummingbird,income,p0095,3
2018,heartfelt hummingbird,income,p0107,3
2019,heartfelt hummingbird,income,p0114,3
2020,heartfelt hummingbird,income,p0116,3
2021,heartfelt hummingbird,income,p0118,3
2022,heartfelt hummingbird,income,p0119,3
2023,heartfelt hummingbird,income,p0126,3
2024,heartfelt hummingbird,income,p0129,4
2025,heartfelt hummingbird,income,p0136,3
2026,heartfelt hummingbird,income,p0138,3
2027,heartfelt hummingbird,income,p0144,3
2028,heartfelt hummingbird,income,p0150,1
2029,heartfelt hummingbird,income,p0152,3
2030,heartfelt hummingbird,income,p0158,2
2031,heartfelt hummingbird,income,p0161,4
2032,heartfelt hummingbird,income,p0164,3
2033,heartfelt hummingbird,income,p0175,4
2034,heartfelt hummingbird,income,p0177,4
2035,heartfelt hummingbird,income,p0178,4
2036,heartfelt hummingbird,income,p0181,4
2037,heartfelt hummingbird,income,p0186,2
2038,heartfelt hummingbird,income,p0196,4
2039,heartfelt hummingbird,income,p0198,4
2040,heartfelt hummingbird,income,p0202,3
2041,heartfelt hummingbird,income,p0205,4
2042,heartfelt hummingbird,income,p0207,3
2043,heartfelt hummingbird,income,p0211,3
2044,heartfelt hummingbird,income,p0227,4
2045,heartfelt hummingbird,income,p0229,3
2046,heartfelt hummingbird,income,p0232,4
2047,heartfelt hummingbird,income,p0233,2
2048,heartfelt hummingbird,income,p0237,3
2049,heartfelt hummingbird,income,p0258,3
2050,heartfelt hummingbird,income,p0268,2
2051,heartfelt hummingbird,income,p0274,3
2052,heartfelt hummingbird,income,p0275,2
2053,heartfelt hummingbird,income,p0277,1
2054,heartfelt hummingbird,income,p0288,3
2055,heartfelt hummingbird,income,p0291,3
2056,heartfelt hummingbird,income,p0307,1
2057,heartfelt hummingbird,income,p0308,3
2058,heartfelt hummingbird,income,p0317,4
2059,heartfelt hummingbird,income,p0325,4
2060,heartfelt hummingbird,income,p0327,4
2061,heartfelt hummingbird,income,p0334,4
2062,heartfelt hummingbird,income,p0336,4
2063,heartfelt hummingbird,income,p0338,2
2064,heartfelt hummingbird,income,p0342,4
2065,heartfelt hummingbird,income,p0349,3
2066,heartfelt hummingbird,income,p0356,3
2067,heartfelt hummingbird,income,p0358,1
2068,heartfelt hummingbird,income,p0363,3
2069,heartfelt hummingbird,income,p0364,4
2070,heartfelt hummingbird,income,p0369,4
2071,heartfelt hummingbird,income,p0370,2
2072,heartfelt hummingbird,income,p0371,3
2073,heartfelt hummingbird,income,p0379,3
2074,heartfelt hummingbird,income,p0386,3
2075,heartfelt hummingbird,income,p0396,3
2076,heartfelt hummingbird,income,p0403,2
2077,heartfelt hummingbird,income,p0405,4
2078,heartfelt hummingbird,income,p0412,4
2079,heartfelt hummingbird,income,p0415,4
2080,heartfelt hummingbird,income,p0416,4
2081,heartfelt hummingbird,income,p0417,3
2082,heartfelt hummingbird,income,p0418,3
2083,heartfelt hummingbird,income,p0430,4
2084,heartfelt hummingbird,income,p0431,4
2085,heartfelt hummingbird,income,p0434,3
2086,heartfelt hummingbird,income,p0438,4
2087,heartfelt hummingbird,income,p0441,4
2088,heartfelt hummingbird,income,p0442,2
2089,heartfelt hummingbird,income,p0449,4
2090,heartfelt hummingbird,income,p0450,4
2091,heartfelt hummingbird,income,p0465,4
2092,heartfelt hummingbird,income,p0471,3
2093,heartfelt hummingbird,income,p0477,3
2094,heartfelt hummingbird,income,p0483,3
2095,heartfelt hummingbird,income,p0486,3
2096,heartfelt hummingbird,income,p0487,3
2097,heartfelt hummingbird,income,p0489,4
2098,heartfelt hummingbird,income,p0497,4
2099,heartfelt hummingbird,income,p0502,4
2100,heartfelt hummingbird,income,p0503,2
2101,heartfelt hummingbird,income,p0506,3
2102,heartfelt hummingbird,income,p0511,4
2103,heartfelt hummingbird,income,p0523,2
2104,heartfelt hummingbird,income,p0534,4
2105,heartfelt hummingbird,income,p0536,3
2106,heartfelt hummingbird,income,p0542,4
2107,heartfelt hummingbird,income,p0547,3
2108,heartfelt hummingbird,income,p0553,4
2109,heartfelt hummingbird,income,p0559,4
2110,heartfelt hummingbird,income,p0566,4
2111,heartfelt hummingbird,income,p0568,3
2112,heartfelt hummingbird,income,p0570,2
2113,heartfelt hummingbird,income,p0573,3
2114,heartfelt hummingbird,income,p0578,2
2115,heartfelt hummingbird,income,p0594,3
2116,heartfelt hummingbird,income,p0597,2
2117,heartfelt hummingbird,income,p0601,3
2118,heartfelt hummingbird,income,p0602,2
2119,heartfelt hummingbird,income,p0605,3
2120,heartfelt hummingbird,income,p0615,2
2121,heartfelt hummingbird,income,p0620,3
2122,heartfelt hummingbird,income,p0626,3
2123,heartfelt hummingbird,income,p0629,4
2124,heartfelt hummingbird,income,p0633,2
2125,heartfelt hummingbird,income,p0638,3
2126,heartfelt hummingbird,income,p0639,4
2127,heartfelt hummingbird,income,p0640,3
2128,heartfelt hummingbird,income,p0655,4
2129,heartfelt hummingbird,income,p0656,3
2130,heartfelt hummingbird,income,p0658,4
2131,heartfelt hummingbird,income,p0661,3
2132,heartfelt hummingbird,income,p0669,3
2133,heartfelt hummingbird,income,p0670,2
2134,heartfelt hummingbird,income,p0672,3
2135,heartfelt hummingbird,income,p0674,3
2136,heartfelt hummingbird,income,p0678,4
2137,heartfelt hummingbird,income,p0683,3
2138,heartfelt hummingbird,income,p0686,3
2139,heartfelt hummingbird,income,p0687,3
2140,heartfelt hummingbird,income,p0698,2
2141,heartfelt hummingbird,income,p0700,4
2142,heartfelt hummingbird,income,p0703,3
2143,heartfelt hummingbird,income,p0718,2
2144,heartfelt hummingbird,income,p0744,4
2145,heartfelt hummingbird,income,p0745,4
2146,heartfelt hummingbird,income,p0753,2
2147,heartfelt hummingbird,income,p0770,4
2148,heartfelt hummingbird,income,p0771,3
2149,heartfelt hummingbird,income,p0777,4
2150,heartfelt hummingbird,income,p0779,4
2151,heartfelt hummingbird,income,p0780,1
2152,heartfelt hummingbird,income,p0783,3
2153,heartfelt hummingbird,income,p0785,4
2154,heartfelt hummingbird,income,p0786,3
2155,heartfelt hummingbird,income,p0794,4
2156,heartfelt hummingbird,income,p0798,4
2157,heartfelt hummingbird,income,p0800,3
2158,heartfelt hummingbird,income,p0820,2
2159,heartfelt hummingbird,income,p0841,3
2160,heartfelt hummingbird,income,p0849,3
2161,heartfelt hummingbird,income,p0862,3
2162,heartfelt hummingbird,income,p0867,4
2163,heartfelt hummingbird,income,p0869,4
2164,heartfelt hummingbird,income,p0872,3
2165,heartfelt hummingbird,income,p0880,2
2166,heartfelt hummingbird,income,p0891,3
2167,heartfelt hummingbird,income,p0916,3
2168,heartfelt hummingbird,income,p0917,4
2169,heartfelt hummingbird,income,p0919,3
2170,heartfelt hummingbird,income,p0922,2
2171,heartfelt hummingbird,income,p0925,2
2172,heartfelt hummingbird,income,p0927,4
2173,heartfelt hummingbird,income,p0929,2
2174,heartfelt hummingbird,income,p0930,4
2175,heartfelt hummingbird,income,p0931,2
2176,heartfelt hummingbird,income,p0933,2
2177,heartfelt hummingbird,income,p0934,4
2178,heartfelt hummingbird,income,p0936,3
2179,heartfelt hummingbird,income,p0938,3
2180,heartfelt hummingbird,income,p0939,2
2181,heartfelt hummingbird,income,p0946,4
2182,heartfelt hummingbird,income,p0951,2
2183,heartfelt hummingbird,income,p0956,3
2184,heartfelt hummingbird,income,p0962,3
2185,heartfelt hummingbird,income,p0963,3
2186,heartfelt hummingbird,income,p0969,5
2187,heartfelt hummingbird,income,p0972,3
2188,heartfelt hummingbird,income,p0975,4
2189,heartfelt hummingbird,income,p0985,2
2190,heartfelt hummingbird,income,p0993,1
2191,heartfelt hummingbird,income,p0996,3
2192,heartfelt hummingbird,income,p1011,3
2193,heartfelt hummingbird,income,p1017,4
2194,heartfelt hummingbird,income,p1020,3
2195,heartfelt hummingbird,income,p1022,3
2196,heartfelt hummingbird,income,p1024,2
2197,heartfelt hummingbird,income,p1027,3
2198,heartfelt hummingbird,income,p1028,4
2199,heartfelt hummingbird,income,p1029,2
2200,heartfelt hummingbird,income,p1032,3
2201,heartfelt hummingbird,income,p1040,3
2202,heartfelt hummingbird,income,p1047,4
2203,heartfelt hummingbird,income,p1048,2
2204,heartfelt hummingbird,income,p1053,2
2205,heartfelt hummingbird,income,p1057,3
2206,heartfelt hummingbird,income,p1058,4
2207,heartfelt hummingbird,income,p1063,4
2208,heartfelt hummingbird,income,p1064,3
2209,heartfelt hummingbird,income,p1065,3
2210,heartfelt hummingbird,income,p1069,3
2211,heartfelt hummingbird,income,p1072,3
2212,heartfelt hummingbird,income,p1073,3
2213,heartfelt hummingbird,income,p1075,3
2214,heartfelt hummingbird,income,p1076,2
2215,heartfelt hummingbird,income,p1083,3
2216,heartfelt hummingbird,income,p1089,4
2217,heartfelt hummingbird,income,p1093,3
2218,heartfelt hummingbird,income,p1096,4
2219,heartfelt hummingbird,income,p1100,4
2220,heartfelt hummingbird,income,p1106,2
2221,heartfelt hummingbird,income,p1107,2
2222,heartfelt hummingbird,income,p1113,2
2223,heartfelt hummingbird,income,p1117,3
2224,heartfelt hummingbird,income,p1120,4
2225,heartfelt hummingbird,income,p1134,4
2226,heartfelt hummingbird,income,p1136,3
2227,heartfelt hummingbird,income,p1138,3
2228,heartfelt hummingbird,income,p1144,3
2229,heartfelt hummingbird,income,p1145,4
2230,heartfelt hummingbird,income,p1147,4
2231,heartfelt hummingbird,income,p1148,3
2232,heartfelt hummingbird,income,p1154,3
2233,heartfelt hummingbird,income,p1159,4
2234,heartfelt hummingbird,income,p1167,3
2235,heartfelt hummingbird,income,p1175,2
2236,heartfelt hummingbird,income,p1178,3
2237,heartfelt hummingbird,income,p1184,3
2238,heartfelt hummingbird,income,p1186,3
2239,heartfelt hummingbird,income,p1196,2
2240,heartfelt hummingbird,income,p1197,3
2241,heartfelt hummingbird,income,p1203,3
2242,heartfelt hummingbird,income,p1219,2
2243,heartfelt hummingbird,income,p1225,4
2244,heartfelt hummingbird,income,p1234,2
2245,heartfelt hummingbird,income,p1242,3
2246,heartfelt hummingbird,income,p1244,3
2247,heartfelt hummingbird,income,p1249,3
2248,heartfelt hummingbird,income,p1250,3
2249,heartfelt hummingbird,income,p1256,4
2250,heartfelt hummingbird,income,p1258,4
2251,heartfelt hummingbird,income,p1260,2
2252,heartfelt hummingbird,income,p1262,4
2253,heartfelt hummingbird,income,p1264,2
2254,heartfelt hummingbird,income,p1265,4
2255,heartfelt hummingbird,income,p1269,3
2256,heartfelt hummingbird,income,p1272,3
2257,heartfelt hummingbird,income,p1278,2
2258,heartfelt hummingbird,income,p1281,2
2259,heartfelt hummingbird,income,p1292,4
2260,heartfelt hummingbird,income,p1299,4
2261,heartfelt hummingbird,income,p1312,3
2262,heartfelt hummingbird,income,p1322,1
2263,heartfelt hummingbird,income,p1326,3
2264,heartfelt hummingbird,income,p1330,2
2265,heartfelt hummingbird,income,p1335,3
2266,heartfelt hummingbird,income,p1337,4
2267,heartfelt hummingbird,income,p1340,4
2268,heartfelt hummingbird,income,p1345,3
2269,heartfelt hummingbird,income,p1351,3
2270,heartfelt hummingbird,income,p1355,3
2271,heartfelt hummingbird,income,p1362,4
2272,heartfelt hummingbird,income,p1365,3
2273,heartfelt hummingbird,income,p1366,3
2274,heartfelt hummingbird,income,p1367,3
2275,heartfelt hummingbird,income,p1370,3
2276,heartfelt hummingbird,income,p1371,5
2277,heartfelt hummingbird,income,p1373,4
2278,heartfelt hummingbird,income,p1375,4
2279,heartfelt hummingbird,income,p1376,1
2280,heartfelt hummingbird,income,p1379,3
2281,heartfelt hummingbird,income,p1381,3
2282,heartfelt hummingbird,income,p1393,4
2283,heartfelt hummingbird,income,p1396,3
2284,heartfelt hummingbird,income,p1398,4
2285,heartfelt hummingbird,income,p1404,1
2286,heartfelt hummingbird,income,p1406,3
2287,heartfelt hummingbird,income,p1407,2
2288,heartfelt hummingbird,income,p1409,4
2289,heartfelt hummingbird,income,p1412,2
2290,heartfelt hummingbird,income,p1414,4
2291,heartfelt hummingbird,income,p1424,4
2292,heartfelt hummingbird,income,p1425,4
2293,heartfelt hummingbird,income,p1429,3
2294,heartfelt hummingbird,income,p1434,4
2295,heartfelt hummingbird,income,p1441,2
2296,heartfelt hummingbird,income,p1445,2
2297,heartfelt hummingbird,income,p1450,3
2298,heartfelt hummingbird,income,p1454,4
2299,heartfelt hummingbird,income,p1456,3
2300,heartfelt hummingbird,income,p1457,1
2301,heartfelt hummingbird,income,p1458,4
2302,heartfelt hummingbird,income,p1469,2
2303,heartfelt hummingbird,income,p1470,4
2304,heartfelt hummingbird,income,p1481,3
2305,heartfelt hummingbird,income,p1488,3
2306,heartfelt hummingbird,income,p1492,3
2307,heartfelt hummingbird,income,p1495,3
2308,heartfelt hummingbird,income,p1497,3
2309,heartfelt hummingbird,income,p1499,4
2310,heartfelt hummingbird,income,p1503,2
2311,heartfelt hummingbird,income,p1511,4
2312,heartfelt hummingbird,income,p1512,1
2313,heartfelt hummingbird,income,p1518,2
2314,heartfelt hummingbird,income,p1519,3
2315,heartfelt hummingbird,income,p1520,1
2316,heartfelt hummingbird,income,p1524,3
2317,heartfelt hummingbird,income,p1526,5
2318,heartfelt hummingbird,income,p1537,3
2319,heartfelt hummingbird,income,p1545,3
2320,heartfelt hummingbird,income,p1547,1
2321,heartfelt hummingbird,income,p1552,5
2322,heartfelt hummingbird,income,p1567,4
2323,heartfelt hummingbird,income,p1568,3
2324,heartfelt hummingbird,income,p1579,2
2325,heartfelt hummingbird,income,p1587,1
2326,heartfelt hummingbird,income,p1596,3
2327,heartfelt hummingbird,income,p1600,4
2328,heartfelt hummingbird,income,p1603,2
2329,heartfelt hummingbird,income,p1604,3
2330,heartfelt hummingbird,income,p1610,2
2331,heartfelt hummingbird,income,p1618,3
2332,heartfelt hummingbird,income,p1619,4
2333,heartfelt hummingbird,income,p1622,4
2334,heartfelt hummingbird,income,p1623,3
2335,heartfelt hummingbird,income,p1630,4
2336,heartfelt hummingbird,income,p1641,4
2337,heartfelt hummingbird,income,p1649,2
2338,heartfelt hummingbird,income,p1652,3
2339,heartfelt hummingbird,income,p1665,3
2340,heartfelt hummingbird,income,p1669,4
2341,heartfelt hummingbird,income,p1685,4
2342,heartfelt hummingbird,income,p1693,3
2343,heartfelt hummingbird,income,p1698,4
2344,heartfelt hummingbird,income,p1704,4
2345,heartfelt hummingbird,income,p1711,4
2346,heartfelt hummingbird,income,p1718,3
2347,heartfelt hummingbird,income,p1732,3
2348,heartfelt hummingbird,income,p1739,4
2349,heartfelt hummingbird,income,p1741,4
2350,heartfelt hummingbird,income,p1746,1
2351,heartfelt hummingbird,income,p1751,4
2352,heartfelt hummingbird,income,p1754,1
2353,heartfelt hummingbird,income,p1769,4
2354,heartfelt hummingbird,income,p1771,2
2355,heartfelt hummingbird,income,p1776,2
2356,heartfelt hummingbird,income,p1780,4
2357,heartfelt hummingbird,income,p1785,2
2358,heartfelt hummingbird,income,p1791,3
2359,heartfelt hummingbird,income,p1793,4
2360,heartfelt hummingbird,income,p1796,5
2361,heartfelt hummingbird,income,p1805,3
2362,heartfelt hummingbird,income,p1812,3
2363,heartfelt hummingbird,income,p1816,3
2364,heartfelt hummingbird,income,p1819,4
2365,heartfelt hummingbird,income,p1825,4
2366,heartfelt hummingbird,income,p1836,3
2367,heartfelt hummingbird,income,p1839,4
2368,heartfelt hummingbird,income,p1861,3
2369,heartfelt hummingbird,income,p1863,4
2370,heartfelt hummingbird,income,p1873,4
2371,heartfelt hummingbird,income,p1875,3
2372,heartfelt hummingbird,income,p1876,4
2373,heartfelt hummingbird,income,p1877,2
2374,heartfelt hummingbird,income,p1880,3
2375,heartfelt hummingbird,income,p1883,3
2376,heartfelt hummingbird,income,p1889,1
2377,heartfelt hummingbird,income,p1893,2
2378,heartfelt hummingbird,income,p1896,3
2379,heartfelt hummingbird,income,p1913,4
2380,heartfelt hummingbird,income,p1922,4
2381,heartfelt hummingbird,income,p1930,3
2382,heartfelt hummingbird,income,p1935,4
2383,heartfelt hummingbird,income,p1940,4
2384,heartfelt hummingbird,income,p1948,4
2385,heartfelt hummingbird,income,p1950,2
2386,heartfelt hummingbird,income,p1954,2
2387,heartfelt hummingbird,income,p1956,3
2388,heartfelt hummingbird,income,p1958,3
2389,heartfelt hummingbird,income,p1967,4
2390,heartfelt hummingbird,income,p1973,5
2391,heartfelt hummingbird,income,p1978,4
2392,heartfelt hummingbird,income,p1983,2
2393,heartfelt hummingbird,income,p1984,3
2394,heartfelt hummingbird,income,p1995,3
2395,heartfelt hummingbird,income,p1996,2
2396,heartfelt hummingbird,income,p1997,4
2397,heartfelt hummingbird,income,p2001,3
2398,heartfelt hummingbird,income,p2002,2
2399,heartfelt hummingbird,income,p2013,4
2400,heartfelt hummingbird,income,p2014,3
2401,heartfelt hummingbird,income,p2016,4
2402,heartfelt hummingbird,income,p2018,1
2403,heartfelt hummingbird,income,p2023,3
2404,heartfelt hummingbird,income,p2025,4
2405,heartfelt hummingbird,income,p2028,2
2406,heartfelt hummingbird,income,p2030,3
2407,heartfelt hummingbird,income,p2033,3
2408,heartfelt hummingbird,income,p2040,3
2409,heartfelt hummingbird,income,p2051,3
2410,heartfelt hummingbird,income,p2052,4
2411,heartfelt hummingbird,income,p2066,2
2412,heartfelt hummingbird,income,p2067,3
2413,heartfelt hummingbird,income,p2073,4
2414,heartfelt hummingbird,income,p2077,2
2415,heartfelt hummingbird,income,p2078,4
2416,heartfelt hummingbird,income,p2086,3
2417,heartfelt hummingbird,income,p2089,3
2418,heartfelt hummingbird,income,p2093,3
2419,heartfelt hummingbird,income,p2094,3
2420,heartfelt hummingbird,income,p2111,2
2421,heartfelt hummingbird,income,p2117,4
2422,heartfelt hummingbird,income,p2121,3
2423,heartfelt hummingbird,income,p2127,3
2424,heartfelt hummingbird,income,p2141,3
2425,heartfelt hummingbird,income,p2142,2
2426,heartfelt hummingbird,income,p2143,4
2427,heartfelt hummingbird,income,p2153,1
2428,heartfelt hummingbird,income,p2155,2
2429,heartfelt hummingbird,income,p2169,4
2430,heartfelt hummingbird,income,p2187,3
2431,heartfelt hummingbird,income,p2188,4
2432,heartfelt hummingbird,income,p2197,2
2433,heartfelt hummingbird,income,p2213,3
2434,heartfelt hummingbird,income,p2214,2
2435,heartfelt hummingbird,income,p2215,5
2436,heartfelt hummingbird,income,p2220,3
2437,heartfelt hummingbird,income,p2223,2
2438,heartfelt hummingbird,income,p2229,3
2439,heartfelt hummingbird,income,p2234,3
2440,heartfelt hummingbird,income,p2237,4
2441,heartfelt hummingbird,income,p2238,4
2442,heartfelt hummingbird,income,p2244,2
2443,heartfelt hummingbird,income,p2248,3
2444,heartfelt hummingbird,income,p2252,3
2445,heartfelt hummingbird,income,p2255,1
2446,heartfelt hummingbird,income,p2261,3
2447,heartfelt hummingbird,income,p2263,4
2448,heartfelt hummingbird,income,p2273,3
2449,heartfelt hummingbird,income,p2275,2
2450,heartfelt hummingbird,income,p2276,2
2451,heartfelt hummingbird,income,p2283,1
2452,heartfelt hummingbird,income,p2287,3
2453,heartfelt hummingbird,income,p2296,2
2454,heartfelt hummingbird,income,p2298,3
2455,heartfelt hummingbird,income,p2304,3
2456,heartfelt hummingbird,income,p2310,2
2457,heartfelt hummingbird,income,p2322,2
2458,heartfelt hummingbird,income,p2326,3
2459,heartfelt hummingbird,income,p2330,3
2460,heartfelt hummingbird,income,p2331,3
2461,heartfelt hummingbird,income,p2333,2
2462,heartfelt hummingbird,income,p2347,3
2463,heartfelt hummingbird,income,p2350,2
2464,heartfelt hummingbird,income,p2351,3
2465,heartfelt hummingbird,income,p2353,2
2466,heartfelt hummingbird,income,p2355,2
2467,heartfelt hummingbird,income,p2363,2
2468,heartfelt hummingbird,income,p2378,3
2469,heartfelt hummingbird,income,p2380,2
2470,heartfelt hummingbird,income,p2387,4
2471,heartfelt hummingbird,income,p2398,2
2472,heartfelt hummingbird,income,p2400,4
2473,heartfelt hummingbird,income,p2403,2
2474,heartfelt hummingbird,income,p2408,3
2475,heartfelt hummingbird,income,p2418,2
2476,heartfelt hummingbird,income,p2426,2
2477,heartfelt hummingbird,income,p2428,2
2478,heartfelt hummingbird,income,p2434,3
2479,heartfelt hummingbird,income,p2446,1
2480,heartfelt hummingbird,income,p2452,3
2481,heartfelt hummingbird,income,p2454,2
2482,heartfelt hummingbird,income,p2462,3
2483,heartfelt hummingbird,income,p2467,5
2484,heartfelt hummingbird,income,p2482,3
2485,heartfelt hummingbird,income,p2489,3
2486,heartfelt hummingbird,income,p2490,2
2487,heartfelt hummingbird,income,p2494,2
2488,heartfelt hummingbird,income,p2502,4
2489,heartfelt hummingbird,income,p2503,3
2490,heartfelt hummingbird,income,p2522,3
2491,heartfelt hummingbird,income,p2524,3
2492,heartfelt hummingbird,income,p2533,3
2493,heartfelt hummingbird,income,p2566,3
2494,heartfelt hummingbird,income,p2571,3
2495,heartfelt hummingbird,income,p2573,2
2496,heartfelt hummingbird,income,p2582,4
2497,heartfelt hummingbird,income,p2591,3
2498,heartfelt hummingbird,income,p2592,3
2499,heartfelt hummingbird,income,p2595,2
2500,heartfelt hummingbird,party,p0016,2
2501,heartfelt hummingbird,party,p0022,3
2502,heartfelt hummingbird,party,p0023,3
2503,heartfelt hummingbird,party,p0026,1
2504,heartfelt hummingbird,party,p0034,1
2505,heartfelt hummingbird,party,p0036,2
2506,heartfelt hummingbird,party,p0037,1
2507,heartfelt hummingbird,party,p0042,3
2508,heartfelt hummingbird,party,p0057,3
2509,heartfelt hummingbird,party,p0066,1
2510,heartfelt hummingbird,party,p0069,1
2511,heartfelt hummingbird,party,p0072,1
2512,heartfelt hummingbird,party,p0073,1
2513,heartfelt hummingbird,party,p0082,3
2514,heartfelt hummingbird,party,p0091,3
2515,heartfelt hummingbird,party,p0092,3
2516,heartfelt hummingbird,party,p0093,1
2517,heartfelt hummingbird,party,p0095,3
2518,heartfelt hummingbird,party,p0107,1
2519,heartfelt hummingbird,party,p0114,2
2520,heartfelt hummingbird,party,p0116,1
2521,heartfelt hummingbird,party,p0118,1
2522,heartfelt hummingbird,party,p0119,2
2523,heartfelt hummingbird,party,p0126,2
2524,heartfelt hummingbird,party,p0129,3
2525,heartfelt hummingbird,party,p0136,2
2526,heartfelt hummingbird,party,p0138,2
2527,heartfelt hummingbird,party,p0144,2
2528,heartfelt hummingbird,party,p0150,3
2529,heartfelt hummingbird,party,p0152,1
2530,heartfelt hummingbird,party,p0158,3
2531,heartfelt hummingbird,party,p0161,1
2532,heartfelt hummingbird,party,p0164,1
2533,heartfelt hummingbird,party,p0175,3
2534,heartfelt hummingbird,party,p0177,2
2535,heartfelt hummingbird,party,p0178,3
2536,heartfelt hummingbird,party,p0181,1
2537,heartfelt hummingbird,party,p0186,3
2538,heartfelt hummingbird,party,p0196,3
2539,heartfelt hummingbird,party,p0198,3
2540,heartfelt hummingbird,party,p0202,3
2541,heartfelt hummingbird,party,p0205,2
2542,heartfelt hummingbird,party,p0207,3
2543,heartfelt hummingbird,party,p0211,3
2544,heartfelt hummingbird,party,p0227,2
2545,heartfelt hummingbird,party,p0229,3
2546,heartfelt hummingbird,party,p0232,3
2547,heartfelt hummingbird,party,p0233,2
2548,heartfelt hummingbird,party,p0237,3
2549,heartfelt hummingbird,party,p0258,3
2550,heartfelt hummingbird,party,p0268,3
2551,heartfelt hummingbird,party,p0274,3
2552,heartfelt hummingbird,party,p0275,3
2553,heartfelt hummingbird,party,p0277,2
2554,heartfelt hummingbird,party,p0288,3
2555,heartfelt hummingbird,party,p0291,2
2556,heartfelt hummingbird,party,p0307,1
2557,heartfelt hummingbird,party,p0308,1
2558,heartfelt hummingbird,party,p0317,1
2559,heartfelt hummingbird,party,p0325,2
2560,heartfelt hummingbird,party,p0327,3
2561,heartfelt hummingbird,party,p0334,3
2562,heartfelt hummingbird,party,p0336,3
2563,heartfelt hummingbird,party,p0338,1
2564,heartfelt hummingbird,party,p0342,3
2565,heartfelt hummingbird,party,p0349,1
2566,heartfelt hummingbird,party,p0356,3
2567,heartfelt hummingbird,party,p0358,3
2568,heartfelt hummingbird,party,p0363,2
2569,heartfelt hummingbird,party,p0364,2
2570,heartfelt hummingbird,party,p0369,1
2571,heartfelt hummingbird,party,p0370,2
2572,heartfelt hummingbird,party,p0371,1
2573,heartfelt hummingbird,party,p0379,1
2574,heartfelt hummingbird,party,p0386,3
2575,heartfelt hummingbird,party,p0396,3
2576,heartfelt hummingbird,party,p0403,3
2577,heartfelt hummingbird,party,p0405,3
2578,heartfelt hummingbird,party,p0412,1
2579,heartfelt hummingbird,party,p0415,1
2580,heartfelt hummingbird,party,p0416,2
2581,heartfelt hummingbird,party,p0417,3
2582,heartfelt hummingbird,party,p0418,2
2583,heartfelt hummingbird,party,p0430,3
2584,heartfelt hummingbird,party,p0431,3
2585,heartfelt hummingbird,party,p0434,1
2586,heartfelt hummingbird,party,p0438,3
2587,heartfelt hummingbird,party,p0441,3
2588,heartfelt hummingbird,party,p0442,3
2589,heartfelt hummingbird,party,p0449,1
2590,heartfelt hummingbird,party,p0450,2
2591,heartfelt hummingbird,party,p0465,3
2592,heartfelt hummingbird,party,p0471,1
2593,heartfelt hummingbird,party,p0477,3
2594,heartfelt hummingbird,party,p0483,3
2595,heartfelt hummingbird,party,p0486,1
2596,heartfelt hummingbird,party,p0487,1
2597,heartfelt hummingbird,party,p0489,3
2598,heartfelt hummingbird,party,p0497,1
2599,heartfelt hummingbird,party,p0502,1
2600,heartfelt hummingbird,party,p0503,3
2601,heartfelt hummingbird,party,p0506,2
2602,heartfelt hummingbird,party,p0511,1
2603,heartfelt hummingbird,party,p0523,3
2604,heartfelt hummingbird,party,p0534,1
2605,heartfelt hummingbird,party,p0536,3
2606,heartfelt hummingbird,party,p0542,1
2607,heartfelt hummingbird,party,p0547,2
2608,heartfelt hummingbird,party,p0553,3
2609,heartfelt hummingbird,party,p0559,2
2610,heartfelt hummingbird,party,p0566,2
2611,heartfelt hummingbird,party,p0568,2
2612,heartfelt hummingbird,party,p0570,3
2613,heartfelt hummingbird,party,p0573,1
2614,heartfelt hummingbird,party,p0578,3
2615,heartfelt hummingbird,party,p0594,2
2616,heartfelt hummingbird,party,p0597,3
2617,heartfelt hummingbird,party,p0601,1
2618,heartfelt hummingbird,party,p0602,3
2619,heartfelt hummingbird,party,p0605,2
2620,heartfelt hummingbird,party,p0615,3
2621,heartfelt hummingbird,party,p0620,3
2622,heartfelt hummingbird,party,p0626,3
2623,heartfelt hummingbird,party,p0629,3
2624,heartfelt hummingbird,party,p0633,2
2625,heartfelt hummingbird,party,p0638,3
2626,heartfelt hummingbird,party,p0639,1
2627,heartfelt hummingbird,party,p0640,1
2628,heartfelt hummingbird,party,p0655,1
2629,heartfelt hummingbird,party,p0656,3
2630,heartfelt hummingbird,party,p0658,1
2631,heartfelt hummingbird,party,p0661,2
2632,heartfelt hummingbird,party,p0669,2
2633,heartfelt hummingbird,party,p0670,3
2634,heartfelt hummingbird,party,p0672,3
2635,heartfelt hummingbird,party,p0674,3
2636,heartfelt hummingbird,party,p0678,3
2637,heartfelt hummingbird,party,p0683,3
2638,heartfelt hummingbird,party,p0686,1
2639,heartfelt hummingbird,party,p0687,3
2640,heartfelt hummingbird,party,p0698,1
2641,heartfelt hummingbird,party,p0700,2
2642,heartfelt hummingbird,party,p0703,2
2643,heartfelt hummingbird,party,p0718,1
2644,heartfelt hummingbird,party,p0744,3
2645,heartfelt hummingbird,party,p0745,1
2646,heartfelt hummingbird,party,p0753,2
2647,heartfelt hummingbird,party,p0770,2
2648,heartfelt hummingbird,party,p0771,3
2649,heartfelt hummingbird,party,p0777,3
2650,heartfelt hummingbird,party,p0779,1
2651,heartfelt hummingbird,party,p0780,1
2652,heartfelt hummingbird,party,p0783,1
2653,heartfelt hummingbird,party,p0785,1
2654,heartfelt hummingbird,party,p0786,2
2655,heartfelt hummingbird,party,p0794,1
2656,heartfelt hummingbird,party,p0798,1
2657,heartfelt hummingbird,party,p0800,3
2658,heartfelt hummingbird,party,p0820,3
2659,heartfelt hummingbird,party,p0841,1
2660,heartfelt hummingbird,party,p0849,2
2661,heartfelt hummingbird,party,p0862,3
2662,heartfelt hummingbird,party,p0867,3
2663,heartfelt hummingbird,party,p0869,3
2664,heartfelt hummingbird,party,p0872,3
2665,heartfelt hummingbird,party,p0880,3
2666,heartfelt hummingbird,party,p0891,1
2667,heartfelt hummingbird,party,p0916,3
2668,heartfelt hummingbird,party,p0917,1
2669,heartfelt hummingbird,party,p0919,3
2670,heartfelt hummingbird,party,p0922,1
2671,heartfelt hummingbird,party,p0925,1
2672,heartfelt hummingbird,party,p0927,3
2673,heartfelt hummingbird,party,p0929,3
2674,heartfelt hummingbird,party,p0930,1
2675,heartfelt hummingbird,party,p0931,1
2676,heartfelt hummingbird,party,p0933,3
2677,heartfelt hummingbird,party,p0934,1
2678,heartfelt hummingbird,party,p0936,3
2679,heartfelt hummingbird,party,p0938,3
2680,heartfelt hummingbird,party,p0939,2
2681,heartfelt hummingbird,party,p0946,2
2682,heartfelt hummingbird,party,p0951,3
2683,heartfelt hummingbird,party,p0956,1
2684,heartfelt hummingbird,party,p0962,1
2685,heartfelt hummingbird,party,p0963,1
2686,heartfelt hummingbird,party,p0969,1
2687,heartfelt hummingbird,party,p0972,2
2688,heartfelt hummingbird,party,p0975,1
2689,heartfelt hummingbird,party,p0985,2
2690,heartfelt hummingbird,party,p0993,3
2691,heartfelt hummingbird,party,p0996,3
2692,heartfelt hummingbird,party,p1011,1
2693,heartfelt hummingbird,party,p1017,2
2694,heartfelt hummingbird,party,p1020,1
2695,heartfelt hummingbird,party,p1022,3
2696,heartfelt hummingbird,party,p1024,1
2697,heartfelt hummingbird,party,p1027,3
2698,heartfelt hummingbird,party,p1028,3
2699,heartfelt hummingbird,party,p1029,2
2700,heartfelt hummingbird,party,p1032,2
2701,heartfelt hummingbird,party,p1040,2
2702,heartfelt hummingbird,party,p1047,2
2703,heartfelt hummingbird,party,p1048,3
2704,heartfelt hummingbird,party,p1053,3
2705,heartfelt hummingbird,party,p1057,1
2706,heartfelt hummingbird,party,p1058,1
2707,heartfelt hummingbird,party,p1063,1
2708,heartfelt hummingbird,party,p1064,3
2709,heartfelt hummingbird,party,p1065,1
2710,heartfelt hummingbird,party,p1069,3
2711,heartfelt hummingbird,party,p1072,2
2712,heartfelt hummingbird,party,p1073,3
2713,heartfelt hummingbird,party,p1075,2
2714,heartfelt hummingbird,party,p1076,2
2715,heartfelt hummingbird,party,p1083,1
2716,heartfelt hummingbird,party,p1089,3
2717,heartfelt hummingbird,party,p1093,3
2718,heartfelt hummingbird,party,p1096,2
2719,heartfelt hummingbird,party,p1100,2
2720,heartfelt hummingbird,party,p1106,3
2721,heartfelt hummingbird,party,p1107,2
2722,heartfelt hummingbird,party,p1113,1
2723,heartfelt hummingbird,party,p1117,1
2724,heartfelt hummingbird,party,p1120,1
2725,heartfelt hummingbird,party,p1134,2
2726,heartfelt hummingbird,party,p1136,1
2727,heartfelt hummingbird,party,p1138,1
2728,heartfelt hummingbird,party,p1144,1
2729,heartfelt hummingbird,party,p1145,3
2730,heartfelt hummingbird,party,p1147,3
2731,heartfelt hummingbird,party,p1148,3
2732,heartfelt hummingbird,party,p1154,3
2733,heartfelt hummingbird,party,p1159,3
2734,heartfelt hummingbird,party,p1167,3
2735,heartfelt hummingbird,party,p1175,3
2736,heartfelt hummingbird,party,p1178,3
2737,heartfelt hummingbird,party,p1184,1
2738,heartfelt hummingbird,party,p1186,3
2739,heartfelt hummingbird,party,p1196,1
2740,heartfelt hummingbird,party,p1197,3
2741,heartfelt hummingbird,party,p1203,3
2742,heartfelt hummingbird,party,p1219,3
2743,heartfelt hummingbird,party,p1225,1
2744,heartfelt hummingbird,party,p1234,2
2745,heartfelt hummingbird,party,p1242,1
2746,heartfelt hummingbird,party,p1244,3
2747,heartfelt hummingbird,party,p1249,2
2748,heartfelt hummingbird,party,p1250,2
2749,heartfelt hummingbird,party,p1256,1
2750,heartfelt hummingbird,party,p1258,1
2751,heartfelt hummingbird,party,p1260,2
2752,heartfelt hummingbird,party,p1262,1
2753,heartfelt hummingbird,party,p1264,2
2754,heartfelt hummingbird,party,p1265,2
2755,heartfelt hummingbird,party,p1269,1
2756,heartfelt hummingbird,party,p1272,1
2757,heartfelt hummingbird,party,p1278,3
2758,heartfelt hummingbird,party,p1281,3
2759,heartfelt hummingbird,party,p1292,1
2760,heartfelt hummingbird,party,p1299,1
2761,heartfelt hummingbird,party,p1312,2
2762,heartfelt hummingbird,party,p1322,3
2763,heartfelt hummingbird,party,p1326,2
2764,heartfelt hummingbird,party,p1330,3
2765,heartfelt hummingbird,party,p1335,1
2766,heartfelt hummingbird,party,p1337,1
2767,heartfelt hummingbird,party,p1340,1
2768,heartfelt hummingbird,party,p1345,1
2769,heartfelt hummingbird,party,p1351,3
2770,heartfelt hummingbird,party,p1355,1
2771,heartfelt hummingbird,party,p1362,1
2772,heartfelt hummingbird,party,p1365,1
2773,heartfelt hummingbird,party,p1366,2
2774,heartfelt hummingbird,party,p1367,1
2775,heartfelt hummingbird,party,p1370,1
2776,heartfelt hummingbird,party,p1371,1
2777,heartfelt hummingbird,party,p1373,1
2778,heartfelt hummingbird,party,p1375,1
2779,heartfelt hummingbird,party,p1376,3
2780,heartfelt hummingbird,party,p1379,3
2781,heartfelt hummingbird,party,p1381,3
2782,heartfelt hummingbird,party,p1393,1
2783,heartfelt hummingbird,party,p1396,3
2784,heartfelt hummingbird,party,p1398,1
2785,heartfelt hummingbird,party,p1404,3
2786,heartfelt hummingbird,party,p1406,1
2787,heartfelt hummingbird,party,p1407,2
2788,heartfelt hummingbird,party,p1409,2
2789,heartfelt hummingbird,party,p1412,2
2790,heartfelt hummingbird,party,p1414,3
2791,heartfelt hummingbird,party,p1424,1
2792,heartfelt hummingbird,party,p1425,1
2793,heartfelt hummingbird,party,p1429,1
2794,heartfelt hummingbird,party,p1434,1
2795,heartfelt hummingbird,party,p1441,3
2796,heartfelt hummingbird,party,p1445,3
2797,heartfelt hummingbird,party,p1450,1
2798,heartfelt hummingbird,party,p1454,2
2799,heartfelt hummingbird,party,p1456,2
2800,heartfelt hummingbird,party,p1457,3
2801,heartfelt hummingbird,party,p1458,3
2802,heartfelt hummingbird,party,p1469,1
2803,heartfelt hummingbird,party,p1470,1
2804,heartfelt hummingbird,party,p1481,3
2805,heartfelt hummingbird,party,p1488,1
2806,heartfelt hummingbird,party,p1492,2
2807,heartfelt hummingbird,party,p1495,1
2808,heartfelt hummingbird,party,p1497,2
2809,heartfelt hummingbird,party,p1499,1
2810,heartfelt hummingbird,party,p1503,3
2811,heartfelt hummingbird,party,p1511,2
2812,heartfelt hummingbird,party,p1512,3
2813,heartfelt hummingbird,party,p1518,2
2814,heartfelt hummingbird,party,p1519,1
2815,heartfelt hummingbird,party,p1520,1
2816,heartfelt hummingbird,party,p1524,1
2817,heartfelt hummingbird,party,p1526,1
2818,heartfelt hummingbird,party,p1537,3
2819,heartfelt hummingbird,party,p1545,3
2820,heartfelt hummingbird,party,p1547,3
2821,heartfelt hummingbird,party,p1552,3
2822,heartfelt hummingbird,party,p1567,2
2823,heartfelt hummingbird,party,p1568,3
2824,heartfelt hummingbird,party,p1579,1
2825,heartfelt hummingbird,party,p1587,3
2826,heartfelt hummingbird,party,p1596,2
2827,heartfelt hummingbird,party,p1600,3
2828,heartfelt hummingbird,party,p1603,3
2829,heartfelt hummingbird,party,p1604,1
2830,heartfelt hummingbird,party,p1610,2
2831,heartfelt hummingbird,party,p1618,1
2832,heartfelt hummingbird,party,p1619,3
2833,heartfelt hummingbird,party,p1622,1
2834,heartfelt hummingbird,party,p1623,1
2835,heartfelt hummingbird,party,p1630,2
2836,heartfelt hummingbird,party,p1641,1
2837,heartfelt hummingbird,party,p1649,2
2838,heartfelt hummingbird,party,p1652,2
2839,heartfelt hummingbird,party,p1665,3
2840,heartfelt hummingbird,party,p1669,1
2841,heartfelt hummingbird,party,p1685,1
2842,heartfelt hummingbird,party,p1693,3
2843,heartfelt hummingbird,party,p1698,2
2844,heartfelt hummingbird,party,p1704,1
2845,heartfelt hummingbird,party,p1711,3
2846,heartfelt hummingbird,party,p1718,1
2847,heartfelt hummingbird,party,p1732,1
2848,heartfelt hummingbird,party,p1739,3
2849,heartfelt hummingbird,party,p1741,1
2850,heartfelt hummingbird,party,p1746,3
2851,heartfelt hummingbird,party,p1751,1
2852,heartfelt hummingbird,party,p1754,3
2853,heartfelt hummingbird,party,p1769,1
2854,heartfelt hummingbird,party,p1771,2
2855,heartfelt hummingbird,party,p1776,3
2856,heartfelt hummingbird,party,p1780,1
2857,heartfelt hummingbird,party,p1785,3
2858,heartfelt hummingbird,party,p1791,2
2859,heartfelt hummingbird,party,p1793,1
2860,heartfelt hummingbird,party,p1796,1
2861,heartfelt hummingbird,party,p1805,2
2862,heartfelt hummingbird,party,p1812,2
2863,heartfelt hummingbird,party,p1816,2
2864,heartfelt hummingbird,party,p1819,3
2865,heartfelt hummingbird,party,p1825,3
2866,heartfelt hummingbird,party,p1836,1
2867,heartfelt hummingbird,party,p1839,1
2868,heartfelt hummingbird,party,p1861,2
2869,heartfelt hummingbird,party,p1863,3
2870,heartfelt hummingbird,party,p1873,3
2871,heartfelt hummingbird,party,p1875,1
2872,heartfelt hummingbird,party,p1876,3
2873,heartfelt hummingbird,party,p1877,3
2874,heartfelt hummingbird,party,p1880,1
2875,heartfelt hummingbird,party,p1883,1
2876,heartfelt hummingbird,party,p1889,1
2877,heartfelt hummingbird,party,p1893,3
2878,heartfelt hummingbird,party,p1896,2
2879,heartfelt hummingbird,party,p1913,1
2880,heartfelt hummingbird,party,p1922,1
2881,heartfelt hummingbird,party,p1930,1
2882,heartfelt hummingbird,party,p1935,1
2883,heartfelt hummingbird,party,p1940,3
2884,heartfelt hummingbird,party,p1948,1
2885,heartfelt hummingbird,party,p1950,2
2886,heartfelt hummingbird,party,p1954,2
2887,heartfelt hummingbird,party,p1956,2
2888,heartfelt hummingbird,party,p1958,1
2889,heartfelt hummingbird,party,p1967,1
2890,heartfelt hummingbird,party,p1973,3
2891,heartfelt hummingbird,party,p1978,1
2892,heartfelt hummingbird,party,p1983,2
2893,heartfelt hummingbird,party,p1984,3
2894,heartfelt hummingbird,party,p1995,1
2895,heartfelt hummingbird,party,p1996,1
2896,heartfelt hummingbird,party,p1997,1
2897,heartfelt hummingbird,party,p2001,3
2898,heartfelt hummingbird,party,p2002,3
2899,heartfelt hummingbird,party,p2013,3
2900,heartfelt hummingbird,party,p2014,1
2901,heartfelt hummingbird,party,p2016,3
2902,heartfelt hummingbird,party,p2018,1
2903,heartfelt hummingbird,party,p2023,3
2904,heartfelt hummingbird,party,p2025,1
2905,heartfelt hummingbird,party,p2028,3
2906,heartfelt hummingbird,party,p2030,3
2907,heartfelt hummingbird,party,p2033,3
2908,heartfelt hummingbird,party,p2040,3
2909,heartfelt hummingbird,party,p2051,3
2910,heartfelt hummingbird,party,p2052,1
2911,heartfelt hummingbird,party,p2066,3
2912,heartfelt hummingbird,party,p2067,1
2913,heartfelt hummingbird,party,p2073,2
2914,heartfelt hummingbird,party,p2077,1
2915,heartfelt hummingbird,party,p2078,3
2916,heartfelt hummingbird,party,p2086,3
2917,heartfelt hummingbird,party,p2089,1
2918,heartfelt hummingbird,party,p2093,1
2919,heartfelt hummingbird,party,p2094,2
2920,heartfelt hummingbird,party,p2111,1
2921,heartfelt hummingbird,party,p2117,3
2922,heartfelt hummingbird,party,p2121,3
2923,heartfelt hummingbird,party,p2127,1
2924,heartfelt hummingbird,party,p2141,2
2925,heartfelt hummingbird,party,p2142,2
2926,heartfelt hummingbird,party,p2143,1
2927,heartfelt hummingbird,party,p2153,3
2928,heartfelt hummingbird,party,p2155,3
2929,heartfelt hummingbird,party,p2169,1
2930,heartfelt hummingbird,party,p2187,3
2931,heartfelt hummingbird,party,p2188,3
2932,heartfelt hummingbird,party,p2197,1
2933,heartfelt hummingbird,party,p2213,2
2934,heartfelt hummingbird,party,p2214,2
2935,heartfelt hummingbird,party,p2215,1
2936,heartfelt hummingbird,party,p2220,2
2937,heartfelt hummingbird,party,p2223,2
2938,heartfelt hummingbird,party,p2229,2
2939,heartfelt hummingbird,party,p2234,3
2940,heartfelt hummingbird,party,p2237,3
2941,heartfelt hummingbird,party,p2238,1
2942,heartfelt hummingbird,party,p2244,3
2943,heartfelt hummingbird,party,p2248,3
2944,heartfelt hummingbird,party,p2252,3
2945,heartfelt hummingbird,party,p2255,1
2946,heartfelt hummingbird,party,p2261,1
2947,heartfelt hummingbird,party,p2263,3
2948,heartfelt hummingbird,party,p2273,3
2949,heartfelt hummingbird,party,p2275,3
2950,heartfelt hummingbird,party,p2276,3
2951,heartfelt hummingbird,party,p2283,3
2952,heartfelt hummingbird,party,p2287,3
2953,heartfelt hummingbird,party,p2296,3
2954,heartfelt hummingbird,party,p2298,2
2955,heartfelt hummingbird,party,p2304,3
2956,heartfelt hummingbird,party,p2310,3
2957,heartfelt hummingbird,party,p2322,2
2958,heartfelt hummingbird,party,p2326,1
2959,heartfelt hummingbird,party,p2330,1
2960,heartfelt hummingbird,party,p2331,3
2961,heartfelt hummingbird,party,p2333,1
2962,heartfelt hummingbird,party,p2347,3
2963,heartfelt hummingbird,party,p2350,2
2964,heartfelt hummingbird,party,p2351,1
2965,heartfelt hummingbird,party,p2353,3
2966,heartfelt hummingbird,party,p2355,3
2967,heartfelt hummingbird,party,p2363,3
2968,heartfelt hummingbird,party,p2378,2
2969,heartfelt hummingbird,party,p2380,3
2970,heartfelt hummingbird,party,p2387,3
2971,heartfelt hummingbird,party,p2398,1
2972,heartfelt hummingbird,party,p2400,3
2973,heartfelt hummingbird,party,p2403,3
2974,heartfelt hummingbird,party,p2408,3
2975,heartfelt hummingbird,party,p2418,3
2976,heartfelt hummingbird,party,p2426,3
2977,heartfelt hummingbird,party,p2428,2
2978,heartfelt hummingbird,party,p2434,3
2979,heartfelt hummingbird,party,p2446,3
2980,heartfelt hummingbird,party,p2452,1
2981,heartfelt hummingbird,party,p2454,2
2982,heartfelt hummingbird,party,p2462,3
2983,heartfelt hummingbird,party,p2467,1
2984,heartfelt hummingbird,party,p2482,2
2985,heartfelt hummingbird,party,p2489,1
2986,heartfelt hummingbird,party,p2490,3
2987,heartfelt hummingbird,party,p2494,1
2988,heartfelt hummingbird,party,p2502,3
2989,heartfelt hummingbird,party,p2503,3
2990,heartfelt hummingbird,party,p2522,1
2991,heartfelt hummingbird,party,p2524,3
2992,heartfelt hummingbird,party,p2533,3
2993,heartfelt hummingbird,party,p2566,3
2994,heartfelt hummingbird,party,p2571,3
2995,heartfelt hummingbird,party,p2573,2
2996,heartfelt hummingbird,party,p2582,1
2997,heartfelt hummingbird,party,p2591,1
2998,heartfelt hummingbird,party,p2592,2
2999,heartfelt hummingbird,party,p2595,3
