,condition,outcome,persona,response
0,jealous jaguar,gender,p0016,2
1,jealous jaguar,gender,p0022,2
2,jealous jaguar,gender,p0023,1
3,jealous jaguar,gender,p0026,2
4,jealous jaguar,gender,p0034,1
5,jealous jaguar,gender,p0036,1
6,jealous jaguar,gender,p0037,1
7,jealous jaguar,gender,p0042,1
8,jealous jaguar,gender,p0057,2
9,jealous jaguar,gender,p0066,1
10,jealous jaguar,gender,p0069,2
11,jealous jaguar,gender,p0072,2
12,jealous jaguar,gender,p0073,1
13,jealous jaguar,gender,p0082,1
14,jealous jaguar,gender,p0091,1
15,jealous jaguar,gender,p0092,1
16,jealous jaguar,gender,p0093,1
17,jealous jaguar,gender,p0095,1
18,jealous jaguar,gender,p0107,2
19,jealous jaguar,gender,p0114,1
20,jealous jaguar,gender,p0116,1
21,jealous jaguar,gender,p0118,2
22,jealous jaguar,gender,p0119,1
23,jealous jaguar,gender,p0126,1
24,jealous jaguar,gender,p0129,1
25,jealous jaguar,gender,p0136,2
26,jealous jaguar,gender,p0138,1
27,jealous jaguar,gender,p0144,2
28,jealous jaguar,gender,p0150,1
29,jealous jaguar,gender,p0152,2
30,jealous jaguar,gender,p0158,2
31,jealous jaguar,gender,p0161,1
32,jealous jaguar,gender,p0164,2
33,jealous jaguar,gender,p0175,1
34,jealous jaguar,gender,p0177,1
35,jealous jaguar,gender,p0178,1
36,jealous jaguar,gender,p0181,2
37,jealous jaguar,gender,p0186,2
38,jealous jaguar,gender,p0196,2
39,jealous jaguar,gender,p0198,1
40,jealous jaguar,gender,p0202,1
41,jealous jaguar,gender,p0205,1
42,jealous jaguar,gender,p0207,1
43,jealous jaguar,gender,p0211,1
44,jealous jaguar,gender,p0227,2
45,jealous jaguar,gender,p0229,1
46,jealous jaguar,gender,p0232,1
47,jealous jaguar,gender,p0233,2
48,jealous jaguar,gender,p0237,1
49,jealous jaguar,gender,p0258,1
50,jealous jaguar,gender,p0268,1
51,jealous jaguar,gender,p0274,1
52,jealous jaguar,gender,p0275,1
53,jealous jaguar,gender,p0277,1
54,jealous jaguar,gender,p0288,1
55,jealous jaguar,gender,p0291,1
56,jealous jaguar,gender,p0307,1
57,jealous jaguar,gender,p0308,1
58,jealous jaguar,gender,p0317,1
59,jealous jaguar,gender,p0325,2
60,jealous jaguar,gender,p0327,1
61,jealous jaguar,gender,p0334,1
62,jealous jaguar,gender,p0336,1
63,jealous jaguar,gender,p0338,1
64,jealous jaguar,gender,p0342,1
65,jealous jaguar,gender,p0349,1
66,jealous jaguar,gender,p0356,2
67,jealous jaguar,gender,p0358,1
68,jealous jaguar,gender,p0363,1
69,jealous jaguar,gender,p0364,1
70,jealous jaguar,gender,p0369,2
71,jealous jaguar,gender,p0370,2
72,jealous jaguar,gender,p0371,1
73,jealous jaguar,gender,p0379,1
74,jealous jaguar,gender,p0386,1
75,jealous jaguar,gender,p0396,2
76,jealous jaguar,gender,p0403,2
77,jealous jaguar,gender,p0405,2
78,jealous jaguar,gender,p0412,1
79,jealous jaguar,gender,p0415,1
80,jealous jaguar,gender,p0416,1
81,jealous jaguar,gender,p0417,1
82,jealous jaguar,gender,p0418,2
83,jealous jaguar,gender,p0430,1
84,jealous jaguar,gender,p0431,2
85,jealous jaguar,gender,p0434,2
86,jealous jaguar,gender,p0438,2
87,jealous jaguar,gender,p0441,2
88,jealous jaguar,gender,p0442,2
89,jealous jaguar,gender,p0449,1
90,jealous jaguar,gender,p0450,2
91,jealous jaguar,gender,p0465,1
92,jealous jaguar,gender,p0471,2
93,jealous jaguar,gender,p0477,2
94,jealous jaguar,gender,p0483,2
95,jealous jaguar,gender,p0486,1
96,jealous jaguar,gender,p0487,1
97,jealous jaguar,gender,p0489,1
98,jealous jaguar,gender,p0497,1
99,jealous jaguar,gender,p0502,1
100,jealous jaguar,gender,p0503,2
101,jealous jaguar,gender,p0506,1
102,jealous jaguar,gender,p0511,1
103,jealous jaguar,gender,p0523,2
104,jealous jaguar,gender,p0534,1
105,jealous jaguar,gender,p0536,1
106,jealous jaguar,gender,p0542,1
107,jealous jaguar,gender,p0547,2
108,jealous jaguar,gender,p0553,1
109,jealous jaguar,gender,p0559,2
110,jealous jaguar,gender,p0566,1
111,jealous jaguar,gender,p0568,2
112,jealous jaguar,gender,p0570,1
113,jealous jaguar,gender,p0573,2
114,jealous jaguar,gender,p0578,1
115,jealous jaguar,gender,p0594,1
116,jealous jaguar,gender,p0597,1
117,jealous jaguar,gender,p0601,1
118,jealous jaguar,gender,p0602,2
119,jealous jaguar,gender,p0605,1
120,jealous jaguar,gender,p0615,1
121,jealous jaguar,gender,p0620,1
122,jealous jaguar,gender,p0626,2
123,jealous jaguar,gender,p0629,2
124,jealous jaguar,gender,p0633,2
125,jealous jaguar,gender,p0638,2
126,jealous jaguar,gender,p0639,1
127,jealous jaguar,gender,p0640,2
128,jealous jaguar,gender,p0655,2
129,jealous jaguar,gender,p0656,1
130,jealous jaguar,gender,p0658,1
131,jealous jaguar,gender,p0661,1
132,jealous jaguar,gender,p0669,1
133,jealous jaguar,gender,p0670,2
134,jealous jaguar,gender,p0672,2
135,jealous jaguar,gender,p0674,1
136,jealous jaguar,gender,p0678,1
137,jealous jaguar,gender,p0683,2
138,jealous jaguar,gender,p0686,1
139,jealous jaguar,gender,p0687,1
140,jealous jaguar,gender,p0698,2
141,jealous jaguar,gender,p0700,1
142,jealous jaguar,gender,p0703,1
143,jealous jaguar,gender,p0718,1
144,jealous jaguar,gender,p0744,2
145,jealous jaguar,gender,p0745,1
146,jealous jaguar,gender,p0753,2
147,jealous jaguar,gender,p0770,1
148,jealous jaguar,gender,p0771,1
149,jealous jaguar,gender,p0777,1
150,jealous jaguar,gender,p0779,1
151,jealous jaguar,gender,p0780,2
152,jealous jaguar,gender,p0783,1
153,jealous jaguar,gender,p0785,2
154,jealous jaguar,gender,p0786,2
155,jealous jaguar,gender,p0794,1
156,jealous jaguar,gender,p0798,1
157,jealous jaguar,gender,p0800,1
158,jealous jaguar,gender,p0820,2
159,jealous jaguar,gender,p0841,2
160,jealous jaguar,gender,p0849,1
161,jealous jaguar,gender,p0862,1
162,jealous jaguar,gender,p0867,2
163,jealous jaguar,gender,p0869,1
164,jealous jaguar,gender,p0872,1
165,jealous jaguar,gender,p0880,2
166,jealous jaguar,gender,p0891,1
167,jealous jaguar,gender,p0916,2
168,jealous jaguar,gender,p0917,2
169,jealous jaguar,gender,p0919,2
170,jealous jaguar,gender,p0922,2
171,jealous jaguar,gender,p0925,2
172,jealous jaguar,gender,p0927,1
173,jealous jaguar,gender,p0929,2
174,jealous jaguar,gender,p0930,1
175,jealous jaguar,gender,p0931,2
176,jealous jaguar,gender,p0933,2
177,jealous jaguar,gender,p0934,2
178,jealous jaguar,gender,p0936,2
179,jealous jaguar,gender,p0938,1
180,jealous jaguar,gender,p0939,2
181,jealous jaguar,gender,p0946,1
182,jealous jaguar,gender,p0951,1
183,jealous jaguar,gender,p0956,2
184,jealous jaguar,gender,p0962,2
185,jealous jaguar,gender,p0963,1
186,jealous jaguar,gender,p0969,1
187,jealous jaguar,gender,p0972,1
188,jealous jaguar,gender,p0975,1
189,jealous jaguar,gender,p0985,2
190,jealous jaguar,gender,p0993,1
191,jealous jaguar,gender,p0996,2
192,jealous jaguar,gender,p1011,1
193,jealous jaguar,gender,p1017,2
194,jealous jaguar,gender,p1020,1
195,jealous jaguar,gender,p1022,1
196,jealous jaguar,gender,p1024,2
197,jealous jaguar,gender,p1027,1
198,jealous jaguar,gender,p1028,1
199,jealous jaguar,gender,p1029,2
200,jealous jaguar,gender,p1032,1
201,jealous jaguar,gender,p1040,1
202,jealous jaguar,gender,p1047,1
203,jealous jaguar,gender,p1048,1
204,jealous jaguar,gender,p1053,2
205,jealous jaguar,gender,p1057,1
206,jealous jaguar,gender,p1058,2
207,jealous jaguar,gender,p1063,1
208,jealous jaguar,gender,p1064,2
209,jealous jaguar,gender,p1065,1
210,jealous jaguar,gender,p1069,2
211,jealous jaguar,gender,p1072,1
212,jealous jaguar,gender,p1073,1
213,jealous jaguar,gender,p1075,2
214,jealous jaguar,gender,p1076,2
215,jealous jaguar,gender,p1083,2
216,jealous jaguar,gender,p1089,1
217,jealous jaguar,gender,p1093,1
218,jealous jaguar,gender,p1096,2
219,jealous jaguar,gender,p1100,1
220,jealous jaguar,gender,p1106,2
221,jealous jaguar,gender,p1107,2
222,jealous jaguar,gender,p1113,1
223,jealous jaguar,gender,p1117,1
224,jealous jaguar,gender,p1120,1
225,jealous jaguar,gender,p1134,1
226,jealous jaguar,gender,p1136,1
227,jealous jaguar,gender,p1138,2
228,jealous jaguar,gender,p1144,1
229,jealous jaguar,gender,p1145,1
230,jealous jaguar,gender,p1147,2
231,jealous jaguar,gender,p1148,1
232,jealous jaguar,gender,p1154,2
233,jealous jaguar,gender,p1159,1
234,jealous jaguar,gender,p1167,1
235,jealous jaguar,gender,p1175,2
236,jealous jaguar,gender,p1178,2
237,jealous jaguar,gender,p1184,2
238,jealous jaguar,gender,p1186,1
239,jealous jaguar,gender,p1196,1
240,jealous jaguar,gender,p1197,2
241,jealous jaguar,gender,p1203,1
242,jealous jaguar,gender,p1219,2
243,jealous jaguar,gender,p1225,1
244,jealous jaguar,gender,p1234,2
245,jealous jaguar,gender,p1242,1
246,jealous jaguar,gender,p1244,1
247,jealous jaguar,gender,p1249,2
248,jealous jaguar,gender,p1250,1
249,jealous jaguar,gender,p1256,1
250,jealous jaguar,gender,p1258,2
251,jealous jaguar,gender,p1260,1
252,jealous jaguar,gender,p1262,1
253,jealous jaguar,gender,p1264,2
254,jealous jaguar,gender,p1265,2
255,jealous jaguar,gender,p1269,1
256,jealous jaguar,gender,p1272,2
257,jealous jaguar,gender,p1278,1
258,jealous jaguar,gender,p1281,2
259,jealous jaguar,gender,p1292,1
260,jealous jaguar,gender,p1299,2
261,jealous jaguar,gender,p1312,2
262,jealous jaguar,gender,p1322,1
263,jealous jaguar,gender,p1326,2
264,jealous jaguar,gender,p1330,2
265,jealous jaguar,gender,p1335,2
266,jealous jaguar,gender,p1337,1
267,jealous jaguar,gender,p1340,1
268,jealous jaguar,gender,p1345,1
269,jealous jaguar,gender,p1351,1
270,jealous jaguar,gender,p1355,2
271,jealous jaguar,gender,p1362,2
272,jealous jaguar,gender,p1365,1
273,jealous jaguar,gender,p1366,2
274,jealous jaguar,gender,p1367,1
275,jealous jaguar,gender,p1370,2
276,jealous jaguar,gender,p1371,1
277,jealous jaguar,gender,p1373,2
278,jealous jaguar,gender,p1375,2
279,jealous jaguar,gender,p1376,2
280,jealous jaguar,gender,p1379,2
281,jealous jaguar,gender,p1381,2
282,jealous jaguar,gender,p1393,2
283,jealous jaguar,gender,p1396,2
284,jealous jaguar,gender,p1398,1
285,jealous jaguar,gender,p1404,2
286,jealous jaguar,gender,p1406,1
287,jealous jaguar,gender,p1407,2
288,jealous jaguar,gender,p1409,1
289,jealous jaguar,gender,p1412,1
290,jealous jaguar,gender,p1414,1
291,jealous jaguar,gender,p1424,1
292,jealous jaguar,gender,p1425,1
293,jealous jaguar,gender,p1429,2
294,jealous jaguar,gender,p1434,1
295,jealous jaguar,gender,p1441,1
296,jealous jaguar,gender,p1445,1
297,jealous jaguar,gender,p1450,1
298,jealous jaguar,gender,p1454,1
299,jealous jaguar,gender,p1456,1
300,jealous jaguar,gender,p1457,2
301,jealous jaguar,gender,p1458,1
302,jealous jaguar,gender,p1469,1
303,jealous jaguar,gender,p1470,1
304,jealous jaguar,gender,p1481,1
305,jealous jaguar,gender,p1488,2
306,jealous jaguar,gender,p1492,1
307,jealous jaguar,gender,p1495,1
308,jealous jaguar,gender,p1497,2
309,jealous jaguar,gender,p1499,1
310,jealous jaguar,gender,p1503,1
311,jealous jaguar,gender,p1511,1
312,jealous jaguar,gender,p1512,2
313,jealous jaguar,gender,p1518,2
314,jealous jaguar,gender,p1519,2
315,jealous jaguar,gender,p1520,2
316,jealous jaguar,gender,p1524,2
317,jealous jaguar,gender,p1526,2
318,jealous jaguar,gender,p1537,1
319,jealous jaguar,gender,p1545,2
320,jealous jaguar,gender,p1547,2
321,jealous jaguar,gender,p1552,1
322,jealous jaguar,gender,p1567,1
323,jealous jaguar,gender,p1568,2
324,jealous jaguar,gender,p1579,2
325,jealous jaguar,gender,p1587,2
326,jealous jaguar,gender,p1596,1
327,jealous jaguar,gender,p1600,1
328,jealous jaguar,gender,p1603,2
329,jealous jaguar,gender,p1604,2
330,jealous jaguar,gender,p1610,2
331,jealous jaguar,gender,p1618,1
332,jealous jaguar,gender,p1619,1
333,jealous jaguar,gender,p1622,1
334,jealous jaguar,gender,p1623,1
335,jealous jaguar,gender,p1630,1
336,jealous jaguar,gender,p1641,1
337,jealous jaguar,gender,p1649,1
338,jealous jaguar,gender,p1652,1
339,jealous jaguar,gender,p1665,1
340,jealous jaguar,gender,p1669,1
341,jealous jaguar,gender,p1685,1
342,jealous jaguar,gender,p1693,2
343,jealous jaguar,gender,p1698,1
344,jealous jaguar,gender,p1704,1
345,jealous jaguar,gender,p1711,1
346,jealous jaguar,gender,p1718,1
347,jealous jaguar,gender,p1732,1
348,jealous jaguar,gender,p1739,1
349,jealous jaguar,gender,p1741,1
350,jealous jaguar,gender,p1746,1
351,jealous jaguar,gender,p1751,1
352,jealous jaguar,gender,p1754,2
353,jealous jaguar,gender,p1769,2
354,jealous jaguar,gender,p1771,2
355,jealous jaguar,gender,p1776,1
356,jealous jaguar,gender,p1780,1
357,jealous jaguar,gender,p1785,2
358,jealous jaguar,gender,p1791,1
359,jealous jaguar,gender,p1793,1
360,jealous jaguar,gender,p1796,1
361,jealous jaguar,gender,p1805,1
362,jealous jaguar,gender,p1812,1
363,jealous jaguar,gender,p1816,2
364,jealous jaguar,gender,p1819,1
365,jealous jaguar,gender,p1825,1
366,jealous jaguar,gender,p1836,1
367,jealous jaguar,gender,p1839,2
368,jealous jaguar,gender,p1861,1
369,jealous jaguar,gender,p1863,1
370,jealous jaguar,gender,p1873,1
371,jealous jaguar,gender,p1875,1
372,jealous jaguar,gender,p1876,2
373,jealous jaguar,gender,p1877,2
374,jealous jaguar,gender,p1880,2
375,jealous jaguar,gender,p1883,1
376,jealous jaguar,gender,p1889,1
377,jealous jaguar,gender,p1893,1
378,jealous jaguar,gender,p1896,1
379,jealous jaguar,gender,p1913,1
380,jealous jaguar,gender,p1922,1
381,jealous jaguar,gender,p1930,1
382,jealous jaguar,gender,p1935,1
383,jealous jaguar,gender,p1940,1
384,jealous jaguar,gender,p1948,2
385,jealous jaguar,gender,p1950,2
386,jealous jaguar,gender,p1954,1
387,jealous jaguar,gender,p1956,2
388,jealous jaguar,gender,p1958,1
389,jealous jaguar,gender,p1967,2
390,jealous jaguar,gender,p1973,1
391,jealous jaguar,gender,p1978,1
392,jealous jaguar,gender,p1983,1
393,jealous jaguar,gender,p1984,2
394,jealous jaguar,gender,p1995,1
395,jealous jaguar,gender,p1996,2
396,jealous jaguar,gender,p1997,1
397,jealous jaguar,gender,p2001,2
398,jealous jaguar,gender,p2002,2
399,jealous jaguar,gender,p2013,2
400,jealous jaguar,gender,p2014,2
401,jealous jaguar,gender,p2016,1
402,jealous jaguar,gender,p2018,1
403,jealous jaguar,gender,p2023,2
404,jealous jaguar,gender,p2025,1
405,jealous jaguar,gender,p2028,1
406,jealous jaguar,gender,p2030,2
407,jealous jaguar,gender,p2033,1
408,jealous jaguar,gender,p2040,1
409,jealous jaguar,gender,p2051,2
410,jealous jaguar,gender,p2052,1
411,jealous jaguar,gender,p2066,1
412,jealous jaguar,gender,p2067,1
413,jealous jaguar,gender,p2073,1
414,jealous jaguar,gender,p2077,2
415,jealous jaguar,gender,p2078,2
416,jealous jaguar,gender,p2086,1
417,jealous jaguar,gender,p2089,1
418,jealous jaguar,gender,p2093,1
419,jealous jaguar,gender,p2094,2
420,jealous jaguar,gender,p2111,2
421,jealous jaguar,gender,p2117,2
422,jealous jaguar,gender,p2121,1
423,jealous jaguar,gender,p2127,1
424,jealous jaguar,gender,p2141,1
425,jealous jaguar,gender,p2142,2
426,jealous jaguar,gender,p2143,1
427,jealous jaguar,gender,p2153,2
428,jealous jaguar,gender,p2155,2
429,jealous jaguar,gender,p2169,1
430,jealous jaguar,gender,p2187,1
431,jealous jaguar,gender,p2188,1
432,jealous jaguar,gender,p2197,2
433,jealous jaguar,gender,p2213,2
434,jealous jaguar,gender,p2214,2
435,jealous jaguar,gender,p2215,2
436,jealous jaguar,gender,p2220,1
437,jealous jaguar,gender,p2223,2
438,jealous jaguar,gender,p2229,1
439,jealous jaguar,gender,p2234,2
440,jealous jaguar,gender,p2237,2
441,jealous jaguar,gender,p2238,1
442,jealous jaguar,gender,p2244,2
443,jealous jaguar,gender,p2248,2
444,jealous jaguar,gender,p2252,1
445,jealous jaguar,gender,p2255,1
446,jealous jaguar,gender,p2261,1
447,jealous jaguar,gender,p2263,2
448,jealous jaguar,gender,p2273,2
449,jealous jaguar,gender,p2275,2
450,jealous jaguar,gender,p2276,2
451,jealous jaguar,gender,p2283,2
452,jealous jaguar,gender,p2287,2
453,jealous jaguar,gender,p2296,1
454,jealous jaguar,gender,p2298,1
455,jealous jaguar,gender,p2304,1
456,jealous jaguar,gender,p2310,2
457,jealous jaguar,gender,p2322,2
458,jealous jaguar,gender,p2326,2
459,jealous jaguar,gender,p2330,2
460,jealous jaguar,gender,p2331,1
461,jealous jaguar,gender,p2333,1
462,jealous jaguar,gender,p2347,2
463,jealous jaguar,gender,p2350,2
464,jealous jaguar,gender,p2351,1
465,jealous jaguar,gender,p2353,2
466,jealous jaguar,gender,p2355,2
467,jealous jaguar,gender,p2363,2
468,jealous jaguar,gender,p2378,2
469,jealous jaguar,gender,p2380,1
470,jealous jaguar,gender,p2387,2
471,jealous jaguar,gender,p2398,1
472,jealous jaguar,gender,p2400,1
473,jealous jaguar,gender,p2403,2
474,jealous jaguar,gender,p2408,2
475,jealous jaguar,gender,p2418,2
476,jealous jaguar,gender,p2426,1
477,jealous jaguar,gender,p2428,2
478,jealous jaguar,gender,p2434,2
479,jealous jaguar,gender,p2446,1
480,jealous jaguar,gender,p2452,1
481,jealous jaguar,gender,p2454,2
482,jealous jaguar,gender,p2462,1
483,jealous jaguar,gender,p2467,1
484,jealous jaguar,gender,p2482,2
485,jealous jaguar,gender,p2489,1
486,jealous jaguar,gender,p2490,2
487,jealous jaguar,gender,p2494,2
488,jealous jaguar,gender,p2502,1
489,jealous jaguar,gender,p2503,2
490,jealous jaguar,gender,p2522,1
491,jealous jaguar,gender,p2524,1
492,jealous jaguar,gender,p2533,2
493,jealous jaguar,gender,p2566,2
494,jealous jaguar,gender,p2571,1
495,jealous jaguar,gender,p2573,1
496,jealous jaguar,gender,p2582,1
497,jealous jaguar,gender,p2591,1
498,jealous jaguar,gender,p2592,2
499,jealous jaguar,gender,p2595,2
500,jealous jaguar,year_birth,p0016,1970
501,jealous jaguar,year_birth,p0022,1991
502,jealous jaguar,year_birth,p0023,1958
503,jealous jaguar,year_birth,p0026,1965
504,jealous jaguar,year_birth,p0034,1950
505,jealous jaguar,year_birth,p0036,1994
506,jealous jaguar,year_birth,p0037,1969
507,jealous jaguar,year_birth,p0042,1960
508,jealous jaguar,year_birth,p0057,1981
509,jealous jaguar,year_birth,p0066,1966
510,jealous jaguar,year_birth,p0069,1986
511,jealous jaguar,year_birth,p0072,1987
512,jealous jaguar,year_birth,p0073,1982
513,jealous jaguar,year_birth,p0082,1973
514,jealous jaguar,year_birth,p0091,1995
515,jealous jaguar,year_birth,p0092,1980
516,jealous jaguar,year_birth,p0093,1947
517,jealous jaguar,year_birth,p0095,1946
518,jealous jaguar,year_birth,p0107,1964
519,jealous jaguar,year_birth,p0114,1987
520,jealous jaguar,year_birth,p0116,1986
521,jealous jaguar,year_birth,p0118,1998
522,jealous jaguar,year_birth,p0119,1989
523,jealous jaguar,year_birth,p0126,1961
524,jealous jaguar,year_birth,p0129,1951
525,jealous jaguar,year_birth,p0136,1986
526,jealous jaguar,year_birth,p0138,1947
527,jealous jaguar,year_birth,p0144,1989
528,jealous jaguar,year_birth,p0150,1975
529,jealous jaguar,year_birth,p0152,1973
530,jealous jaguar,year_birth,p0158,1948
531,jealous jaguar,year_birth,p0161,1984
532,jealous jaguar,year_birth,p0164,1955
533,jealous jaguar,year_birth,p0175,1954
534,jealous jaguar,year_birth,p0177,1972
535,jealous jaguar,year_birth,p0178,1991
536,jealous jaguar,year_birth,p0181,1970
537,jealous jaguar,year_birth,p0186,1968
538,jealous jaguar,year_birth,p0196,1993
539,jealous jaguar,year_birth,p0198,1949
540,jealous jaguar,year_birth,p0202,1950
541,jealous jaguar,year_birth,p0205,1944
542,jealous jaguar,year_birth,p0207,1932
543,jealous jaguar,year_birth,p0211,1947
544,jealous jaguar,year_birth,p0227,1978
545,jealous jaguar,year_birth,p0229,1957
546,jealous jaguar,year_birth,p0232,1939
547,jealous jaguar,year_birth,p0233,1951
548,jealous jaguar,year_birth,p0237,1984
549,jealous jaguar,year_birth,p0258,1936
550,jealous jaguar,year_birth,p0268,1927
551,jealous jaguar,year_birth,p0274,1981
552,jealous jaguar,year_birth,p0275,1970
553,jealous jaguar,year_birth,p0277,1975
554,jealous jaguar,year_birth,p0288,1970
555,jealous jaguar,year_birth,p0291,1936
556,jealous jaguar,year_birth,p0307,1996
557,jealous jaguar,year_birth,p0308,1998
558,jealous jaguar,year_birth,p0317,1960
559,jealous jaguar,year_birth,p0325,1989
560,jealous jaguar,year_birth,p0327,1958
561,jealous jaguar,year_birth,p0334,1956
562,jealous jaguar,year_birth,p0336,1987
563,jealous jaguar,year_birth,p0338,1977
564,jealous jaguar,year_birth,p0342,1981
565,jealous jaguar,year_birth,p0349,1975
566,jealous jaguar,year_birth,p0356,1991
567,jealous jaguar,year_birth,p0358,1956
568,jealous jaguar,year_birth,p0363,1956
569,jealous jaguar,year_birth,p0364,1981
570,jealous jaguar,year_birth,p0369,1989
571,jealous jaguar,year_birth,p0370,1983
572,jealous jaguar,year_birth,p0371,1959
573,jealous jaguar,year_birth,p0379,1962
574,jealous jaguar,year_birth,p0386,1986
575,jealous jaguar,year_birth,p0396,1987
576,jealous jaguar,year_birth,p0403,1988
577,jealous jaguar,year_birth,p0405,1990
578,jealous jaguar,year_birth,p0412,1963
579,jealous jaguar,year_birth,p0415,1992
580,jealous jaguar,year_birth,p0416,1982
581,jealous jaguar,year_birth,p0417,1983
582,jealous jaguar,year_birth,p0418,1952
583,jealous jaguar,year_birth,p0430,1944
584,jealous jaguar,year_birth,p0431,1998
585,jealous jaguar,year_birth,p0434,1964
586,jealous jaguar,year_birth,p0438,1977
587,jealous jaguar,year_birth,p0441,1988
588,jealous jaguar,year_birth,p0442,1994
589,jealous jaguar,year_birth,p0449,1957
590,jealous jaguar,year_birth,p0450,1951
591,jealous jaguar,year_birth,p0465,1965
592,jealous jaguar,year_birth,p0471,1987
593,jealous jaguar,year_birth,p0477,1970
594,jealous jaguar,year_birth,p0483,1993
595,jealous jaguar,year_birth,p0486,1990
596,jealous jaguar,year_birth,p0487,1983
597,jealous jaguar,year_birth,p0489,1959
598,jealous jaguar,year_birth,p0497,1946
599,jealous jaguar,year_birth,p0502,1953
600,jealous jaguar,year_birth,p0503,1991
601,jealous jaguar,year_birth,p0506,1987
602,jealous jaguar,year_birth,p0511,1989
603,jealous jaguar,year_birth,p0523,1993
604,jealous jaguar,year_birth,p0534,1954
605,jealous jaguar,year_birth,p0536,1982
606,jealous jaguar,year_birth,p0542,1948
607,jealous jaguar,year_birth,p0547,1954
608,jealous jaguar,year_birth,p0553,1966
609,jealous jaguar,year_birth,p0559,1991
610,jealous jaguar,year_birth,p0566,1984
611,jealous jaguar,year_birth,p0568,1972
612,jealous jaguar,year_birth,p0570,1977
613,jealous jaguar,year_birth,p0573,1987
614,jealous jaguar,year_birth,p0578,1967
615,jealous jaguar,year_birth,p0594,1984
616,jealous jaguar,year_birth,p0597,1958
617,jealous jaguar,year_birth,p0601,1996
618,jealous jaguar,year_birth,p0602,1952
619,jealous jaguar,year_birth,p0605,1987
620,jealous jaguar,year_birth,p0615,1966
621,jealous jaguar,year_birth,p0620,1994
622,jealous jaguar,year_birth,p0626,1980
623,jealous jaguar,year_birth,p0629,1995
624,jealous jaguar,year_birth,p0633,1996
625,jealous jaguar,year_birth,p0638,1989
626,jealous jaguar,year_birth,p0639,1976
627,jealous jaguar,year_birth,p0640,1951
628,jealous jaguar,year_birth,p0655,1998
629,jealous jaguar,year_birth,p0656,1991
630,jealous jaguar,year_birth,p0658,1968
631,jealous jaguar,year_birth,p0661,1988
632,jealous jaguar,year_birth,p0669,1960
633,jealous jaguar,year_birth,p0670,1980
634,jealous jaguar,year_birth,p0672,1973
635,jealous jaguar,year_birth,p0674,1985
636,jealous jaguar,year_birth,p0678,1978
637,jealous jaguar,year_birth,p0683,1949
638,jealous jaguar,year_birth,p0686,1977
639,jealous jaguar,year_birth,p0687,1953
640,jealous jaguar,year_birth,p0698,1963
641,jealous jaguar,year_birth,p0700,1981
642,jealous jaguar,year_birth,p0703,1970
643,jealous jaguar,year_birth,p0718,1984
644,jealous jaguar,year_birth,p0744,1987
645,jealous jaguar,year_birth,p0745,1987
646,jealous jaguar,year_birth,p0753,1992
647,jealous jaguar,year_birth,p0770,1985
648,jealous jaguar,year_birth,p0771,1964
649,jealous jaguar,year_birth,p0777,1982
650,jealous jaguar,year_birth,p0779,1964
651,jealous jaguar,year_birth,p0780,1970
652,jealous jaguar,year_birth,p0783,1947
653,jealous jaguar,year_birth,p0785,1994
654,jealous jaguar,year_birth,p0786,1970
655,jealous jaguar,year_birth,p0794,1952
656,jealous jaguar,year_birth,p0798,1947
657,jealous jaguar,year_birth,p0800,1967
658,jealous jaguar,year_birth,p0820,1982
659,jealous jaguar,year_birth,p0841,1985
660,jealous jaguar,year_birth,p0849,1970
661,jealous jaguar,year_birth,p0862,1989
662,jealous jaguar,year_birth,p0867,1969
663,jealous jaguar,year_birth,p0869,1955
664,jealous jaguar,year_birth,p0872,1972
665,jealous jaguar,year_birth,p0880,1993
666,jealous jaguar,year_birth,p0891,1984
667,jealous jaguar,year_birth,p0916,1989
668,jealous jaguar,year_birth,p0917,1987
669,jealous jaguar,year_birth,p0919,1991
670,jealous jaguar,year_birth,p0922,1957
671,jealous jaguar,year_birth,p0925,1966
672,jealous jaguar,year_birth,p0927,1990
673,jealous jaguar,year_birth,p0929,1991
674,jealous jaguar,year_birth,p0930,1984
675,jealous jaguar,year_birth,p0931,1958
676,jealous jaguar,year_birth,p0933,1986
677,jealous jaguar,year_birth,p0934,1978
678,jealous jaguar,year_birth,p0936,1976
679,jealous jaguar,year_birth,p0938,1982
680,jealous jaguar,year_birth,p0939,1984
681,jealous jaguar,year_birth,p0946,1980
682,jealous jaguar,year_birth,p0951,1963
683,jealous jaguar,year_birth,p0956,1988
684,jealous jaguar,year_birth,p0962,1942
685,jealous jaguar,year_birth,p0963,1990
686,jealous jaguar,year_birth,p0969,1960
687,jealous jaguar,year_birth,p0972,1956
688,jealous jaguar,year_birth,p0975,1952
689,jealous jaguar,year_birth,p0985,1994
690,jealous jaguar,year_birth,p0993,1983
691,jealous jaguar,year_birth,p0996,1956
692,jealous jaguar,year_birth,p1011,1961
693,jealous jaguar,year_birth,p1017,1992
694,jealous jaguar,year_birth,p1020,1953
695,jealous jaguar,year_birth,p1022,1995
696,jealous jaguar,year_birth,p1024,1972
697,jealous jaguar,year_birth,p1027,1996
698,jealous jaguar,year_birth,p1028,1985
699,jealous jaguar,year_birth,p1029,1986
700,jealous jaguar,year_birth,p1032,1972
701,jealous jaguar,year_birth,p1040,1990
702,jealous jaguar,year_birth,p1047,1997
703,jealous jaguar,year_birth,p1048,1985
704,jealous jaguar,year_birth,p1053,1987
705,jealous jaguar,year_birth,p1057,1986
706,jealous jaguar,year_birth,p1058,1988
707,jealous jaguar,year_birth,p1063,1960
708,jealous jaguar,year_birth,p1064,1955
709,jealous jaguar,year_birth,p1065,1955
710,jealous jaguar,year_birth,p1069,1981
711,jealous jaguar,year_birth,p1072,1986
712,jealous jaguar,year_birth,p1073,1980
713,jealous jaguar,year_birth,p1075,1965
714,jealous jaguar,year_birth,p1076,1997
715,jealous jaguar,year_birth,p1083,1950
716,jealous jaguar,year_birth,p1089,1992
717,jealous jaguar,year_birth,p1093,1995
718,jealous jaguar,year_birth,p1096,1988
719,jealous jaguar,year_birth,p1100,1972
720,jealous jaguar,year_birth,p1106,1988
721,jealous jaguar,year_birth,p1107,1955
722,jealous jaguar,year_birth,p1113,1984
723,jealous jaguar,year_birth,p1117,1940
724,jealous jaguar,year_birth,p1120,1956
725,jealous jaguar,year_birth,p1134,1951
726,jealous jaguar,year_birth,p1136,1967
727,jealous jaguar,year_birth,p1138,1969
728,jealous jaguar,year_birth,p1144,1962
729,jealous jaguar,year_birth,p1145,1952
730,jealous jaguar,year_birth,p1147,1989
731,jealous jaguar,year_birth,p1148,1982
732,jealous jaguar,year_birth,p1154,1985
733,jealous jaguar,year_birth,p1159,1957
734,jealous jaguar,year_birth,p1167,1965
735,jealous jaguar,year_birth,p1175,1989
736,jealous jaguar,year_birth,p1178,1989
737,jealous jaguar,year_birth,p1184,1979
738,jealous jaguar,year_birth,p1186,1970
739,jealous jaguar,year_birth,p1196,1996
740,jealous jaguar,year_birth,p1197,1974
741,jealous jaguar,year_birth,p1203,1954
742,jealous jaguar,year_birth,p1219,1994
743,jealous jaguar,year_birth,p1225,1952
744,jealous jaguar,year_birth,p1234,1996
745,jealous jaguar,year_birth,p1242,1954
746,jealous jaguar,year_birth,p1244,1976
747,jealous jaguar,year_birth,p1249,1972
748,jealous jaguar,year_birth,p1250,1960
749,jealous jaguar,year_birth,p1256,1979
750,jealous jaguar,year_birth,p1258,1986
751,jealous jaguar,year_birth,p1260,1982
752,jealous jaguar,year_birth,p1262,1972
753,jealous jaguar,year_birth,p1264,1997
754,jealous jaguar,year_birth,p1265,1987
755,jealous jaguar,year_birth,p1269,1983
756,jealous jaguar,year_birth,p1272,1998
757,jealous jaguar,year_birth,p1278,1988
758,jealous jaguar,year_birth,p1281,1989
759,jealous jaguar,year_birth,p1292,1990
760,jealous jaguar,year_birth,p1299,1964
761,jealous jaguar,year_birth,p1312,1984
762,jealous jaguar,year_birth,p1322,1986
763,jealous jaguar,year_birth,p1326,1985
764,jealous jaguar,year_birth,p1330,1962
765,jealous jaguar,year_birth,p1335,1991
766,jealous jaguar,year_birth,p1337,1965
767,jealous jaguar,year_birth,p1340,1983
768,jealous jaguar,year_birth,p1345,1960
769,jealous jaguar,year_birth,p1351,1932
770,jealous jaguar,year_birth,p1355,1991
771,jealous jaguar,year_birth,p1362,1941
772,jealous jaguar,year_birth,p1365,1961
773,jealous jaguar,year_birth,p1366,1958
774,jealous jaguar,year_birth,p1367,1984
775,jealous jaguar,year_birth,p1370,1936
776,jealous jaguar,year_birth,p1371,1969
777,jealous jaguar,year_birth,p1373,1991
778,jealous jaguar,year_birth,p1375,1980
779,jealous jaguar,year_birth,p1376,1986
780,jealous jaguar,year_birth,p1379,1977
781,jealous jaguar,year_birth,p1381,1952
782,jealous jaguar,year_birth,p1393,1974
783,jealous jaguar,year_birth,p1396,1970
784,jealous jaguar,year_birth,p1398,1978
785,jealous jaguar,year_birth,p1404,1960
786,jealous jaguar,year_birth,p1406,1961
787,jealous jaguar,year_birth,p1407,1987
788,jealous jaguar,year_birth,p1409,1954
789,jealous jaguar,year_birth,p1412,1966
790,jealous jaguar,year_birth,p1414,1981
791,jealous jaguar,year_birth,p1424,1968
792,jealous jaguar,year_birth,p1425,1968
793,jealous jaguar,year_birth,p1429,1971
794,jealous jaguar,year_birth,p1434,1976
795,jealous jaguar,year_birth,p1441,1975
796,jealous jaguar,year_birth,p1445,1956
797,jealous jaguar,year_birth,p1450,1993
798,jealous jaguar,year_birth,p1454,1967
799,jealous jaguar,year_birth,p1456,1978
800,jealous jaguar,year_birth,p1457,1987
801,jealous jaguar,year_birth,p1458,1966
802,jealous jaguar,year_birth,p1469,1979
803,jealous jaguar,year_birth,p1470,1961
804,jealous jaguar,year_birth,p1481,1958
805,jealous jaguar,year_birth,p1488,1973
806,jealous jaguar,year_birth,p1492,1976
807,jealous jaguar,year_birth,p1495,1943
808,jealous jaguar,year_birth,p1497,1965
809,jealous jaguar,year_birth,p1499,1993
810,jealous jaguar,year_birth,p1503,1963
811,jealous jaguar,year_birth,p1511,1960
812,jealous jaguar,year_birth,p1512,1989
813,jealous jaguar,year_birth,p1518,1992
814,jealous jaguar,year_birth,p1519,1995
815,jealous jaguar,year_birth,p1520,1988
816,jealous jaguar,year_birth,p1524,1968
817,jealous jaguar,year_birth,p1526,1982
818,jealous jaguar,year_birth,p1537,1937
819,jealous jaguar,year_birth,p1545,1975
820,jealous jaguar,year_birth,p1547,1968
821,jealous jaguar,year_birth,p1552,1989
822,jealous jaguar,year_birth,p1567,1949
823,jealous jaguar,year_birth,p1568,1950
824,jealous jaguar,year_birth,p1579,1951
825,jealous jaguar,year_birth,p1587,1965
826,jealous jaguar,year_birth,p1596,1953
827,jealous jaguar,year_birth,p1600,1974
828,jealous jaguar,year_birth,p1603,1990
829,jealous jaguar,year_birth,p1604,1955
830,jealous jaguar,year_birth,p1610,1978
831,jealous jaguar,year_birth,p1618,1971
832,jealous jaguar,year_birth,p1619,1948
833,jealous jaguar,year_birth,p1622,1956
834,jealous jaguar,year_birth,p1623,1971
835,jealous jaguar,year_birth,p1630,1999
836,jealous jaguar,year_birth,p1641,1944
837,jealous jaguar,year_birth,p1649,1943
838,jealous jaguar,year_birth,p1652,1971
839,jealous jaguar,year_birth,p1665,1980
840,jealous jaguar,year_birth,p1669,1968
841,jealous jaguar,year_birth,p1685,1956
842,jealous jaguar,year_birth,p1693,1986
843,jealous jaguar,year_birth,p1698,1973
844,jealous jaguar,year_birth,p1704,1976
845,jealous jaguar,year_birth,p1711,1969
846,jealous jaguar,year_birth,p1718,1975
847,jealous jaguar,year_birth,p1732,1971
848,jealous jaguar,year_birth,p1739,1943
849,jealous jaguar,year_birth,p1741,1942
850,jealous jaguar,year_birth,p1746,1975
851,jealous jaguar,year_birth,p1751,1987
852,jealous jaguar,year_birth,p1754,1959
853,jealous jaguar,year_birth,p1769,1971
854,jealous jaguar,year_birth,p1771,1968
855,jealous jaguar,year_birth,p1776,1953
856,jealous jaguar,year_birth,p1780,1969
857,jealous jaguar,year_birth,p1785,1979
858,jealous jaguar,year_birth,p1791,1986
859,jealous jaguar,year_birth,p1793,1957
860,jealous jaguar,year_birth,p1796,1952
861,jealous jaguar,year_birth,p1805,1981
862,jealous jaguar,year_birth,p1812,1979
863,jealous jaguar,year_birth,p1816,1972
864,jealous jaguar,year_birth,p1819,1972
865,jealous jaguar,year_birth,p1825,1951
866,jealous jaguar,year_birth,p1836,1995
867,jealous jaguar,year_birth,p1839,1940
868,jealous jaguar,year_birth,p1861,1961
869,jealous jaguar,year_birth,p1863,1930
870,jealous jaguar,year_birth,p1873,1979
871,jealous jaguar,year_birth,p1875,1955
872,jealous jaguar,year_birth,p1876,1971
873,jealous jaguar,year_birth,p1877,1996
874,jealous jaguar,year_birth,p1880,1977
875,jealous jaguar,year_birth,p1883,1970
876,jealous jaguar,year_birth,p1889,1978
877,jealous jaguar,year_birth,p1893,1982
878,jealous jaguar,year_birth,p1896,1991
879,jealous jaguar,year_birth,p1913,1969
880,jealous jaguar,year_birth,p1922,1942
881,jealous jaguar,year_birth,p1930,1970
882,jealous jaguar,year_birth,p1935,1946
883,jealous jaguar,year_birth,p1940,1977
884,jealous jaguar,year_birth,p1948,1994
885,jealous jaguar,year_birth,p1950,1963
886,jealous jaguar,year_birth,p1954,1972
887,jealous jaguar,year_birth,p1956,1959
888,jealous jaguar,year_birth,p1958,1978
889,jealous jaguar,year_birth,p1967,1979
890,jealous jaguar,year_birth,p1973,1995
891,jealous jaguar,year_birth,p1978,1953
892,jealous jaguar,year_birth,p1983,1976
893,jealous jaguar,year_birth,p1984,1956
894,jealous jaguar,year_birth,p1995,1942
895,jealous jaguar,year_birth,p1996,1977
896,jealous jaguar,year_birth,p1997,1972
897,jealous jaguar,year_birth,p2001,1977
898,jealous jaguar,year_birth,p2002,1968
899,jealous jaguar,year_birth,p2013,1980
900,jealous jaguar,year_birth,p2014,1968
901,jealous jaguar,year_birth,p2016,1962
902,jealous jaguar,year_birth,p2018,1980
903,jealous jaguar,year_birth,p2023,1969
904,jealous jaguar,year_birth,p2025,1937
905,jealous jaguar,year_birth,p2028,1953
906,jealous jaguar,year_birth,p2030,1973
907,jealous jaguar,year_birth,p2033,1978
908,jealous jaguar,year_birth,p2040,1947
909,jealous jaguar,year_birth,p2051,1991
910,jealous jaguar,year_birth,p2052,1971
911,jealous jaguar,year_birth,p2066,1942
912,jealous jaguar,year_birth,p2067,1953
913,jealous jaguar,year_birth,p2073,1994
914,jealous jaguar,year_birth,p2077,1994
915,jealous jaguar,year_birth,p2078,1988
916,jealous jaguar,year_birth,p2086,1964
917,jealous jaguar,year_birth,p2089,1981
918,jealous jaguar,year_birth,p2093,1956
919,jealous jaguar,year_birth,p2094,1945
920,jealous jaguar,year_birth,p2111,1997
921,jealous jaguar,year_birth,p2117,1979
922,jealous jaguar,year_birth,p2121,1958
923,jealous jaguar,year_birth,p2127,1969
924,jealous jaguar,year_birth,p2141,1996
925,jealous jaguar,year_birth,p2142,1999
926,jealous jaguar,year_birth,p2143,1971
927,jealous jaguar,year_birth,p2153,1984
928,jealous jaguar,year_birth,p2155,1973
929,jealous jaguar,year_birth,p2169,1961
930,jealous jaguar,year_birth,p2187,1991
931,jealous jaguar,year_birth,p2188,1974
932,jealous jaguar,year_birth,p2197,1986
933,jealous jaguar,year_birth,p2213,1997
934,jealous jaguar,year_birth,p2214,1989
935,jealous jaguar,year_birth,p2215,1992
936,jealous jaguar,year_birth,p2220,1971
937,jealous jaguar,year_birth,p2223,1990
938,jealous jaguar,year_birth,p2229,1985
939,jealous jaguar,year_birth,p2234,1991
940,jealous jaguar,year_birth,p2237,1960
941,jealous jaguar,year_birth,p2238,1957
942,jealous jaguar,year_birth,p2244,1987
943,jealous jaguar,year_birth,p2248,1966
944,jealous jaguar,year_birth,p2252,1999
945,jealous jaguar,year_birth,p2255,1950
946,jealous jaguar,year_birth,p2261,1960
947,jealous jaguar,year_birth,p2263,1974
948,jealous jaguar,year_birth,p2273,1993
949,jealous jaguar,year_birth,p2275,1984
950,jealous jaguar,year_birth,p2276,1985
951,jealous jaguar,year_birth,p2283,1964
952,jealous jaguar,year_birth,p2287,1957
953,jealous jaguar,year_birth,p2296,1992
954,jealous jaguar,year_birth,p2298,1994
955,jealous jaguar,year_birth,p2304,1995
956,jealous jaguar,year_birth,p2310,1986
957,jealous jaguar,year_birth,p2322,1988
958,jealous jaguar,year_birth,p2326,1990
959,jealous jaguar,year_birth,p2330,1996
960,jealous jaguar,year_birth,p2331,1997
961,jealous jaguar,year_birth,p2333,1967
962,jealous jaguar,year_birth,p2347,1972
963,jealous jaguar,year_birth,p2350,1989
964,jealous jaguar,year_birth,p2351,1986
965,jealous jaguar,year_birth,p2353,1998
966,jealous jaguar,year_birth,p2355,1988
967,jealous jaguar,year_birth,p2363,1982
968,jealous jaguar,year_birth,p2378,1994
969,jealous jaguar,year_birth,p2380,1994
970,jealous jaguar,year_birth,p2387,1986
971,jealous jaguar,year_birth,p2398,1990
972,jealous jaguar,year_birth,p2400,1961
973,jealous jaguar,year_birth,p2403,1971
974,jealous jaguar,year_birth,p2408,1980
975,jealous jaguar,year_birth,p2418,1987
976,jealous jaguar,year_birth,p2426,1951
977,jealous jaguar,year_birth,p2428,1989
978,jealous jaguar,year_birth,p2434,1968
979,jealous jaguar,year_birth,p2446,1983
980,jealous jaguar,year_birth,p2452,1975
981,jealous jaguar,year_birth,p2454,1978
982,jealous jaguar,year_birth,p2462,1993
983,jealous jaguar,year_birth,p2467,1972
984,jealous jaguar,year_birth,p2482,1967
985,jealous jaguar,year_birth,p2489,1952
986,jealous jaguar,year_birth,p2490,1998
987,jealous jaguar,year_birth,p2494,1947
988,jealous jaguar,year_birth,p2502,1955
989,jealous jaguar,year_birth,p2503,1987
990,jealous jaguar,year_birth,p2522,1945
991,jealous jaguar,year_birth,p2524,1946
992,jealous jaguar,year_birth,p2533,1951
993,jealous jaguar,year_birth,p2566,1968
994,jealous jaguar,year_birth,p2571,1952
995,jealous jaguar,year_birth,p2573,1969
996,jealous jaguar,year_birth,p2582,1985
997,jealous jaguar,year_birth,p2591,1986
998,jealous jaguar,year_birth,p2592,1981
999,jealous jaguar,year_birth,p2595,1973
1000,jealous jaguar,race,p0016,1
1001,jealous jaguar,race,p0022,1
1002,jealous jaguar,race,p0023,1
1003,jealous jaguar,race,p0026,1
1004,jealous jaguar,race,p0034,1
1005,jealous jaguar,race,p0036,1
1006,jealous jaguar,race,p0037,1
1007,jealous jaguar,race,p0042,1
1008,jealous jaguar,race,p0057,1
1009,jealous jaguar,race,p0066,1
1010,jealous jaguar,race,p0069,1
1011,jealous jaguar,race,p0072,1
1012,jealous jaguar,race,p0073,1
1013,jealous jaguar,race,p0082,1
1014,jealous jaguar,race,p0091,1
1015,jealous jaguar,race,p0092,2
1016,jealous jaguar,race,p0093,1
1017,jealous jaguar,race,p0095,1
1018,jealous jaguar,race,p0107,1
1019,jealous jaguar,race,p0114,1
1020,jealous jaguar,race,p0116,1
1021,jealous jaguar,race,p0118,1
1022,jealous jaguar,race,p0119,1
1023,jealous jaguar,race,p0126,1
1024,jealous jaguar,race,p0129,1
1025,jealous jaguar,race,p0136,1
1026,jealous jaguar,race,p0138,1
1027,jealous jaguar,race,p0144,5
1028,jealous jaguar,race,p0150,2
1029,jealous jaguar,race,p0152,1
1030,jealous jaguar,race,p0158,1
1031,jealous jaguar,race,p0161,1
1032,jealous jaguar,race,p0164,1
1033,jealous jaguar,race,p0175,1
1034,jealous jaguar,race,p0177,5
1035,jealous jaguar,race,p0178,1
1036,jealous jaguar,race,p0181,1
1037,jealous jaguar,race,p0186,1
1038,jealous jaguar,race,p0196,1
1039,jealous jaguar,race,p0198,1
1040,jealous jaguar,race,p0202,1
1041,jealous jaguar,race,p0205,1
1042,jealous jaguar,race,p0207,1
1043,jealous jaguar,race,p0211,1
1044,jealous jaguar,race,p0227,5
1045,jealous jaguar,race,p0229,2
1046,jealous jaguar,race,p0232,1
1047,jealous jaguar,race,p0233,1
1048,jealous jaguar,race,p0237,1
1049,jealous jaguar,race,p0258,1
1050,jealous jaguar,race,p0268,1
1051,jealous jaguar,race,p0274,2
1052,jealous jaguar,race,p0275,2
1053,jealous jaguar,race,p0277,2
1054,jealous jaguar,race,p0288,2
1055,jealous jaguar,race,p0291,1
1056,jealous jaguar,race,p0307,1
1057,jealous jaguar,race,p0308,1
1058,jealous jaguar,race,p0317,1
1059,jealous jaguar,race,p0325,1
1060,jealous jaguar,race,p0327,1
1061,jealous jaguar,race,p0334,1
1062,jealous jaguar,race,p0336,1
1063,jealous jaguar,race,p0338,1
1064,jealous jaguar,race,p0342,2
1065,jealous jaguar,race,p0349,1
1066,jealous jaguar,race,p0356,1
1067,jealous jaguar,race,p0358,1
1068,jealous jaguar,race,p0363,1
1069,jealous jaguar,race,p0364,1
1070,jealous jaguar,race,p0369,1
1071,jealous jaguar,race,p0370,1
1072,jealous jaguar,race,p0371,1
1073,jealous jaguar,race,p0379,1
1074,jealous jaguar,race,p0386,1
1075,jealous jaguar,race,p0396,1
1076,jealous jaguar,race,p0403,2
1077,jealous jaguar,race,p0405,1
1078,jealous jaguar,race,p0412,1
1079,jealous jaguar,race,p0415,1
1080,jealous jaguar,race,p0416,1
1081,jealous jaguar,race,p0417,1
1082,jealous jaguar,race,p0418,1
1083,jealous jaguar,race,p0430,1
1084,jealous jaguar,race,p0431,1
1085,jealous jaguar,race,p0434,1
1086,jealous jaguar,race,p0438,1
1087,jealous jaguar,race,p0441,5
1088,jealous jaguar,race,p0442,2
1089,jealous jaguar,race,p0449,1
1090,jealous jaguar,race,p0450,1
1091,jealous jaguar,race,p0465,1
1092,jealous jaguar,race,p0471,1
1093,jealous jaguar,race,p0477,1
1094,jealous jaguar,race,p0483,2
1095,jealous jaguar,race,p0486,1
1096,jealous jaguar,race,p0487,1
1097,jealous jaguar,race,p0489,1
1098,jealous jaguar,race,p0497,1
1099,jealous jaguar,race,p0502,1
1100,jealous jaguar,race,p0503,1
1101,jealous jaguar,race,p0506,1
1102,jealous jaguar,race,p0511,1
1103,jealous jaguar,race,p0523,1
1104,jealous jaguar,race,p0534,1
1105,jealous jaguar,race,p0536,1
1106,jealous jaguar,race,p0542,1
1107,jealous jaguar,race,p0547,1
1108,jealous jaguar,race,p0553,1
1109,jealous jaguar,race,p0559,1
1110,jealous jaguar,race,p0566,1
1111,jealous jaguar,race,p0568,5
1112,jealous jaguar,race,p0570,2
1113,jealous jaguar,race,p0573,1
1114,jealous jaguar,race,p0578,1
1115,jealous jaguar,race,p0594,1
1116,jealous jaguar,race,p0597,1
1117,jealous jaguar,race,p0601,1
1118,jealous jaguar,race,p0602,1
1119,jealous jaguar,race,p0605,1
1120,jealous jaguar,race,p0615,1
1121,jealous jaguar,race,p0620,1
1122,jealous jaguar,race,p0626,1
1123,jealous jaguar,race,p0629,1
1124,jealous jaguar,race,p0633,1
1125,jealous jaguar,race,p0638,1
1126,jealous jaguar,race,p0639,1
1127,jealous jaguar,race,p0640,1
1128,jealous jaguar,race,p0655,1
1129,jealous jaguar,race,p0656,2
1130,jealous jaguar,race,p0658,1
1131,jealous jaguar,race,p0661,1
1132,jealous jaguar,race,p0669,1
1133,jealous jaguar,race,p0670,2
1134,jealous jaguar,race,p0672,5
1135,jealous jaguar,race,p0674,1
1136,jealous jaguar,race,p0678,1
1137,jealous jaguar,race,p0683,1
1138,jealous jaguar,race,p0686,1
1139,jealous jaguar,race,p0687,5
1140,jealous jaguar,race,p0698,1
1141,jealous jaguar,race,p0700,1
1142,jealous jaguar,race,p0703,1
1143,jealous jaguar,race,p0718,2
1144,jealous jaguar,race,p0744,1
1145,jealous jaguar,race,p0745,1
1146,jealous jaguar,race,p0753,1
1147,jealous jaguar,race,p0770,1
1148,jealous jaguar,race,p0771,5
1149,jealous jaguar,race,p0777,1
1150,jealous jaguar,race,p0779,1
1151,jealous jaguar,race,p0780,1
1152,jealous jaguar,race,p0783,1
1153,jealous jaguar,race,p0785,1
1154,jealous jaguar,race,p0786,2
1155,jealous jaguar,race,p0794,1
1156,jealous jaguar,race,p0798,1
1157,jealous jaguar,race,p0800,1
1158,jealous jaguar,race,p0820,1
1159,jealous jaguar,race,p0841,1
1160,jealous jaguar,race,p0849,1
1161,jealous jaguar,race,p0862,5
1162,jealous jaguar,race,p0867,2
1163,jealous jaguar,race,p0869,1
1164,jealous jaguar,race,p0872,1
1165,jealous jaguar,race,p0880,5
1166,jealous jaguar,race,p0891,1
1167,jealous jaguar,race,p0916,1
1168,jealous jaguar,race,p0917,1
1169,jealous jaguar,race,p0919,1
1170,jealous jaguar,race,p0922,1
1171,jealous jaguar,race,p0925,1
1172,jealous jaguar,race,p0927,1
1173,jealous jaguar,race,p0929,1
1174,jealous jaguar,race,p0930,1
1175,jealous jaguar,race,p0931,1
1176,jealous jaguar,race,p0933,5
1177,jealous jaguar,race,p0934,1
1178,jealous jaguar,race,p0936,1
1179,jealous jaguar,race,p0938,1
1180,jealous jaguar,race,p0939,1
1181,jealous jaguar,race,p0946,1
1182,jealous jaguar,race,p0951,2
1183,jealous jaguar,race,p0956,1
1184,jealous jaguar,race,p0962,1
1185,jealous jaguar,race,p0963,1
1186,jealous jaguar,race,p0969,1
1187,jealous jaguar,race,p0972,1
1188,jealous jaguar,race,p0975,1
1189,jealous jaguar,race,p0985,2
1190,jealous jaguar,race,p0993,2
1191,jealous jaguar,race,p0996,1
1192,jealous jaguar,race,p1011,1
1193,jealous jaguar,race,p1017,1
1194,jealous jaguar,race,p1020,1
1195,jealous jaguar,race,p1022,1
1196,jealous jaguar,race,p1024,1
1197,jealous jaguar,race,p1027,5
1198,jealous jaguar,race,p1028,1
1199,jealous jaguar,race,p1029,2
1200,jealous jaguar,race,p1032,1
1201,jealous jaguar,race,p1040,5
1202,jealous jaguar,race,p1047,2
1203,jealous jaguar,race,p1048,1
1204,jealous jaguar,race,p1053,5
1205,jealous jaguar,race,p1057,1
1206,jealous jaguar,race,p1058,1
1207,jealous jaguar,race,p1063,1
1208,jealous jaguar,race,p1064,1
1209,jealous jaguar,race,p1065,1
1210,jealous jaguar,race,p1069,1
1211,jealous jaguar,race,p1072,1
1212,jealous jaguar,race,p1073,2
1213,jealous jaguar,race,p1075,1
1214,jealous jaguar,race,p1076,2
1215,jealous jaguar,race,p1083,1
1216,jealous jaguar,race,p1089,1
1217,jealous jaguar,race,p1093,1
1218,jealous jaguar,race,p1096,1
1219,jealous jaguar,race,p1100,1
1220,jealous jaguar,race,p1106,2
1221,jealous jaguar,race,p1107,1
1222,jealous jaguar,race,p1113,1
1223,jealous jaguar,race,p1117,1
1224,jealous jaguar,race,p1120,1
1225,jealous jaguar,race,p1134,1
1226,jealous jaguar,race,p1136,1
1227,jealous jaguar,race,p1138,1
1228,jealous jaguar,race,p1144,1
1229,jealous jaguar,race,p1145,1
1230,jealous jaguar,race,p1147,1
1231,jealous jaguar,race,p1148,1
1232,jealous jaguar,race,p1154,1
1233,jealous jaguar,race,p1159,2
1234,jealous jaguar,race,p1167,5
1235,jealous jaguar,race,p1175,1
1236,jealous jaguar,race,p1178,1
1237,jealous jaguar,race,p1184,1
1238,jealous jaguar,race,p1186,1
1239,jealous jaguar,race,p1196,1
1240,jealous jaguar,race,p1197,5
1241,jealous jaguar,race,p1203,1
1242,jealous jaguar,race,p1219,2
1243,jealous jaguar,race,p1225,1
1244,jealous jaguar,race,p1234,1
1245,jealous jaguar,race,p1242,1
1246,jealous jaguar,race,p1244,1
1247,jealous jaguar,race,p1249,1
1248,jealous jaguar,race,p1250,1
1249,jealous jaguar,race,p1256,5
1250,jealous jaguar,race,p1258,1
1251,jealous jaguar,race,p1260,2
1252,jealous jaguar,race,p1262,1
1253,jealous jaguar,race,p1264,1
1254,jealous jaguar,race,p1265,1
1255,jealous jaguar,race,p1269,1
1256,jealous jaguar,race,p1272,1
1257,jealous jaguar,race,p1278,1
1258,jealous jaguar,race,p1281,5
1259,jealous jaguar,race,p1292,1
1260,jealous jaguar,race,p1299,1
1261,jealous jaguar,race,p1312,1
1262,jealous jaguar,race,p1322,1
1263,jealous jaguar,race,p1326,1
1264,jealous jaguar,race,p1330,1
1265,jealous jaguar,race,p1335,1
1266,jealous jaguar,race,p1337,1
1267,jealous jaguar,race,p1340,1
1268,jealous jaguar,race,p1345,1
1269,jealous jaguar,race,p1351,1
1270,jealous jaguar,race,p1355,1
1271,jealous jaguar,race,p1362,1
1272,jealous jaguar,race,p1365,1
1273,jealous jaguar,race,p1366,1
1274,jealous jaguar,race,p1367,1
1275,jealous jaguar,race,p1370,1
1276,jealous jaguar,race,p1371,1
1277,jealous jaguar,race,p1373,1
1278,jealous jaguar,race,p1375,1
1279,jealous jaguar,race,p1376,1
1280,jealous jaguar,race,p1379,2
1281,jealous jaguar,race,p1381,1
1282,jealous jaguar,race,p1393,1
1283,jealous jaguar,race,p1396,5
1284,jealous jaguar,race,p1398,5
1285,jealous jaguar,race,p1404,1
1286,jealous jaguar,race,p1406,1
1287,jealous jaguar,race,p1407,1
1288,jealous jaguar,race,p1409,1
1289,jealous jaguar,race,p1412,2
1290,jealous jaguar,race,p1414,1
1291,jealous jaguar,race,p1424,1
1292,jealous jaguar,race,p1425,1
1293,jealous jaguar,race,p1429,2
1294,jealous jaguar,race,p1434,1
1295,jealous jaguar,race,p1441,2
1296,jealous jaguar,race,p1445,2
1297,jealous jaguar,race,p1450,1
1298,jealous jaguar,race,p1454,1
1299,jealous jaguar,race,p1456,1
1300,jealous jaguar,race,p1457,2
1301,jealous jaguar,race,p1458,1
1302,jealous jaguar,race,p1469,1
1303,jealous jaguar,race,p1470,1
1304,jealous jaguar,race,p1481,5
1305,jealous jaguar,race,p1488,5
1306,jealous jaguar,race,p1492,1
1307,jealous jaguar,race,p1495,1
1308,jealous jaguar,race,p1497,1
1309,jealous jaguar,race,p1499,1
1310,jealous jaguar,race,p1503,1
1311,jealous jaguar,race,p1511,1
1312,jealous jaguar,race,p1512,1
1313,jealous jaguar,race,p1518,1
1314,jealous jaguar,race,p1519,1
1315,jealous jaguar,race,p1520,1
1316,jealous jaguar,race,p1524,1
1317,jealous jaguar,race,p1526,1
1318,jealous jaguar,race,p1537,1
1319,jealous jaguar,race,p1545,1
1320,jealous jaguar,race,p1547,2
1321,jealous jaguar,race,p1552,5
1322,jealous jaguar,race,p1567,1
1323,jealous jaguar,race,p1568,1
1324,jealous jaguar,race,p1579,1
1325,jealous jaguar,race,p1587,2
1326,jealous jaguar,race,p1596,1
1327,jealous jaguar,race,p1600,1
1328,jealous jaguar,race,p1603,2
1329,jealous jaguar,race,p1604,1
1330,jealous jaguar,race,p1610,1
1331,jealous jaguar,race,p1618,1
1332,jealous jaguar,race,p1619,1
1333,jealous jaguar,race,p1622,5
1334,jealous jaguar,race,p1623,5
1335,jealous jaguar,race,p1630,1
1336,jealous jaguar,race,p1641,1
1337,jealous jaguar,race,p1649,5
1338,jealous jaguar,race,p1652,5
1339,jealous jaguar,race,p1665,1
1340,jealous jaguar,race,p1669,1
1341,jealous jaguar,race,p1685,1
1342,jealous jaguar,race,p1693,1
1343,jealous jaguar,race,p1698,2
1344,jealous jaguar,race,p1704,1
1345,jealous jaguar,race,p1711,1
1346,jealous jaguar,race,p1718,1
1347,jealous jaguar,race,p1732,1
1348,jealous jaguar,race,p1739,1
1349,jealous jaguar,race,p1741,1
1350,jealous jaguar,race,p1746,1
1351,jealous jaguar,race,p1751,1
1352,jealous jaguar,race,p1754,1
1353,jealous jaguar,race,p1769,1
1354,jealous jaguar,race,p1771,1
1355,jealous jaguar,race,p1776,2
1356,jealous jaguar,race,p1780,1
1357,jealous jaguar,race,p1785,1
1358,jealous jaguar,race,p1791,2
1359,jealous jaguar,race,p1793,1
1360,jealous jaguar,race,p1796,1
1361,jealous jaguar,race,p1805,1
1362,jealous jaguar,race,p1812,1
1363,jealous jaguar,race,p1816,1
1364,jealous jaguar,race,p1819,1
1365,jealous jaguar,race,p1825,1
1366,jealous jaguar,race,p1836,1
1367,jealous jaguar,race,p1839,1
1368,jealous jaguar,race,p1861,5
1369,jealous jaguar,race,p1863,1
1370,jealous jaguar,race,p1873,1
1371,jealous jaguar,race,p1875,1
1372,jealous jaguar,race,p1876,1
1373,jealous jaguar,race,p1877,1
1374,jealous jaguar,race,p1880,1
1375,jealous jaguar,race,p1883,5
1376,jealous jaguar,race,p1889,1
1377,jealous jaguar,race,p1893,5
1378,jealous jaguar,race,p1896,1
1379,jealous jaguar,race,p1913,1
1380,jealous jaguar,race,p1922,1
1381,jealous jaguar,race,p1930,1
1382,jealous jaguar,race,p1935,1
1383,jealous jaguar,race,p1940,5
1384,jealous jaguar,race,p1948,1
1385,jealous jaguar,race,p1950,1
1386,jealous jaguar,race,p1954,1
1387,jealous jaguar,race,p1956,1
1388,jealous jaguar,race,p1958,1
1389,jealous jaguar,race,p1967,1
1390,jealous jaguar,race,p1973,1
1391,jealous jaguar,race,p1978,1
1392,jealous jaguar,race,p1983,1
1393,jealous jaguar,race,p1984,2
1394,jealous jaguar,race,p1995,1
1395,jealous jaguar,race,p1996,1
1396,jealous jaguar,race,p1997,1
1397,jealous jaguar,race,p2001,1
1398,jealous jaguar,race,p2002,2
1399,jealous jaguar,race,p2013,1
1400,jealous jaguar,race,p2014,1
1401,jealous jaguar,race,p2016,5
1402,jealous jaguar,race,p2018,2
1403,jealous jaguar,race,p2023,1
1404,jealous jaguar,race,p2025,1
1405,jealous jaguar,race,p2028,1
1406,jealous jaguar,race,p2030,1
1407,jealous jaguar,race,p2033,1
1408,jealous jaguar,race,p2040,2
1409,jealous jaguar,race,p2051,1
1410,jealous jaguar,race,p2052,1
1411,jealous jaguar,race,p2066,1
1412,jealous jaguar,race,p2067,1
1413,jealous jaguar,race,p2073,1
1414,jealous jaguar,race,p2077,2
1415,jealous jaguar,race,p2078,5
1416,jealous jaguar,race,p2086,1
1417,jealous jaguar,race,p2089,1
1418,jealous jaguar,race,p2093,1
1419,jealous jaguar,race,p2094,1
1420,jealous jaguar,race,p2111,2
1421,jealous jaguar,race,p2117,1
1422,jealous jaguar,race,p2121,1
1423,jealous jaguar,race,p2127,1
1424,jealous jaguar,race,p2141,1
1425,jealous jaguar,race,p2142,2
1426,jealous jaguar,race,p2143,1
1427,jealous jaguar,race,p2153,3
1428,jealous jaguar,race,p2155,3
1429,jealous jaguar,race,p2169,3
1430,jealous jaguar,race,p2187,3
1431,jealous jaguar,race,p2188,3
1432,jealous jaguar,race,p2197,3
1433,jealous jaguar,race,p2213,3
1434,jealous jaguar,race,p2214,3
1435,jealous jaguar,race,p2215,3
1436,jealous jaguar,race,p2220,3
1437,jealous jaguar,race,p2223,3
1438,jealous jaguar,race,p2229,3
1439,jealous jaguar,race,p2234,3
1440,jealous jaguar,race,p2237,3
1441,jealous jaguar,race,p2238,3
1442,jealous jaguar,race,p2244,3
1443,jealous jaguar,race,p2248,3
1444,jealous jaguar,race,p2252,3
1445,jealous jaguar,race,p2255,3
1446,jealous jaguar,race,p2261,3
1447,jealous jaguar,race,p2263,3
1448,jealous jaguar,race,p2273,3
1449,jealous jaguar,race,p2275,3
1450,jealous jaguar,race,p2276,3
1451,jealous jaguar,race,p2283,3
1452,jealous jaguar,race,p2287,3
1453,jealous jaguar,race,p2296,3
1454,jealous jaguar,race,p2298,3
1455,jealous jaguar,race,p2304,3
1456,jealous jaguar,race,p2310,3
1457,jealous jaguar,race,p2322,3
1458,jealous jaguar,race,p2326,3
1459,jealous jaguar,race,p2330,3
1460,jealous jaguar,race,p2331,3
1461,jealous jaguar,race,p2333,3
1462,jealous jaguar,race,p2347,3
1463,jealous jaguar,race,p2350,3
1464,jealous jaguar,race,p2351,3
1465,jealous jaguar,race,p2353,3
1466,jealous jaguar,race,p2355,3
1467,jealous jaguar,race,p2363,3
1468,jealous jaguar,race,p2378,3
1469,jealous jaguar,race,p2380,3
1470,jealous jaguar,race,p2387,3
1471,jealous jaguar,race,p2398,3
1472,jealous jaguar,race,p2400,3
1473,jealous jaguar,race,p2403,3
1474,jealous jaguar,race,p2408,3
1475,jealous jaguar,race,p2418,3
1476,jealous jaguar,race,p2426,3
1477,jealous jaguar,race,p2428,3
1478,jealous jaguar,race,p2434,3
1479,jealous jaguar,race,p2446,3
1480,jealous jaguar,race,p2452,3
1481,jealous jaguar,race,p2454,3
1482,jealous jaguar,race,p2462,3
1483,jealous jaguar,race,p2467,3
1484,jealous jaguar,race,p2482,3
1485,jealous jaguar,race,p2489,3
1486,jealous jaguar,race,p2490,3
1487,jealous jaguar,race,p2494,3
1488,jealous jaguar,race,p2502,3
1489,jealous jaguar,race,p2503,3
1490,jealous jaguar,race,p2522,3
1491,jealous jaguar,race,p2524,3
1492,jealous jaguar,race,p2533,3
1493,jealous jaguar,race,p2566,3
1494,jealous jaguar,race,p2571,3
1495,jealous jaguar,race,p2573,3
1496,jealous jaguar,race,p2582,3
1497,jealous jaguar,race,p2591,3
1498,jealous jaguar,race,p2592,3
1499,jealous jaguar,race,p2595,3
1500,jealous jaguar,education,p0016,4
1501,jealous jaguar,education,p0022,4
1502,jealous jaguar,education,p0023,5
1503,jealous jaguar,education,p0026,4
1504,jealous jaguar,education,p0034,3
1505,jealous jaguar,education,p0036,3
1506,jealous jaguar,education,p0037,4
1507,jealous jaguar,education,p0042,3
1508,jealous jaguar,education,p0057,3
1509,jealous jaguar,education,p0066,4
1510,jealous jaguar,education,p0069,3
1511,jealous jaguar,education,p0072,4
1512,jealous jaguar,education,p0073,4
1513,jealous jaguar,education,p0082,4
1514,jealous jaguar,education,p0091,4
1515,jealous jaguar,education,p0092,2
1516,jealous jaguar,education,p0093,4
1517,jealous jaguar,education,p0095,3
1518,jealous jaguar,education,p0107,3
1519,jealous jaguar,education,p0114,5
1520,jealous jaguar,education,p0116,2
1521,jealous jaguar,education,p0118,3
1522,jealous jaguar,education,p0119,3
1523,jealous jaguar,education,p0126,3
1524,jealous jaguar,education,p0129,5
1525,jealous jaguar,education,p0136,3
1526,jealous jaguar,education,p0138,2
1527,jealous jaguar,education,p0144,4
1528,jealous jaguar,education,p0150,2
1529,jealous jaguar,education,p0152,3
1530,jealous jaguar,education,p0158,2
1531,jealous jaguar,education,p0161,3
1532,jealous jaguar,education,p0164,2
1533,jealous jaguar,education,p0175,3
1534,jealous jaguar,education,p0177,4
1535,jealous jaguar,education,p0178,6
1536,jealous jaguar,education,p0181,4
1537,jealous jaguar,education,p0186,3
1538,jealous jaguar,education,p0196,4
1539,jealous jaguar,education,p0198,5
1540,jealous jaguar,education,p0202,4
1541,jealous jaguar,education,p0205,5
1542,jealous jaguar,education,p0207,4
1543,jealous jaguar,education,p0211,3
1544,jealous jaguar,education,p0227,5
1545,jealous jaguar,education,p0229,2
1546,jealous jaguar,education,p0232,5
1547,jealous jaguar,education,p0233,2
1548,jealous jaguar,education,p0237,5
1549,jealous jaguar,education,p0258,4
1550,jealous jaguar,education,p0268,2
1551,jealous jaguar,education,p0274,5
1552,jealous jaguar,education,p0275,4
1553,jealous jaguar,education,p0277,4
1554,jealous jaguar,education,p0288,4
1555,jealous jaguar,education,p0291,4
1556,jealous jaguar,education,p0307,3
1557,jealous jaguar,education,p0308,3
1558,jealous jaguar,education,p0317,3
1559,jealous jaguar,education,p0325,4
1560,jealous jaguar,education,p0327,5
1561,jealous jaguar,education,p0334,6
1562,jealous jaguar,education,p0336,4
1563,jealous jaguar,education,p0338,1
1564,jealous jaguar,education,p0342,4
1565,jealous jaguar,education,p0349,5
1566,jealous jaguar,education,p0356,4
1567,jealous jaguar,education,p0358,4
1568,jealous jaguar,education,p0363,4
1569,jealous jaguar,education,p0364,5
1570,jealous jaguar,education,p0369,5
1571,jealous jaguar,education,p0370,2
1572,jealous jaguar,education,p0371,4
1573,jealous jaguar,education,p0379,3
1574,jealous jaguar,education,p0386,5
1575,jealous jaguar,education,p0396,5
1576,jealous jaguar,education,p0403,3
1577,jealous jaguar,education,p0405,4
1578,jealous jaguar,education,p0412,4
1579,jealous jaguar,education,p0415,3
1580,jealous jaguar,education,p0416,4
1581,jealous jaguar,education,p0417,2
1582,jealous jaguar,education,p0418,2
1583,jealous jaguar,education,p0430,5
1584,jealous jaguar,education,p0431,5
1585,jealous jaguar,education,p0434,2
1586,jealous jaguar,education,p0438,4
1587,jealous jaguar,education,p0441,5
1588,jealous jaguar,education,p0442,3
1589,jealous jaguar,education,p0449,5
1590,jealous jaguar,education,p0450,4
1591,jealous jaguar,education,p0465,5
1592,jealous jaguar,education,p0471,3
1593,jealous jaguar,education,p0477,3
1594,jealous jaguar,education,p0483,5
1595,jealous jaguar,education,p0486,3
1596,jealous jaguar,education,p0487,4
1597,jealous jaguar,education,p0489,5
1598,jealous jaguar,education,p0497,6
1599,jealous jaguar,education,p0502,5
1600,jealous jaguar,education,p0503,4
1601,jealous jaguar,education,p0506,3
1602,jealous jaguar,education,p0511,4
1603,jealous jaguar,education,p0523,5
1604,jealous jaguar,education,p0534,6
1605,jealous jaguar,education,p0536,3
1606,jealous jaguar,education,p0542,4
1607,jealous jaguar,education,p0547,2
1608,jealous jaguar,education,p0553,4
1609,jealous jaguar,education,p0559,4
1610,jealous jaguar,education,p0566,4
1611,jealous jaguar,education,p0568,3
1612,jealous jaguar,education,p0570,1
1613,jealous jaguar,education,p0573,3
1614,jealous jaguar,education,p0578,2
1615,jealous jaguar,education,p0594,2
1616,jealous jaguar,education,p0597,2
1617,jealous jaguar,education,p0601,2
1618,jealous jaguar,education,p0602,2
1619,jealous jaguar,education,p0605,3
1620,jealous jaguar,education,p0615,3
1621,jealous jaguar,education,p0620,4
1622,jealous jaguar,education,p0626,3
1623,jealous jaguar,education,p0629,4
1624,jealous jaguar,education,p0633,3
1625,jealous jaguar,education,p0638,4
1626,jealous jaguar,education,p0639,4
1627,jealous jaguar,education,p0640,2
1628,jealous jaguar,education,p0655,3
1629,jealous jaguar,education,p0656,3
1630,jealous jaguar,education,p0658,5
1631,jealous jaguar,education,p0661,4
1632,jealous jaguar,education,p0669,4
1633,jealous jaguar,education,p0670,2
1634,jealous jaguar,education,p0672,5
1635,jealous jaguar,education,p0674,4
1636,jealous jaguar,education,p0678,5
1637,jealous jaguar,education,p0683,2
1638,jealous jaguar,education,p0686,3
1639,jealous jaguar,education,p0687,4
1640,jealous jaguar,education,p0698,2
1641,jealous jaguar,education,p0700,4
1642,jealous jaguar,education,p0703,2
1643,jealous jaguar,education,p0718,2
1644,jealous jaguar,education,p0744,4
1645,jealous jaguar,education,p0745,4
1646,jealous jaguar,education,p0753,4
1647,jealous jaguar,education,p0770,4
1648,jealous jaguar,education,p0771,4
1649,jealous jaguar,education,p0777,5
1650,jealous jaguar,education,p0779,4
1651,jealous jaguar,education,p0780,3
1652,jealous jaguar,education,p0783,3
1653,jealous jaguar,education,p0785,4
1654,jealous jaguar,education,p0786,3
1655,jealous jaguar,education,p0794,4
1656,jealous jaguar,education,p0798,5
1657,jealous jaguar,education,p0800,4
1658,jealous jaguar,education,p0820,3
1659,jealous jaguar,education,p0841,3
1660,jealous jaguar,education,p0849,3
1661,jealous jaguar,education,p0862,5
1662,jealous jaguar,education,p0867,5
1663,jealous jaguar,education,p0869,3
1664,jealous jaguar,education,p0872,4
1665,jealous jaguar,education,p0880,2
1666,jealous jaguar,education,p0891,3
1667,jealous jaguar,education,p0916,5
1668,jealous jaguar,education,p0917,4
1669,jealous jaguar,education,p0919,4
1670,jealous jaguar,education,p0922,2
1671,jealous jaguar,education,p0925,2
1672,jealous jaguar,education,p0927,4
1673,jealous jaguar,education,p0929,3
1674,jealous jaguar,education,p0930,4
1675,jealous jaguar,education,p0931,2
1676,jealous jaguar,education,p0933,2
1677,jealous jaguar,education,p0934,3
1678,jealous jaguar,education,p0936,4
1679,jealous jaguar,education,p0938,2
1680,jealous jaguar,education,p0939,2
1681,jealous jaguar,education,p0946,4
1682,jealous jaguar,education,p0951,3
1683,jealous jaguar,education,p0956,3
1684,jealous jaguar,education,p0962,2
1685,jealous jaguar,education,p0963,3
1686,jealous jaguar,education,p0969,4
1687,jealous jaguar,education,p0972,3
1688,jealous jaguar,education,p0975,3
1689,jealous jaguar,education,p0985,2
1690,jealous jaguar,education,p0993,2
1691,jealous jaguar,education,p0996,2
1692,jealous jaguar,education,p1011,2
1693,jealous jaguar,education,p1017,2
1694,jealous jaguar,education,p1020,2
1695,jealous jaguar,education,p1022,4
1696,jealous jaguar,education,p1024,1
1697,jealous jaguar,education,p1027,4
1698,jealous jaguar,education,p1028,5
1699,jealous jaguar,education,p1029,2
1700,jealous jaguar,education,p1032,4
1701,jealous jaguar,education,p1040,4
1702,jealous jaguar,education,p1047,3
1703,jealous jaguar,education,p1048,3
1704,jealous jaguar,education,p1053,3
1705,jealous jaguar,education,p1057,3
1706,jealous jaguar,education,p1058,4
1707,jealous jaguar,education,p1063,4
1708,jealous jaguar,education,p1064,2
1709,jealous jaguar,education,p1065,3
1710,jealous jaguar,education,p1069,3
1711,jealous jaguar,education,p1072,3
1712,jealous jaguar,education,p1073,4
1713,jealous jaguar,education,p1075,3
1714,jealous jaguar,education,p1076,2
1715,jealous jaguar,education,p1083,2
1716,jealous jaguar,education,p1089,4
1717,jealous jaguar,education,p1093,4
1718,jealous jaguar,education,p1096,4
1719,jealous jaguar,education,p1100,4
1720,jealous jaguar,education,p1106,5
1721,jealous jaguar,education,p1107,1
1722,jealous jaguar,education,p1113,3
1723,jealous jaguar,education,p1117,1
1724,jealous jaguar,education,p1120,3
1725,jealous jaguar,education,p1134,4
1726,jealous jaguar,education,p1136,2
1727,jealous jaguar,education,p1138,4
1728,jealous jaguar,education,p1144,3
1729,jealous jaguar,education,p1145,5
1730,jealous jaguar,education,p1147,5
1731,jealous jaguar,education,p1148,4
1732,jealous jaguar,education,p1154,3
1733,jealous jaguar,education,p1159,2
1734,jealous jaguar,education,p1167,5
1735,jealous jaguar,education,p1175,3
1736,jealous jaguar,education,p1178,4
1737,jealous jaguar,education,p1184,4
1738,jealous jaguar,education,p1186,4
1739,jealous jaguar,education,p1196,2
1740,jealous jaguar,education,p1197,3
1741,jealous jaguar,education,p1203,4
1742,jealous jaguar,education,p1219,2
1743,jealous jaguar,education,p1225,5
1744,jealous jaguar,education,p1234,3
1745,jealous jaguar,education,p1242,3
1746,jealous jaguar,education,p1244,4
1747,jealous jaguar,education,p1249,3
1748,jealous jaguar,education,p1250,4
1749,jealous jaguar,education,p1256,5
1750,jealous jaguar,education,p1258,3
1751,jealous jaguar,education,p1260,2
1752,jealous jaguar,education,p1262,4
1753,jealous jaguar,education,p1264,2
1754,jealous jaguar,education,p1265,5
1755,jealous jaguar,education,p1269,4
1756,jealous jaguar,education,p1272,3
1757,jealous jaguar,education,p1278,4
1758,jealous jaguar,education,p1281,3
1759,jealous jaguar,education,p1292,4
1760,jealous jaguar,education,p1299,2
1761,jealous jaguar,education,p1312,2
1762,jealous jaguar,education,p1322,3
1763,jealous jaguar,education,p1326,4
1764,jealous jaguar,education,p1330,3
1765,jealous jaguar,education,p1335,3
1766,jealous jaguar,education,p1337,4
1767,jealous jaguar,education,p1340,4
1768,jealous jaguar,education,p1345,2
1769,jealous jaguar,education,p1351,3
1770,jealous jaguar,education,p1355,2
1771,jealous jaguar,education,p1362,2
1772,jealous jaguar,education,p1365,4
1773,jealous jaguar,education,p1366,3
1774,jealous jaguar,education,p1367,3
1775,jealous jaguar,education,p1370,2
1776,jealous jaguar,education,p1371,4
1777,jealous jaguar,education,p1373,3
1778,jealous jaguar,education,p1375,4
1779,jealous jaguar,education,p1376,3
1780,jealous jaguar,education,p1379,5
1781,jealous jaguar,education,p1381,2
1782,jealous jaguar,education,p1393,5
1783,jealous jaguar,education,p1396,4
1784,jealous jaguar,education,p1398,5
1785,jealous jaguar,education,p1404,2
1786,jealous jaguar,education,p1406,2
1787,jealous jaguar,education,p1407,2
1788,jealous jaguar,education,p1409,4
1789,jealous jaguar,education,p1412,2
1790,jealous jaguar,education,p1414,5
1791,jealous jaguar,education,p1424,2
1792,jealous jaguar,education,p1425,3
1793,jealous jaguar,education,p1429,3
1794,jealous jaguar,education,p1434,4
1795,jealous jaguar,education,p1441,2
1796,jealous jaguar,education,p1445,2
1797,jealous jaguar,education,p1450,2
1798,jealous jaguar,education,p1454,5
1799,jealous jaguar,education,p1456,4
1800,jealous jaguar,education,p1457,3
1801,jealous jaguar,education,p1458,5
1802,jealous jaguar,education,p1469,3
1803,jealous jaguar,education,p1470,4
1804,jealous jaguar,education,p1481,4
1805,jealous jaguar,education,p1488,4
1806,jealous jaguar,education,p1492,5
1807,jealous jaguar,education,p1495,2
1808,jealous jaguar,education,p1497,2
1809,jealous jaguar,education,p1499,4
1810,jealous jaguar,education,p1503,4
1811,jealous jaguar,education,p1511,4
1812,jealous jaguar,education,p1512,2
1813,jealous jaguar,education,p1518,3
1814,jealous jaguar,education,p1519,4
1815,jealous jaguar,education,p1520,3
1816,jealous jaguar,education,p1524,2
1817,jealous jaguar,education,p1526,5
1818,jealous jaguar,education,p1537,2
1819,jealous jaguar,education,p1545,3
1820,jealous jaguar,education,p1547,2
1821,jealous jaguar,education,p1552,4
1822,jealous jaguar,education,p1567,4
1823,jealous jaguar,education,p1568,3
1824,jealous jaguar,education,p1579,2
1825,jealous jaguar,education,p1587,1
1826,jealous jaguar,education,p1596,2
1827,jealous jaguar,education,p1600,4
1828,jealous jaguar,education,p1603,3
1829,jealous jaguar,education,p1604,2
1830,jealous jaguar,education,p1610,2
1831,jealous jaguar,education,p1618,4
1832,jealous jaguar,education,p1619,5
1833,jealous jaguar,education,p1622,5
1834,jealous jaguar,education,p1623,4
1835,jealous jaguar,education,p1630,4
1836,jealous jaguar,education,p1641,4
1837,jealous jaguar,education,p1649,3
1838,jealous jaguar,education,p1652,4
1839,jealous jaguar,education,p1665,4
1840,jealous jaguar,education,p1669,4
1841,jealous jaguar,education,p1685,4
1842,jealous jaguar,education,p1693,3
1843,jealous jaguar,education,p1698,5
1844,jealous jaguar,education,p1704,5
1845,jealous jaguar,education,p1711,4
1846,jealous jaguar,education,p1718,2
1847,jealous jaguar,education,p1732,2
1848,jealous jaguar,education,p1739,4
1849,jealous jaguar,education,p1741,4
1850,jealous jaguar,education,p1746,2
1851,jealous jaguar,education,p1751,3
1852,jealous jaguar,education,p1754,2
1853,jealous jaguar,education,p1769,4
1854,jealous jaguar,education,p1771,2
1855,jealous jaguar,education,p1776,1
1856,jealous jaguar,education,p1780,4
1857,jealous jaguar,education,p1785,3
1858,jealous jaguar,education,p1791,5
1859,jealous jaguar,education,p1793,6
1860,jealous jaguar,education,p1796,4
1861,jealous jaguar,education,p1805,3
1862,jealous jaguar,education,p1812,3
1863,jealous jaguar,education,p1816,3
1864,jealous jaguar,education,p1819,5
1865,jealous jaguar,education,p1825,5
1866,jealous jaguar,education,p1836,4
1867,jealous jaguar,education,p1839,2
1868,jealous jaguar,education,p1861,4
1869,jealous jaguar,education,p1863,5
1870,jealous jaguar,education,p1873,5
1871,jealous jaguar,education,p1875,2
1872,jealous jaguar,education,p1876,4
1873,jealous jaguar,education,p1877,4
1874,jealous jaguar,education,p1880,2
1875,jealous jaguar,education,p1883,2
1876,jealous jaguar,education,p1889,4
1877,jealous jaguar,education,p1893,3
1878,jealous jaguar,education,p1896,4
1879,jealous jaguar,education,p1913,3
1880,jealous jaguar,education,p1922,5
1881,jealous jaguar,education,p1930,4
1882,jealous jaguar,education,p1935,3
1883,jealous jaguar,education,p1940,5
1884,jealous jaguar,education,p1948,4
1885,jealous jaguar,education,p1950,2
1886,jealous jaguar,education,p1954,3
1887,jealous jaguar,education,p1956,3
1888,jealous jaguar,education,p1958,3
1889,jealous jaguar,education,p1967,5
1890,jealous jaguar,education,p1973,5
1891,jealous jaguar,education,p1978,3
1892,jealous jaguar,education,p1983,5
1893,jealous jaguar,education,p1984,3
1894,jealous jaguar,education,p1995,3
1895,jealous jaguar,education,p1996,3
1896,jealous jaguar,education,p1997,4
1897,jealous jaguar,education,p2001,2
1898,jealous jaguar,education,p2002,3
1899,jealous jaguar,education,p2013,5
1900,jealous jaguar,education,p2014,2
1901,jealous jaguar,education,p2016,5
1902,jealous jaguar,education,p2018,2
1903,jealous jaguar,education,p2023,3
1904,jealous jaguar,education,p2025,4
1905,jealous jaguar,education,p2028,3
1906,jealous jaguar,education,p2030,3
1907,jealous jaguar,education,p2033,3
1908,jealous jaguar,education,p2040,5
1909,jealous jaguar,education,p2051,3
1910,jealous jaguar,education,p2052,4
1911,jealous jaguar,education,p2066,2
1912,jealous jaguar,education,p2067,3
1913,jealous jaguar,education,p2073,4
1914,jealous jaguar,education,p2077,3
1915,jealous jaguar,education,p2078,5
1916,jealous jaguar,education,p2086,4
1917,jealous jaguar,education,p2089,4
1918,jealous jaguar,education,p2093,4
1919,jealous jaguar,education,p2094,3
1920,jealous jaguar,education,p2111,2
1921,jealous jaguar,education,p2117,4
1922,jealous jaguar,education,p2121,4
1923,jealous jaguar,education,p2127,3
1924,jealous jaguar,education,p2141,4
1925,jealous jaguar,education,p2142,3
1926,jealous jaguar,education,p2143,4
1927,jealous jaguar,education,p2153,4
1928,jealous jaguar,education,p2155,3
1929,jealous jaguar,education,p2169,3
1930,jealous jaguar,education,p2187,4
1931,jealous jaguar,education,p2188,4
1932,jealous jaguar,education,p2197,3
1933,jealous jaguar,education,p2213,3
1934,jealous jaguar,education,p2214,3
1935,jealous jaguar,education,p2215,4
1936,jealous jaguar,education,p2220,5
1937,jealous jaguar,education,p2223,3
1938,jealous jaguar,education,p2229,4
1939,jealous jaguar,education,p2234,3
1940,jealous jaguar,education,p2237,5
1941,jealous jaguar,education,p2238,5
1942,jealous jaguar,education,p2244,4
1943,jealous jaguar,education,p2248,2
1944,jealous jaguar,education,p2252,4
1945,jealous jaguar,education,p2255,2
1946,jealous jaguar,education,p2261,3
1947,jealous jaguar,education,p2263,3
1948,jealous jaguar,education,p2273,5
1949,jealous jaguar,education,p2275,3
1950,jealous jaguar,education,p2276,4
1951,jealous jaguar,education,p2283,3
1952,jealous jaguar,education,p2287,2
1953,jealous jaguar,education,p2296,3
1954,jealous jaguar,education,p2298,3
1955,jealous jaguar,education,p2304,4
1956,jealous jaguar,education,p2310,2
1957,jealous jaguar,education,p2322,2
1958,jealous jaguar,education,p2326,4
1959,jealous jaguar,education,p2330,3
1960,jealous jaguar,education,p2331,3
1961,jealous jaguar,education,p2333,2
1962,jealous jaguar,education,p2347,2
1963,jealous jaguar,education,p2350,3
1964,jealous jaguar,education,p2351,4
1965,jealous jaguar,education,p2353,3
1966,jealous jaguar,education,p2355,1
1967,jealous jaguar,education,p2363,1
1968,jealous jaguar,education,p2378,4
1969,jealous jaguar,education,p2380,3
1970,jealous jaguar,education,p2387,3
1971,jealous jaguar,education,p2398,2
1972,jealous jaguar,education,p2400,3
1973,jealous jaguar,education,p2403,5
1974,jealous jaguar,education,p2408,3
1975,jealous jaguar,education,p2418,2
1976,jealous jaguar,education,p2426,3
1977,jealous jaguar,education,p2428,2
1978,jealous jaguar,education,p2434,5
1979,jealous jaguar,education,p2446,3
1980,jealous jaguar,education,p2452,2
1981,jealous jaguar,education,p2454,2
1982,jealous jaguar,education,p2462,3
1983,jealous jaguar,education,p2467,4
1984,jealous jaguar,education,p2482,3
1985,jealous jaguar,education,p2489,3
1986,jealous jaguar,education,p2490,2
1987,jealous jaguar,education,p2494,3
1988,jealous jaguar,education,p2502,4
1989,jealous jaguar,education,p2503,3
1990,jealous jaguar,education,p2522,3
1991,jealous jaguar,education,p2524,3
1992,jealous jaguar,education,p2533,1
1993,jealous jaguar,education,p2566,3
1994,jealous jaguar,education,p2571,3
1995,jealous jaguar,education,p2573,1
1996,jealous jaguar,education,p2582,4
1997,jealous jaguar,education,p2591,2
1998,jealous jaguar,education,p2592,3
1999,jealous jaguar,education,p2595,4
2000,jealous jaguar,income,p0016,3
2001,jealous jaguar,income,p0022,4
2002,jealous jaguar,income,p0023,4
2003,jealous jaguar,income,p0026,4
2004,jealous jaguar,income,p0034,3
2005,jealous jaguar,income,p0036,3
2006,jealous jaguar,income,p0037,4
2007,jealous jaguar,income,p0042,3
2008,jealous jaguar,income,p0057,3
2009,jealous jaguar,income,p0066,4
2010,jealous jaguar,income,p0069,1
2011,jealous jaguar,income,p0072,4
2012,jealous jaguar,income,p0073,4
2013,jealous jaguar,income,p0082,4
2014,jealous jaguar,income,p0091,4
2015,jealous jaguar,income,p0092,2
2016,jealous jaguar,income,p0093,4
2017,jealous jaguar,income,p0095,3
2018,jealous jaguar,income,p0107,3
2019,jealous jaguar,income,p0114,3
2020,jealous jaguar,income,p0116,3
2021,jealous jaguar,income,p0118,3
2022,jealous jaguar,income,p0119,3
2023,jealous jaguar,income,p0126,3
2024,jealous jaguar,income,p0129,4
2025,jealous jaguar,income,p0136,3
2026,jealous jaguar,income,p0138,3
2027,jealous jaguar,income,p0144,3
2028,jealous jaguar,income,p0150,1
2029,jealous jaguar,income,p0152,3
2030,jealous jaguar,income,p0158,2
2031,jealous jaguar,income,p0161,4
2032,jealous jaguar,income,p0164,3
2033,jealous jaguar,income,p0175,4
2034,jealous jaguar,income,p0177,4
2035,jealous jaguar,income,p0178,4
2036,jealous jaguar,income,p0181,4
2037,jealous jaguar,income,p0186,2
2038,jealous jaguar,income,p0196,4
2039,jealous jaguar,income,p0198,4
2040,jealous jaguar,income,p0202,3
2041,jealous jaguar,income,p0205,4
2042,jealous jaguar,income,p0207,3
2043,jealous jaguar,income,p0211,3
2044,jealous jaguar,income,p0227,4
2045,jealous jaguar,income,p0229,3
2046,jealous jaguar,income,p0232,4
2047,jealous jaguar,income,p0233,2
2048,jealous jaguar,income,p0237,3
2049,jealous jaguar,income,p0258,3
2050,jealous jaguar,income,p0268,2
2051,jealous jaguar,income,p0274,3
2052,jealous jaguar,income,p0275,2
2053,jealous jaguar,income,p0277,1
2054,jealous jaguar,income,p0288,3
2055,jealous jaguar,income,p0291,3
2056,jealous jaguar,income,p0307,1
2057,jealous jaguar,income,p0308,3
2058,jealous jaguar,income,p0317,4
2059,jealous jaguar,income,p0325,4
2060,jealous jaguar,income,p0327,4
2061,jealous jaguar,income,p0334,4
2062,jealous jaguar,income,p0336,4
2063,jealous jaguar,income,p0338,2
2064,jealous jaguar,income,p0342,4
2065,jealous jaguar,income,p0349,3
2066,jealous jaguar,income,p0356,3
2067,jealous jaguar,income,p0358,1
2068,jealous jaguar,income,p0363,3
2069,jealous jaguar,income,p0364,4
2070,jealous jaguar,income,p0369,4
2071,jealous jaguar,income,p0370,2
2072,jealous jaguar,income,p0371,3
2073,jealous jaguar,income,p0379,3
2074,jealous jaguar,income,p0386,3
2075,jealous jaguar,income,p0396,3
2076,jealous jaguar,income,p0403,2
2077,jealous jaguar,income,p0405,4
2078,jealous jaguar,income,p0412,4
2079,jealous jaguar,income,p0415,4
2080,jealous jaguar,income,p0416,4
2081,jealous jaguar,income,p0417,3
2082,jealous jaguar,income,p0418,3
2083,jealous jaguar,income,p0430,4
2084,jealous jaguar,income,p0431,4
2085,jealous jaguar,income,p0434,3
2086,jealous jaguar,income,p0438,4
2087,jealous jaguar,income,p0441,4
2088,jealous jaguar,income,p0442,2
2089,jealous jaguar,income,p0449,4
2090,jealous jaguar,income,p0450,4
2091,jealous jaguar,income,p0465,4
2092,jealous jaguar,income,p0471,3
2093,jealous jaguar,income,p0477,3
2094,jealous jaguar,income,p0483,3
2095,jealous jaguar,income,p0486,3
2096,jealous jaguar,income,p0487,3
2097,jealous jaguar,income,p0489,4
2098,jealous jaguar,income,p0497,4
2099,jealous jaguar,income,p0502,4
2100,jealous jaguar,income,p0503,2
2101,jealous jaguar,income,p0506,3
2102,jealous jaguar,income,p0511,4
2103,jealous jaguar,income,p0523,2
2104,jealous jaguar,income,p0534,4
2105,jealous jaguar,income,p0536,3
2106,jealous jaguar,income,p0542,4
2107,jealous jaguar,income,p0547,3
2108,jealous jaguar,income,p0553,4
2109,jealous jaguar,income,p0559,4
2110,jealous jaguar,income,p0566,4
2111,jealous jaguar,income,p0568,3
2112,jealous jaguar,income,p0570,2
2113,jealous jaguar,income,p0573,3
2114,jealous jaguar,income,p0578,2
2115,jealous jaguar,income,p0594,3
2116,jealous jaguar,income,p0597,2
2117,jealous jaguar,income,p0601,3
2118,jealous jaguar,income,p0602,2
2119,jealous jaguar,income,p0605,3
2120,jealous jaguar,income,p0615,2
2121,jealous jaguar,income,p0620,3
2122,jealous jaguar,income,p0626,3
2123,jealous jaguar,income,p0629,4
2124,jealous jaguar,income,p0633,2
2125,jealous jaguar,income,p0638,3
2126,jealous jaguar,income,p0639,4
2127,jealous jaguar,income,p0640,3
2128,jealous jaguar,income,p0655,4
2129,jealous jaguar,income,p0656,3
2130,jealous jaguar,income,p0658,4
2131,jealous jaguar,income,p0661,3
2132,jealous jaguar,income,p0669,3
2133,jealous jaguar,income,p0670,2
2134,jealous jaguar,income,p0672,3
2135,jealous jaguar,income,p0674,3
2136,jealous jaguar,income,p0678,4
2137,jealous jaguar,income,p0683,3
2138,jealous jaguar,income,p0686,3
2139,jealous jaguar,income,p0687,3
2140,jealous jaguar,income,p0698,2
2141,jealous jaguar,income,p0700,4
2142,jealous jaguar,income,p0703,3
2143,jealous jaguar,income,p0718,2
2144,jealous jaguar,income,p0744,4
2145,jealous jaguar,income,p0745,4
2146,jealous jaguar,income,p0753,2
2147,jealous jaguar,income,p0770,4
2148,jealous jaguar,income,p0771,3
2149,jealous jaguar,income,p0777,4
2150,jealous jaguar,income,p0779,4
2151,jealous jaguar,income,p0780,1
2152,jealous jaguar,income,p0783,3
2153,jealous jaguar,income,p0785,4
2154,jealous jaguar,income,p0786,3
2155,jealous jaguar,income,p0794,4
2156,jealous jaguar,income,p0798,4
2157,jealous jaguar,income,p0800,3
2158,jealous jaguar,income,p0820,2
2159,jealous jaguar,income,p0841,3
2160,jealous jaguar,income,p0849,3
2161,jealous jaguar,income,p0862,3
2162,jealous jaguar,income,p0867,4
2163,jealous jaguar,income,p0869,4
2164,jealous jaguar,income,p0872,3
2165,jealous jaguar,income,p0880,2
2166,jealous jaguar,income,p0891,3
2167,jealous jaguar,income,p0916,3
2168,jealous jaguar,income,p0917,4
2169,jealous jaguar,income,p0919,3
2170,jealous jaguar,income,p0922,2
2171,jealous jaguar,income,p0925,2
2172,jealous jaguar,income,p0927,4
2173,jealous jaguar,income,p0929,2
2174,jealous jaguar,income,p0930,4
2175,jealous jaguar,income,p0931,2
2176,jealous jaguar,income,p0933,2
2177,jealous jaguar,income,p0934,4
2178,jealous jaguar,income,p0936,3
2179,jealous jaguar,income,p0938,3
2180,jealous jaguar,income,p0939,2
2181,jealous jaguar,income,p0946,4
2182,jealous jaguar,income,p0951,2
2183,jealous jaguar,income,p0956,3
2184,jealous jaguar,income,p0962,3
2185,jealous jaguar,income,p0963,3
2186,jealous jaguar,income,p0969,5
2187,jealous jaguar,income,p0972,3
2188,jealous jaguar,income,p0975,4
2189,jealous jaguar,income,p0985,2
2190,jealous jaguar,income,p0993,1
2191,jealous jaguar,income,p0996,3
2192,jealous jaguar,income,p1011,3
2193,jealous jaguar,income,p1017,4
2194,jealous jaguar,income,p1020,3
2195,jealous jaguar,income,p1022,3
2196,jealous jaguar,income,p1024,2
2197,jealous jaguar,income,p1027,3
2198,jealous jaguar,income,p1028,4
2199,jealous jaguar,income,p1029,2
2200,jealous jaguar,income,p1032,3
2201,jealous jaguar,income,p1040,3
2202,jealous jaguar,income,p1047,4
2203,jealous jaguar,income,p1048,2
2204,jealous jaguar,income,p1053,2
2205,jealous jaguar,income,p1057,3
2206,jealous jaguar,income,p1058,4
2207,jealous jaguar,income,p1063,4
2208,jealous jaguar,income,p1064,3
2209,jealous jaguar,income,p1065,3
2210,jealous jaguar,income,p1069,3
2211,jealous jaguar,income,p1072,3
2212,jealous jaguar,income,p1073,3
2213,jealous jaguar,income,p1075,3
2214,jealous jaguar,income,p1076,2
2215,jealous jaguar,income,p1083,3
2216,jealous jaguar,income,p1089,4
2217,jealous jaguar,income,p1093,3
2218,jealous jaguar,income,p1096,4
2219,jealous jaguar,income,p1100,4
2220,jealous jaguar,income,p1106,2
2221,jealous jaguar,income,p1107,2
2222,jealous jaguar,income,p1113,2
2223,jealous jaguar,income,p1117,3
2224,jealous jaguar,income,p1120,4
2225,jealous jaguar,income,p1134,4
2226,jealous jaguar,income,p1136,3
2227,jealous jaguar,income,p1138,3
2228,jealous jaguar,income,p1144,3
2229,jealous jaguar,income,p1145,4
2230,jealous jaguar,income,p1147,4
2231,jealous jaguar,income,p1148,3
2232,jealous jaguar,income,p1154,3
2233,jealous jaguar,income,p1159,4
2234,jealous jaguar,income,p1167,3
2235,jealous jaguar,income,p1175,2
2236,jealous jaguar,income,p1178,3
2237,jealous jaguar,income,p1184,3
2238,jealous jaguar,income,p1186,3
2239,jealous jaguar,income,p1196,2
2240,jealous jaguar,income,p1197,3
2241,jealous jaguar,income,p1203,3
2242,jealous jaguar,income,p1219,2
2243,jealous jaguar,income,p1225,4
2244,jealous jaguar,income,p1234,2
2245,jealous jaguar,income,p1242,3
2246,jealous jaguar,income,p1244,3
2247,jealous jaguar,income,p1249,3
2248,jealous jaguar,income,p1250,3
2249,jealous jaguar,income,p1256,4
2250,jealous jaguar,income,p1258,4
2251,jealous jaguar,income,p1260,2
2252,jealous jaguar,income,p1262,4
2253,jealous jaguar,income,p1264,2
2254,jealous jaguar,income,p1265,4
2255,jealous jaguar,income,p1269,3
2256,jealous jaguar,income,p1272,3
2257,jealous jaguar,income,p1278,2
2258,jealous jaguar,income,p1281,2
2259,jealous jaguar,income,p1292,4
2260,jealous jaguar,income,p1299,4
2261,jealous jaguar,income,p1312,3
2262,jealous jaguar,income,p1322,1
2263,jealous jaguar,income,p1326,3
2264,jealous jaguar,income,p1330,2
2265,jealous jaguar,income,p1335,3
2266,jealous jaguar,income,p1337,4
2267,jealous jaguar,income,p1340,4
2268,jealous jaguar,income,p1345,3
2269,jealous jaguar,income,p1351,3
2270,jealous jaguar,income,p1355,3
2271,jealous jaguar,income,p1362,4
2272,jealous jaguar,income,p1365,3
2273,jealous jaguar,income,p1366,3
2274,jealous jaguar,income,p1367,3
2275,jealous jaguar,income,p1370,3
2276,jealous jaguar,income,p1371,5
2277,jealous jaguar,income,p1373,4
2278,jealous jaguar,income,p1375,4
2279,jealous jaguar,income,p1376,1
2280,jealous jaguar,income,p1379,3
2281,jealous jaguar,income,p1381,3
2282,jealous jaguar,income,p1393,4
2283,jealous jaguar,income,p1396,3
2284,jealous jaguar,income,p1398,4
2285,jealous jaguar,income,p1404,1
2286,jealous jaguar,income,p1406,3
2287,jealous jaguar,income,p1407,2
2288,jealous jaguar,income,p1409,4
2289,jealous jaguar,income,p1412,2
2290,jealous jaguar,income,p1414,4
2291,jealous jaguar,income,p1424,4
2292,jealous jaguar,income,p1425,4
2293,jealous jaguar,income,p1429,3
2294,jealous jaguar,income,p1434,4
2295,jealous jaguar,income,p1441,2
2296,jealous jaguar,income,p1445,2
2297,jealous jaguar,income,p1450,3
2298,jealous jaguar,income,p1454,4
2299,jealous jaguar,income,p1456,3
2300,jealous jaguar,income,p1457,1
2301,jealous jaguar,income,p1458,4
2302,jealous jaguar,income,p1469,2
2303,jealous jaguar,income,p1470,4
2304,jealous jaguar,income,p1481,3
2305,jealous jaguar,income,p1488,3
2306,jealous jaguar,income,p1492,3
2307,jealous jaguar,income,p1495,3
2308,jealous jaguar,income,p1497,3
2309,jealous jaguar,income,p1499,4
2310,jealous jaguar,income,p1503,2
2311,jealous jaguar,income,p1511,4
2312,jealous jaguar,income,p1512,1
2313,jealous jaguar,income,p1518,2
2314,jealous jaguar,income,p1519,3
2315,jealous jaguar,income,p1520,1
2316,jealous jaguar,income,p1524,3
2317,jealous jaguar,income,p1526,5
2318,jealous jaguar,income,p1537,3
2319,jealous jaguar,income,p1545,3
2320,jealous jaguar,income,p1547,1
2321,jealous jaguar,income,p1552,5
2322,jealous jaguar,income,p1567,4
2323,jealous jaguar,income,p1568,3
2324,jealous jaguar,income,p1579,2
2325,jealous jaguar,income,p1587,1
2326,jealous jaguar,income,p1596,3
2327,jealous jaguar,income,p1600,4
2328,jealous jaguar,income,p1603,2
2329,jealous jaguar,income,p1604,3
2330,jealous jaguar,income,p1610,2
2331,jealous jaguar,income,p1618,3
2332,jealous jaguar,income,p1619,4
2333,jealous jaguar,income,p1622,4
2334,jealous jaguar,income,p1623,3
2335,jealous jaguar,income,p1630,4
2336,jealous jaguar,income,p1641,4
2337,jealous jaguar,income,p1649,2
2338,jealous jaguar,income,p1652,3
2339,jealous jaguar,income,p1665,3
2340,jealous jaguar,income,p1669,4
2341,jealous jaguar,income,p1685,4
2342,jealous jaguar,income,p1693,3
2343,jealous jaguar,income,p1698,4
2344,jealous jaguar,income,p1704,4
2345,jealous jaguar,income,p1711,4
2346,jealous jaguar,income,p1718,3
2347,jealous jaguar,income,p1732,3
2348,jealous jaguar,income,p1739,4
2349,jealous jaguar,income,p1741,4
2350,jealous jaguar,income,p1746,1
2351,jealous jaguar,income,p1751,4
2352,jealous jaguar,income,p1754,1
2353,jealous jaguar,income,p1769,4
2354,jealous jaguar,income,p1771,2
2355,jealous jaguar,income,p1776,2
2356,jealous jaguar,income,p1780,4
2357,jealous jaguar,income,p1785,2
2358,jealous jaguar,income,p1791,3
2359,jealous jaguar,income,p1793,4
2360,jealous jaguar,income,p1796,5
2361,jealous jaguar,income,p1805,3
2362,jealous jaguar,income,p1812,3
2363,jealous jaguar,income,p1816,3
2364,jealous jaguar,income,p1819,4
2365,jealous jaguar,income,p1825,4
2366,jealous jaguar,income,p1836,3
2367,jealous jaguar,income,p1839,4
2368,jealous jaguar,income,p1861,3
2369,jealous jaguar,income,p1863,4
2370,jealous jaguar,income,p1873,4
2371,jealous jaguar,income,p1875,3
2372,jealous jaguar,income,p1876,4
2373,jealous jaguar,income,p1877,2
2374,jealous jaguar,income,p1880,3
2375,jealous jaguar,income,p1883,3
2376,jealous jaguar,income,p1889,1
2377,jealous jaguar,income,p1893,2
2378,jealous jaguar,income,p1896,3
2379,jealous jaguar,income,p1913,4
2380,jealous jaguar,income,p1922,4
2381,jealous jaguar,income,p1930,3
2382,jealous jaguar,income,p1935,4
2383,jealous jaguar,income,p1940,4
2384,jealous jaguar,income,p1948,4
2385,jealous jaguar,income,p1950,2
2386,jealous jaguar,income,p1954,2
2387,jealous jaguar,income,p1956,3
2388,jealous jaguar,income,p1958,3
2389,jealous jaguar,income,p1967,4
2390,jealous jaguar,income,p1973,5
2391,jealous jaguar,income,p1978,4
2392,jealous jaguar,income,p1983,2
2393,jealous jaguar,income,p1984,3
2394,jealous jaguar,income,p1995,3
2395,jealous jaguar,income,p1996,2
2396,jealous jaguar,income,p1997,4
2397,jealous jaguar,income,p2001,3
2398,jealous jaguar,income,p2002,2
2399,jealous jaguar,income,p2013,4
2400,jealous jaguar,income,p2014,3
2401,jealous jaguar,income,p2016,4
2402,jealous jaguar,income,p2018,1
2403,jealous jaguar,income,p2023,3
2404,jealous jaguar,income,p2025,4
2405,jealous jaguar,income,p2028,2
2406,jealous jaguar,income,p2030,3
2407,jealous jaguar,income,p2033,3
2408,jealous jaguar,income,p2040,3
2409,jealous jaguar,income,p2051,3
2410,jealous jaguar,income,p2052,4
2411,jealous jaguar,income,p2066,2
2412,jealous jaguar,income,p2067,3
2413,jealous jaguar,income,p2073,4
2414,jealous jaguar,income,p2077,2
2415,jealous jaguar,income,p2078,4
2416,jealous jaguar,income,p2086,3
2417,jealous jaguar,income,p2089,3
2418,jealous jaguar,income,p2093,3
2419,jealous jaguar,income,p2094,3
2420,jealous jaguar,income,p2111,2
2421,jealous jaguar,income,p2117,4
2422,jealous jaguar,income,p2121,3
2423,jealous jaguar,income,p2127,3
2424,jealous jaguar,income,p2141,3
2425,jealous jaguar,income,p2142,2
2426,jealous jaguar,income,p2143,4
2427,jealous jaguar,income,p2153,1
2428,jealous jaguar,income,p2155,2
2429,jealous jaguar,income,p2169,4
2430,jealous jaguar,income,p2187,3
2431,jealous jaguar,income,p2188,4
2432,jealous jaguar,income,p2197,2
2433,jealous jaguar,income,p2213,3
2434,jealous jaguar,income,p2214,2
2435,jealous jaguar,income,p2215,5
2436,jealous jaguar,income,p2220,3
2437,jealous jaguar,income,p2223,2
2438,jealous jaguar,income,p2229,3
2439,jealous jaguar,income,p2234,3
2440,jealous jaguar,income,p2237,4
2441,jealous jaguar,income,p2238,4
2442,jealous jaguar,income,p2244,2
2443,jealous jaguar,income,p2248,3
2444,jealous jaguar,income,p2252,3
2445,jealous jaguar,income,p2255,1
2446,jealous jaguar,income,p2261,3
2447,jealous jaguar,income,p2263,4
2448,jealous jaguar,income,p2273,3
2449,jealous jaguar,income,p2275,2
2450,jealous jaguar,income,p2276,2
2451,jealous jaguar,income,p2283,1
2452,jealous jaguar,income,p2287,3
2453,jealous jaguar,income,p2296,2
2454,jealous jaguar,income,p2298,3
2455,jealous jaguar,income,p2304,3
2456,jealous jaguar,income,p2310,2
2457,jealous jaguar,income,p2322,2
2458,jealous jaguar,income,p2326,3
2459,jealous jaguar,income,p2330,3
2460,jealous jaguar,income,p2331,3
2461,jealous jaguar,income,p2333,2
2462,jealous jaguar,income,p2347,3
2463,jealous jaguar,income,p2350,2
2464,jealous jaguar,income,p2351,3
2465,jealous jaguar,income,p2353,2
2466,jealous jaguar,income,p2355,2
2467,jealous jaguar,income,p2363,2
2468,jealous jaguar,income,p2378,3
2469,jealous jaguar,income,p2380,2
2470,jealous jaguar,income,p2387,4
2471,jealous jaguar,income,p2398,2
2472,jealous jaguar,income,p2400,4
2473,jealous jaguar,income,p2403,2
2474,jealous jaguar,income,p2408,3
2475,jealous jaguar,income,p2418,2
2476,jealous jaguar,income,p2426,2
2477,jealous jaguar,income,p2428,2
2478,jealous jaguar,income,p2434,3
2479,jealous jaguar,income,p2446,1
2480,jealous jaguar,income,p2452,3
2481,jealous jaguar,income,p2454,2
2482,jealous jaguar,income,p2462,3
2483,jealous jaguar,income,p2467,5
2484,jealous jaguar,income,p2482,3
2485,jealous jaguar,income,p2489,3
2486,jealous jaguar,income,p2490,2
2487,jealous jaguar,income,p2494,2
2488,jealous jaguar,income,p2502,4
2489,jealous jaguar,income,p2503,3
2490,jealous jaguar,income,p2522,3
2491,jealous jaguar,income,p2524,3
2492,jealous jaguar,income,p2533,3
2493,jealous jaguar,income,p2566,3
2494,jealous jaguar,income,p2571,3
2495,jealous jaguar,income,p2573,2
2496,jealous jaguar,income,p2582,4
2497,jealous jaguar,income,p2591,3
2498,jealous jaguar,income,p2592,3
2499,jealous jaguar,income,p2595,2
2500,jealous jaguar,party,p0016,2
2501,jealous jaguar,party,p0022,3
2502,jealous jaguar,party,p0023,3
2503,jealous jaguar,party,p0026,1
2504,jealous jaguar,party,p0034,1
2505,jealous jaguar,party,p0036,2
2506,jealous jaguar,party,p0037,1
2507,jealous jaguar,party,p0042,3
2508,jealous jaguar,party,p0057,3
2509,jealous jaguar,party,p0066,1
2510,jealous jaguar,party,p0069,1
2511,jealous jaguar,party,p0072,1
2512,jealous jaguar,party,p0073,1
2513,jealous jaguar,party,p0082,3
2514,jealous jaguar,party,p0091,3
2515,jealous jaguar,party,p0092,3
2516,jealous jaguar,party,p0093,1
2517,jealous jaguar,party,p0095,3
2518,jealous jaguar,party,p0107,1
2519,jealous jaguar,party,p0114,2
2520,jealous jaguar,party,p0116,1
2521,jealous jaguar,party,p0118,1
2522,jealous jaguar,party,p0119,2
2523,jealous jaguar,party,p0126,2
2524,jealous jaguar,party,p0129,3
2525,jealous jaguar,party,p0136,2
2526,jealous jaguar,party,p0138,2
2527,jealous jaguar,party,p0144,2
2528,jealous jaguar,party,p0150,3
2529,jealous jaguar,party,p0152,1
2530,jealous jaguar,party,p0158,3
2531,jealous jaguar,party,p0161,1
2532,jealous jaguar,party,p0164,1
2533,jealous jaguar,party,p0175,3
2534,jealous jaguar,party,p0177,2
2535,jealous jaguar,party,p0178,3
2536,jealous jaguar,party,p0181,1
2537,jealous jaguar,party,p0186,3
2538,jealous jaguar,party,p0196,3
2539,jealous jaguar,party,p0198,3
2540,jealous jaguar,party,p0202,3
2541,jealous jaguar,party,p0205,2
2542,jealous jaguar,party,p0207,3
2543,jealous jaguar,party,p0211,3
2544,jealous jaguar,party,p0227,2
2545,jealous jaguar,party,p0229,3
2546,jealous jaguar,party,p0232,3
2547,jealous jaguar,party,p0233,2
2548,jealous jaguar,party,p0237,3
2549,jealous jaguar,party,p0258,3
2550,jealous jaguar,party,p0268,3
2551,jealous jaguar,party,p0274,3
2552,jealous jaguar,party,p0275,3
2553,jealous jaguar,party,p0277,2
2554,jealous jaguar,party,p0288,3
2555,jealous jaguar,party,p0291,2
2556,jealous jaguar,party,p0307,1
2557,jealous jaguar,party,p0308,1
2558,jealous jaguar,party,p0317,1
2559,jealous jaguar,party,p0325,2
2560,jealous jaguar,party,p0327,3
2561,jealous jaguar,party,p0334,3
2562,jealous jaguar,party,p0336,3
2563,jealous jaguar,party,p0338,1
2564,jealous jaguar,party,p0342,3
2565,jealous jaguar,party,p0349,1
2566,jealous jaguar,party,p0356,3
2567,jealous jaguar,party,p0358,3
2568,jealous jaguar,party,p0363,2
2569,jealous jaguar,party,p0364,2
2570,jealous jaguar,party,p0369,1
2571,jealous jaguar,party,p0370,2
2572,jealous jaguar,party,p0371,1
2573,jealous jaguar,party,p0379,1
2574,jealous jaguar,party,p0386,3
2575,jealous jaguar,party,p0396,3
2576,jealous jaguar,party,p0403,3
2577,jealous jaguar,party,p0405,3
2578,jealous jaguar,party,p0412,1
2579,jealous jaguar,party,p0415,1
2580,jealous jaguar,party,p0416,2
2581,jealous jaguar,party,p0417,3
2582,jealous jaguar,party,p0418,2
2583,jealous jaguar,party,p0430,3
2584,jealous jaguar,party,p0431,3
2585,jealous jaguar,party,p0434,1
2586,jealous jaguar,party,p0438,3
2587,jealous jaguar,party,p0441,3
2588,jealous jaguar,party,p0442,3
2589,jealous jaguar,party,p0449,1
2590,jealous jaguar,party,p0450,2
2591,jealous jaguar,party,p0465,3
2592,jealous jaguar,party,p0471,1
2593,jealous jaguar,party,p0477,3
2594,jealous jaguar,party,p0483,3
2595,jealous jaguar,party,p0486,1
2596,jealous jaguar,party,p0487,1
2597,jealous jaguar,party,p0489,3
2598,jealous jaguar,party,p0497,1
2599,jealous jaguar,party,p0502,1
2600,jealous jaguar,party,p0503,3
2601,jealous jaguar,party,p0506,2
2602,jealous jaguar,party,p0511,1
2603,jealous jaguar,party,p0523,3
2604,jealous jaguar,party,p0534,1
2605,jealous jaguar,party,p0536,3
2606,jealous jaguar,party,p0542,1
2607,jealous jaguar,party,p0547,2
2608,jealous jaguar,party,p0553,3
2609,jealous jaguar,party,p0559,2
2610,jealous jaguar,party,p0566,2
2611,jealous jaguar,party,p0568,2
2612,jealous jaguar,party,p0570,3
2613,jealous jaguar,party,p0573,1
2614,jealous jaguar,party,p0578,3
2615,jealous jaguar,party,p0594,2
2616,jealous jaguar,party,p0597,3
2617,jealous jaguar,party,p0601,1
2618,jealous jaguar,party,p0602,3
2619,jealous jaguar,party,p0605,2
2620,jealous jaguar,party,p0615,3
2621,jealous jaguar,party,p0620,3
2622,jealous jaguar,party,p0626,3
2623,jealous jaguar,party,p0629,3
2624,jealous jaguar,party,p0633,2
2625,jealous jaguar,party,p0638,3
2626,jealous jaguar,party,p0639,1
2627,jealous jaguar,party,p0640,1
2628,jealous jaguar,party,p0655,1
2629,jealous jaguar,party,p0656,3
2630,jealous jaguar,party,p0658,1
2631,jealous jaguar,party,p0661,2
2632,jealous jaguar,party,p0669,2
2633,jealous jaguar,party,p0670,3
2634,jealous jaguar,party,p0672,3
2635,jealous jaguar,party,p0674,3
2636,jealous jaguar,party,p0678,3
2637,jealous jaguar,party,p0683,3
2638,jealous jaguar,party,p0686,1
2639,jealous jaguar,party,p0687,3
2640,jealous jaguar,party,p0698,1
2641,jealous jaguar,party,p0700,2
2642,jealous jaguar,party,p0703,2
2643,jealous jaguar,party,p0718,1
2644,jealous jaguar,party,p0744,3
2645,jealous jaguar,party,p0745,1
2646,jealous jaguar,party,p0753,2
2647,jealous jaguar,party,p0770,2
2648,jealous jaguar,party,p0771,3
2649,jealous jaguar,party,p0777,3
2650,jealous jaguar,party,p0779,1
2651,jealous jaguar,party,p0780,1
2652,jealous jaguar,party,p0783,1
2653,jealous jaguar,party,p0785,1
2654,jealous jaguar,party,p0786,2
2655,jealous jaguar,party,p0794,1
2656,jealous jaguar,party,p0798,1
2657,jealous jaguar,party,p0800,3
2658,jealous jaguar,party,p0820,3
2659,jealous jaguar,party,p0841,1
2660,jealous jaguar,party,p0849,2
2661,jealous jaguar,party,p0862,3
2662,jealous jaguar,party,p0867,3
2663,jealous jaguar,party,p0869,3
2664,jealous jaguar,party,p0872,3
2665,jealous jaguar,party,p0880,3
2666,jealous jaguar,party,p0891,1
2667,jealous jaguar,party,p0916,3
2668,jealous jaguar,party,p0917,1
2669,jealous jaguar,party,p0919,3
2670,jealous jaguar,party,p0922,1
2671,jealous jaguar,party,p0925,1
2672,jealous jaguar,party,p0927,3
2673,jealous jaguar,party,p0929,3
2674,jealous jaguar,party,p0930,1
2675,jealous jaguar,party,p0931,1
2676,jealous jaguar,party,p0933,3
2677,jealous jaguar,party,p0934,1
2678,jealous jaguar,party,p0936,3
2679,jealous jaguar,party,p0938,3
2680,jealous jaguar,party,p0939,2
2681,jealous jaguar,party,p0946,2
2682,jealous jaguar,party,p0951,3
2683,jealous jaguar,party,p0956,1
2684,jealous jaguar,party,p0962,1
2685,jealous jaguar,party,p0963,1
2686,jealous jaguar,party,p0969,1
2687,jealous jaguar,party,p0972,2
2688,jealous jaguar,party,p0975,1
2689,jealous jaguar,party,p0985,2
2690,jealous jaguar,party,p0993,3
2691,jealous jaguar,party,p0996,3
2692,jealous jaguar,party,p1011,1
2693,jealous jaguar,party,p1017,2
2694,jealous jaguar,party,p1020,1
2695,jealous jaguar,party,p1022,3
2696,jealous jaguar,party,p1024,1
2697,jealous jaguar,party,p1027,3
2698,jealous jaguar,party,p1028,3
2699,jealous jaguar,party,p1029,2
2700,jealous jaguar,party,p1032,2
2701,jealous jaguar,party,p1040,2
2702,jealous jaguar,party,p1047,2
2703,jealous jaguar,party,p1048,3
2704,jealous jaguar,party,p1053,3
2705,jealous jaguar,party,p1057,1
2706,jealous jaguar,party,p1058,1
2707,jealous jaguar,party,p1063,1
2708,jealous jaguar,party,p1064,3
2709,jealous jaguar,party,p1065,1
2710,jealous jaguar,party,p1069,3
2711,jealous jaguar,party,p1072,2
2712,jealous jaguar,party,p1073,3
2713,jealous jaguar,party,p1075,2
2714,jealous jaguar,party,p1076,2
2715,jealous jaguar,party,p1083,1
2716,jealous jaguar,party,p1089,3
2717,jealous jaguar,party,p1093,3
2718,jealous jaguar,party,p1096,2
2719,jealous jaguar,party,p1100,2
2720,jealous jaguar,party,p1106,3
2721,jealous jaguar,party,p1107,2
2722,jealous jaguar,party,p1113,1
2723,jealous jaguar,party,p1117,1
2724,jealous jaguar,party,p1120,1
2725,jealous jaguar,party,p1134,2
2726,jealous jaguar,party,p1136,1
2727,jealous jaguar,party,p1138,1
2728,jealous jaguar,party,p1144,1
2729,jealous jaguar,party,p1145,3
2730,jealous jaguar,party,p1147,3
2731,jealous jaguar,party,p1148,3
2732,jealous jaguar,party,p1154,3
2733,jealous jaguar,party,p1159,3
2734,jealous jaguar,party,p1167,3
2735,jealous jaguar,party,p1175,3
2736,jealous jaguar,party,p1178,3
2737,jealous jaguar,party,p1184,1
2738,jealous jaguar,party,p1186,3
2739,jealous jaguar,party,p1196,1
2740,jealous jaguar,party,p1197,3
2741,jealous jaguar,party,p1203,3
2742,jealous jaguar,party,p1219,3
2743,jealous jaguar,party,p1225,1
2744,jealous jaguar,party,p1234,2
2745,jealous jaguar,party,p1242,1
2746,jealous jaguar,party,p1244,3
2747,jealous jaguar,party,p1249,2
2748,jealous jaguar,party,p1250,2
2749,jealous jaguar,party,p1256,1
2750,jealous jaguar,party,p1258,1
2751,jealous jaguar,party,p1260,2
2752,jealous jaguar,party,p1262,1
2753,jealous jaguar,party,p1264,2
2754,jealous jaguar,party,p1265,2
2755,jealous jaguar,party,p1269,1
2756,jealous jaguar,party,p1272,1
2757,jealous jaguar,party,p1278,3
2758,jealous jaguar,party,p1281,3
2759,jealous jaguar,party,p1292,1
2760,jealous jaguar,party,p1299,1
2761,jealous jaguar,party,p1312,2
2762,jealous jaguar,party,p1322,3
2763,jealous jaguar,party,p1326,2
2764,jealous jaguar,party,p1330,3
2765,jealous jaguar,party,p1335,1
2766,jealous jaguar,party,p1337,1
2767,jealous jaguar,party,p1340,1
2768,jealous jaguar,party,p1345,1
2769,jealous jaguar,party,p1351,3
2770,jealous jaguar,party,p1355,1
2771,jealous jaguar,party,p1362,1
2772,jealous jaguar,party,p1365,1
2773,jealous jaguar,party,p1366,2
2774,jealous jaguar,party,p1367,1
2775,jealous jaguar,party,p1370,1
2776,jealous jaguar,party,p1371,1
2777,jealous jaguar,party,p1373,1
2778,jealous jaguar,party,p1375,1
2779,jealous jaguar,party,p1376,3
2780,jealous jaguar,party,p1379,3
2781,jealous jaguar,party,p1381,3
2782,jealous jaguar,party,p1393,1
2783,jealous jaguar,party,p1396,3
2784,jealous jaguar,party,p1398,1
2785,jealous jaguar,party,p1404,3
2786,jealous jaguar,party,p1406,1
2787,jealous jaguar,party,p1407,2
2788,jealous jaguar,party,p1409,2
2789,jealous jaguar,party,p1412,2
2790,jealous jaguar,party,p1414,3
2791,jealous jaguar,party,p1424,1
2792,jealous jaguar,party,p1425,1
2793,jealous jaguar,party,p1429,1
2794,jealous jaguar,party,p1434,1
2795,jealous jaguar,party,p1441,3
2796,jealous jaguar,party,p1445,3
2797,jealous jaguar,party,p1450,1
2798,jealous jaguar,party,p1454,2
2799,jealous jaguar,party,p1456,2
2800,jealous jaguar,party,p1457,3
2801,jealous jaguar,party,p1458,3
2802,jealous jaguar,party,p1469,1
2803,jealous jaguar,party,p1470,1
2804,jealous jaguar,party,p1481,3
2805,jealous jaguar,party,p1488,1
2806,jealous jaguar,party,p1492,2
2807,jealous jaguar,party,p1495,1
2808,jealous jaguar,party,p1497,2
2809,jealous jaguar,party,p1499,1
2810,jealous jaguar,party,p1503,3
2811,jealous jaguar,party,p1511,2
2812,jealous jaguar,party,p1512,3
2813,jealous jaguar,party,p1518,2
2814,jealous jaguar,party,p1519,1
2815,jealous jaguar,party,p1520,1
2816,jealous jaguar,party,p1524,1
2817,jealous jaguar,party,p1526,1
2818,jealous jaguar,party,p1537,3
2819,jealous jaguar,party,p1545,3
2820,jealous jaguar,party,p1547,3
2821,jealous jaguar,party,p1552,3
2822,jealous jaguar,party,p1567,2
2823,jealous jaguar,party,p1568,3
2824,jealous jaguar,party,p1579,1
2825,jealous jaguar,party,p1587,3
2826,jealous jaguar,party,p1596,2
2827,jealous jaguar,party,p1600,3
2828,jealous jaguar,party,p1603,3
2829,jealous jaguar,party,p1604,1
2830,jealous jaguar,party,p1610,2
2831,jealous jaguar,party,p1618,1
2832,jealous jaguar,party,p1619,3
2833,jealous jaguar,party,p1622,1
2834,jealous jaguar,party,p1623,1
2835,jealous jaguar,party,p1630,2
2836,jealous jaguar,party,p1641,1
2837,jealous jaguar,party,p1649,2
2838,jealous jaguar,party,p1652,2
2839,jealous jaguar,party,p1665,3
2840,jealous jaguar,party,p1669,1
2841,jealous jaguar,party,p1685,1
2842,jealous jaguar,party,p1693,3
2843,jealous jaguar,party,p1698,2
2844,jealous jaguar,party,p1704,1
2845,jealous jaguar,party,p1711,3
2846,jealous jaguar,party,p1718,1
2847,jealous jaguar,party,p1732,1
2848,jealous jaguar,party,p1739,3
2849,jealous jaguar,party,p1741,1
2850,jealous jaguar,party,p1746,3
2851,jealous jaguar,party,p1751,1
2852,jealous jaguar,party,p1754,3
2853,jealous jaguar,party,p1769,1
2854,jealous jaguar,party,p1771,2
2855,jealous jaguar,party,p1776,3
2856,jealous jaguar,party,p1780,1
2857,jealous jaguar,party,p1785,3
2858,jealous jaguar,party,p1791,2
2859,jealous jaguar,party,p1793,1
2860,jealous jaguar,party,p1796,1
2861,jealous jaguar,party,p1805,2
2862,jealous jaguar,party,p1812,2
2863,jealous jaguar,party,p1816,2
2864,jealous jaguar,party,p1819,3
2865,jealous jaguar,party,p1825,3
2866,jealous jaguar,party,p1836,1
2867,jealous jaguar,party,p1839,1
2868,jealous jaguar,party,p1861,2
2869,jealous jaguar,party,p1863,3
2870,jealous jaguar,party,p1873,3
2871,jealous jaguar,party,p1875,1
2872,jealous jaguar,party,p1876,3
2873,jealous jaguar,party,p1877,3
2874,jealous jaguar,party,p1880,1
2875,jealous jaguar,party,p1883,1
2876,jealous jaguar,party,p1889,1
2877,jealous jaguar,party,p1893,3
2878,jealous jaguar,party,p1896,2
2879,jealous jaguar,party,p1913,1
2880,jealous jaguar,party,p1922,1
2881,jealous jaguar,party,p1930,1
2882,jealous jaguar,party,p1935,1
2883,jealous jaguar,party,p1940,3
2884,jealous jaguar,party,p1948,1
2885,jealous jaguar,party,p1950,2
2886,jealous jaguar,party,p1954,2
2887,jealous jaguar,party,p1956,2
2888,jealous jaguar,party,p1958,1
2889,jealous jaguar,party,p1967,1
2890,jealous jaguar,party,p1973,3
2891,jealous jaguar,party,p1978,1
2892,jealous jaguar,party,p1983,2
2893,jealous jaguar,party,p1984,3
2894,jealous jaguar,party,p1995,1
2895,jealous jaguar,party,p1996,1
2896,jealous jaguar,party,p1997,1
2897,jealous jaguar,party,p2001,3
2898,jealous jaguar,party,p2002,3
2899,jealous jaguar,party,p2013,3
2900,jealous jaguar,party,p2014,1
2901,jealous jaguar,party,p2016,3
2902,jealous jaguar,party,p2018,1
2903,jealous jaguar,party,p2023,3
2904,jealous jaguar,party,p2025,1
2905,jealous jaguar,party,p2028,3
2906,jealous jaguar,party,p2030,3
2907,jealous jaguar,party,p2033,3
2908,jealous jaguar,party,p2040,3
2909,jealous jaguar,party,p2051,3
2910,jealous jaguar,party,p2052,1
2911,jealous jaguar,party,p2066,3
2912,jealous jaguar,party,p2067,1
2913,jealous jaguar,party,p2073,2
2914,jealous jaguar,party,p2077,1
2915,jealous jaguar,party,p2078,3
2916,jealous jaguar,party,p2086,3
2917,jealous jaguar,party,p2089,1
2918,jealous jaguar,party,p2093,1
2919,jealous jaguar,party,p2094,2
2920,jealous jaguar,party,p2111,1
2921,jealous jaguar,party,p2117,3
2922,jealous jaguar,party,p2121,3
2923,jealous jaguar,party,p2127,1
2924,jealous jaguar,party,p2141,2
2925,jealous jaguar,party,p2142,2
2926,jealous jaguar,party,p2143,1
2927,jealous jaguar,party,p2153,3
2928,jealous jaguar,party,p2155,3
2929,jealous jaguar,party,p2169,1
2930,jealous jaguar,party,p2187,3
2931,jealous jaguar,party,p2188,3
2932,jealous jaguar,party,p2197,1
2933,jealous jaguar,party,p2213,2
2934,jealous jaguar,party,p2214,2
2935,jealous jaguar,party,p2215,1
2936,jealous jaguar,party,p2220,2
2937,jealous jaguar,party,p2223,2
2938,jealous jaguar,party,p2229,2
2939,jealous jaguar,party,p2234,3
2940,jealous jaguar,party,p2237,3
2941,jealous jaguar,party,p2238,1
2942,jealous jaguar,party,p2244,3
2943,jealous jaguar,party,p2248,3
2944,jealous jaguar,party,p2252,3
2945,jealous jaguar,party,p2255,1
2946,jealous jaguar,party,p2261,1
2947,jealous jaguar,party,p2263,3
2948,jealous jaguar,party,p2273,3
2949,jealous jaguar,party,p2275,3
2950,jealous jaguar,party,p2276,3
2951,jealous jaguar,party,p2283,3
2952,jealous jaguar,party,p2287,3
2953,jealous jaguar,party,p2296,3
2954,jealous jaguar,party,p2298,2
2955,jealous jaguar,party,p2304,3
2956,jealous jaguar,party,p2310,3
2957,jealous jaguar,party,p2322,2
2958,jealous jaguar,party,p2326,1
2959,jealous jaguar,party,p2330,1
2960,jealous jaguar,party,p2331,3
2961,jealous jaguar,party,p2333,1
2962,jealous jaguar,party,p2347,3
2963,jealous jaguar,party,p2350,2
2964,jealous jaguar,party,p2351,1
2965,jealous jaguar,party,p2353,3
2966,jealous jaguar,party,p2355,3
2967,jealous jaguar,party,p2363,3
2968,jealous jaguar,party,p2378,2
2969,jealous jaguar,party,p2380,3
2970,jealous jaguar,party,p2387,3
2971,jealous jaguar,party,p2398,1
2972,jealous jaguar,party,p2400,3
2973,jealous jaguar,party,p2403,3
2974,jealous jaguar,party,p2408,3
2975,jealous jaguar,party,p2418,3
2976,jealous jaguar,party,p2426,3
2977,jealous jaguar,party,p2428,2
2978,jealous jaguar,party,p2434,3
2979,jealous jaguar,party,p2446,3
2980,jealous jaguar,party,p2452,1
2981,jealous jaguar,party,p2454,2
2982,jealous jaguar,party,p2462,3
2983,jealous jaguar,party,p2467,1
2984,jealous jaguar,party,p2482,2
2985,jealous jaguar,party,p2489,1
2986,jealous jaguar,party,p2490,3
2987,jealous jaguar,party,p2494,1
2988,jealous jaguar,party,p2502,3
2989,jealous jaguar,party,p2503,3
2990,jealous jaguar,party,p2522,1
2991,jealous jaguar,party,p2524,3
2992,jealous jaguar,party,p2533,3
2993,jealous jaguar,party,p2566,3
2994,jealous jaguar,party,p2571,3
2995,jealous jaguar,party,p2573,2
2996,jealous jaguar,party,p2582,1
2997,jealous jaguar,party,p2591,1
2998,jealous jaguar,party,p2592,2
2999,jealous jaguar,party,p2595,3
