,condition,outcome,persona,response
0,limping llama; friendly frog,gender,p0016,2
1,limping llama; friendly frog,gender,p0022,2
2,limping llama; friendly frog,gender,p0023,1
3,limping llama; friendly frog,gender,p0026,2
4,limping llama; friendly frog,gender,p0034,1
5,limping llama; friendly frog,gender,p0036,1
6,limping llama; friendly frog,gender,p0037,1
7,limping llama; friendly frog,gender,p0042,1
8,limping llama; friendly frog,gender,p0057,2
9,limping llama; friendly frog,gender,p0066,1
10,limping llama; friendly frog,gender,p0069,2
11,limping llama; friendly frog,gender,p0072,2
12,limping llama; friendly frog,gender,p0073,1
13,limping llama; friendly frog,gender,p0082,1
14,limping llama; friendly frog,gender,p0091,1
15,limping llama; friendly frog,gender,p0092,1
16,limping llama; friendly frog,gender,p0093,1
17,limping llama; friendly frog,gender,p0095,1
18,limping llama; friendly frog,gender,p0107,2
19,limping llama; friendly frog,gender,p0114,1
20,limping llama; friendly frog,gender,p0116,1
21,limping llama; friendly frog,gender,p0118,2
22,limping llama; friendly frog,gender,p0119,1
23,limping llama; friendly frog,gender,p0126,1
24,limping llama; friendly frog,gender,p0129,1
25,limping llama; friendly frog,gender,p0136,2
26,limping llama; friendly frog,gender,p0138,1
27,limping llama; friendly frog,gender,p0144,2
28,limping llama; friendly frog,gender,p0150,1
29,limping llama; friendly frog,gender,p0152,2
30,limping llama; friendly frog,gender,p0158,2
31,limping llama; friendly frog,gender,p0161,1
32,limping llama; friendly frog,gender,p0164,2
33,limping llama; friendly frog,gender,p0175,1
34,limping llama; friendly frog,gender,p0177,1
35,limping llama; friendly frog,gender,p0178,1
36,limping llama; friendly frog,gender,p0181,2
37,limping llama; friendly frog,gender,p0186,2
38,limping llama; friendly frog,gender,p0196,2
39,limping llama; friendly frog,gender,p0198,1
40,limping llama; friendly frog,gender,p0202,1
41,limping llama; friendly frog,gender,p0205,1
42,limping llama; friendly frog,gender,p0207,1
43,limping llama; friendly frog,gender,p0211,1
44,limping llama; friendly frog,gender,p0227,2
45,limping llama; friendly frog,gender,p0229,1
46,limping llama; friendly frog,gender,p0232,1
47,limping llama; friendly frog,gender,p0233,2
48,limping llama; friendly frog,gender,p0237,1
49,limping llama; friendly frog,gender,p0258,1
50,limping llama; friendly frog,gender,p0268,1
51,limping llama; friendly frog,gender,p0274,1
52,limping llama; friendly frog,gender,p0275,1
53,limping llama; friendly frog,gender,p0277,1
54,limping llama; friendly frog,gender,p0288,1
55,limping llama; friendly frog,gender,p0291,1
56,limping llama; friendly frog,gender,p0307,1
57,limping llama; friendly frog,gender,p0308,1
58,limping llama; friendly frog,gender,p0317,1
59,limping llama; friendly frog,gender,p0325,2
60,limping llama; friendly frog,gender,p0327,1
61,limping llama; friendly frog,gender,p0334,1
62,limping llama; friendly frog,gender,p0336,1
63,limping llama; friendly frog,gender,p0338,1
64,limping llama; friendly frog,gender,p0342,1
65,limping llama; friendly frog,gender,p0349,1
66,limping llama; friendly frog,gender,p0356,2
67,limping llama; friendly frog,gender,p0358,1
68,limping llama; friendly frog,gender,p0363,1
69,limping llama; friendly frog,gender,p0364,1
70,limping llama; friendly frog,gender,p0369,2
71,limping llama; friendly frog,gender,p0370,2
72,limping llama; friendly frog,gender,p0371,1
73,limping llama; friendly frog,gender,p0379,1
74,limping llama; friendly frog,gender,p0386,1
75,limping llama; friendly frog,gender,p0396,2
76,limping llama; friendly frog,gender,p0403,2
77,limping llama; friendly frog,gender,p0405,2
78,limping llama; friendly frog,gender,p0412,1
79,limping llama; friendly frog,gender,p0415,1
80,limping llama; friendly frog,gender,p0416,1
81,limping llama; friendly frog,gender,p0417,1
82,limping llama; friendly frog,gender,p0418,2
83,limping llama; friendly frog,gender,p0430,1
84,limping llama; friendly frog,gender,p0431,2
85,limping llama; friendly frog,gender,p0434,2
86,limping llama; friendly frog,gender,p0438,2
87,limping llama; friendly frog,gender,p0441,2
88,limping llama; friendly frog,gender,p0442,2
89,limping llama; friendly frog,gender,p0449,1
90,limping llama; friendly frog,gender,p0450,2
91,limping llama; friendly frog,gender,p0465,1
92,limping llama; friendly frog,gender,p0471,2
93,limping llama; friendly frog,gender,p0477,2
94,limping llama; friendly frog,gender,p0483,2
95,limping llama; friendly frog,gender,p0486,1
96,limping llama; friendly frog,gender,p0487,1
97,limping llama; friendly frog,gender,p0489,1
98,limping llama; friendly frog,gender,p0497,1
99,limping llama; friendly frog,gender,p0502,1
100,limping llama; friendly frog,gender,p0503,2
101,limping llama; friendly frog,gender,p0506,1
102,limping llama; friendly frog,gender,p0511,1
103,limping llama; friendly frog,gender,p0523,2
104,limping llama; friendly frog,gender,p0534,1
105,limping llama; friendly frog,gender,p0536,1
106,limping llama; friendly frog,gender,p0542,1
107,limping llama; friendly frog,gender,p0547,2
108,limping llama; friendly frog,gender,p0553,1
109,limping llama; friendly frog,gender,p0559,2
110,limping llama; friendly frog,gender,p0566,1
111,limping llama; friendly frog,gender,p0568,2
112,limping llama; friendly frog,gender,p0570,1
113,limping llama; friendly frog,gender,p0573,2
114,limping llama; friendly frog,gender,p0578,1
115,limping llama; friendly frog,gender,p0594,1
116,limping llama; friendly frog,gender,p0597,1
117,limping llama; friendly frog,gender,p0601,1
118,limping llama; friendly frog,gender,p0602,2
119,limping llama; friendly frog,gender,p0605,1
120,limping llama; friendly frog,gender,p0615,1
121,limping llama; friendly frog,gender,p0620,1
122,limping llama; friendly frog,gender,p0626,2
123,limping llama; friendly frog,gender,p0629,2
124,limping llama; friendly frog,gender,p0633,2
125,limping llama; friendly frog,gender,p0638,2
126,limping llama; friendly frog,gender,p0639,1
127,limping llama; friendly frog,gender,p0640,2
128,limping llama; friendly frog,gender,p0655,2
129,limping llama; friendly frog,gender,p0656,1
130,limping llama; friendly frog,gender,p0658,1
131,limping llama; friendly frog,gender,p0661,1
132,limping llama; friendly frog,gender,p0669,1
133,limping llama; friendly frog,gender,p0670,2
134,limping llama; friendly frog,gender,p0672,2
135,limping llama; friendly frog,gender,p0674,1
136,limping llama; friendly frog,gender,p0678,1
137,limping llama; friendly frog,gender,p0683,2
138,limping llama; friendly frog,gender,p0686,1
139,limping llama; friendly frog,gender,p0687,1
140,limping llama; friendly frog,gender,p0698,2
141,limping llama; friendly frog,gender,p0700,1
142,limping llama; friendly frog,gender,p0703,1
143,limping llama; friendly frog,gender,p0718,1
144,limping llama; friendly frog,gender,p0744,2
145,limping llama; friendly frog,gender,p0745,1
146,limping llama; friendly frog,gender,p0753,2
147,limping llama; friendly frog,gender,p0770,1
148,limping llama; friendly frog,gender,p0771,1
149,limping llama; friendly frog,gender,p0777,1
150,limping llama; friendly frog,gender,p0779,1
151,limping llama; friendly frog,gender,p0780,2
152,limping llama; friendly frog,gender,p0783,1
153,limping llama; friendly frog,gender,p0785,2
154,limping llama; friendly frog,gender,p0786,2
155,limping llama; friendly frog,gender,p0794,1
156,limping llama; friendly frog,gender,p0798,1
157,limping llama; friendly frog,gender,p0800,1
158,limping llama; friendly frog,gender,p0820,2
159,limping llama; friendly frog,gender,p0841,2
160,limping llama; friendly frog,gender,p0849,1
161,limping llama; friendly frog,gender,p0862,1
162,limping llama; friendly frog,gender,p0867,2
163,limping llama; friendly frog,gender,p0869,1
164,limping llama; friendly frog,gender,p0872,1
165,limping llama; friendly frog,gender,p0880,2
166,limping llama; friendly frog,gender,p0891,1
167,limping llama; friendly frog,gender,p0916,2
168,limping llama; friendly frog,gender,p0917,2
169,limping llama; friendly frog,gender,p0919,2
170,limping llama; friendly frog,gender,p0922,2
171,limping llama; friendly frog,gender,p0925,2
172,limping llama; friendly frog,gender,p0927,1
173,limping llama; friendly frog,gender,p0929,2
174,limping llama; friendly frog,gender,p0930,1
175,limping llama; friendly frog,gender,p0931,2
176,limping llama; friendly frog,gender,p0933,2
177,limping llama; friendly frog,gender,p0934,2
178,limping llama; friendly frog,gender,p0936,2
179,limping llama; friendly frog,gender,p0938,1
180,limping llama; friendly frog,gender,p0939,2
181,limping llama; friendly frog,gender,p0946,1
182,limping llama; friendly frog,gender,p0951,1
183,limping llama; friendly frog,gender,p0956,2
184,limping llama; friendly frog,gender,p0962,2
185,limping llama; friendly frog,gender,p0963,1
186,limping llama; friendly frog,gender,p0969,1
187,limping llama; friendly frog,gender,p0972,1
188,limping llama; friendly frog,gender,p0975,1
189,limping llama; friendly frog,gender,p0985,2
190,limping llama; friendly frog,gender,p0993,1
191,limping llama; friendly frog,gender,p0996,2
192,limping llama; friendly frog,gender,p1011,1
193,limping llama; friendly frog,gender,p1017,2
194,limping llama; friendly frog,gender,p1020,1
195,limping llama; friendly frog,gender,p1022,1
196,limping llama; friendly frog,gender,p1024,2
197,limping llama; friendly frog,gender,p1027,1
198,limping llama; friendly frog,gender,p1028,1
199,limping llama; friendly frog,gender,p1029,2
200,limping llama; friendly frog,gender,p1032,1
201,limping llama; friendly frog,gender,p1040,1
202,limping llama; friendly frog,gender,p1047,1
203,limping llama; friendly frog,gender,p1048,1
204,limping llama; friendly frog,gender,p1053,2
205,limping llama; friendly frog,gender,p1057,1
206,limping llama; friendly frog,gender,p1058,2
207,limping llama; friendly frog,gender,p1063,1
208,limping llama; friendly frog,gender,p1064,2
209,limping llama; friendly frog,gender,p1065,1
210,limping llama; friendly frog,gender,p1069,2
211,limping llama; friendly frog,gender,p1072,1
212,limping llama; friendly frog,gender,p1073,1
213,limping llama; friendly frog,gender,p1075,2
214,limping llama; friendly frog,gender,p1076,2
215,limping llama; friendly frog,gender,p1083,2
216,limping llama; friendly frog,gender,p1089,1
217,limping llama; friendly frog,gender,p1093,1
218,limping llama; friendly frog,gender,p1096,2
219,limping llama; friendly frog,gender,p1100,1
220,limping llama; friendly frog,gender,p1106,2
221,limping llama; friendly frog,gender,p1107,2
222,limping llama; friendly frog,gender,p1113,1
223,limping llama; friendly frog,gender,p1117,1
224,limping llama; friendly frog,gender,p1120,1
225,limping llama; friendly frog,gender,p1134,1
226,limping llama; friendly frog,gender,p1136,1
227,limping llama; friendly frog,gender,p1138,2
228,limping llama; friendly frog,gender,p1144,1
229,limping llama; friendly frog,gender,p1145,1
230,limping llama; friendly frog,gender,p1147,2
231,limping llama; friendly frog,gender,p1148,1
232,limping llama; friendly frog,gender,p1154,2
233,limping llama; friendly frog,gender,p1159,1
234,limping llama; friendly frog,gender,p1167,1
235,limping llama; friendly frog,gender,p1175,2
236,limping llama; friendly frog,gender,p1178,2
237,limping llama; friendly frog,gender,p1184,2
238,limping llama; friendly frog,gender,p1186,1
239,limping llama; friendly frog,gender,p1196,1
240,limping llama; friendly frog,gender,p1197,2
241,limping llama; friendly frog,gender,p1203,1
242,limping llama; friendly frog,gender,p1219,2
243,limping llama; friendly frog,gender,p1225,1
244,limping llama; friendly frog,gender,p1234,2
245,limping llama; friendly frog,gender,p1242,1
246,limping llama; friendly frog,gender,p1244,1
247,limping llama; friendly frog,gender,p1249,2
248,limping llama; friendly frog,gender,p1250,1
249,limping llama; friendly frog,gender,p1256,1
250,limping llama; friendly frog,gender,p1258,2
251,limping llama; friendly frog,gender,p1260,1
252,limping llama; friendly frog,gender,p1262,1
253,limping llama; friendly frog,gender,p1264,2
254,limping llama; friendly frog,gender,p1265,2
255,limping llama; friendly frog,gender,p1269,1
256,limping llama; friendly frog,gender,p1272,2
257,limping llama; friendly frog,gender,p1278,1
258,limping llama; friendly frog,gender,p1281,2
259,limping llama; friendly frog,gender,p1292,1
260,limping llama; friendly frog,gender,p1299,2
261,limping llama; friendly frog,gender,p1312,2
262,limping llama; friendly frog,gender,p1322,1
263,limping llama; friendly frog,gender,p1326,2
264,limping llama; friendly frog,gender,p1330,2
265,limping llama; friendly frog,gender,p1335,2
266,limping llama; friendly frog,gender,p1337,1
267,limping llama; friendly frog,gender,p1340,1
268,limping llama; friendly frog,gender,p1345,1
269,limping llama; friendly frog,gender,p1351,1
270,limping llama; friendly frog,gender,p1355,2
271,limping llama; friendly frog,gender,p1362,2
272,limping llama; friendly frog,gender,p1365,1
273,limping llama; friendly frog,gender,p1366,2
274,limping llama; friendly frog,gender,p1367,1
275,limping llama; friendly frog,gender,p1370,2
276,limping llama; friendly frog,gender,p1371,1
277,limping llama; friendly frog,gender,p1373,2
278,limping llama; friendly frog,gender,p1375,2
279,limping llama; friendly frog,gender,p1376,2
280,limping llama; friendly frog,gender,p1379,2
281,limping llama; friendly frog,gender,p1381,2
282,limping llama; friendly frog,gender,p1393,2
283,limping llama; friendly frog,gender,p1396,2
284,limping llama; friendly frog,gender,p1398,1
285,limping llama; friendly frog,gender,p1404,2
286,limping llama; friendly frog,gender,p1406,1
287,limping llama; friendly frog,gender,p1407,2
288,limping llama; friendly frog,gender,p1409,1
289,limping llama; friendly frog,gender,p1412,1
290,limping llama; friendly frog,gender,p1414,1
291,limping llama; friendly frog,gender,p1424,1
292,limping llama; friendly frog,gender,p1425,1
293,limping llama; friendly frog,gender,p1429,2
294,limping llama; friendly frog,gender,p1434,1
295,limping llama; friendly frog,gender,p1441,1
296,limping llama; friendly frog,gender,p1445,1
297,limping llama; friendly frog,gender,p1450,1
298,limping llama; friendly frog,gender,p1454,1
299,limping llama; friendly frog,gender,p1456,1
300,limping llama; friendly frog,gender,p1457,2
301,limping llama; friendly frog,gender,p1458,1
302,limping llama; friendly frog,gender,p1469,1
303,limping llama; friendly frog,gender,p1470,1
304,limping llama; friendly frog,gender,p1481,1
305,limping llama; friendly frog,gender,p1488,2
306,limping llama; friendly frog,gender,p1492,1
307,limping llama; friendly frog,gender,p1495,1
308,limping llama; friendly frog,gender,p1497,2
309,limping llama; friendly frog,gender,p1499,1
310,limping llama; friendly frog,gender,p1503,1
311,limping llama; friendly frog,gender,p1511,1
312,limping llama; friendly frog,gender,p1512,2
313,limping llama; friendly frog,gender,p1518,2
314,limping llama; friendly frog,gender,p1519,2
315,limping llama; friendly frog,gender,p1520,2
316,limping llama; friendly frog,gender,p1524,2
317,limping llama; friendly frog,gender,p1526,2
318,limping llama; friendly frog,gender,p1537,1
319,limping llama; friendly frog,gender,p1545,2
320,limping llama; friendly frog,gender,p1547,2
321,limping llama; friendly frog,gender,p1552,1
322,limping llama; friendly frog,gender,p1567,1
323,limping llama; friendly frog,gender,p1568,2
324,limping llama; friendly frog,gender,p1579,2
325,limping llama; friendly frog,gender,p1587,2
326,limping llama; friendly frog,gender,p1596,1
327,limping llama; friendly frog,gender,p1600,1
328,limping llama; friendly frog,gender,p1603,2
329,limping llama; friendly frog,gender,p1604,2
330,limping llama; friendly frog,gender,p1610,2
331,limping llama; friendly frog,gender,p1618,1
332,limping llama; friendly frog,gender,p1619,1
333,limping llama; friendly frog,gender,p1622,1
334,limping llama; friendly frog,gender,p1623,1
335,limping llama; friendly frog,gender,p1630,1
336,limping llama; friendly frog,gender,p1641,1
337,limping llama; friendly frog,gender,p1649,1
338,limping llama; friendly frog,gender,p1652,1
339,limping llama; friendly frog,gender,p1665,1
340,limping llama; friendly frog,gender,p1669,1
341,limping llama; friendly frog,gender,p1685,1
342,limping llama; friendly frog,gender,p1693,2
343,limping llama; friendly frog,gender,p1698,1
344,limping llama; friendly frog,gender,p1704,1
345,limping llama; friendly frog,gender,p1711,1
346,limping llama; friendly frog,gender,p1718,1
347,limping llama; friendly frog,gender,p1732,1
348,limping llama; friendly frog,gender,p1739,1
349,limping llama; friendly frog,gender,p1741,1
350,limping llama; friendly frog,gender,p1746,1
351,limping llama; friendly frog,gender,p1751,1
352,limping llama; friendly frog,gender,p1754,2
353,limping llama; friendly frog,gender,p1769,2
354,limping llama; friendly frog,gender,p1771,2
355,limping llama; friendly frog,gender,p1776,1
356,limping llama; friendly frog,gender,p1780,1
357,limping llama; friendly frog,gender,p1785,2
358,limping llama; friendly frog,gender,p1791,1
359,limping llama; friendly frog,gender,p1793,1
360,limping llama; friendly frog,gender,p1796,1
361,limping llama; friendly frog,gender,p1805,1
362,limping llama; friendly frog,gender,p1812,1
363,limping llama; friendly frog,gender,p1816,2
364,limping llama; friendly frog,gender,p1819,1
365,limping llama; friendly frog,gender,p1825,1
366,limping llama; friendly frog,gender,p1836,1
367,limping llama; friendly frog,gender,p1839,2
368,limping llama; friendly frog,gender,p1861,1
369,limping llama; friendly frog,gender,p1863,1
370,limping llama; friendly frog,gender,p1873,1
371,limping llama; friendly frog,gender,p1875,1
372,limping llama; friendly frog,gender,p1876,2
373,limping llama; friendly frog,gender,p1877,2
374,limping llama; friendly frog,gender,p1880,2
375,limping llama; friendly frog,gender,p1883,1
376,limping llama; friendly frog,gender,p1889,1
377,limping llama; friendly frog,gender,p1893,1
378,limping llama; friendly frog,gender,p1896,1
379,limping llama; friendly frog,gender,p1913,1
380,limping llama; friendly frog,gender,p1922,1
381,limping llama; friendly frog,gender,p1930,1
382,limping llama; friendly frog,gender,p1935,1
383,limping llama; friendly frog,gender,p1940,1
384,limping llama; friendly frog,gender,p1948,2
385,limping llama; friendly frog,gender,p1950,2
386,limping llama; friendly frog,gender,p1954,1
387,limping llama; friendly frog,gender,p1956,2
388,limping llama; friendly frog,gender,p1958,1
389,limping llama; friendly frog,gender,p1967,2
390,limping llama; friendly frog,gender,p1973,1
391,limping llama; friendly frog,gender,p1978,1
392,limping llama; friendly frog,gender,p1983,1
393,limping llama; friendly frog,gender,p1984,2
394,limping llama; friendly frog,gender,p1995,1
395,limping llama; friendly frog,gender,p1996,2
396,limping llama; friendly frog,gender,p1997,1
397,limping llama; friendly frog,gender,p2001,2
398,limping llama; friendly frog,gender,p2002,2
399,limping llama; friendly frog,gender,p2013,2
400,limping llama; friendly frog,gender,p2014,2
401,limping llama; friendly frog,gender,p2016,1
402,limping llama; friendly frog,gender,p2018,1
403,limping llama; friendly frog,gender,p2023,2
404,limping llama; friendly frog,gender,p2025,1
405,limping llama; friendly frog,gender,p2028,1
406,limping llama; friendly frog,gender,p2030,2
407,limping llama; friendly frog,gender,p2033,1
408,limping llama; friendly frog,gender,p2040,1
409,limping llama; friendly frog,gender,p2051,2
410,limping llama; friendly frog,gender,p2052,1
411,limping llama; friendly frog,gender,p2066,1
412,limping llama; friendly frog,gender,p2067,1
413,limping llama; friendly frog,gender,p2073,1
414,limping llama; friendly frog,gender,p2077,2
415,limping llama; friendly frog,gender,p2078,2
416,limping llama; friendly frog,gender,p2086,1
417,limping llama; friendly frog,gender,p2089,1
418,limping llama; friendly frog,gender,p2093,1
419,limping llama; friendly frog,gender,p2094,2
420,limping llama; friendly frog,gender,p2111,2
421,limping llama; friendly frog,gender,p2117,2
422,limping llama; friendly frog,gender,p2121,1
423,limping llama; friendly frog,gender,p2127,1
424,limping llama; friendly frog,gender,p2141,1
425,limping llama; friendly frog,gender,p2142,2
426,limping llama; friendly frog,gender,p2143,1
427,limping llama; friendly frog,gender,p2153,2
428,limping llama; friendly frog,gender,p2155,2
429,limping llama; friendly frog,gender,p2169,1
430,limping llama; friendly frog,gender,p2187,1
431,limping llama; friendly frog,gender,p2188,1
432,limping llama; friendly frog,gender,p2197,2
433,limping llama; friendly frog,gender,p2213,2
434,limping llama; friendly frog,gender,p2214,2
435,limping llama; friendly frog,gender,p2215,2
436,limping llama; friendly frog,gender,p2220,1
437,limping llama; friendly frog,gender,p2223,2
438,limping llama; friendly frog,gender,p2229,1
439,limping llama; friendly frog,gender,p2234,2
440,limping llama; friendly frog,gender,p2237,2
441,limping llama; friendly frog,gender,p2238,1
442,limping llama; friendly frog,gender,p2244,2
443,limping llama; friendly frog,gender,p2248,2
444,limping llama; friendly frog,gender,p2252,1
445,limping llama; friendly frog,gender,p2255,1
446,limping llama; friendly frog,gender,p2261,1
447,limping llama; friendly frog,gender,p2263,2
448,limping llama; friendly frog,gender,p2273,2
449,limping llama; friendly frog,gender,p2275,2
450,limping llama; friendly frog,gender,p2276,2
451,limping llama; friendly frog,gender,p2283,2
452,limping llama; friendly frog,gender,p2287,2
453,limping llama; friendly frog,gender,p2296,1
454,limping llama; friendly frog,gender,p2298,1
455,limping llama; friendly frog,gender,p2304,1
456,limping llama; friendly frog,gender,p2310,2
457,limping llama; friendly frog,gender,p2322,2
458,limping llama; friendly frog,gender,p2326,2
459,limping llama; friendly frog,gender,p2330,2
460,limping llama; friendly frog,gender,p2331,1
461,limping llama; friendly frog,gender,p2333,1
462,limping llama; friendly frog,gender,p2347,2
463,limping llama; friendly frog,gender,p2350,2
464,limping llama; friendly frog,gender,p2351,1
465,limping llama; friendly frog,gender,p2353,2
466,limping llama; friendly frog,gender,p2355,2
467,limping llama; friendly frog,gender,p2363,2
468,limping llama; friendly frog,gender,p2378,2
469,limping llama; friendly frog,gender,p2380,1
470,limping llama; friendly frog,gender,p2387,2
471,limping llama; friendly frog,gender,p2398,1
472,limping llama; friendly frog,gender,p2400,1
473,limping llama; friendly frog,gender,p2403,2
474,limping llama; friendly frog,gender,p2408,2
475,limping llama; friendly frog,gender,p2418,2
476,limping llama; friendly frog,gender,p2426,1
477,limping llama; friendly frog,gender,p2428,2
478,limping llama; friendly frog,gender,p2434,2
479,limping llama; friendly frog,gender,p2446,1
480,limping llama; friendly frog,gender,p2452,1
481,limping llama; friendly frog,gender,p2454,2
482,limping llama; friendly frog,gender,p2462,1
483,limping llama; friendly frog,gender,p2467,1
484,limping llama; friendly frog,gender,p2482,2
485,limping llama; friendly frog,gender,p2489,1
486,limping llama; friendly frog,gender,p2490,2
487,limping llama; friendly frog,gender,p2494,2
488,limping llama; friendly frog,gender,p2502,1
489,limping llama; friendly frog,gender,p2503,2
490,limping llama; friendly frog,gender,p2522,1
491,limping llama; friendly frog,gender,p2524,1
492,limping llama; friendly frog,gender,p2533,2
493,limping llama; friendly frog,gender,p2566,2
494,limping llama; friendly frog,gender,p2571,1
495,limping llama; friendly frog,gender,p2573,1
496,limping llama; friendly frog,gender,p2582,1
497,limping llama; friendly frog,gender,p2591,1
498,limping llama; friendly frog,gender,p2592,2
499,limping llama; friendly frog,gender,p2595,2
500,limping llama; friendly frog,year_birth,p0016,1970
501,limping llama; friendly frog,year_birth,p0022,1991
502,limping llama; friendly frog,year_birth,p0023,1958
503,limping llama; friendly frog,year_birth,p0026,1965
504,limping llama; friendly frog,year_birth,p0034,1950
505,limping llama; friendly frog,year_birth,p0036,1994
506,limping llama; friendly frog,year_birth,p0037,1969
507,limping llama; friendly frog,year_birth,p0042,1960
508,limping llama; friendly frog,year_birth,p0057,1981
509,limping llama; friendly frog,year_birth,p0066,1966
510,limping llama; friendly frog,year_birth,p0069,1986
511,limping llama; friendly frog,year_birth,p0072,1987
512,limping llama; friendly frog,year_birth,p0073,1982
513,limping llama; friendly frog,year_birth,p0082,1973
514,limping llama; friendly frog,year_birth,p0091,1995
515,limping llama; friendly frog,year_birth,p0092,1980
516,limping llama; friendly frog,year_birth,p0093,1947
517,limping llama; friendly frog,year_birth,p0095,1946
518,limping llama; friendly frog,year_birth,p0107,1964
519,limping llama; friendly frog,year_birth,p0114,1987
520,limping llama; friendly frog,year_birth,p0116,1986
521,limping llama; friendly frog,year_birth,p0118,1998
522,limping llama; friendly frog,year_birth,p0119,1989
523,limping llama; friendly frog,year_birth,p0126,1961
524,limping llama; friendly frog,year_birth,p0129,1951
525,limping llama; friendly frog,year_birth,p0136,1986
526,limping llama; friendly frog,year_birth,p0138,1947
527,limping llama; friendly frog,year_birth,p0144,1989
528,limping llama; friendly frog,year_birth,p0150,1975
529,limping llama; friendly frog,year_birth,p0152,1973
530,limping llama; friendly frog,year_birth,p0158,1948
531,limping llama; friendly frog,year_birth,p0161,1984
532,limping llama; friendly frog,year_birth,p0164,1955
533,limping llama; friendly frog,year_birth,p0175,1954
534,limping llama; friendly frog,year_birth,p0177,1972
535,limping llama; friendly frog,year_birth,p0178,1991
536,limping llama; friendly frog,year_birth,p0181,1970
537,limping llama; friendly frog,year_birth,p0186,1968
538,limping llama; friendly frog,year_birth,p0196,1993
539,limping llama; friendly frog,year_birth,p0198,1949
540,limping llama; friendly frog,year_birth,p0202,1950
541,limping llama; friendly frog,year_birth,p0205,1944
542,limping llama; friendly frog,year_birth,p0207,1932
543,limping llama; friendly frog,year_birth,p0211,1947
544,limping llama; friendly frog,year_birth,p0227,1978
545,limping llama; friendly frog,year_birth,p0229,1957
546,limping llama; friendly frog,year_birth,p0232,1939
547,limping llama; friendly frog,year_birth,p0233,1951
548,limping llama; friendly frog,year_birth,p0237,1984
549,limping llama; friendly frog,year_birth,p0258,1936
550,limping llama; friendly frog,year_birth,p0268,1927
551,limping llama; friendly frog,year_birth,p0274,1981
552,limping llama; friendly frog,year_birth,p0275,1970
553,limping llama; friendly frog,year_birth,p0277,1975
554,limping llama; friendly frog,year_birth,p0288,1970
555,limping llama; friendly frog,year_birth,p0291,1936
556,limping llama; friendly frog,year_birth,p0307,1996
557,limping llama; friendly frog,year_birth,p0308,1998
558,limping llama; friendly frog,year_birth,p0317,1960
559,limping llama; friendly frog,year_birth,p0325,1989
560,limping llama; friendly frog,year_birth,p0327,1958
561,limping llama; friendly frog,year_birth,p0334,1956
562,limping llama; friendly frog,year_birth,p0336,1987
563,limping llama; friendly frog,year_birth,p0338,1977
564,limping llama; friendly frog,year_birth,p0342,1981
565,limping llama; friendly frog,year_birth,p0349,1975
566,limping llama; friendly frog,year_birth,p0356,1991
567,limping llama; friendly frog,year_birth,p0358,1956
568,limping llama; friendly frog,year_birth,p0363,1956
569,limping llama; friendly frog,year_birth,p0364,1981
570,limping llama; friendly frog,year_birth,p0369,1989
571,limping llama; friendly frog,year_birth,p0370,1983
572,limping llama; friendly frog,year_birth,p0371,1959
573,limping llama; friendly frog,year_birth,p0379,1962
574,limping llama; friendly frog,year_birth,p0386,1986
575,limping llama; friendly frog,year_birth,p0396,1987
576,limping llama; friendly frog,year_birth,p0403,1988
577,limping llama; friendly frog,year_birth,p0405,1990
578,limping llama; friendly frog,year_birth,p0412,1963
579,limping llama; friendly frog,year_birth,p0415,1992
580,limping llama; friendly frog,year_birth,p0416,1982
581,limping llama; friendly frog,year_birth,p0417,1983
582,limping llama; friendly frog,year_birth,p0418,1952
583,limping llama; friendly frog,year_birth,p0430,1944
584,limping llama; friendly frog,year_birth,p0431,1998
585,limping llama; friendly frog,year_birth,p0434,1964
586,limping llama; friendly frog,year_birth,p0438,1977
587,limping llama; friendly frog,year_birth,p0441,1988
588,limping llama; friendly frog,year_birth,p0442,1994
589,limping llama; friendly frog,year_birth,p0449,1957
590,limping llama; friendly frog,year_birth,p0450,1951
591,limping llama; friendly frog,year_birth,p0465,1965
592,limping llama; friendly frog,year_birth,p0471,1987
593,limping llama; friendly frog,year_birth,p0477,1970
594,limping llama; friendly frog,year_birth,p0483,1993
595,limping llama; friendly frog,year_birth,p0486,1990
596,limping llama; friendly frog,year_birth,p0487,1983
597,limping llama; friendly frog,year_birth,p0489,1959
598,limping llama; friendly frog,year_birth,p0497,1946
599,limping llama; friendly frog,year_birth,p0502,1953
600,limping llama; friendly frog,year_birth,p0503,1991
601,limping llama; friendly frog,year_birth,p0506,1987
602,limping llama; friendly frog,year_birth,p0511,1989
603,limping llama; friendly frog,year_birth,p0523,1993
604,limping llama; friendly frog,year_birth,p0534,1954
605,limping llama; friendly frog,year_birth,p0536,1982
606,limping llama; friendly frog,year_birth,p0542,1948
607,limping llama; friendly frog,year_birth,p0547,1954
608,limping llama; friendly frog,year_birth,p0553,1966
609,limping llama; friendly frog,year_birth,p0559,1991
610,limping llama; friendly frog,year_birth,p0566,1984
611,limping llama; friendly frog,year_birth,p0568,1972
612,limping llama; friendly frog,year_birth,p0570,1977
613,limping llama; friendly frog,year_birth,p0573,1987
614,limping llama; friendly frog,year_birth,p0578,1967
615,limping llama; friendly frog,year_birth,p0594,1984
616,limping llama; friendly frog,year_birth,p0597,1958
617,limping llama; friendly frog,year_birth,p0601,1996
618,limping llama; friendly frog,year_birth,p0602,1952
619,limping llama; friendly frog,year_birth,p0605,1987
620,limping llama; friendly frog,year_birth,p0615,1966
621,limping llama; friendly frog,year_birth,p0620,1994
622,limping llama; friendly frog,year_birth,p0626,1980
623,limping llama; friendly frog,year_birth,p0629,1995
624,limping llama; friendly frog,year_birth,p0633,1996
625,limping llama; friendly frog,year_birth,p0638,1989
626,limping llama; friendly frog,year_birth,p0639,1976
627,limping llama; friendly frog,year_birth,p0640,1951
628,limping llama; friendly frog,year_birth,p0655,1998
629,limping llama; friendly frog,year_birth,p0656,1991
630,limping llama; friendly frog,year_birth,p0658,1968
631,limping llama; friendly frog,year_birth,p0661,1988
632,limping llama; friendly frog,year_birth,p0669,1960
633,limping llama; friendly frog,year_birth,p0670,1980
634,limping llama; friendly frog,year_birth,p0672,1973
635,limping llama; friendly frog,year_birth,p0674,1985
636,limping llama; friendly frog,year_birth,p0678,1978
637,limping llama; friendly frog,year_birth,p0683,1949
638,limping llama; friendly frog,year_birth,p0686,1977
639,limping llama; friendly frog,year_birth,p0687,1953
640,limping llama; friendly frog,year_birth,p0698,1963
641,limping llama; friendly frog,year_birth,p0700,1981
642,limping llama; friendly frog,year_birth,p0703,1970
643,limping llama; friendly frog,year_birth,p0718,1984
644,limping llama; friendly frog,year_birth,p0744,1987
645,limping llama; friendly frog,year_birth,p0745,1987
646,limping llama; friendly frog,year_birth,p0753,1992
647,limping llama; friendly frog,year_birth,p0770,1985
648,limping llama; friendly frog,year_birth,p0771,1964
649,limping llama; friendly frog,year_birth,p0777,1982
650,limping llama; friendly frog,year_birth,p0779,1964
651,limping llama; friendly frog,year_birth,p0780,1970
652,limping llama; friendly frog,year_birth,p0783,1947
653,limping llama; friendly frog,year_birth,p0785,1994
654,limping llama; friendly frog,year_birth,p0786,1970
655,limping llama; friendly frog,year_birth,p0794,1952
656,limping llama; friendly frog,year_birth,p0798,1947
657,limping llama; friendly frog,year_birth,p0800,1967
658,limping llama; friendly frog,year_birth,p0820,1982
659,limping llama; friendly frog,year_birth,p0841,1985
660,limping llama; friendly frog,year_birth,p0849,1970
661,limping llama; friendly frog,year_birth,p0862,1989
662,limping llama; friendly frog,year_birth,p0867,1969
663,limping llama; friendly frog,year_birth,p0869,1955
664,limping llama; friendly frog,year_birth,p0872,1972
665,limping llama; friendly frog,year_birth,p0880,1993
666,limping llama; friendly frog,year_birth,p0891,1984
667,limping llama; friendly frog,year_birth,p0916,1989
668,limping llama; friendly frog,year_birth,p0917,1987
669,limping llama; friendly frog,year_birth,p0919,1991
670,limping llama; friendly frog,year_birth,p0922,1957
671,limping llama; friendly frog,year_birth,p0925,1966
672,limping llama; friendly frog,year_birth,p0927,1990
673,limping llama; friendly frog,year_birth,p0929,1991
674,limping llama; friendly frog,year_birth,p0930,1984
675,limping llama; friendly frog,year_birth,p0931,1958
676,limping llama; friendly frog,year_birth,p0933,1986
677,limping llama; friendly frog,year_birth,p0934,1978
678,limping llama; friendly frog,year_birth,p0936,1976
679,limping llama; friendly frog,year_birth,p0938,1982
680,limping llama; friendly frog,year_birth,p0939,1984
681,limping llama; friendly frog,year_birth,p0946,1980
682,limping llama; friendly frog,year_birth,p0951,1963
683,limping llama; friendly frog,year_birth,p0956,1988
684,limping llama; friendly frog,year_birth,p0962,1942
685,limping llama; friendly frog,year_birth,p0963,1990
686,limping llama; friendly frog,year_birth,p0969,1960
687,limping llama; friendly frog,year_birth,p0972,1956
688,limping llama; friendly frog,year_birth,p0975,1952
689,limping llama; friendly frog,year_birth,p0985,1994
690,limping llama; friendly frog,year_birth,p0993,1983
691,limping llama; friendly frog,year_birth,p0996,1956
692,limping llama; friendly frog,year_birth,p1011,1961
693,limping llama; friendly frog,year_birth,p1017,1992
694,limping llama; friendly frog,year_birth,p1020,1953
695,limping llama; friendly frog,year_birth,p1022,1995
696,limping llama; friendly frog,year_birth,p1024,1972
697,limping llama; friendly frog,year_birth,p1027,1996
698,limping llama; friendly frog,year_birth,p1028,1985
699,limping llama; friendly frog,year_birth,p1029,1986
700,limping llama; friendly frog,year_birth,p1032,1972
701,limping llama; friendly frog,year_birth,p1040,1990
702,limping llama; friendly frog,year_birth,p1047,1997
703,limping llama; friendly frog,year_birth,p1048,1985
704,limping llama; friendly frog,year_birth,p1053,1987
705,limping llama; friendly frog,year_birth,p1057,1986
706,limping llama; friendly frog,year_birth,p1058,1988
707,limping llama; friendly frog,year_birth,p1063,1960
708,limping llama; friendly frog,year_birth,p1064,1955
709,limping llama; friendly frog,year_birth,p1065,1955
710,limping llama; friendly frog,year_birth,p1069,1981
711,limping llama; friendly frog,year_birth,p1072,1986
712,limping llama; friendly frog,year_birth,p1073,1980
713,limping llama; friendly frog,year_birth,p1075,1965
714,limping llama; friendly frog,year_birth,p1076,1997
715,limping llama; friendly frog,year_birth,p1083,1950
716,limping llama; friendly frog,year_birth,p1089,1992
717,limping llama; friendly frog,year_birth,p1093,1995
718,limping llama; friendly frog,year_birth,p1096,1988
719,limping llama; friendly frog,year_birth,p1100,1972
720,limping llama; friendly frog,year_birth,p1106,1988
721,limping llama; friendly frog,year_birth,p1107,1955
722,limping llama; friendly frog,year_birth,p1113,1984
723,limping llama; friendly frog,year_birth,p1117,1940
724,limping llama; friendly frog,year_birth,p1120,1956
725,limping llama; friendly frog,year_birth,p1134,1951
726,limping llama; friendly frog,year_birth,p1136,1967
727,limping llama; friendly frog,year_birth,p1138,1969
728,limping llama; friendly frog,year_birth,p1144,1962
729,limping llama; friendly frog,year_birth,p1145,1952
730,limping llama; friendly frog,year_birth,p1147,1989
731,limping llama; friendly frog,year_birth,p1148,1982
732,limping llama; friendly frog,year_birth,p1154,1985
733,limping llama; friendly frog,year_birth,p1159,1957
734,limping llama; friendly frog,year_birth,p1167,1965
735,limping llama; friendly frog,year_birth,p1175,1989
736,limping llama; friendly frog,year_birth,p1178,1989
737,limping llama; friendly frog,year_birth,p1184,1979
738,limping llama; friendly frog,year_birth,p1186,1970
739,limping llama; friendly frog,year_birth,p1196,1996
740,limping llama; friendly frog,year_birth,p1197,1974
741,limping llama; friendly frog,year_birth,p1203,1954
742,limping llama; friendly frog,year_birth,p1219,1994
743,limping llama; friendly frog,year_birth,p1225,1952
744,limping llama; friendly frog,year_birth,p1234,1996
745,limping llama; friendly frog,year_birth,p1242,1954
746,limping llama; friendly frog,year_birth,p1244,1976
747,limping llama; friendly frog,year_birth,p1249,1972
748,limping llama; friendly frog,year_birth,p1250,1960
749,limping llama; friendly frog,year_birth,p1256,1979
750,limping llama; friendly frog,year_birth,p1258,1986
751,limping llama; friendly frog,year_birth,p1260,1982
752,limping llama; friendly frog,year_birth,p1262,1972
753,limping llama; friendly frog,year_birth,p1264,1997
754,limping llama; friendly frog,year_birth,p1265,1987
755,limping llama; friendly frog,year_birth,p1269,1983
756,limping llama; friendly frog,year_birth,p1272,1998
757,limping llama; friendly frog,year_birth,p1278,1988
758,limping llama; friendly frog,year_birth,p1281,1989
759,limping llama; friendly frog,year_birth,p1292,1990
760,limping llama; friendly frog,year_birth,p1299,1964
761,limping llama; friendly frog,year_birth,p1312,1984
762,limping llama; friendly frog,year_birth,p1322,1986
763,limping llama; friendly frog,year_birth,p1326,1985
764,limping llama; friendly frog,year_birth,p1330,1962
765,limping llama; friendly frog,year_birth,p1335,1991
766,limping llama; friendly frog,year_birth,p1337,1965
767,limping llama; friendly frog,year_birth,p1340,1983
768,limping llama; friendly frog,year_birth,p1345,1960
769,limping llama; friendly frog,year_birth,p1351,1932
770,limping llama; friendly frog,year_birth,p1355,1991
771,limping llama; friendly frog,year_birth,p1362,1941
772,limping llama; friendly frog,year_birth,p1365,1961
773,limping llama; friendly frog,year_birth,p1366,1958
774,limping llama; friendly frog,year_birth,p1367,1984
775,limping llama; friendly frog,year_birth,p1370,1936
776,limping llama; friendly frog,year_birth,p1371,1969
777,limping llama; friendly frog,year_birth,p1373,1991
778,limping llama; friendly frog,year_birth,p1375,1980
779,limping llama; friendly frog,year_birth,p1376,1986
780,limping llama; friendly frog,year_birth,p1379,1977
781,limping llama; friendly frog,year_birth,p1381,1952
782,limping llama; friendly frog,year_birth,p1393,1974
783,limping llama; friendly frog,year_birth,p1396,1970
784,limping llama; friendly frog,year_birth,p1398,1978
785,limping llama; friendly frog,year_birth,p1404,1960
786,limping llama; friendly frog,year_birth,p1406,1961
787,limping llama; friendly frog,year_birth,p1407,1987
788,limping llama; friendly frog,year_birth,p1409,1954
789,limping llama; friendly frog,year_birth,p1412,1966
790,limping llama; friendly frog,year_birth,p1414,1981
791,limping llama; friendly frog,year_birth,p1424,1968
792,limping llama; friendly frog,year_birth,p1425,1968
793,limping llama; friendly frog,year_birth,p1429,1971
794,limping llama; friendly frog,year_birth,p1434,1976
795,limping llama; friendly frog,year_birth,p1441,1975
796,limping llama; friendly frog,year_birth,p1445,1956
797,limping llama; friendly frog,year_birth,p1450,1993
798,limping llama; friendly frog,year_birth,p1454,1967
799,limping llama; friendly frog,year_birth,p1456,1978
800,limping llama; friendly frog,year_birth,p1457,1987
801,limping llama; friendly frog,year_birth,p1458,1966
802,limping llama; friendly frog,year_birth,p1469,1979
803,limping llama; friendly frog,year_birth,p1470,1961
804,limping llama; friendly frog,year_birth,p1481,1958
805,limping llama; friendly frog,year_birth,p1488,1973
806,limping llama; friendly frog,year_birth,p1492,1976
807,limping llama; friendly frog,year_birth,p1495,1943
808,limping llama; friendly frog,year_birth,p1497,1965
809,limping llama; friendly frog,year_birth,p1499,1993
810,limping llama; friendly frog,year_birth,p1503,1963
811,limping llama; friendly frog,year_birth,p1511,1960
812,limping llama; friendly frog,year_birth,p1512,1989
813,limping llama; friendly frog,year_birth,p1518,1992
814,limping llama; friendly frog,year_birth,p1519,1995
815,limping llama; friendly frog,year_birth,p1520,1988
816,limping llama; friendly frog,year_birth,p1524,1968
817,limping llama; friendly frog,year_birth,p1526,1982
818,limping llama; friendly frog,year_birth,p1537,1937
819,limping llama; friendly frog,year_birth,p1545,1975
820,limping llama; friendly frog,year_birth,p1547,1968
821,limping llama; friendly frog,year_birth,p1552,1989
822,limping llama; friendly frog,year_birth,p1567,1949
823,limping llama; friendly frog,year_birth,p1568,1950
824,limping llama; friendly frog,year_birth,p1579,1951
825,limping llama; friendly frog,year_birth,p1587,1965
826,limping llama; friendly frog,year_birth,p1596,1953
827,limping llama; friendly frog,year_birth,p1600,1974
828,limping llama; friendly frog,year_birth,p1603,1990
829,limping llama; friendly frog,year_birth,p1604,1955
830,limping llama; friendly frog,year_birth,p1610,1978
831,limping llama; friendly frog,year_birth,p1618,1971
832,limping llama; friendly frog,year_birth,p1619,1948
833,limping llama; friendly frog,year_birth,p1622,1956
834,limping llama; friendly frog,year_birth,p1623,1971
835,limping llama; friendly frog,year_birth,p1630,1999
836,limping llama; friendly frog,year_birth,p1641,1944
837,limping llama; friendly frog,year_birth,p1649,1943
838,limping llama; friendly frog,year_birth,p1652,1971
839,limping llama; friendly frog,year_birth,p1665,1980
840,limping llama; friendly frog,year_birth,p1669,1968
841,limping llama; friendly frog,year_birth,p1685,1956
842,limping llama; friendly frog,year_birth,p1693,1986
843,limping llama; friendly frog,year_birth,p1698,1973
844,limping llama; friendly frog,year_birth,p1704,1976
845,limping llama; friendly frog,year_birth,p1711,1969
846,limping llama; friendly frog,year_birth,p1718,1975
847,limping llama; friendly frog,year_birth,p1732,1971
848,limping llama; friendly frog,year_birth,p1739,1943
849,limping llama; friendly frog,year_birth,p1741,1942
850,limping llama; friendly frog,year_birth,p1746,1975
851,limping llama; friendly frog,year_birth,p1751,1987
852,limping llama; friendly frog,year_birth,p1754,1959
853,limping llama; friendly frog,year_birth,p1769,1971
854,limping llama; friendly frog,year_birth,p1771,1968
855,limping llama; friendly frog,year_birth,p1776,1953
856,limping llama; friendly frog,year_birth,p1780,1969
857,limping llama; friendly frog,year_birth,p1785,1979
858,limping llama; friendly frog,year_birth,p1791,1986
859,limping llama; friendly frog,year_birth,p1793,1957
860,limping llama; friendly frog,year_birth,p1796,1952
861,limping llama; friendly frog,year_birth,p1805,1981
862,limping llama; friendly frog,year_birth,p1812,1979
863,limping llama; friendly frog,year_birth,p1816,1972
864,limping llama; friendly frog,year_birth,p1819,1972
865,limping llama; friendly frog,year_birth,p1825,1951
866,limping llama; friendly frog,year_birth,p1836,1995
867,limping llama; friendly frog,year_birth,p1839,1940
868,limping llama; friendly frog,year_birth,p1861,1961
869,limping llama; friendly frog,year_birth,p1863,1930
870,limping llama; friendly frog,year_birth,p1873,1979
871,limping llama; friendly frog,year_birth,p1875,1955
872,limping llama; friendly frog,year_birth,p1876,1971
873,limping llama; friendly frog,year_birth,p1877,1996
874,limping llama; friendly frog,year_birth,p1880,1977
875,limping llama; friendly frog,year_birth,p1883,1970
876,limping llama; friendly frog,year_birth,p1889,1978
877,limping llama; friendly frog,year_birth,p1893,1982
878,limping llama; friendly frog,year_birth,p1896,1991
879,limping llama; friendly frog,year_birth,p1913,1969
880,limping llama; friendly frog,year_birth,p1922,1942
881,limping llama; friendly frog,year_birth,p1930,1970
882,limping llama; friendly frog,year_birth,p1935,1946
883,limping llama; friendly frog,year_birth,p1940,1977
884,limping llama; friendly frog,year_birth,p1948,1994
885,limping llama; friendly frog,year_birth,p1950,1963
886,limping llama; friendly frog,year_birth,p1954,1972
887,limping llama; friendly frog,year_birth,p1956,1959
888,limping llama; friendly frog,year_birth,p1958,1978
889,limping llama; friendly frog,year_birth,p1967,1979
890,limping llama; friendly frog,year_birth,p1973,1995
891,limping llama; friendly frog,year_birth,p1978,1953
892,limping llama; friendly frog,year_birth,p1983,1976
893,limping llama; friendly frog,year_birth,p1984,1956
894,limping llama; friendly frog,year_birth,p1995,1942
895,limping llama; friendly frog,year_birth,p1996,1977
896,limping llama; friendly frog,year_birth,p1997,1972
897,limping llama; friendly frog,year_birth,p2001,1977
898,limping llama; friendly frog,year_birth,p2002,1968
899,limping llama; friendly frog,year_birth,p2013,1980
900,limping llama; friendly frog,year_birth,p2014,1968
901,limping llama; friendly frog,year_birth,p2016,1962
902,limping llama; friendly frog,year_birth,p2018,1980
903,limping llama; friendly frog,year_birth,p2023,1969
904,limping llama; friendly frog,year_birth,p2025,1937
905,limping llama; friendly frog,year_birth,p2028,1953
906,limping llama; friendly frog,year_birth,p2030,1973
907,limping llama; friendly frog,year_birth,p2033,1978
908,limping llama; friendly frog,year_birth,p2040,1947
909,limping llama; friendly frog,year_birth,p2051,1991
910,limping llama; friendly frog,year_birth,p2052,1971
911,limping llama; friendly frog,year_birth,p2066,1942
912,limping llama; friendly frog,year_birth,p2067,1953
913,limping llama; friendly frog,year_birth,p2073,1994
914,limping llama; friendly frog,year_birth,p2077,1994
915,limping llama; friendly frog,year_birth,p2078,1988
916,limping llama; friendly frog,year_birth,p2086,1964
917,limping llama; friendly frog,year_birth,p2089,1981
918,limping llama; friendly frog,year_birth,p2093,1956
919,limping llama; friendly frog,year_birth,p2094,1945
920,limping llama; friendly frog,year_birth,p2111,1997
921,limping llama; friendly frog,year_birth,p2117,1979
922,limping llama; friendly frog,year_birth,p2121,1958
923,limping llama; friendly frog,year_birth,p2127,1969
924,limping llama; friendly frog,year_birth,p2141,1996
925,limping llama; friendly frog,year_birth,p2142,1999
926,limping llama; friendly frog,year_birth,p2143,1971
927,limping llama; friendly frog,year_birth,p2153,1984
928,limping llama; friendly frog,year_birth,p2155,1973
929,limping llama; friendly frog,year_birth,p2169,1961
930,limping llama; friendly frog,year_birth,p2187,1991
931,limping llama; friendly frog,year_birth,p2188,1974
932,limping llama; friendly frog,year_birth,p2197,1986
933,limping llama; friendly frog,year_birth,p2213,1997
934,limping llama; friendly frog,year_birth,p2214,1989
935,limping llama; friendly frog,year_birth,p2215,1992
936,limping llama; friendly frog,year_birth,p2220,1971
937,limping llama; friendly frog,year_birth,p2223,1990
938,limping llama; friendly frog,year_birth,p2229,1985
939,limping llama; friendly frog,year_birth,p2234,1991
940,limping llama; friendly frog,year_birth,p2237,1960
941,limping llama; friendly frog,year_birth,p2238,1957
942,limping llama; friendly frog,year_birth,p2244,1987
943,limping llama; friendly frog,year_birth,p2248,1966
944,limping llama; friendly frog,year_birth,p2252,1999
945,limping llama; friendly frog,year_birth,p2255,1950
946,limping llama; friendly frog,year_birth,p2261,1960
947,limping llama; friendly frog,year_birth,p2263,1974
948,limping llama; friendly frog,year_birth,p2273,1993
949,limping llama; friendly frog,year_birth,p2275,1984
950,limping llama; friendly frog,year_birth,p2276,1985
951,limping llama; friendly frog,year_birth,p2283,1964
952,limping llama; friendly frog,year_birth,p2287,1957
953,limping llama; friendly frog,year_birth,p2296,1992
954,limping llama; friendly frog,year_birth,p2298,1994
955,limping llama; friendly frog,year_birth,p2304,1995
956,limping llama; friendly frog,year_birth,p2310,1986
957,limping llama; friendly frog,year_birth,p2322,1988
958,limping llama; friendly frog,year_birth,p2326,1990
959,limping llama; friendly frog,year_birth,p2330,1996
960,limping llama; friendly frog,year_birth,p2331,1997
961,limping llama; friendly frog,year_birth,p2333,1967
962,limping llama; friendly frog,year_birth,p2347,1972
963,limping llama; friendly frog,year_birth,p2350,1989
964,limping llama; friendly frog,year_birth,p2351,1986
965,limping llama; friendly frog,year_birth,p2353,1998
966,limping llama; friendly frog,year_birth,p2355,1988
967,limping llama; friendly frog,year_birth,p2363,1982
968,limping llama; friendly frog,year_birth,p2378,1994
969,limping llama; friendly frog,year_birth,p2380,1994
970,limping llama; friendly frog,year_birth,p2387,1986
971,limping llama; friendly frog,year_birth,p2398,1990
972,limping llama; friendly frog,year_birth,p2400,1961
973,limping llama; friendly frog,year_birth,p2403,1971
974,limping llama; friendly frog,year_birth,p2408,1980
975,limping llama; friendly frog,year_birth,p2418,1987
976,limping llama; friendly frog,year_birth,p2426,1951
977,limping llama; friendly frog,year_birth,p2428,1989
978,limping llama; friendly frog,year_birth,p2434,1968
979,limping llama; friendly frog,year_birth,p2446,1983
980,limping llama; friendly frog,year_birth,p2452,1975
981,limping llama; friendly frog,year_birth,p2454,1978
982,limping llama; friendly frog,year_birth,p2462,1993
983,limping llama; friendly frog,year_birth,p2467,1972
984,limping llama; friendly frog,year_birth,p2482,1967
985,limping llama; friendly frog,year_birth,p2489,1952
986,limping llama; friendly frog,year_birth,p2490,1998
987,limping llama; friendly frog,year_birth,p2494,1947
988,limping llama; friendly frog,year_birth,p2502,1955
989,limping llama; friendly frog,year_birth,p2503,1987
990,limping llama; friendly frog,year_birth,p2522,1945
991,limping llama; friendly frog,year_birth,p2524,1946
992,limping llama; friendly frog,year_birth,p2533,1951
993,limping llama; friendly frog,year_birth,p2566,1968
994,limping llama; friendly frog,year_birth,p2571,1952
995,limping llama; friendly frog,year_birth,p2573,1969
996,limping llama; friendly frog,year_birth,p2582,1985
997,limping llama; friendly frog,year_birth,p2591,1986
998,limping llama; friendly frog,year_birth,p2592,1981
999,limping llama; friendly frog,year_birth,p2595,1973
1000,limping llama; friendly frog,race,p0016,1
1001,limping llama; friendly frog,race,p0022,1
1002,limping llama; friendly frog,race,p0023,1
1003,limping llama; friendly frog,race,p0026,1
1004,limping llama; friendly frog,race,p0034,1
1005,limping llama; friendly frog,race,p0036,1
1006,limping llama; friendly frog,race,p0037,1
1007,limping llama; friendly frog,race,p0042,1
1008,limping llama; friendly frog,race,p0057,1
1009,limping llama; friendly frog,race,p0066,1
1010,limping llama; friendly frog,race,p0069,1
1011,limping llama; friendly frog,race,p0072,1
1012,limping llama; friendly frog,race,p0073,1
1013,limping llama; friendly frog,race,p0082,1
1014,limping llama; friendly frog,race,p0091,1
1015,limping llama; friendly frog,race,p0092,2
1016,limping llama; friendly frog,race,p0093,1
1017,limping llama; friendly frog,race,p0095,1
1018,limping llama; friendly frog,race,p0107,1
1019,limping llama; friendly frog,race,p0114,1
1020,limping llama; friendly frog,race,p0116,1
1021,limping llama; friendly frog,race,p0118,1
1022,limping llama; friendly frog,race,p0119,1
1023,limping llama; friendly frog,race,p0126,1
1024,limping llama; friendly frog,race,p0129,1
1025,limping llama; friendly frog,race,p0136,1
1026,limping llama; friendly frog,race,p0138,1
1027,limping llama; friendly frog,race,p0144,5
1028,limping llama; friendly frog,race,p0150,2
1029,limping llama; friendly frog,race,p0152,1
1030,limping llama; friendly frog,race,p0158,1
1031,limping llama; friendly frog,race,p0161,1
1032,limping llama; friendly frog,race,p0164,1
1033,limping llama; friendly frog,race,p0175,1
1034,limping llama; friendly frog,race,p0177,5
1035,limping llama; friendly frog,race,p0178,1
1036,limping llama; friendly frog,race,p0181,1
1037,limping llama; friendly frog,race,p0186,1
1038,limping llama; friendly frog,race,p0196,1
1039,limping llama; friendly frog,race,p0198,1
1040,limping llama; friendly frog,race,p0202,1
1041,limping llama; friendly frog,race,p0205,1
1042,limping llama; friendly frog,race,p0207,1
1043,limping llama; friendly frog,race,p0211,1
1044,limping llama; friendly frog,race,p0227,5
1045,limping llama; friendly frog,race,p0229,2
1046,limping llama; friendly frog,race,p0232,1
1047,limping llama; friendly frog,race,p0233,1
1048,limping llama; friendly frog,race,p0237,1
1049,limping llama; friendly frog,race,p0258,1
1050,limping llama; friendly frog,race,p0268,1
1051,limping llama; friendly frog,race,p0274,2
1052,limping llama; friendly frog,race,p0275,2
1053,limping llama; friendly frog,race,p0277,2
1054,limping llama; friendly frog,race,p0288,2
1055,limping llama; friendly frog,race,p0291,1
1056,limping llama; friendly frog,race,p0307,1
1057,limping llama; friendly frog,race,p0308,1
1058,limping llama; friendly frog,race,p0317,1
1059,limping llama; friendly frog,race,p0325,1
1060,limping llama; friendly frog,race,p0327,1
1061,limping llama; friendly frog,race,p0334,1
1062,limping llama; friendly frog,race,p0336,1
1063,limping llama; friendly frog,race,p0338,1
1064,limping llama; friendly frog,race,p0342,2
1065,limping llama; friendly frog,race,p0349,1
1066,limping llama; friendly frog,race,p0356,1
1067,limping llama; friendly frog,race,p0358,1
1068,limping llama; friendly frog,race,p0363,1
1069,limping llama; friendly frog,race,p0364,1
1070,limping llama; friendly frog,race,p0369,1
1071,limping llama; friendly frog,race,p0370,1
1072,limping llama; friendly frog,race,p0371,1
1073,limping llama; friendly frog,race,p0379,1
1074,limping llama; friendly frog,race,p0386,1
1075,limping llama; friendly frog,race,p0396,1
1076,limping llama; friendly frog,race,p0403,2
1077,limping llama; friendly frog,race,p0405,1
1078,limping llama; friendly frog,race,p0412,1
1079,limping llama; friendly frog,race,p0415,1
1080,limping llama; friendly frog,race,p0416,1
1081,limping llama; friendly frog,race,p0417,1
1082,limping llama; friendly frog,race,p0418,1
1083,limping llama; friendly frog,race,p0430,1
1084,limping llama; friendly frog,race,p0431,1
1085,limping llama; friendly frog,race,p0434,1
1086,limping llama; friendly frog,race,p0438,1
1087,limping llama; friendly frog,race,p0441,5
1088,limping llama; friendly frog,race,p0442,2
1089,limping llama; friendly frog,race,p0449,1
1090,limping llama; friendly frog,race,p0450,1
1091,limping llama; friendly frog,race,p0465,1
1092,limping llama; friendly frog,race,p0471,1
1093,limping llama; friendly frog,race,p0477,1
1094,limping llama; friendly frog,race,p0483,2
1095,limping llama; friendly frog,race,p0486,1
1096,limping llama; friendly frog,race,p0487,1
1097,limping llama; friendly frog,race,p0489,1
1098,limping llama; friendly frog,race,p0497,1
1099,limping llama; friendly frog,race,p0502,1
1100,limping llama; friendly frog,race,p0503,1
1101,limping llama; friendly frog,race,p0506,1
1102,limping llama; friendly frog,race,p0511,1
1103,limping llama; friendly frog,race,p0523,1
1104,limping llama; friendly frog,race,p0534,1
1105,limping llama; friendly frog,race,p0536,1
1106,limping llama; friendly frog,race,p0542,1
1107,limping llama; friendly frog,race,p0547,1
1108,limping llama; friendly frog,race,p0553,1
1109,limping llama; friendly frog,race,p0559,1
1110,limping llama; friendly frog,race,p0566,1
1111,limping llama; friendly frog,race,p0568,5
1112,limping llama; friendly frog,race,p0570,2
1113,limping llama; friendly frog,race,p0573,1
1114,limping llama; friendly frog,race,p0578,1
1115,limping llama; friendly frog,race,p0594,1
1116,limping llama; friendly frog,race,p0597,1
1117,limping llama; friendly frog,race,p0601,1
1118,limping llama; friendly frog,race,p0602,1
1119,limping llama; friendly frog,race,p0605,1
1120,limping llama; friendly frog,race,p0615,1
1121,limping llama; friendly frog,race,p0620,1
1122,limping llama; friendly frog,race,p0626,1
1123,limping llama; friendly frog,race,p0629,1
1124,limping llama; friendly frog,race,p0633,1
1125,limping llama; friendly frog,race,p0638,1
1126,limping llama; friendly frog,race,p0639,1
1127,limping llama; friendly frog,race,p0640,1
1128,limping llama; friendly frog,race,p0655,1
1129,limping llama; friendly frog,race,p0656,2
1130,limping llama; friendly frog,race,p0658,1
1131,limping llama; friendly frog,race,p0661,1
1132,limping llama; friendly frog,race,p0669,1
1133,limping llama; friendly frog,race,p0670,2
1134,limping llama; friendly frog,race,p0672,5
1135,limping llama; friendly frog,race,p0674,1
1136,limping llama; friendly frog,race,p0678,1
1137,limping llama; friendly frog,race,p0683,1
1138,limping llama; friendly frog,race,p0686,1
1139,limping llama; friendly frog,race,p0687,5
1140,limping llama; friendly frog,race,p0698,1
1141,limping llama; friendly frog,race,p0700,1
1142,limping llama; friendly frog,race,p0703,1
1143,limping llama; friendly frog,race,p0718,2
1144,limping llama; friendly frog,race,p0744,1
1145,limping llama; friendly frog,race,p0745,1
1146,limping llama; friendly frog,race,p0753,1
1147,limping llama; friendly frog,race,p0770,1
1148,limping llama; friendly frog,race,p0771,5
1149,limping llama; friendly frog,race,p0777,1
1150,limping llama; friendly frog,race,p0779,1
1151,limping llama; friendly frog,race,p0780,1
1152,limping llama; friendly frog,race,p0783,1
1153,limping llama; friendly frog,race,p0785,1
1154,limping llama; friendly frog,race,p0786,2
1155,limping llama; friendly frog,race,p0794,1
1156,limping llama; friendly frog,race,p0798,1
1157,limping llama; friendly frog,race,p0800,1
1158,limping llama; friendly frog,race,p0820,1
1159,limping llama; friendly frog,race,p0841,1
1160,limping llama; friendly frog,race,p0849,1
1161,limping llama; friendly frog,race,p0862,5
1162,limping llama; friendly frog,race,p0867,2
1163,limping llama; friendly frog,race,p0869,1
1164,limping llama; friendly frog,race,p0872,1
1165,limping llama; friendly frog,race,p0880,5
1166,limping llama; friendly frog,race,p0891,1
1167,limping llama; friendly frog,race,p0916,1
1168,limping llama; friendly frog,race,p0917,1
1169,limping llama; friendly frog,race,p0919,1
1170,limping llama; friendly frog,race,p0922,1
1171,limping llama; friendly frog,race,p0925,1
1172,limping llama; friendly frog,race,p0927,1
1173,limping llama; friendly frog,race,p0929,1
1174,limping llama; friendly frog,race,p0930,1
1175,limping llama; friendly frog,race,p0931,1
1176,limping llama; friendly frog,race,p0933,5
1177,limping llama; friendly frog,race,p0934,1
1178,limping llama; friendly frog,race,p0936,1
1179,limping llama; friendly frog,race,p0938,1
1180,limping llama; friendly frog,race,p0939,1
1181,limping llama; friendly frog,race,p0946,1
1182,limping llama; friendly frog,race,p0951,2
1183,limping llama; friendly frog,race,p0956,1
1184,limping llama; friendly frog,race,p0962,1
1185,limping llama; friendly frog,race,p0963,1
1186,limping llama; friendly frog,race,p0969,1
1187,limping llama; friendly frog,race,p0972,1
1188,limping llama; friendly frog,race,p0975,1
1189,limping llama; friendly frog,race,p0985,2
1190,limping llama; friendly frog,race,p0993,2
1191,limping llama; friendly frog,race,p0996,1
1192,limping llama; friendly frog,race,p1011,1
1193,limping llama; friendly frog,race,p1017,1
1194,limping llama; friendly frog,race,p1020,1
1195,limping llama; friendly frog,race,p1022,1
1196,limping llama; friendly frog,race,p1024,1
1197,limping llama; friendly frog,race,p1027,5
1198,limping llama; friendly frog,race,p1028,1
1199,limping llama; friendly frog,race,p1029,2
1200,limping llama; friendly frog,race,p1032,1
1201,limping llama; friendly frog,race,p1040,5
1202,limping llama; friendly frog,race,p1047,2
1203,limping llama; friendly frog,race,p1048,1
1204,limping llama; friendly frog,race,p1053,5
1205,limping llama; friendly frog,race,p1057,1
1206,limping llama; friendly frog,race,p1058,1
1207,limping llama; friendly frog,race,p1063,1
1208,limping llama; friendly frog,race,p1064,1
1209,limping llama; friendly frog,race,p1065,1
1210,limping llama; friendly frog,race,p1069,1
1211,limping llama; friendly frog,race,p1072,1
1212,limping llama; friendly frog,race,p1073,2
1213,limping llama; friendly frog,race,p1075,1
1214,limping llama; friendly frog,race,p1076,2
1215,limping llama; friendly frog,race,p1083,1
1216,limping llama; friendly frog,race,p1089,1
1217,limping llama; friendly frog,race,p1093,1
1218,limping llama; friendly frog,race,p1096,1
1219,limping llama; friendly frog,race,p1100,1
1220,limping llama; friendly frog,race,p1106,2
1221,limping llama; friendly frog,race,p1107,1
1222,limping llama; friendly frog,race,p1113,1
1223,limping llama; friendly frog,race,p1117,1
1224,limping llama; friendly frog,race,p1120,1
1225,limping llama; friendly frog,race,p1134,1
1226,limping llama; friendly frog,race,p1136,1
1227,limping llama; friendly frog,race,p1138,1
1228,limping llama; friendly frog,race,p1144,1
1229,limping llama; friendly frog,race,p1145,1
1230,limping llama; friendly frog,race,p1147,1
1231,limping llama; friendly frog,race,p1148,1
1232,limping llama; friendly frog,race,p1154,1
1233,limping llama; friendly frog,race,p1159,2
1234,limping llama; friendly frog,race,p1167,5
1235,limping llama; friendly frog,race,p1175,1
1236,limping llama; friendly frog,race,p1178,1
1237,limping llama; friendly frog,race,p1184,1
1238,limping llama; friendly frog,race,p1186,1
1239,limping llama; friendly frog,race,p1196,1
1240,limping llama; friendly frog,race,p1197,5
1241,limping llama; friendly frog,race,p1203,1
1242,limping llama; friendly frog,race,p1219,2
1243,limping llama; friendly frog,race,p1225,1
1244,limping llama; friendly frog,race,p1234,1
1245,limping llama; friendly frog,race,p1242,1
1246,limping llama; friendly frog,race,p1244,1
1247,limping llama; friendly frog,race,p1249,1
1248,limping llama; friendly frog,race,p1250,1
1249,limping llama; friendly frog,race,p1256,5
1250,limping llama; friendly frog,race,p1258,1
1251,limping llama; friendly frog,race,p1260,2
1252,limping llama; friendly frog,race,p1262,1
1253,limping llama; friendly frog,race,p1264,1
1254,limping llama; friendly frog,race,p1265,1
1255,limping llama; friendly frog,race,p1269,1
1256,limping llama; friendly frog,race,p1272,1
1257,limping llama; friendly frog,race,p1278,1
1258,limping llama; friendly frog,race,p1281,5
1259,limping llama; friendly frog,race,p1292,1
1260,limping llama; friendly frog,race,p1299,1
1261,limping llama; friendly frog,race,p1312,1
1262,limping llama; friendly frog,race,p1322,1
1263,limping llama; friendly frog,race,p1326,1
1264,limping llama; friendly frog,race,p1330,1
1265,limping llama; friendly frog,race,p1335,1
1266,limping llama; friendly frog,race,p1337,1
1267,limping llama; friendly frog,race,p1340,1
1268,limping llama; friendly frog,race,p1345,1
1269,limping llama; friendly frog,race,p1351,1
1270,limping llama; friendly frog,race,p1355,1
1271,limping llama; friendly frog,race,p1362,1
1272,limping llama; friendly frog,race,p1365,1
1273,limping llama; friendly frog,race,p1366,1
1274,limping llama; friendly frog,race,p1367,1
1275,limping llama; friendly frog,race,p1370,1
1276,limping llama; friendly frog,race,p1371,1
1277,limping llama; friendly frog,race,p1373,1
1278,limping llama; friendly frog,race,p1375,1
1279,limping llama; friendly frog,race,p1376,1
1280,limping llama; friendly frog,race,p1379,2
1281,limping llama; friendly frog,race,p1381,1
1282,limping llama; friendly frog,race,p1393,1
1283,limping llama; friendly frog,race,p1396,5
1284,limping llama; friendly frog,race,p1398,5
1285,limping llama; friendly frog,race,p1404,1
1286,limping llama; friendly frog,race,p1406,1
1287,limping llama; friendly frog,race,p1407,1
1288,limping llama; friendly frog,race,p1409,1
1289,limping llama; friendly frog,race,p1412,2
1290,limping llama; friendly frog,race,p1414,1
1291,limping llama; friendly frog,race,p1424,1
1292,limping llama; friendly frog,race,p1425,1
1293,limping llama; friendly frog,race,p1429,2
1294,limping llama; friendly frog,race,p1434,1
1295,limping llama; friendly frog,race,p1441,2
1296,limping llama; friendly frog,race,p1445,2
1297,limping llama; friendly frog,race,p1450,1
1298,limping llama; friendly frog,race,p1454,1
1299,limping llama; friendly frog,race,p1456,1
1300,limping llama; friendly frog,race,p1457,2
1301,limping llama; friendly frog,race,p1458,1
1302,limping llama; friendly frog,race,p1469,1
1303,limping llama; friendly frog,race,p1470,1
1304,limping llama; friendly frog,race,p1481,5
1305,limping llama; friendly frog,race,p1488,5
1306,limping llama; friendly frog,race,p1492,1
1307,limping llama; friendly frog,race,p1495,1
1308,limping llama; friendly frog,race,p1497,1
1309,limping llama; friendly frog,race,p1499,1
1310,limping llama; friendly frog,race,p1503,1
1311,limping llama; friendly frog,race,p1511,1
1312,limping llama; friendly frog,race,p1512,1
1313,limping llama; friendly frog,race,p1518,1
1314,limping llama; friendly frog,race,p1519,1
1315,limping llama; friendly frog,race,p1520,1
1316,limping llama; friendly frog,race,p1524,1
1317,limping llama; friendly frog,race,p1526,1
1318,limping llama; friendly frog,race,p1537,1
1319,limping llama; friendly frog,race,p1545,1
1320,limping llama; friendly frog,race,p1547,2
1321,limping llama; friendly frog,race,p1552,5
1322,limping llama; friendly frog,race,p1567,1
1323,limping llama; friendly frog,race,p1568,1
1324,limping llama; friendly frog,race,p1579,1
1325,limping llama; friendly frog,race,p1587,2
1326,limping llama; friendly frog,race,p1596,1
1327,limping llama; friendly frog,race,p1600,1
1328,limping llama; friendly frog,race,p1603,2
1329,limping llama; friendly frog,race,p1604,1
1330,limping llama; friendly frog,race,p1610,1
1331,limping llama; friendly frog,race,p1618,1
1332,limping llama; friendly frog,race,p1619,1
1333,limping llama; friendly frog,race,p1622,5
1334,limping llama; friendly frog,race,p1623,5
1335,limping llama; friendly frog,race,p1630,1
1336,limping llama; friendly frog,race,p1641,1
1337,limping llama; friendly frog,race,p1649,5
1338,limping llama; friendly frog,race,p1652,5
1339,limping llama; friendly frog,race,p1665,1
1340,limping llama; friendly frog,race,p1669,1
1341,limping llama; friendly frog,race,p1685,1
1342,limping llama; friendly frog,race,p1693,1
1343,limping llama; friendly frog,race,p1698,2
1344,limping llama; friendly frog,race,p1704,1
1345,limping llama; friendly frog,race,p1711,1
1346,limping llama; friendly frog,race,p1718,1
1347,limping llama; friendly frog,race,p1732,1
1348,limping llama; friendly frog,race,p1739,1
1349,limping llama; friendly frog,race,p1741,1
1350,limping llama; friendly frog,race,p1746,1
1351,limping llama; friendly frog,race,p1751,1
1352,limping llama; friendly frog,race,p1754,1
1353,limping llama; friendly frog,race,p1769,1
1354,limping llama; friendly frog,race,p1771,1
1355,limping llama; friendly frog,race,p1776,2
1356,limping llama; friendly frog,race,p1780,1
1357,limping llama; friendly frog,race,p1785,1
1358,limping llama; friendly frog,race,p1791,2
1359,limping llama; friendly frog,race,p1793,1
1360,limping llama; friendly frog,race,p1796,1
1361,limping llama; friendly frog,race,p1805,1
1362,limping llama; friendly frog,race,p1812,1
1363,limping llama; friendly frog,race,p1816,1
1364,limping llama; friendly frog,race,p1819,1
1365,limping llama; friendly frog,race,p1825,1
1366,limping llama; friendly frog,race,p1836,1
1367,limping llama; friendly frog,race,p1839,1
1368,limping llama; friendly frog,race,p1861,5
1369,limping llama; friendly frog,race,p1863,1
1370,limping llama; friendly frog,race,p1873,1
1371,limping llama; friendly frog,race,p1875,1
1372,limping llama; friendly frog,race,p1876,1
1373,limping llama; friendly frog,race,p1877,1
1374,limping llama; friendly frog,race,p1880,1
1375,limping llama; friendly frog,race,p1883,5
1376,limping llama; friendly frog,race,p1889,1
1377,limping llama; friendly frog,race,p1893,5
1378,limping llama; friendly frog,race,p1896,1
1379,limping llama; friendly frog,race,p1913,1
1380,limping llama; friendly frog,race,p1922,1
1381,limping llama; friendly frog,race,p1930,1
1382,limping llama; friendly frog,race,p1935,1
1383,limping llama; friendly frog,race,p1940,5
1384,limping llama; friendly frog,race,p1948,1
1385,limping llama; friendly frog,race,p1950,1
1386,limping llama; friendly frog,race,p1954,1
1387,limping llama; friendly frog,race,p1956,1
1388,limping llama; friendly frog,race,p1958,1
1389,limping llama; friendly frog,race,p1967,1
1390,limping llama; friendly frog,race,p1973,1
1391,limping llama; friendly frog,race,p1978,1
1392,limping llama; friendly frog,race,p1983,1
1393,limping llama; friendly frog,race,p1984,2
1394,limping llama; friendly frog,race,p1995,1
1395,limping llama; friendly frog,race,p1996,1
1396,limping llama; friendly frog,race,p1997,1
1397,limping llama; friendly frog,race,p2001,1
1398,limping llama; friendly frog,race,p2002,2
1399,limping llama; friendly frog,race,p2013,1
1400,limping llama; friendly frog,race,p2014,1
1401,limping llama; friendly frog,race,p2016,5
1402,limping llama; friendly frog,race,p2018,2
1403,limping llama; friendly frog,race,p2023,1
1404,limping llama; friendly frog,race,p2025,1
1405,limping llama; friendly frog,race,p2028,1
1406,limping llama; friendly frog,race,p2030,1
1407,limping llama; friendly frog,race,p2033,1
1408,limping llama; friendly frog,race,p2040,2
1409,limping llama; friendly frog,race,p2051,1
1410,limping llama; friendly frog,race,p2052,1
1411,limping llama; friendly frog,race,p2066,1
1412,limping llama; friendly frog,race,p2067,1
1413,limping llama; friendly frog,race,p2073,1
1414,limping llama; friendly frog,race,p2077,2
1415,limping llama; friendly frog,race,p2078,5
1416,limping llama; friendly frog,race,p2086,1
1417,limping llama; friendly frog,race,p2089,1
1418,limping llama; friendly frog,race,p2093,1
1419,limping llama; friendly frog,race,p2094,1
1420,limping llama; friendly frog,race,p2111,2
1421,limping llama; friendly frog,race,p2117,1
1422,limping llama; friendly frog,race,p2121,1
1423,limping llama; friendly frog,race,p2127,1
1424,limping llama; friendly frog,race,p2141,1
1425,limping llama; friendly frog,race,p2142,2
1426,limping llama; friendly frog,race,p2143,1
1427,limping llama; friendly frog,race,p2153,3
1428,limping llama; friendly frog,race,p2155,3
1429,limping llama; friendly frog,race,p2169,3
1430,limping llama; friendly frog,race,p2187,3
1431,limping llama; friendly frog,race,p2188,3
1432,limping llama; friendly frog,race,p2197,3
1433,limping llama; friendly frog,race,p2213,3
1434,limping llama; friendly frog,race,p2214,3
1435,limping llama; friendly frog,race,p2215,3
1436,limping llama; friendly frog,race,p2220,3
1437,limping llama; friendly frog,race,p2223,3
1438,limping llama; friendly frog,race,p2229,3
1439,limping llama; friendly frog,race,p2234,3
1440,limping llama; friendly frog,race,p2237,3
1441,limping llama; friendly frog,race,p2238,3
1442,limping llama; friendly frog,race,p2244,3
1443,limping llama; friendly frog,race,p2248,3
1444,limping llama; friendly frog,race,p2252,3
1445,limping llama; friendly frog,race,p2255,3
1446,limping llama; friendly frog,race,p2261,3
1447,limping llama; friendly frog,race,p2263,3
1448,limping llama; friendly frog,race,p2273,3
1449,limping llama; friendly frog,race,p2275,3
1450,limping llama; friendly frog,race,p2276,3
1451,limping llama; friendly frog,race,p2283,3
1452,limping llama; friendly frog,race,p2287,3
1453,limping llama; friendly frog,race,p2296,3
1454,limping llama; friendly frog,race,p2298,3
1455,limping llama; friendly frog,race,p2304,3
1456,limping llama; friendly frog,race,p2310,3
1457,limping llama; friendly frog,race,p2322,3
1458,limping llama; friendly frog,race,p2326,3
1459,limping llama; friendly frog,race,p2330,3
1460,limping llama; friendly frog,race,p2331,3
1461,limping llama; friendly frog,race,p2333,3
1462,limping llama; friendly frog,race,p2347,3
1463,limping llama; friendly frog,race,p2350,3
1464,limping llama; friendly frog,race,p2351,3
1465,limping llama; friendly frog,race,p2353,3
1466,limping llama; friendly frog,race,p2355,3
1467,limping llama; friendly frog,race,p2363,3
1468,limping llama; friendly frog,race,p2378,3
1469,limping llama; friendly frog,race,p2380,3
1470,limping llama; friendly frog,race,p2387,3
1471,limping llama; friendly frog,race,p2398,3
1472,limping llama; friendly frog,race,p2400,3
1473,limping llama; friendly frog,race,p2403,3
1474,limping llama; friendly frog,race,p2408,3
1475,limping llama; friendly frog,race,p2418,3
1476,limping llama; friendly frog,race,p2426,3
1477,limping llama; friendly frog,race,p2428,3
1478,limping llama; friendly frog,race,p2434,3
1479,limping llama; friendly frog,race,p2446,3
1480,limping llama; friendly frog,race,p2452,3
1481,limping llama; friendly frog,race,p2454,3
1482,limping llama; friendly frog,race,p2462,3
1483,limping llama; friendly frog,race,p2467,3
1484,limping llama; friendly frog,race,p2482,3
1485,limping llama; friendly frog,race,p2489,3
1486,limping llama; friendly frog,race,p2490,3
1487,limping llama; friendly frog,race,p2494,3
1488,limping llama; friendly frog,race,p2502,3
1489,limping llama; friendly frog,race,p2503,3
1490,limping llama; friendly frog,race,p2522,3
1491,limping llama; friendly frog,race,p2524,3
1492,limping llama; friendly frog,race,p2533,3
1493,limping llama; friendly frog,race,p2566,3
1494,limping llama; friendly frog,race,p2571,3
1495,limping llama; friendly frog,race,p2573,3
1496,limping llama; friendly frog,race,p2582,3
1497,limping llama; friendly frog,race,p2591,3
1498,limping llama; friendly frog,race,p2592,3
1499,limping llama; friendly frog,race,p2595,3
1500,limping llama; friendly frog,education,p0016,4
1501,limping llama; friendly frog,education,p0022,4
1502,limping llama; friendly frog,education,p0023,5
1503,limping llama; friendly frog,education,p0026,4
1504,limping llama; friendly frog,education,p0034,3
1505,limping llama; friendly frog,education,p0036,3
1506,limping llama; friendly frog,education,p0037,4
1507,limping llama; friendly frog,education,p0042,3
1508,limping llama; friendly frog,education,p0057,3
1509,limping llama; friendly frog,education,p0066,4
1510,limping llama; friendly frog,education,p0069,3
1511,limping llama; friendly frog,education,p0072,4
1512,limping llama; friendly frog,education,p0073,4
1513,limping llama; friendly frog,education,p0082,4
1514,limping llama; friendly frog,education,p0091,4
1515,limping llama; friendly frog,education,p0092,2
1516,limping llama; friendly frog,education,p0093,4
1517,limping llama; friendly frog,education,p0095,3
1518,limping llama; friendly frog,education,p0107,3
1519,limping llama; friendly frog,education,p0114,5
1520,limping llama; friendly frog,education,p0116,2
1521,limping llama; friendly frog,education,p0118,3
1522,limping llama; friendly frog,education,p0119,3
1523,limping llama; friendly frog,education,p0126,3
1524,limping llama; friendly frog,education,p0129,5
1525,limping llama; friendly frog,education,p0136,3
1526,limping llama; friendly frog,education,p0138,2
1527,limping llama; friendly frog,education,p0144,4
1528,limping llama; friendly frog,education,p0150,2
1529,limping llama; friendly frog,education,p0152,3
1530,limping llama; friendly frog,education,p0158,2
1531,limping llama; friendly frog,education,p0161,3
1532,limping llama; friendly frog,education,p0164,2
1533,limping llama; friendly frog,education,p0175,3
1534,limping llama; friendly frog,education,p0177,4
1535,limping llama; friendly frog,education,p0178,6
1536,limping llama; friendly frog,education,p0181,4
1537,limping llama; friendly frog,education,p0186,3
1538,limping llama; friendly frog,education,p0196,4
1539,limping llama; friendly frog,education,p0198,5
1540,limping llama; friendly frog,education,p0202,4
1541,limping llama; friendly frog,education,p0205,5
1542,limping llama; friendly frog,education,p0207,4
1543,limping llama; friendly frog,education,p0211,3
1544,limping llama; friendly frog,education,p0227,5
1545,limping llama; friendly frog,education,p0229,2
1546,limping llama; friendly frog,education,p0232,5
1547,limping llama; friendly frog,education,p0233,2
1548,limping llama; friendly frog,education,p0237,5
1549,limping llama; friendly frog,education,p0258,4
1550,limping llama; friendly frog,education,p0268,2
1551,limping llama; friendly frog,education,p0274,5
1552,limping llama; friendly frog,education,p0275,4
1553,limping llama; friendly frog,education,p0277,4
1554,limping llama; friendly frog,education,p0288,4
1555,limping llama; friendly frog,education,p0291,4
1556,limping llama; friendly frog,education,p0307,3
1557,limping llama; friendly frog,education,p0308,3
1558,limping llama; friendly frog,education,p0317,3
1559,limping llama; friendly frog,education,p0325,4
1560,limping llama; friendly frog,education,p0327,5
1561,limping llama; friendly frog,education,p0334,6
1562,limping llama; friendly frog,education,p0336,4
1563,limping llama; friendly frog,education,p0338,1
1564,limping llama; friendly frog,education,p0342,4
1565,limping llama; friendly frog,education,p0349,5
1566,limping llama; friendly frog,education,p0356,4
1567,limping llama; friendly frog,education,p0358,4
1568,limping llama; friendly frog,education,p0363,4
1569,limping llama; friendly frog,education,p0364,5
1570,limping llama; friendly frog,education,p0369,5
1571,limping llama; friendly frog,education,p0370,2
1572,limping llama; friendly frog,education,p0371,4
1573,limping llama; friendly frog,education,p0379,3
1574,limping llama; friendly frog,education,p0386,5
1575,limping llama; friendly frog,education,p0396,5
1576,limping llama; friendly frog,education,p0403,3
1577,limping llama; friendly frog,education,p0405,4
1578,limping llama; friendly frog,education,p0412,4
1579,limping llama; friendly frog,education,p0415,3
1580,limping llama; friendly frog,education,p0416,4
1581,limping llama; friendly frog,education,p0417,2
1582,limping llama; friendly frog,education,p0418,2
1583,limping llama; friendly frog,education,p0430,5
1584,limping llama; friendly frog,education,p0431,5
1585,limping llama; friendly frog,education,p0434,2
1586,limping llama; friendly frog,education,p0438,4
1587,limping llama; friendly frog,education,p0441,5
1588,limping llama; friendly frog,education,p0442,3
1589,limping llama; friendly frog,education,p0449,5
1590,limping llama; friendly frog,education,p0450,4
1591,limping llama; friendly frog,education,p0465,5
1592,limping llama; friendly frog,education,p0471,3
1593,limping llama; friendly frog,education,p0477,3
1594,limping llama; friendly frog,education,p0483,5
1595,limping llama; friendly frog,education,p0486,3
1596,limping llama; friendly frog,education,p0487,4
1597,limping llama; friendly frog,education,p0489,5
1598,limping llama; friendly frog,education,p0497,6
1599,limping llama; friendly frog,education,p0502,5
1600,limping llama; friendly frog,education,p0503,4
1601,limping llama; friendly frog,education,p0506,3
1602,limping llama; friendly frog,education,p0511,4
1603,limping llama; friendly frog,education,p0523,5
1604,limping llama; friendly frog,education,p0534,6
1605,limping llama; friendly frog,education,p0536,3
1606,limping llama; friendly frog,education,p0542,4
1607,limping llama; friendly frog,education,p0547,2
1608,limping llama; friendly frog,education,p0553,4
1609,limping llama; friendly frog,education,p0559,4
1610,limping llama; friendly frog,education,p0566,4
1611,limping llama; friendly frog,education,p0568,3
1612,limping llama; friendly frog,education,p0570,1
1613,limping llama; friendly frog,education,p0573,3
1614,limping llama; friendly frog,education,p0578,2
1615,limping llama; friendly frog,education,p0594,2
1616,limping llama; friendly frog,education,p0597,2
1617,limping llama; friendly frog,education,p0601,2
1618,limping llama; friendly frog,education,p0602,2
1619,limping llama; friendly frog,education,p0605,3
1620,limping llama; friendly frog,education,p0615,3
1621,limping llama; friendly frog,education,p0620,4
1622,limping llama; friendly frog,education,p0626,3
1623,limping llama; friendly frog,education,p0629,4
1624,limping llama; friendly frog,education,p0633,3
1625,limping llama; friendly frog,education,p0638,4
1626,limping llama; friendly frog,education,p0639,4
1627,limping llama; friendly frog,education,p0640,2
1628,limping llama; friendly frog,education,p0655,3
1629,limping llama; friendly frog,education,p0656,3
1630,limping llama; friendly frog,education,p0658,5
1631,limping llama; friendly frog,education,p0661,4
1632,limping llama; friendly frog,education,p0669,4
1633,limping llama; friendly frog,education,p0670,2
1634,limping llama; friendly frog,education,p0672,5
1635,limping llama; friendly frog,education,p0674,4
1636,limping llama; friendly frog,education,p0678,5
1637,limping llama; friendly frog,education,p0683,2
1638,limping llama; friendly frog,education,p0686,3
1639,limping llama; friendly frog,education,p0687,4
1640,limping llama; friendly frog,education,p0698,2
1641,limping llama; friendly frog,education,p0700,4
1642,limping llama; friendly frog,education,p0703,2
1643,limping llama; friendly frog,education,p0718,2
1644,limping llama; friendly frog,education,p0744,4
1645,limping llama; friendly frog,education,p0745,4
1646,limping llama; friendly frog,education,p0753,4
1647,limping llama; friendly frog,education,p0770,4
1648,limping llama; friendly frog,education,p0771,4
1649,limping llama; friendly frog,education,p0777,5
1650,limping llama; friendly frog,education,p0779,4
1651,limping llama; friendly frog,education,p0780,3
1652,limping llama; friendly frog,education,p0783,3
1653,limping llama; friendly frog,education,p0785,4
1654,limping llama; friendly frog,education,p0786,3
1655,limping llama; friendly frog,education,p0794,4
1656,limping llama; friendly frog,education,p0798,5
1657,limping llama; friendly frog,education,p0800,4
1658,limping llama; friendly frog,education,p0820,3
1659,limping llama; friendly frog,education,p0841,3
1660,limping llama; friendly frog,education,p0849,3
1661,limping llama; friendly frog,education,p0862,5
1662,limping llama; friendly frog,education,p0867,5
1663,limping llama; friendly frog,education,p0869,3
1664,limping llama; friendly frog,education,p0872,4
1665,limping llama; friendly frog,education,p0880,2
1666,limping llama; friendly frog,education,p0891,3
1667,limping llama; friendly frog,education,p0916,5
1668,limping llama; friendly frog,education,p0917,4
1669,limping llama; friendly frog,education,p0919,4
1670,limping llama; friendly frog,education,p0922,2
1671,limping llama; friendly frog,education,p0925,2
1672,limping llama; friendly frog,education,p0927,4
1673,limping llama; friendly frog,education,p0929,3
1674,limping llama; friendly frog,education,p0930,4
1675,limping llama; friendly frog,education,p0931,2
1676,limping llama; friendly frog,education,p0933,2
1677,limping llama; friendly frog,education,p0934,3
1678,limping llama; friendly frog,education,p0936,4
1679,limping llama; friendly frog,education,p0938,2
1680,limping llama; friendly frog,education,p0939,2
1681,limping llama; friendly frog,education,p0946,4
1682,limping llama; friendly frog,education,p0951,3
1683,limping llama; friendly frog,education,p0956,3
1684,limping llama; friendly frog,education,p0962,2
1685,limping llama; friendly frog,education,p0963,3
1686,limping llama; friendly frog,education,p0969,4
1687,limping llama; friendly frog,education,p0972,3
1688,limping llama; friendly frog,education,p0975,3
1689,limping llama; friendly frog,education,p0985,2
1690,limping llama; friendly frog,education,p0993,2
1691,limping llama; friendly frog,education,p0996,2
1692,limping llama; friendly frog,education,p1011,2
1693,limping llama; friendly frog,education,p1017,2
1694,limping llama; friendly frog,education,p1020,2
1695,limping llama; friendly frog,education,p1022,4
1696,limping llama; friendly frog,education,p1024,1
1697,limping llama; friendly frog,education,p1027,4
1698,limping llama; friendly frog,education,p1028,5
1699,limping llama; friendly frog,education,p1029,2
1700,limping llama; friendly frog,education,p1032,4
1701,limping llama; friendly frog,education,p1040,4
1702,limping llama; friendly frog,education,p1047,3
1703,limping llama; friendly frog,education,p1048,3
1704,limping llama; friendly frog,education,p1053,3
1705,limping llama; friendly frog,education,p1057,3
1706,limping llama; friendly frog,education,p1058,4
1707,limping llama; friendly frog,education,p1063,4
1708,limping llama; friendly frog,education,p1064,2
1709,limping llama; friendly frog,education,p1065,3
1710,limping llama; friendly frog,education,p1069,3
1711,limping llama; friendly frog,education,p1072,3
1712,limping llama; friendly frog,education,p1073,4
1713,limping llama; friendly frog,education,p1075,3
1714,limping llama; friendly frog,education,p1076,2
1715,limping llama; friendly frog,education,p1083,2
1716,limping llama; friendly frog,education,p1089,4
1717,limping llama; friendly frog,education,p1093,4
1718,limping llama; friendly frog,education,p1096,4
1719,limping llama; friendly frog,education,p1100,4
1720,limping llama; friendly frog,education,p1106,5
1721,limping llama; friendly frog,education,p1107,1
1722,limping llama; friendly frog,education,p1113,3
1723,limping llama; friendly frog,education,p1117,1
1724,limping llama; friendly frog,education,p1120,3
1725,limping llama; friendly frog,education,p1134,4
1726,limping llama; friendly frog,education,p1136,2
1727,limping llama; friendly frog,education,p1138,4
1728,limping llama; friendly frog,education,p1144,3
1729,limping llama; friendly frog,education,p1145,5
1730,limping llama; friendly frog,education,p1147,5
1731,limping llama; friendly frog,education,p1148,4
1732,limping llama; friendly frog,education,p1154,3
1733,limping llama; friendly frog,education,p1159,2
1734,limping llama; friendly frog,education,p1167,5
1735,limping llama; friendly frog,education,p1175,3
1736,limping llama; friendly frog,education,p1178,4
1737,limping llama; friendly frog,education,p1184,4
1738,limping llama; friendly frog,education,p1186,4
1739,limping llama; friendly frog,education,p1196,2
1740,limping llama; friendly frog,education,p1197,3
1741,limping llama; friendly frog,education,p1203,4
1742,limping llama; friendly frog,education,p1219,2
1743,limping llama; friendly frog,education,p1225,5
1744,limping llama; friendly frog,education,p1234,3
1745,limping llama; friendly frog,education,p1242,3
1746,limping llama; friendly frog,education,p1244,4
1747,limping llama; friendly frog,education,p1249,3
1748,limping llama; friendly frog,education,p1250,4
1749,limping llama; friendly frog,education,p1256,5
1750,limping llama; friendly frog,education,p1258,3
1751,limping llama; friendly frog,education,p1260,2
1752,limping llama; friendly frog,education,p1262,4
1753,limping llama; friendly frog,education,p1264,2
1754,limping llama; friendly frog,education,p1265,5
1755,limping llama; friendly frog,education,p1269,4
1756,limping llama; friendly frog,education,p1272,3
1757,limping llama; friendly frog,education,p1278,4
1758,limping llama; friendly frog,education,p1281,3
1759,limping llama; friendly frog,education,p1292,4
1760,limping llama; friendly frog,education,p1299,2
1761,limping llama; friendly frog,education,p1312,2
1762,limping llama; friendly frog,education,p1322,3
1763,limping llama; friendly frog,education,p1326,4
1764,limping llama; friendly frog,education,p1330,3
1765,limping llama; friendly frog,education,p1335,3
1766,limping llama; friendly frog,education,p1337,4
1767,limping llama; friendly frog,education,p1340,4
1768,limping llama; friendly frog,education,p1345,2
1769,limping llama; friendly frog,education,p1351,3
1770,limping llama; friendly frog,education,p1355,2
1771,limping llama; friendly frog,education,p1362,2
1772,limping llama; friendly frog,education,p1365,4
1773,limping llama; friendly frog,education,p1366,3
1774,limping llama; friendly frog,education,p1367,3
1775,limping llama; friendly frog,education,p1370,2
1776,limping llama; friendly frog,education,p1371,4
1777,limping llama; friendly frog,education,p1373,3
1778,limping llama; friendly frog,education,p1375,4
1779,limping llama; friendly frog,education,p1376,3
1780,limping llama; friendly frog,education,p1379,5
1781,limping llama; friendly frog,education,p1381,2
1782,limping llama; friendly frog,education,p1393,5
1783,limping llama; friendly frog,education,p1396,4
1784,limping llama; friendly frog,education,p1398,5
1785,limping llama; friendly frog,education,p1404,2
1786,limping llama; friendly frog,education,p1406,2
1787,limping llama; friendly frog,education,p1407,2
1788,limping llama; friendly frog,education,p1409,4
1789,limping llama; friendly frog,education,p1412,2
1790,limping llama; friendly frog,education,p1414,5
1791,limping llama; friendly frog,education,p1424,2
1792,limping llama; friendly frog,education,p1425,3
1793,limping llama; friendly frog,education,p1429,3
1794,limping llama; friendly frog,education,p1434,4
1795,limping llama; friendly frog,education,p1441,2
1796,limping llama; friendly frog,education,p1445,2
1797,limping llama; friendly frog,education,p1450,2
1798,limping llama; friendly frog,education,p1454,5
1799,limping llama; friendly frog,education,p1456,4
1800,limping llama; friendly frog,education,p1457,3
1801,limping llama; friendly frog,education,p1458,5
1802,limping llama; friendly frog,education,p1469,3
1803,limping llama; friendly frog,education,p1470,4
1804,limping llama; friendly frog,education,p1481,4
1805,limping llama; friendly frog,education,p1488,4
1806,limping llama; friendly frog,education,p1492,5
1807,limping llama; friendly frog,education,p1495,2
1808,limping llama; friendly frog,education,p1497,2
1809,limping llama; friendly frog,education,p1499,4
1810,limping llama; friendly frog,education,p1503,4
1811,limping llama; friendly frog,education,p1511,4
1812,limping llama; friendly frog,education,p1512,2
1813,limping llama; friendly frog,education,p1518,3
1814,limping llama; friendly frog,education,p1519,4
1815,limping llama; friendly frog,education,p1520,3
1816,limping llama; friendly frog,education,p1524,2
1817,limping llama; friendly frog,education,p1526,5
1818,limping llama; friendly frog,education,p1537,2
1819,limping llama; friendly frog,education,p1545,3
1820,limping llama; friendly frog,education,p1547,2
1821,limping llama; friendly frog,education,p1552,4
1822,limping llama; friendly frog,education,p1567,4
1823,limping llama; friendly frog,education,p1568,3
1824,limping llama; friendly frog,education,p1579,2
1825,limping llama; friendly frog,education,p1587,1
1826,limping llama; friendly frog,education,p1596,2
1827,limping llama; friendly frog,education,p1600,4
1828,limping llama; friendly frog,education,p1603,3
1829,limping llama; friendly frog,education,p1604,2
1830,limping llama; friendly frog,education,p1610,2
1831,limping llama; friendly frog,education,p1618,4
1832,limping llama; friendly frog,education,p1619,5
1833,limping llama; friendly frog,education,p1622,5
1834,limping llama; friendly frog,education,p1623,4
1835,limping llama; friendly frog,education,p1630,4
1836,limping llama; friendly frog,education,p1641,4
1837,limping llama; friendly frog,education,p1649,3
1838,limping llama; friendly frog,education,p1652,4
1839,limping llama; friendly frog,education,p1665,4
1840,limping llama; friendly frog,education,p1669,4
1841,limping llama; friendly frog,education,p1685,4
1842,limping llama; friendly frog,education,p1693,3
1843,limping llama; friendly frog,education,p1698,5
1844,limping llama; friendly frog,education,p1704,5
1845,limping llama; friendly frog,education,p1711,4
1846,limping llama; friendly frog,education,p1718,2
1847,limping llama; friendly frog,education,p1732,2
1848,limping llama; friendly frog,education,p1739,4
1849,limping llama; friendly frog,education,p1741,4
1850,limping llama; friendly frog,education,p1746,2
1851,limping llama; friendly frog,education,p1751,3
1852,limping llama; friendly frog,education,p1754,2
1853,limping llama; friendly frog,education,p1769,4
1854,limping llama; friendly frog,education,p1771,2
1855,limping llama; friendly frog,education,p1776,1
1856,limping llama; friendly frog,education,p1780,4
1857,limping llama; friendly frog,education,p1785,3
1858,limping llama; friendly frog,education,p1791,5
1859,limping llama; friendly frog,education,p1793,6
1860,limping llama; friendly frog,education,p1796,4
1861,limping llama; friendly frog,education,p1805,3
1862,limping llama; friendly frog,education,p1812,3
1863,limping llama; friendly frog,education,p1816,3
1864,limping llama; friendly frog,education,p1819,5
1865,limping llama; friendly frog,education,p1825,5
1866,limping llama; friendly frog,education,p1836,4
1867,limping llama; friendly frog,education,p1839,2
1868,limping llama; friendly frog,education,p1861,4
1869,limping llama; friendly frog,education,p1863,5
1870,limping llama; friendly frog,education,p1873,5
1871,limping llama; friendly frog,education,p1875,2
1872,limping llama; friendly frog,education,p1876,4
1873,limping llama; friendly frog,education,p1877,4
1874,limping llama; friendly frog,education,p1880,2
1875,limping llama; friendly frog,education,p1883,2
1876,limping llama; friendly frog,education,p1889,4
1877,limping llama; friendly frog,education,p1893,3
1878,limping llama; friendly frog,education,p1896,4
1879,limping llama; friendly frog,education,p1913,3
1880,limping llama; friendly frog,education,p1922,5
1881,limping llama; friendly frog,education,p1930,4
1882,limping llama; friendly frog,education,p1935,3
1883,limping llama; friendly frog,education,p1940,5
1884,limping llama; friendly frog,education,p1948,4
1885,limping llama; friendly frog,education,p1950,2
1886,limping llama; friendly frog,education,p1954,3
1887,limping llama; friendly frog,education,p1956,3
1888,limping llama; friendly frog,education,p1958,3
1889,limping llama; friendly frog,education,p1967,5
1890,limping llama; friendly frog,education,p1973,5
1891,limping llama; friendly frog,education,p1978,3
1892,limping llama; friendly frog,education,p1983,5
1893,limping llama; friendly frog,education,p1984,3
1894,limping llama; friendly frog,education,p1995,3
1895,limping llama; friendly frog,education,p1996,3
1896,limping llama; friendly frog,education,p1997,4
1897,limping llama; friendly frog,education,p2001,2
1898,limping llama; friendly frog,education,p2002,3
1899,limping llama; friendly frog,education,p2013,5
1900,limping llama; friendly frog,education,p2014,2
1901,limping llama; friendly frog,education,p2016,5
1902,limping llama; friendly frog,education,p2018,2
1903,limping llama; friendly frog,education,p2023,3
1904,limping llama; friendly frog,education,p2025,4
1905,limping llama; friendly frog,education,p2028,3
1906,limping llama; friendly frog,education,p2030,3
1907,limping llama; friendly frog,education,p2033,3
1908,limping llama; friendly frog,education,p2040,5
1909,limping llama; friendly frog,education,p2051,3
1910,limping llama; friendly frog,education,p2052,4
1911,limping llama; friendly frog,education,p2066,2
1912,limping llama; friendly frog,education,p2067,3
1913,limping llama; friendly frog,education,p2073,4
1914,limping llama; friendly frog,education,p2077,3
1915,limping llama; friendly frog,education,p2078,5
1916,limping llama; friendly frog,education,p2086,4
1917,limping llama; friendly frog,education,p2089,4
1918,limping llama; friendly frog,education,p2093,4
1919,limping llama; friendly frog,education,p2094,3
1920,limping llama; friendly frog,education,p2111,2
1921,limping llama; friendly frog,education,p2117,4
1922,limping llama; friendly frog,education,p2121,4
1923,limping llama; friendly frog,education,p2127,3
1924,limping llama; friendly frog,education,p2141,4
1925,limping llama; friendly frog,education,p2142,3
1926,limping llama; friendly frog,education,p2143,4
1927,limping llama; friendly frog,education,p2153,4
1928,limping llama; friendly frog,education,p2155,3
1929,limping llama; friendly frog,education,p2169,3
1930,limping llama; friendly frog,education,p2187,4
1931,limping llama; friendly frog,education,p2188,4
1932,limping llama; friendly frog,education,p2197,3
1933,limping llama; friendly frog,education,p2213,3
1934,limping llama; friendly frog,education,p2214,3
1935,limping llama; friendly frog,education,p2215,4
1936,limping llama; friendly frog,education,p2220,5
1937,limping llama; friendly frog,education,p2223,3
1938,limping llama; friendly frog,education,p2229,4
1939,limping llama; friendly frog,education,p2234,3
1940,limping llama; friendly frog,education,p2237,5
1941,limping llama; friendly frog,education,p2238,5
1942,limping llama; friendly frog,education,p2244,4
1943,limping llama; friendly frog,education,p2248,2
1944,limping llama; friendly frog,education,p2252,4
1945,limping llama; friendly frog,education,p2255,2
1946,limping llama; friendly frog,education,p2261,3
1947,limping llama; friendly frog,education,p2263,3
1948,limping llama; friendly frog,education,p2273,5
1949,limping llama; friendly frog,education,p2275,3
1950,limping llama; friendly frog,education,p2276,4
1951,limping llama; friendly frog,education,p2283,3
1952,limping llama; friendly frog,education,p2287,2
1953,limping llama; friendly frog,education,p2296,3
1954,limping llama; friendly frog,education,p2298,3
1955,limping llama; friendly frog,education,p2304,4
1956,limping llama; friendly frog,education,p2310,2
1957,limping llama; friendly frog,education,p2322,2
1958,limping llama; friendly frog,education,p2326,4
1959,limping llama; friendly frog,education,p2330,3
1960,limping llama; friendly frog,education,p2331,3
1961,limping llama; friendly frog,education,p2333,2
1962,limping llama; friendly frog,education,p2347,2
1963,limping llama; friendly frog,education,p2350,3
1964,limping llama; friendly frog,education,p2351,4
1965,limping llama; friendly frog,education,p2353,3
1966,limping llama; friendly frog,education,p2355,1
1967,limping llama; friendly frog,education,p2363,1
1968,limping llama; friendly frog,education,p2378,4
1969,limping llama; friendly frog,education,p2380,3
1970,limping llama; friendly frog,education,p2387,3
1971,limping llama; friendly frog,education,p2398,2
1972,limping llama; friendly frog,education,p2400,3
1973,limping llama; friendly frog,education,p2403,5
1974,limping llama; friendly frog,education,p2408,3
1975,limping llama; friendly frog,education,p2418,2
1976,limping llama; friendly frog,education,p2426,3
1977,limping llama; friendly frog,education,p2428,2
1978,limping llama; friendly frog,education,p2434,5
1979,limping llama; friendly frog,education,p2446,3
1980,limping llama; friendly frog,education,p2452,2
1981,limping llama; friendly frog,education,p2454,2
1982,limping llama; friendly frog,education,p2462,3
1983,limping llama; friendly frog,education,p2467,4
1984,limping llama; friendly frog,education,p2482,3
1985,limping llama; friendly frog,education,p2489,3
1986,limping llama; friendly frog,education,p2490,2
1987,limping llama; friendly frog,education,p2494,3
1988,limping llama; friendly frog,education,p2502,4
1989,limping llama; friendly frog,education,p2503,3
1990,limping llama; friendly frog,education,p2522,3
1991,limping llama; friendly frog,education,p2524,3
1992,limping llama; friendly frog,education,p2533,1
1993,limping llama; friendly frog,education,p2566,3
1994,limping llama; friendly frog,education,p2571,3
1995,limping llama; friendly frog,education,p2573,1
1996,limping llama; friendly frog,education,p2582,4
1997,limping llama; friendly frog,education,p2591,2
1998,limping llama; friendly frog,education,p2592,3
1999,limping llama; friendly frog,education,p2595,4
2000,limping llama; friendly frog,income,p0016,3
2001,limping llama; friendly frog,income,p0022,4
2002,limping llama; friendly frog,income,p0023,4
2003,limping llama; friendly frog,income,p0026,4
2004,limping llama; friendly frog,income,p0034,3
2005,limping llama; friendly frog,income,p0036,3
2006,limping llama; friendly frog,income,p0037,4
2007,limping llama; friendly frog,income,p0042,3
2008,limping llama; friendly frog,income,p0057,3
2009,limping llama; friendly frog,income,p0066,4
2010,limping llama; friendly frog,income,p0069,1
2011,limping llama; friendly frog,income,p0072,4
2012,limping llama; friendly frog,income,p0073,4
2013,limping llama; friendly frog,income,p0082,4
2014,limping llama; friendly frog,income,p0091,4
2015,limping llama; friendly frog,income,p0092,2
2016,limping llama; friendly frog,income,p0093,4
2017,limping llama; friendly frog,income,p0095,3
2018,limping llama; friendly frog,income,p0107,3
2019,limping llama; friendly frog,income,p0114,3
2020,limping llama; friendly frog,income,p0116,3
2021,limping llama; friendly frog,income,p0118,3
2022,limping llama; friendly frog,income,p0119,3
2023,limping llama; friendly frog,income,p0126,3
2024,limping llama; friendly frog,income,p0129,4
2025,limping llama; friendly frog,income,p0136,3
2026,limping llama; friendly frog,income,p0138,3
2027,limping llama; friendly frog,income,p0144,3
2028,limping llama; friendly frog,income,p0150,1
2029,limping llama; friendly frog,income,p0152,3
2030,limping llama; friendly frog,income,p0158,2
2031,limping llama; friendly frog,income,p0161,4
2032,limping llama; friendly frog,income,p0164,3
2033,limping llama; friendly frog,income,p0175,4
2034,limping llama; friendly frog,income,p0177,4
2035,limping llama; friendly frog,income,p0178,4
2036,limping llama; friendly frog,income,p0181,4
2037,limping llama; friendly frog,income,p0186,2
2038,limping llama; friendly frog,income,p0196,4
2039,limping llama; friendly frog,income,p0198,4
2040,limping llama; friendly frog,income,p0202,3
2041,limping llama; friendly frog,income,p0205,4
2042,limping llama; friendly frog,income,p0207,3
2043,limping llama; friendly frog,income,p0211,3
2044,limping llama; friendly frog,income,p0227,4
2045,limping llama; friendly frog,income,p0229,3
2046,limping llama; friendly frog,income,p0232,4
2047,limping llama; friendly frog,income,p0233,2
2048,limping llama; friendly frog,income,p0237,3
2049,limping llama; friendly frog,income,p0258,3
2050,limping llama; friendly frog,income,p0268,2
2051,limping llama; friendly frog,income,p0274,3
2052,limping llama; friendly frog,income,p0275,2
2053,limping llama; friendly frog,income,p0277,1
2054,limping llama; friendly frog,income,p0288,3
2055,limping llama; friendly frog,income,p0291,3
2056,limping llama; friendly frog,income,p0307,1
2057,limping llama; friendly frog,income,p0308,3
2058,limping llama; friendly frog,income,p0317,4
2059,limping llama; friendly frog,income,p0325,4
2060,limping llama; friendly frog,income,p0327,4
2061,limping llama; friendly frog,income,p0334,4
2062,limping llama; friendly frog,income,p0336,4
2063,limping llama; friendly frog,income,p0338,2
2064,limping llama; friendly frog,income,p0342,4
2065,limping llama; friendly frog,income,p0349,3
2066,limping llama; friendly frog,income,p0356,3
2067,limping llama; friendly frog,income,p0358,1
2068,limping llama; friendly frog,income,p0363,3
2069,limping llama; friendly frog,income,p0364,4
2070,limping llama; friendly frog,income,p0369,4
2071,limping llama; friendly frog,income,p0370,2
2072,limping llama; friendly frog,income,p0371,3
2073,limping llama; friendly frog,income,p0379,3
2074,limping llama; friendly frog,income,p0386,3
2075,limping llama; friendly frog,income,p0396,3
2076,limping llama; friendly frog,income,p0403,2
2077,limping llama; friendly frog,income,p0405,4
2078,limping llama; friendly frog,income,p0412,4
2079,limping llama; friendly frog,income,p0415,4
2080,limping llama; friendly frog,income,p0416,4
2081,limping llama; friendly frog,income,p0417,3
2082,limping llama; friendly frog,income,p0418,3
2083,limping llama; friendly frog,income,p0430,4
2084,limping llama; friendly frog,income,p0431,4
2085,limping llama; friendly frog,income,p0434,3
2086,limping llama; friendly frog,income,p0438,4
2087,limping llama; friendly frog,income,p0441,4
2088,limping llama; friendly frog,income,p0442,2
2089,limping llama; friendly frog,income,p0449,4
2090,limping llama; friendly frog,income,p0450,4
2091,limping llama; friendly frog,income,p0465,4
2092,limping llama; friendly frog,income,p0471,3
2093,limping llama; friendly frog,income,p0477,3
2094,limping llama; friendly frog,income,p0483,3
2095,limping llama; friendly frog,income,p0486,3
2096,limping llama; friendly frog,income,p0487,3
2097,limping llama; friendly frog,income,p0489,4
2098,limping llama; friendly frog,income,p0497,4
2099,limping llama; friendly frog,income,p0502,4
2100,limping llama; friendly frog,income,p0503,2
2101,limping llama; friendly frog,income,p0506,3
2102,limping llama; friendly frog,income,p0511,4
2103,limping llama; friendly frog,income,p0523,2
2104,limping llama; friendly frog,income,p0534,4
2105,limping llama; friendly frog,income,p0536,3
2106,limping llama; friendly frog,income,p0542,4
2107,limping llama; friendly frog,income,p0547,3
2108,limping llama; friendly frog,income,p0553,4
2109,limping llama; friendly frog,income,p0559,4
2110,limping llama; friendly frog,income,p0566,4
2111,limping llama; friendly frog,income,p0568,3
2112,limping llama; friendly frog,income,p0570,2
2113,limping llama; friendly frog,income,p0573,3
2114,limping llama; friendly frog,income,p0578,2
2115,limping llama; friendly frog,income,p0594,3
2116,limping llama; friendly frog,income,p0597,2
2117,limping llama; friendly frog,income,p0601,3
2118,limping llama; friendly frog,income,p0602,2
2119,limping llama; friendly frog,income,p0605,3
2120,limping llama; friendly frog,income,p0615,2
2121,limping llama; friendly frog,income,p0620,3
2122,limping llama; friendly frog,income,p0626,3
2123,limping llama; friendly frog,income,p0629,4
2124,limping llama; friendly frog,income,p0633,2
2125,limping llama; friendly frog,income,p0638,3
2126,limping llama; friendly frog,income,p0639,4
2127,limping llama; friendly frog,income,p0640,3
2128,limping llama; friendly frog,income,p0655,4
2129,limping llama; friendly frog,income,p0656,3
2130,limping llama; friendly frog,income,p0658,4
2131,limping llama; friendly frog,income,p0661,3
2132,limping llama; friendly frog,income,p0669,3
2133,limping llama; friendly frog,income,p0670,2
2134,limping llama; friendly frog,income,p0672,3
2135,limping llama; friendly frog,income,p0674,3
2136,limping llama; friendly frog,income,p0678,4
2137,limping llama; friendly frog,income,p0683,3
2138,limping llama; friendly frog,income,p0686,3
2139,limping llama; friendly frog,income,p0687,3
2140,limping llama; friendly frog,income,p0698,2
2141,limping llama; friendly frog,income,p0700,4
2142,limping llama; friendly frog,income,p0703,3
2143,limping llama; friendly frog,income,p0718,2
2144,limping llama; friendly frog,income,p0744,4
2145,limping llama; friendly frog,income,p0745,4
2146,limping llama; friendly frog,income,p0753,2
2147,limping llama; friendly frog,income,p0770,4
2148,limping llama; friendly frog,income,p0771,3
2149,limping llama; friendly frog,income,p0777,4
2150,limping llama; friendly frog,income,p0779,4
2151,limping llama; friendly frog,income,p0780,1
2152,limping llama; friendly frog,income,p0783,3
2153,limping llama; friendly frog,income,p0785,4
2154,limping llama; friendly frog,income,p0786,3
2155,limping llama; friendly frog,income,p0794,4
2156,limping llama; friendly frog,income,p0798,4
2157,limping llama; friendly frog,income,p0800,3
2158,limping llama; friendly frog,income,p0820,2
2159,limping llama; friendly frog,income,p0841,3
2160,limping llama; friendly frog,income,p0849,3
2161,limping llama; friendly frog,income,p0862,3
2162,limping llama; friendly frog,income,p0867,4
2163,limping llama; friendly frog,income,p0869,4
2164,limping llama; friendly frog,income,p0872,3
2165,limping llama; friendly frog,income,p0880,2
2166,limping llama; friendly frog,income,p0891,3
2167,limping llama; friendly frog,income,p0916,3
2168,limping llama; friendly frog,income,p0917,4
2169,limping llama; friendly frog,income,p0919,3
2170,limping llama; friendly frog,income,p0922,2
2171,limping llama; friendly frog,income,p0925,2
2172,limping llama; friendly frog,income,p0927,4
2173,limping llama; friendly frog,income,p0929,2
2174,limping llama; friendly frog,income,p0930,4
2175,limping llama; friendly frog,income,p0931,2
2176,limping llama; friendly frog,income,p0933,2
2177,limping llama; friendly frog,income,p0934,4
2178,limping llama; friendly frog,income,p0936,3
2179,limping llama; friendly frog,income,p0938,3
2180,limping llama; friendly frog,income,p0939,2
2181,limping llama; friendly frog,income,p0946,4
2182,limping llama; friendly frog,income,p0951,2
2183,limping llama; friendly frog,income,p0956,3
2184,limping llama; friendly frog,income,p0962,3
2185,limping llama; friendly frog,income,p0963,3
2186,limping llama; friendly frog,income,p0969,5
2187,limping llama; friendly frog,income,p0972,3
2188,limping llama; friendly frog,income,p0975,4
2189,limping llama; friendly frog,income,p0985,2
2190,limping llama; friendly frog,income,p0993,1
2191,limping llama; friendly frog,income,p0996,3
2192,limping llama; friendly frog,income,p1011,3
2193,limping llama; friendly frog,income,p1017,4
2194,limping llama; friendly frog,income,p1020,3
2195,limping llama; friendly frog,income,p1022,3
2196,limping llama; friendly frog,income,p1024,2
2197,limping llama; friendly frog,income,p1027,3
2198,limping llama; friendly frog,income,p1028,4
2199,limping llama; friendly frog,income,p1029,2
2200,limping llama; friendly frog,income,p1032,3
2201,limping llama; friendly frog,income,p1040,3
2202,limping llama; friendly frog,income,p1047,4
2203,limping llama; friendly frog,income,p1048,2
2204,limping llama; friendly frog,income,p1053,2
2205,limping llama; friendly frog,income,p1057,3
2206,limping llama; friendly frog,income,p1058,4
2207,limping llama; friendly frog,income,p1063,4
2208,limping llama; friendly frog,income,p1064,3
2209,limping llama; friendly frog,income,p1065,3
2210,limping llama; friendly frog,income,p1069,3
2211,limping llama; friendly frog,income,p1072,3
2212,limping llama; friendly frog,income,p1073,3
2213,limping llama; friendly frog,income,p1075,3
2214,limping llama; friendly frog,income,p1076,2
2215,limping llama; friendly frog,income,p1083,3
2216,limping llama; friendly frog,income,p1089,4
2217,limping llama; friendly frog,income,p1093,3
2218,limping llama; friendly frog,income,p1096,4
2219,limping llama; friendly frog,income,p1100,4
2220,limping llama; friendly frog,income,p1106,2
2221,limping llama; friendly frog,income,p1107,2
2222,limping llama; friendly frog,income,p1113,2
2223,limping llama; friendly frog,income,p1117,3
2224,limping llama; friendly frog,income,p1120,4
2225,limping llama; friendly frog,income,p1134,4
2226,limping llama; friendly frog,income,p1136,3
2227,limping llama; friendly frog,income,p1138,3
2228,limping llama; friendly frog,income,p1144,3
2229,limping llama; friendly frog,income,p1145,4
2230,limping llama; friendly frog,income,p1147,4
2231,limping llama; friendly frog,income,p1148,3
2232,limping llama; friendly frog,income,p1154,3
2233,limping llama; friendly frog,income,p1159,4
2234,limping llama; friendly frog,income,p1167,3
2235,limping llama; friendly frog,income,p1175,2
2236,limping llama; friendly frog,income,p1178,3
2237,limping llama; friendly frog,income,p1184,3
2238,limping llama; friendly frog,income,p1186,3
2239,limping llama; friendly frog,income,p1196,2
2240,limping llama; friendly frog,income,p1197,3
2241,limping llama; friendly frog,income,p1203,3
2242,limping llama; friendly frog,income,p1219,2
2243,limping llama; friendly frog,income,p1225,4
2244,limping llama; friendly frog,income,p1234,2
2245,limping llama; friendly frog,income,p1242,3
2246,limping llama; friendly frog,income,p1244,3
2247,limping llama; friendly frog,income,p1249,3
2248,limping llama; friendly frog,income,p1250,3
2249,limping llama; friendly frog,income,p1256,4
2250,limping llama; friendly frog,income,p1258,4
2251,limping llama; friendly frog,income,p1260,2
2252,limping llama; friendly frog,income,p1262,4
2253,limping llama; friendly frog,income,p1264,2
2254,limping llama; friendly frog,income,p1265,4
2255,limping llama; friendly frog,income,p1269,3
2256,limping llama; friendly frog,income,p1272,3
2257,limping llama; friendly frog,income,p1278,2
2258,limping llama; friendly frog,income,p1281,2
2259,limping llama; friendly frog,income,p1292,4
2260,limping llama; friendly frog,income,p1299,4
2261,limping llama; friendly frog,income,p1312,3
2262,limping llama; friendly frog,income,p1322,1
2263,limping llama; friendly frog,income,p1326,3
2264,limping llama; friendly frog,income,p1330,2
2265,limping llama; friendly frog,income,p1335,3
2266,limping llama; friendly frog,income,p1337,4
2267,limping llama; friendly frog,income,p1340,4
2268,limping llama; friendly frog,income,p1345,3
2269,limping llama; friendly frog,income,p1351,3
2270,limping llama; friendly frog,income,p1355,3
2271,limping llama; friendly frog,income,p1362,4
2272,limping llama; friendly frog,income,p1365,3
2273,limping llama; friendly frog,income,p1366,3
2274,limping llama; friendly frog,income,p1367,3
2275,limping llama; friendly frog,income,p1370,3
2276,limping llama; friendly frog,income,p1371,5
2277,limping llama; friendly frog,income,p1373,4
2278,limping llama; friendly frog,income,p1375,4
2279,limping llama; friendly frog,income,p1376,1
2280,limping llama; friendly frog,income,p1379,3
2281,limping llama; friendly frog,income,p1381,3
2282,limping llama; friendly frog,income,p1393,4
2283,limping llama; friendly frog,income,p1396,3
2284,limping llama; friendly frog,income,p1398,4
2285,limping llama; friendly frog,income,p1404,1
2286,limping llama; friendly frog,income,p1406,3
2287,limping llama; friendly frog,income,p1407,2
2288,limping llama; friendly frog,income,p1409,4
2289,limping llama; friendly frog,income,p1412,2
2290,limping llama; friendly frog,income,p1414,4
2291,limping llama; friendly frog,income,p1424,4
2292,limping llama; friendly frog,income,p1425,4
2293,limping llama; friendly frog,income,p1429,3
2294,limping llama; friendly frog,income,p1434,4
2295,limping llama; friendly frog,income,p1441,2
2296,limping llama; friendly frog,income,p1445,2
2297,limping llama; friendly frog,income,p1450,3
2298,limping llama; friendly frog,income,p1454,4
2299,limping llama; friendly frog,income,p1456,3
2300,limping llama; friendly frog,income,p1457,1
2301,limping llama; friendly frog,income,p1458,4
2302,limping llama; friendly frog,income,p1469,2
2303,limping llama; friendly frog,income,p1470,4
2304,limping llama; friendly frog,income,p1481,3
2305,limping llama; friendly frog,income,p1488,3
2306,limping llama; friendly frog,income,p1492,3
2307,limping llama; friendly frog,income,p1495,3
2308,limping llama; friendly frog,income,p1497,3
2309,limping llama; friendly frog,income,p1499,4
2310,limping llama; friendly frog,income,p1503,2
2311,limping llama; friendly frog,income,p1511,4
2312,limping llama; friendly frog,income,p1512,1
2313,limping llama; friendly frog,income,p1518,2
2314,limping llama; friendly frog,income,p1519,3
2315,limping llama; friendly frog,income,p1520,1
2316,limping llama; friendly frog,income,p1524,3
2317,limping llama; friendly frog,income,p1526,5
2318,limping llama; friendly frog,income,p1537,3
2319,limping llama; friendly frog,income,p1545,3
2320,limping llama; friendly frog,income,p1547,1
2321,limping llama; friendly frog,income,p1552,5
2322,limping llama; friendly frog,income,p1567,4
2323,limping llama; friendly frog,income,p1568,3
2324,limping llama; friendly frog,income,p1579,2
2325,limping llama; friendly frog,income,p1587,1
2326,limping llama; friendly frog,income,p1596,3
2327,limping llama; friendly frog,income,p1600,4
2328,limping llama; friendly frog,income,p1603,2
2329,limping llama; friendly frog,income,p1604,3
2330,limping llama; friendly frog,income,p1610,2
2331,limping llama; friendly frog,income,p1618,3
2332,limping llama; friendly frog,income,p1619,4
2333,limping llama; friendly frog,income,p1622,4
2334,limping llama; friendly frog,income,p1623,3
2335,limping llama; friendly frog,income,p1630,4
2336,limping llama; friendly frog,income,p1641,4
2337,limping llama; friendly frog,income,p1649,2
2338,limping llama; friendly frog,income,p1652,3
2339,limping llama; friendly frog,income,p1665,3
2340,limping llama; friendly frog,income,p1669,4
2341,limping llama; friendly frog,income,p1685,4
2342,limping llama; friendly frog,income,p1693,3
2343,limping llama; friendly frog,income,p1698,4
2344,limping llama; friendly frog,income,p1704,4
2345,limping llama; friendly frog,income,p1711,4
2346,limping llama; friendly frog,income,p1718,3
2347,limping llama; friendly frog,income,p1732,3
2348,limping llama; friendly frog,income,p1739,4
2349,limping llama; friendly frog,income,p1741,4
2350,limping llama; friendly frog,income,p1746,1
2351,limping llama; friendly frog,income,p1751,4
2352,limping llama; friendly frog,income,p1754,1
2353,limping llama; friendly frog,income,p1769,4
2354,limping llama; friendly frog,income,p1771,2
2355,limping llama; friendly frog,income,p1776,2
2356,limping llama; friendly frog,income,p1780,4
2357,limping llama; friendly frog,income,p1785,2
2358,limping llama; friendly frog,income,p1791,3
2359,limping llama; friendly frog,income,p1793,4
2360,limping llama; friendly frog,income,p1796,5
2361,limping llama; friendly frog,income,p1805,3
2362,limping llama; friendly frog,income,p1812,3
2363,limping llama; friendly frog,income,p1816,3
2364,limping llama; friendly frog,income,p1819,4
2365,limping llama; friendly frog,income,p1825,4
2366,limping llama; friendly frog,income,p1836,3
2367,limping llama; friendly frog,income,p1839,4
2368,limping llama; friendly frog,income,p1861,3
2369,limping llama; friendly frog,income,p1863,4
2370,limping llama; friendly frog,income,p1873,4
2371,limping llama; friendly frog,income,p1875,3
2372,limping llama; friendly frog,income,p1876,4
2373,limping llama; friendly frog,income,p1877,2
2374,limping llama; friendly frog,income,p1880,3
2375,limping llama; friendly frog,income,p1883,3
2376,limping llama; friendly frog,income,p1889,1
2377,limping llama; friendly frog,income,p1893,2
2378,limping llama; friendly frog,income,p1896,3
2379,limping llama; friendly frog,income,p1913,4
2380,limping llama; friendly frog,income,p1922,4
2381,limping llama; friendly frog,income,p1930,3
2382,limping llama; friendly frog,income,p1935,4
2383,limping llama; friendly frog,income,p1940,4
2384,limping llama; friendly frog,income,p1948,4
2385,limping llama; friendly frog,income,p1950,2
2386,limping llama; friendly frog,income,p1954,2
2387,limping llama; friendly frog,income,p1956,3
2388,limping llama; friendly frog,income,p1958,3
2389,limping llama; friendly frog,income,p1967,4
2390,limping llama; friendly frog,income,p1973,5
2391,limping llama; friendly frog,income,p1978,4
2392,limping llama; friendly frog,income,p1983,2
2393,limping llama; friendly frog,income,p1984,3
2394,limping llama; friendly frog,income,p1995,3
2395,limping llama; friendly frog,income,p1996,2
2396,limping llama; friendly frog,income,p1997,4
2397,limping llama; friendly frog,income,p2001,3
2398,limping llama; friendly frog,income,p2002,2
2399,limping llama; friendly frog,income,p2013,4
2400,limping llama; friendly frog,income,p2014,3
2401,limping llama; friendly frog,income,p2016,4
2402,limping llama; friendly frog,income,p2018,1
2403,limping llama; friendly frog,income,p2023,3
2404,limping llama; friendly frog,income,p2025,4
2405,limping llama; friendly frog,income,p2028,2
2406,limping llama; friendly frog,income,p2030,3
2407,limping llama; friendly frog,income,p2033,3
2408,limping llama; friendly frog,income,p2040,3
2409,limping llama; friendly frog,income,p2051,3
2410,limping llama; friendly frog,income,p2052,4
2411,limping llama; friendly frog,income,p2066,2
2412,limping llama; friendly frog,income,p2067,3
2413,limping llama; friendly frog,income,p2073,4
2414,limping llama; friendly frog,income,p2077,2
2415,limping llama; friendly frog,income,p2078,4
2416,limping llama; friendly frog,income,p2086,3
2417,limping llama; friendly frog,income,p2089,3
2418,limping llama; friendly frog,income,p2093,3
2419,limping llama; friendly frog,income,p2094,3
2420,limping llama; friendly frog,income,p2111,2
2421,limping llama; friendly frog,income,p2117,4
2422,limping llama; friendly frog,income,p2121,3
2423,limping llama; friendly frog,income,p2127,3
2424,limping llama; friendly frog,income,p2141,3
2425,limping llama; friendly frog,income,p2142,2
2426,limping llama; friendly frog,income,p2143,4
2427,limping llama; friendly frog,income,p2153,1
2428,limping llama; friendly frog,income,p2155,2
2429,limping llama; friendly frog,income,p2169,4
2430,limping llama; friendly frog,income,p2187,3
2431,limping llama; friendly frog,income,p2188,4
2432,limping llama; friendly frog,income,p2197,2
2433,limping llama; friendly frog,income,p2213,3
2434,limping llama; friendly frog,income,p2214,2
2435,limping llama; friendly frog,income,p2215,5
2436,limping llama; friendly frog,income,p2220,3
2437,limping llama; friendly frog,income,p2223,2
2438,limping llama; friendly frog,income,p2229,3
2439,limping llama; friendly frog,income,p2234,3
2440,limping llama; friendly frog,income,p2237,4
2441,limping llama; friendly frog,income,p2238,4
2442,limping llama; friendly frog,income,p2244,2
2443,limping llama; friendly frog,income,p2248,3
2444,limping llama; friendly frog,income,p2252,3
2445,limping llama; friendly frog,income,p2255,1
2446,limping llama; friendly frog,income,p2261,3
2447,limping llama; friendly frog,income,p2263,4
2448,limping llama; friendly frog,income,p2273,3
2449,limping llama; friendly frog,income,p2275,2
2450,limping llama; friendly frog,income,p2276,2
2451,limping llama; friendly frog,income,p2283,1
2452,limping llama; friendly frog,income,p2287,3
2453,limping llama; friendly frog,income,p2296,2
2454,limping llama; friendly frog,income,p2298,3
2455,limping llama; friendly frog,income,p2304,3
2456,limping llama; friendly frog,income,p2310,2
2457,limping llama; friendly frog,income,p2322,2
2458,limping llama; friendly frog,income,p2326,3
2459,limping llama; friendly frog,income,p2330,3
2460,limping llama; friendly frog,income,p2331,3
2461,limping llama; friendly frog,income,p2333,2
2462,limping llama; friendly frog,income,p2347,3
2463,limping llama; friendly frog,income,p2350,2
2464,limping llama; friendly frog,income,p2351,3
2465,limping llama; friendly frog,income,p2353,2
2466,limping llama; friendly frog,income,p2355,2
2467,limping llama; friendly frog,income,p2363,2
2468,limping llama; friendly frog,income,p2378,3
2469,limping llama; friendly frog,income,p2380,2
2470,limping llama; friendly frog,income,p2387,4
2471,limping llama; friendly frog,income,p2398,2
2472,limping llama; friendly frog,income,p2400,4
2473,limping llama; friendly frog,income,p2403,2
2474,limping llama; friendly frog,income,p2408,3
2475,limping llama; friendly frog,income,p2418,2
2476,limping llama; friendly frog,income,p2426,2
2477,limping llama; friendly frog,income,p2428,2
2478,limping llama; friendly frog,income,p2434,3
2479,limping llama; friendly frog,income,p2446,1
2480,limping llama; friendly frog,income,p2452,3
2481,limping llama; friendly frog,income,p2454,2
2482,limping llama; friendly frog,income,p2462,3
2483,limping llama; friendly frog,income,p2467,5
2484,limping llama; friendly frog,income,p2482,3
2485,limping llama; friendly frog,income,p2489,3
2486,limping llama; friendly frog,income,p2490,2
2487,limping llama; friendly frog,income,p2494,2
2488,limping llama; friendly frog,income,p2502,4
2489,limping llama; friendly frog,income,p2503,3
2490,limping llama; friendly frog,income,p2522,3
2491,limping llama; friendly frog,income,p2524,3
2492,limping llama; friendly frog,income,p2533,3
2493,limping llama; friendly frog,income,p2566,3
2494,limping llama; friendly frog,income,p2571,3
2495,limping llama; friendly frog,income,p2573,2
2496,limping llama; friendly frog,income,p2582,4
2497,limping llama; friendly frog,income,p2591,3
2498,limping llama; friendly frog,income,p2592,3
2499,limping llama; friendly frog,income,p2595,2
2500,limping llama; friendly frog,party,p0016,2
2501,limping llama; friendly frog,party,p0022,3
2502,limping llama; friendly frog,party,p0023,3
2503,limping llama; friendly frog,party,p0026,1
2504,limping llama; friendly frog,party,p0034,1
2505,limping llama; friendly frog,party,p0036,2
2506,limping llama; friendly frog,party,p0037,1
2507,limping llama; friendly frog,party,p0042,3
2508,limping llama; friendly frog,party,p0057,3
2509,limping llama; friendly frog,party,p0066,1
2510,limping llama; friendly frog,party,p0069,1
2511,limping llama; friendly frog,party,p0072,1
2512,limping llama; friendly frog,party,p0073,1
2513,limping llama; friendly frog,party,p0082,3
2514,limping llama; friendly frog,party,p0091,3
2515,limping llama; friendly frog,party,p0092,3
2516,limping llama; friendly frog,party,p0093,1
2517,limping llama; friendly frog,party,p0095,3
2518,limping llama; friendly frog,party,p0107,1
2519,limping llama; friendly frog,party,p0114,2
2520,limping llama; friendly frog,party,p0116,1
2521,limping llama; friendly frog,party,p0118,1
2522,limping llama; friendly frog,party,p0119,2
2523,limping llama; friendly frog,party,p0126,2
2524,limping llama; friendly frog,party,p0129,3
2525,limping llama; friendly frog,party,p0136,2
2526,limping llama; friendly frog,party,p0138,2
2527,limping llama; friendly frog,party,p0144,2
2528,limping llama; friendly frog,party,p0150,3
2529,limping llama; friendly frog,party,p0152,1
2530,limping llama; friendly frog,party,p0158,3
2531,limping llama; friendly frog,party,p0161,1
2532,limping llama; friendly frog,party,p0164,1
2533,limping llama; friendly frog,party,p0175,3
2534,limping llama; friendly frog,party,p0177,2
2535,limping llama; friendly frog,party,p0178,3
2536,limping llama; friendly frog,party,p0181,1
2537,limping llama; friendly frog,party,p0186,3
2538,limping llama; friendly frog,party,p0196,3
2539,limping llama; friendly frog,party,p0198,3
2540,limping llama; friendly frog,party,p0202,3
2541,limping llama; friendly frog,party,p0205,2
2542,limping llama; friendly frog,party,p0207,3
2543,limping llama; friendly frog,party,p0211,3
2544,limping llama; friendly frog,party,p0227,2
2545,limping llama; friendly frog,party,p0229,3
2546,limping llama; friendly frog,party,p0232,3
2547,limping llama; friendly frog,party,p0233,2
2548,limping llama; friendly frog,party,p0237,3
2549,limping llama; friendly frog,party,p0258,3
2550,limping llama; friendly frog,party,p0268,3
2551,limping llama; friendly frog,party,p0274,3
2552,limping llama; friendly frog,party,p0275,3
2553,limping llama; friendly frog,party,p0277,2
2554,limping llama; friendly frog,party,p0288,3
2555,limping llama; friendly frog,party,p0291,2
2556,limping llama; friendly frog,party,p0307,1
2557,limping llama; friendly frog,party,p0308,1
2558,limping llama; friendly frog,party,p0317,1
2559,limping llama; friendly frog,party,p0325,2
2560,limping llama; friendly frog,party,p0327,3
2561,limping llama; friendly frog,party,p0334,3
2562,limping llama; friendly frog,party,p0336,3
2563,limping llama; friendly frog,party,p0338,1
2564,limping llama; friendly frog,party,p0342,3
2565,limping llama; friendly frog,party,p0349,1
2566,limping llama; friendly frog,party,p0356,3
2567,limping llama; friendly frog,party,p0358,3
2568,limping llama; friendly frog,party,p0363,2
2569,limping llama; friendly frog,party,p0364,2
2570,limping llama; friendly frog,party,p0369,1
2571,limping llama; friendly frog,party,p0370,2
2572,limping llama; friendly frog,party,p0371,1
2573,limping llama; friendly frog,party,p0379,1
2574,limping llama; friendly frog,party,p0386,3
2575,limping llama; friendly frog,party,p0396,3
2576,limping llama; friendly frog,party,p0403,3
2577,limping llama; friendly frog,party,p0405,3
2578,limping llama; friendly frog,party,p0412,1
2579,limping llama; friendly frog,party,p0415,1
2580,limping llama; friendly frog,party,p0416,2
2581,limping llama; friendly frog,party,p0417,3
2582,limping llama; friendly frog,party,p0418,2
2583,limping llama; friendly frog,party,p0430,3
2584,limping llama; friendly frog,party,p0431,3
2585,limping llama; friendly frog,party,p0434,1
2586,limping llama; friendly frog,party,p0438,3
2587,limping llama; friendly frog,party,p0441,3
2588,limping llama; friendly frog,party,p0442,3
2589,limping llama; friendly frog,party,p0449,1
2590,limping llama; friendly frog,party,p0450,2
2591,limping llama; friendly frog,party,p0465,3
2592,limping llama; friendly frog,party,p0471,1
2593,limping llama; friendly frog,party,p0477,3
2594,limping llama; friendly frog,party,p0483,3
2595,limping llama; friendly frog,party,p0486,1
2596,limping llama; friendly frog,party,p0487,1
2597,limping llama; friendly frog,party,p0489,3
2598,limping llama; friendly frog,party,p0497,1
2599,limping llama; friendly frog,party,p0502,1
2600,limping llama; friendly frog,party,p0503,3
2601,limping llama; friendly frog,party,p0506,2
2602,limping llama; friendly frog,party,p0511,1
2603,limping llama; friendly frog,party,p0523,3
2604,limping llama; friendly frog,party,p0534,1
2605,limping llama; friendly frog,party,p0536,3
2606,limping llama; friendly frog,party,p0542,1
2607,limping llama; friendly frog,party,p0547,2
2608,limping llama; friendly frog,party,p0553,3
2609,limping llama; friendly frog,party,p0559,2
2610,limping llama; friendly frog,party,p0566,2
2611,limping llama; friendly frog,party,p0568,2
2612,limping llama; friendly frog,party,p0570,3
2613,limping llama; friendly frog,party,p0573,1
2614,limping llama; friendly frog,party,p0578,3
2615,limping llama; friendly frog,party,p0594,2
2616,limping llama; friendly frog,party,p0597,3
2617,limping llama; friendly frog,party,p0601,1
2618,limping llama; friendly frog,party,p0602,3
2619,limping llama; friendly frog,party,p0605,2
2620,limping llama; friendly frog,party,p0615,3
2621,limping llama; friendly frog,party,p0620,3
2622,limping llama; friendly frog,party,p0626,3
2623,limping llama; friendly frog,party,p0629,3
2624,limping llama; friendly frog,party,p0633,2
2625,limping llama; friendly frog,party,p0638,3
2626,limping llama; friendly frog,party,p0639,1
2627,limping llama; friendly frog,party,p0640,1
2628,limping llama; friendly frog,party,p0655,1
2629,limping llama; friendly frog,party,p0656,3
2630,limping llama; friendly frog,party,p0658,1
2631,limping llama; friendly frog,party,p0661,2
2632,limping llama; friendly frog,party,p0669,2
2633,limping llama; friendly frog,party,p0670,3
2634,limping llama; friendly frog,party,p0672,3
2635,limping llama; friendly frog,party,p0674,3
2636,limping llama; friendly frog,party,p0678,3
2637,limping llama; friendly frog,party,p0683,3
2638,limping llama; friendly frog,party,p0686,1
2639,limping llama; friendly frog,party,p0687,3
2640,limping llama; friendly frog,party,p0698,1
2641,limping llama; friendly frog,party,p0700,2
2642,limping llama; friendly frog,party,p0703,2
2643,limping llama; friendly frog,party,p0718,1
2644,limping llama; friendly frog,party,p0744,3
2645,limping llama; friendly frog,party,p0745,1
2646,limping llama; friendly frog,party,p0753,2
2647,limping llama; friendly frog,party,p0770,2
2648,limping llama; friendly frog,party,p0771,3
2649,limping llama; friendly frog,party,p0777,3
2650,limping llama; friendly frog,party,p0779,1
2651,limping llama; friendly frog,party,p0780,1
2652,limping llama; friendly frog,party,p0783,1
2653,limping llama; friendly frog,party,p0785,1
2654,limping llama; friendly frog,party,p0786,2
2655,limping llama; friendly frog,party,p0794,1
2656,limping llama; friendly frog,party,p0798,1
2657,limping llama; friendly frog,party,p0800,3
2658,limping llama; friendly frog,party,p0820,3
2659,limping llama; friendly frog,party,p0841,1
2660,limping llama; friendly frog,party,p0849,2
2661,limping llama; friendly frog,party,p0862,3
2662,limping llama; friendly frog,party,p0867,3
2663,limping llama; friendly frog,party,p0869,3
2664,limping llama; friendly frog,party,p0872,3
2665,limping llama; friendly frog,party,p0880,3
2666,limping llama; friendly frog,party,p0891,1
2667,limping llama; friendly frog,party,p0916,3
2668,limping llama; friendly frog,party,p0917,1
2669,limping llama; friendly frog,party,p0919,3
2670,limping llama; friendly frog,party,p0922,1
2671,limping llama; friendly frog,party,p0925,1
2672,limping llama; friendly frog,party,p0927,3
2673,limping llama; friendly frog,party,p0929,3
2674,limping llama; friendly frog,party,p0930,1
2675,limping llama; friendly frog,party,p0931,1
2676,limping llama; friendly frog,party,p0933,3
2677,limping llama; friendly frog,party,p0934,1
2678,limping llama; friendly frog,party,p0936,3
2679,limping llama; friendly frog,party,p0938,3
2680,limping llama; friendly frog,party,p0939,2
2681,limping llama; friendly frog,party,p0946,2
2682,limping llama; friendly frog,party,p0951,3
2683,limping llama; friendly frog,party,p0956,1
2684,limping llama; friendly frog,party,p0962,1
2685,limping llama; friendly frog,party,p0963,1
2686,limping llama; friendly frog,party,p0969,1
2687,limping llama; friendly frog,party,p0972,2
2688,limping llama; friendly frog,party,p0975,1
2689,limping llama; friendly frog,party,p0985,2
2690,limping llama; friendly frog,party,p0993,3
2691,limping llama; friendly frog,party,p0996,3
2692,limping llama; friendly frog,party,p1011,1
2693,limping llama; friendly frog,party,p1017,2
2694,limping llama; friendly frog,party,p1020,1
2695,limping llama; friendly frog,party,p1022,3
2696,limping llama; friendly frog,party,p1024,1
2697,limping llama; friendly frog,party,p1027,3
2698,limping llama; friendly frog,party,p1028,3
2699,limping llama; friendly frog,party,p1029,2
2700,limping llama; friendly frog,party,p1032,2
2701,limping llama; friendly frog,party,p1040,2
2702,limping llama; friendly frog,party,p1047,2
2703,limping llama; friendly frog,party,p1048,3
2704,limping llama; friendly frog,party,p1053,3
2705,limping llama; friendly frog,party,p1057,1
2706,limping llama; friendly frog,party,p1058,1
2707,limping llama; friendly frog,party,p1063,1
2708,limping llama; friendly frog,party,p1064,3
2709,limping llama; friendly frog,party,p1065,1
2710,limping llama; friendly frog,party,p1069,3
2711,limping llama; friendly frog,party,p1072,2
2712,limping llama; friendly frog,party,p1073,3
2713,limping llama; friendly frog,party,p1075,2
2714,limping llama; friendly frog,party,p1076,2
2715,limping llama; friendly frog,party,p1083,1
2716,limping llama; friendly frog,party,p1089,3
2717,limping llama; friendly frog,party,p1093,3
2718,limping llama; friendly frog,party,p1096,2
2719,limping llama; friendly frog,party,p1100,2
2720,limping llama; friendly frog,party,p1106,3
2721,limping llama; friendly frog,party,p1107,2
2722,limping llama; friendly frog,party,p1113,1
2723,limping llama; friendly frog,party,p1117,1
2724,limping llama; friendly frog,party,p1120,1
2725,limping llama; friendly frog,party,p1134,2
2726,limping llama; friendly frog,party,p1136,1
2727,limping llama; friendly frog,party,p1138,1
2728,limping llama; friendly frog,party,p1144,1
2729,limping llama; friendly frog,party,p1145,3
2730,limping llama; friendly frog,party,p1147,3
2731,limping llama; friendly frog,party,p1148,3
2732,limping llama; friendly frog,party,p1154,3
2733,limping llama; friendly frog,party,p1159,3
2734,limping llama; friendly frog,party,p1167,3
2735,limping llama; friendly frog,party,p1175,3
2736,limping llama; friendly frog,party,p1178,3
2737,limping llama; friendly frog,party,p1184,1
2738,limping llama; friendly frog,party,p1186,3
2739,limping llama; friendly frog,party,p1196,1
2740,limping llama; friendly frog,party,p1197,3
2741,limping llama; friendly frog,party,p1203,3
2742,limping llama; friendly frog,party,p1219,3
2743,limping llama; friendly frog,party,p1225,1
2744,limping llama; friendly frog,party,p1234,2
2745,limping llama; friendly frog,party,p1242,1
2746,limping llama; friendly frog,party,p1244,3
2747,limping llama; friendly frog,party,p1249,2
2748,limping llama; friendly frog,party,p1250,2
2749,limping llama; friendly frog,party,p1256,1
2750,limping llama; friendly frog,party,p1258,1
2751,limping llama; friendly frog,party,p1260,2
2752,limping llama; friendly frog,party,p1262,1
2753,limping llama; friendly frog,party,p1264,2
2754,limping llama; friendly frog,party,p1265,2
2755,limping llama; friendly frog,party,p1269,1
2756,limping llama; friendly frog,party,p1272,1
2757,limping llama; friendly frog,party,p1278,3
2758,limping llama; friendly frog,party,p1281,3
2759,limping llama; friendly frog,party,p1292,1
2760,limping llama; friendly frog,party,p1299,1
2761,limping llama; friendly frog,party,p1312,2
2762,limping llama; friendly frog,party,p1322,3
2763,limping llama; friendly frog,party,p1326,2
2764,limping llama; friendly frog,party,p1330,3
2765,limping llama; friendly frog,party,p1335,1
2766,limping llama; friendly frog,party,p1337,1
2767,limping llama; friendly frog,party,p1340,1
2768,limping llama; friendly frog,party,p1345,1
2769,limping llama; friendly frog,party,p1351,3
2770,limping llama; friendly frog,party,p1355,1
2771,limping llama; friendly frog,party,p1362,1
2772,limping llama; friendly frog,party,p1365,1
2773,limping llama; friendly frog,party,p1366,2
2774,limping llama; friendly frog,party,p1367,1
2775,limping llama; friendly frog,party,p1370,1
2776,limping llama; friendly frog,party,p1371,1
2777,limping llama; friendly frog,party,p1373,1
2778,limping llama; friendly frog,party,p1375,1
2779,limping llama; friendly frog,party,p1376,3
2780,limping llama; friendly frog,party,p1379,3
2781,limping llama; friendly frog,party,p1381,3
2782,limping llama; friendly frog,party,p1393,1
2783,limping llama; friendly frog,party,p1396,3
2784,limping llama; friendly frog,party,p1398,1
2785,limping llama; friendly frog,party,p1404,3
2786,limping llama; friendly frog,party,p1406,1
2787,limping llama; friendly frog,party,p1407,2
2788,limping llama; friendly frog,party,p1409,2
2789,limping llama; friendly frog,party,p1412,2
2790,limping llama; friendly frog,party,p1414,3
2791,limping llama; friendly frog,party,p1424,1
2792,limping llama; friendly frog,party,p1425,1
2793,limping llama; friendly frog,party,p1429,1
2794,limping llama; friendly frog,party,p1434,1
2795,limping llama; friendly frog,party,p1441,3
2796,limping llama; friendly frog,party,p1445,3
2797,limping llama; friendly frog,party,p1450,1
2798,limping llama; friendly frog,party,p1454,2
2799,limping llama; friendly frog,party,p1456,2
2800,limping llama; friendly frog,party,p1457,3
2801,limping llama; friendly frog,party,p1458,3
2802,limping llama; friendly frog,party,p1469,1
2803,limping llama; friendly frog,party,p1470,1
2804,limping llama; friendly frog,party,p1481,3
2805,limping llama; friendly frog,party,p1488,1
2806,limping llama; friendly frog,party,p1492,2
2807,limping llama; friendly frog,party,p1495,1
2808,limping llama; friendly frog,party,p1497,2
2809,limping llama; friendly frog,party,p1499,1
2810,limping llama; friendly frog,party,p1503,3
2811,limping llama; friendly frog,party,p1511,2
2812,limping llama; friendly frog,party,p1512,3
2813,limping llama; friendly frog,party,p1518,2
2814,limping llama; friendly frog,party,p1519,1
2815,limping llama; friendly frog,party,p1520,1
2816,limping llama; friendly frog,party,p1524,1
2817,limping llama; friendly frog,party,p1526,1
2818,limping llama; friendly frog,party,p1537,3
2819,limping llama; friendly frog,party,p1545,3
2820,limping llama; friendly frog,party,p1547,3
2821,limping llama; friendly frog,party,p1552,3
2822,limping llama; friendly frog,party,p1567,2
2823,limping llama; friendly frog,party,p1568,3
2824,limping llama; friendly frog,party,p1579,1
2825,limping llama; friendly frog,party,p1587,3
2826,limping llama; friendly frog,party,p1596,2
2827,limping llama; friendly frog,party,p1600,3
2828,limping llama; friendly frog,party,p1603,3
2829,limping llama; friendly frog,party,p1604,1
2830,limping llama; friendly frog,party,p1610,2
2831,limping llama; friendly frog,party,p1618,1
2832,limping llama; friendly frog,party,p1619,3
2833,limping llama; friendly frog,party,p1622,1
2834,limping llama; friendly frog,party,p1623,1
2835,limping llama; friendly frog,party,p1630,2
2836,limping llama; friendly frog,party,p1641,1
2837,limping llama; friendly frog,party,p1649,2
2838,limping llama; friendly frog,party,p1652,2
2839,limping llama; friendly frog,party,p1665,3
2840,limping llama; friendly frog,party,p1669,1
2841,limping llama; friendly frog,party,p1685,1
2842,limping llama; friendly frog,party,p1693,3
2843,limping llama; friendly frog,party,p1698,2
2844,limping llama; friendly frog,party,p1704,1
2845,limping llama; friendly frog,party,p1711,3
2846,limping llama; friendly frog,party,p1718,1
2847,limping llama; friendly frog,party,p1732,1
2848,limping llama; friendly frog,party,p1739,3
2849,limping llama; friendly frog,party,p1741,1
2850,limping llama; friendly frog,party,p1746,3
2851,limping llama; friendly frog,party,p1751,1
2852,limping llama; friendly frog,party,p1754,3
2853,limping llama; friendly frog,party,p1769,1
2854,limping llama; friendly frog,party,p1771,2
2855,limping llama; friendly frog,party,p1776,3
2856,limping llama; friendly frog,party,p1780,1
2857,limping llama; friendly frog,party,p1785,3
2858,limping llama; friendly frog,party,p1791,2
2859,limping llama; friendly frog,party,p1793,1
2860,limping llama; friendly frog,party,p1796,1
2861,limping llama; friendly frog,party,p1805,2
2862,limping llama; friendly frog,party,p1812,2
2863,limping llama; friendly frog,party,p1816,2
2864,limping llama; friendly frog,party,p1819,3
2865,limping llama; friendly frog,party,p1825,3
2866,limping llama; friendly frog,party,p1836,1
2867,limping llama; friendly frog,party,p1839,1
2868,limping llama; friendly frog,party,p1861,2
2869,limping llama; friendly frog,party,p1863,3
2870,limping llama; friendly frog,party,p1873,3
2871,limping llama; friendly frog,party,p1875,1
2872,limping llama; friendly frog,party,p1876,3
2873,limping llama; friendly frog,party,p1877,3
2874,limping llama; friendly frog,party,p1880,1
2875,limping llama; friendly frog,party,p1883,1
2876,limping llama; friendly frog,party,p1889,1
2877,limping llama; friendly frog,party,p1893,3
2878,limping llama; friendly frog,party,p1896,2
2879,limping llama; friendly frog,party,p1913,1
2880,limping llama; friendly frog,party,p1922,1
2881,limping llama; friendly frog,party,p1930,1
2882,limping llama; friendly frog,party,p1935,1
2883,limping llama; friendly frog,party,p1940,3
2884,limping llama; friendly frog,party,p1948,1
2885,limping llama; friendly frog,party,p1950,2
2886,limping llama; friendly frog,party,p1954,2
2887,limping llama; friendly frog,party,p1956,2
2888,limping llama; friendly frog,party,p1958,1
2889,limping llama; friendly frog,party,p1967,1
2890,limping llama; friendly frog,party,p1973,3
2891,limping llama; friendly frog,party,p1978,1
2892,limping llama; friendly frog,party,p1983,2
2893,limping llama; friendly frog,party,p1984,3
2894,limping llama; friendly frog,party,p1995,1
2895,limping llama; friendly frog,party,p1996,1
2896,limping llama; friendly frog,party,p1997,1
2897,limping llama; friendly frog,party,p2001,3
2898,limping llama; friendly frog,party,p2002,3
2899,limping llama; friendly frog,party,p2013,3
2900,limping llama; friendly frog,party,p2014,1
2901,limping llama; friendly frog,party,p2016,3
2902,limping llama; friendly frog,party,p2018,1
2903,limping llama; friendly frog,party,p2023,3
2904,limping llama; friendly frog,party,p2025,1
2905,limping llama; friendly frog,party,p2028,3
2906,limping llama; friendly frog,party,p2030,3
2907,limping llama; friendly frog,party,p2033,3
2908,limping llama; friendly frog,party,p2040,3
2909,limping llama; friendly frog,party,p2051,3
2910,limping llama; friendly frog,party,p2052,1
2911,limping llama; friendly frog,party,p2066,3
2912,limping llama; friendly frog,party,p2067,1
2913,limping llama; friendly frog,party,p2073,2
2914,limping llama; friendly frog,party,p2077,1
2915,limping llama; friendly frog,party,p2078,3
2916,limping llama; friendly frog,party,p2086,3
2917,limping llama; friendly frog,party,p2089,1
2918,limping llama; friendly frog,party,p2093,1
2919,limping llama; friendly frog,party,p2094,2
2920,limping llama; friendly frog,party,p2111,1
2921,limping llama; friendly frog,party,p2117,3
2922,limping llama; friendly frog,party,p2121,3
2923,limping llama; friendly frog,party,p2127,1
2924,limping llama; friendly frog,party,p2141,2
2925,limping llama; friendly frog,party,p2142,2
2926,limping llama; friendly frog,party,p2143,1
2927,limping llama; friendly frog,party,p2153,3
2928,limping llama; friendly frog,party,p2155,3
2929,limping llama; friendly frog,party,p2169,1
2930,limping llama; friendly frog,party,p2187,3
2931,limping llama; friendly frog,party,p2188,3
2932,limping llama; friendly frog,party,p2197,1
2933,limping llama; friendly frog,party,p2213,2
2934,limping llama; friendly frog,party,p2214,2
2935,limping llama; friendly frog,party,p2215,1
2936,limping llama; friendly frog,party,p2220,2
2937,limping llama; friendly frog,party,p2223,2
2938,limping llama; friendly frog,party,p2229,2
2939,limping llama; friendly frog,party,p2234,3
2940,limping llama; friendly frog,party,p2237,3
2941,limping llama; friendly frog,party,p2238,1
2942,limping llama; friendly frog,party,p2244,3
2943,limping llama; friendly frog,party,p2248,3
2944,limping llama; friendly frog,party,p2252,3
2945,limping llama; friendly frog,party,p2255,1
2946,limping llama; friendly frog,party,p2261,1
2947,limping llama; friendly frog,party,p2263,3
2948,limping llama; friendly frog,party,p2273,3
2949,limping llama; friendly frog,party,p2275,3
2950,limping llama; friendly frog,party,p2276,3
2951,limping llama; friendly frog,party,p2283,3
2952,limping llama; friendly frog,party,p2287,3
2953,limping llama; friendly frog,party,p2296,3
2954,limping llama; friendly frog,party,p2298,2
2955,limping llama; friendly frog,party,p2304,3
2956,limping llama; friendly frog,party,p2310,3
2957,limping llama; friendly frog,party,p2322,2
2958,limping llama; friendly frog,party,p2326,1
2959,limping llama; friendly frog,party,p2330,1
2960,limping llama; friendly frog,party,p2331,3
2961,limping llama; friendly frog,party,p2333,1
2962,limping llama; friendly frog,party,p2347,3
2963,limping llama; friendly frog,party,p2350,2
2964,limping llama; friendly frog,party,p2351,1
2965,limping llama; friendly frog,party,p2353,3
2966,limping llama; friendly frog,party,p2355,3
2967,limping llama; friendly frog,party,p2363,3
2968,limping llama; friendly frog,party,p2378,2
2969,limping llama; friendly frog,party,p2380,3
2970,limping llama; friendly frog,party,p2387,3
2971,limping llama; friendly frog,party,p2398,1
2972,limping llama; friendly frog,party,p2400,3
2973,limping llama; friendly frog,party,p2403,3
2974,limping llama; friendly frog,party,p2408,3
2975,limping llama; friendly frog,party,p2418,3
2976,limping llama; friendly frog,party,p2426,3
2977,limping llama; friendly frog,party,p2428,2
2978,limping llama; friendly frog,party,p2434,3
2979,limping llama; friendly frog,party,p2446,3
2980,limping llama; friendly frog,party,p2452,1
2981,limping llama; friendly frog,party,p2454,2
2982,limping llama; friendly frog,party,p2462,3
2983,limping llama; friendly frog,party,p2467,1
2984,limping llama; friendly frog,party,p2482,2
2985,limping llama; friendly frog,party,p2489,1
2986,limping llama; friendly frog,party,p2490,3
2987,limping llama; friendly frog,party,p2494,1
2988,limping llama; friendly frog,party,p2502,3
2989,limping llama; friendly frog,party,p2503,3
2990,limping llama; friendly frog,party,p2522,1
2991,limping llama; friendly frog,party,p2524,3
2992,limping llama; friendly frog,party,p2533,3
2993,limping llama; friendly frog,party,p2566,3
2994,limping llama; friendly frog,party,p2571,3
2995,limping llama; friendly frog,party,p2573,2
2996,limping llama; friendly frog,party,p2582,1
2997,limping llama; friendly frog,party,p2591,1
2998,limping llama; friendly frog,party,p2592,2
2999,limping llama; friendly frog,party,p2595,3
