,condition,outcome,persona,response
0,orchid orangutan; defiant dragonfly,gender,p0016,2
1,orchid orangutan; defiant dragonfly,gender,p0022,2
2,orchid orangutan; defiant dragonfly,gender,p0023,1
3,orchid orangutan; defiant dragonfly,gender,p0026,2
4,orchid orangutan; defiant dragonfly,gender,p0034,1
5,orchid orangutan; defiant dragonfly,gender,p0036,1
6,orchid orangutan; defiant dragonfly,gender,p0037,1
7,orchid orangutan; defiant dragonfly,gender,p0042,1
8,orchid orangutan; defiant dragonfly,gender,p0057,2
9,orchid orangutan; defiant dragonfly,gender,p0066,1
10,orchid orangutan; defiant dragonfly,gender,p0069,2
11,orchid orangutan; defiant dragonfly,gender,p0072,2
12,orchid orangutan; defiant dragonfly,gender,p0073,1
13,orchid orangutan; defiant dragonfly,gender,p0082,1
14,orchid orangutan; defiant dragonfly,gender,p0091,1
15,orchid orangutan; defiant dragonfly,gender,p0092,1
16,orchid orangutan; defiant dragonfly,gender,p0093,1
17,orchid orangutan; defiant dragonfly,gender,p0095,1
18,orchid orangutan; defiant dragonfly,gender,p0107,2
19,orchid orangutan; defiant dragonfly,gender,p0114,1
20,orchid orangutan; defiant dragonfly,gender,p0116,1
21,orchid orangutan; defiant dragonfly,gender,p0118,2
22,orchid orangutan; defiant dragonfly,gender,p0119,1
23,orchid orangutan; defiant dragonfly,gender,p0126,1
24,orchid orangutan; defiant dragonfly,gender,p0129,1
25,orchid orangutan; defiant dragonfly,gender,p0136,2
26,orchid orangutan; defiant dragonfly,gender,p0138,1
27,orchid orangutan; defiant dragonfly,gender,p0144,2
28,orchid orangutan; defiant dragonfly,gender,p0150,1
29,orchid orangutan; defiant dragonfly,gender,p0152,2
30,orchid orangutan; defiant dragonfly,gender,p0158,2
31,orchid orangutan; defiant dragonfly,gender,p0161,1
32,orchid orangutan; defiant dragonfly,gender,p0164,2
33,orchid orangutan; defiant dragonfly,gender,p0175,1
34,orchid orangutan; defiant dragonfly,gender,p0177,1
35,orchid orangutan; defiant dragonfly,gender,p0178,1
36,orchid orangutan; defiant dragonfly,gender,p0181,2
37,orchid orangutan; defiant dragonfly,gender,p0186,2
38,orchid orangutan; defiant dragonfly,gender,p0196,2
39,orchid orangutan; defiant dragonfly,gender,p0198,1
40,orchid orangutan; defiant dragonfly,gender,p0202,1
41,orchid orangutan; defiant dragonfly,gender,p0205,1
42,orchid orangutan; defiant dragonfly,gender,p0207,1
43,orchid orangutan; defiant dragonfly,gender,p0211,1
44,orchid orangutan; defiant dragonfly,gender,p0227,2
45,orchid orangutan; defiant dragonfly,gender,p0229,1
46,orchid orangutan; defiant dragonfly,gender,p0232,1
47,orchid orangutan; defiant dragonfly,gender,p0233,2
48,orchid orangutan; defiant dragonfly,gender,p0237,1
49,orchid orangutan; defiant dragonfly,gender,p0258,1
50,orchid orangutan; defiant dragonfly,gender,p0268,1
51,orchid orangutan; defiant dragonfly,gender,p0274,1
52,orchid orangutan; defiant dragonfly,gender,p0275,1
53,orchid orangutan; defiant dragonfly,gender,p0277,1
54,orchid orangutan; defiant dragonfly,gender,p0288,1
55,orchid orangutan; defiant dragonfly,gender,p0291,1
56,orchid orangutan; defiant dragonfly,gender,p0307,1
57,orchid orangutan; defiant dragonfly,gender,p0308,1
58,orchid orangutan; defiant dragonfly,gender,p0317,1
59,orchid orangutan; defiant dragonfly,gender,p0325,2
60,orchid orangutan; defiant dragonfly,gender,p0327,1
61,orchid orangutan; defiant dragonfly,gender,p0334,1
62,orchid orangutan; defiant dragonfly,gender,p0336,1
63,orchid orangutan; defiant dragonfly,gender,p0338,1
64,orchid orangutan; defiant dragonfly,gender,p0342,1
65,orchid orangutan; defiant dragonfly,gender,p0349,1
66,orchid orangutan; defiant dragonfly,gender,p0356,2
67,orchid orangutan; defiant dragonfly,gender,p0358,1
68,orchid orangutan; defiant dragonfly,gender,p0363,1
69,orchid orangutan; defiant dragonfly,gender,p0364,1
70,orchid orangutan; defiant dragonfly,gender,p0369,2
71,orchid orangutan; defiant dragonfly,gender,p0370,2
72,orchid orangutan; defiant dragonfly,gender,p0371,1
73,orchid orangutan; defiant dragonfly,gender,p0379,1
74,orchid orangutan; defiant dragonfly,gender,p0386,1
75,orchid orangutan; defiant dragonfly,gender,p0396,2
76,orchid orangutan; defiant dragonfly,gender,p0403,2
77,orchid orangutan; defiant dragonfly,gender,p0405,2
78,orchid orangutan; defiant dragonfly,gender,p0412,1
79,orchid orangutan; defiant dragonfly,gender,p0415,1
80,orchid orangutan; defiant dragonfly,gender,p0416,1
81,orchid orangutan; defiant dragonfly,gender,p0417,1
82,orchid orangutan; defiant dragonfly,gender,p0418,2
83,orchid orangutan; defiant dragonfly,gender,p0430,1
84,orchid orangutan; defiant dragonfly,gender,p0431,2
85,orchid orangutan; defiant dragonfly,gender,p0434,2
86,orchid orangutan; defiant dragonfly,gender,p0438,2
87,orchid orangutan; defiant dragonfly,gender,p0441,2
88,orchid orangutan; defiant dragonfly,gender,p0442,2
89,orchid orangutan; defiant dragonfly,gender,p0449,1
90,orchid orangutan; defiant dragonfly,gender,p0450,2
91,orchid orangutan; defiant dragonfly,gender,p0465,1
92,orchid orangutan; defiant dragonfly,gender,p0471,2
93,orchid orangutan; defiant dragonfly,gender,p0477,2
94,orchid orangutan; defiant dragonfly,gender,p0483,2
95,orchid orangutan; defiant dragonfly,gender,p0486,1
96,orchid orangutan; defiant dragonfly,gender,p0487,1
97,orchid orangutan; defiant dragonfly,gender,p0489,1
98,orchid orangutan; defiant dragonfly,gender,p0497,1
99,orchid orangutan; defiant dragonfly,gender,p0502,1
100,orchid orangutan; defiant dragonfly,gender,p0503,2
101,orchid orangutan; defiant dragonfly,gender,p0506,1
102,orchid orangutan; defiant dragonfly,gender,p0511,1
103,orchid orangutan; defiant dragonfly,gender,p0523,2
104,orchid orangutan; defiant dragonfly,gender,p0534,1
105,orchid orangutan; defiant dragonfly,gender,p0536,1
106,orchid orangutan; defiant dragonfly,gender,p0542,1
107,orchid orangutan; defiant dragonfly,gender,p0547,2
108,orchid orangutan; defiant dragonfly,gender,p0553,1
109,orchid orangutan; defiant dragonfly,gender,p0559,2
110,orchid orangutan; defiant dragonfly,gender,p0566,1
111,orchid orangutan; defiant dragonfly,gender,p0568,2
112,orchid orangutan; defiant dragonfly,gender,p0570,1
113,orchid orangutan; defiant dragonfly,gender,p0573,2
114,orchid orangutan; defiant dragonfly,gender,p0578,1
115,orchid orangutan; defiant dragonfly,gender,p0594,1
116,orchid orangutan; defiant dragonfly,gender,p0597,1
117,orchid orangutan; defiant dragonfly,gender,p0601,1
118,orchid orangutan; defiant dragonfly,gender,p0602,2
119,orchid orangutan; defiant dragonfly,gender,p0605,1
120,orchid orangutan; defiant dragonfly,gender,p0615,1
121,orchid orangutan; defiant dragonfly,gender,p0620,1
122,orchid orangutan; defiant dragonfly,gender,p0626,2
123,orchid orangutan; defiant dragonfly,gender,p0629,2
124,orchid orangutan; defiant dragonfly,gender,p0633,2
125,orchid orangutan; defiant dragonfly,gender,p0638,2
126,orchid orangutan; defiant dragonfly,gender,p0639,1
127,orchid orangutan; defiant dragonfly,gender,p0640,2
128,orchid orangutan; defiant dragonfly,gender,p0655,2
129,orchid orangutan; defiant dragonfly,gender,p0656,1
130,orchid orangutan; defiant dragonfly,gender,p0658,1
131,orchid orangutan; defiant dragonfly,gender,p0661,1
132,orchid orangutan; defiant dragonfly,gender,p0669,1
133,orchid orangutan; defiant dragonfly,gender,p0670,2
134,orchid orangutan; defiant dragonfly,gender,p0672,2
135,orchid orangutan; defiant dragonfly,gender,p0674,1
136,orchid orangutan; defiant dragonfly,gender,p0678,1
137,orchid orangutan; defiant dragonfly,gender,p0683,2
138,orchid orangutan; defiant dragonfly,gender,p0686,1
139,orchid orangutan; defiant dragonfly,gender,p0687,1
140,orchid orangutan; defiant dragonfly,gender,p0698,2
141,orchid orangutan; defiant dragonfly,gender,p0700,1
142,orchid orangutan; defiant dragonfly,gender,p0703,1
143,orchid orangutan; defiant dragonfly,gender,p0718,1
144,orchid orangutan; defiant dragonfly,gender,p0744,2
145,orchid orangutan; defiant dragonfly,gender,p0745,1
146,orchid orangutan; defiant dragonfly,gender,p0753,2
147,orchid orangutan; defiant dragonfly,gender,p0770,1
148,orchid orangutan; defiant dragonfly,gender,p0771,1
149,orchid orangutan; defiant dragonfly,gender,p0777,1
150,orchid orangutan; defiant dragonfly,gender,p0779,1
151,orchid orangutan; defiant dragonfly,gender,p0780,2
152,orchid orangutan; defiant dragonfly,gender,p0783,1
153,orchid orangutan; defiant dragonfly,gender,p0785,2
154,orchid orangutan; defiant dragonfly,gender,p0786,2
155,orchid orangutan; defiant dragonfly,gender,p0794,1
156,orchid orangutan; defiant dragonfly,gender,p0798,1
157,orchid orangutan; defiant dragonfly,gender,p0800,1
158,orchid orangutan; defiant dragonfly,gender,p0820,2
159,orchid orangutan; defiant dragonfly,gender,p0841,2
160,orchid orangutan; defiant dragonfly,gender,p0849,1
161,orchid orangutan; defiant dragonfly,gender,p0862,1
162,orchid orangutan; defiant dragonfly,gender,p0867,2
163,orchid orangutan; defiant dragonfly,gender,p0869,1
164,orchid orangutan; defiant dragonfly,gender,p0872,1
165,orchid orangutan; defiant dragonfly,gender,p0880,2
166,orchid orangutan; defiant dragonfly,gender,p0891,1
167,orchid orangutan; defiant dragonfly,gender,p0916,2
168,orchid orangutan; defiant dragonfly,gender,p0917,2
169,orchid orangutan; defiant dragonfly,gender,p0919,2
170,orchid orangutan; defiant dragonfly,gender,p0922,2
171,orchid orangutan; defiant dragonfly,gender,p0925,2
172,orchid orangutan; defiant dragonfly,gender,p0927,1
173,orchid orangutan; defiant dragonfly,gender,p0929,2
174,orchid orangutan; defiant dragonfly,gender,p0930,1
175,orchid orangutan; defiant dragonfly,gender,p0931,2
176,orchid orangutan; defiant dragonfly,gender,p0933,2
177,orchid orangutan; defiant dragonfly,gender,p0934,2
178,orchid orangutan; defiant dragonfly,gender,p0936,2
179,orchid orangutan; defiant dragonfly,gender,p0938,1
180,orchid orangutan; defiant dragonfly,gender,p0939,2
181,orchid orangutan; defiant dragonfly,gender,p0946,1
182,orchid orangutan; defiant dragonfly,gender,p0951,1
183,orchid orangutan; defiant dragonfly,gender,p0956,2
184,orchid orangutan; defiant dragonfly,gender,p0962,2
185,orchid orangutan; defiant dragonfly,gender,p0963,1
186,orchid orangutan; defiant dragonfly,gender,p0969,1
187,orchid orangutan; defiant dragonfly,gender,p0972,1
188,orchid orangutan; defiant dragonfly,gender,p0975,1
189,orchid orangutan; defiant dragonfly,gender,p0985,2
190,orchid orangutan; defiant dragonfly,gender,p0993,1
191,orchid orangutan; defiant dragonfly,gender,p0996,2
192,orchid orangutan; defiant dragonfly,gender,p1011,1
193,orchid orangutan; defiant dragonfly,gender,p1017,2
194,orchid orangutan; defiant dragonfly,gender,p1020,1
195,orchid orangutan; defiant dragonfly,gender,p1022,1
196,orchid orangutan; defiant dragonfly,gender,p1024,2
197,orchid orangutan; defiant dragonfly,gender,p1027,1
198,orchid orangutan; defiant dragonfly,gender,p1028,1
199,orchid orangutan; defiant dragonfly,gender,p1029,2
200,orchid orangutan; defiant dragonfly,gender,p1032,1
201,orchid orangutan; defiant dragonfly,gender,p1040,1
202,orchid orangutan; defiant dragonfly,gender,p1047,1
203,orchid orangutan; defiant dragonfly,gender,p1048,1
204,orchid orangutan; defiant dragonfly,gender,p1053,2
205,orchid orangutan; defiant dragonfly,gender,p1057,1
206,orchid orangutan; defiant dragonfly,gender,p1058,2
207,orchid orangutan; defiant dragonfly,gender,p1063,1
208,orchid orangutan; defiant dragonfly,gender,p1064,2
209,orchid orangutan; defiant dragonfly,gender,p1065,1
210,orchid orangutan; defiant dragonfly,gender,p1069,2
211,orchid orangutan; defiant dragonfly,gender,p1072,1
212,orchid orangutan; defiant dragonfly,gender,p1073,1
213,orchid orangutan; defiant dragonfly,gender,p1075,2
214,orchid orangutan; defiant dragonfly,gender,p1076,2
215,orchid orangutan; defiant dragonfly,gender,p1083,2
216,orchid orangutan; defiant dragonfly,gender,p1089,1
217,orchid orangutan; defiant dragonfly,gender,p1093,1
218,orchid orangutan; defiant dragonfly,gender,p1096,2
219,orchid orangutan; defiant dragonfly,gender,p1100,1
220,orchid orangutan; defiant dragonfly,gender,p1106,2
221,orchid orangutan; defiant dragonfly,gender,p1107,2
222,orchid orangutan; defiant dragonfly,gender,p1113,1
223,orchid orangutan; defiant dragonfly,gender,p1117,1
224,orchid orangutan; defiant dragonfly,gender,p1120,1
225,orchid orangutan; defiant dragonfly,gender,p1134,1
226,orchid orangutan; defiant dragonfly,gender,p1136,1
227,orchid orangutan; defiant dragonfly,gender,p1138,2
228,orchid orangutan; defiant dragonfly,gender,p1144,1
229,orchid orangutan; defiant dragonfly,gender,p1145,1
230,orchid orangutan; defiant dragonfly,gender,p1147,2
231,orchid orangutan; defiant dragonfly,gender,p1148,1
232,orchid orangutan; defiant dragonfly,gender,p1154,2
233,orchid orangutan; defiant dragonfly,gender,p1159,1
234,orchid orangutan; defiant dragonfly,gender,p1167,1
235,orchid orangutan; defiant dragonfly,gender,p1175,2
236,orchid orangutan; defiant dragonfly,gender,p1178,2
237,orchid orangutan; defiant dragonfly,gender,p1184,2
238,orchid orangutan; defiant dragonfly,gender,p1186,1
239,orchid orangutan; defiant dragonfly,gender,p1196,1
240,orchid orangutan; defiant dragonfly,gender,p1197,2
241,orchid orangutan; defiant dragonfly,gender,p1203,1
242,orchid orangutan; defiant dragonfly,gender,p1219,2
243,orchid orangutan; defiant dragonfly,gender,p1225,1
244,orchid orangutan; defiant dragonfly,gender,p1234,2
245,orchid orangutan; defiant dragonfly,gender,p1242,1
246,orchid orangutan; defiant dragonfly,gender,p1244,1
247,orchid orangutan; defiant dragonfly,gender,p1249,2
248,orchid orangutan; defiant dragonfly,gender,p1250,1
249,orchid orangutan; defiant dragonfly,gender,p1256,1
250,orchid orangutan; defiant dragonfly,gender,p1258,2
251,orchid orangutan; defiant dragonfly,gender,p1260,1
252,orchid orangutan; defiant dragonfly,gender,p1262,1
253,orchid orangutan; defiant dragonfly,gender,p1264,2
254,orchid orangutan; defiant dragonfly,gender,p1265,2
255,orchid orangutan; defiant dragonfly,gender,p1269,1
256,orchid orangutan; defiant dragonfly,gender,p1272,2
257,orchid orangutan; defiant dragonfly,gender,p1278,1
258,orchid orangutan; defiant dragonfly,gender,p1281,2
259,orchid orangutan; defiant dragonfly,gender,p1292,1
260,orchid orangutan; defiant dragonfly,gender,p1299,2
261,orchid orangutan; defiant dragonfly,gender,p1312,2
262,orchid orangutan; defiant dragonfly,gender,p1322,1
263,orchid orangutan; defiant dragonfly,gender,p1326,2
264,orchid orangutan; defiant dragonfly,gender,p1330,2
265,orchid orangutan; defiant dragonfly,gender,p1335,2
266,orchid orangutan; defiant dragonfly,gender,p1337,1
267,orchid orangutan; defiant dragonfly,gender,p1340,1
268,orchid orangutan; defiant dragonfly,gender,p1345,1
269,orchid orangutan; defiant dragonfly,gender,p1351,1
270,orchid orangutan; defiant dragonfly,gender,p1355,2
271,orchid orangutan; defiant dragonfly,gender,p1362,2
272,orchid orangutan; defiant dragonfly,gender,p1365,1
273,orchid orangutan; defiant dragonfly,gender,p1366,2
274,orchid orangutan; defiant dragonfly,gender,p1367,1
275,orchid orangutan; defiant dragonfly,gender,p1370,2
276,orchid orangutan; defiant dragonfly,gender,p1371,1
277,orchid orangutan; defiant dragonfly,gender,p1373,2
278,orchid orangutan; defiant dragonfly,gender,p1375,2
279,orchid orangutan; defiant dragonfly,gender,p1376,2
280,orchid orangutan; defiant dragonfly,gender,p1379,2
281,orchid orangutan; defiant dragonfly,gender,p1381,2
282,orchid orangutan; defiant dragonfly,gender,p1393,2
283,orchid orangutan; defiant dragonfly,gender,p1396,2
284,orchid orangutan; defiant dragonfly,gender,p1398,1
285,orchid orangutan; defiant dragonfly,gender,p1404,2
286,orchid orangutan; defiant dragonfly,gender,p1406,1
287,orchid orangutan; defiant dragonfly,gender,p1407,2
288,orchid orangutan; defiant dragonfly,gender,p1409,1
289,orchid orangutan; defiant dragonfly,gender,p1412,1
290,orchid orangutan; defiant dragonfly,gender,p1414,1
291,orchid orangutan; defiant dragonfly,gender,p1424,1
292,orchid orangutan; defiant dragonfly,gender,p1425,1
293,orchid orangutan; defiant dragonfly,gender,p1429,2
294,orchid orangutan; defiant dragonfly,gender,p1434,1
295,orchid orangutan; defiant dragonfly,gender,p1441,1
296,orchid orangutan; defiant dragonfly,gender,p1445,1
297,orchid orangutan; defiant dragonfly,gender,p1450,1
298,orchid orangutan; defiant dragonfly,gender,p1454,1
299,orchid orangutan; defiant dragonfly,gender,p1456,1
300,orchid orangutan; defiant dragonfly,gender,p1457,2
301,orchid orangutan; defiant dragonfly,gender,p1458,1
302,orchid orangutan; defiant dragonfly,gender,p1469,1
303,orchid orangutan; defiant dragonfly,gender,p1470,1
304,orchid orangutan; defiant dragonfly,gender,p1481,1
305,orchid orangutan; defiant dragonfly,gender,p1488,2
306,orchid orangutan; defiant dragonfly,gender,p1492,1
307,orchid orangutan; defiant dragonfly,gender,p1495,1
308,orchid orangutan; defiant dragonfly,gender,p1497,2
309,orchid orangutan; defiant dragonfly,gender,p1499,1
310,orchid orangutan; defiant dragonfly,gender,p1503,1
311,orchid orangutan; defiant dragonfly,gender,p1511,1
312,orchid orangutan; defiant dragonfly,gender,p1512,2
313,orchid orangutan; defiant dragonfly,gender,p1518,2
314,orchid orangutan; defiant dragonfly,gender,p1519,2
315,orchid orangutan; defiant dragonfly,gender,p1520,2
316,orchid orangutan; defiant dragonfly,gender,p1524,2
317,orchid orangutan; defiant dragonfly,gender,p1526,2
318,orchid orangutan; defiant dragonfly,gender,p1537,1
319,orchid orangutan; defiant dragonfly,gender,p1545,2
320,orchid orangutan; defiant dragonfly,gender,p1547,2
321,orchid orangutan; defiant dragonfly,gender,p1552,1
322,orchid orangutan; defiant dragonfly,gender,p1567,1
323,orchid orangutan; defiant dragonfly,gender,p1568,2
324,orchid orangutan; defiant dragonfly,gender,p1579,2
325,orchid orangutan; defiant dragonfly,gender,p1587,2
326,orchid orangutan; defiant dragonfly,gender,p1596,1
327,orchid orangutan; defiant dragonfly,gender,p1600,1
328,orchid orangutan; defiant dragonfly,gender,p1603,2
329,orchid orangutan; defiant dragonfly,gender,p1604,2
330,orchid orangutan; defiant dragonfly,gender,p1610,2
331,orchid orangutan; defiant dragonfly,gender,p1618,1
332,orchid orangutan; defiant dragonfly,gender,p1619,1
333,orchid orangutan; defiant dragonfly,gender,p1622,1
334,orchid orangutan; defiant dragonfly,gender,p1623,1
335,orchid orangutan; defiant dragonfly,gender,p1630,1
336,orchid orangutan; defiant dragonfly,gender,p1641,1
337,orchid orangutan; defiant dragonfly,gender,p1649,1
338,orchid orangutan; defiant dragonfly,gender,p1652,1
339,orchid orangutan; defiant dragonfly,gender,p1665,1
340,orchid orangutan; defiant dragonfly,gender,p1669,1
341,orchid orangutan; defiant dragonfly,gender,p1685,1
342,orchid orangutan; defiant dragonfly,gender,p1693,2
343,orchid orangutan; defiant dragonfly,gender,p1698,1
344,orchid orangutan; defiant dragonfly,gender,p1704,1
345,orchid orangutan; defiant dragonfly,gender,p1711,1
346,orchid orangutan; defiant dragonfly,gender,p1718,1
347,orchid orangutan; defiant dragonfly,gender,p1732,1
348,orchid orangutan; defiant dragonfly,gender,p1739,1
349,orchid orangutan; defiant dragonfly,gender,p1741,1
350,orchid orangutan; defiant dragonfly,gender,p1746,1
351,orchid orangutan; defiant dragonfly,gender,p1751,1
352,orchid orangutan; defiant dragonfly,gender,p1754,2
353,orchid orangutan; defiant dragonfly,gender,p1769,2
354,orchid orangutan; defiant dragonfly,gender,p1771,2
355,orchid orangutan; defiant dragonfly,gender,p1776,1
356,orchid orangutan; defiant dragonfly,gender,p1780,1
357,orchid orangutan; defiant dragonfly,gender,p1785,2
358,orchid orangutan; defiant dragonfly,gender,p1791,1
359,orchid orangutan; defiant dragonfly,gender,p1793,1
360,orchid orangutan; defiant dragonfly,gender,p1796,1
361,orchid orangutan; defiant dragonfly,gender,p1805,1
362,orchid orangutan; defiant dragonfly,gender,p1812,1
363,orchid orangutan; defiant dragonfly,gender,p1816,2
364,orchid orangutan; defiant dragonfly,gender,p1819,1
365,orchid orangutan; defiant dragonfly,gender,p1825,1
366,orchid orangutan; defiant dragonfly,gender,p1836,1
367,orchid orangutan; defiant dragonfly,gender,p1839,2
368,orchid orangutan; defiant dragonfly,gender,p1861,1
369,orchid orangutan; defiant dragonfly,gender,p1863,1
370,orchid orangutan; defiant dragonfly,gender,p1873,1
371,orchid orangutan; defiant dragonfly,gender,p1875,1
372,orchid orangutan; defiant dragonfly,gender,p1876,2
373,orchid orangutan; defiant dragonfly,gender,p1877,2
374,orchid orangutan; defiant dragonfly,gender,p1880,2
375,orchid orangutan; defiant dragonfly,gender,p1883,1
376,orchid orangutan; defiant dragonfly,gender,p1889,1
377,orchid orangutan; defiant dragonfly,gender,p1893,1
378,orchid orangutan; defiant dragonfly,gender,p1896,1
379,orchid orangutan; defiant dragonfly,gender,p1913,1
380,orchid orangutan; defiant dragonfly,gender,p1922,1
381,orchid orangutan; defiant dragonfly,gender,p1930,1
382,orchid orangutan; defiant dragonfly,gender,p1935,1
383,orchid orangutan; defiant dragonfly,gender,p1940,1
384,orchid orangutan; defiant dragonfly,gender,p1948,2
385,orchid orangutan; defiant dragonfly,gender,p1950,2
386,orchid orangutan; defiant dragonfly,gender,p1954,1
387,orchid orangutan; defiant dragonfly,gender,p1956,2
388,orchid orangutan; defiant dragonfly,gender,p1958,1
389,orchid orangutan; defiant dragonfly,gender,p1967,2
390,orchid orangutan; defiant dragonfly,gender,p1973,1
391,orchid orangutan; defiant dragonfly,gender,p1978,1
392,orchid orangutan; defiant dragonfly,gender,p1983,1
393,orchid orangutan; defiant dragonfly,gender,p1984,2
394,orchid orangutan; defiant dragonfly,gender,p1995,1
395,orchid orangutan; defiant dragonfly,gender,p1996,2
396,orchid orangutan; defiant dragonfly,gender,p1997,1
397,orchid orangutan; defiant dragonfly,gender,p2001,2
398,orchid orangutan; defiant dragonfly,gender,p2002,2
399,orchid orangutan; defiant dragonfly,gender,p2013,2
400,orchid orangutan; defiant dragonfly,gender,p2014,2
401,orchid orangutan; defiant dragonfly,gender,p2016,1
402,orchid orangutan; defiant dragonfly,gender,p2018,1
403,orchid orangutan; defiant dragonfly,gender,p2023,2
404,orchid orangutan; defiant dragonfly,gender,p2025,1
405,orchid orangutan; defiant dragonfly,gender,p2028,1
406,orchid orangutan; defiant dragonfly,gender,p2030,2
407,orchid orangutan; defiant dragonfly,gender,p2033,1
408,orchid orangutan; defiant dragonfly,gender,p2040,1
409,orchid orangutan; defiant dragonfly,gender,p2051,2
410,orchid orangutan; defiant dragonfly,gender,p2052,1
411,orchid orangutan; defiant dragonfly,gender,p2066,1
412,orchid orangutan; defiant dragonfly,gender,p2067,1
413,orchid orangutan; defiant dragonfly,gender,p2073,1
414,orchid orangutan; defiant dragonfly,gender,p2077,2
415,orchid orangutan; defiant dragonfly,gender,p2078,2
416,orchid orangutan; defiant dragonfly,gender,p2086,1
417,orchid orangutan; defiant dragonfly,gender,p2089,1
418,orchid orangutan; defiant dragonfly,gender,p2093,1
419,orchid orangutan; defiant dragonfly,gender,p2094,2
420,orchid orangutan; defiant dragonfly,gender,p2111,2
421,orchid orangutan; defiant dragonfly,gender,p2117,2
422,orchid orangutan; defiant dragonfly,gender,p2121,1
423,orchid orangutan; defiant dragonfly,gender,p2127,1
424,orchid orangutan; defiant dragonfly,gender,p2141,1
425,orchid orangutan; defiant dragonfly,gender,p2142,2
426,orchid orangutan; defiant dragonfly,gender,p2143,1
427,orchid orangutan; defiant dragonfly,gender,p2153,2
428,orchid orangutan; defiant dragonfly,gender,p2155,2
429,orchid orangutan; defiant dragonfly,gender,p2169,1
430,orchid orangutan; defiant dragonfly,gender,p2187,1
431,orchid orangutan; defiant dragonfly,gender,p2188,1
432,orchid orangutan; defiant dragonfly,gender,p2197,2
433,orchid orangutan; defiant dragonfly,gender,p2213,2
434,orchid orangutan; defiant dragonfly,gender,p2214,2
435,orchid orangutan; defiant dragonfly,gender,p2215,2
436,orchid orangutan; defiant dragonfly,gender,p2220,1
437,orchid orangutan; defiant dragonfly,gender,p2223,2
438,orchid orangutan; defiant dragonfly,gender,p2229,1
439,orchid orangutan; defiant dragonfly,gender,p2234,2
440,orchid orangutan; defiant dragonfly,gender,p2237,2
441,orchid orangutan; defiant dragonfly,gender,p2238,1
442,orchid orangutan; defiant dragonfly,gender,p2244,2
443,orchid orangutan; defiant dragonfly,gender,p2248,2
444,orchid orangutan; defiant dragonfly,gender,p2252,1
445,orchid orangutan; defiant dragonfly,gender,p2255,1
446,orchid orangutan; defiant dragonfly,gender,p2261,1
447,orchid orangutan; defiant dragonfly,gender,p2263,2
448,orchid orangutan; defiant dragonfly,gender,p2273,2
449,orchid orangutan; defiant dragonfly,gender,p2275,2
450,orchid orangutan; defiant dragonfly,gender,p2276,2
451,orchid orangutan; defiant dragonfly,gender,p2283,2
452,orchid orangutan; defiant dragonfly,gender,p2287,2
453,orchid orangutan; defiant dragonfly,gender,p2296,1
454,orchid orangutan; defiant dragonfly,gender,p2298,1
455,orchid orangutan; defiant dragonfly,gender,p2304,1
456,orchid orangutan; defiant dragonfly,gender,p2310,2
457,orchid orangutan; defiant dragonfly,gender,p2322,2
458,orchid orangutan; defiant dragonfly,gender,p2326,2
459,orchid orangutan; defiant dragonfly,gender,p2330,2
460,orchid orangutan; defiant dragonfly,gender,p2331,1
461,orchid orangutan; defiant dragonfly,gender,p2333,1
462,orchid orangutan; defiant dragonfly,gender,p2347,2
463,orchid orangutan; defiant dragonfly,gender,p2350,2
464,orchid orangutan; defiant dragonfly,gender,p2351,1
465,orchid orangutan; defiant dragonfly,gender,p2353,2
466,orchid orangutan; defiant dragonfly,gender,p2355,2
467,orchid orangutan; defiant dragonfly,gender,p2363,2
468,orchid orangutan; defiant dragonfly,gender,p2378,2
469,orchid orangutan; defiant dragonfly,gender,p2380,1
470,orchid orangutan; defiant dragonfly,gender,p2387,2
471,orchid orangutan; defiant dragonfly,gender,p2398,1
472,orchid orangutan; defiant dragonfly,gender,p2400,1
473,orchid orangutan; defiant dragonfly,gender,p2403,2
474,orchid orangutan; defiant dragonfly,gender,p2408,2
475,orchid orangutan; defiant dragonfly,gender,p2418,2
476,orchid orangutan; defiant dragonfly,gender,p2426,1
477,orchid orangutan; defiant dragonfly,gender,p2428,2
478,orchid orangutan; defiant dragonfly,gender,p2434,2
479,orchid orangutan; defiant dragonfly,gender,p2446,1
480,orchid orangutan; defiant dragonfly,gender,p2452,1
481,orchid orangutan; defiant dragonfly,gender,p2454,2
482,orchid orangutan; defiant dragonfly,gender,p2462,1
483,orchid orangutan; defiant dragonfly,gender,p2467,1
484,orchid orangutan; defiant dragonfly,gender,p2482,2
485,orchid orangutan; defiant dragonfly,gender,p2489,1
486,orchid orangutan; defiant dragonfly,gender,p2490,2
487,orchid orangutan; defiant dragonfly,gender,p2494,2
488,orchid orangutan; defiant dragonfly,gender,p2502,1
489,orchid orangutan; defiant dragonfly,gender,p2503,2
490,orchid orangutan; defiant dragonfly,gender,p2522,1
491,orchid orangutan; defiant dragonfly,gender,p2524,1
492,orchid orangutan; defiant dragonfly,gender,p2533,2
493,orchid orangutan; defiant dragonfly,gender,p2566,2
494,orchid orangutan; defiant dragonfly,gender,p2571,1
495,orchid orangutan; defiant dragonfly,gender,p2573,1
496,orchid orangutan; defiant dragonfly,gender,p2582,1
497,orchid orangutan; defiant dragonfly,gender,p2591,1
498,orchid orangutan; defiant dragonfly,gender,p2592,2
499,orchid orangutan; defiant dragonfly,gender,p2595,2
500,orchid orangutan; defiant dragonfly,year_birth,p0016,1970
501,orchid orangutan; defiant dragonfly,year_birth,p0022,1991
502,orchid orangutan; defiant dragonfly,year_birth,p0023,1958
503,orchid orangutan; defiant dragonfly,year_birth,p0026,1965
504,orchid orangutan; defiant dragonfly,year_birth,p0034,1950
505,orchid orangutan; defiant dragonfly,year_birth,p0036,1994
506,orchid orangutan; defiant dragonfly,year_birth,p0037,1969
507,orchid orangutan; defiant dragonfly,year_birth,p0042,1960
508,orchid orangutan; defiant dragonfly,year_birth,p0057,1981
509,orchid orangutan; defiant dragonfly,year_birth,p0066,1966
510,orchid orangutan; defiant dragonfly,year_birth,p0069,1986
511,orchid orangutan; defiant dragonfly,year_birth,p0072,1987
512,orchid orangutan; defiant dragonfly,year_birth,p0073,1982
513,orchid orangutan; defiant dragonfly,year_birth,p0082,1973
514,orchid orangutan; defiant dragonfly,year_birth,p0091,1995
515,orchid orangutan; defiant dragonfly,year_birth,p0092,1980
516,orchid orangutan; defiant dragonfly,year_birth,p0093,1947
517,orchid orangutan; defiant dragonfly,year_birth,p0095,1946
518,orchid orangutan; defiant dragonfly,year_birth,p0107,1964
519,orchid orangutan; defiant dragonfly,year_birth,p0114,1987
520,orchid orangutan; defiant dragonfly,year_birth,p0116,1986
521,orchid orangutan; defiant dragonfly,year_birth,p0118,1998
522,orchid orangutan; defiant dragonfly,year_birth,p0119,1989
523,orchid orangutan; defiant dragonfly,year_birth,p0126,1961
524,orchid orangutan; defiant dragonfly,year_birth,p0129,1951
525,orchid orangutan; defiant dragonfly,year_birth,p0136,1986
526,orchid orangutan; defiant dragonfly,year_birth,p0138,1947
527,orchid orangutan; defiant dragonfly,year_birth,p0144,1989
528,orchid orangutan; defiant dragonfly,year_birth,p0150,1975
529,orchid orangutan; defiant dragonfly,year_birth,p0152,1973
530,orchid orangutan; defiant dragonfly,year_birth,p0158,1948
531,orchid orangutan; defiant dragonfly,year_birth,p0161,1984
532,orchid orangutan; defiant dragonfly,year_birth,p0164,1955
533,orchid orangutan; defiant dragonfly,year_birth,p0175,1954
534,orchid orangutan; defiant dragonfly,year_birth,p0177,1972
535,orchid orangutan; defiant dragonfly,year_birth,p0178,1991
536,orchid orangutan; defiant dragonfly,year_birth,p0181,1970
537,orchid orangutan; defiant dragonfly,year_birth,p0186,1968
538,orchid orangutan; defiant dragonfly,year_birth,p0196,1993
539,orchid orangutan; defiant dragonfly,year_birth,p0198,1949
540,orchid orangutan; defiant dragonfly,year_birth,p0202,1950
541,orchid orangutan; defiant dragonfly,year_birth,p0205,1944
542,orchid orangutan; defiant dragonfly,year_birth,p0207,1932
543,orchid orangutan; defiant dragonfly,year_birth,p0211,1947
544,orchid orangutan; defiant dragonfly,year_birth,p0227,1978
545,orchid orangutan; defiant dragonfly,year_birth,p0229,1957
546,orchid orangutan; defiant dragonfly,year_birth,p0232,1939
547,orchid orangutan; defiant dragonfly,year_birth,p0233,1951
548,orchid orangutan; defiant dragonfly,year_birth,p0237,1984
549,orchid orangutan; defiant dragonfly,year_birth,p0258,1936
550,orchid orangutan; defiant dragonfly,year_birth,p0268,1927
551,orchid orangutan; defiant dragonfly,year_birth,p0274,1981
552,orchid orangutan; defiant dragonfly,year_birth,p0275,1970
553,orchid orangutan; defiant dragonfly,year_birth,p0277,1975
554,orchid orangutan; defiant dragonfly,year_birth,p0288,1970
555,orchid orangutan; defiant dragonfly,year_birth,p0291,1936
556,orchid orangutan; defiant dragonfly,year_birth,p0307,1996
557,orchid orangutan; defiant dragonfly,year_birth,p0308,1998
558,orchid orangutan; defiant dragonfly,year_birth,p0317,1960
559,orchid orangutan; defiant dragonfly,year_birth,p0325,1989
560,orchid orangutan; defiant dragonfly,year_birth,p0327,1958
561,orchid orangutan; defiant dragonfly,year_birth,p0334,1956
562,orchid orangutan; defiant dragonfly,year_birth,p0336,1987
563,orchid orangutan; defiant dragonfly,year_birth,p0338,1977
564,orchid orangutan; defiant dragonfly,year_birth,p0342,1981
565,orchid orangutan; defiant dragonfly,year_birth,p0349,1975
566,orchid orangutan; defiant dragonfly,year_birth,p0356,1991
567,orchid orangutan; defiant dragonfly,year_birth,p0358,1956
568,orchid orangutan; defiant dragonfly,year_birth,p0363,1956
569,orchid orangutan; defiant dragonfly,year_birth,p0364,1981
570,orchid orangutan; defiant dragonfly,year_birth,p0369,1989
571,orchid orangutan; defiant dragonfly,year_birth,p0370,1983
572,orchid orangutan; defiant dragonfly,year_birth,p0371,1959
573,orchid orangutan; defiant dragonfly,year_birth,p0379,1962
574,orchid orangutan; defiant dragonfly,year_birth,p0386,1986
575,orchid orangutan; defiant dragonfly,year_birth,p0396,1987
576,orchid orangutan; defiant dragonfly,year_birth,p0403,1988
577,orchid orangutan; defiant dragonfly,year_birth,p0405,1990
578,orchid orangutan; defiant dragonfly,year_birth,p0412,1963
579,orchid orangutan; defiant dragonfly,year_birth,p0415,1992
580,orchid orangutan; defiant dragonfly,year_birth,p0416,1982
581,orchid orangutan; defiant dragonfly,year_birth,p0417,1983
582,orchid orangutan; defiant dragonfly,year_birth,p0418,1952
583,orchid orangutan; defiant dragonfly,year_birth,p0430,1944
584,orchid orangutan; defiant dragonfly,year_birth,p0431,1998
585,orchid orangutan; defiant dragonfly,year_birth,p0434,1964
586,orchid orangutan; defiant dragonfly,year_birth,p0438,1977
587,orchid orangutan; defiant dragonfly,year_birth,p0441,1988
588,orchid orangutan; defiant dragonfly,year_birth,p0442,1994
589,orchid orangutan; defiant dragonfly,year_birth,p0449,1957
590,orchid orangutan; defiant dragonfly,year_birth,p0450,1951
591,orchid orangutan; defiant dragonfly,year_birth,p0465,1965
592,orchid orangutan; defiant dragonfly,year_birth,p0471,1987
593,orchid orangutan; defiant dragonfly,year_birth,p0477,1970
594,orchid orangutan; defiant dragonfly,year_birth,p0483,1993
595,orchid orangutan; defiant dragonfly,year_birth,p0486,1990
596,orchid orangutan; defiant dragonfly,year_birth,p0487,1983
597,orchid orangutan; defiant dragonfly,year_birth,p0489,1959
598,orchid orangutan; defiant dragonfly,year_birth,p0497,1946
599,orchid orangutan; defiant dragonfly,year_birth,p0502,1953
600,orchid orangutan; defiant dragonfly,year_birth,p0503,1991
601,orchid orangutan; defiant dragonfly,year_birth,p0506,1987
602,orchid orangutan; defiant dragonfly,year_birth,p0511,1989
603,orchid orangutan; defiant dragonfly,year_birth,p0523,1993
604,orchid orangutan; defiant dragonfly,year_birth,p0534,1954
605,orchid orangutan; defiant dragonfly,year_birth,p0536,1982
606,orchid orangutan; defiant dragonfly,year_birth,p0542,1948
607,orchid orangutan; defiant dragonfly,year_birth,p0547,1954
608,orchid orangutan; defiant dragonfly,year_birth,p0553,1966
609,orchid orangutan; defiant dragonfly,year_birth,p0559,1991
610,orchid orangutan; defiant dragonfly,year_birth,p0566,1984
611,orchid orangutan; defiant dragonfly,year_birth,p0568,1972
612,orchid orangutan; defiant dragonfly,year_birth,p0570,1977
613,orchid orangutan; defiant dragonfly,year_birth,p0573,1987
614,orchid orangutan; defiant dragonfly,year_birth,p0578,1967
615,orchid orangutan; defiant dragonfly,year_birth,p0594,1984
616,orchid orangutan; defiant dragonfly,year_birth,p0597,1958
617,orchid orangutan; defiant dragonfly,year_birth,p0601,1996
618,orchid orangutan; defiant dragonfly,year_birth,p0602,1952
619,orchid orangutan; defiant dragonfly,year_birth,p0605,1987
620,orchid orangutan; defiant dragonfly,year_birth,p0615,1966
621,orchid orangutan; defiant dragonfly,year_birth,p0620,1994
622,orchid orangutan; defiant dragonfly,year_birth,p0626,1980
623,orchid orangutan; defiant dragonfly,year_birth,p0629,1995
624,orchid orangutan; defiant dragonfly,year_birth,p0633,1996
625,orchid orangutan; defiant dragonfly,year_birth,p0638,1989
626,orchid orangutan; defiant dragonfly,year_birth,p0639,1976
627,orchid orangutan; defiant dragonfly,year_birth,p0640,1951
628,orchid orangutan; defiant dragonfly,year_birth,p0655,1998
629,orchid orangutan; defiant dragonfly,year_birth,p0656,1991
630,orchid orangutan; defiant dragonfly,year_birth,p0658,1968
631,orchid orangutan; defiant dragonfly,year_birth,p0661,1988
632,orchid orangutan; defiant dragonfly,year_birth,p0669,1960
633,orchid orangutan; defiant dragonfly,year_birth,p0670,1980
634,orchid orangutan; defiant dragonfly,year_birth,p0672,1973
635,orchid orangutan; defiant dragonfly,year_birth,p0674,1985
636,orchid orangutan; defiant dragonfly,year_birth,p0678,1978
637,orchid orangutan; defiant dragonfly,year_birth,p0683,1949
638,orchid orangutan; defiant dragonfly,year_birth,p0686,1977
639,orchid orangutan; defiant dragonfly,year_birth,p0687,1953
640,orchid orangutan; defiant dragonfly,year_birth,p0698,1963
641,orchid orangutan; defiant dragonfly,year_birth,p0700,1981
642,orchid orangutan; defiant dragonfly,year_birth,p0703,1970
643,orchid orangutan; defiant dragonfly,year_birth,p0718,1984
644,orchid orangutan; defiant dragonfly,year_birth,p0744,1987
645,orchid orangutan; defiant dragonfly,year_birth,p0745,1987
646,orchid orangutan; defiant dragonfly,year_birth,p0753,1992
647,orchid orangutan; defiant dragonfly,year_birth,p0770,1985
648,orchid orangutan; defiant dragonfly,year_birth,p0771,1964
649,orchid orangutan; defiant dragonfly,year_birth,p0777,1982
650,orchid orangutan; defiant dragonfly,year_birth,p0779,1964
651,orchid orangutan; defiant dragonfly,year_birth,p0780,1970
652,orchid orangutan; defiant dragonfly,year_birth,p0783,1947
653,orchid orangutan; defiant dragonfly,year_birth,p0785,1994
654,orchid orangutan; defiant dragonfly,year_birth,p0786,1970
655,orchid orangutan; defiant dragonfly,year_birth,p0794,1952
656,orchid orangutan; defiant dragonfly,year_birth,p0798,1947
657,orchid orangutan; defiant dragonfly,year_birth,p0800,1967
658,orchid orangutan; defiant dragonfly,year_birth,p0820,1982
659,orchid orangutan; defiant dragonfly,year_birth,p0841,1985
660,orchid orangutan; defiant dragonfly,year_birth,p0849,1970
661,orchid orangutan; defiant dragonfly,year_birth,p0862,1989
662,orchid orangutan; defiant dragonfly,year_birth,p0867,1969
663,orchid orangutan; defiant dragonfly,year_birth,p0869,1955
664,orchid orangutan; defiant dragonfly,year_birth,p0872,1972
665,orchid orangutan; defiant dragonfly,year_birth,p0880,1993
666,orchid orangutan; defiant dragonfly,year_birth,p0891,1984
667,orchid orangutan; defiant dragonfly,year_birth,p0916,1989
668,orchid orangutan; defiant dragonfly,year_birth,p0917,1987
669,orchid orangutan; defiant dragonfly,year_birth,p0919,1991
670,orchid orangutan; defiant dragonfly,year_birth,p0922,1957
671,orchid orangutan; defiant dragonfly,year_birth,p0925,1966
672,orchid orangutan; defiant dragonfly,year_birth,p0927,1990
673,orchid orangutan; defiant dragonfly,year_birth,p0929,1991
674,orchid orangutan; defiant dragonfly,year_birth,p0930,1984
675,orchid orangutan; defiant dragonfly,year_birth,p0931,1958
676,orchid orangutan; defiant dragonfly,year_birth,p0933,1986
677,orchid orangutan; defiant dragonfly,year_birth,p0934,1978
678,orchid orangutan; defiant dragonfly,year_birth,p0936,1976
679,orchid orangutan; defiant dragonfly,year_birth,p0938,1982
680,orchid orangutan; defiant dragonfly,year_birth,p0939,1984
681,orchid orangutan; defiant dragonfly,year_birth,p0946,1980
682,orchid orangutan; defiant dragonfly,year_birth,p0951,1963
683,orchid orangutan; defiant dragonfly,year_birth,p0956,1988
684,orchid orangutan; defiant dragonfly,year_birth,p0962,1942
685,orchid orangutan; defiant dragonfly,year_birth,p0963,1990
686,orchid orangutan; defiant dragonfly,year_birth,p0969,1960
687,orchid orangutan; defiant dragonfly,year_birth,p0972,1956
688,orchid orangutan; defiant dragonfly,year_birth,p0975,1952
689,orchid orangutan; defiant dragonfly,year_birth,p0985,1994
690,orchid orangutan; defiant dragonfly,year_birth,p0993,1983
691,orchid orangutan; defiant dragonfly,year_birth,p0996,1956
692,orchid orangutan; defiant dragonfly,year_birth,p1011,1961
693,orchid orangutan; defiant dragonfly,year_birth,p1017,1992
694,orchid orangutan; defiant dragonfly,year_birth,p1020,1953
695,orchid orangutan; defiant dragonfly,year_birth,p1022,1995
696,orchid orangutan; defiant dragonfly,year_birth,p1024,1972
697,orchid orangutan; defiant dragonfly,year_birth,p1027,1996
698,orchid orangutan; defiant dragonfly,year_birth,p1028,1985
699,orchid orangutan; defiant dragonfly,year_birth,p1029,1986
700,orchid orangutan; defiant dragonfly,year_birth,p1032,1972
701,orchid orangutan; defiant dragonfly,year_birth,p1040,1990
702,orchid orangutan; defiant dragonfly,year_birth,p1047,1997
703,orchid orangutan; defiant dragonfly,year_birth,p1048,1985
704,orchid orangutan; defiant dragonfly,year_birth,p1053,1987
705,orchid orangutan; defiant dragonfly,year_birth,p1057,1986
706,orchid orangutan; defiant dragonfly,year_birth,p1058,1988
707,orchid orangutan; defiant dragonfly,year_birth,p1063,1960
708,orchid orangutan; defiant dragonfly,year_birth,p1064,1955
709,orchid orangutan; defiant dragonfly,year_birth,p1065,1955
710,orchid orangutan; defiant dragonfly,year_birth,p1069,1981
711,orchid orangutan; defiant dragonfly,year_birth,p1072,1986
712,orchid orangutan; defiant dragonfly,year_birth,p1073,1980
713,orchid orangutan; defiant dragonfly,year_birth,p1075,1965
714,orchid orangutan; defiant dragonfly,year_birth,p1076,1997
715,orchid orangutan; defiant dragonfly,year_birth,p1083,1950
716,orchid orangutan; defiant dragonfly,year_birth,p1089,1992
717,orchid orangutan; defiant dragonfly,year_birth,p1093,1995
718,orchid orangutan; defiant dragonfly,year_birth,p1096,1988
719,orchid orangutan; defiant dragonfly,year_birth,p1100,1972
720,orchid orangutan; defiant dragonfly,year_birth,p1106,1988
721,orchid orangutan; defiant dragonfly,year_birth,p1107,1955
722,orchid orangutan; defiant dragonfly,year_birth,p1113,1984
723,orchid orangutan; defiant dragonfly,year_birth,p1117,1940
724,orchid orangutan; defiant dragonfly,year_birth,p1120,1956
725,orchid orangutan; defiant dragonfly,year_birth,p1134,1951
726,orchid orangutan; defiant dragonfly,year_birth,p1136,1967
727,orchid orangutan; defiant dragonfly,year_birth,p1138,1969
728,orchid orangutan; defiant dragonfly,year_birth,p1144,1962
729,orchid orangutan; defiant dragonfly,year_birth,p1145,1952
730,orchid orangutan; defiant dragonfly,year_birth,p1147,1989
731,orchid orangutan; defiant dragonfly,year_birth,p1148,1982
732,orchid orangutan; defiant dragonfly,year_birth,p1154,1985
733,orchid orangutan; defiant dragonfly,year_birth,p1159,1957
734,orchid orangutan; defiant dragonfly,year_birth,p1167,1965
735,orchid orangutan; defiant dragonfly,year_birth,p1175,1989
736,orchid orangutan; defiant dragonfly,year_birth,p1178,1989
737,orchid orangutan; defiant dragonfly,year_birth,p1184,1979
738,orchid orangutan; defiant dragonfly,year_birth,p1186,1970
739,orchid orangutan; defiant dragonfly,year_birth,p1196,1996
740,orchid orangutan; defiant dragonfly,year_birth,p1197,1974
741,orchid orangutan; defiant dragonfly,year_birth,p1203,1954
742,orchid orangutan; defiant dragonfly,year_birth,p1219,1994
743,orchid orangutan; defiant dragonfly,year_birth,p1225,1952
744,orchid orangutan; defiant dragonfly,year_birth,p1234,1996
745,orchid orangutan; defiant dragonfly,year_birth,p1242,1954
746,orchid orangutan; defiant dragonfly,year_birth,p1244,1976
747,orchid orangutan; defiant dragonfly,year_birth,p1249,1972
748,orchid orangutan; defiant dragonfly,year_birth,p1250,1960
749,orchid orangutan; defiant dragonfly,year_birth,p1256,1979
750,orchid orangutan; defiant dragonfly,year_birth,p1258,1986
751,orchid orangutan; defiant dragonfly,year_birth,p1260,1982
752,orchid orangutan; defiant dragonfly,year_birth,p1262,1972
753,orchid orangutan; defiant dragonfly,year_birth,p1264,1997
754,orchid orangutan; defiant dragonfly,year_birth,p1265,1987
755,orchid orangutan; defiant dragonfly,year_birth,p1269,1983
756,orchid orangutan; defiant dragonfly,year_birth,p1272,1998
757,orchid orangutan; defiant dragonfly,year_birth,p1278,1988
758,orchid orangutan; defiant dragonfly,year_birth,p1281,1989
759,orchid orangutan; defiant dragonfly,year_birth,p1292,1990
760,orchid orangutan; defiant dragonfly,year_birth,p1299,1964
761,orchid orangutan; defiant dragonfly,year_birth,p1312,1984
762,orchid orangutan; defiant dragonfly,year_birth,p1322,1986
763,orchid orangutan; defiant dragonfly,year_birth,p1326,1985
764,orchid orangutan; defiant dragonfly,year_birth,p1330,1962
765,orchid orangutan; defiant dragonfly,year_birth,p1335,1991
766,orchid orangutan; defiant dragonfly,year_birth,p1337,1965
767,orchid orangutan; defiant dragonfly,year_birth,p1340,1983
768,orchid orangutan; defiant dragonfly,year_birth,p1345,1960
769,orchid orangutan; defiant dragonfly,year_birth,p1351,1932
770,orchid orangutan; defiant dragonfly,year_birth,p1355,1991
771,orchid orangutan; defiant dragonfly,year_birth,p1362,1941
772,orchid orangutan; defiant dragonfly,year_birth,p1365,1961
773,orchid orangutan; defiant dragonfly,year_birth,p1366,1958
774,orchid orangutan; defiant dragonfly,year_birth,p1367,1984
775,orchid orangutan; defiant dragonfly,year_birth,p1370,1936
776,orchid orangutan; defiant dragonfly,year_birth,p1371,1969
777,orchid orangutan; defiant dragonfly,year_birth,p1373,1991
778,orchid orangutan; defiant dragonfly,year_birth,p1375,1980
779,orchid orangutan; defiant dragonfly,year_birth,p1376,1986
780,orchid orangutan; defiant dragonfly,year_birth,p1379,1977
781,orchid orangutan; defiant dragonfly,year_birth,p1381,1952
782,orchid orangutan; defiant dragonfly,year_birth,p1393,1974
783,orchid orangutan; defiant dragonfly,year_birth,p1396,1970
784,orchid orangutan; defiant dragonfly,year_birth,p1398,1978
785,orchid orangutan; defiant dragonfly,year_birth,p1404,1960
786,orchid orangutan; defiant dragonfly,year_birth,p1406,1961
787,orchid orangutan; defiant dragonfly,year_birth,p1407,1987
788,orchid orangutan; defiant dragonfly,year_birth,p1409,1954
789,orchid orangutan; defiant dragonfly,year_birth,p1412,1966
790,orchid orangutan; defiant dragonfly,year_birth,p1414,1981
791,orchid orangutan; defiant dragonfly,year_birth,p1424,1968
792,orchid orangutan; defiant dragonfly,year_birth,p1425,1968
793,orchid orangutan; defiant dragonfly,year_birth,p1429,1971
794,orchid orangutan; defiant dragonfly,year_birth,p1434,1976
795,orchid orangutan; defiant dragonfly,year_birth,p1441,1975
796,orchid orangutan; defiant dragonfly,year_birth,p1445,1956
797,orchid orangutan; defiant dragonfly,year_birth,p1450,1993
798,orchid orangutan; defiant dragonfly,year_birth,p1454,1967
799,orchid orangutan; defiant dragonfly,year_birth,p1456,1978
800,orchid orangutan; defiant dragonfly,year_birth,p1457,1987
801,orchid orangutan; defiant dragonfly,year_birth,p1458,1966
802,orchid orangutan; defiant dragonfly,year_birth,p1469,1979
803,orchid orangutan; defiant dragonfly,year_birth,p1470,1961
804,orchid orangutan; defiant dragonfly,year_birth,p1481,1958
805,orchid orangutan; defiant dragonfly,year_birth,p1488,1973
806,orchid orangutan; defiant dragonfly,year_birth,p1492,1976
807,orchid orangutan; defiant dragonfly,year_birth,p1495,1943
808,orchid orangutan; defiant dragonfly,year_birth,p1497,1965
809,orchid orangutan; defiant dragonfly,year_birth,p1499,1993
810,orchid orangutan; defiant dragonfly,year_birth,p1503,1963
811,orchid orangutan; defiant dragonfly,year_birth,p1511,1960
812,orchid orangutan; defiant dragonfly,year_birth,p1512,1989
813,orchid orangutan; defiant dragonfly,year_birth,p1518,1992
814,orchid orangutan; defiant dragonfly,year_birth,p1519,1995
815,orchid orangutan; defiant dragonfly,year_birth,p1520,1988
816,orchid orangutan; defiant dragonfly,year_birth,p1524,1968
817,orchid orangutan; defiant dragonfly,year_birth,p1526,1982
818,orchid orangutan; defiant dragonfly,year_birth,p1537,1937
819,orchid orangutan; defiant dragonfly,year_birth,p1545,1975
820,orchid orangutan; defiant dragonfly,year_birth,p1547,1968
821,orchid orangutan; defiant dragonfly,year_birth,p1552,1989
822,orchid orangutan; defiant dragonfly,year_birth,p1567,1949
823,orchid orangutan; defiant dragonfly,year_birth,p1568,1950
824,orchid orangutan; defiant dragonfly,year_birth,p1579,1951
825,orchid orangutan; defiant dragonfly,year_birth,p1587,1965
826,orchid orangutan; defiant dragonfly,year_birth,p1596,1953
827,orchid orangutan; defiant dragonfly,year_birth,p1600,1974
828,orchid orangutan; defiant dragonfly,year_birth,p1603,1990
829,orchid orangutan; defiant dragonfly,year_birth,p1604,1955
830,orchid orangutan; defiant dragonfly,year_birth,p1610,1978
831,orchid orangutan; defiant dragonfly,year_birth,p1618,1971
832,orchid orangutan; defiant dragonfly,year_birth,p1619,1948
833,orchid orangutan; defiant dragonfly,year_birth,p1622,1956
834,orchid orangutan; defiant dragonfly,year_birth,p1623,1971
835,orchid orangutan; defiant dragonfly,year_birth,p1630,1999
836,orchid orangutan; defiant dragonfly,year_birth,p1641,1944
837,orchid orangutan; defiant dragonfly,year_birth,p1649,1943
838,orchid orangutan; defiant dragonfly,year_birth,p1652,1971
839,orchid orangutan; defiant dragonfly,year_birth,p1665,1980
840,orchid orangutan; defiant dragonfly,year_birth,p1669,1968
841,orchid orangutan; defiant dragonfly,year_birth,p1685,1956
842,orchid orangutan; defiant dragonfly,year_birth,p1693,1986
843,orchid orangutan; defiant dragonfly,year_birth,p1698,1973
844,orchid orangutan; defiant dragonfly,year_birth,p1704,1976
845,orchid orangutan; defiant dragonfly,year_birth,p1711,1969
846,orchid orangutan; defiant dragonfly,year_birth,p1718,1975
847,orchid orangutan; defiant dragonfly,year_birth,p1732,1971
848,orchid orangutan; defiant dragonfly,year_birth,p1739,1943
849,orchid orangutan; defiant dragonfly,year_birth,p1741,1942
850,orchid orangutan; defiant dragonfly,year_birth,p1746,1975
851,orchid orangutan; defiant dragonfly,year_birth,p1751,1987
852,orchid orangutan; defiant dragonfly,year_birth,p1754,1959
853,orchid orangutan; defiant dragonfly,year_birth,p1769,1971
854,orchid orangutan; defiant dragonfly,year_birth,p1771,1968
855,orchid orangutan; defiant dragonfly,year_birth,p1776,1953
856,orchid orangutan; defiant dragonfly,year_birth,p1780,1969
857,orchid orangutan; defiant dragonfly,year_birth,p1785,1979
858,orchid orangutan; defiant dragonfly,year_birth,p1791,1986
859,orchid orangutan; defiant dragonfly,year_birth,p1793,1957
860,orchid orangutan; defiant dragonfly,year_birth,p1796,1952
861,orchid orangutan; defiant dragonfly,year_birth,p1805,1981
862,orchid orangutan; defiant dragonfly,year_birth,p1812,1979
863,orchid orangutan; defiant dragonfly,year_birth,p1816,1972
864,orchid orangutan; defiant dragonfly,year_birth,p1819,1972
865,orchid orangutan; defiant dragonfly,year_birth,p1825,1951
866,orchid orangutan; defiant dragonfly,year_birth,p1836,1995
867,orchid orangutan; defiant dragonfly,year_birth,p1839,1940
868,orchid orangutan; defiant dragonfly,year_birth,p1861,1961
869,orchid orangutan; defiant dragonfly,year_birth,p1863,1930
870,orchid orangutan; defiant dragonfly,year_birth,p1873,1979
871,orchid orangutan; defiant dragonfly,year_birth,p1875,1955
872,orchid orangutan; defiant dragonfly,year_birth,p1876,1971
873,orchid orangutan; defiant dragonfly,year_birth,p1877,1996
874,orchid orangutan; defiant dragonfly,year_birth,p1880,1977
875,orchid orangutan; defiant dragonfly,year_birth,p1883,1970
876,orchid orangutan; defiant dragonfly,year_birth,p1889,1978
877,orchid orangutan; defiant dragonfly,year_birth,p1893,1982
878,orchid orangutan; defiant dragonfly,year_birth,p1896,1991
879,orchid orangutan; defiant dragonfly,year_birth,p1913,1969
880,orchid orangutan; defiant dragonfly,year_birth,p1922,1942
881,orchid orangutan; defiant dragonfly,year_birth,p1930,1970
882,orchid orangutan; defiant dragonfly,year_birth,p1935,1946
883,orchid orangutan; defiant dragonfly,year_birth,p1940,1977
884,orchid orangutan; defiant dragonfly,year_birth,p1948,1994
885,orchid orangutan; defiant dragonfly,year_birth,p1950,1963
886,orchid orangutan; defiant dragonfly,year_birth,p1954,1972
887,orchid orangutan; defiant dragonfly,year_birth,p1956,1959
888,orchid orangutan; defiant dragonfly,year_birth,p1958,1978
889,orchid orangutan; defiant dragonfly,year_birth,p1967,1979
890,orchid orangutan; defiant dragonfly,year_birth,p1973,1995
891,orchid orangutan; defiant dragonfly,year_birth,p1978,1953
892,orchid orangutan; defiant dragonfly,year_birth,p1983,1976
893,orchid orangutan; defiant dragonfly,year_birth,p1984,1956
894,orchid orangutan; defiant dragonfly,year_birth,p1995,1942
895,orchid orangutan; defiant dragonfly,year_birth,p1996,1977
896,orchid orangutan; defiant dragonfly,year_birth,p1997,1972
897,orchid orangutan; defiant dragonfly,year_birth,p2001,1977
898,orchid orangutan; defiant dragonfly,year_birth,p2002,1968
899,orchid orangutan; defiant dragonfly,year_birth,p2013,1980
900,orchid orangutan; defiant dragonfly,year_birth,p2014,1968
901,orchid orangutan; defiant dragonfly,year_birth,p2016,1962
902,orchid orangutan; defiant dragonfly,year_birth,p2018,1980
903,orchid orangutan; defiant dragonfly,year_birth,p2023,1969
904,orchid orangutan; defiant dragonfly,year_birth,p2025,1937
905,orchid orangutan; defiant dragonfly,year_birth,p2028,1953
906,orchid orangutan; defiant dragonfly,year_birth,p2030,1973
907,orchid orangutan; defiant dragonfly,year_birth,p2033,1978
908,orchid orangutan; defiant dragonfly,year_birth,p2040,1947
909,orchid orangutan; defiant dragonfly,year_birth,p2051,1991
910,orchid orangutan; defiant dragonfly,year_birth,p2052,1971
911,orchid orangutan; defiant dragonfly,year_birth,p2066,1942
912,orchid orangutan; defiant dragonfly,year_birth,p2067,1953
913,orchid orangutan; defiant dragonfly,year_birth,p2073,1994
914,orchid orangutan; defiant dragonfly,year_birth,p2077,1994
915,orchid orangutan; defiant dragonfly,year_birth,p2078,1988
916,orchid orangutan; defiant dragonfly,year_birth,p2086,1964
917,orchid orangutan; defiant dragonfly,year_birth,p2089,1981
918,orchid orangutan; defiant dragonfly,year_birth,p2093,1956
919,orchid orangutan; defiant dragonfly,year_birth,p2094,1945
920,orchid orangutan; defiant dragonfly,year_birth,p2111,1997
921,orchid orangutan; defiant dragonfly,year_birth,p2117,1979
922,orchid orangutan; defiant dragonfly,year_birth,p2121,1958
923,orchid orangutan; defiant dragonfly,year_birth,p2127,1969
924,orchid orangutan; defiant dragonfly,year_birth,p2141,1996
925,orchid orangutan; defiant dragonfly,year_birth,p2142,1999
926,orchid orangutan; defiant dragonfly,year_birth,p2143,1971
927,orchid orangutan; defiant dragonfly,year_birth,p2153,1984
928,orchid orangutan; defiant dragonfly,year_birth,p2155,1973
929,orchid orangutan; defiant dragonfly,year_birth,p2169,1961
930,orchid orangutan; defiant dragonfly,year_birth,p2187,1991
931,orchid orangutan; defiant dragonfly,year_birth,p2188,1974
932,orchid orangutan; defiant dragonfly,year_birth,p2197,1986
933,orchid orangutan; defiant dragonfly,year_birth,p2213,1997
934,orchid orangutan; defiant dragonfly,year_birth,p2214,1989
935,orchid orangutan; defiant dragonfly,year_birth,p2215,1992
936,orchid orangutan; defiant dragonfly,year_birth,p2220,1971
937,orchid orangutan; defiant dragonfly,year_birth,p2223,1990
938,orchid orangutan; defiant dragonfly,year_birth,p2229,1985
939,orchid orangutan; defiant dragonfly,year_birth,p2234,1991
940,orchid orangutan; defiant dragonfly,year_birth,p2237,1960
941,orchid orangutan; defiant dragonfly,year_birth,p2238,1957
942,orchid orangutan; defiant dragonfly,year_birth,p2244,1987
943,orchid orangutan; defiant dragonfly,year_birth,p2248,1966
944,orchid orangutan; defiant dragonfly,year_birth,p2252,1999
945,orchid orangutan; defiant dragonfly,year_birth,p2255,1950
946,orchid orangutan; defiant dragonfly,year_birth,p2261,1960
947,orchid orangutan; defiant dragonfly,year_birth,p2263,1974
948,orchid orangutan; defiant dragonfly,year_birth,p2273,1993
949,orchid orangutan; defiant dragonfly,year_birth,p2275,1984
950,orchid orangutan; defiant dragonfly,year_birth,p2276,1985
951,orchid orangutan; defiant dragonfly,year_birth,p2283,1964
952,orchid orangutan; defiant dragonfly,year_birth,p2287,1957
953,orchid orangutan; defiant dragonfly,year_birth,p2296,1992
954,orchid orangutan; defiant dragonfly,year_birth,p2298,1994
955,orchid orangutan; defiant dragonfly,year_birth,p2304,1995
956,orchid orangutan; defiant dragonfly,year_birth,p2310,1986
957,orchid orangutan; defiant dragonfly,year_birth,p2322,1988
958,orchid orangutan; defiant dragonfly,year_birth,p2326,1990
959,orchid orangutan; defiant dragonfly,year_birth,p2330,1996
960,orchid orangutan; defiant dragonfly,year_birth,p2331,1997
961,orchid orangutan; defiant dragonfly,year_birth,p2333,1967
962,orchid orangutan; defiant dragonfly,year_birth,p2347,1972
963,orchid orangutan; defiant dragonfly,year_birth,p2350,1989
964,orchid orangutan; defiant dragonfly,year_birth,p2351,1986
965,orchid orangutan; defiant dragonfly,year_birth,p2353,1998
966,orchid orangutan; defiant dragonfly,year_birth,p2355,1988
967,orchid orangutan; defiant dragonfly,year_birth,p2363,1982
968,orchid orangutan; defiant dragonfly,year_birth,p2378,1994
969,orchid orangutan; defiant dragonfly,year_birth,p2380,1994
970,orchid orangutan; defiant dragonfly,year_birth,p2387,1986
971,orchid orangutan; defiant dragonfly,year_birth,p2398,1990
972,orchid orangutan; defiant dragonfly,year_birth,p2400,1961
973,orchid orangutan; defiant dragonfly,year_birth,p2403,1971
974,orchid orangutan; defiant dragonfly,year_birth,p2408,1980
975,orchid orangutan; defiant dragonfly,year_birth,p2418,1987
976,orchid orangutan; defiant dragonfly,year_birth,p2426,1951
977,orchid orangutan; defiant dragonfly,year_birth,p2428,1989
978,orchid orangutan; defiant dragonfly,year_birth,p2434,1968
979,orchid orangutan; defiant dragonfly,year_birth,p2446,1983
980,orchid orangutan; defiant dragonfly,year_birth,p2452,1975
981,orchid orangutan; defiant dragonfly,year_birth,p2454,1978
982,orchid orangutan; defiant dragonfly,year_birth,p2462,1993
983,orchid orangutan; defiant dragonfly,year_birth,p2467,1972
984,orchid orangutan; defiant dragonfly,year_birth,p2482,1967
985,orchid orangutan; defiant dragonfly,year_birth,p2489,1952
986,orchid orangutan; defiant dragonfly,year_birth,p2490,1998
987,orchid orangutan; defiant dragonfly,year_birth,p2494,1947
988,orchid orangutan; defiant dragonfly,year_birth,p2502,1955
989,orchid orangutan; defiant dragonfly,year_birth,p2503,1987
990,orchid orangutan; defiant dragonfly,year_birth,p2522,1945
991,orchid orangutan; defiant dragonfly,year_birth,p2524,1946
992,orchid orangutan; defiant dragonfly,year_birth,p2533,1951
993,orchid orangutan; defiant dragonfly,year_birth,p2566,1968
994,orchid orangutan; defiant dragonfly,year_birth,p2571,1952
995,orchid orangutan; defiant dragonfly,year_birth,p2573,1969
996,orchid orangutan; defiant dragonfly,year_birth,p2582,1985
997,orchid orangutan; defiant dragonfly,year_birth,p2591,1986
998,orchid orangutan; defiant dragonfly,year_birth,p2592,1981
999,orchid orangutan; defiant dragonfly,year_birth,p2595,1973
1000,orchid orangutan; defiant dragonfly,race,p0016,1
1001,orchid orangutan; defiant dragonfly,race,p0022,1
1002,orchid orangutan; defiant dragonfly,race,p0023,1
1003,orchid orangutan; defiant dragonfly,race,p0026,1
1004,orchid orangutan; defiant dragonfly,race,p0034,1
1005,orchid orangutan; defiant dragonfly,race,p0036,1
1006,orchid orangutan; defiant dragonfly,race,p0037,1
1007,orchid orangutan; defiant dragonfly,race,p0042,1
1008,orchid orangutan; defiant dragonfly,race,p0057,1
1009,orchid orangutan; defiant dragonfly,race,p0066,1
1010,orchid orangutan; defiant dragonfly,race,p0069,1
1011,orchid orangutan; defiant dragonfly,race,p0072,1
1012,orchid orangutan; defiant dragonfly,race,p0073,1
1013,orchid orangutan; defiant dragonfly,race,p0082,1
1014,orchid orangutan; defiant dragonfly,race,p0091,1
1015,orchid orangutan; defiant dragonfly,race,p0092,2
1016,orchid orangutan; defiant dragonfly,race,p0093,1
1017,orchid orangutan; defiant dragonfly,race,p0095,1
1018,orchid orangutan; defiant dragonfly,race,p0107,1
1019,orchid orangutan; defiant dragonfly,race,p0114,1
1020,orchid orangutan; defiant dragonfly,race,p0116,1
1021,orchid orangutan; defiant dragonfly,race,p0118,1
1022,orchid orangutan; defiant dragonfly,race,p0119,1
1023,orchid orangutan; defiant dragonfly,race,p0126,1
1024,orchid orangutan; defiant dragonfly,race,p0129,1
1025,orchid orangutan; defiant dragonfly,race,p0136,1
1026,orchid orangutan; defiant dragonfly,race,p0138,1
1027,orchid orangutan; defiant dragonfly,race,p0144,5
1028,orchid orangutan; defiant dragonfly,race,p0150,2
1029,orchid orangutan; defiant dragonfly,race,p0152,1
1030,orchid orangutan; defiant dragonfly,race,p0158,1
1031,orchid orangutan; defiant dragonfly,race,p0161,1
1032,orchid orangutan; defiant dragonfly,race,p0164,1
1033,orchid orangutan; defiant dragonfly,race,p0175,1
1034,orchid orangutan; defiant dragonfly,race,p0177,5
1035,orchid orangutan; defiant dragonfly,race,p0178,1
1036,orchid orangutan; defiant dragonfly,race,p0181,1
1037,orchid orangutan; defiant dragonfly,race,p0186,1
1038,orchid orangutan; defiant dragonfly,race,p0196,1
1039,orchid orangutan; defiant dragonfly,race,p0198,1
1040,orchid orangutan; defiant dragonfly,race,p0202,1
1041,orchid orangutan; defiant dragonfly,race,p0205,1
1042,orchid orangutan; defiant dragonfly,race,p0207,1
1043,orchid orangutan; defiant dragonfly,race,p0211,1
1044,orchid orangutan; defiant dragonfly,race,p0227,5
1045,orchid orangutan; defiant dragonfly,race,p0229,2
1046,orchid orangutan; defiant dragonfly,race,p0232,1
1047,orchid orangutan; defiant dragonfly,race,p0233,1
1048,orchid orangutan; defiant dragonfly,race,p0237,1
1049,orchid orangutan; defiant dragonfly,race,p0258,1
1050,orchid orangutan; defiant dragonfly,race,p0268,1
1051,orchid orangutan; defiant dragonfly,race,p0274,2
1052,orchid orangutan; defiant dragonfly,race,p0275,2
1053,orchid orangutan; defiant dragonfly,race,p0277,2
1054,orchid orangutan; defiant dragonfly,race,p0288,2
1055,orchid orangutan; defiant dragonfly,race,p0291,1
1056,orchid orangutan; defiant dragonfly,race,p0307,1
1057,orchid orangutan; defiant dragonfly,race,p0308,1
1058,orchid orangutan; defiant dragonfly,race,p0317,1
1059,orchid orangutan; defiant dragonfly,race,p0325,1
1060,orchid orangutan; defiant dragonfly,race,p0327,1
1061,orchid orangutan; defiant dragonfly,race,p0334,1
1062,orchid orangutan; defiant dragonfly,race,p0336,1
1063,orchid orangutan; defiant dragonfly,race,p0338,1
1064,orchid orangutan; defiant dragonfly,race,p0342,2
1065,orchid orangutan; defiant dragonfly,race,p0349,1
1066,orchid orangutan; defiant dragonfly,race,p0356,1
1067,orchid orangutan; defiant dragonfly,race,p0358,1
1068,orchid orangutan; defiant dragonfly,race,p0363,1
1069,orchid orangutan; defiant dragonfly,race,p0364,1
1070,orchid orangutan; defiant dragonfly,race,p0369,1
1071,orchid orangutan; defiant dragonfly,race,p0370,1
1072,orchid orangutan; defiant dragonfly,race,p0371,1
1073,orchid orangutan; defiant dragonfly,race,p0379,1
1074,orchid orangutan; defiant dragonfly,race,p0386,1
1075,orchid orangutan; defiant dragonfly,race,p0396,1
1076,orchid orangutan; defiant dragonfly,race,p0403,2
1077,orchid orangutan; defiant dragonfly,race,p0405,1
1078,orchid orangutan; defiant dragonfly,race,p0412,1
1079,orchid orangutan; defiant dragonfly,race,p0415,1
1080,orchid orangutan; defiant dragonfly,race,p0416,1
1081,orchid orangutan; defiant dragonfly,race,p0417,1
1082,orchid orangutan; defiant dragonfly,race,p0418,1
1083,orchid orangutan; defiant dragonfly,race,p0430,1
1084,orchid orangutan; defiant dragonfly,race,p0431,1
1085,orchid orangutan; defiant dragonfly,race,p0434,1
1086,orchid orangutan; defiant dragonfly,race,p0438,1
1087,orchid orangutan; defiant dragonfly,race,p0441,5
1088,orchid orangutan; defiant dragonfly,race,p0442,2
1089,orchid orangutan; defiant dragonfly,race,p0449,1
1090,orchid orangutan; defiant dragonfly,race,p0450,1
1091,orchid orangutan; defiant dragonfly,race,p0465,1
1092,orchid orangutan; defiant dragonfly,race,p0471,1
1093,orchid orangutan; defiant dragonfly,race,p0477,1
1094,orchid orangutan; defiant dragonfly,race,p0483,2
1095,orchid orangutan; defiant dragonfly,race,p0486,1
1096,orchid orangutan; defiant dragonfly,race,p0487,1
1097,orchid orangutan; defiant dragonfly,race,p0489,1
1098,orchid orangutan; defiant dragonfly,race,p0497,1
1099,orchid orangutan; defiant dragonfly,race,p0502,1
1100,orchid orangutan; defiant dragonfly,race,p0503,1
1101,orchid orangutan; defiant dragonfly,race,p0506,1
1102,orchid orangutan; defiant dragonfly,race,p0511,1
1103,orchid orangutan; defiant dragonfly,race,p0523,1
1104,orchid orangutan; defiant dragonfly,race,p0534,1
1105,orchid orangutan; defiant dragonfly,race,p0536,1
1106,orchid orangutan; defiant dragonfly,race,p0542,1
1107,orchid orangutan; defiant dragonfly,race,p0547,1
1108,orchid orangutan; defiant dragonfly,race,p0553,1
1109,orchid orangutan; defiant dragonfly,race,p0559,1
1110,orchid orangutan; defiant dragonfly,race,p0566,1
1111,orchid orangutan; defiant dragonfly,race,p0568,5
1112,orchid orangutan; defiant dragonfly,race,p0570,2
1113,orchid orangutan; defiant dragonfly,race,p0573,1
1114,orchid orangutan; defiant dragonfly,race,p0578,1
1115,orchid orangutan; defiant dragonfly,race,p0594,1
1116,orchid orangutan; defiant dragonfly,race,p0597,1
1117,orchid orangutan; defiant dragonfly,race,p0601,1
1118,orchid orangutan; defiant dragonfly,race,p0602,1
1119,orchid orangutan; defiant dragonfly,race,p0605,1
1120,orchid orangutan; defiant dragonfly,race,p0615,1
1121,orchid orangutan; defiant dragonfly,race,p0620,1
1122,orchid orangutan; defiant dragonfly,race,p0626,1
1123,orchid orangutan; defiant dragonfly,race,p0629,1
1124,orchid orangutan; defiant dragonfly,race,p0633,1
1125,orchid orangutan; defiant dragonfly,race,p0638,1
1126,orchid orangutan; defiant dragonfly,race,p0639,1
1127,orchid orangutan; defiant dragonfly,race,p0640,1
1128,orchid orangutan; defiant dragonfly,race,p0655,1
1129,orchid orangutan; defiant dragonfly,race,p0656,2
1130,orchid orangutan; defiant dragonfly,race,p0658,1
1131,orchid orangutan; defiant dragonfly,race,p0661,1
1132,orchid orangutan; defiant dragonfly,race,p0669,1
1133,orchid orangutan; defiant dragonfly,race,p0670,2
1134,orchid orangutan; defiant dragonfly,race,p0672,5
1135,orchid orangutan; defiant dragonfly,race,p0674,1
1136,orchid orangutan; defiant dragonfly,race,p0678,1
1137,orchid orangutan; defiant dragonfly,race,p0683,1
1138,orchid orangutan; defiant dragonfly,race,p0686,1
1139,orchid orangutan; defiant dragonfly,race,p0687,5
1140,orchid orangutan; defiant dragonfly,race,p0698,1
1141,orchid orangutan; defiant dragonfly,race,p0700,1
1142,orchid orangutan; defiant dragonfly,race,p0703,1
1143,orchid orangutan; defiant dragonfly,race,p0718,2
1144,orchid orangutan; defiant dragonfly,race,p0744,1
1145,orchid orangutan; defiant dragonfly,race,p0745,1
1146,orchid orangutan; defiant dragonfly,race,p0753,1
1147,orchid orangutan; defiant dragonfly,race,p0770,1
1148,orchid orangutan; defiant dragonfly,race,p0771,5
1149,orchid orangutan; defiant dragonfly,race,p0777,1
1150,orchid orangutan; defiant dragonfly,race,p0779,1
1151,orchid orangutan; defiant dragonfly,race,p0780,1
1152,orchid orangutan; defiant dragonfly,race,p0783,1
1153,orchid orangutan; defiant dragonfly,race,p0785,1
1154,orchid orangutan; defiant dragonfly,race,p0786,2
1155,orchid orangutan; defiant dragonfly,race,p0794,1
1156,orchid orangutan; defiant dragonfly,race,p0798,1
1157,orchid orangutan; defiant dragonfly,race,p0800,1
1158,orchid orangutan; defiant dragonfly,race,p0820,1
1159,orchid orangutan; defiant dragonfly,race,p0841,1
1160,orchid orangutan; defiant dragonfly,race,p0849,1
1161,orchid orangutan; defiant dragonfly,race,p0862,5
1162,orchid orangutan; defiant dragonfly,race,p0867,2
1163,orchid orangutan; defiant dragonfly,race,p0869,1
1164,orchid orangutan; defiant dragonfly,race,p0872,1
1165,orchid orangutan; defiant dragonfly,race,p0880,5
1166,orchid orangutan; defiant dragonfly,race,p0891,1
1167,orchid orangutan; defiant dragonfly,race,p0916,1
1168,orchid orangutan; defiant dragonfly,race,p0917,1
1169,orchid orangutan; defiant dragonfly,race,p0919,1
1170,orchid orangutan; defiant dragonfly,race,p0922,1
1171,orchid orangutan; defiant dragonfly,race,p0925,1
1172,orchid orangutan; defiant dragonfly,race,p0927,1
1173,orchid orangutan; defiant dragonfly,race,p0929,1
1174,orchid orangutan; defiant dragonfly,race,p0930,1
1175,orchid orangutan; defiant dragonfly,race,p0931,1
1176,orchid orangutan; defiant dragonfly,race,p0933,5
1177,orchid orangutan; defiant dragonfly,race,p0934,1
1178,orchid orangutan; defiant dragonfly,race,p0936,1
1179,orchid orangutan; defiant dragonfly,race,p0938,1
1180,orchid orangutan; defiant dragonfly,race,p0939,1
1181,orchid orangutan; defiant dragonfly,race,p0946,1
1182,orchid orangutan; defiant dragonfly,race,p0951,2
1183,orchid orangutan; defiant dragonfly,race,p0956,1
1184,orchid orangutan; defiant dragonfly,race,p0962,1
1185,orchid orangutan; defiant dragonfly,race,p0963,1
1186,orchid orangutan; defiant dragonfly,race,p0969,1
1187,orchid orangutan; defiant dragonfly,race,p0972,1
1188,orchid orangutan; defiant dragonfly,race,p0975,1
1189,orchid orangutan; defiant dragonfly,race,p0985,2
1190,orchid orangutan; defiant dragonfly,race,p0993,2
1191,orchid orangutan; defiant dragonfly,race,p0996,1
1192,orchid orangutan; defiant dragonfly,race,p1011,1
1193,orchid orangutan; defiant dragonfly,race,p1017,1
1194,orchid orangutan; defiant dragonfly,race,p1020,1
1195,orchid orangutan; defiant dragonfly,race,p1022,1
1196,orchid orangutan; defiant dragonfly,race,p1024,1
1197,orchid orangutan; defiant dragonfly,race,p1027,5
1198,orchid orangutan; defiant dragonfly,race,p1028,1
1199,orchid orangutan; defiant dragonfly,race,p1029,2
1200,orchid orangutan; defiant dragonfly,race,p1032,1
1201,orchid orangutan; defiant dragonfly,race,p1040,5
1202,orchid orangutan; defiant dragonfly,race,p1047,2
1203,orchid orangutan; defiant dragonfly,race,p1048,1
1204,orchid orangutan; defiant dragonfly,race,p1053,5
1205,orchid orangutan; defiant dragonfly,race,p1057,1
1206,orchid orangutan; defiant dragonfly,race,p1058,1
1207,orchid orangutan; defiant dragonfly,race,p1063,1
1208,orchid orangutan; defiant dragonfly,race,p1064,1
1209,orchid orangutan; defiant dragonfly,race,p1065,1
1210,orchid orangutan; defiant dragonfly,race,p1069,1
1211,orchid orangutan; defiant dragonfly,race,p1072,1
1212,orchid orangutan; defiant dragonfly,race,p1073,2
1213,orchid orangutan; defiant dragonfly,race,p1075,1
1214,orchid orangutan; defiant dragonfly,race,p1076,2
1215,orchid orangutan; defiant dragonfly,race,p1083,1
1216,orchid orangutan; defiant dragonfly,race,p1089,1
1217,orchid orangutan; defiant dragonfly,race,p1093,1
1218,orchid orangutan; defiant dragonfly,race,p1096,1
1219,orchid orangutan; defiant dragonfly,race,p1100,1
1220,orchid orangutan; defiant dragonfly,race,p1106,2
1221,orchid orangutan; defiant dragonfly,race,p1107,1
1222,orchid orangutan; defiant dragonfly,race,p1113,1
1223,orchid orangutan; defiant dragonfly,race,p1117,1
1224,orchid orangutan; defiant dragonfly,race,p1120,1
1225,orchid orangutan; defiant dragonfly,race,p1134,1
1226,orchid orangutan; defiant dragonfly,race,p1136,1
1227,orchid orangutan; defiant dragonfly,race,p1138,1
1228,orchid orangutan; defiant dragonfly,race,p1144,1
1229,orchid orangutan; defiant dragonfly,race,p1145,1
1230,orchid orangutan; defiant dragonfly,race,p1147,1
1231,orchid orangutan; defiant dragonfly,race,p1148,1
1232,orchid orangutan; defiant dragonfly,race,p1154,1
1233,orchid orangutan; defiant dragonfly,race,p1159,2
1234,orchid orangutan; defiant dragonfly,race,p1167,5
1235,orchid orangutan; defiant dragonfly,race,p1175,1
1236,orchid orangutan; defiant dragonfly,race,p1178,1
1237,orchid orangutan; defiant dragonfly,race,p1184,1
1238,orchid orangutan; defiant dragonfly,race,p1186,1
1239,orchid orangutan; defiant dragonfly,race,p1196,1
1240,orchid orangutan; defiant dragonfly,race,p1197,5
1241,orchid orangutan; defiant dragonfly,race,p1203,1
1242,orchid orangutan; defiant dragonfly,race,p1219,2
1243,orchid orangutan; defiant dragonfly,race,p1225,1
1244,orchid orangutan; defiant dragonfly,race,p1234,1
1245,orchid orangutan; defiant dragonfly,race,p1242,1
1246,orchid orangutan; defiant dragonfly,race,p1244,1
1247,orchid orangutan; defiant dragonfly,race,p1249,1
1248,orchid orangutan; defiant dragonfly,race,p1250,1
1249,orchid orangutan; defiant dragonfly,race,p1256,5
1250,orchid orangutan; defiant dragonfly,race,p1258,1
1251,orchid orangutan; defiant dragonfly,race,p1260,2
1252,orchid orangutan; defiant dragonfly,race,p1262,1
1253,orchid orangutan; defiant dragonfly,race,p1264,1
1254,orchid orangutan; defiant dragonfly,race,p1265,1
1255,orchid orangutan; defiant dragonfly,race,p1269,1
1256,orchid orangutan; defiant dragonfly,race,p1272,1
1257,orchid orangutan; defiant dragonfly,race,p1278,1
1258,orchid orangutan; defiant dragonfly,race,p1281,5
1259,orchid orangutan; defiant dragonfly,race,p1292,1
1260,orchid orangutan; defiant dragonfly,race,p1299,1
1261,orchid orangutan; defiant dragonfly,race,p1312,1
1262,orchid orangutan; defiant dragonfly,race,p1322,1
1263,orchid orangutan; defiant dragonfly,race,p1326,1
1264,orchid orangutan; defiant dragonfly,race,p1330,1
1265,orchid orangutan; defiant dragonfly,race,p1335,1
1266,orchid orangutan; defiant dragonfly,race,p1337,1
1267,orchid orangutan; defiant dragonfly,race,p1340,1
1268,orchid orangutan; defiant dragonfly,race,p1345,1
1269,orchid orangutan; defiant dragonfly,race,p1351,1
1270,orchid orangutan; defiant dragonfly,race,p1355,1
1271,orchid orangutan; defiant dragonfly,race,p1362,1
1272,orchid orangutan; defiant dragonfly,race,p1365,1
1273,orchid orangutan; defiant dragonfly,race,p1366,1
1274,orchid orangutan; defiant dragonfly,race,p1367,1
1275,orchid orangutan; defiant dragonfly,race,p1370,1
1276,orchid orangutan; defiant dragonfly,race,p1371,1
1277,orchid orangutan; defiant dragonfly,race,p1373,1
1278,orchid orangutan; defiant dragonfly,race,p1375,1
1279,orchid orangutan; defiant dragonfly,race,p1376,1
1280,orchid orangutan; defiant dragonfly,race,p1379,2
1281,orchid orangutan; defiant dragonfly,race,p1381,1
1282,orchid orangutan; defiant dragonfly,race,p1393,1
1283,orchid orangutan; defiant dragonfly,race,p1396,5
1284,orchid orangutan; defiant dragonfly,race,p1398,5
1285,orchid orangutan; defiant dragonfly,race,p1404,1
1286,orchid orangutan; defiant dragonfly,race,p1406,1
1287,orchid orangutan; defiant dragonfly,race,p1407,1
1288,orchid orangutan; defiant dragonfly,race,p1409,1
1289,orchid orangutan; defiant dragonfly,race,p1412,2
1290,orchid orangutan; defiant dragonfly,race,p1414,1
1291,orchid orangutan; defiant dragonfly,race,p1424,1
1292,orchid orangutan; defiant dragonfly,race,p1425,1
1293,orchid orangutan; defiant dragonfly,race,p1429,2
1294,orchid orangutan; defiant dragonfly,race,p1434,1
1295,orchid orangutan; defiant dragonfly,race,p1441,2
1296,orchid orangutan; defiant dragonfly,race,p1445,2
1297,orchid orangutan; defiant dragonfly,race,p1450,1
1298,orchid orangutan; defiant dragonfly,race,p1454,1
1299,orchid orangutan; defiant dragonfly,race,p1456,1
1300,orchid orangutan; defiant dragonfly,race,p1457,2
1301,orchid orangutan; defiant dragonfly,race,p1458,1
1302,orchid orangutan; defiant dragonfly,race,p1469,1
1303,orchid orangutan; defiant dragonfly,race,p1470,1
1304,orchid orangutan; defiant dragonfly,race,p1481,5
1305,orchid orangutan; defiant dragonfly,race,p1488,5
1306,orchid orangutan; defiant dragonfly,race,p1492,1
1307,orchid orangutan; defiant dragonfly,race,p1495,1
1308,orchid orangutan; defiant dragonfly,race,p1497,1
1309,orchid orangutan; defiant dragonfly,race,p1499,1
1310,orchid orangutan; defiant dragonfly,race,p1503,1
1311,orchid orangutan; defiant dragonfly,race,p1511,1
1312,orchid orangutan; defiant dragonfly,race,p1512,1
1313,orchid orangutan; defiant dragonfly,race,p1518,1
1314,orchid orangutan; defiant dragonfly,race,p1519,1
1315,orchid orangutan; defiant dragonfly,race,p1520,1
1316,orchid orangutan; defiant dragonfly,race,p1524,1
1317,orchid orangutan; defiant dragonfly,race,p1526,1
1318,orchid orangutan; defiant dragonfly,race,p1537,1
1319,orchid orangutan; defiant dragonfly,race,p1545,1
1320,orchid orangutan; defiant dragonfly,race,p1547,2
1321,orchid orangutan; defiant dragonfly,race,p1552,5
1322,orchid orangutan; defiant dragonfly,race,p1567,1
1323,orchid orangutan; defiant dragonfly,race,p1568,1
1324,orchid orangutan; defiant dragonfly,race,p1579,1
1325,orchid orangutan; defiant dragonfly,race,p1587,2
1326,orchid orangutan; defiant dragonfly,race,p1596,1
1327,orchid orangutan; defiant dragonfly,race,p1600,1
1328,orchid orangutan; defiant dragonfly,race,p1603,2
1329,orchid orangutan; defiant dragonfly,race,p1604,1
1330,orchid orangutan; defiant dragonfly,race,p1610,1
1331,orchid orangutan; defiant dragonfly,race,p1618,1
1332,orchid orangutan; defiant dragonfly,race,p1619,1
1333,orchid orangutan; defiant dragonfly,race,p1622,5
1334,orchid orangutan; defiant dragonfly,race,p1623,5
1335,orchid orangutan; defiant dragonfly,race,p1630,1
1336,orchid orangutan; defiant dragonfly,race,p1641,1
1337,orchid orangutan; defiant dragonfly,race,p1649,5
1338,orchid orangutan; defiant dragonfly,race,p1652,5
1339,orchid orangutan; defiant dragonfly,race,p1665,1
1340,orchid orangutan; defiant dragonfly,race,p1669,1
1341,orchid orangutan; defiant dragonfly,race,p1685,1
1342,orchid orangutan; defiant dragonfly,race,p1693,1
1343,orchid orangutan; defiant dragonfly,race,p1698,2
1344,orchid orangutan; defiant dragonfly,race,p1704,1
1345,orchid orangutan; defiant dragonfly,race,p1711,1
1346,orchid orangutan; defiant dragonfly,race,p1718,1
1347,orchid orangutan; defiant dragonfly,race,p1732,1
1348,orchid orangutan; defiant dragonfly,race,p1739,1
1349,orchid orangutan; defiant dragonfly,race,p1741,1
1350,orchid orangutan; defiant dragonfly,race,p1746,1
1351,orchid orangutan; defiant dragonfly,race,p1751,1
1352,orchid orangutan; defiant dragonfly,race,p1754,1
1353,orchid orangutan; defiant dragonfly,race,p1769,1
1354,orchid orangutan; defiant dragonfly,race,p1771,1
1355,orchid orangutan; defiant dragonfly,race,p1776,2
1356,orchid orangutan; defiant dragonfly,race,p1780,1
1357,orchid orangutan; defiant dragonfly,race,p1785,1
1358,orchid orangutan; defiant dragonfly,race,p1791,2
1359,orchid orangutan; defiant dragonfly,race,p1793,1
1360,orchid orangutan; defiant dragonfly,race,p1796,1
1361,orchid orangutan; defiant dragonfly,race,p1805,1
1362,orchid orangutan; defiant dragonfly,race,p1812,1
1363,orchid orangutan; defiant dragonfly,race,p1816,1
1364,orchid orangutan; defiant dragonfly,race,p1819,1
1365,orchid orangutan; defiant dragonfly,race,p1825,1
1366,orchid orangutan; defiant dragonfly,race,p1836,1
1367,orchid orangutan; defiant dragonfly,race,p1839,1
1368,orchid orangutan; defiant dragonfly,race,p1861,5
1369,orchid orangutan; defiant dragonfly,race,p1863,1
1370,orchid orangutan; defiant dragonfly,race,p1873,1
1371,orchid orangutan; defiant dragonfly,race,p1875,1
1372,orchid orangutan; defiant dragonfly,race,p1876,1
1373,orchid orangutan; defiant dragonfly,race,p1877,1
1374,orchid orangutan; defiant dragonfly,race,p1880,1
1375,orchid orangutan; defiant dragonfly,race,p1883,5
1376,orchid orangutan; defiant dragonfly,race,p1889,1
1377,orchid orangutan; defiant dragonfly,race,p1893,5
1378,orchid orangutan; defiant dragonfly,race,p1896,1
1379,orchid orangutan; defiant dragonfly,race,p1913,1
1380,orchid orangutan; defiant dragonfly,race,p1922,1
1381,orchid orangutan; defiant dragonfly,race,p1930,1
1382,orchid orangutan; defiant dragonfly,race,p1935,1
1383,orchid orangutan; defiant dragonfly,race,p1940,5
1384,orchid orangutan; defiant dragonfly,race,p1948,1
1385,orchid orangutan; defiant dragonfly,race,p1950,1
1386,orchid orangutan; defiant dragonfly,race,p1954,1
1387,orchid orangutan; defiant dragonfly,race,p1956,1
1388,orchid orangutan; defiant dragonfly,race,p1958,1
1389,orchid orangutan; defiant dragonfly,race,p1967,1
1390,orchid orangutan; defiant dragonfly,race,p1973,1
1391,orchid orangutan; defiant dragonfly,race,p1978,1
1392,orchid orangutan; defiant dragonfly,race,p1983,1
1393,orchid orangutan; defiant dragonfly,race,p1984,2
1394,orchid orangutan; defiant dragonfly,race,p1995,1
1395,orchid orangutan; defiant dragonfly,race,p1996,1
1396,orchid orangutan; defiant dragonfly,race,p1997,1
1397,orchid orangutan; defiant dragonfly,race,p2001,1
1398,orchid orangutan; defiant dragonfly,race,p2002,2
1399,orchid orangutan; defiant dragonfly,race,p2013,1
1400,orchid orangutan; defiant dragonfly,race,p2014,1
1401,orchid orangutan; defiant dragonfly,race,p2016,5
1402,orchid orangutan; defiant dragonfly,race,p2018,2
1403,orchid orangutan; defiant dragonfly,race,p2023,1
1404,orchid orangutan; defiant dragonfly,race,p2025,1
1405,orchid orangutan; defiant dragonfly,race,p2028,1
1406,orchid orangutan; defiant dragonfly,race,p2030,1
1407,orchid orangutan; defiant dragonfly,race,p2033,1
1408,orchid orangutan; defiant dragonfly,race,p2040,2
1409,orchid orangutan; defiant dragonfly,race,p2051,1
1410,orchid orangutan; defiant dragonfly,race,p2052,1
1411,orchid orangutan; defiant dragonfly,race,p2066,1
1412,orchid orangutan; defiant dragonfly,race,p2067,1
1413,orchid orangutan; defiant dragonfly,race,p2073,1
1414,orchid orangutan; defiant dragonfly,race,p2077,2
1415,orchid orangutan; defiant dragonfly,race,p2078,5
1416,orchid orangutan; defiant dragonfly,race,p2086,1
1417,orchid orangutan; defiant dragonfly,race,p2089,1
1418,orchid orangutan; defiant dragonfly,race,p2093,1
1419,orchid orangutan; defiant dragonfly,race,p2094,1
1420,orchid orangutan; defiant dragonfly,race,p2111,2
1421,orchid orangutan; defiant dragonfly,race,p2117,1
1422,orchid orangutan; defiant dragonfly,race,p2121,1
1423,orchid orangutan; defiant dragonfly,race,p2127,1
1424,orchid orangutan; defiant dragonfly,race,p2141,1
1425,orchid orangutan; defiant dragonfly,race,p2142,2
1426,orchid orangutan; defiant dragonfly,race,p2143,1
1427,orchid orangutan; defiant dragonfly,race,p2153,3
1428,orchid orangutan; defiant dragonfly,race,p2155,3
1429,orchid orangutan; defiant dragonfly,race,p2169,3
1430,orchid orangutan; defiant dragonfly,race,p2187,3
1431,orchid orangutan; defiant dragonfly,race,p2188,3
1432,orchid orangutan; defiant dragonfly,race,p2197,3
1433,orchid orangutan; defiant dragonfly,race,p2213,3
1434,orchid orangutan; defiant dragonfly,race,p2214,3
1435,orchid orangutan; defiant dragonfly,race,p2215,3
1436,orchid orangutan; defiant dragonfly,race,p2220,3
1437,orchid orangutan; defiant dragonfly,race,p2223,3
1438,orchid orangutan; defiant dragonfly,race,p2229,3
1439,orchid orangutan; defiant dragonfly,race,p2234,3
1440,orchid orangutan; defiant dragonfly,race,p2237,3
1441,orchid orangutan; defiant dragonfly,race,p2238,3
1442,orchid orangutan; defiant dragonfly,race,p2244,3
1443,orchid orangutan; defiant dragonfly,race,p2248,3
1444,orchid orangutan; defiant dragonfly,race,p2252,3
1445,orchid orangutan; defiant dragonfly,race,p2255,3
1446,orchid orangutan; defiant dragonfly,race,p2261,3
1447,orchid orangutan; defiant dragonfly,race,p2263,3
1448,orchid orangutan; defiant dragonfly,race,p2273,3
1449,orchid orangutan; defiant dragonfly,race,p2275,3
1450,orchid orangutan; defiant dragonfly,race,p2276,3
1451,orchid orangutan; defiant dragonfly,race,p2283,3
1452,orchid orangutan; defiant dragonfly,race,p2287,3
1453,orchid orangutan; defiant dragonfly,race,p2296,3
1454,orchid orangutan; defiant dragonfly,race,p2298,3
1455,orchid orangutan; defiant dragonfly,race,p2304,3
1456,orchid orangutan; defiant dragonfly,race,p2310,3
1457,orchid orangutan; defiant dragonfly,race,p2322,3
1458,orchid orangutan; defiant dragonfly,race,p2326,3
1459,orchid orangutan; defiant dragonfly,race,p2330,3
1460,orchid orangutan; defiant dragonfly,race,p2331,3
1461,orchid orangutan; defiant dragonfly,race,p2333,3
1462,orchid orangutan; defiant dragonfly,race,p2347,3
1463,orchid orangutan; defiant dragonfly,race,p2350,3
1464,orchid orangutan; defiant dragonfly,race,p2351,3
1465,orchid orangutan; defiant dragonfly,race,p2353,3
1466,orchid orangutan; defiant dragonfly,race,p2355,3
1467,orchid orangutan; defiant dragonfly,race,p2363,3
1468,orchid orangutan; defiant dragonfly,race,p2378,3
1469,orchid orangutan; defiant dragonfly,race,p2380,3
1470,orchid orangutan; defiant dragonfly,race,p2387,3
1471,orchid orangutan; defiant dragonfly,race,p2398,3
1472,orchid orangutan; defiant dragonfly,race,p2400,3
1473,orchid orangutan; defiant dragonfly,race,p2403,3
1474,orchid orangutan; defiant dragonfly,race,p2408,3
1475,orchid orangutan; defiant dragonfly,race,p2418,3
1476,orchid orangutan; defiant dragonfly,race,p2426,3
1477,orchid orangutan; defiant dragonfly,race,p2428,3
1478,orchid orangutan; defiant dragonfly,race,p2434,3
1479,orchid orangutan; defiant dragonfly,race,p2446,3
1480,orchid orangutan; defiant dragonfly,race,p2452,3
1481,orchid orangutan; defiant dragonfly,race,p2454,3
1482,orchid orangutan; defiant dragonfly,race,p2462,3
1483,orchid orangutan; defiant dragonfly,race,p2467,3
1484,orchid orangutan; defiant dragonfly,race,p2482,3
1485,orchid orangutan; defiant dragonfly,race,p2489,3
1486,orchid orangutan; defiant dragonfly,race,p2490,3
1487,orchid orangutan; defiant dragonfly,race,p2494,3
1488,orchid orangutan; defiant dragonfly,race,p2502,3
1489,orchid orangutan; defiant dragonfly,race,p2503,3
1490,orchid orangutan; defiant dragonfly,race,p2522,3
1491,orchid orangutan; defiant dragonfly,race,p2524,3
1492,orchid orangutan; defiant dragonfly,race,p2533,3
1493,orchid orangutan; defiant dragonfly,race,p2566,3
1494,orchid orangutan; defiant dragonfly,race,p2571,3
1495,orchid orangutan; defiant dragonfly,race,p2573,3
1496,orchid orangutan; defiant dragonfly,race,p2582,3
1497,orchid orangutan; defiant dragonfly,race,p2591,3
1498,orchid orangutan; defiant dragonfly,race,p2592,3
1499,orchid orangutan; defiant dragonfly,race,p2595,3
1500,orchid orangutan; defiant dragonfly,education,p0016,4
1501,orchid orangutan; defiant dragonfly,education,p0022,4
1502,orchid orangutan; defiant dragonfly,education,p0023,5
1503,orchid orangutan; defiant dragonfly,education,p0026,4
1504,orchid orangutan; defiant dragonfly,education,p0034,3
1505,orchid orangutan; defiant dragonfly,education,p0036,3
1506,orchid orangutan; defiant dragonfly,education,p0037,4
1507,orchid orangutan; defiant dragonfly,education,p0042,3
1508,orchid orangutan; defiant dragonfly,education,p0057,3
1509,orchid orangutan; defiant dragonfly,education,p0066,4
1510,orchid orangutan; defiant dragonfly,education,p0069,3
1511,orchid orangutan; defiant dragonfly,education,p0072,4
1512,orchid orangutan; defiant dragonfly,education,p0073,4
1513,orchid orangutan; defiant dragonfly,education,p0082,4
1514,orchid orangutan; defiant dragonfly,education,p0091,4
1515,orchid orangutan; defiant dragonfly,education,p0092,2
1516,orchid orangutan; defiant dragonfly,education,p0093,4
1517,orchid orangutan; defiant dragonfly,education,p0095,3
1518,orchid orangutan; defiant dragonfly,education,p0107,3
1519,orchid orangutan; defiant dragonfly,education,p0114,5
1520,orchid orangutan; defiant dragonfly,education,p0116,2
1521,orchid orangutan; defiant dragonfly,education,p0118,3
1522,orchid orangutan; defiant dragonfly,education,p0119,3
1523,orchid orangutan; defiant dragonfly,education,p0126,3
1524,orchid orangutan; defiant dragonfly,education,p0129,5
1525,orchid orangutan; defiant dragonfly,education,p0136,3
1526,orchid orangutan; defiant dragonfly,education,p0138,2
1527,orchid orangutan; defiant dragonfly,education,p0144,4
1528,orchid orangutan; defiant dragonfly,education,p0150,2
1529,orchid orangutan; defiant dragonfly,education,p0152,3
1530,orchid orangutan; defiant dragonfly,education,p0158,2
1531,orchid orangutan; defiant dragonfly,education,p0161,3
1532,orchid orangutan; defiant dragonfly,education,p0164,2
1533,orchid orangutan; defiant dragonfly,education,p0175,3
1534,orchid orangutan; defiant dragonfly,education,p0177,4
1535,orchid orangutan; defiant dragonfly,education,p0178,6
1536,orchid orangutan; defiant dragonfly,education,p0181,4
1537,orchid orangutan; defiant dragonfly,education,p0186,3
1538,orchid orangutan; defiant dragonfly,education,p0196,4
1539,orchid orangutan; defiant dragonfly,education,p0198,5
1540,orchid orangutan; defiant dragonfly,education,p0202,4
1541,orchid orangutan; defiant dragonfly,education,p0205,5
1542,orchid orangutan; defiant dragonfly,education,p0207,4
1543,orchid orangutan; defiant dragonfly,education,p0211,3
1544,orchid orangutan; defiant dragonfly,education,p0227,5
1545,orchid orangutan; defiant dragonfly,education,p0229,2
1546,orchid orangutan; defiant dragonfly,education,p0232,5
1547,orchid orangutan; defiant dragonfly,education,p0233,2
1548,orchid orangutan; defiant dragonfly,education,p0237,5
1549,orchid orangutan; defiant dragonfly,education,p0258,4
1550,orchid orangutan; defiant dragonfly,education,p0268,2
1551,orchid orangutan; defiant dragonfly,education,p0274,5
1552,orchid orangutan; defiant dragonfly,education,p0275,4
1553,orchid orangutan; defiant dragonfly,education,p0277,4
1554,orchid orangutan; defiant dragonfly,education,p0288,4
1555,orchid orangutan; defiant dragonfly,education,p0291,4
1556,orchid orangutan; defiant dragonfly,education,p0307,3
1557,orchid orangutan; defiant dragonfly,education,p0308,3
1558,orchid orangutan; defiant dragonfly,education,p0317,3
1559,orchid orangutan; defiant dragonfly,education,p0325,4
1560,orchid orangutan; defiant dragonfly,education,p0327,5
1561,orchid orangutan; defiant dragonfly,education,p0334,6
1562,orchid orangutan; defiant dragonfly,education,p0336,4
1563,orchid orangutan; defiant dragonfly,education,p0338,1
1564,orchid orangutan; defiant dragonfly,education,p0342,4
1565,orchid orangutan; defiant dragonfly,education,p0349,5
1566,orchid orangutan; defiant dragonfly,education,p0356,4
1567,orchid orangutan; defiant dragonfly,education,p0358,4
1568,orchid orangutan; defiant dragonfly,education,p0363,4
1569,orchid orangutan; defiant dragonfly,education,p0364,5
1570,orchid orangutan; defiant dragonfly,education,p0369,5
1571,orchid orangutan; defiant dragonfly,education,p0370,2
1572,orchid orangutan; defiant dragonfly,education,p0371,4
1573,orchid orangutan; defiant dragonfly,education,p0379,3
1574,orchid orangutan; defiant dragonfly,education,p0386,5
1575,orchid orangutan; defiant dragonfly,education,p0396,5
1576,orchid orangutan; defiant dragonfly,education,p0403,3
1577,orchid orangutan; defiant dragonfly,education,p0405,4
1578,orchid orangutan; defiant dragonfly,education,p0412,4
1579,orchid orangutan; defiant dragonfly,education,p0415,3
1580,orchid orangutan; defiant dragonfly,education,p0416,4
1581,orchid orangutan; defiant dragonfly,education,p0417,2
1582,orchid orangutan; defiant dragonfly,education,p0418,2
1583,orchid orangutan; defiant dragonfly,education,p0430,5
1584,orchid orangutan; defiant dragonfly,education,p0431,5
1585,orchid orangutan; defiant dragonfly,education,p0434,2
1586,orchid orangutan; defiant dragonfly,education,p0438,4
1587,orchid orangutan; defiant dragonfly,education,p0441,5
1588,orchid orangutan; defiant dragonfly,education,p0442,3
1589,orchid orangutan; defiant dragonfly,education,p0449,5
1590,orchid orangutan; defiant dragonfly,education,p0450,4
1591,orchid orangutan; defiant dragonfly,education,p0465,5
1592,orchid orangutan; defiant dragonfly,education,p0471,3
1593,orchid orangutan; defiant dragonfly,education,p0477,3
1594,orchid orangutan; defiant dragonfly,education,p0483,5
1595,orchid orangutan; defiant dragonfly,education,p0486,3
1596,orchid orangutan; defiant dragonfly,education,p0487,4
1597,orchid orangutan; defiant dragonfly,education,p0489,5
1598,orchid orangutan; defiant dragonfly,education,p0497,6
1599,orchid orangutan; defiant dragonfly,education,p0502,5
1600,orchid orangutan; defiant dragonfly,education,p0503,4
1601,orchid orangutan; defiant dragonfly,education,p0506,3
1602,orchid orangutan; defiant dragonfly,education,p0511,4
1603,orchid orangutan; defiant dragonfly,education,p0523,5
1604,orchid orangutan; defiant dragonfly,education,p0534,6
1605,orchid orangutan; defiant dragonfly,education,p0536,3
1606,orchid orangutan; defiant dragonfly,education,p0542,4
1607,orchid orangutan; defiant dragonfly,education,p0547,2
1608,orchid orangutan; defiant dragonfly,education,p0553,4
1609,orchid orangutan; defiant dragonfly,education,p0559,4
1610,orchid orangutan; defiant dragonfly,education,p0566,4
1611,orchid orangutan; defiant dragonfly,education,p0568,3
1612,orchid orangutan; defiant dragonfly,education,p0570,1
1613,orchid orangutan; defiant dragonfly,education,p0573,3
1614,orchid orangutan; defiant dragonfly,education,p0578,2
1615,orchid orangutan; defiant dragonfly,education,p0594,2
1616,orchid orangutan; defiant dragonfly,education,p0597,2
1617,orchid orangutan; defiant dragonfly,education,p0601,2
1618,orchid orangutan; defiant dragonfly,education,p0602,2
1619,orchid orangutan; defiant dragonfly,education,p0605,3
1620,orchid orangutan; defiant dragonfly,education,p0615,3
1621,orchid orangutan; defiant dragonfly,education,p0620,4
1622,orchid orangutan; defiant dragonfly,education,p0626,3
1623,orchid orangutan; defiant dragonfly,education,p0629,4
1624,orchid orangutan; defiant dragonfly,education,p0633,3
1625,orchid orangutan; defiant dragonfly,education,p0638,4
1626,orchid orangutan; defiant dragonfly,education,p0639,4
1627,orchid orangutan; defiant dragonfly,education,p0640,2
1628,orchid orangutan; defiant dragonfly,education,p0655,3
1629,orchid orangutan; defiant dragonfly,education,p0656,3
1630,orchid orangutan; defiant dragonfly,education,p0658,5
1631,orchid orangutan; defiant dragonfly,education,p0661,4
1632,orchid orangutan; defiant dragonfly,education,p0669,4
1633,orchid orangutan; defiant dragonfly,education,p0670,2
1634,orchid orangutan; defiant dragonfly,education,p0672,5
1635,orchid orangutan; defiant dragonfly,education,p0674,4
1636,orchid orangutan; defiant dragonfly,education,p0678,5
1637,orchid orangutan; defiant dragonfly,education,p0683,2
1638,orchid orangutan; defiant dragonfly,education,p0686,3
1639,orchid orangutan; defiant dragonfly,education,p0687,4
1640,orchid orangutan; defiant dragonfly,education,p0698,2
1641,orchid orangutan; defiant dragonfly,education,p0700,4
1642,orchid orangutan; defiant dragonfly,education,p0703,2
1643,orchid orangutan; defiant dragonfly,education,p0718,2
1644,orchid orangutan; defiant dragonfly,education,p0744,4
1645,orchid orangutan; defiant dragonfly,education,p0745,4
1646,orchid orangutan; defiant dragonfly,education,p0753,4
1647,orchid orangutan; defiant dragonfly,education,p0770,4
1648,orchid orangutan; defiant dragonfly,education,p0771,4
1649,orchid orangutan; defiant dragonfly,education,p0777,5
1650,orchid orangutan; defiant dragonfly,education,p0779,4
1651,orchid orangutan; defiant dragonfly,education,p0780,3
1652,orchid orangutan; defiant dragonfly,education,p0783,3
1653,orchid orangutan; defiant dragonfly,education,p0785,4
1654,orchid orangutan; defiant dragonfly,education,p0786,3
1655,orchid orangutan; defiant dragonfly,education,p0794,4
1656,orchid orangutan; defiant dragonfly,education,p0798,5
1657,orchid orangutan; defiant dragonfly,education,p0800,4
1658,orchid orangutan; defiant dragonfly,education,p0820,3
1659,orchid orangutan; defiant dragonfly,education,p0841,3
1660,orchid orangutan; defiant dragonfly,education,p0849,3
1661,orchid orangutan; defiant dragonfly,education,p0862,5
1662,orchid orangutan; defiant dragonfly,education,p0867,5
1663,orchid orangutan; defiant dragonfly,education,p0869,3
1664,orchid orangutan; defiant dragonfly,education,p0872,4
1665,orchid orangutan; defiant dragonfly,education,p0880,2
1666,orchid orangutan; defiant dragonfly,education,p0891,3
1667,orchid orangutan; defiant dragonfly,education,p0916,5
1668,orchid orangutan; defiant dragonfly,education,p0917,4
1669,orchid orangutan; defiant dragonfly,education,p0919,4
1670,orchid orangutan; defiant dragonfly,education,p0922,2
1671,orchid orangutan; defiant dragonfly,education,p0925,2
1672,orchid orangutan; defiant dragonfly,education,p0927,4
1673,orchid orangutan; defiant dragonfly,education,p0929,3
1674,orchid orangutan; defiant dragonfly,education,p0930,4
1675,orchid orangutan; defiant dragonfly,education,p0931,2
1676,orchid orangutan; defiant dragonfly,education,p0933,2
1677,orchid orangutan; defiant dragonfly,education,p0934,3
1678,orchid orangutan; defiant dragonfly,education,p0936,4
1679,orchid orangutan; defiant dragonfly,education,p0938,2
1680,orchid orangutan; defiant dragonfly,education,p0939,2
1681,orchid orangutan; defiant dragonfly,education,p0946,4
1682,orchid orangutan; defiant dragonfly,education,p0951,3
1683,orchid orangutan; defiant dragonfly,education,p0956,3
1684,orchid orangutan; defiant dragonfly,education,p0962,2
1685,orchid orangutan; defiant dragonfly,education,p0963,3
1686,orchid orangutan; defiant dragonfly,education,p0969,4
1687,orchid orangutan; defiant dragonfly,education,p0972,3
1688,orchid orangutan; defiant dragonfly,education,p0975,3
1689,orchid orangutan; defiant dragonfly,education,p0985,2
1690,orchid orangutan; defiant dragonfly,education,p0993,2
1691,orchid orangutan; defiant dragonfly,education,p0996,2
1692,orchid orangutan; defiant dragonfly,education,p1011,2
1693,orchid orangutan; defiant dragonfly,education,p1017,2
1694,orchid orangutan; defiant dragonfly,education,p1020,2
1695,orchid orangutan; defiant dragonfly,education,p1022,4
1696,orchid orangutan; defiant dragonfly,education,p1024,1
1697,orchid orangutan; defiant dragonfly,education,p1027,4
1698,orchid orangutan; defiant dragonfly,education,p1028,5
1699,orchid orangutan; defiant dragonfly,education,p1029,2
1700,orchid orangutan; defiant dragonfly,education,p1032,4
1701,orchid orangutan; defiant dragonfly,education,p1040,4
1702,orchid orangutan; defiant dragonfly,education,p1047,3
1703,orchid orangutan; defiant dragonfly,education,p1048,3
1704,orchid orangutan; defiant dragonfly,education,p1053,3
1705,orchid orangutan; defiant dragonfly,education,p1057,3
1706,orchid orangutan; defiant dragonfly,education,p1058,4
1707,orchid orangutan; defiant dragonfly,education,p1063,4
1708,orchid orangutan; defiant dragonfly,education,p1064,2
1709,orchid orangutan; defiant dragonfly,education,p1065,3
1710,orchid orangutan; defiant dragonfly,education,p1069,3
1711,orchid orangutan; defiant dragonfly,education,p1072,3
1712,orchid orangutan; defiant dragonfly,education,p1073,4
1713,orchid orangutan; defiant dragonfly,education,p1075,3
1714,orchid orangutan; defiant dragonfly,education,p1076,2
1715,orchid orangutan; defiant dragonfly,education,p1083,2
1716,orchid orangutan; defiant dragonfly,education,p1089,4
1717,orchid orangutan; defiant dragonfly,education,p1093,4
1718,orchid orangutan; defiant dragonfly,education,p1096,4
1719,orchid orangutan; defiant dragonfly,education,p1100,4
1720,orchid orangutan; defiant dragonfly,education,p1106,5
1721,orchid orangutan; defiant dragonfly,education,p1107,1
1722,orchid orangutan; defiant dragonfly,education,p1113,3
1723,orchid orangutan; defiant dragonfly,education,p1117,1
1724,orchid orangutan; defiant dragonfly,education,p1120,3
1725,orchid orangutan; defiant dragonfly,education,p1134,4
1726,orchid orangutan; defiant dragonfly,education,p1136,2
1727,orchid orangutan; defiant dragonfly,education,p1138,4
1728,orchid orangutan; defiant dragonfly,education,p1144,3
1729,orchid orangutan; defiant dragonfly,education,p1145,5
1730,orchid orangutan; defiant dragonfly,education,p1147,5
1731,orchid orangutan; defiant dragonfly,education,p1148,4
1732,orchid orangutan; defiant dragonfly,education,p1154,3
1733,orchid orangutan; defiant dragonfly,education,p1159,2
1734,orchid orangutan; defiant dragonfly,education,p1167,5
1735,orchid orangutan; defiant dragonfly,education,p1175,3
1736,orchid orangutan; defiant dragonfly,education,p1178,4
1737,orchid orangutan; defiant dragonfly,education,p1184,4
1738,orchid orangutan; defiant dragonfly,education,p1186,4
1739,orchid orangutan; defiant dragonfly,education,p1196,2
1740,orchid orangutan; defiant dragonfly,education,p1197,3
1741,orchid orangutan; defiant dragonfly,education,p1203,4
1742,orchid orangutan; defiant dragonfly,education,p1219,2
1743,orchid orangutan; defiant dragonfly,education,p1225,5
1744,orchid orangutan; defiant dragonfly,education,p1234,3
1745,orchid orangutan; defiant dragonfly,education,p1242,3
1746,orchid orangutan; defiant dragonfly,education,p1244,4
1747,orchid orangutan; defiant dragonfly,education,p1249,3
1748,orchid orangutan; defiant dragonfly,education,p1250,4
1749,orchid orangutan; defiant dragonfly,education,p1256,5
1750,orchid orangutan; defiant dragonfly,education,p1258,3
1751,orchid orangutan; defiant dragonfly,education,p1260,2
1752,orchid orangutan; defiant dragonfly,education,p1262,4
1753,orchid orangutan; defiant dragonfly,education,p1264,2
1754,orchid orangutan; defiant dragonfly,education,p1265,5
1755,orchid orangutan; defiant dragonfly,education,p1269,4
1756,orchid orangutan; defiant dragonfly,education,p1272,3
1757,orchid orangutan; defiant dragonfly,education,p1278,4
1758,orchid orangutan; defiant dragonfly,education,p1281,3
1759,orchid orangutan; defiant dragonfly,education,p1292,4
1760,orchid orangutan; defiant dragonfly,education,p1299,2
1761,orchid orangutan; defiant dragonfly,education,p1312,2
1762,orchid orangutan; defiant dragonfly,education,p1322,3
1763,orchid orangutan; defiant dragonfly,education,p1326,4
1764,orchid orangutan; defiant dragonfly,education,p1330,3
1765,orchid orangutan; defiant dragonfly,education,p1335,3
1766,orchid orangutan; defiant dragonfly,education,p1337,4
1767,orchid orangutan; defiant dragonfly,education,p1340,4
1768,orchid orangutan; defiant dragonfly,education,p1345,2
1769,orchid orangutan; defiant dragonfly,education,p1351,3
1770,orchid orangutan; defiant dragonfly,education,p1355,2
1771,orchid orangutan; defiant dragonfly,education,p1362,2
1772,orchid orangutan; defiant dragonfly,education,p1365,4
1773,orchid orangutan; defiant dragonfly,education,p1366,3
1774,orchid orangutan; defiant dragonfly,education,p1367,3
1775,orchid orangutan; defiant dragonfly,education,p1370,2
1776,orchid orangutan; defiant dragonfly,education,p1371,4
1777,orchid orangutan; defiant dragonfly,education,p1373,3
1778,orchid orangutan; defiant dragonfly,education,p1375,4
1779,orchid orangutan; defiant dragonfly,education,p1376,3
1780,orchid orangutan; defiant dragonfly,education,p1379,5
1781,orchid orangutan; defiant dragonfly,education,p1381,2
1782,orchid orangutan; defiant dragonfly,education,p1393,5
1783,orchid orangutan; defiant dragonfly,education,p1396,4
1784,orchid orangutan; defiant dragonfly,education,p1398,5
1785,orchid orangutan; defiant dragonfly,education,p1404,2
1786,orchid orangutan; defiant dragonfly,education,p1406,2
1787,orchid orangutan; defiant dragonfly,education,p1407,2
1788,orchid orangutan; defiant dragonfly,education,p1409,4
1789,orchid orangutan; defiant dragonfly,education,p1412,2
1790,orchid orangutan; defiant dragonfly,education,p1414,5
1791,orchid orangutan; defiant dragonfly,education,p1424,2
1792,orchid orangutan; defiant dragonfly,education,p1425,3
1793,orchid orangutan; defiant dragonfly,education,p1429,3
1794,orchid orangutan; defiant dragonfly,education,p1434,4
1795,orchid orangutan; defiant dragonfly,education,p1441,2
1796,orchid orangutan; defiant dragonfly,education,p1445,2
1797,orchid orangutan; defiant dragonfly,education,p1450,2
1798,orchid orangutan; defiant dragonfly,education,p1454,5
1799,orchid orangutan; defiant dragonfly,education,p1456,4
1800,orchid orangutan; defiant dragonfly,education,p1457,3
1801,orchid orangutan; defiant dragonfly,education,p1458,5
1802,orchid orangutan; defiant dragonfly,education,p1469,3
1803,orchid orangutan; defiant dragonfly,education,p1470,4
1804,orchid orangutan; defiant dragonfly,education,p1481,4
1805,orchid orangutan; defiant dragonfly,education,p1488,4
1806,orchid orangutan; defiant dragonfly,education,p1492,5
1807,orchid orangutan; defiant dragonfly,education,p1495,2
1808,orchid orangutan; defiant dragonfly,education,p1497,2
1809,orchid orangutan; defiant dragonfly,education,p1499,4
1810,orchid orangutan; defiant dragonfly,education,p1503,4
1811,orchid orangutan; defiant dragonfly,education,p1511,4
1812,orchid orangutan; defiant dragonfly,education,p1512,2
1813,orchid orangutan; defiant dragonfly,education,p1518,3
1814,orchid orangutan; defiant dragonfly,education,p1519,4
1815,orchid orangutan; defiant dragonfly,education,p1520,3
1816,orchid orangutan; defiant dragonfly,education,p1524,2
1817,orchid orangutan; defiant dragonfly,education,p1526,5
1818,orchid orangutan; defiant dragonfly,education,p1537,2
1819,orchid orangutan; defiant dragonfly,education,p1545,3
1820,orchid orangutan; defiant dragonfly,education,p1547,2
1821,orchid orangutan; defiant dragonfly,education,p1552,4
1822,orchid orangutan; defiant dragonfly,education,p1567,4
1823,orchid orangutan; defiant dragonfly,education,p1568,3
1824,orchid orangutan; defiant dragonfly,education,p1579,2
1825,orchid orangutan; defiant dragonfly,education,p1587,1
1826,orchid orangutan; defiant dragonfly,education,p1596,2
1827,orchid orangutan; defiant dragonfly,education,p1600,4
1828,orchid orangutan; defiant dragonfly,education,p1603,3
1829,orchid orangutan; defiant dragonfly,education,p1604,2
1830,orchid orangutan; defiant dragonfly,education,p1610,2
1831,orchid orangutan; defiant dragonfly,education,p1618,4
1832,orchid orangutan; defiant dragonfly,education,p1619,5
1833,orchid orangutan; defiant dragonfly,education,p1622,5
1834,orchid orangutan; defiant dragonfly,education,p1623,4
1835,orchid orangutan; defiant dragonfly,education,p1630,4
1836,orchid orangutan; defiant dragonfly,education,p1641,4
1837,orchid orangutan; defiant dragonfly,education,p1649,3
1838,orchid orangutan; defiant dragonfly,education,p1652,4
1839,orchid orangutan; defiant dragonfly,education,p1665,4
1840,orchid orangutan; defiant dragonfly,education,p1669,4
1841,orchid orangutan; defiant dragonfly,education,p1685,4
1842,orchid orangutan; defiant dragonfly,education,p1693,3
1843,orchid orangutan; defiant dragonfly,education,p1698,5
1844,orchid orangutan; defiant dragonfly,education,p1704,5
1845,orchid orangutan; defiant dragonfly,education,p1711,4
1846,orchid orangutan; defiant dragonfly,education,p1718,2
1847,orchid orangutan; defiant dragonfly,education,p1732,2
1848,orchid orangutan; defiant dragonfly,education,p1739,4
1849,orchid orangutan; defiant dragonfly,education,p1741,4
1850,orchid orangutan; defiant dragonfly,education,p1746,2
1851,orchid orangutan; defiant dragonfly,education,p1751,3
1852,orchid orangutan; defiant dragonfly,education,p1754,2
1853,orchid orangutan; defiant dragonfly,education,p1769,4
1854,orchid orangutan; defiant dragonfly,education,p1771,2
1855,orchid orangutan; defiant dragonfly,education,p1776,1
1856,orchid orangutan; defiant dragonfly,education,p1780,4
1857,orchid orangutan; defiant dragonfly,education,p1785,3
1858,orchid orangutan; defiant dragonfly,education,p1791,5
1859,orchid orangutan; defiant dragonfly,education,p1793,6
1860,orchid orangutan; defiant dragonfly,education,p1796,4
1861,orchid orangutan; defiant dragonfly,education,p1805,3
1862,orchid orangutan; defiant dragonfly,education,p1812,3
1863,orchid orangutan; defiant dragonfly,education,p1816,3
1864,orchid orangutan; defiant dragonfly,education,p1819,5
1865,orchid orangutan; defiant dragonfly,education,p1825,5
1866,orchid orangutan; defiant dragonfly,education,p1836,4
1867,orchid orangutan; defiant dragonfly,education,p1839,2
1868,orchid orangutan; defiant dragonfly,education,p1861,4
1869,orchid orangutan; defiant dragonfly,education,p1863,5
1870,orchid orangutan; defiant dragonfly,education,p1873,5
1871,orchid orangutan; defiant dragonfly,education,p1875,2
1872,orchid orangutan; defiant dragonfly,education,p1876,4
1873,orchid orangutan; defiant dragonfly,education,p1877,4
1874,orchid orangutan; defiant dragonfly,education,p1880,2
1875,orchid orangutan; defiant dragonfly,education,p1883,2
1876,orchid orangutan; defiant dragonfly,education,p1889,4
1877,orchid orangutan; defiant dragonfly,education,p1893,3
1878,orchid orangutan; defiant dragonfly,education,p1896,4
1879,orchid orangutan; defiant dragonfly,education,p1913,3
1880,orchid orangutan; defiant dragonfly,education,p1922,5
1881,orchid orangutan; defiant dragonfly,education,p1930,4
1882,orchid orangutan; defiant dragonfly,education,p1935,3
1883,orchid orangutan; defiant dragonfly,education,p1940,5
1884,orchid orangutan; defiant dragonfly,education,p1948,4
1885,orchid orangutan; defiant dragonfly,education,p1950,2
1886,orchid orangutan; defiant dragonfly,education,p1954,3
1887,orchid orangutan; defiant dragonfly,education,p1956,3
1888,orchid orangutan; defiant dragonfly,education,p1958,3
1889,orchid orangutan; defiant dragonfly,education,p1967,5
1890,orchid orangutan; defiant dragonfly,education,p1973,5
1891,orchid orangutan; defiant dragonfly,education,p1978,3
1892,orchid orangutan; defiant dragonfly,education,p1983,5
1893,orchid orangutan; defiant dragonfly,education,p1984,3
1894,orchid orangutan; defiant dragonfly,education,p1995,3
1895,orchid orangutan; defiant dragonfly,education,p1996,3
1896,orchid orangutan; defiant dragonfly,education,p1997,4
1897,orchid orangutan; defiant dragonfly,education,p2001,2
1898,orchid orangutan; defiant dragonfly,education,p2002,3
1899,orchid orangutan; defiant dragonfly,education,p2013,5
1900,orchid orangutan; defiant dragonfly,education,p2014,2
1901,orchid orangutan; defiant dragonfly,education,p2016,5
1902,orchid orangutan; defiant dragonfly,education,p2018,2
1903,orchid orangutan; defiant dragonfly,education,p2023,3
1904,orchid orangutan; defiant dragonfly,education,p2025,4
1905,orchid orangutan; defiant dragonfly,education,p2028,3
1906,orchid orangutan; defiant dragonfly,education,p2030,3
1907,orchid orangutan; defiant dragonfly,education,p2033,3
1908,orchid orangutan; defiant dragonfly,education,p2040,5
1909,orchid orangutan; defiant dragonfly,education,p2051,3
1910,orchid orangutan; defiant dragonfly,education,p2052,4
1911,orchid orangutan; defiant dragonfly,education,p2066,2
1912,orchid orangutan; defiant dragonfly,education,p2067,3
1913,orchid orangutan; defiant dragonfly,education,p2073,4
1914,orchid orangutan; defiant dragonfly,education,p2077,3
1915,orchid orangutan; defiant dragonfly,education,p2078,5
1916,orchid orangutan; defiant dragonfly,education,p2086,4
1917,orchid orangutan; defiant dragonfly,education,p2089,4
1918,orchid orangutan; defiant dragonfly,education,p2093,4
1919,orchid orangutan; defiant dragonfly,education,p2094,3
1920,orchid orangutan; defiant dragonfly,education,p2111,2
1921,orchid orangutan; defiant dragonfly,education,p2117,4
1922,orchid orangutan; defiant dragonfly,education,p2121,4
1923,orchid orangutan; defiant dragonfly,education,p2127,3
1924,orchid orangutan; defiant dragonfly,education,p2141,4
1925,orchid orangutan; defiant dragonfly,education,p2142,3
1926,orchid orangutan; defiant dragonfly,education,p2143,4
1927,orchid orangutan; defiant dragonfly,education,p2153,4
1928,orchid orangutan; defiant dragonfly,education,p2155,3
1929,orchid orangutan; defiant dragonfly,education,p2169,3
1930,orchid orangutan; defiant dragonfly,education,p2187,4
1931,orchid orangutan; defiant dragonfly,education,p2188,4
1932,orchid orangutan; defiant dragonfly,education,p2197,3
1933,orchid orangutan; defiant dragonfly,education,p2213,3
1934,orchid orangutan; defiant dragonfly,education,p2214,3
1935,orchid orangutan; defiant dragonfly,education,p2215,4
1936,orchid orangutan; defiant dragonfly,education,p2220,5
1937,orchid orangutan; defiant dragonfly,education,p2223,3
1938,orchid orangutan; defiant dragonfly,education,p2229,4
1939,orchid orangutan; defiant dragonfly,education,p2234,3
1940,orchid orangutan; defiant dragonfly,education,p2237,5
1941,orchid orangutan; defiant dragonfly,education,p2238,5
1942,orchid orangutan; defiant dragonfly,education,p2244,4
1943,orchid orangutan; defiant dragonfly,education,p2248,2
1944,orchid orangutan; defiant dragonfly,education,p2252,4
1945,orchid orangutan; defiant dragonfly,education,p2255,2
1946,orchid orangutan; defiant dragonfly,education,p2261,3
1947,orchid orangutan; defiant dragonfly,education,p2263,3
1948,orchid orangutan; defiant dragonfly,education,p2273,5
1949,orchid orangutan; defiant dragonfly,education,p2275,3
1950,orchid orangutan; defiant dragonfly,education,p2276,4
1951,orchid orangutan; defiant dragonfly,education,p2283,3
1952,orchid orangutan; defiant dragonfly,education,p2287,2
1953,orchid orangutan; defiant dragonfly,education,p2296,3
1954,orchid orangutan; defiant dragonfly,education,p2298,3
1955,orchid orangutan; defiant dragonfly,education,p2304,4
1956,orchid orangutan; defiant dragonfly,education,p2310,2
1957,orchid orangutan; defiant dragonfly,education,p2322,2
1958,orchid orangutan; defiant dragonfly,education,p2326,4
1959,orchid orangutan; defiant dragonfly,education,p2330,3
1960,orchid orangutan; defiant dragonfly,education,p2331,3
1961,orchid orangutan; defiant dragonfly,education,p2333,2
1962,orchid orangutan; defiant dragonfly,education,p2347,2
1963,orchid orangutan; defiant dragonfly,education,p2350,3
1964,orchid orangutan; defiant dragonfly,education,p2351,4
1965,orchid orangutan; defiant dragonfly,education,p2353,3
1966,orchid orangutan; defiant dragonfly,education,p2355,1
1967,orchid orangutan; defiant dragonfly,education,p2363,1
1968,orchid orangutan; defiant dragonfly,education,p2378,4
1969,orchid orangutan; defiant dragonfly,education,p2380,3
1970,orchid orangutan; defiant dragonfly,education,p2387,3
1971,orchid orangutan; defiant dragonfly,education,p2398,2
1972,orchid orangutan; defiant dragonfly,education,p2400,3
1973,orchid orangutan; defiant dragonfly,education,p2403,5
1974,orchid orangutan; defiant dragonfly,education,p2408,3
1975,orchid orangutan; defiant dragonfly,education,p2418,2
1976,orchid orangutan; defiant dragonfly,education,p2426,3
1977,orchid orangutan; defiant dragonfly,education,p2428,2
1978,orchid orangutan; defiant dragonfly,education,p2434,5
1979,orchid orangutan; defiant dragonfly,education,p2446,3
1980,orchid orangutan; defiant dragonfly,education,p2452,2
1981,orchid orangutan; defiant dragonfly,education,p2454,2
1982,orchid orangutan; defiant dragonfly,education,p2462,3
1983,orchid orangutan; defiant dragonfly,education,p2467,4
1984,orchid orangutan; defiant dragonfly,education,p2482,3
1985,orchid orangutan; defiant dragonfly,education,p2489,3
1986,orchid orangutan; defiant dragonfly,education,p2490,2
1987,orchid orangutan; defiant dragonfly,education,p2494,3
1988,orchid orangutan; defiant dragonfly,education,p2502,4
1989,orchid orangutan; defiant dragonfly,education,p2503,3
1990,orchid orangutan; defiant dragonfly,education,p2522,3
1991,orchid orangutan; defiant dragonfly,education,p2524,3
1992,orchid orangutan; defiant dragonfly,education,p2533,1
1993,orchid orangutan; defiant dragonfly,education,p2566,3
1994,orchid orangutan; defiant dragonfly,education,p2571,3
1995,orchid orangutan; defiant dragonfly,education,p2573,1
1996,orchid orangutan; defiant dragonfly,education,p2582,4
1997,orchid orangutan; defiant dragonfly,education,p2591,2
1998,orchid orangutan; defiant dragonfly,education,p2592,3
1999,orchid orangutan; defiant dragonfly,education,p2595,4
2000,orchid orangutan; defiant dragonfly,income,p0016,3
2001,orchid orangutan; defiant dragonfly,income,p0022,4
2002,orchid orangutan; defiant dragonfly,income,p0023,4
2003,orchid orangutan; defiant dragonfly,income,p0026,4
2004,orchid orangutan; defiant dragonfly,income,p0034,3
2005,orchid orangutan; defiant dragonfly,income,p0036,3
2006,orchid orangutan; defiant dragonfly,income,p0037,4
2007,orchid orangutan; defiant dragonfly,income,p0042,3
2008,orchid orangutan; defiant dragonfly,income,p0057,3
2009,orchid orangutan; defiant dragonfly,income,p0066,4
2010,orchid orangutan; defiant dragonfly,income,p0069,1
2011,orchid orangutan; defiant dragonfly,income,p0072,4
2012,orchid orangutan; defiant dragonfly,income,p0073,4
2013,orchid orangutan; defiant dragonfly,income,p0082,4
2014,orchid orangutan; defiant dragonfly,income,p0091,4
2015,orchid orangutan; defiant dragonfly,income,p0092,2
2016,orchid orangutan; defiant dragonfly,income,p0093,4
2017,orchid orangutan; defiant dragonfly,income,p0095,3
2018,orchid orangutan; defiant dragonfly,income,p0107,3
2019,orchid orangutan; defiant dragonfly,income,p0114,3
2020,orchid orangutan; defiant dragonfly,income,p0116,3
2021,orchid orangutan; defiant dragonfly,income,p0118,3
2022,orchid orangutan; defiant dragonfly,income,p0119,3
2023,orchid orangutan; defiant dragonfly,income,p0126,3
2024,orchid orangutan; defiant dragonfly,income,p0129,4
2025,orchid orangutan; defiant dragonfly,income,p0136,3
2026,orchid orangutan; defiant dragonfly,income,p0138,3
2027,orchid orangutan; defiant dragonfly,income,p0144,3
2028,orchid orangutan; defiant dragonfly,income,p0150,1
2029,orchid orangutan; defiant dragonfly,income,p0152,3
2030,orchid orangutan; defiant dragonfly,income,p0158,2
2031,orchid orangutan; defiant dragonfly,income,p0161,4
2032,orchid orangutan; defiant dragonfly,income,p0164,3
2033,orchid orangutan; defiant dragonfly,income,p0175,4
2034,orchid orangutan; defiant dragonfly,income,p0177,4
2035,orchid orangutan; defiant dragonfly,income,p0178,4
2036,orchid orangutan; defiant dragonfly,income,p0181,4
2037,orchid orangutan; defiant dragonfly,income,p0186,2
2038,orchid orangutan; defiant dragonfly,income,p0196,4
2039,orchid orangutan; defiant dragonfly,income,p0198,4
2040,orchid orangutan; defiant dragonfly,income,p0202,3
2041,orchid orangutan; defiant dragonfly,income,p0205,4
2042,orchid orangutan; defiant dragonfly,income,p0207,3
2043,orchid orangutan; defiant dragonfly,income,p0211,3
2044,orchid orangutan; defiant dragonfly,income,p0227,4
2045,orchid orangutan; defiant dragonfly,income,p0229,3
2046,orchid orangutan; defiant dragonfly,income,p0232,4
2047,orchid orangutan; defiant dragonfly,income,p0233,2
2048,orchid orangutan; defiant dragonfly,income,p0237,3
2049,orchid orangutan; defiant dragonfly,income,p0258,3
2050,orchid orangutan; defiant dragonfly,income,p0268,2
2051,orchid orangutan; defiant dragonfly,income,p0274,3
2052,orchid orangutan; defiant dragonfly,income,p0275,2
2053,orchid orangutan; defiant dragonfly,income,p0277,1
2054,orchid orangutan; defiant dragonfly,income,p0288,3
2055,orchid orangutan; defiant dragonfly,income,p0291,3
2056,orchid orangutan; defiant dragonfly,income,p0307,1
2057,orchid orangutan; defiant dragonfly,income,p0308,3
2058,orchid orangutan; defiant dragonfly,income,p0317,4
2059,orchid orangutan; defiant dragonfly,income,p0325,4
2060,orchid orangutan; defiant dragonfly,income,p0327,4
2061,orchid orangutan; defiant dragonfly,income,p0334,4
2062,orchid orangutan; defiant dragonfly,income,p0336,4
2063,orchid orangutan; defiant dragonfly,income,p0338,2
2064,orchid orangutan; defiant dragonfly,income,p0342,4
2065,orchid orangutan; defiant dragonfly,income,p0349,3
2066,orchid orangutan; defiant dragonfly,income,p0356,3
2067,orchid orangutan; defiant dragonfly,income,p0358,1
2068,orchid orangutan; defiant dragonfly,income,p0363,3
2069,orchid orangutan; defiant dragonfly,income,p0364,4
2070,orchid orangutan; defiant dragonfly,income,p0369,4
2071,orchid orangutan; defiant dragonfly,income,p0370,2
2072,orchid orangutan; defiant dragonfly,income,p0371,3
2073,orchid orangutan; defiant dragonfly,income,p0379,3
2074,orchid orangutan; defiant dragonfly,income,p0386,3
2075,orchid orangutan; defiant dragonfly,income,p0396,3
2076,orchid orangutan; defiant dragonfly,income,p0403,2
2077,orchid orangutan; defiant dragonfly,income,p0405,4
2078,orchid orangutan; defiant dragonfly,income,p0412,4
2079,orchid orangutan; defiant dragonfly,income,p0415,4
2080,orchid orangutan; defiant dragonfly,income,p0416,4
2081,orchid orangutan; defiant dragonfly,income,p0417,3
2082,orchid orangutan; defiant dragonfly,income,p0418,3
2083,orchid orangutan; defiant dragonfly,income,p0430,4
2084,orchid orangutan; defiant dragonfly,income,p0431,4
2085,orchid orangutan; defiant dragonfly,income,p0434,3
2086,orchid orangutan; defiant dragonfly,income,p0438,4
2087,orchid orangutan; defiant dragonfly,income,p0441,4
2088,orchid orangutan; defiant dragonfly,income,p0442,2
2089,orchid orangutan; defiant dragonfly,income,p0449,4
2090,orchid orangutan; defiant dragonfly,income,p0450,4
2091,orchid orangutan; defiant dragonfly,income,p0465,4
2092,orchid orangutan; defiant dragonfly,income,p0471,3
2093,orchid orangutan; defiant dragonfly,income,p0477,3
2094,orchid orangutan; defiant dragonfly,income,p0483,3
2095,orchid orangutan; defiant dragonfly,income,p0486,3
2096,orchid orangutan; defiant dragonfly,income,p0487,3
2097,orchid orangutan; defiant dragonfly,income,p0489,4
2098,orchid orangutan; defiant dragonfly,income,p0497,4
2099,orchid orangutan; defiant dragonfly,income,p0502,4
2100,orchid orangutan; defiant dragonfly,income,p0503,2
2101,orchid orangutan; defiant dragonfly,income,p0506,3
2102,orchid orangutan; defiant dragonfly,income,p0511,4
2103,orchid orangutan; defiant dragonfly,income,p0523,2
2104,orchid orangutan; defiant dragonfly,income,p0534,4
2105,orchid orangutan; defiant dragonfly,income,p0536,3
2106,orchid orangutan; defiant dragonfly,income,p0542,4
2107,orchid orangutan; defiant dragonfly,income,p0547,3
2108,orchid orangutan; defiant dragonfly,income,p0553,4
2109,orchid orangutan; defiant dragonfly,income,p0559,4
2110,orchid orangutan; defiant dragonfly,income,p0566,4
2111,orchid orangutan; defiant dragonfly,income,p0568,3
2112,orchid orangutan; defiant dragonfly,income,p0570,2
2113,orchid orangutan; defiant dragonfly,income,p0573,3
2114,orchid orangutan; defiant dragonfly,income,p0578,2
2115,orchid orangutan; defiant dragonfly,income,p0594,3
2116,orchid orangutan; defiant dragonfly,income,p0597,2
2117,orchid orangutan; defiant dragonfly,income,p0601,3
2118,orchid orangutan; defiant dragonfly,income,p0602,2
2119,orchid orangutan; defiant dragonfly,income,p0605,3
2120,orchid orangutan; defiant dragonfly,income,p0615,2
2121,orchid orangutan; defiant dragonfly,income,p0620,3
2122,orchid orangutan; defiant dragonfly,income,p0626,3
2123,orchid orangutan; defiant dragonfly,income,p0629,4
2124,orchid orangutan; defiant dragonfly,income,p0633,2
2125,orchid orangutan; defiant dragonfly,income,p0638,3
2126,orchid orangutan; defiant dragonfly,income,p0639,4
2127,orchid orangutan; defiant dragonfly,income,p0640,3
2128,orchid orangutan; defiant dragonfly,income,p0655,4
2129,orchid orangutan; defiant dragonfly,income,p0656,3
2130,orchid orangutan; defiant dragonfly,income,p0658,4
2131,orchid orangutan; defiant dragonfly,income,p0661,3
2132,orchid orangutan; defiant dragonfly,income,p0669,3
2133,orchid orangutan; defiant dragonfly,income,p0670,2
2134,orchid orangutan; defiant dragonfly,income,p0672,3
2135,orchid orangutan; defiant dragonfly,income,p0674,3
2136,orchid orangutan; defiant dragonfly,income,p0678,4
2137,orchid orangutan; defiant dragonfly,income,p0683,3
2138,orchid orangutan; defiant dragonfly,income,p0686,3
2139,orchid orangutan; defiant dragonfly,income,p0687,3
2140,orchid orangutan; defiant dragonfly,income,p0698,2
2141,orchid orangutan; defiant dragonfly,income,p0700,4
2142,orchid orangutan; defiant dragonfly,income,p0703,3
2143,orchid orangutan; defiant dragonfly,income,p0718,2
2144,orchid orangutan; defiant dragonfly,income,p0744,4
2145,orchid orangutan; defiant dragonfly,income,p0745,4
2146,orchid orangutan; defiant dragonfly,income,p0753,2
2147,orchid orangutan; defiant dragonfly,income,p0770,4
2148,orchid orangutan; defiant dragonfly,income,p0771,3
2149,orchid orangutan; defiant dragonfly,income,p0777,4
2150,orchid orangutan; defiant dragonfly,income,p0779,4
2151,orchid orangutan; defiant dragonfly,income,p0780,1
2152,orchid orangutan; defiant dragonfly,income,p0783,3
2153,orchid orangutan; defiant dragonfly,income,p0785,4
2154,orchid orangutan; defiant dragonfly,income,p0786,3
2155,orchid orangutan; defiant dragonfly,income,p0794,4
2156,orchid orangutan; defiant dragonfly,income,p0798,4
2157,orchid orangutan; defiant dragonfly,income,p0800,3
2158,orchid orangutan; defiant dragonfly,income,p0820,2
2159,orchid orangutan; defiant dragonfly,income,p0841,3
2160,orchid orangutan; defiant dragonfly,income,p0849,3
2161,orchid orangutan; defiant dragonfly,income,p0862,3
2162,orchid orangutan; defiant dragonfly,income,p0867,4
2163,orchid orangutan; defiant dragonfly,income,p0869,4
2164,orchid orangutan; defiant dragonfly,income,p0872,3
2165,orchid orangutan; defiant dragonfly,income,p0880,2
2166,orchid orangutan; defiant dragonfly,income,p0891,3
2167,orchid orangutan; defiant dragonfly,income,p0916,3
2168,orchid orangutan; defiant dragonfly,income,p0917,4
2169,orchid orangutan; defiant dragonfly,income,p0919,3
2170,orchid orangutan; defiant dragonfly,income,p0922,2
2171,orchid orangutan; defiant dragonfly,income,p0925,2
2172,orchid orangutan; defiant dragonfly,income,p0927,4
2173,orchid orangutan; defiant dragonfly,income,p0929,2
2174,orchid orangutan; defiant dragonfly,income,p0930,4
2175,orchid orangutan; defiant dragonfly,income,p0931,2
2176,orchid orangutan; defiant dragonfly,income,p0933,2
2177,orchid orangutan; defiant dragonfly,income,p0934,4
2178,orchid orangutan; defiant dragonfly,income,p0936,3
2179,orchid orangutan; defiant dragonfly,income,p0938,3
2180,orchid orangutan; defiant dragonfly,income,p0939,2
2181,orchid orangutan; defiant dragonfly,income,p0946,4
2182,orchid orangutan; defiant dragonfly,income,p0951,2
2183,orchid orangutan; defiant dragonfly,income,p0956,3
2184,orchid orangutan; defiant dragonfly,income,p0962,3
2185,orchid orangutan; defiant dragonfly,income,p0963,3
2186,orchid orangutan; defiant dragonfly,income,p0969,5
2187,orchid orangutan; defiant dragonfly,income,p0972,3
2188,orchid orangutan; defiant dragonfly,income,p0975,4
2189,orchid orangutan; defiant dragonfly,income,p0985,2
2190,orchid orangutan; defiant dragonfly,income,p0993,1
2191,orchid orangutan; defiant dragonfly,income,p0996,3
2192,orchid orangutan; defiant dragonfly,income,p1011,3
2193,orchid orangutan; defiant dragonfly,income,p1017,4
2194,orchid orangutan; defiant dragonfly,income,p1020,3
2195,orchid orangutan; defiant dragonfly,income,p1022,3
2196,orchid orangutan; defiant dragonfly,income,p1024,2
2197,orchid orangutan; defiant dragonfly,income,p1027,3
2198,orchid orangutan; defiant dragonfly,income,p1028,4
2199,orchid orangutan; defiant dragonfly,income,p1029,2
2200,orchid orangutan; defiant dragonfly,income,p1032,3
2201,orchid orangutan; defiant dragonfly,income,p1040,3
2202,orchid orangutan; defiant dragonfly,income,p1047,4
2203,orchid orangutan; defiant dragonfly,income,p1048,2
2204,orchid orangutan; defiant dragonfly,income,p1053,2
2205,orchid orangutan; defiant dragonfly,income,p1057,3
2206,orchid orangutan; defiant dragonfly,income,p1058,4
2207,orchid orangutan; defiant dragonfly,income,p1063,4
2208,orchid orangutan; defiant dragonfly,income,p1064,3
2209,orchid orangutan; defiant dragonfly,income,p1065,3
2210,orchid orangutan; defiant dragonfly,income,p1069,3
2211,orchid orangutan; defiant dragonfly,income,p1072,3
2212,orchid orangutan; defiant dragonfly,income,p1073,3
2213,orchid orangutan; defiant dragonfly,income,p1075,3
2214,orchid orangutan; defiant dragonfly,income,p1076,2
2215,orchid orangutan; defiant dragonfly,income,p1083,3
2216,orchid orangutan; defiant dragonfly,income,p1089,4
2217,orchid orangutan; defiant dragonfly,income,p1093,3
2218,orchid orangutan; defiant dragonfly,income,p1096,4
2219,orchid orangutan; defiant dragonfly,income,p1100,4
2220,orchid orangutan; defiant dragonfly,income,p1106,2
2221,orchid orangutan; defiant dragonfly,income,p1107,2
2222,orchid orangutan; defiant dragonfly,income,p1113,2
2223,orchid orangutan; defiant dragonfly,income,p1117,3
2224,orchid orangutan; defiant dragonfly,income,p1120,4
2225,orchid orangutan; defiant dragonfly,income,p1134,4
2226,orchid orangutan; defiant dragonfly,income,p1136,3
2227,orchid orangutan; defiant dragonfly,income,p1138,3
2228,orchid orangutan; defiant dragonfly,income,p1144,3
2229,orchid orangutan; defiant dragonfly,income,p1145,4
2230,orchid orangutan; defiant dragonfly,income,p1147,4
2231,orchid orangutan; defiant dragonfly,income,p1148,3
2232,orchid orangutan; defiant dragonfly,income,p1154,3
2233,orchid orangutan; defiant dragonfly,income,p1159,4
2234,orchid orangutan; defiant dragonfly,income,p1167,3
2235,orchid orangutan; defiant dragonfly,income,p1175,2
2236,orchid orangutan; defiant dragonfly,income,p1178,3
2237,orchid orangutan; defiant dragonfly,income,p1184,3
2238,orchid orangutan; defiant dragonfly,income,p1186,3
2239,orchid orangutan; defiant dragonfly,income,p1196,2
2240,orchid orangutan; defiant dragonfly,income,p1197,3
2241,orchid orangutan; defiant dragonfly,income,p1203,3
2242,orchid orangutan; defiant dragonfly,income,p1219,2
2243,orchid orangutan; defiant dragonfly,income,p1225,4
2244,orchid orangutan; defiant dragonfly,income,p1234,2
2245,orchid orangutan; defiant dragonfly,income,p1242,3
2246,orchid orangutan; defiant dragonfly,income,p1244,3
2247,orchid orangutan; defiant dragonfly,income,p1249,3
2248,orchid orangutan; defiant dragonfly,income,p1250,3
2249,orchid orangutan; defiant dragonfly,income,p1256,4
2250,orchid orangutan; defiant dragonfly,income,p1258,4
2251,orchid orangutan; defiant dragonfly,income,p1260,2
2252,orchid orangutan; defiant dragonfly,income,p1262,4
2253,orchid orangutan; defiant dragonfly,income,p1264,2
2254,orchid orangutan; defiant dragonfly,income,p1265,4
2255,orchid orangutan; defiant dragonfly,income,p1269,3
2256,orchid orangutan; defiant dragonfly,income,p1272,3
2257,orchid orangutan; defiant dragonfly,income,p1278,2
2258,orchid orangutan; defiant dragonfly,income,p1281,2
2259,orchid orangutan; defiant dragonfly,income,p1292,4
2260,orchid orangutan; defiant dragonfly,income,p1299,4
2261,orchid orangutan; defiant dragonfly,income,p1312,3
2262,orchid orangutan; defiant dragonfly,income,p1322,1
2263,orchid orangutan; defiant dragonfly,income,p1326,3
2264,orchid orangutan; defiant dragonfly,income,p1330,2
2265,orchid orangutan; defiant dragonfly,income,p1335,3
2266,orchid orangutan; defiant dragonfly,income,p1337,4
2267,orchid orangutan; defiant dragonfly,income,p1340,4
2268,orchid orangutan; defiant dragonfly,income,p1345,3
2269,orchid orangutan; defiant dragonfly,income,p1351,3
2270,orchid orangutan; defiant dragonfly,income,p1355,3
2271,orchid orangutan; defiant dragonfly,income,p1362,4
2272,orchid orangutan; defiant dragonfly,income,p1365,3
2273,orchid orangutan; defiant dragonfly,income,p1366,3
2274,orchid orangutan; defiant dragonfly,income,p1367,3
2275,orchid orangutan; defiant dragonfly,income,p1370,3
2276,orchid orangutan; defiant dragonfly,income,p1371,5
2277,orchid orangutan; defiant dragonfly,income,p1373,4
2278,orchid orangutan; defiant dragonfly,income,p1375,4
2279,orchid orangutan; defiant dragonfly,income,p1376,1
2280,orchid orangutan; defiant dragonfly,income,p1379,3
2281,orchid orangutan; defiant dragonfly,income,p1381,3
2282,orchid orangutan; defiant dragonfly,income,p1393,4
2283,orchid orangutan; defiant dragonfly,income,p1396,3
2284,orchid orangutan; defiant dragonfly,income,p1398,4
2285,orchid orangutan; defiant dragonfly,income,p1404,1
2286,orchid orangutan; defiant dragonfly,income,p1406,3
2287,orchid orangutan; defiant dragonfly,income,p1407,2
2288,orchid orangutan; defiant dragonfly,income,p1409,4
2289,orchid orangutan; defiant dragonfly,income,p1412,2
2290,orchid orangutan; defiant dragonfly,income,p1414,4
2291,orchid orangutan; defiant dragonfly,income,p1424,4
2292,orchid orangutan; defiant dragonfly,income,p1425,4
2293,orchid orangutan; defiant dragonfly,income,p1429,3
2294,orchid orangutan; defiant dragonfly,income,p1434,4
2295,orchid orangutan; defiant dragonfly,income,p1441,2
2296,orchid orangutan; defiant dragonfly,income,p1445,2
2297,orchid orangutan; defiant dragonfly,income,p1450,3
2298,orchid orangutan; defiant dragonfly,income,p1454,4
2299,orchid orangutan; defiant dragonfly,income,p1456,3
2300,orchid orangutan; defiant dragonfly,income,p1457,1
2301,orchid orangutan; defiant dragonfly,income,p1458,4
2302,orchid orangutan; defiant dragonfly,income,p1469,2
2303,orchid orangutan; defiant dragonfly,income,p1470,4
2304,orchid orangutan; defiant dragonfly,income,p1481,3
2305,orchid orangutan; defiant dragonfly,income,p1488,3
2306,orchid orangutan; defiant dragonfly,income,p1492,3
2307,orchid orangutan; defiant dragonfly,income,p1495,3
2308,orchid orangutan; defiant dragonfly,income,p1497,3
2309,orchid orangutan; defiant dragonfly,income,p1499,4
2310,orchid orangutan; defiant dragonfly,income,p1503,2
2311,orchid orangutan; defiant dragonfly,income,p1511,4
2312,orchid orangutan; defiant dragonfly,income,p1512,1
2313,orchid orangutan; defiant dragonfly,income,p1518,2
2314,orchid orangutan; defiant dragonfly,income,p1519,3
2315,orchid orangutan; defiant dragonfly,income,p1520,1
2316,orchid orangutan; defiant dragonfly,income,p1524,3
2317,orchid orangutan; defiant dragonfly,income,p1526,5
2318,orchid orangutan; defiant dragonfly,income,p1537,3
2319,orchid orangutan; defiant dragonfly,income,p1545,3
2320,orchid orangutan; defiant dragonfly,income,p1547,1
2321,orchid orangutan; defiant dragonfly,income,p1552,5
2322,orchid orangutan; defiant dragonfly,income,p1567,4
2323,orchid orangutan; defiant dragonfly,income,p1568,3
2324,orchid orangutan; defiant dragonfly,income,p1579,2
2325,orchid orangutan; defiant dragonfly,income,p1587,1
2326,orchid orangutan; defiant dragonfly,income,p1596,3
2327,orchid orangutan; defiant dragonfly,income,p1600,4
2328,orchid orangutan; defiant dragonfly,income,p1603,2
2329,orchid orangutan; defiant dragonfly,income,p1604,3
2330,orchid orangutan; defiant dragonfly,income,p1610,2
2331,orchid orangutan; defiant dragonfly,income,p1618,3
2332,orchid orangutan; defiant dragonfly,income,p1619,4
2333,orchid orangutan; defiant dragonfly,income,p1622,4
2334,orchid orangutan; defiant dragonfly,income,p1623,3
2335,orchid orangutan; defiant dragonfly,income,p1630,4
2336,orchid orangutan; defiant dragonfly,income,p1641,4
2337,orchid orangutan; defiant dragonfly,income,p1649,2
2338,orchid orangutan; defiant dragonfly,income,p1652,3
2339,orchid orangutan; defiant dragonfly,income,p1665,3
2340,orchid orangutan; defiant dragonfly,income,p1669,4
2341,orchid orangutan; defiant dragonfly,income,p1685,4
2342,orchid orangutan; defiant dragonfly,income,p1693,3
2343,orchid orangutan; defiant dragonfly,income,p1698,4
2344,orchid orangutan; defiant dragonfly,income,p1704,4
2345,orchid orangutan; defiant dragonfly,income,p1711,4
2346,orchid orangutan; defiant dragonfly,income,p1718,3
2347,orchid orangutan; defiant dragonfly,income,p1732,3
2348,orchid orangutan; defiant dragonfly,income,p1739,4
2349,orchid orangutan; defiant dragonfly,income,p1741,4
2350,orchid orangutan; defiant dragonfly,income,p1746,1
2351,orchid orangutan; defiant dragonfly,income,p1751,4
2352,orchid orangutan; defiant dragonfly,income,p1754,1
2353,orchid orangutan; defiant dragonfly,income,p1769,4
2354,orchid orangutan; defiant dragonfly,income,p1771,2
2355,orchid orangutan; defiant dragonfly,income,p1776,2
2356,orchid orangutan; defiant dragonfly,income,p1780,4
2357,orchid orangutan; defiant dragonfly,income,p1785,2
2358,orchid orangutan; defiant dragonfly,income,p1791,3
2359,orchid orangutan; defiant dragonfly,income,p1793,4
2360,orchid orangutan; defiant dragonfly,income,p1796,5
2361,orchid orangutan; defiant dragonfly,income,p1805,3
2362,orchid orangutan; defiant dragonfly,income,p1812,3
2363,orchid orangutan; defiant dragonfly,income,p1816,3
2364,orchid orangutan; defiant dragonfly,income,p1819,4
2365,orchid orangutan; defiant dragonfly,income,p1825,4
2366,orchid orangutan; defiant dragonfly,income,p1836,3
2367,orchid orangutan; defiant dragonfly,income,p1839,4
2368,orchid orangutan; defiant dragonfly,income,p1861,3
2369,orchid orangutan; defiant dragonfly,income,p1863,4
2370,orchid orangutan; defiant dragonfly,income,p1873,4
2371,orchid orangutan; defiant dragonfly,income,p1875,3
2372,orchid orangutan; defiant dragonfly,income,p1876,4
2373,orchid orangutan; defiant dragonfly,income,p1877,2
2374,orchid orangutan; defiant dragonfly,income,p1880,3
2375,orchid orangutan; defiant dragonfly,income,p1883,3
2376,orchid orangutan; defiant dragonfly,income,p1889,1
2377,orchid orangutan; defiant dragonfly,income,p1893,2
2378,orchid orangutan; defiant dragonfly,income,p1896,3
2379,orchid orangutan; defiant dragonfly,income,p1913,4
2380,orchid orangutan; defiant dragonfly,income,p1922,4
2381,orchid orangutan; defiant dragonfly,income,p1930,3
2382,orchid orangutan; defiant dragonfly,income,p1935,4
2383,orchid orangutan; defiant dragonfly,income,p1940,4
2384,orchid orangutan; defiant dragonfly,income,p1948,4
2385,orchid orangutan; defiant dragonfly,income,p1950,2
2386,orchid orangutan; defiant dragonfly,income,p1954,2
2387,orchid orangutan; defiant dragonfly,income,p1956,3
2388,orchid orangutan; defiant dragonfly,income,p1958,3
2389,orchid orangutan; defiant dragonfly,income,p1967,4
2390,orchid orangutan; defiant dragonfly,income,p1973,5
2391,orchid orangutan; defiant dragonfly,income,p1978,4
2392,orchid orangutan; defiant dragonfly,income,p1983,2
2393,orchid orangutan; defiant dragonfly,income,p1984,3
2394,orchid orangutan; defiant dragonfly,income,p1995,3
2395,orchid orangutan; defiant dragonfly,income,p1996,2
2396,orchid orangutan; defiant dragonfly,income,p1997,4
2397,orchid orangutan; defiant dragonfly,income,p2001,3
2398,orchid orangutan; defiant dragonfly,income,p2002,2
2399,orchid orangutan; defiant dragonfly,income,p2013,4
2400,orchid orangutan; defiant dragonfly,income,p2014,3
2401,orchid orangutan; defiant dragonfly,income,p2016,4
2402,orchid orangutan; defiant dragonfly,income,p2018,1
2403,orchid orangutan; defiant dragonfly,income,p2023,3
2404,orchid orangutan; defiant dragonfly,income,p2025,4
2405,orchid orangutan; defiant dragonfly,income,p2028,2
2406,orchid orangutan; defiant dragonfly,income,p2030,3
2407,orchid orangutan; defiant dragonfly,income,p2033,3
2408,orchid orangutan; defiant dragonfly,income,p2040,3
2409,orchid orangutan; defiant dragonfly,income,p2051,3
2410,orchid orangutan; defiant dragonfly,income,p2052,4
2411,orchid orangutan; defiant dragonfly,income,p2066,2
2412,orchid orangutan; defiant dragonfly,income,p2067,3
2413,orchid orangutan; defiant dragonfly,income,p2073,4
2414,orchid orangutan; defiant dragonfly,income,p2077,2
2415,orchid orangutan; defiant dragonfly,income,p2078,4
2416,orchid orangutan; defiant dragonfly,income,p2086,3
2417,orchid orangutan; defiant dragonfly,income,p2089,3
2418,orchid orangutan; defiant dragonfly,income,p2093,3
2419,orchid orangutan; defiant dragonfly,income,p2094,3
2420,orchid orangutan; defiant dragonfly,income,p2111,2
2421,orchid orangutan; defiant dragonfly,income,p2117,4
2422,orchid orangutan; defiant dragonfly,income,p2121,3
2423,orchid orangutan; defiant dragonfly,income,p2127,3
2424,orchid orangutan; defiant dragonfly,income,p2141,3
2425,orchid orangutan; defiant dragonfly,income,p2142,2
2426,orchid orangutan; defiant dragonfly,income,p2143,4
2427,orchid orangutan; defiant dragonfly,income,p2153,1
2428,orchid orangutan; defiant dragonfly,income,p2155,2
2429,orchid orangutan; defiant dragonfly,income,p2169,4
2430,orchid orangutan; defiant dragonfly,income,p2187,3
2431,orchid orangutan; defiant dragonfly,income,p2188,4
2432,orchid orangutan; defiant dragonfly,income,p2197,2
2433,orchid orangutan; defiant dragonfly,income,p2213,3
2434,orchid orangutan; defiant dragonfly,income,p2214,2
2435,orchid orangutan; defiant dragonfly,income,p2215,5
2436,orchid orangutan; defiant dragonfly,income,p2220,3
2437,orchid orangutan; defiant dragonfly,income,p2223,2
2438,orchid orangutan; defiant dragonfly,income,p2229,3
2439,orchid orangutan; defiant dragonfly,income,p2234,3
2440,orchid orangutan; defiant dragonfly,income,p2237,4
2441,orchid orangutan; defiant dragonfly,income,p2238,4
2442,orchid orangutan; defiant dragonfly,income,p2244,2
2443,orchid orangutan; defiant dragonfly,income,p2248,3
2444,orchid orangutan; defiant dragonfly,income,p2252,3
2445,orchid orangutan; defiant dragonfly,income,p2255,1
2446,orchid orangutan; defiant dragonfly,income,p2261,3
2447,orchid orangutan; defiant dragonfly,income,p2263,4
2448,orchid orangutan; defiant dragonfly,income,p2273,3
2449,orchid orangutan; defiant dragonfly,income,p2275,2
2450,orchid orangutan; defiant dragonfly,income,p2276,2
2451,orchid orangutan; defiant dragonfly,income,p2283,1
2452,orchid orangutan; defiant dragonfly,income,p2287,3
2453,orchid orangutan; defiant dragonfly,income,p2296,2
2454,orchid orangutan; defiant dragonfly,income,p2298,3
2455,orchid orangutan; defiant dragonfly,income,p2304,3
2456,orchid orangutan; defiant dragonfly,income,p2310,2
2457,orchid orangutan; defiant dragonfly,income,p2322,2
2458,orchid orangutan; defiant dragonfly,income,p2326,3
2459,orchid orangutan; defiant dragonfly,income,p2330,3
2460,orchid orangutan; defiant dragonfly,income,p2331,3
2461,orchid orangutan; defiant dragonfly,income,p2333,2
2462,orchid orangutan; defiant dragonfly,income,p2347,3
2463,orchid orangutan; defiant dragonfly,income,p2350,2
2464,orchid orangutan; defiant dragonfly,income,p2351,3
2465,orchid orangutan; defiant dragonfly,income,p2353,2
2466,orchid orangutan; defiant dragonfly,income,p2355,2
2467,orchid orangutan; defiant dragonfly,income,p2363,2
2468,orchid orangutan; defiant dragonfly,income,p2378,3
2469,orchid orangutan; defiant dragonfly,income,p2380,2
2470,orchid orangutan; defiant dragonfly,income,p2387,4
2471,orchid orangutan; defiant dragonfly,income,p2398,2
2472,orchid orangutan; defiant dragonfly,income,p2400,4
2473,orchid orangutan; defiant dragonfly,income,p2403,2
2474,orchid orangutan; defiant dragonfly,income,p2408,3
2475,orchid orangutan; defiant dragonfly,income,p2418,2
2476,orchid orangutan; defiant dragonfly,income,p2426,2
2477,orchid orangutan; defiant dragonfly,income,p2428,2
2478,orchid orangutan; defiant dragonfly,income,p2434,3
2479,orchid orangutan; defiant dragonfly,income,p2446,1
2480,orchid orangutan; defiant dragonfly,income,p2452,3
2481,orchid orangutan; defiant dragonfly,income,p2454,2
2482,orchid orangutan; defiant dragonfly,income,p2462,3
2483,orchid orangutan; defiant dragonfly,income,p2467,5
2484,orchid orangutan; defiant dragonfly,income,p2482,3
2485,orchid orangutan; defiant dragonfly,income,p2489,3
2486,orchid orangutan; defiant dragonfly,income,p2490,2
2487,orchid orangutan; defiant dragonfly,income,p2494,2
2488,orchid orangutan; defiant dragonfly,income,p2502,4
2489,orchid orangutan; defiant dragonfly,income,p2503,3
2490,orchid orangutan; defiant dragonfly,income,p2522,3
2491,orchid orangutan; defiant dragonfly,income,p2524,3
2492,orchid orangutan; defiant dragonfly,income,p2533,3
2493,orchid orangutan; defiant dragonfly,income,p2566,3
2494,orchid orangutan; defiant dragonfly,income,p2571,3
2495,orchid orangutan; defiant dragonfly,income,p2573,2
2496,orchid orangutan; defiant dragonfly,income,p2582,4
2497,orchid orangutan; defiant dragonfly,income,p2591,3
2498,orchid orangutan; defiant dragonfly,income,p2592,3
2499,orchid orangutan; defiant dragonfly,income,p2595,2
2500,orchid orangutan; defiant dragonfly,party,p0016,2
2501,orchid orangutan; defiant dragonfly,party,p0022,3
2502,orchid orangutan; defiant dragonfly,party,p0023,3
2503,orchid orangutan; defiant dragonfly,party,p0026,1
2504,orchid orangutan; defiant dragonfly,party,p0034,1
2505,orchid orangutan; defiant dragonfly,party,p0036,2
2506,orchid orangutan; defiant dragonfly,party,p0037,1
2507,orchid orangutan; defiant dragonfly,party,p0042,3
2508,orchid orangutan; defiant dragonfly,party,p0057,3
2509,orchid orangutan; defiant dragonfly,party,p0066,1
2510,orchid orangutan; defiant dragonfly,party,p0069,1
2511,orchid orangutan; defiant dragonfly,party,p0072,1
2512,orchid orangutan; defiant dragonfly,party,p0073,1
2513,orchid orangutan; defiant dragonfly,party,p0082,3
2514,orchid orangutan; defiant dragonfly,party,p0091,3
2515,orchid orangutan; defiant dragonfly,party,p0092,3
2516,orchid orangutan; defiant dragonfly,party,p0093,1
2517,orchid orangutan; defiant dragonfly,party,p0095,3
2518,orchid orangutan; defiant dragonfly,party,p0107,1
2519,orchid orangutan; defiant dragonfly,party,p0114,2
2520,orchid orangutan; defiant dragonfly,party,p0116,1
2521,orchid orangutan; defiant dragonfly,party,p0118,1
2522,orchid orangutan; defiant dragonfly,party,p0119,2
2523,orchid orangutan; defiant dragonfly,party,p0126,2
2524,orchid orangutan; defiant dragonfly,party,p0129,3
2525,orchid orangutan; defiant dragonfly,party,p0136,2
2526,orchid orangutan; defiant dragonfly,party,p0138,2
2527,orchid orangutan; defiant dragonfly,party,p0144,2
2528,orchid orangutan; defiant dragonfly,party,p0150,3
2529,orchid orangutan; defiant dragonfly,party,p0152,1
2530,orchid orangutan; defiant dragonfly,party,p0158,3
2531,orchid orangutan; defiant dragonfly,party,p0161,1
2532,orchid orangutan; defiant dragonfly,party,p0164,1
2533,orchid orangutan; defiant dragonfly,party,p0175,3
2534,orchid orangutan; defiant dragonfly,party,p0177,2
2535,orchid orangutan; defiant dragonfly,party,p0178,3
2536,orchid orangutan; defiant dragonfly,party,p0181,1
2537,orchid orangutan; defiant dragonfly,party,p0186,3
2538,orchid orangutan; defiant dragonfly,party,p0196,3
2539,orchid orangutan; defiant dragonfly,party,p0198,3
2540,orchid orangutan; defiant dragonfly,party,p0202,3
2541,orchid orangutan; defiant dragonfly,party,p0205,2
2542,orchid orangutan; defiant dragonfly,party,p0207,3
2543,orchid orangutan; defiant dragonfly,party,p0211,3
2544,orchid orangutan; defiant dragonfly,party,p0227,2
2545,orchid orangutan; defiant dragonfly,party,p0229,3
2546,orchid orangutan; defiant dragonfly,party,p0232,3
2547,orchid orangutan; defiant dragonfly,party,p0233,2
2548,orchid orangutan; defiant dragonfly,party,p0237,3
2549,orchid orangutan; defiant dragonfly,party,p0258,3
2550,orchid orangutan; defiant dragonfly,party,p0268,3
2551,orchid orangutan; defiant dragonfly,party,p0274,3
2552,orchid orangutan; defiant dragonfly,party,p0275,3
2553,orchid orangutan; defiant dragonfly,party,p0277,2
2554,orchid orangutan; defiant dragonfly,party,p0288,3
2555,orchid orangutan; defiant dragonfly,party,p0291,2
2556,orchid orangutan; defiant dragonfly,party,p0307,1
2557,orchid orangutan; defiant dragonfly,party,p0308,1
2558,orchid orangutan; defiant dragonfly,party,p0317,1
2559,orchid orangutan; defiant dragonfly,party,p0325,2
2560,orchid orangutan; defiant dragonfly,party,p0327,3
2561,orchid orangutan; defiant dragonfly,party,p0334,3
2562,orchid orangutan; defiant dragonfly,party,p0336,3
2563,orchid orangutan; defiant dragonfly,party,p0338,1
2564,orchid orangutan; defiant dragonfly,party,p0342,3
2565,orchid orangutan; defiant dragonfly,party,p0349,1
2566,orchid orangutan; defiant dragonfly,party,p0356,3
2567,orchid orangutan; defiant dragonfly,party,p0358,3
2568,orchid orangutan; defiant dragonfly,party,p0363,2
2569,orchid orangutan; defiant dragonfly,party,p0364,2
2570,orchid orangutan; defiant dragonfly,party,p0369,1
2571,orchid orangutan; defiant dragonfly,party,p0370,2
2572,orchid orangutan; defiant dragonfly,party,p0371,1
2573,orchid orangutan; defiant dragonfly,party,p0379,1
2574,orchid orangutan; defiant dragonfly,party,p0386,3
2575,orchid orangutan; defiant dragonfly,party,p0396,3
2576,orchid orangutan; defiant dragonfly,party,p0403,3
2577,orchid orangutan; defiant dragonfly,party,p0405,3
2578,orchid orangutan; defiant dragonfly,party,p0412,1
2579,orchid orangutan; defiant dragonfly,party,p0415,1
2580,orchid orangutan; defiant dragonfly,party,p0416,2
2581,orchid orangutan; defiant dragonfly,party,p0417,3
2582,orchid orangutan; defiant dragonfly,party,p0418,2
2583,orchid orangutan; defiant dragonfly,party,p0430,3
2584,orchid orangutan; defiant dragonfly,party,p0431,3
2585,orchid orangutan; defiant dragonfly,party,p0434,1
2586,orchid orangutan; defiant dragonfly,party,p0438,3
2587,orchid orangutan; defiant dragonfly,party,p0441,3
2588,orchid orangutan; defiant dragonfly,party,p0442,3
2589,orchid orangutan; defiant dragonfly,party,p0449,1
2590,orchid orangutan; defiant dragonfly,party,p0450,2
2591,orchid orangutan; defiant dragonfly,party,p0465,3
2592,orchid orangutan; defiant dragonfly,party,p0471,1
2593,orchid orangutan; defiant dragonfly,party,p0477,3
2594,orchid orangutan; defiant dragonfly,party,p0483,3
2595,orchid orangutan; defiant dragonfly,party,p0486,1
2596,orchid orangutan; defiant dragonfly,party,p0487,1
2597,orchid orangutan; defiant dragonfly,party,p0489,3
2598,orchid orangutan; defiant dragonfly,party,p0497,1
2599,orchid orangutan; defiant dragonfly,party,p0502,1
2600,orchid orangutan; defiant dragonfly,party,p0503,3
2601,orchid orangutan; defiant dragonfly,party,p0506,2
2602,orchid orangutan; defiant dragonfly,party,p0511,1
2603,orchid orangutan; defiant dragonfly,party,p0523,3
2604,orchid orangutan; defiant dragonfly,party,p0534,1
2605,orchid orangutan; defiant dragonfly,party,p0536,3
2606,orchid orangutan; defiant dragonfly,party,p0542,1
2607,orchid orangutan; defiant dragonfly,party,p0547,2
2608,orchid orangutan; defiant dragonfly,party,p0553,3
2609,orchid orangutan; defiant dragonfly,party,p0559,2
2610,orchid orangutan; defiant dragonfly,party,p0566,2
2611,orchid orangutan; defiant dragonfly,party,p0568,2
2612,orchid orangutan; defiant dragonfly,party,p0570,3
2613,orchid orangutan; defiant dragonfly,party,p0573,1
2614,orchid orangutan; defiant dragonfly,party,p0578,3
2615,orchid orangutan; defiant dragonfly,party,p0594,2
2616,orchid orangutan; defiant dragonfly,party,p0597,3
2617,orchid orangutan; defiant dragonfly,party,p0601,1
2618,orchid orangutan; defiant dragonfly,party,p0602,3
2619,orchid orangutan; defiant dragonfly,party,p0605,2
2620,orchid orangutan; defiant dragonfly,party,p0615,3
2621,orchid orangutan; defiant dragonfly,party,p0620,3
2622,orchid orangutan; defiant dragonfly,party,p0626,3
2623,orchid orangutan; defiant dragonfly,party,p0629,3
2624,orchid orangutan; defiant dragonfly,party,p0633,2
2625,orchid orangutan; defiant dragonfly,party,p0638,3
2626,orchid orangutan; defiant dragonfly,party,p0639,1
2627,orchid orangutan; defiant dragonfly,party,p0640,1
2628,orchid orangutan; defiant dragonfly,party,p0655,1
2629,orchid orangutan; defiant dragonfly,party,p0656,3
2630,orchid orangutan; defiant dragonfly,party,p0658,1
2631,orchid orangutan; defiant dragonfly,party,p0661,2
2632,orchid orangutan; defiant dragonfly,party,p0669,2
2633,orchid orangutan; defiant dragonfly,party,p0670,3
2634,orchid orangutan; defiant dragonfly,party,p0672,3
2635,orchid orangutan; defiant dragonfly,party,p0674,3
2636,orchid orangutan; defiant dragonfly,party,p0678,3
2637,orchid orangutan; defiant dragonfly,party,p0683,3
2638,orchid orangutan; defiant dragonfly,party,p0686,1
2639,orchid orangutan; defiant dragonfly,party,p0687,3
2640,orchid orangutan; defiant dragonfly,party,p0698,1
2641,orchid orangutan; defiant dragonfly,party,p0700,2
2642,orchid orangutan; defiant dragonfly,party,p0703,2
2643,orchid orangutan; defiant dragonfly,party,p0718,1
2644,orchid orangutan; defiant dragonfly,party,p0744,3
2645,orchid orangutan; defiant dragonfly,party,p0745,1
2646,orchid orangutan; defiant dragonfly,party,p0753,2
2647,orchid orangutan; defiant dragonfly,party,p0770,2
2648,orchid orangutan; defiant dragonfly,party,p0771,3
2649,orchid orangutan; defiant dragonfly,party,p0777,3
2650,orchid orangutan; defiant dragonfly,party,p0779,1
2651,orchid orangutan; defiant dragonfly,party,p0780,1
2652,orchid orangutan; defiant dragonfly,party,p0783,1
2653,orchid orangutan; defiant dragonfly,party,p0785,1
2654,orchid orangutan; defiant dragonfly,party,p0786,2
2655,orchid orangutan; defiant dragonfly,party,p0794,1
2656,orchid orangutan; defiant dragonfly,party,p0798,1
2657,orchid orangutan; defiant dragonfly,party,p0800,3
2658,orchid orangutan; defiant dragonfly,party,p0820,3
2659,orchid orangutan; defiant dragonfly,party,p0841,1
2660,orchid orangutan; defiant dragonfly,party,p0849,2
2661,orchid orangutan; defiant dragonfly,party,p0862,3
2662,orchid orangutan; defiant dragonfly,party,p0867,3
2663,orchid orangutan; defiant dragonfly,party,p0869,3
2664,orchid orangutan; defiant dragonfly,party,p0872,3
2665,orchid orangutan; defiant dragonfly,party,p0880,3
2666,orchid orangutan; defiant dragonfly,party,p0891,1
2667,orchid orangutan; defiant dragonfly,party,p0916,3
2668,orchid orangutan; defiant dragonfly,party,p0917,1
2669,orchid orangutan; defiant dragonfly,party,p0919,3
2670,orchid orangutan; defiant dragonfly,party,p0922,1
2671,orchid orangutan; defiant dragonfly,party,p0925,1
2672,orchid orangutan; defiant dragonfly,party,p0927,3
2673,orchid orangutan; defiant dragonfly,party,p0929,3
2674,orchid orangutan; defiant dragonfly,party,p0930,1
2675,orchid orangutan; defiant dragonfly,party,p0931,1
2676,orchid orangutan; defiant dragonfly,party,p0933,3
2677,orchid orangutan; defiant dragonfly,party,p0934,1
2678,orchid orangutan; defiant dragonfly,party,p0936,3
2679,orchid orangutan; defiant dragonfly,party,p0938,3
2680,orchid orangutan; defiant dragonfly,party,p0939,2
2681,orchid orangutan; defiant dragonfly,party,p0946,2
2682,orchid orangutan; defiant dragonfly,party,p0951,3
2683,orchid orangutan; defiant dragonfly,party,p0956,1
2684,orchid orangutan; defiant dragonfly,party,p0962,1
2685,orchid orangutan; defiant dragonfly,party,p0963,1
2686,orchid orangutan; defiant dragonfly,party,p0969,1
2687,orchid orangutan; defiant dragonfly,party,p0972,2
2688,orchid orangutan; defiant dragonfly,party,p0975,1
2689,orchid orangutan; defiant dragonfly,party,p0985,2
2690,orchid orangutan; defiant dragonfly,party,p0993,3
2691,orchid orangutan; defiant dragonfly,party,p0996,3
2692,orchid orangutan; defiant dragonfly,party,p1011,1
2693,orchid orangutan; defiant dragonfly,party,p1017,2
2694,orchid orangutan; defiant dragonfly,party,p1020,1
2695,orchid orangutan; defiant dragonfly,party,p1022,3
2696,orchid orangutan; defiant dragonfly,party,p1024,1
2697,orchid orangutan; defiant dragonfly,party,p1027,3
2698,orchid orangutan; defiant dragonfly,party,p1028,3
2699,orchid orangutan; defiant dragonfly,party,p1029,2
2700,orchid orangutan; defiant dragonfly,party,p1032,2
2701,orchid orangutan; defiant dragonfly,party,p1040,2
2702,orchid orangutan; defiant dragonfly,party,p1047,2
2703,orchid orangutan; defiant dragonfly,party,p1048,3
2704,orchid orangutan; defiant dragonfly,party,p1053,3
2705,orchid orangutan; defiant dragonfly,party,p1057,1
2706,orchid orangutan; defiant dragonfly,party,p1058,1
2707,orchid orangutan; defiant dragonfly,party,p1063,1
2708,orchid orangutan; defiant dragonfly,party,p1064,3
2709,orchid orangutan; defiant dragonfly,party,p1065,1
2710,orchid orangutan; defiant dragonfly,party,p1069,3
2711,orchid orangutan; defiant dragonfly,party,p1072,2
2712,orchid orangutan; defiant dragonfly,party,p1073,3
2713,orchid orangutan; defiant dragonfly,party,p1075,2
2714,orchid orangutan; defiant dragonfly,party,p1076,2
2715,orchid orangutan; defiant dragonfly,party,p1083,1
2716,orchid orangutan; defiant dragonfly,party,p1089,3
2717,orchid orangutan; defiant dragonfly,party,p1093,3
2718,orchid orangutan; defiant dragonfly,party,p1096,2
2719,orchid orangutan; defiant dragonfly,party,p1100,2
2720,orchid orangutan; defiant dragonfly,party,p1106,3
2721,orchid orangutan; defiant dragonfly,party,p1107,2
2722,orchid orangutan; defiant dragonfly,party,p1113,1
2723,orchid orangutan; defiant dragonfly,party,p1117,1
2724,orchid orangutan; defiant dragonfly,party,p1120,1
2725,orchid orangutan; defiant dragonfly,party,p1134,2
2726,orchid orangutan; defiant dragonfly,party,p1136,1
2727,orchid orangutan; defiant dragonfly,party,p1138,1
2728,orchid orangutan; defiant dragonfly,party,p1144,1
2729,orchid orangutan; defiant dragonfly,party,p1145,3
2730,orchid orangutan; defiant dragonfly,party,p1147,3
2731,orchid orangutan; defiant dragonfly,party,p1148,3
2732,orchid orangutan; defiant dragonfly,party,p1154,3
2733,orchid orangutan; defiant dragonfly,party,p1159,3
2734,orchid orangutan; defiant dragonfly,party,p1167,3
2735,orchid orangutan; defiant dragonfly,party,p1175,3
2736,orchid orangutan; defiant dragonfly,party,p1178,3
2737,orchid orangutan; defiant dragonfly,party,p1184,1
2738,orchid orangutan; defiant dragonfly,party,p1186,3
2739,orchid orangutan; defiant dragonfly,party,p1196,1
2740,orchid orangutan; defiant dragonfly,party,p1197,3
2741,orchid orangutan; defiant dragonfly,party,p1203,3
2742,orchid orangutan; defiant dragonfly,party,p1219,3
2743,orchid orangutan; defiant dragonfly,party,p1225,1
2744,orchid orangutan; defiant dragonfly,party,p1234,2
2745,orchid orangutan; defiant dragonfly,party,p1242,1
2746,orchid orangutan; defiant dragonfly,party,p1244,3
2747,orchid orangutan; defiant dragonfly,party,p1249,2
2748,orchid orangutan; defiant dragonfly,party,p1250,2
2749,orchid orangutan; defiant dragonfly,party,p1256,1
2750,orchid orangutan; defiant dragonfly,party,p1258,1
2751,orchid orangutan; defiant dragonfly,party,p1260,2
2752,orchid orangutan; defiant dragonfly,party,p1262,1
2753,orchid orangutan; defiant dragonfly,party,p1264,2
2754,orchid orangutan; defiant dragonfly,party,p1265,2
2755,orchid orangutan; defiant dragonfly,party,p1269,1
2756,orchid orangutan; defiant dragonfly,party,p1272,1
2757,orchid orangutan; defiant dragonfly,party,p1278,3
2758,orchid orangutan; defiant dragonfly,party,p1281,3
2759,orchid orangutan; defiant dragonfly,party,p1292,1
2760,orchid orangutan; defiant dragonfly,party,p1299,1
2761,orchid orangutan; defiant dragonfly,party,p1312,2
2762,orchid orangutan; defiant dragonfly,party,p1322,3
2763,orchid orangutan; defiant dragonfly,party,p1326,2
2764,orchid orangutan; defiant dragonfly,party,p1330,3
2765,orchid orangutan; defiant dragonfly,party,p1335,1
2766,orchid orangutan; defiant dragonfly,party,p1337,1
2767,orchid orangutan; defiant dragonfly,party,p1340,1
2768,orchid orangutan; defiant dragonfly,party,p1345,1
2769,orchid orangutan; defiant dragonfly,party,p1351,3
2770,orchid orangutan; defiant dragonfly,party,p1355,1
2771,orchid orangutan; defiant dragonfly,party,p1362,1
2772,orchid orangutan; defiant dragonfly,party,p1365,1
2773,orchid orangutan; defiant dragonfly,party,p1366,2
2774,orchid orangutan; defiant dragonfly,party,p1367,1
2775,orchid orangutan; defiant dragonfly,party,p1370,1
2776,orchid orangutan; defiant dragonfly,party,p1371,1
2777,orchid orangutan; defiant dragonfly,party,p1373,1
2778,orchid orangutan; defiant dragonfly,party,p1375,1
2779,orchid orangutan; defiant dragonfly,party,p1376,3
2780,orchid orangutan; defiant dragonfly,party,p1379,3
2781,orchid orangutan; defiant dragonfly,party,p1381,3
2782,orchid orangutan; defiant dragonfly,party,p1393,1
2783,orchid orangutan; defiant dragonfly,party,p1396,3
2784,orchid orangutan; defiant dragonfly,party,p1398,1
2785,orchid orangutan; defiant dragonfly,party,p1404,3
2786,orchid orangutan; defiant dragonfly,party,p1406,1
2787,orchid orangutan; defiant dragonfly,party,p1407,2
2788,orchid orangutan; defiant dragonfly,party,p1409,2
2789,orchid orangutan; defiant dragonfly,party,p1412,2
2790,orchid orangutan; defiant dragonfly,party,p1414,3
2791,orchid orangutan; defiant dragonfly,party,p1424,1
2792,orchid orangutan; defiant dragonfly,party,p1425,1
2793,orchid orangutan; defiant dragonfly,party,p1429,1
2794,orchid orangutan; defiant dragonfly,party,p1434,1
2795,orchid orangutan; defiant dragonfly,party,p1441,3
2796,orchid orangutan; defiant dragonfly,party,p1445,3
2797,orchid orangutan; defiant dragonfly,party,p1450,1
2798,orchid orangutan; defiant dragonfly,party,p1454,2
2799,orchid orangutan; defiant dragonfly,party,p1456,2
2800,orchid orangutan; defiant dragonfly,party,p1457,3
2801,orchid orangutan; defiant dragonfly,party,p1458,3
2802,orchid orangutan; defiant dragonfly,party,p1469,1
2803,orchid orangutan; defiant dragonfly,party,p1470,1
2804,orchid orangutan; defiant dragonfly,party,p1481,3
2805,orchid orangutan; defiant dragonfly,party,p1488,1
2806,orchid orangutan; defiant dragonfly,party,p1492,2
2807,orchid orangutan; defiant dragonfly,party,p1495,1
2808,orchid orangutan; defiant dragonfly,party,p1497,2
2809,orchid orangutan; defiant dragonfly,party,p1499,1
2810,orchid orangutan; defiant dragonfly,party,p1503,3
2811,orchid orangutan; defiant dragonfly,party,p1511,2
2812,orchid orangutan; defiant dragonfly,party,p1512,3
2813,orchid orangutan; defiant dragonfly,party,p1518,2
2814,orchid orangutan; defiant dragonfly,party,p1519,1
2815,orchid orangutan; defiant dragonfly,party,p1520,1
2816,orchid orangutan; defiant dragonfly,party,p1524,1
2817,orchid orangutan; defiant dragonfly,party,p1526,1
2818,orchid orangutan; defiant dragonfly,party,p1537,3
2819,orchid orangutan; defiant dragonfly,party,p1545,3
2820,orchid orangutan; defiant dragonfly,party,p1547,3
2821,orchid orangutan; defiant dragonfly,party,p1552,3
2822,orchid orangutan; defiant dragonfly,party,p1567,2
2823,orchid orangutan; defiant dragonfly,party,p1568,3
2824,orchid orangutan; defiant dragonfly,party,p1579,1
2825,orchid orangutan; defiant dragonfly,party,p1587,3
2826,orchid orangutan; defiant dragonfly,party,p1596,2
2827,orchid orangutan; defiant dragonfly,party,p1600,3
2828,orchid orangutan; defiant dragonfly,party,p1603,3
2829,orchid orangutan; defiant dragonfly,party,p1604,1
2830,orchid orangutan; defiant dragonfly,party,p1610,2
2831,orchid orangutan; defiant dragonfly,party,p1618,1
2832,orchid orangutan; defiant dragonfly,party,p1619,3
2833,orchid orangutan; defiant dragonfly,party,p1622,1
2834,orchid orangutan; defiant dragonfly,party,p1623,1
2835,orchid orangutan; defiant dragonfly,party,p1630,2
2836,orchid orangutan; defiant dragonfly,party,p1641,1
2837,orchid orangutan; defiant dragonfly,party,p1649,2
2838,orchid orangutan; defiant dragonfly,party,p1652,2
2839,orchid orangutan; defiant dragonfly,party,p1665,3
2840,orchid orangutan; defiant dragonfly,party,p1669,1
2841,orchid orangutan; defiant dragonfly,party,p1685,1
2842,orchid orangutan; defiant dragonfly,party,p1693,3
2843,orchid orangutan; defiant dragonfly,party,p1698,2
2844,orchid orangutan; defiant dragonfly,party,p1704,1
2845,orchid orangutan; defiant dragonfly,party,p1711,3
2846,orchid orangutan; defiant dragonfly,party,p1718,1
2847,orchid orangutan; defiant dragonfly,party,p1732,1
2848,orchid orangutan; defiant dragonfly,party,p1739,3
2849,orchid orangutan; defiant dragonfly,party,p1741,1
2850,orchid orangutan; defiant dragonfly,party,p1746,3
2851,orchid orangutan; defiant dragonfly,party,p1751,1
2852,orchid orangutan; defiant dragonfly,party,p1754,3
2853,orchid orangutan; defiant dragonfly,party,p1769,1
2854,orchid orangutan; defiant dragonfly,party,p1771,2
2855,orchid orangutan; defiant dragonfly,party,p1776,3
2856,orchid orangutan; defiant dragonfly,party,p1780,1
2857,orchid orangutan; defiant dragonfly,party,p1785,3
2858,orchid orangutan; defiant dragonfly,party,p1791,2
2859,orchid orangutan; defiant dragonfly,party,p1793,1
2860,orchid orangutan; defiant dragonfly,party,p1796,1
2861,orchid orangutan; defiant dragonfly,party,p1805,2
2862,orchid orangutan; defiant dragonfly,party,p1812,2
2863,orchid orangutan; defiant dragonfly,party,p1816,2
2864,orchid orangutan; defiant dragonfly,party,p1819,3
2865,orchid orangutan; defiant dragonfly,party,p1825,3
2866,orchid orangutan; defiant dragonfly,party,p1836,1
2867,orchid orangutan; defiant dragonfly,party,p1839,1
2868,orchid orangutan; defiant dragonfly,party,p1861,2
2869,orchid orangutan; defiant dragonfly,party,p1863,3
2870,orchid orangutan; defiant dragonfly,party,p1873,3
2871,orchid orangutan; defiant dragonfly,party,p1875,1
2872,orchid orangutan; defiant dragonfly,party,p1876,3
2873,orchid orangutan; defiant dragonfly,party,p1877,3
2874,orchid orangutan; defiant dragonfly,party,p1880,1
2875,orchid orangutan; defiant dragonfly,party,p1883,1
2876,orchid orangutan; defiant dragonfly,party,p1889,1
2877,orchid orangutan; defiant dragonfly,party,p1893,3
2878,orchid orangutan; defiant dragonfly,party,p1896,2
2879,orchid orangutan; defiant dragonfly,party,p1913,1
2880,orchid orangutan; defiant dragonfly,party,p1922,1
2881,orchid orangutan; defiant dragonfly,party,p1930,1
2882,orchid orangutan; defiant dragonfly,party,p1935,1
2883,orchid orangutan; defiant dragonfly,party,p1940,3
2884,orchid orangutan; defiant dragonfly,party,p1948,1
2885,orchid orangutan; defiant dragonfly,party,p1950,2
2886,orchid orangutan; defiant dragonfly,party,p1954,2
2887,orchid orangutan; defiant dragonfly,party,p1956,2
2888,orchid orangutan; defiant dragonfly,party,p1958,1
2889,orchid orangutan; defiant dragonfly,party,p1967,1
2890,orchid orangutan; defiant dragonfly,party,p1973,3
2891,orchid orangutan; defiant dragonfly,party,p1978,1
2892,orchid orangutan; defiant dragonfly,party,p1983,2
2893,orchid orangutan; defiant dragonfly,party,p1984,3
2894,orchid orangutan; defiant dragonfly,party,p1995,1
2895,orchid orangutan; defiant dragonfly,party,p1996,1
2896,orchid orangutan; defiant dragonfly,party,p1997,1
2897,orchid orangutan; defiant dragonfly,party,p2001,3
2898,orchid orangutan; defiant dragonfly,party,p2002,3
2899,orchid orangutan; defiant dragonfly,party,p2013,3
2900,orchid orangutan; defiant dragonfly,party,p2014,1
2901,orchid orangutan; defiant dragonfly,party,p2016,3
2902,orchid orangutan; defiant dragonfly,party,p2018,1
2903,orchid orangutan; defiant dragonfly,party,p2023,3
2904,orchid orangutan; defiant dragonfly,party,p2025,1
2905,orchid orangutan; defiant dragonfly,party,p2028,3
2906,orchid orangutan; defiant dragonfly,party,p2030,3
2907,orchid orangutan; defiant dragonfly,party,p2033,3
2908,orchid orangutan; defiant dragonfly,party,p2040,3
2909,orchid orangutan; defiant dragonfly,party,p2051,3
2910,orchid orangutan; defiant dragonfly,party,p2052,1
2911,orchid orangutan; defiant dragonfly,party,p2066,3
2912,orchid orangutan; defiant dragonfly,party,p2067,1
2913,orchid orangutan; defiant dragonfly,party,p2073,2
2914,orchid orangutan; defiant dragonfly,party,p2077,1
2915,orchid orangutan; defiant dragonfly,party,p2078,3
2916,orchid orangutan; defiant dragonfly,party,p2086,3
2917,orchid orangutan; defiant dragonfly,party,p2089,1
2918,orchid orangutan; defiant dragonfly,party,p2093,1
2919,orchid orangutan; defiant dragonfly,party,p2094,2
2920,orchid orangutan; defiant dragonfly,party,p2111,1
2921,orchid orangutan; defiant dragonfly,party,p2117,3
2922,orchid orangutan; defiant dragonfly,party,p2121,3
2923,orchid orangutan; defiant dragonfly,party,p2127,1
2924,orchid orangutan; defiant dragonfly,party,p2141,2
2925,orchid orangutan; defiant dragonfly,party,p2142,2
2926,orchid orangutan; defiant dragonfly,party,p2143,1
2927,orchid orangutan; defiant dragonfly,party,p2153,3
2928,orchid orangutan; defiant dragonfly,party,p2155,3
2929,orchid orangutan; defiant dragonfly,party,p2169,1
2930,orchid orangutan; defiant dragonfly,party,p2187,3
2931,orchid orangutan; defiant dragonfly,party,p2188,3
2932,orchid orangutan; defiant dragonfly,party,p2197,1
2933,orchid orangutan; defiant dragonfly,party,p2213,2
2934,orchid orangutan; defiant dragonfly,party,p2214,2
2935,orchid orangutan; defiant dragonfly,party,p2215,1
2936,orchid orangutan; defiant dragonfly,party,p2220,2
2937,orchid orangutan; defiant dragonfly,party,p2223,2
2938,orchid orangutan; defiant dragonfly,party,p2229,2
2939,orchid orangutan; defiant dragonfly,party,p2234,3
2940,orchid orangutan; defiant dragonfly,party,p2237,3
2941,orchid orangutan; defiant dragonfly,party,p2238,1
2942,orchid orangutan; defiant dragonfly,party,p2244,3
2943,orchid orangutan; defiant dragonfly,party,p2248,3
2944,orchid orangutan; defiant dragonfly,party,p2252,3
2945,orchid orangutan; defiant dragonfly,party,p2255,1
2946,orchid orangutan; defiant dragonfly,party,p2261,1
2947,orchid orangutan; defiant dragonfly,party,p2263,3
2948,orchid orangutan; defiant dragonfly,party,p2273,3
2949,orchid orangutan; defiant dragonfly,party,p2275,3
2950,orchid orangutan; defiant dragonfly,party,p2276,3
2951,orchid orangutan; defiant dragonfly,party,p2283,3
2952,orchid orangutan; defiant dragonfly,party,p2287,3
2953,orchid orangutan; defiant dragonfly,party,p2296,3
2954,orchid orangutan; defiant dragonfly,party,p2298,2
2955,orchid orangutan; defiant dragonfly,party,p2304,3
2956,orchid orangutan; defiant dragonfly,party,p2310,3
2957,orchid orangutan; defiant dragonfly,party,p2322,2
2958,orchid orangutan; defiant dragonfly,party,p2326,1
2959,orchid orangutan; defiant dragonfly,party,p2330,1
2960,orchid orangutan; defiant dragonfly,party,p2331,3
2961,orchid orangutan; defiant dragonfly,party,p2333,1
2962,orchid orangutan; defiant dragonfly,party,p2347,3
2963,orchid orangutan; defiant dragonfly,party,p2350,2
2964,orchid orangutan; defiant dragonfly,party,p2351,1
2965,orchid orangutan; defiant dragonfly,party,p2353,3
2966,orchid orangutan; defiant dragonfly,party,p2355,3
2967,orchid orangutan; defiant dragonfly,party,p2363,3
2968,orchid orangutan; defiant dragonfly,party,p2378,2
2969,orchid orangutan; defiant dragonfly,party,p2380,3
2970,orchid orangutan; defiant dragonfly,party,p2387,3
2971,orchid orangutan; defiant dragonfly,party,p2398,1
2972,orchid orangutan; defiant dragonfly,party,p2400,3
2973,orchid orangutan; defiant dragonfly,party,p2403,3
2974,orchid orangutan; defiant dragonfly,party,p2408,3
2975,orchid orangutan; defiant dragonfly,party,p2418,3
2976,orchid orangutan; defiant dragonfly,party,p2426,3
2977,orchid orangutan; defiant dragonfly,party,p2428,2
2978,orchid orangutan; defiant dragonfly,party,p2434,3
2979,orchid orangutan; defiant dragonfly,party,p2446,3
2980,orchid orangutan; defiant dragonfly,party,p2452,1
2981,orchid orangutan; defiant dragonfly,party,p2454,2
2982,orchid orangutan; defiant dragonfly,party,p2462,3
2983,orchid orangutan; defiant dragonfly,party,p2467,1
2984,orchid orangutan; defiant dragonfly,party,p2482,2
2985,orchid orangutan; defiant dragonfly,party,p2489,1
2986,orchid orangutan; defiant dragonfly,party,p2490,3
2987,orchid orangutan; defiant dragonfly,party,p2494,1
2988,orchid orangutan; defiant dragonfly,party,p2502,3
2989,orchid orangutan; defiant dragonfly,party,p2503,3
2990,orchid orangutan; defiant dragonfly,party,p2522,1
2991,orchid orangutan; defiant dragonfly,party,p2524,3
2992,orchid orangutan; defiant dragonfly,party,p2533,3
2993,orchid orangutan; defiant dragonfly,party,p2566,3
2994,orchid orangutan; defiant dragonfly,party,p2571,3
2995,orchid orangutan; defiant dragonfly,party,p2573,2
2996,orchid orangutan; defiant dragonfly,party,p2582,1
2997,orchid orangutan; defiant dragonfly,party,p2591,1
2998,orchid orangutan; defiant dragonfly,party,p2592,2
2999,orchid orangutan; defiant dragonfly,party,p2595,3
