,condition,outcome,persona,response
0,perfect prawn,trust_competent_1,p0016,78
1,perfect prawn,trust_competent_1,p0022,78
2,perfect prawn,trust_competent_1,p0023,78
3,perfect prawn,trust_competent_1,p0026,78
4,perfect prawn,trust_competent_1,p0034,68
5,perfect prawn,trust_competent_1,p0036,68
6,perfect prawn,trust_competent_1,p0037,78
7,perfect prawn,trust_competent_1,p0042,75
8,perfect prawn,trust_competent_1,p0057,65
9,perfect prawn,trust_competent_1,p0066,78
10,perfect prawn,trust_competent_1,p0069,45
11,perfect prawn,trust_competent_1,p0072,78
12,perfect prawn,trust_competent_1,p0073,68
13,perfect prawn,trust_competent_1,p0082,75
14,perfect prawn,trust_competent_1,p0091,75
15,perfect prawn,trust_competent_1,p0092,68
16,perfect prawn,trust_competent_1,p0093,75
17,perfect prawn,trust_competent_1,p0095,75
18,perfect prawn,trust_competent_1,p0107,68
19,perfect prawn,trust_competent_1,p0114,78
20,perfect prawn,trust_competent_1,p0116,62
21,perfect prawn,trust_competent_1,p0118,68
22,perfect prawn,trust_competent_1,p0119,78
23,perfect prawn,trust_competent_1,p0126,75
24,perfect prawn,trust_competent_1,p0129,78
25,perfect prawn,trust_competent_1,p0136,68
26,perfect prawn,trust_competent_1,p0138,65
27,perfect prawn,trust_competent_1,p0144,68
28,perfect prawn,trust_competent_1,p0150,62
29,perfect prawn,trust_competent_1,p0152,68
30,perfect prawn,trust_competent_1,p0158,55
31,perfect prawn,trust_competent_1,p0161,75
32,perfect prawn,trust_competent_1,p0164,65
33,perfect prawn,trust_competent_1,p0175,78
34,perfect prawn,trust_competent_1,p0177,75
35,perfect prawn,trust_competent_1,p0178,78
36,perfect prawn,trust_competent_1,p0181,45
37,perfect prawn,trust_competent_1,p0186,68
38,perfect prawn,trust_competent_1,p0196,68
39,perfect prawn,trust_competent_1,p0198,78
40,perfect prawn,trust_competent_1,p0202,78
41,perfect prawn,trust_competent_1,p0205,65
42,perfect prawn,trust_competent_1,p0207,55
43,perfect prawn,trust_competent_1,p0211,65
44,perfect prawn,trust_competent_1,p0227,78
45,perfect prawn,trust_competent_1,p0229,68
46,perfect prawn,trust_competent_1,p0232,75
47,perfect prawn,trust_competent_1,p0233,65
48,perfect prawn,trust_competent_1,p0237,78
49,perfect prawn,trust_competent_1,p0258,75
50,perfect prawn,trust_competent_1,p0268,45
51,perfect prawn,trust_competent_1,p0274,75
52,perfect prawn,trust_competent_1,p0275,45
53,perfect prawn,trust_competent_1,p0277,62
54,perfect prawn,trust_competent_1,p0288,75
55,perfect prawn,trust_competent_1,p0291,75
56,perfect prawn,trust_competent_1,p0307,68
57,perfect prawn,trust_competent_1,p0308,75
58,perfect prawn,trust_competent_1,p0317,45
59,perfect prawn,trust_competent_1,p0325,78
60,perfect prawn,trust_competent_1,p0327,78
61,perfect prawn,trust_competent_1,p0334,78
62,perfect prawn,trust_competent_1,p0336,75
63,perfect prawn,trust_competent_1,p0338,45
64,perfect prawn,trust_competent_1,p0342,75
65,perfect prawn,trust_competent_1,p0349,65
66,perfect prawn,trust_competent_1,p0356,68
67,perfect prawn,trust_competent_1,p0358,75
68,perfect prawn,trust_competent_1,p0363,78
69,perfect prawn,trust_competent_1,p0364,78
70,perfect prawn,trust_competent_1,p0369,78
71,perfect prawn,trust_competent_1,p0370,62
72,perfect prawn,trust_competent_1,p0371,68
73,perfect prawn,trust_competent_1,p0379,68
74,perfect prawn,trust_competent_1,p0386,78
75,perfect prawn,trust_competent_1,p0396,78
76,perfect prawn,trust_competent_1,p0403,68
77,perfect prawn,trust_competent_1,p0405,75
78,perfect prawn,trust_competent_1,p0412,78
79,perfect prawn,trust_competent_1,p0415,45
80,perfect prawn,trust_competent_1,p0416,72
81,perfect prawn,trust_competent_1,p0417,75
82,perfect prawn,trust_competent_1,p0418,68
83,perfect prawn,trust_competent_1,p0430,78
84,perfect prawn,trust_competent_1,p0431,78
85,perfect prawn,trust_competent_1,p0434,35
86,perfect prawn,trust_competent_1,p0438,75
87,perfect prawn,trust_competent_1,p0441,78
88,perfect prawn,trust_competent_1,p0442,45
89,perfect prawn,trust_competent_1,p0449,65
90,perfect prawn,trust_competent_1,p0450,78
91,perfect prawn,trust_competent_1,p0465,62
92,perfect prawn,trust_competent_1,p0471,78
93,perfect prawn,trust_competent_1,p0477,68
94,perfect prawn,trust_competent_1,p0483,72
95,perfect prawn,trust_competent_1,p0486,78
96,perfect prawn,trust_competent_1,p0487,75
97,perfect prawn,trust_competent_1,p0489,75
98,perfect prawn,trust_competent_1,p0497,65
99,perfect prawn,trust_competent_1,p0502,68
100,perfect prawn,trust_competent_1,p0503,78
101,perfect prawn,trust_competent_1,p0506,68
102,perfect prawn,trust_competent_1,p0511,78
103,perfect prawn,trust_competent_1,p0523,72
104,perfect prawn,trust_competent_1,p0534,78
105,perfect prawn,trust_competent_1,p0536,72
106,perfect prawn,trust_competent_1,p0542,45
107,perfect prawn,trust_competent_1,p0547,75
108,perfect prawn,trust_competent_1,p0553,78
109,perfect prawn,trust_competent_1,p0559,75
110,perfect prawn,trust_competent_1,p0566,72
111,perfect prawn,trust_competent_1,p0568,68
112,perfect prawn,trust_competent_1,p0570,45
113,perfect prawn,trust_competent_1,p0573,68
114,perfect prawn,trust_competent_1,p0578,68
115,perfect prawn,trust_competent_1,p0594,55
116,perfect prawn,trust_competent_1,p0597,75
117,perfect prawn,trust_competent_1,p0601,75
118,perfect prawn,trust_competent_1,p0602,65
119,perfect prawn,trust_competent_1,p0605,68
120,perfect prawn,trust_competent_1,p0615,68
121,perfect prawn,trust_competent_1,p0620,75
122,perfect prawn,trust_competent_1,p0626,78
123,perfect prawn,trust_competent_1,p0629,78
124,perfect prawn,trust_competent_1,p0633,68
125,perfect prawn,trust_competent_1,p0638,78
126,perfect prawn,trust_competent_1,p0639,68
127,perfect prawn,trust_competent_1,p0640,68
128,perfect prawn,trust_competent_1,p0655,75
129,perfect prawn,trust_competent_1,p0656,78
130,perfect prawn,trust_competent_1,p0658,65
131,perfect prawn,trust_competent_1,p0661,65
132,perfect prawn,trust_competent_1,p0669,78
133,perfect prawn,trust_competent_1,p0670,62
134,perfect prawn,trust_competent_1,p0672,68
135,perfect prawn,trust_competent_1,p0674,78
136,perfect prawn,trust_competent_1,p0678,78
137,perfect prawn,trust_competent_1,p0683,75
138,perfect prawn,trust_competent_1,p0686,65
139,perfect prawn,trust_competent_1,p0687,75
140,perfect prawn,trust_competent_1,p0698,68
141,perfect prawn,trust_competent_1,p0700,68
142,perfect prawn,trust_competent_1,p0703,65
143,perfect prawn,trust_competent_1,p0718,68
144,perfect prawn,trust_competent_1,p0744,78
145,perfect prawn,trust_competent_1,p0745,75
146,perfect prawn,trust_competent_1,p0753,62
147,perfect prawn,trust_competent_1,p0770,78
148,perfect prawn,trust_competent_1,p0771,75
149,perfect prawn,trust_competent_1,p0777,78
150,perfect prawn,trust_competent_1,p0779,78
151,perfect prawn,trust_competent_1,p0780,68
152,perfect prawn,trust_competent_1,p0783,65
153,perfect prawn,trust_competent_1,p0785,68
154,perfect prawn,trust_competent_1,p0786,55
155,perfect prawn,trust_competent_1,p0794,35
156,perfect prawn,trust_competent_1,p0798,45
157,perfect prawn,trust_competent_1,p0800,78
158,perfect prawn,trust_competent_1,p0820,55
159,perfect prawn,trust_competent_1,p0841,65
160,perfect prawn,trust_competent_1,p0849,68
161,perfect prawn,trust_competent_1,p0862,78
162,perfect prawn,trust_competent_1,p0867,75
163,perfect prawn,trust_competent_1,p0869,78
164,perfect prawn,trust_competent_1,p0872,75
165,perfect prawn,trust_competent_1,p0880,75
166,perfect prawn,trust_competent_1,p0891,68
167,perfect prawn,trust_competent_1,p0916,78
168,perfect prawn,trust_competent_1,p0917,78
169,perfect prawn,trust_competent_1,p0919,78
170,perfect prawn,trust_competent_1,p0922,65
171,perfect prawn,trust_competent_1,p0925,68
172,perfect prawn,trust_competent_1,p0927,75
173,perfect prawn,trust_competent_1,p0929,72
174,perfect prawn,trust_competent_1,p0930,65
175,perfect prawn,trust_competent_1,p0931,45
176,perfect prawn,trust_competent_1,p0933,68
177,perfect prawn,trust_competent_1,p0934,68
178,perfect prawn,trust_competent_1,p0936,75
179,perfect prawn,trust_competent_1,p0938,78
180,perfect prawn,trust_competent_1,p0939,68
181,perfect prawn,trust_competent_1,p0946,68
182,perfect prawn,trust_competent_1,p0951,68
183,perfect prawn,trust_competent_1,p0956,75
184,perfect prawn,trust_competent_1,p0962,75
185,perfect prawn,trust_competent_1,p0963,78
186,perfect prawn,trust_competent_1,p0969,68
187,perfect prawn,trust_competent_1,p0972,68
188,perfect prawn,trust_competent_1,p0975,65
189,perfect prawn,trust_competent_1,p0985,45
190,perfect prawn,trust_competent_1,p0993,75
191,perfect prawn,trust_competent_1,p0996,65
192,perfect prawn,trust_competent_1,p1011,68
193,perfect prawn,trust_competent_1,p1017,45
194,perfect prawn,trust_competent_1,p1020,68
195,perfect prawn,trust_competent_1,p1022,78
196,perfect prawn,trust_competent_1,p1024,45
197,perfect prawn,trust_competent_1,p1027,78
198,perfect prawn,trust_competent_1,p1028,78
199,perfect prawn,trust_competent_1,p1029,45
200,perfect prawn,trust_competent_1,p1032,68
201,perfect prawn,trust_competent_1,p1040,75
202,perfect prawn,trust_competent_1,p1047,65
203,perfect prawn,trust_competent_1,p1048,65
204,perfect prawn,trust_competent_1,p1053,68
205,perfect prawn,trust_competent_1,p1057,68
206,perfect prawn,trust_competent_1,p1058,68
207,perfect prawn,trust_competent_1,p1063,45
208,perfect prawn,trust_competent_1,p1064,75
209,perfect prawn,trust_competent_1,p1065,68
210,perfect prawn,trust_competent_1,p1069,65
211,perfect prawn,trust_competent_1,p1072,78
212,perfect prawn,trust_competent_1,p1073,68
213,perfect prawn,trust_competent_1,p1075,78
214,perfect prawn,trust_competent_1,p1076,45
215,perfect prawn,trust_competent_1,p1083,68
216,perfect prawn,trust_competent_1,p1089,75
217,perfect prawn,trust_competent_1,p1093,78
218,perfect prawn,trust_competent_1,p1096,78
219,perfect prawn,trust_competent_1,p1100,65
220,perfect prawn,trust_competent_1,p1106,75
221,perfect prawn,trust_competent_1,p1107,65
222,perfect prawn,trust_competent_1,p1113,65
223,perfect prawn,trust_competent_1,p1117,35
224,perfect prawn,trust_competent_1,p1120,68
225,perfect prawn,trust_competent_1,p1134,72
226,perfect prawn,trust_competent_1,p1136,55
227,perfect prawn,trust_competent_1,p1138,78
228,perfect prawn,trust_competent_1,p1144,65
229,perfect prawn,trust_competent_1,p1145,78
230,perfect prawn,trust_competent_1,p1147,78
231,perfect prawn,trust_competent_1,p1148,78
232,perfect prawn,trust_competent_1,p1154,78
233,perfect prawn,trust_competent_1,p1159,75
234,perfect prawn,trust_competent_1,p1167,75
235,perfect prawn,trust_competent_1,p1175,78
236,perfect prawn,trust_competent_1,p1178,68
237,perfect prawn,trust_competent_1,p1184,68
238,perfect prawn,trust_competent_1,p1186,78
239,perfect prawn,trust_competent_1,p1196,65
240,perfect prawn,trust_competent_1,p1197,65
241,perfect prawn,trust_competent_1,p1203,75
242,perfect prawn,trust_competent_1,p1219,62
243,perfect prawn,trust_competent_1,p1225,68
244,perfect prawn,trust_competent_1,p1234,75
245,perfect prawn,trust_competent_1,p1242,68
246,perfect prawn,trust_competent_1,p1244,78
247,perfect prawn,trust_competent_1,p1249,68
248,perfect prawn,trust_competent_1,p1250,75
249,perfect prawn,trust_competent_1,p1256,72
250,perfect prawn,trust_competent_1,p1258,78
251,perfect prawn,trust_competent_1,p1260,55
252,perfect prawn,trust_competent_1,p1262,65
253,perfect prawn,trust_competent_1,p1264,68
254,perfect prawn,trust_competent_1,p1265,78
255,perfect prawn,trust_competent_1,p1269,68
256,perfect prawn,trust_competent_1,p1272,78
257,perfect prawn,trust_competent_1,p1278,78
258,perfect prawn,trust_competent_1,p1281,68
259,perfect prawn,trust_competent_1,p1292,68
260,perfect prawn,trust_competent_1,p1299,68
261,perfect prawn,trust_competent_1,p1312,68
262,perfect prawn,trust_competent_1,p1322,78
263,perfect prawn,trust_competent_1,p1326,75
264,perfect prawn,trust_competent_1,p1330,75
265,perfect prawn,trust_competent_1,p1335,78
266,perfect prawn,trust_competent_1,p1337,75
267,perfect prawn,trust_competent_1,p1340,78
268,perfect prawn,trust_competent_1,p1345,75
269,perfect prawn,trust_competent_1,p1351,65
270,perfect prawn,trust_competent_1,p1355,65
271,perfect prawn,trust_competent_1,p1362,65
272,perfect prawn,trust_competent_1,p1365,65
273,perfect prawn,trust_competent_1,p1366,65
274,perfect prawn,trust_competent_1,p1367,68
275,perfect prawn,trust_competent_1,p1370,75
276,perfect prawn,trust_competent_1,p1371,82
277,perfect prawn,trust_competent_1,p1373,75
278,perfect prawn,trust_competent_1,p1375,68
279,perfect prawn,trust_competent_1,p1376,65
280,perfect prawn,trust_competent_1,p1379,68
281,perfect prawn,trust_competent_1,p1381,65
282,perfect prawn,trust_competent_1,p1393,75
283,perfect prawn,trust_competent_1,p1396,78
284,perfect prawn,trust_competent_1,p1398,68
285,perfect prawn,trust_competent_1,p1404,75
286,perfect prawn,trust_competent_1,p1406,72
287,perfect prawn,trust_competent_1,p1407,65
288,perfect prawn,trust_competent_1,p1409,68
289,perfect prawn,trust_competent_1,p1412,75
290,perfect prawn,trust_competent_1,p1414,78
291,perfect prawn,trust_competent_1,p1424,68
292,perfect prawn,trust_competent_1,p1425,68
293,perfect prawn,trust_competent_1,p1429,65
294,perfect prawn,trust_competent_1,p1434,75
295,perfect prawn,trust_competent_1,p1441,65
296,perfect prawn,trust_competent_1,p1445,68
297,perfect prawn,trust_competent_1,p1450,75
298,perfect prawn,trust_competent_1,p1454,75
299,perfect prawn,trust_competent_1,p1456,45
300,perfect prawn,trust_competent_1,p1457,68
301,perfect prawn,trust_competent_1,p1458,78
302,perfect prawn,trust_competent_1,p1469,72
303,perfect prawn,trust_competent_1,p1470,68
304,perfect prawn,trust_competent_1,p1481,78
305,perfect prawn,trust_competent_1,p1488,72
306,perfect prawn,trust_competent_1,p1492,68
307,perfect prawn,trust_competent_1,p1495,75
308,perfect prawn,trust_competent_1,p1497,75
309,perfect prawn,trust_competent_1,p1499,68
310,perfect prawn,trust_competent_1,p1503,78
311,perfect prawn,trust_competent_1,p1511,75
312,perfect prawn,trust_competent_1,p1512,68
313,perfect prawn,trust_competent_1,p1518,65
314,perfect prawn,trust_competent_1,p1519,68
315,perfect prawn,trust_competent_1,p1520,65
316,perfect prawn,trust_competent_1,p1524,75
317,perfect prawn,trust_competent_1,p1526,75
318,perfect prawn,trust_competent_1,p1537,75
319,perfect prawn,trust_competent_1,p1545,78
320,perfect prawn,trust_competent_1,p1547,75
321,perfect prawn,trust_competent_1,p1552,75
322,perfect prawn,trust_competent_1,p1567,75
323,perfect prawn,trust_competent_1,p1568,68
324,perfect prawn,trust_competent_1,p1579,35
325,perfect prawn,trust_competent_1,p1587,45
326,perfect prawn,trust_competent_1,p1596,55
327,perfect prawn,trust_competent_1,p1600,78
328,perfect prawn,trust_competent_1,p1603,68
329,perfect prawn,trust_competent_1,p1604,75
330,perfect prawn,trust_competent_1,p1610,68
331,perfect prawn,trust_competent_1,p1618,45
332,perfect prawn,trust_competent_1,p1619,78
333,perfect prawn,trust_competent_1,p1622,78
334,perfect prawn,trust_competent_1,p1623,45
335,perfect prawn,trust_competent_1,p1630,45
336,perfect prawn,trust_competent_1,p1641,68
337,perfect prawn,trust_competent_1,p1649,65
338,perfect prawn,trust_competent_1,p1652,68
339,perfect prawn,trust_competent_1,p1665,65
340,perfect prawn,trust_competent_1,p1669,55
341,perfect prawn,trust_competent_1,p1685,65
342,perfect prawn,trust_competent_1,p1693,72
343,perfect prawn,trust_competent_1,p1698,68
344,perfect prawn,trust_competent_1,p1704,68
345,perfect prawn,trust_competent_1,p1711,78
346,perfect prawn,trust_competent_1,p1718,45
347,perfect prawn,trust_competent_1,p1732,55
348,perfect prawn,trust_competent_1,p1739,75
349,perfect prawn,trust_competent_1,p1741,78
350,perfect prawn,trust_competent_1,p1746,55
351,perfect prawn,trust_competent_1,p1751,45
352,perfect prawn,trust_competent_1,p1754,75
353,perfect prawn,trust_competent_1,p1769,75
354,perfect prawn,trust_competent_1,p1771,75
355,perfect prawn,trust_competent_1,p1776,65
356,perfect prawn,trust_competent_1,p1780,75
357,perfect prawn,trust_competent_1,p1785,68
358,perfect prawn,trust_competent_1,p1791,78
359,perfect prawn,trust_competent_1,p1793,75
360,perfect prawn,trust_competent_1,p1796,68
361,perfect prawn,trust_competent_1,p1805,68
362,perfect prawn,trust_competent_1,p1812,78
363,perfect prawn,trust_competent_1,p1816,65
364,perfect prawn,trust_competent_1,p1819,75
365,perfect prawn,trust_competent_1,p1825,75
366,perfect prawn,trust_competent_1,p1836,75
367,perfect prawn,trust_competent_1,p1839,75
368,perfect prawn,trust_competent_1,p1861,68
369,perfect prawn,trust_competent_1,p1863,75
370,perfect prawn,trust_competent_1,p1873,68
371,perfect prawn,trust_competent_1,p1875,68
372,perfect prawn,trust_competent_1,p1876,78
373,perfect prawn,trust_competent_1,p1877,75
374,perfect prawn,trust_competent_1,p1880,65
375,perfect prawn,trust_competent_1,p1883,55
376,perfect prawn,trust_competent_1,p1889,45
377,perfect prawn,trust_competent_1,p1893,75
378,perfect prawn,trust_competent_1,p1896,75
379,perfect prawn,trust_competent_1,p1913,68
380,perfect prawn,trust_competent_1,p1922,85
381,perfect prawn,trust_competent_1,p1930,78
382,perfect prawn,trust_competent_1,p1935,78
383,perfect prawn,trust_competent_1,p1940,75
384,perfect prawn,trust_competent_1,p1948,65
385,perfect prawn,trust_competent_1,p1950,68
386,perfect prawn,trust_competent_1,p1954,65
387,perfect prawn,trust_competent_1,p1956,55
388,perfect prawn,trust_competent_1,p1958,75
389,perfect prawn,trust_competent_1,p1967,78
390,perfect prawn,trust_competent_1,p1973,85
391,perfect prawn,trust_competent_1,p1978,75
392,perfect prawn,trust_competent_1,p1983,62
393,perfect prawn,trust_competent_1,p1984,65
394,perfect prawn,trust_competent_1,p1995,68
395,perfect prawn,trust_competent_1,p1996,65
396,perfect prawn,trust_competent_1,p1997,68
397,perfect prawn,trust_competent_1,p2001,78
398,perfect prawn,trust_competent_1,p2002,65
399,perfect prawn,trust_competent_1,p2013,78
400,perfect prawn,trust_competent_1,p2014,65
401,perfect prawn,trust_competent_1,p2016,75
402,perfect prawn,trust_competent_1,p2018,55
403,perfect prawn,trust_competent_1,p2023,78
404,perfect prawn,trust_competent_1,p2025,75
405,perfect prawn,trust_competent_1,p2028,68
406,perfect prawn,trust_competent_1,p2030,78
407,perfect prawn,trust_competent_1,p2033,75
408,perfect prawn,trust_competent_1,p2040,45
409,perfect prawn,trust_competent_1,p2051,65
410,perfect prawn,trust_competent_1,p2052,68
411,perfect prawn,trust_competent_1,p2066,65
412,perfect prawn,trust_competent_1,p2067,75
413,perfect prawn,trust_competent_1,p2073,78
414,perfect prawn,trust_competent_1,p2077,68
415,perfect prawn,trust_competent_1,p2078,68
416,perfect prawn,trust_competent_1,p2086,75
417,perfect prawn,trust_competent_1,p2089,75
418,perfect prawn,trust_competent_1,p2093,35
419,perfect prawn,trust_competent_1,p2094,78
420,perfect prawn,trust_competent_1,p2111,68
421,perfect prawn,trust_competent_1,p2117,78
422,perfect prawn,trust_competent_1,p2121,78
423,perfect prawn,trust_competent_1,p2127,68
424,perfect prawn,trust_competent_1,p2141,65
425,perfect prawn,trust_competent_1,p2142,45
426,perfect prawn,trust_competent_1,p2143,78
427,perfect prawn,trust_competent_1,p2153,68
428,perfect prawn,trust_competent_1,p2155,68
429,perfect prawn,trust_competent_1,p2169,45
430,perfect prawn,trust_competent_1,p2187,75
431,perfect prawn,trust_competent_1,p2188,75
432,perfect prawn,trust_competent_1,p2197,68
433,perfect prawn,trust_competent_1,p2213,68
434,perfect prawn,trust_competent_1,p2214,72
435,perfect prawn,trust_competent_1,p2215,78
436,perfect prawn,trust_competent_1,p2220,72
437,perfect prawn,trust_competent_1,p2223,68
438,perfect prawn,trust_competent_1,p2229,68
439,perfect prawn,trust_competent_1,p2234,75
440,perfect prawn,trust_competent_1,p2237,78
441,perfect prawn,trust_competent_1,p2238,75
442,perfect prawn,trust_competent_1,p2244,72
443,perfect prawn,trust_competent_1,p2248,68
444,perfect prawn,trust_competent_1,p2252,78
445,perfect prawn,trust_competent_1,p2255,35
446,perfect prawn,trust_competent_1,p2261,45
447,perfect prawn,trust_competent_1,p2263,78
448,perfect prawn,trust_competent_1,p2273,68
449,perfect prawn,trust_competent_1,p2275,72
450,perfect prawn,trust_competent_1,p2276,68
451,perfect prawn,trust_competent_1,p2283,45
452,perfect prawn,trust_competent_1,p2287,75
453,perfect prawn,trust_competent_1,p2296,55
454,perfect prawn,trust_competent_1,p2298,65
455,perfect prawn,trust_competent_1,p2304,75
456,perfect prawn,trust_competent_1,p2310,62
457,perfect prawn,trust_competent_1,p2322,55
458,perfect prawn,trust_competent_1,p2326,72
459,perfect prawn,trust_competent_1,p2330,68
460,perfect prawn,trust_competent_1,p2331,75
461,perfect prawn,trust_competent_1,p2333,68
462,perfect prawn,trust_competent_1,p2347,75
463,perfect prawn,trust_competent_1,p2350,65
464,perfect prawn,trust_competent_1,p2351,68
465,perfect prawn,trust_competent_1,p2353,75
466,perfect prawn,trust_competent_1,p2355,65
467,perfect prawn,trust_competent_1,p2363,65
468,perfect prawn,trust_competent_1,p2378,78
469,perfect prawn,trust_competent_1,p2380,78
470,perfect prawn,trust_competent_1,p2387,72
471,perfect prawn,trust_competent_1,p2398,72
472,perfect prawn,trust_competent_1,p2400,78
473,perfect prawn,trust_competent_1,p2403,75
474,perfect prawn,trust_competent_1,p2408,45
475,perfect prawn,trust_competent_1,p2418,72
476,perfect prawn,trust_competent_1,p2426,75
477,perfect prawn,trust_competent_1,p2428,62
478,perfect prawn,trust_competent_1,p2434,78
479,perfect prawn,trust_competent_1,p2446,45
480,perfect prawn,trust_competent_1,p2452,65
481,perfect prawn,trust_competent_1,p2454,68
482,perfect prawn,trust_competent_1,p2462,72
483,perfect prawn,trust_competent_1,p2467,25
484,perfect prawn,trust_competent_1,p2482,68
485,perfect prawn,trust_competent_1,p2489,65
486,perfect prawn,trust_competent_1,p2490,65
487,perfect prawn,trust_competent_1,p2494,62
488,perfect prawn,trust_competent_1,p2502,75
489,perfect prawn,trust_competent_1,p2503,68
490,perfect prawn,trust_competent_1,p2522,75
491,perfect prawn,trust_competent_1,p2524,75
492,perfect prawn,trust_competent_1,p2533,45
493,perfect prawn,trust_competent_1,p2566,68
494,perfect prawn,trust_competent_1,p2571,78
495,perfect prawn,trust_competent_1,p2573,65
496,perfect prawn,trust_competent_1,p2582,72
497,perfect prawn,trust_competent_1,p2591,65
498,perfect prawn,trust_competent_1,p2592,72
499,perfect prawn,trust_competent_1,p2595,45
500,perfect prawn,trust_intelligent_1,p0016,78
501,perfect prawn,trust_intelligent_1,p0022,78
502,perfect prawn,trust_intelligent_1,p0023,88
503,perfect prawn,trust_intelligent_1,p0026,78
504,perfect prawn,trust_intelligent_1,p0034,68
505,perfect prawn,trust_intelligent_1,p0036,75
506,perfect prawn,trust_intelligent_1,p0037,78
507,perfect prawn,trust_intelligent_1,p0042,75
508,perfect prawn,trust_intelligent_1,p0057,72
509,perfect prawn,trust_intelligent_1,p0066,78
510,perfect prawn,trust_intelligent_1,p0069,68
511,perfect prawn,trust_intelligent_1,p0072,88
512,perfect prawn,trust_intelligent_1,p0073,78
513,perfect prawn,trust_intelligent_1,p0082,78
514,perfect prawn,trust_intelligent_1,p0091,88
515,perfect prawn,trust_intelligent_1,p0092,68
516,perfect prawn,trust_intelligent_1,p0093,78
517,perfect prawn,trust_intelligent_1,p0095,78
518,perfect prawn,trust_intelligent_1,p0107,68
519,perfect prawn,trust_intelligent_1,p0114,85
520,perfect prawn,trust_intelligent_1,p0116,72
521,perfect prawn,trust_intelligent_1,p0118,68
522,perfect prawn,trust_intelligent_1,p0119,78
523,perfect prawn,trust_intelligent_1,p0126,75
524,perfect prawn,trust_intelligent_1,p0129,85
525,perfect prawn,trust_intelligent_1,p0136,68
526,perfect prawn,trust_intelligent_1,p0138,68
527,perfect prawn,trust_intelligent_1,p0144,72
528,perfect prawn,trust_intelligent_1,p0150,65
529,perfect prawn,trust_intelligent_1,p0152,72
530,perfect prawn,trust_intelligent_1,p0158,68
531,perfect prawn,trust_intelligent_1,p0161,78
532,perfect prawn,trust_intelligent_1,p0164,75
533,perfect prawn,trust_intelligent_1,p0175,78
534,perfect prawn,trust_intelligent_1,p0177,78
535,perfect prawn,trust_intelligent_1,p0178,88
536,perfect prawn,trust_intelligent_1,p0181,45
537,perfect prawn,trust_intelligent_1,p0186,68
538,perfect prawn,trust_intelligent_1,p0196,78
539,perfect prawn,trust_intelligent_1,p0198,82
540,perfect prawn,trust_intelligent_1,p0202,85
541,perfect prawn,trust_intelligent_1,p0205,68
542,perfect prawn,trust_intelligent_1,p0207,65
543,perfect prawn,trust_intelligent_1,p0211,65
544,perfect prawn,trust_intelligent_1,p0227,88
545,perfect prawn,trust_intelligent_1,p0229,72
546,perfect prawn,trust_intelligent_1,p0232,78
547,perfect prawn,trust_intelligent_1,p0233,75
548,perfect prawn,trust_intelligent_1,p0237,88
549,perfect prawn,trust_intelligent_1,p0258,75
550,perfect prawn,trust_intelligent_1,p0268,55
551,perfect prawn,trust_intelligent_1,p0274,78
552,perfect prawn,trust_intelligent_1,p0275,45
553,perfect prawn,trust_intelligent_1,p0277,65
554,perfect prawn,trust_intelligent_1,p0288,78
555,perfect prawn,trust_intelligent_1,p0291,78
556,perfect prawn,trust_intelligent_1,p0307,68
557,perfect prawn,trust_intelligent_1,p0308,75
558,perfect prawn,trust_intelligent_1,p0317,65
559,perfect prawn,trust_intelligent_1,p0325,85
560,perfect prawn,trust_intelligent_1,p0327,88
561,perfect prawn,trust_intelligent_1,p0334,85
562,perfect prawn,trust_intelligent_1,p0336,78
563,perfect prawn,trust_intelligent_1,p0338,55
564,perfect prawn,trust_intelligent_1,p0342,78
565,perfect prawn,trust_intelligent_1,p0349,72
566,perfect prawn,trust_intelligent_1,p0356,75
567,perfect prawn,trust_intelligent_1,p0358,75
568,perfect prawn,trust_intelligent_1,p0363,78
569,perfect prawn,trust_intelligent_1,p0364,78
570,perfect prawn,trust_intelligent_1,p0369,88
571,perfect prawn,trust_intelligent_1,p0370,68
572,perfect prawn,trust_intelligent_1,p0371,75
573,perfect prawn,trust_intelligent_1,p0379,68
574,perfect prawn,trust_intelligent_1,p0386,82
575,perfect prawn,trust_intelligent_1,p0396,78
576,perfect prawn,trust_intelligent_1,p0403,78
577,perfect prawn,trust_intelligent_1,p0405,78
578,perfect prawn,trust_intelligent_1,p0412,78
579,perfect prawn,trust_intelligent_1,p0415,55
580,perfect prawn,trust_intelligent_1,p0416,78
581,perfect prawn,trust_intelligent_1,p0417,78
582,perfect prawn,trust_intelligent_1,p0418,68
583,perfect prawn,trust_intelligent_1,p0430,85
584,perfect prawn,trust_intelligent_1,p0431,88
585,perfect prawn,trust_intelligent_1,p0434,35
586,perfect prawn,trust_intelligent_1,p0438,78
587,perfect prawn,trust_intelligent_1,p0441,85
588,perfect prawn,trust_intelligent_1,p0442,45
589,perfect prawn,trust_intelligent_1,p0449,72
590,perfect prawn,trust_intelligent_1,p0450,78
591,perfect prawn,trust_intelligent_1,p0465,68
592,perfect prawn,trust_intelligent_1,p0471,78
593,perfect prawn,trust_intelligent_1,p0477,75
594,perfect prawn,trust_intelligent_1,p0483,78
595,perfect prawn,trust_intelligent_1,p0486,78
596,perfect prawn,trust_intelligent_1,p0487,78
597,perfect prawn,trust_intelligent_1,p0489,78
598,perfect prawn,trust_intelligent_1,p0497,75
599,perfect prawn,trust_intelligent_1,p0502,75
600,perfect prawn,trust_intelligent_1,p0503,78
601,perfect prawn,trust_intelligent_1,p0506,65
602,perfect prawn,trust_intelligent_1,p0511,78
603,perfect prawn,trust_intelligent_1,p0523,78
604,perfect prawn,trust_intelligent_1,p0534,85
605,perfect prawn,trust_intelligent_1,p0536,72
606,perfect prawn,trust_intelligent_1,p0542,65
607,perfect prawn,trust_intelligent_1,p0547,78
608,perfect prawn,trust_intelligent_1,p0553,78
609,perfect prawn,trust_intelligent_1,p0559,78
610,perfect prawn,trust_intelligent_1,p0566,78
611,perfect prawn,trust_intelligent_1,p0568,75
612,perfect prawn,trust_intelligent_1,p0570,45
613,perfect prawn,trust_intelligent_1,p0573,75
614,perfect prawn,trust_intelligent_1,p0578,78
615,perfect prawn,trust_intelligent_1,p0594,68
616,perfect prawn,trust_intelligent_1,p0597,78
617,perfect prawn,trust_intelligent_1,p0601,78
618,perfect prawn,trust_intelligent_1,p0602,68
619,perfect prawn,trust_intelligent_1,p0605,72
620,perfect prawn,trust_intelligent_1,p0615,68
621,perfect prawn,trust_intelligent_1,p0620,78
622,perfect prawn,trust_intelligent_1,p0626,75
623,perfect prawn,trust_intelligent_1,p0629,82
624,perfect prawn,trust_intelligent_1,p0633,72
625,perfect prawn,trust_intelligent_1,p0638,78
626,perfect prawn,trust_intelligent_1,p0639,78
627,perfect prawn,trust_intelligent_1,p0640,72
628,perfect prawn,trust_intelligent_1,p0655,78
629,perfect prawn,trust_intelligent_1,p0656,75
630,perfect prawn,trust_intelligent_1,p0658,75
631,perfect prawn,trust_intelligent_1,p0661,72
632,perfect prawn,trust_intelligent_1,p0669,82
633,perfect prawn,trust_intelligent_1,p0670,68
634,perfect prawn,trust_intelligent_1,p0672,78
635,perfect prawn,trust_intelligent_1,p0674,78
636,perfect prawn,trust_intelligent_1,p0678,78
637,perfect prawn,trust_intelligent_1,p0683,78
638,perfect prawn,trust_intelligent_1,p0686,65
639,perfect prawn,trust_intelligent_1,p0687,78
640,perfect prawn,trust_intelligent_1,p0698,75
641,perfect prawn,trust_intelligent_1,p0700,75
642,perfect prawn,trust_intelligent_1,p0703,75
643,perfect prawn,trust_intelligent_1,p0718,75
644,perfect prawn,trust_intelligent_1,p0744,82
645,perfect prawn,trust_intelligent_1,p0745,78
646,perfect prawn,trust_intelligent_1,p0753,65
647,perfect prawn,trust_intelligent_1,p0770,78
648,perfect prawn,trust_intelligent_1,p0771,75
649,perfect prawn,trust_intelligent_1,p0777,88
650,perfect prawn,trust_intelligent_1,p0779,78
651,perfect prawn,trust_intelligent_1,p0780,65
652,perfect prawn,trust_intelligent_1,p0783,68
653,perfect prawn,trust_intelligent_1,p0785,78
654,perfect prawn,trust_intelligent_1,p0786,65
655,perfect prawn,trust_intelligent_1,p0794,35
656,perfect prawn,trust_intelligent_1,p0798,65
657,perfect prawn,trust_intelligent_1,p0800,78
658,perfect prawn,trust_intelligent_1,p0820,55
659,perfect prawn,trust_intelligent_1,p0841,75
660,perfect prawn,trust_intelligent_1,p0849,72
661,perfect prawn,trust_intelligent_1,p0862,85
662,perfect prawn,trust_intelligent_1,p0867,78
663,perfect prawn,trust_intelligent_1,p0869,78
664,perfect prawn,trust_intelligent_1,p0872,78
665,perfect prawn,trust_intelligent_1,p0880,78
666,perfect prawn,trust_intelligent_1,p0891,78
667,perfect prawn,trust_intelligent_1,p0916,78
668,perfect prawn,trust_intelligent_1,p0917,78
669,perfect prawn,trust_intelligent_1,p0919,82
670,perfect prawn,trust_intelligent_1,p0922,75
671,perfect prawn,trust_intelligent_1,p0925,78
672,perfect prawn,trust_intelligent_1,p0927,78
673,perfect prawn,trust_intelligent_1,p0929,75
674,perfect prawn,trust_intelligent_1,p0930,75
675,perfect prawn,trust_intelligent_1,p0931,68
676,perfect prawn,trust_intelligent_1,p0933,75
677,perfect prawn,trust_intelligent_1,p0934,68
678,perfect prawn,trust_intelligent_1,p0936,78
679,perfect prawn,trust_intelligent_1,p0938,78
680,perfect prawn,trust_intelligent_1,p0939,78
681,perfect prawn,trust_intelligent_1,p0946,72
682,perfect prawn,trust_intelligent_1,p0951,72
683,perfect prawn,trust_intelligent_1,p0956,78
684,perfect prawn,trust_intelligent_1,p0962,75
685,perfect prawn,trust_intelligent_1,p0963,78
686,perfect prawn,trust_intelligent_1,p0969,75
687,perfect prawn,trust_intelligent_1,p0972,68
688,perfect prawn,trust_intelligent_1,p0975,75
689,perfect prawn,trust_intelligent_1,p0985,55
690,perfect prawn,trust_intelligent_1,p0993,75
691,perfect prawn,trust_intelligent_1,p0996,72
692,perfect prawn,trust_intelligent_1,p1011,68
693,perfect prawn,trust_intelligent_1,p1017,68
694,perfect prawn,trust_intelligent_1,p1020,78
695,perfect prawn,trust_intelligent_1,p1022,82
696,perfect prawn,trust_intelligent_1,p1024,45
697,perfect prawn,trust_intelligent_1,p1027,85
698,perfect prawn,trust_intelligent_1,p1028,88
699,perfect prawn,trust_intelligent_1,p1029,45
700,perfect prawn,trust_intelligent_1,p1032,78
701,perfect prawn,trust_intelligent_1,p1040,82
702,perfect prawn,trust_intelligent_1,p1047,65
703,perfect prawn,trust_intelligent_1,p1048,72
704,perfect prawn,trust_intelligent_1,p1053,68
705,perfect prawn,trust_intelligent_1,p1057,75
706,perfect prawn,trust_intelligent_1,p1058,75
707,perfect prawn,trust_intelligent_1,p1063,68
708,perfect prawn,trust_intelligent_1,p1064,78
709,perfect prawn,trust_intelligent_1,p1065,68
710,perfect prawn,trust_intelligent_1,p1069,75
711,perfect prawn,trust_intelligent_1,p1072,78
712,perfect prawn,trust_intelligent_1,p1073,78
713,perfect prawn,trust_intelligent_1,p1075,78
714,perfect prawn,trust_intelligent_1,p1076,68
715,perfect prawn,trust_intelligent_1,p1083,68
716,perfect prawn,trust_intelligent_1,p1089,78
717,perfect prawn,trust_intelligent_1,p1093,78
718,perfect prawn,trust_intelligent_1,p1096,78
719,perfect prawn,trust_intelligent_1,p1100,75
720,perfect prawn,trust_intelligent_1,p1106,78
721,perfect prawn,trust_intelligent_1,p1107,65
722,perfect prawn,trust_intelligent_1,p1113,75
723,perfect prawn,trust_intelligent_1,p1117,35
724,perfect prawn,trust_intelligent_1,p1120,72
725,perfect prawn,trust_intelligent_1,p1134,78
726,perfect prawn,trust_intelligent_1,p1136,68
727,perfect prawn,trust_intelligent_1,p1138,78
728,perfect prawn,trust_intelligent_1,p1144,65
729,perfect prawn,trust_intelligent_1,p1145,85
730,perfect prawn,trust_intelligent_1,p1147,88
731,perfect prawn,trust_intelligent_1,p1148,82
732,perfect prawn,trust_intelligent_1,p1154,85
733,perfect prawn,trust_intelligent_1,p1159,75
734,perfect prawn,trust_intelligent_1,p1167,78
735,perfect prawn,trust_intelligent_1,p1175,78
736,perfect prawn,trust_intelligent_1,p1178,78
737,perfect prawn,trust_intelligent_1,p1184,75
738,perfect prawn,trust_intelligent_1,p1186,78
739,perfect prawn,trust_intelligent_1,p1196,65
740,perfect prawn,trust_intelligent_1,p1197,65
741,perfect prawn,trust_intelligent_1,p1203,78
742,perfect prawn,trust_intelligent_1,p1219,68
743,perfect prawn,trust_intelligent_1,p1225,72
744,perfect prawn,trust_intelligent_1,p1234,75
745,perfect prawn,trust_intelligent_1,p1242,75
746,perfect prawn,trust_intelligent_1,p1244,78
747,perfect prawn,trust_intelligent_1,p1249,68
748,perfect prawn,trust_intelligent_1,p1250,78
749,perfect prawn,trust_intelligent_1,p1256,78
750,perfect prawn,trust_intelligent_1,p1258,78
751,perfect prawn,trust_intelligent_1,p1260,65
752,perfect prawn,trust_intelligent_1,p1262,68
753,perfect prawn,trust_intelligent_1,p1264,78
754,perfect prawn,trust_intelligent_1,p1265,78
755,perfect prawn,trust_intelligent_1,p1269,78
756,perfect prawn,trust_intelligent_1,p1272,78
757,perfect prawn,trust_intelligent_1,p1278,78
758,perfect prawn,trust_intelligent_1,p1281,75
759,perfect prawn,trust_intelligent_1,p1292,68
760,perfect prawn,trust_intelligent_1,p1299,75
761,perfect prawn,trust_intelligent_1,p1312,75
762,perfect prawn,trust_intelligent_1,p1322,78
763,perfect prawn,trust_intelligent_1,p1326,78
764,perfect prawn,trust_intelligent_1,p1330,78
765,perfect prawn,trust_intelligent_1,p1335,78
766,perfect prawn,trust_intelligent_1,p1337,78
767,perfect prawn,trust_intelligent_1,p1340,78
768,perfect prawn,trust_intelligent_1,p1345,78
769,perfect prawn,trust_intelligent_1,p1351,65
770,perfect prawn,trust_intelligent_1,p1355,68
771,perfect prawn,trust_intelligent_1,p1362,65
772,perfect prawn,trust_intelligent_1,p1365,65
773,perfect prawn,trust_intelligent_1,p1366,62
774,perfect prawn,trust_intelligent_1,p1367,68
775,perfect prawn,trust_intelligent_1,p1370,78
776,perfect prawn,trust_intelligent_1,p1371,88
777,perfect prawn,trust_intelligent_1,p1373,75
778,perfect prawn,trust_intelligent_1,p1375,75
779,perfect prawn,trust_intelligent_1,p1376,72
780,perfect prawn,trust_intelligent_1,p1379,75
781,perfect prawn,trust_intelligent_1,p1381,72
782,perfect prawn,trust_intelligent_1,p1393,78
783,perfect prawn,trust_intelligent_1,p1396,88
784,perfect prawn,trust_intelligent_1,p1398,78
785,perfect prawn,trust_intelligent_1,p1404,75
786,perfect prawn,trust_intelligent_1,p1406,78
787,perfect prawn,trust_intelligent_1,p1407,68
788,perfect prawn,trust_intelligent_1,p1409,78
789,perfect prawn,trust_intelligent_1,p1412,75
790,perfect prawn,trust_intelligent_1,p1414,88
791,perfect prawn,trust_intelligent_1,p1424,75
792,perfect prawn,trust_intelligent_1,p1425,68
793,perfect prawn,trust_intelligent_1,p1429,75
794,perfect prawn,trust_intelligent_1,p1434,78
795,perfect prawn,trust_intelligent_1,p1441,68
796,perfect prawn,trust_intelligent_1,p1445,75
797,perfect prawn,trust_intelligent_1,p1450,78
798,perfect prawn,trust_intelligent_1,p1454,78
799,perfect prawn,trust_intelligent_1,p1456,65
800,perfect prawn,trust_intelligent_1,p1457,65
801,perfect prawn,trust_intelligent_1,p1458,88
802,perfect prawn,trust_intelligent_1,p1469,75
803,perfect prawn,trust_intelligent_1,p1470,75
804,perfect prawn,trust_intelligent_1,p1481,78
805,perfect prawn,trust_intelligent_1,p1488,78
806,perfect prawn,trust_intelligent_1,p1492,68
807,perfect prawn,trust_intelligent_1,p1495,75
808,perfect prawn,trust_intelligent_1,p1497,75
809,perfect prawn,trust_intelligent_1,p1499,75
810,perfect prawn,trust_intelligent_1,p1503,75
811,perfect prawn,trust_intelligent_1,p1511,78
812,perfect prawn,trust_intelligent_1,p1512,72
813,perfect prawn,trust_intelligent_1,p1518,75
814,perfect prawn,trust_intelligent_1,p1519,78
815,perfect prawn,trust_intelligent_1,p1520,65
816,perfect prawn,trust_intelligent_1,p1524,78
817,perfect prawn,trust_intelligent_1,p1526,75
818,perfect prawn,trust_intelligent_1,p1537,78
819,perfect prawn,trust_intelligent_1,p1545,78
820,perfect prawn,trust_intelligent_1,p1547,78
821,perfect prawn,trust_intelligent_1,p1552,85
822,perfect prawn,trust_intelligent_1,p1567,75
823,perfect prawn,trust_intelligent_1,p1568,75
824,perfect prawn,trust_intelligent_1,p1579,45
825,perfect prawn,trust_intelligent_1,p1587,45
826,perfect prawn,trust_intelligent_1,p1596,68
827,perfect prawn,trust_intelligent_1,p1600,78
828,perfect prawn,trust_intelligent_1,p1603,75
829,perfect prawn,trust_intelligent_1,p1604,78
830,perfect prawn,trust_intelligent_1,p1610,72
831,perfect prawn,trust_intelligent_1,p1618,68
832,perfect prawn,trust_intelligent_1,p1619,88
833,perfect prawn,trust_intelligent_1,p1622,78
834,perfect prawn,trust_intelligent_1,p1623,45
835,perfect prawn,trust_intelligent_1,p1630,45
836,perfect prawn,trust_intelligent_1,p1641,75
837,perfect prawn,trust_intelligent_1,p1649,65
838,perfect prawn,trust_intelligent_1,p1652,72
839,perfect prawn,trust_intelligent_1,p1665,72
840,perfect prawn,trust_intelligent_1,p1669,68
841,perfect prawn,trust_intelligent_1,p1685,75
842,perfect prawn,trust_intelligent_1,p1693,78
843,perfect prawn,trust_intelligent_1,p1698,75
844,perfect prawn,trust_intelligent_1,p1704,78
845,perfect prawn,trust_intelligent_1,p1711,78
846,perfect prawn,trust_intelligent_1,p1718,55
847,perfect prawn,trust_intelligent_1,p1732,72
848,perfect prawn,trust_intelligent_1,p1739,78
849,perfect prawn,trust_intelligent_1,p1741,85
850,perfect prawn,trust_intelligent_1,p1746,65
851,perfect prawn,trust_intelligent_1,p1751,68
852,perfect prawn,trust_intelligent_1,p1754,78
853,perfect prawn,trust_intelligent_1,p1769,78
854,perfect prawn,trust_intelligent_1,p1771,78
855,perfect prawn,trust_intelligent_1,p1776,68
856,perfect prawn,trust_intelligent_1,p1780,78
857,perfect prawn,trust_intelligent_1,p1785,62
858,perfect prawn,trust_intelligent_1,p1791,78
859,perfect prawn,trust_intelligent_1,p1793,78
860,perfect prawn,trust_intelligent_1,p1796,65
861,perfect prawn,trust_intelligent_1,p1805,75
862,perfect prawn,trust_intelligent_1,p1812,82
863,perfect prawn,trust_intelligent_1,p1816,65
864,perfect prawn,trust_intelligent_1,p1819,78
865,perfect prawn,trust_intelligent_1,p1825,78
866,perfect prawn,trust_intelligent_1,p1836,82
867,perfect prawn,trust_intelligent_1,p1839,78
868,perfect prawn,trust_intelligent_1,p1861,75
869,perfect prawn,trust_intelligent_1,p1863,78
870,perfect prawn,trust_intelligent_1,p1873,78
871,perfect prawn,trust_intelligent_1,p1875,78
872,perfect prawn,trust_intelligent_1,p1876,85
873,perfect prawn,trust_intelligent_1,p1877,85
874,perfect prawn,trust_intelligent_1,p1880,68
875,perfect prawn,trust_intelligent_1,p1883,68
876,perfect prawn,trust_intelligent_1,p1889,45
877,perfect prawn,trust_intelligent_1,p1893,78
878,perfect prawn,trust_intelligent_1,p1896,78
879,perfect prawn,trust_intelligent_1,p1913,75
880,perfect prawn,trust_intelligent_1,p1922,88
881,perfect prawn,trust_intelligent_1,p1930,78
882,perfect prawn,trust_intelligent_1,p1935,78
883,perfect prawn,trust_intelligent_1,p1940,82
884,perfect prawn,trust_intelligent_1,p1948,65
885,perfect prawn,trust_intelligent_1,p1950,78
886,perfect prawn,trust_intelligent_1,p1954,68
887,perfect prawn,trust_intelligent_1,p1956,45
888,perfect prawn,trust_intelligent_1,p1958,75
889,perfect prawn,trust_intelligent_1,p1967,78
890,perfect prawn,trust_intelligent_1,p1973,88
891,perfect prawn,trust_intelligent_1,p1978,75
892,perfect prawn,trust_intelligent_1,p1983,68
893,perfect prawn,trust_intelligent_1,p1984,62
894,perfect prawn,trust_intelligent_1,p1995,75
895,perfect prawn,trust_intelligent_1,p1996,68
896,perfect prawn,trust_intelligent_1,p1997,78
897,perfect prawn,trust_intelligent_1,p2001,78
898,perfect prawn,trust_intelligent_1,p2002,68
899,perfect prawn,trust_intelligent_1,p2013,88
900,perfect prawn,trust_intelligent_1,p2014,68
901,perfect prawn,trust_intelligent_1,p2016,78
902,perfect prawn,trust_intelligent_1,p2018,62
903,perfect prawn,trust_intelligent_1,p2023,78
904,perfect prawn,trust_intelligent_1,p2025,78
905,perfect prawn,trust_intelligent_1,p2028,72
906,perfect prawn,trust_intelligent_1,p2030,78
907,perfect prawn,trust_intelligent_1,p2033,78
908,perfect prawn,trust_intelligent_1,p2040,45
909,perfect prawn,trust_intelligent_1,p2051,75
910,perfect prawn,trust_intelligent_1,p2052,78
911,perfect prawn,trust_intelligent_1,p2066,65
912,perfect prawn,trust_intelligent_1,p2067,85
913,perfect prawn,trust_intelligent_1,p2073,78
914,perfect prawn,trust_intelligent_1,p2077,68
915,perfect prawn,trust_intelligent_1,p2078,78
916,perfect prawn,trust_intelligent_1,p2086,78
917,perfect prawn,trust_intelligent_1,p2089,82
918,perfect prawn,trust_intelligent_1,p2093,35
919,perfect prawn,trust_intelligent_1,p2094,78
920,perfect prawn,trust_intelligent_1,p2111,75
921,perfect prawn,trust_intelligent_1,p2117,78
922,perfect prawn,trust_intelligent_1,p2121,78
923,perfect prawn,trust_intelligent_1,p2127,75
924,perfect prawn,trust_intelligent_1,p2141,75
925,perfect prawn,trust_intelligent_1,p2142,45
926,perfect prawn,trust_intelligent_1,p2143,78
927,perfect prawn,trust_intelligent_1,p2153,75
928,perfect prawn,trust_intelligent_1,p2155,65
929,perfect prawn,trust_intelligent_1,p2169,65
930,perfect prawn,trust_intelligent_1,p2187,75
931,perfect prawn,trust_intelligent_1,p2188,78
932,perfect prawn,trust_intelligent_1,p2197,75
933,perfect prawn,trust_intelligent_1,p2213,68
934,perfect prawn,trust_intelligent_1,p2214,75
935,perfect prawn,trust_intelligent_1,p2215,78
936,perfect prawn,trust_intelligent_1,p2220,75
937,perfect prawn,trust_intelligent_1,p2223,68
938,perfect prawn,trust_intelligent_1,p2229,72
939,perfect prawn,trust_intelligent_1,p2234,78
940,perfect prawn,trust_intelligent_1,p2237,82
941,perfect prawn,trust_intelligent_1,p2238,75
942,perfect prawn,trust_intelligent_1,p2244,75
943,perfect prawn,trust_intelligent_1,p2248,75
944,perfect prawn,trust_intelligent_1,p2252,85
945,perfect prawn,trust_intelligent_1,p2255,35
946,perfect prawn,trust_intelligent_1,p2261,35
947,perfect prawn,trust_intelligent_1,p2263,75
948,perfect prawn,trust_intelligent_1,p2273,78
949,perfect prawn,trust_intelligent_1,p2275,78
950,perfect prawn,trust_intelligent_1,p2276,68
951,perfect prawn,trust_intelligent_1,p2283,55
952,perfect prawn,trust_intelligent_1,p2287,78
953,perfect prawn,trust_intelligent_1,p2296,62
954,perfect prawn,trust_intelligent_1,p2298,68
955,perfect prawn,trust_intelligent_1,p2304,78
956,perfect prawn,trust_intelligent_1,p2310,65
957,perfect prawn,trust_intelligent_1,p2322,65
958,perfect prawn,trust_intelligent_1,p2326,75
959,perfect prawn,trust_intelligent_1,p2330,68
960,perfect prawn,trust_intelligent_1,p2331,78
961,perfect prawn,trust_intelligent_1,p2333,75
962,perfect prawn,trust_intelligent_1,p2347,78
963,perfect prawn,trust_intelligent_1,p2350,75
964,perfect prawn,trust_intelligent_1,p2351,78
965,perfect prawn,trust_intelligent_1,p2353,78
966,perfect prawn,trust_intelligent_1,p2355,75
967,perfect prawn,trust_intelligent_1,p2363,65
968,perfect prawn,trust_intelligent_1,p2378,78
969,perfect prawn,trust_intelligent_1,p2380,85
970,perfect prawn,trust_intelligent_1,p2387,75
971,perfect prawn,trust_intelligent_1,p2398,78
972,perfect prawn,trust_intelligent_1,p2400,85
973,perfect prawn,trust_intelligent_1,p2403,85
974,perfect prawn,trust_intelligent_1,p2408,45
975,perfect prawn,trust_intelligent_1,p2418,75
976,perfect prawn,trust_intelligent_1,p2426,78
977,perfect prawn,trust_intelligent_1,p2428,65
978,perfect prawn,trust_intelligent_1,p2434,85
979,perfect prawn,trust_intelligent_1,p2446,62
980,perfect prawn,trust_intelligent_1,p2452,65
981,perfect prawn,trust_intelligent_1,p2454,65
982,perfect prawn,trust_intelligent_1,p2462,75
983,perfect prawn,trust_intelligent_1,p2467,35
984,perfect prawn,trust_intelligent_1,p2482,72
985,perfect prawn,trust_intelligent_1,p2489,65
986,perfect prawn,trust_intelligent_1,p2490,68
987,perfect prawn,trust_intelligent_1,p2494,65
988,perfect prawn,trust_intelligent_1,p2502,78
989,perfect prawn,trust_intelligent_1,p2503,78
990,perfect prawn,trust_intelligent_1,p2522,85
991,perfect prawn,trust_intelligent_1,p2524,85
992,perfect prawn,trust_intelligent_1,p2533,45
993,perfect prawn,trust_intelligent_1,p2566,75
994,perfect prawn,trust_intelligent_1,p2571,78
995,perfect prawn,trust_intelligent_1,p2573,68
996,perfect prawn,trust_intelligent_1,p2582,75
997,perfect prawn,trust_intelligent_1,p2591,72
998,perfect prawn,trust_intelligent_1,p2592,75
999,perfect prawn,trust_intelligent_1,p2595,45
1000,perfect prawn,trust_qualified_1,p0016,78
1001,perfect prawn,trust_qualified_1,p0022,78
1002,perfect prawn,trust_qualified_1,p0023,88
1003,perfect prawn,trust_qualified_1,p0026,78
1004,perfect prawn,trust_qualified_1,p0034,68
1005,perfect prawn,trust_qualified_1,p0036,75
1006,perfect prawn,trust_qualified_1,p0037,78
1007,perfect prawn,trust_qualified_1,p0042,78
1008,perfect prawn,trust_qualified_1,p0057,72
1009,perfect prawn,trust_qualified_1,p0066,85
1010,perfect prawn,trust_qualified_1,p0069,68
1011,perfect prawn,trust_qualified_1,p0072,88
1012,perfect prawn,trust_qualified_1,p0073,78
1013,perfect prawn,trust_qualified_1,p0082,78
1014,perfect prawn,trust_qualified_1,p0091,88
1015,perfect prawn,trust_qualified_1,p0092,78
1016,perfect prawn,trust_qualified_1,p0093,78
1017,perfect prawn,trust_qualified_1,p0095,78
1018,perfect prawn,trust_qualified_1,p0107,68
1019,perfect prawn,trust_qualified_1,p0114,85
1020,perfect prawn,trust_qualified_1,p0116,68
1021,perfect prawn,trust_qualified_1,p0118,75
1022,perfect prawn,trust_qualified_1,p0119,78
1023,perfect prawn,trust_qualified_1,p0126,78
1024,perfect prawn,trust_qualified_1,p0129,92
1025,perfect prawn,trust_qualified_1,p0136,68
1026,perfect prawn,trust_qualified_1,p0138,68
1027,perfect prawn,trust_qualified_1,p0144,72
1028,perfect prawn,trust_qualified_1,p0150,75
1029,perfect prawn,trust_qualified_1,p0152,75
1030,perfect prawn,trust_qualified_1,p0158,58
1031,perfect prawn,trust_qualified_1,p0161,78
1032,perfect prawn,trust_qualified_1,p0164,75
1033,perfect prawn,trust_qualified_1,p0175,78
1034,perfect prawn,trust_qualified_1,p0177,78
1035,perfect prawn,trust_qualified_1,p0178,88
1036,perfect prawn,trust_qualified_1,p0181,65
1037,perfect prawn,trust_qualified_1,p0186,75
1038,perfect prawn,trust_qualified_1,p0196,78
1039,perfect prawn,trust_qualified_1,p0198,85
1040,perfect prawn,trust_qualified_1,p0202,85
1041,perfect prawn,trust_qualified_1,p0205,68
1042,perfect prawn,trust_qualified_1,p0207,65
1043,perfect prawn,trust_qualified_1,p0211,62
1044,perfect prawn,trust_qualified_1,p0227,92
1045,perfect prawn,trust_qualified_1,p0229,75
1046,perfect prawn,trust_qualified_1,p0232,82
1047,perfect prawn,trust_qualified_1,p0233,68
1048,perfect prawn,trust_qualified_1,p0237,88
1049,perfect prawn,trust_qualified_1,p0258,75
1050,perfect prawn,trust_qualified_1,p0268,55
1051,perfect prawn,trust_qualified_1,p0274,78
1052,perfect prawn,trust_qualified_1,p0275,45
1053,perfect prawn,trust_qualified_1,p0277,68
1054,perfect prawn,trust_qualified_1,p0288,85
1055,perfect prawn,trust_qualified_1,p0291,82
1056,perfect prawn,trust_qualified_1,p0307,75
1057,perfect prawn,trust_qualified_1,p0308,78
1058,perfect prawn,trust_qualified_1,p0317,65
1059,perfect prawn,trust_qualified_1,p0325,88
1060,perfect prawn,trust_qualified_1,p0327,88
1061,perfect prawn,trust_qualified_1,p0334,85
1062,perfect prawn,trust_qualified_1,p0336,78
1063,perfect prawn,trust_qualified_1,p0338,45
1064,perfect prawn,trust_qualified_1,p0342,78
1065,perfect prawn,trust_qualified_1,p0349,68
1066,perfect prawn,trust_qualified_1,p0356,75
1067,perfect prawn,trust_qualified_1,p0358,78
1068,perfect prawn,trust_qualified_1,p0363,78
1069,perfect prawn,trust_qualified_1,p0364,85
1070,perfect prawn,trust_qualified_1,p0369,88
1071,perfect prawn,trust_qualified_1,p0370,68
1072,perfect prawn,trust_qualified_1,p0371,75
1073,perfect prawn,trust_qualified_1,p0379,68
1074,perfect prawn,trust_qualified_1,p0386,88
1075,perfect prawn,trust_qualified_1,p0396,78
1076,perfect prawn,trust_qualified_1,p0403,78
1077,perfect prawn,trust_qualified_1,p0405,85
1078,perfect prawn,trust_qualified_1,p0412,78
1079,perfect prawn,trust_qualified_1,p0415,62
1080,perfect prawn,trust_qualified_1,p0416,78
1081,perfect prawn,trust_qualified_1,p0417,78
1082,perfect prawn,trust_qualified_1,p0418,68
1083,perfect prawn,trust_qualified_1,p0430,85
1084,perfect prawn,trust_qualified_1,p0431,88
1085,perfect prawn,trust_qualified_1,p0434,35
1086,perfect prawn,trust_qualified_1,p0438,82
1087,perfect prawn,trust_qualified_1,p0441,85
1088,perfect prawn,trust_qualified_1,p0442,45
1089,perfect prawn,trust_qualified_1,p0449,68
1090,perfect prawn,trust_qualified_1,p0450,85
1091,perfect prawn,trust_qualified_1,p0465,68
1092,perfect prawn,trust_qualified_1,p0471,78
1093,perfect prawn,trust_qualified_1,p0477,78
1094,perfect prawn,trust_qualified_1,p0483,78
1095,perfect prawn,trust_qualified_1,p0486,85
1096,perfect prawn,trust_qualified_1,p0487,78
1097,perfect prawn,trust_qualified_1,p0489,88
1098,perfect prawn,trust_qualified_1,p0497,75
1099,perfect prawn,trust_qualified_1,p0502,75
1100,perfect prawn,trust_qualified_1,p0503,78
1101,perfect prawn,trust_qualified_1,p0506,68
1102,perfect prawn,trust_qualified_1,p0511,78
1103,perfect prawn,trust_qualified_1,p0523,78
1104,perfect prawn,trust_qualified_1,p0534,92
1105,perfect prawn,trust_qualified_1,p0536,78
1106,perfect prawn,trust_qualified_1,p0542,68
1107,perfect prawn,trust_qualified_1,p0547,78
1108,perfect prawn,trust_qualified_1,p0553,78
1109,perfect prawn,trust_qualified_1,p0559,75
1110,perfect prawn,trust_qualified_1,p0566,78
1111,perfect prawn,trust_qualified_1,p0568,78
1112,perfect prawn,trust_qualified_1,p0570,35
1113,perfect prawn,trust_qualified_1,p0573,78
1114,perfect prawn,trust_qualified_1,p0578,72
1115,perfect prawn,trust_qualified_1,p0594,68
1116,perfect prawn,trust_qualified_1,p0597,78
1117,perfect prawn,trust_qualified_1,p0601,78
1118,perfect prawn,trust_qualified_1,p0602,65
1119,perfect prawn,trust_qualified_1,p0605,78
1120,perfect prawn,trust_qualified_1,p0615,72
1121,perfect prawn,trust_qualified_1,p0620,78
1122,perfect prawn,trust_qualified_1,p0626,78
1123,perfect prawn,trust_qualified_1,p0629,85
1124,perfect prawn,trust_qualified_1,p0633,72
1125,perfect prawn,trust_qualified_1,p0638,78
1126,perfect prawn,trust_qualified_1,p0639,78
1127,perfect prawn,trust_qualified_1,p0640,68
1128,perfect prawn,trust_qualified_1,p0655,78
1129,perfect prawn,trust_qualified_1,p0656,75
1130,perfect prawn,trust_qualified_1,p0658,75
1131,perfect prawn,trust_qualified_1,p0661,72
1132,perfect prawn,trust_qualified_1,p0669,82
1133,perfect prawn,trust_qualified_1,p0670,68
1134,perfect prawn,trust_qualified_1,p0672,78
1135,perfect prawn,trust_qualified_1,p0674,78
1136,perfect prawn,trust_qualified_1,p0678,82
1137,perfect prawn,trust_qualified_1,p0683,78
1138,perfect prawn,trust_qualified_1,p0686,68
1139,perfect prawn,trust_qualified_1,p0687,85
1140,perfect prawn,trust_qualified_1,p0698,75
1141,perfect prawn,trust_qualified_1,p0700,75
1142,perfect prawn,trust_qualified_1,p0703,75
1143,perfect prawn,trust_qualified_1,p0718,78
1144,perfect prawn,trust_qualified_1,p0744,82
1145,perfect prawn,trust_qualified_1,p0745,78
1146,perfect prawn,trust_qualified_1,p0753,65
1147,perfect prawn,trust_qualified_1,p0770,78
1148,perfect prawn,trust_qualified_1,p0771,75
1149,perfect prawn,trust_qualified_1,p0777,92
1150,perfect prawn,trust_qualified_1,p0779,78
1151,perfect prawn,trust_qualified_1,p0780,65
1152,perfect prawn,trust_qualified_1,p0783,72
1153,perfect prawn,trust_qualified_1,p0785,72
1154,perfect prawn,trust_qualified_1,p0786,68
1155,perfect prawn,trust_qualified_1,p0794,35
1156,perfect prawn,trust_qualified_1,p0798,65
1157,perfect prawn,trust_qualified_1,p0800,82
1158,perfect prawn,trust_qualified_1,p0820,62
1159,perfect prawn,trust_qualified_1,p0841,78
1160,perfect prawn,trust_qualified_1,p0849,78
1161,perfect prawn,trust_qualified_1,p0862,88
1162,perfect prawn,trust_qualified_1,p0867,88
1163,perfect prawn,trust_qualified_1,p0869,78
1164,perfect prawn,trust_qualified_1,p0872,78
1165,perfect prawn,trust_qualified_1,p0880,78
1166,perfect prawn,trust_qualified_1,p0891,78
1167,perfect prawn,trust_qualified_1,p0916,82
1168,perfect prawn,trust_qualified_1,p0917,78
1169,perfect prawn,trust_qualified_1,p0919,85
1170,perfect prawn,trust_qualified_1,p0922,75
1171,perfect prawn,trust_qualified_1,p0925,78
1172,perfect prawn,trust_qualified_1,p0927,78
1173,perfect prawn,trust_qualified_1,p0929,78
1174,perfect prawn,trust_qualified_1,p0930,75
1175,perfect prawn,trust_qualified_1,p0931,55
1176,perfect prawn,trust_qualified_1,p0933,78
1177,perfect prawn,trust_qualified_1,p0934,68
1178,perfect prawn,trust_qualified_1,p0936,78
1179,perfect prawn,trust_qualified_1,p0938,78
1180,perfect prawn,trust_qualified_1,p0939,72
1181,perfect prawn,trust_qualified_1,p0946,68
1182,perfect prawn,trust_qualified_1,p0951,75
1183,perfect prawn,trust_qualified_1,p0956,78
1184,perfect prawn,trust_qualified_1,p0962,78
1185,perfect prawn,trust_qualified_1,p0963,78
1186,perfect prawn,trust_qualified_1,p0969,78
1187,perfect prawn,trust_qualified_1,p0972,72
1188,perfect prawn,trust_qualified_1,p0975,78
1189,perfect prawn,trust_qualified_1,p0985,55
1190,perfect prawn,trust_qualified_1,p0993,78
1191,perfect prawn,trust_qualified_1,p0996,68
1192,perfect prawn,trust_qualified_1,p1011,68
1193,perfect prawn,trust_qualified_1,p1017,68
1194,perfect prawn,trust_qualified_1,p1020,78
1195,perfect prawn,trust_qualified_1,p1022,82
1196,perfect prawn,trust_qualified_1,p1024,45
1197,perfect prawn,trust_qualified_1,p1027,88
1198,perfect prawn,trust_qualified_1,p1028,88
1199,perfect prawn,trust_qualified_1,p1029,45
1200,perfect prawn,trust_qualified_1,p1032,78
1201,perfect prawn,trust_qualified_1,p1040,82
1202,perfect prawn,trust_qualified_1,p1047,68
1203,perfect prawn,trust_qualified_1,p1048,68
1204,perfect prawn,trust_qualified_1,p1053,68
1205,perfect prawn,trust_qualified_1,p1057,75
1206,perfect prawn,trust_qualified_1,p1058,75
1207,perfect prawn,trust_qualified_1,p1063,55
1208,perfect prawn,trust_qualified_1,p1064,78
1209,perfect prawn,trust_qualified_1,p1065,68
1210,perfect prawn,trust_qualified_1,p1069,68
1211,perfect prawn,trust_qualified_1,p1072,82
1212,perfect prawn,trust_qualified_1,p1073,78
1213,perfect prawn,trust_qualified_1,p1075,82
1214,perfect prawn,trust_qualified_1,p1076,55
1215,perfect prawn,trust_qualified_1,p1083,68
1216,perfect prawn,trust_qualified_1,p1089,82
1217,perfect prawn,trust_qualified_1,p1093,82
1218,perfect prawn,trust_qualified_1,p1096,78
1219,perfect prawn,trust_qualified_1,p1100,75
1220,perfect prawn,trust_qualified_1,p1106,78
1221,perfect prawn,trust_qualified_1,p1107,72
1222,perfect prawn,trust_qualified_1,p1113,75
1223,perfect prawn,trust_qualified_1,p1117,35
1224,perfect prawn,trust_qualified_1,p1120,78
1225,perfect prawn,trust_qualified_1,p1134,78
1226,perfect prawn,trust_qualified_1,p1136,58
1227,perfect prawn,trust_qualified_1,p1138,78
1228,perfect prawn,trust_qualified_1,p1144,65
1229,perfect prawn,trust_qualified_1,p1145,88
1230,perfect prawn,trust_qualified_1,p1147,92
1231,perfect prawn,trust_qualified_1,p1148,82
1232,perfect prawn,trust_qualified_1,p1154,88
1233,perfect prawn,trust_qualified_1,p1159,78
1234,perfect prawn,trust_qualified_1,p1167,78
1235,perfect prawn,trust_qualified_1,p1175,85
1236,perfect prawn,trust_qualified_1,p1178,78
1237,perfect prawn,trust_qualified_1,p1184,75
1238,perfect prawn,trust_qualified_1,p1186,78
1239,perfect prawn,trust_qualified_1,p1196,75
1240,perfect prawn,trust_qualified_1,p1197,65
1241,perfect prawn,trust_qualified_1,p1203,78
1242,perfect prawn,trust_qualified_1,p1219,68
1243,perfect prawn,trust_qualified_1,p1225,72
1244,perfect prawn,trust_qualified_1,p1234,78
1245,perfect prawn,trust_qualified_1,p1242,75
1246,perfect prawn,trust_qualified_1,p1244,78
1247,perfect prawn,trust_qualified_1,p1249,72
1248,perfect prawn,trust_qualified_1,p1250,78
1249,perfect prawn,trust_qualified_1,p1256,78
1250,perfect prawn,trust_qualified_1,p1258,82
1251,perfect prawn,trust_qualified_1,p1260,68
1252,perfect prawn,trust_qualified_1,p1262,68
1253,perfect prawn,trust_qualified_1,p1264,78
1254,perfect prawn,trust_qualified_1,p1265,78
1255,perfect prawn,trust_qualified_1,p1269,78
1256,perfect prawn,trust_qualified_1,p1272,78
1257,perfect prawn,trust_qualified_1,p1278,82
1258,perfect prawn,trust_qualified_1,p1281,78
1259,perfect prawn,trust_qualified_1,p1292,68
1260,perfect prawn,trust_qualified_1,p1299,72
1261,perfect prawn,trust_qualified_1,p1312,72
1262,perfect prawn,trust_qualified_1,p1322,78
1263,perfect prawn,trust_qualified_1,p1326,78
1264,perfect prawn,trust_qualified_1,p1330,78
1265,perfect prawn,trust_qualified_1,p1335,78
1266,perfect prawn,trust_qualified_1,p1337,78
1267,perfect prawn,trust_qualified_1,p1340,78
1268,perfect prawn,trust_qualified_1,p1345,78
1269,perfect prawn,trust_qualified_1,p1351,75
1270,perfect prawn,trust_qualified_1,p1355,68
1271,perfect prawn,trust_qualified_1,p1362,75
1272,perfect prawn,trust_qualified_1,p1365,72
1273,perfect prawn,trust_qualified_1,p1366,68
1274,perfect prawn,trust_qualified_1,p1367,68
1275,perfect prawn,trust_qualified_1,p1370,78
1276,perfect prawn,trust_qualified_1,p1371,88
1277,perfect prawn,trust_qualified_1,p1373,75
1278,perfect prawn,trust_qualified_1,p1375,78
1279,perfect prawn,trust_qualified_1,p1376,75
1280,perfect prawn,trust_qualified_1,p1379,75
1281,perfect prawn,trust_qualified_1,p1381,68
1282,perfect prawn,trust_qualified_1,p1393,78
1283,perfect prawn,trust_qualified_1,p1396,88
1284,perfect prawn,trust_qualified_1,p1398,78
1285,perfect prawn,trust_qualified_1,p1404,75
1286,perfect prawn,trust_qualified_1,p1406,78
1287,perfect prawn,trust_qualified_1,p1407,68
1288,perfect prawn,trust_qualified_1,p1409,75
1289,perfect prawn,trust_qualified_1,p1412,78
1290,perfect prawn,trust_qualified_1,p1414,88
1291,perfect prawn,trust_qualified_1,p1424,75
1292,perfect prawn,trust_qualified_1,p1425,68
1293,perfect prawn,trust_qualified_1,p1429,75
1294,perfect prawn,trust_qualified_1,p1434,78
1295,perfect prawn,trust_qualified_1,p1441,68
1296,perfect prawn,trust_qualified_1,p1445,68
1297,perfect prawn,trust_qualified_1,p1450,78
1298,perfect prawn,trust_qualified_1,p1454,78
1299,perfect prawn,trust_qualified_1,p1456,75
1300,perfect prawn,trust_qualified_1,p1457,65
1301,perfect prawn,trust_qualified_1,p1458,88
1302,perfect prawn,trust_qualified_1,p1469,78
1303,perfect prawn,trust_qualified_1,p1470,75
1304,perfect prawn,trust_qualified_1,p1481,78
1305,perfect prawn,trust_qualified_1,p1488,78
1306,perfect prawn,trust_qualified_1,p1492,68
1307,perfect prawn,trust_qualified_1,p1495,75
1308,perfect prawn,trust_qualified_1,p1497,75
1309,perfect prawn,trust_qualified_1,p1499,72
1310,perfect prawn,trust_qualified_1,p1503,78
1311,perfect prawn,trust_qualified_1,p1511,82
1312,perfect prawn,trust_qualified_1,p1512,72
1313,perfect prawn,trust_qualified_1,p1518,78
1314,perfect prawn,trust_qualified_1,p1519,78
1315,perfect prawn,trust_qualified_1,p1520,65
1316,perfect prawn,trust_qualified_1,p1524,78
1317,perfect prawn,trust_qualified_1,p1526,78
1318,perfect prawn,trust_qualified_1,p1537,78
1319,perfect prawn,trust_qualified_1,p1545,78
1320,perfect prawn,trust_qualified_1,p1547,78
1321,perfect prawn,trust_qualified_1,p1552,85
1322,perfect prawn,trust_qualified_1,p1567,78
1323,perfect prawn,trust_qualified_1,p1568,78
1324,perfect prawn,trust_qualified_1,p1579,35
1325,perfect prawn,trust_qualified_1,p1587,45
1326,perfect prawn,trust_qualified_1,p1596,68
1327,perfect prawn,trust_qualified_1,p1600,85
1328,perfect prawn,trust_qualified_1,p1603,78
1329,perfect prawn,trust_qualified_1,p1604,78
1330,perfect prawn,trust_qualified_1,p1610,72
1331,perfect prawn,trust_qualified_1,p1618,68
1332,perfect prawn,trust_qualified_1,p1619,88
1333,perfect prawn,trust_qualified_1,p1622,82
1334,perfect prawn,trust_qualified_1,p1623,45
1335,perfect prawn,trust_qualified_1,p1630,45
1336,perfect prawn,trust_qualified_1,p1641,78
1337,perfect prawn,trust_qualified_1,p1649,65
1338,perfect prawn,trust_qualified_1,p1652,68
1339,perfect prawn,trust_qualified_1,p1665,68
1340,perfect prawn,trust_qualified_1,p1669,68
1341,perfect prawn,trust_qualified_1,p1685,75
1342,perfect prawn,trust_qualified_1,p1693,78
1343,perfect prawn,trust_qualified_1,p1698,78
1344,perfect prawn,trust_qualified_1,p1704,78
1345,perfect prawn,trust_qualified_1,p1711,85
1346,perfect prawn,trust_qualified_1,p1718,55
1347,perfect prawn,trust_qualified_1,p1732,68
1348,perfect prawn,trust_qualified_1,p1739,78
1349,perfect prawn,trust_qualified_1,p1741,85
1350,perfect prawn,trust_qualified_1,p1746,68
1351,perfect prawn,trust_qualified_1,p1751,65
1352,perfect prawn,trust_qualified_1,p1754,78
1353,perfect prawn,trust_qualified_1,p1769,78
1354,perfect prawn,trust_qualified_1,p1771,78
1355,perfect prawn,trust_qualified_1,p1776,68
1356,perfect prawn,trust_qualified_1,p1780,78
1357,perfect prawn,trust_qualified_1,p1785,68
1358,perfect prawn,trust_qualified_1,p1791,82
1359,perfect prawn,trust_qualified_1,p1793,78
1360,perfect prawn,trust_qualified_1,p1796,75
1361,perfect prawn,trust_qualified_1,p1805,78
1362,perfect prawn,trust_qualified_1,p1812,88
1363,perfect prawn,trust_qualified_1,p1816,65
1364,perfect prawn,trust_qualified_1,p1819,78
1365,perfect prawn,trust_qualified_1,p1825,85
1366,perfect prawn,trust_qualified_1,p1836,85
1367,perfect prawn,trust_qualified_1,p1839,78
1368,perfect prawn,trust_qualified_1,p1861,75
1369,perfect prawn,trust_qualified_1,p1863,85
1370,perfect prawn,trust_qualified_1,p1873,78
1371,perfect prawn,trust_qualified_1,p1875,72
1372,perfect prawn,trust_qualified_1,p1876,88
1373,perfect prawn,trust_qualified_1,p1877,85
1374,perfect prawn,trust_qualified_1,p1880,68
1375,perfect prawn,trust_qualified_1,p1883,68
1376,perfect prawn,trust_qualified_1,p1889,45
1377,perfect prawn,trust_qualified_1,p1893,78
1378,perfect prawn,trust_qualified_1,p1896,78
1379,perfect prawn,trust_qualified_1,p1913,78
1380,perfect prawn,trust_qualified_1,p1922,92
1381,perfect prawn,trust_qualified_1,p1930,78
1382,perfect prawn,trust_qualified_1,p1935,78
1383,perfect prawn,trust_qualified_1,p1940,85
1384,perfect prawn,trust_qualified_1,p1948,75
1385,perfect prawn,trust_qualified_1,p1950,75
1386,perfect prawn,trust_qualified_1,p1954,72
1387,perfect prawn,trust_qualified_1,p1956,45
1388,perfect prawn,trust_qualified_1,p1958,75
1389,perfect prawn,trust_qualified_1,p1967,78
1390,perfect prawn,trust_qualified_1,p1973,92
1391,perfect prawn,trust_qualified_1,p1978,78
1392,perfect prawn,trust_qualified_1,p1983,68
1393,perfect prawn,trust_qualified_1,p1984,62
1394,perfect prawn,trust_qualified_1,p1995,75
1395,perfect prawn,trust_qualified_1,p1996,72
1396,perfect prawn,trust_qualified_1,p1997,78
1397,perfect prawn,trust_qualified_1,p2001,82
1398,perfect prawn,trust_qualified_1,p2002,75
1399,perfect prawn,trust_qualified_1,p2013,88
1400,perfect prawn,trust_qualified_1,p2014,68
1401,perfect prawn,trust_qualified_1,p2016,78
1402,perfect prawn,trust_qualified_1,p2018,58
1403,perfect prawn,trust_qualified_1,p2023,78
1404,perfect prawn,trust_qualified_1,p2025,85
1405,perfect prawn,trust_qualified_1,p2028,75
1406,perfect prawn,trust_qualified_1,p2030,82
1407,perfect prawn,trust_qualified_1,p2033,78
1408,perfect prawn,trust_qualified_1,p2040,45
1409,perfect prawn,trust_qualified_1,p2051,75
1410,perfect prawn,trust_qualified_1,p2052,78
1411,perfect prawn,trust_qualified_1,p2066,65
1412,perfect prawn,trust_qualified_1,p2067,82
1413,perfect prawn,trust_qualified_1,p2073,82
1414,perfect prawn,trust_qualified_1,p2077,72
1415,perfect prawn,trust_qualified_1,p2078,75
1416,perfect prawn,trust_qualified_1,p2086,78
1417,perfect prawn,trust_qualified_1,p2089,82
1418,perfect prawn,trust_qualified_1,p2093,45
1419,perfect prawn,trust_qualified_1,p2094,78
1420,perfect prawn,trust_qualified_1,p2111,78
1421,perfect prawn,trust_qualified_1,p2117,78
1422,perfect prawn,trust_qualified_1,p2121,78
1423,perfect prawn,trust_qualified_1,p2127,78
1424,perfect prawn,trust_qualified_1,p2141,75
1425,perfect prawn,trust_qualified_1,p2142,45
1426,perfect prawn,trust_qualified_1,p2143,78
1427,perfect prawn,trust_qualified_1,p2153,78
1428,perfect prawn,trust_qualified_1,p2155,68
1429,perfect prawn,trust_qualified_1,p2169,55
1430,perfect prawn,trust_qualified_1,p2187,75
1431,perfect prawn,trust_qualified_1,p2188,78
1432,perfect prawn,trust_qualified_1,p2197,75
1433,perfect prawn,trust_qualified_1,p2213,75
1434,perfect prawn,trust_qualified_1,p2214,78
1435,perfect prawn,trust_qualified_1,p2215,78
1436,perfect prawn,trust_qualified_1,p2220,78
1437,perfect prawn,trust_qualified_1,p2223,68
1438,perfect prawn,trust_qualified_1,p2229,72
1439,perfect prawn,trust_qualified_1,p2234,85
1440,perfect prawn,trust_qualified_1,p2237,82
1441,perfect prawn,trust_qualified_1,p2238,75
1442,perfect prawn,trust_qualified_1,p2244,75
1443,perfect prawn,trust_qualified_1,p2248,78
1444,perfect prawn,trust_qualified_1,p2252,85
1445,perfect prawn,trust_qualified_1,p2255,35
1446,perfect prawn,trust_qualified_1,p2261,45
1447,perfect prawn,trust_qualified_1,p2263,78
1448,perfect prawn,trust_qualified_1,p2273,78
1449,perfect prawn,trust_qualified_1,p2275,78
1450,perfect prawn,trust_qualified_1,p2276,68
1451,perfect prawn,trust_qualified_1,p2283,45
1452,perfect prawn,trust_qualified_1,p2287,78
1453,perfect prawn,trust_qualified_1,p2296,68
1454,perfect prawn,trust_qualified_1,p2298,68
1455,perfect prawn,trust_qualified_1,p2304,78
1456,perfect prawn,trust_qualified_1,p2310,68
1457,perfect prawn,trust_qualified_1,p2322,62
1458,perfect prawn,trust_qualified_1,p2326,78
1459,perfect prawn,trust_qualified_1,p2330,75
1460,perfect prawn,trust_qualified_1,p2331,85
1461,perfect prawn,trust_qualified_1,p2333,78
1462,perfect prawn,trust_qualified_1,p2347,78
1463,perfect prawn,trust_qualified_1,p2350,75
1464,perfect prawn,trust_qualified_1,p2351,78
1465,perfect prawn,trust_qualified_1,p2353,78
1466,perfect prawn,trust_qualified_1,p2355,75
1467,perfect prawn,trust_qualified_1,p2363,65
1468,perfect prawn,trust_qualified_1,p2378,78
1469,perfect prawn,trust_qualified_1,p2380,88
1470,perfect prawn,trust_qualified_1,p2387,78
1471,perfect prawn,trust_qualified_1,p2398,78
1472,perfect prawn,trust_qualified_1,p2400,85
1473,perfect prawn,trust_qualified_1,p2403,88
1474,perfect prawn,trust_qualified_1,p2408,45
1475,perfect prawn,trust_qualified_1,p2418,78
1476,perfect prawn,trust_qualified_1,p2426,78
1477,perfect prawn,trust_qualified_1,p2428,68
1478,perfect prawn,trust_qualified_1,p2434,82
1479,perfect prawn,trust_qualified_1,p2446,62
1480,perfect prawn,trust_qualified_1,p2452,68
1481,perfect prawn,trust_qualified_1,p2454,68
1482,perfect prawn,trust_qualified_1,p2462,78
1483,perfect prawn,trust_qualified_1,p2467,35
1484,perfect prawn,trust_qualified_1,p2482,75
1485,perfect prawn,trust_qualified_1,p2489,65
1486,perfect prawn,trust_qualified_1,p2490,72
1487,perfect prawn,trust_qualified_1,p2494,68
1488,perfect prawn,trust_qualified_1,p2502,78
1489,perfect prawn,trust_qualified_1,p2503,78
1490,perfect prawn,trust_qualified_1,p2522,85
1491,perfect prawn,trust_qualified_1,p2524,88
1492,perfect prawn,trust_qualified_1,p2533,45
1493,perfect prawn,trust_qualified_1,p2566,78
1494,perfect prawn,trust_qualified_1,p2571,78
1495,perfect prawn,trust_qualified_1,p2573,68
1496,perfect prawn,trust_qualified_1,p2582,78
1497,perfect prawn,trust_qualified_1,p2591,75
1498,perfect prawn,trust_qualified_1,p2592,78
1499,perfect prawn,trust_qualified_1,p2595,45
1500,perfect prawn,trust_honest_1,p0016,75
1501,perfect prawn,trust_honest_1,p0022,75
1502,perfect prawn,trust_honest_1,p0023,82
1503,perfect prawn,trust_honest_1,p0026,75
1504,perfect prawn,trust_honest_1,p0034,58
1505,perfect prawn,trust_honest_1,p0036,65
1506,perfect prawn,trust_honest_1,p0037,68
1507,perfect prawn,trust_honest_1,p0042,72
1508,perfect prawn,trust_honest_1,p0057,62
1509,perfect prawn,trust_honest_1,p0066,75
1510,perfect prawn,trust_honest_1,p0069,62
1511,perfect prawn,trust_honest_1,p0072,78
1512,perfect prawn,trust_honest_1,p0073,68
1513,perfect prawn,trust_honest_1,p0082,75
1514,perfect prawn,trust_honest_1,p0091,78
1515,perfect prawn,trust_honest_1,p0092,72
1516,perfect prawn,trust_honest_1,p0093,78
1517,perfect prawn,trust_honest_1,p0095,78
1518,perfect prawn,trust_honest_1,p0107,62
1519,perfect prawn,trust_honest_1,p0114,78
1520,perfect prawn,trust_honest_1,p0116,55
1521,perfect prawn,trust_honest_1,p0118,65
1522,perfect prawn,trust_honest_1,p0119,78
1523,perfect prawn,trust_honest_1,p0126,72
1524,perfect prawn,trust_honest_1,p0129,88
1525,perfect prawn,trust_honest_1,p0136,62
1526,perfect prawn,trust_honest_1,p0138,58
1527,perfect prawn,trust_honest_1,p0144,68
1528,perfect prawn,trust_honest_1,p0150,68
1529,perfect prawn,trust_honest_1,p0152,68
1530,perfect prawn,trust_honest_1,p0158,58
1531,perfect prawn,trust_honest_1,p0161,65
1532,perfect prawn,trust_honest_1,p0164,65
1533,perfect prawn,trust_honest_1,p0175,75
1534,perfect prawn,trust_honest_1,p0177,78
1535,perfect prawn,trust_honest_1,p0178,78
1536,perfect prawn,trust_honest_1,p0181,45
1537,perfect prawn,trust_honest_1,p0186,68
1538,perfect prawn,trust_honest_1,p0196,68
1539,perfect prawn,trust_honest_1,p0198,78
1540,perfect prawn,trust_honest_1,p0202,75
1541,perfect prawn,trust_honest_1,p0205,65
1542,perfect prawn,trust_honest_1,p0207,65
1543,perfect prawn,trust_honest_1,p0211,55
1544,perfect prawn,trust_honest_1,p0227,88
1545,perfect prawn,trust_honest_1,p0229,65
1546,perfect prawn,trust_honest_1,p0232,78
1547,perfect prawn,trust_honest_1,p0233,65
1548,perfect prawn,trust_honest_1,p0237,82
1549,perfect prawn,trust_honest_1,p0258,65
1550,perfect prawn,trust_honest_1,p0268,45
1551,perfect prawn,trust_honest_1,p0274,78
1552,perfect prawn,trust_honest_1,p0275,35
1553,perfect prawn,trust_honest_1,p0277,68
1554,perfect prawn,trust_honest_1,p0288,75
1555,perfect prawn,trust_honest_1,p0291,78
1556,perfect prawn,trust_honest_1,p0307,68
1557,perfect prawn,trust_honest_1,p0308,78
1558,perfect prawn,trust_honest_1,p0317,45
1559,perfect prawn,trust_honest_1,p0325,78
1560,perfect prawn,trust_honest_1,p0327,82
1561,perfect prawn,trust_honest_1,p0334,78
1562,perfect prawn,trust_honest_1,p0336,78
1563,perfect prawn,trust_honest_1,p0338,45
1564,perfect prawn,trust_honest_1,p0342,78
1565,perfect prawn,trust_honest_1,p0349,58
1566,perfect prawn,trust_honest_1,p0356,65
1567,perfect prawn,trust_honest_1,p0358,72
1568,perfect prawn,trust_honest_1,p0363,78
1569,perfect prawn,trust_honest_1,p0364,78
1570,perfect prawn,trust_honest_1,p0369,82
1571,perfect prawn,trust_honest_1,p0370,62
1572,perfect prawn,trust_honest_1,p0371,65
1573,perfect prawn,trust_honest_1,p0379,68
1574,perfect prawn,trust_honest_1,p0386,78
1575,perfect prawn,trust_honest_1,p0396,78
1576,perfect prawn,trust_honest_1,p0403,68
1577,perfect prawn,trust_honest_1,p0405,75
1578,perfect prawn,trust_honest_1,p0412,78
1579,perfect prawn,trust_honest_1,p0415,45
1580,perfect prawn,trust_honest_1,p0416,78
1581,perfect prawn,trust_honest_1,p0417,78
1582,perfect prawn,trust_honest_1,p0418,65
1583,perfect prawn,trust_honest_1,p0430,78
1584,perfect prawn,trust_honest_1,p0431,78
1585,perfect prawn,trust_honest_1,p0434,35
1586,perfect prawn,trust_honest_1,p0438,78
1587,perfect prawn,trust_honest_1,p0441,78
1588,perfect prawn,trust_honest_1,p0442,45
1589,perfect prawn,trust_honest_1,p0449,55
1590,perfect prawn,trust_honest_1,p0450,75
1591,perfect prawn,trust_honest_1,p0465,65
1592,perfect prawn,trust_honest_1,p0471,78
1593,perfect prawn,trust_honest_1,p0477,72
1594,perfect prawn,trust_honest_1,p0483,68
1595,perfect prawn,trust_honest_1,p0486,75
1596,perfect prawn,trust_honest_1,p0487,78
1597,perfect prawn,trust_honest_1,p0489,78
1598,perfect prawn,trust_honest_1,p0497,65
1599,perfect prawn,trust_honest_1,p0502,68
1600,perfect prawn,trust_honest_1,p0503,78
1601,perfect prawn,trust_honest_1,p0506,68
1602,perfect prawn,trust_honest_1,p0511,75
1603,perfect prawn,trust_honest_1,p0523,78
1604,perfect prawn,trust_honest_1,p0534,88
1605,perfect prawn,trust_honest_1,p0536,72
1606,perfect prawn,trust_honest_1,p0542,45
1607,perfect prawn,trust_honest_1,p0547,78
1608,perfect prawn,trust_honest_1,p0553,78
1609,perfect prawn,trust_honest_1,p0559,75
1610,perfect prawn,trust_honest_1,p0566,68
1611,perfect prawn,trust_honest_1,p0568,75
1612,perfect prawn,trust_honest_1,p0570,35
1613,perfect prawn,trust_honest_1,p0573,72
1614,perfect prawn,trust_honest_1,p0578,68
1615,perfect prawn,trust_honest_1,p0594,58
1616,perfect prawn,trust_honest_1,p0597,75
1617,perfect prawn,trust_honest_1,p0601,68
1618,perfect prawn,trust_honest_1,p0602,62
1619,perfect prawn,trust_honest_1,p0605,68
1620,perfect prawn,trust_honest_1,p0615,68
1621,perfect prawn,trust_honest_1,p0620,75
1622,perfect prawn,trust_honest_1,p0626,75
1623,perfect prawn,trust_honest_1,p0629,78
1624,perfect prawn,trust_honest_1,p0633,65
1625,perfect prawn,trust_honest_1,p0638,78
1626,perfect prawn,trust_honest_1,p0639,68
1627,perfect prawn,trust_honest_1,p0640,65
1628,perfect prawn,trust_honest_1,p0655,75
1629,perfect prawn,trust_honest_1,p0656,68
1630,perfect prawn,trust_honest_1,p0658,68
1631,perfect prawn,trust_honest_1,p0661,65
1632,perfect prawn,trust_honest_1,p0669,78
1633,perfect prawn,trust_honest_1,p0670,58
1634,perfect prawn,trust_honest_1,p0672,75
1635,perfect prawn,trust_honest_1,p0674,78
1636,perfect prawn,trust_honest_1,p0678,78
1637,perfect prawn,trust_honest_1,p0683,75
1638,perfect prawn,trust_honest_1,p0686,62
1639,perfect prawn,trust_honest_1,p0687,75
1640,perfect prawn,trust_honest_1,p0698,68
1641,perfect prawn,trust_honest_1,p0700,68
1642,perfect prawn,trust_honest_1,p0703,65
1643,perfect prawn,trust_honest_1,p0718,68
1644,perfect prawn,trust_honest_1,p0744,78
1645,perfect prawn,trust_honest_1,p0745,72
1646,perfect prawn,trust_honest_1,p0753,65
1647,perfect prawn,trust_honest_1,p0770,78
1648,perfect prawn,trust_honest_1,p0771,75
1649,perfect prawn,trust_honest_1,p0777,88
1650,perfect prawn,trust_honest_1,p0779,78
1651,perfect prawn,trust_honest_1,p0780,62
1652,perfect prawn,trust_honest_1,p0783,68
1653,perfect prawn,trust_honest_1,p0785,68
1654,perfect prawn,trust_honest_1,p0786,62
1655,perfect prawn,trust_honest_1,p0794,35
1656,perfect prawn,trust_honest_1,p0798,45
1657,perfect prawn,trust_honest_1,p0800,75
1658,perfect prawn,trust_honest_1,p0820,55
1659,perfect prawn,trust_honest_1,p0841,65
1660,perfect prawn,trust_honest_1,p0849,72
1661,perfect prawn,trust_honest_1,p0862,78
1662,perfect prawn,trust_honest_1,p0867,78
1663,perfect prawn,trust_honest_1,p0869,78
1664,perfect prawn,trust_honest_1,p0872,75
1665,perfect prawn,trust_honest_1,p0880,78
1666,perfect prawn,trust_honest_1,p0891,68
1667,perfect prawn,trust_honest_1,p0916,78
1668,perfect prawn,trust_honest_1,p0917,78
1669,perfect prawn,trust_honest_1,p0919,78
1670,perfect prawn,trust_honest_1,p0922,65
1671,perfect prawn,trust_honest_1,p0925,68
1672,perfect prawn,trust_honest_1,p0927,75
1673,perfect prawn,trust_honest_1,p0929,78
1674,perfect prawn,trust_honest_1,p0930,68
1675,perfect prawn,trust_honest_1,p0931,55
1676,perfect prawn,trust_honest_1,p0933,72
1677,perfect prawn,trust_honest_1,p0934,62
1678,perfect prawn,trust_honest_1,p0936,78
1679,perfect prawn,trust_honest_1,p0938,78
1680,perfect prawn,trust_honest_1,p0939,68
1681,perfect prawn,trust_honest_1,p0946,68
1682,perfect prawn,trust_honest_1,p0951,68
1683,perfect prawn,trust_honest_1,p0956,78
1684,perfect prawn,trust_honest_1,p0962,75
1685,perfect prawn,trust_honest_1,p0963,78
1686,perfect prawn,trust_honest_1,p0969,68
1687,perfect prawn,trust_honest_1,p0972,68
1688,perfect prawn,trust_honest_1,p0975,68
1689,perfect prawn,trust_honest_1,p0985,45
1690,perfect prawn,trust_honest_1,p0993,75
1691,perfect prawn,trust_honest_1,p0996,65
1692,perfect prawn,trust_honest_1,p1011,62
1693,perfect prawn,trust_honest_1,p1017,55
1694,perfect prawn,trust_honest_1,p1020,68
1695,perfect prawn,trust_honest_1,p1022,78
1696,perfect prawn,trust_honest_1,p1024,45
1697,perfect prawn,trust_honest_1,p1027,78
1698,perfect prawn,trust_honest_1,p1028,85
1699,perfect prawn,trust_honest_1,p1029,45
1700,perfect prawn,trust_honest_1,p1032,68
1701,perfect prawn,trust_honest_1,p1040,78
1702,perfect prawn,trust_honest_1,p1047,62
1703,perfect prawn,trust_honest_1,p1048,68
1704,perfect prawn,trust_honest_1,p1053,62
1705,perfect prawn,trust_honest_1,p1057,65
1706,perfect prawn,trust_honest_1,p1058,68
1707,perfect prawn,trust_honest_1,p1063,45
1708,perfect prawn,trust_honest_1,p1064,78
1709,perfect prawn,trust_honest_1,p1065,62
1710,perfect prawn,trust_honest_1,p1069,65
1711,perfect prawn,trust_honest_1,p1072,78
1712,perfect prawn,trust_honest_1,p1073,68
1713,perfect prawn,trust_honest_1,p1075,78
1714,perfect prawn,trust_honest_1,p1076,55
1715,perfect prawn,trust_honest_1,p1083,65
1716,perfect prawn,trust_honest_1,p1089,78
1717,perfect prawn,trust_honest_1,p1093,75
1718,perfect prawn,trust_honest_1,p1096,78
1719,perfect prawn,trust_honest_1,p1100,65
1720,perfect prawn,trust_honest_1,p1106,75
1721,perfect prawn,trust_honest_1,p1107,65
1722,perfect prawn,trust_honest_1,p1113,65
1723,perfect prawn,trust_honest_1,p1117,35
1724,perfect prawn,trust_honest_1,p1120,68
1725,perfect prawn,trust_honest_1,p1134,68
1726,perfect prawn,trust_honest_1,p1136,58
1727,perfect prawn,trust_honest_1,p1138,75
1728,perfect prawn,trust_honest_1,p1144,65
1729,perfect prawn,trust_honest_1,p1145,78
1730,perfect prawn,trust_honest_1,p1147,88
1731,perfect prawn,trust_honest_1,p1148,78
1732,perfect prawn,trust_honest_1,p1154,78
1733,perfect prawn,trust_honest_1,p1159,75
1734,perfect prawn,trust_honest_1,p1167,78
1735,perfect prawn,trust_honest_1,p1175,78
1736,perfect prawn,trust_honest_1,p1178,68
1737,perfect prawn,trust_honest_1,p1184,68
1738,perfect prawn,trust_honest_1,p1186,78
1739,perfect prawn,trust_honest_1,p1196,68
1740,perfect prawn,trust_honest_1,p1197,65
1741,perfect prawn,trust_honest_1,p1203,78
1742,perfect prawn,trust_honest_1,p1219,58
1743,perfect prawn,trust_honest_1,p1225,58
1744,perfect prawn,trust_honest_1,p1234,78
1745,perfect prawn,trust_honest_1,p1242,68
1746,perfect prawn,trust_honest_1,p1244,75
1747,perfect prawn,trust_honest_1,p1249,68
1748,perfect prawn,trust_honest_1,p1250,68
1749,perfect prawn,trust_honest_1,p1256,78
1750,perfect prawn,trust_honest_1,p1258,78
1751,perfect prawn,trust_honest_1,p1260,65
1752,perfect prawn,trust_honest_1,p1262,65
1753,perfect prawn,trust_honest_1,p1264,75
1754,perfect prawn,trust_honest_1,p1265,78
1755,perfect prawn,trust_honest_1,p1269,68
1756,perfect prawn,trust_honest_1,p1272,75
1757,perfect prawn,trust_honest_1,p1278,78
1758,perfect prawn,trust_honest_1,p1281,75
1759,perfect prawn,trust_honest_1,p1292,65
1760,perfect prawn,trust_honest_1,p1299,68
1761,perfect prawn,trust_honest_1,p1312,68
1762,perfect prawn,trust_honest_1,p1322,75
1763,perfect prawn,trust_honest_1,p1326,78
1764,perfect prawn,trust_honest_1,p1330,75
1765,perfect prawn,trust_honest_1,p1335,75
1766,perfect prawn,trust_honest_1,p1337,75
1767,perfect prawn,trust_honest_1,p1340,78
1768,perfect prawn,trust_honest_1,p1345,75
1769,perfect prawn,trust_honest_1,p1351,65
1770,perfect prawn,trust_honest_1,p1355,58
1771,perfect prawn,trust_honest_1,p1362,65
1772,perfect prawn,trust_honest_1,p1365,62
1773,perfect prawn,trust_honest_1,p1366,58
1774,perfect prawn,trust_honest_1,p1367,62
1775,perfect prawn,trust_honest_1,p1370,75
1776,perfect prawn,trust_honest_1,p1371,85
1777,perfect prawn,trust_honest_1,p1373,68
1778,perfect prawn,trust_honest_1,p1375,68
1779,perfect prawn,trust_honest_1,p1376,65
1780,perfect prawn,trust_honest_1,p1379,65
1781,perfect prawn,trust_honest_1,p1381,55
1782,perfect prawn,trust_honest_1,p1393,78
1783,perfect prawn,trust_honest_1,p1396,85
1784,perfect prawn,trust_honest_1,p1398,68
1785,perfect prawn,trust_honest_1,p1404,75
1786,perfect prawn,trust_honest_1,p1406,68
1787,perfect prawn,trust_honest_1,p1407,62
1788,perfect prawn,trust_honest_1,p1409,65
1789,perfect prawn,trust_honest_1,p1412,78
1790,perfect prawn,trust_honest_1,p1414,82
1791,perfect prawn,trust_honest_1,p1424,65
1792,perfect prawn,trust_honest_1,p1425,62
1793,perfect prawn,trust_honest_1,p1429,65
1794,perfect prawn,trust_honest_1,p1434,72
1795,perfect prawn,trust_honest_1,p1441,62
1796,perfect prawn,trust_honest_1,p1445,65
1797,perfect prawn,trust_honest_1,p1450,78
1798,perfect prawn,trust_honest_1,p1454,75
1799,perfect prawn,trust_honest_1,p1456,65
1800,perfect prawn,trust_honest_1,p1457,62
1801,perfect prawn,trust_honest_1,p1458,82
1802,perfect prawn,trust_honest_1,p1469,78
1803,perfect prawn,trust_honest_1,p1470,65
1804,perfect prawn,trust_honest_1,p1481,75
1805,perfect prawn,trust_honest_1,p1488,72
1806,perfect prawn,trust_honest_1,p1492,62
1807,perfect prawn,trust_honest_1,p1495,68
1808,perfect prawn,trust_honest_1,p1497,68
1809,perfect prawn,trust_honest_1,p1499,65
1810,perfect prawn,trust_honest_1,p1503,75
1811,perfect prawn,trust_honest_1,p1511,78
1812,perfect prawn,trust_honest_1,p1512,68
1813,perfect prawn,trust_honest_1,p1518,75
1814,perfect prawn,trust_honest_1,p1519,72
1815,perfect prawn,trust_honest_1,p1520,62
1816,perfect prawn,trust_honest_1,p1524,78
1817,perfect prawn,trust_honest_1,p1526,68
1818,perfect prawn,trust_honest_1,p1537,75
1819,perfect prawn,trust_honest_1,p1545,78
1820,perfect prawn,trust_honest_1,p1547,78
1821,perfect prawn,trust_honest_1,p1552,75
1822,perfect prawn,trust_honest_1,p1567,75
1823,perfect prawn,trust_honest_1,p1568,75
1824,perfect prawn,trust_honest_1,p1579,35
1825,perfect prawn,trust_honest_1,p1587,35
1826,perfect prawn,trust_honest_1,p1596,55
1827,perfect prawn,trust_honest_1,p1600,78
1828,perfect prawn,trust_honest_1,p1603,72
1829,perfect prawn,trust_honest_1,p1604,75
1830,perfect prawn,trust_honest_1,p1610,68
1831,perfect prawn,trust_honest_1,p1618,65
1832,perfect prawn,trust_honest_1,p1619,88
1833,perfect prawn,trust_honest_1,p1622,78
1834,perfect prawn,trust_honest_1,p1623,45
1835,perfect prawn,trust_honest_1,p1630,45
1836,perfect prawn,trust_honest_1,p1641,75
1837,perfect prawn,trust_honest_1,p1649,62
1838,perfect prawn,trust_honest_1,p1652,65
1839,perfect prawn,trust_honest_1,p1665,62
1840,perfect prawn,trust_honest_1,p1669,55
1841,perfect prawn,trust_honest_1,p1685,65
1842,perfect prawn,trust_honest_1,p1693,72
1843,perfect prawn,trust_honest_1,p1698,75
1844,perfect prawn,trust_honest_1,p1704,68
1845,perfect prawn,trust_honest_1,p1711,78
1846,perfect prawn,trust_honest_1,p1718,45
1847,perfect prawn,trust_honest_1,p1732,55
1848,perfect prawn,trust_honest_1,p1739,75
1849,perfect prawn,trust_honest_1,p1741,75
1850,perfect prawn,trust_honest_1,p1746,62
1851,perfect prawn,trust_honest_1,p1751,35
1852,perfect prawn,trust_honest_1,p1754,75
1853,perfect prawn,trust_honest_1,p1769,75
1854,perfect prawn,trust_honest_1,p1771,75
1855,perfect prawn,trust_honest_1,p1776,65
1856,perfect prawn,trust_honest_1,p1780,75
1857,perfect prawn,trust_honest_1,p1785,62
1858,perfect prawn,trust_honest_1,p1791,78
1859,perfect prawn,trust_honest_1,p1793,68
1860,perfect prawn,trust_honest_1,p1796,65
1861,perfect prawn,trust_honest_1,p1805,68
1862,perfect prawn,trust_honest_1,p1812,78
1863,perfect prawn,trust_honest_1,p1816,62
1864,perfect prawn,trust_honest_1,p1819,75
1865,perfect prawn,trust_honest_1,p1825,78
1866,perfect prawn,trust_honest_1,p1836,78
1867,perfect prawn,trust_honest_1,p1839,75
1868,perfect prawn,trust_honest_1,p1861,65
1869,perfect prawn,trust_honest_1,p1863,75
1870,perfect prawn,trust_honest_1,p1873,68
1871,perfect prawn,trust_honest_1,p1875,68
1872,perfect prawn,trust_honest_1,p1876,78
1873,perfect prawn,trust_honest_1,p1877,78
1874,perfect prawn,trust_honest_1,p1880,58
1875,perfect prawn,trust_honest_1,p1883,62
1876,perfect prawn,trust_honest_1,p1889,35
1877,perfect prawn,trust_honest_1,p1893,78
1878,perfect prawn,trust_honest_1,p1896,75
1879,perfect prawn,trust_honest_1,p1913,68
1880,perfect prawn,trust_honest_1,p1922,85
1881,perfect prawn,trust_honest_1,p1930,78
1882,perfect prawn,trust_honest_1,p1935,75
1883,perfect prawn,trust_honest_1,p1940,75
1884,perfect prawn,trust_honest_1,p1948,68
1885,perfect prawn,trust_honest_1,p1950,68
1886,perfect prawn,trust_honest_1,p1954,68
1887,perfect prawn,trust_honest_1,p1956,45
1888,perfect prawn,trust_honest_1,p1958,65
1889,perfect prawn,trust_honest_1,p1967,78
1890,perfect prawn,trust_honest_1,p1973,88
1891,perfect prawn,trust_honest_1,p1978,72
1892,perfect prawn,trust_honest_1,p1983,62
1893,perfect prawn,trust_honest_1,p1984,55
1894,perfect prawn,trust_honest_1,p1995,65
1895,perfect prawn,trust_honest_1,p1996,68
1896,perfect prawn,trust_honest_1,p1997,65
1897,perfect prawn,trust_honest_1,p2001,78
1898,perfect prawn,trust_honest_1,p2002,65
1899,perfect prawn,trust_honest_1,p2013,82
1900,perfect prawn,trust_honest_1,p2014,58
1901,perfect prawn,trust_honest_1,p2016,78
1902,perfect prawn,trust_honest_1,p2018,58
1903,perfect prawn,trust_honest_1,p2023,78
1904,perfect prawn,trust_honest_1,p2025,75
1905,perfect prawn,trust_honest_1,p2028,68
1906,perfect prawn,trust_honest_1,p2030,78
1907,perfect prawn,trust_honest_1,p2033,78
1908,perfect prawn,trust_honest_1,p2040,45
1909,perfect prawn,trust_honest_1,p2051,68
1910,perfect prawn,trust_honest_1,p2052,65
1911,perfect prawn,trust_honest_1,p2066,55
1912,perfect prawn,trust_honest_1,p2067,78
1913,perfect prawn,trust_honest_1,p2073,78
1914,perfect prawn,trust_honest_1,p2077,68
1915,perfect prawn,trust_honest_1,p2078,68
1916,perfect prawn,trust_honest_1,p2086,78
1917,perfect prawn,trust_honest_1,p2089,78
1918,perfect prawn,trust_honest_1,p2093,35
1919,perfect prawn,trust_honest_1,p2094,75
1920,perfect prawn,trust_honest_1,p2111,72
1921,perfect prawn,trust_honest_1,p2117,78
1922,perfect prawn,trust_honest_1,p2121,75
1923,perfect prawn,trust_honest_1,p2127,68
1924,perfect prawn,trust_honest_1,p2141,65
1925,perfect prawn,trust_honest_1,p2142,35
1926,perfect prawn,trust_honest_1,p2143,78
1927,perfect prawn,trust_honest_1,p2153,75
1928,perfect prawn,trust_honest_1,p2155,62
1929,perfect prawn,trust_honest_1,p2169,55
1930,perfect prawn,trust_honest_1,p2187,68
1931,perfect prawn,trust_honest_1,p2188,75
1932,perfect prawn,trust_honest_1,p2197,68
1933,perfect prawn,trust_honest_1,p2213,68
1934,perfect prawn,trust_honest_1,p2214,78
1935,perfect prawn,trust_honest_1,p2215,75
1936,perfect prawn,trust_honest_1,p2220,68
1937,perfect prawn,trust_honest_1,p2223,68
1938,perfect prawn,trust_honest_1,p2229,68
1939,perfect prawn,trust_honest_1,p2234,75
1940,perfect prawn,trust_honest_1,p2237,78
1941,perfect prawn,trust_honest_1,p2238,68
1942,perfect prawn,trust_honest_1,p2244,65
1943,perfect prawn,trust_honest_1,p2248,68
1944,perfect prawn,trust_honest_1,p2252,78
1945,perfect prawn,trust_honest_1,p2255,25
1946,perfect prawn,trust_honest_1,p2261,35
1947,perfect prawn,trust_honest_1,p2263,75
1948,perfect prawn,trust_honest_1,p2273,78
1949,perfect prawn,trust_honest_1,p2275,78
1950,perfect prawn,trust_honest_1,p2276,68
1951,perfect prawn,trust_honest_1,p2283,45
1952,perfect prawn,trust_honest_1,p2287,75
1953,perfect prawn,trust_honest_1,p2296,45
1954,perfect prawn,trust_honest_1,p2298,68
1955,perfect prawn,trust_honest_1,p2304,78
1956,perfect prawn,trust_honest_1,p2310,58
1957,perfect prawn,trust_honest_1,p2322,45
1958,perfect prawn,trust_honest_1,p2326,68
1959,perfect prawn,trust_honest_1,p2330,68
1960,perfect prawn,trust_honest_1,p2331,75
1961,perfect prawn,trust_honest_1,p2333,68
1962,perfect prawn,trust_honest_1,p2347,78
1963,perfect prawn,trust_honest_1,p2350,68
1964,perfect prawn,trust_honest_1,p2351,72
1965,perfect prawn,trust_honest_1,p2353,75
1966,perfect prawn,trust_honest_1,p2355,65
1967,perfect prawn,trust_honest_1,p2363,65
1968,perfect prawn,trust_honest_1,p2378,78
1969,perfect prawn,trust_honest_1,p2380,78
1970,perfect prawn,trust_honest_1,p2387,78
1971,perfect prawn,trust_honest_1,p2398,78
1972,perfect prawn,trust_honest_1,p2400,78
1973,perfect prawn,trust_honest_1,p2403,78
1974,perfect prawn,trust_honest_1,p2408,45
1975,perfect prawn,trust_honest_1,p2418,68
1976,perfect prawn,trust_honest_1,p2426,75
1977,perfect prawn,trust_honest_1,p2428,55
1978,perfect prawn,trust_honest_1,p2434,78
1979,perfect prawn,trust_honest_1,p2446,65
1980,perfect prawn,trust_honest_1,p2452,65
1981,perfect prawn,trust_honest_1,p2454,65
1982,perfect prawn,trust_honest_1,p2462,78
1983,perfect prawn,trust_honest_1,p2467,35
1984,perfect prawn,trust_honest_1,p2482,68
1985,perfect prawn,trust_honest_1,p2489,55
1986,perfect prawn,trust_honest_1,p2490,68
1987,perfect prawn,trust_honest_1,p2494,62
1988,perfect prawn,trust_honest_1,p2502,78
1989,perfect prawn,trust_honest_1,p2503,72
1990,perfect prawn,trust_honest_1,p2522,75
1991,perfect prawn,trust_honest_1,p2524,78
1992,perfect prawn,trust_honest_1,p2533,45
1993,perfect prawn,trust_honest_1,p2566,75
1994,perfect prawn,trust_honest_1,p2571,78
1995,perfect prawn,trust_honest_1,p2573,65
1996,perfect prawn,trust_honest_1,p2582,75
1997,perfect prawn,trust_honest_1,p2591,65
1998,perfect prawn,trust_honest_1,p2592,68
1999,perfect prawn,trust_honest_1,p2595,45
2000,perfect prawn,trust_ethical_1,p0016,78
2001,perfect prawn,trust_ethical_1,p0022,78
2002,perfect prawn,trust_ethical_1,p0023,82
2003,perfect prawn,trust_ethical_1,p0026,78
2004,perfect prawn,trust_ethical_1,p0034,68
2005,perfect prawn,trust_ethical_1,p0036,75
2006,perfect prawn,trust_ethical_1,p0037,75
2007,perfect prawn,trust_ethical_1,p0042,78
2008,perfect prawn,trust_ethical_1,p0057,72
2009,perfect prawn,trust_ethical_1,p0066,78
2010,perfect prawn,trust_ethical_1,p0069,65
2011,perfect prawn,trust_ethical_1,p0072,82
2012,perfect prawn,trust_ethical_1,p0073,72
2013,perfect prawn,trust_ethical_1,p0082,75
2014,perfect prawn,trust_ethical_1,p0091,82
2015,perfect prawn,trust_ethical_1,p0092,78
2016,perfect prawn,trust_ethical_1,p0093,78
2017,perfect prawn,trust_ethical_1,p0095,78
2018,perfect prawn,trust_ethical_1,p0107,68
2019,perfect prawn,trust_ethical_1,p0114,82
2020,perfect prawn,trust_ethical_1,p0116,68
2021,perfect prawn,trust_ethical_1,p0118,72
2022,perfect prawn,trust_ethical_1,p0119,78
2023,perfect prawn,trust_ethical_1,p0126,78
2024,perfect prawn,trust_ethical_1,p0129,88
2025,perfect prawn,trust_ethical_1,p0136,65
2026,perfect prawn,trust_ethical_1,p0138,65
2027,perfect prawn,trust_ethical_1,p0144,68
2028,perfect prawn,trust_ethical_1,p0150,68
2029,perfect prawn,trust_ethical_1,p0152,75
2030,perfect prawn,trust_ethical_1,p0158,58
2031,perfect prawn,trust_ethical_1,p0161,75
2032,perfect prawn,trust_ethical_1,p0164,68
2033,perfect prawn,trust_ethical_1,p0175,78
2034,perfect prawn,trust_ethical_1,p0177,78
2035,perfect prawn,trust_ethical_1,p0178,78
2036,perfect prawn,trust_ethical_1,p0181,45
2037,perfect prawn,trust_ethical_1,p0186,72
2038,perfect prawn,trust_ethical_1,p0196,72
2039,perfect prawn,trust_ethical_1,p0198,78
2040,perfect prawn,trust_ethical_1,p0202,78
2041,perfect prawn,trust_ethical_1,p0205,65
2042,perfect prawn,trust_ethical_1,p0207,65
2043,perfect prawn,trust_ethical_1,p0211,62
2044,perfect prawn,trust_ethical_1,p0227,88
2045,perfect prawn,trust_ethical_1,p0229,68
2046,perfect prawn,trust_ethical_1,p0232,78
2047,perfect prawn,trust_ethical_1,p0233,65
2048,perfect prawn,trust_ethical_1,p0237,88
2049,perfect prawn,trust_ethical_1,p0258,75
2050,perfect prawn,trust_ethical_1,p0268,55
2051,perfect prawn,trust_ethical_1,p0274,78
2052,perfect prawn,trust_ethical_1,p0275,45
2053,perfect prawn,trust_ethical_1,p0277,68
2054,perfect prawn,trust_ethical_1,p0288,75
2055,perfect prawn,trust_ethical_1,p0291,78
2056,perfect prawn,trust_ethical_1,p0307,75
2057,perfect prawn,trust_ethical_1,p0308,78
2058,perfect prawn,trust_ethical_1,p0317,65
2059,perfect prawn,trust_ethical_1,p0325,82
2060,perfect prawn,trust_ethical_1,p0327,82
2061,perfect prawn,trust_ethical_1,p0334,82
2062,perfect prawn,trust_ethical_1,p0336,78
2063,perfect prawn,trust_ethical_1,p0338,55
2064,perfect prawn,trust_ethical_1,p0342,78
2065,perfect prawn,trust_ethical_1,p0349,68
2066,perfect prawn,trust_ethical_1,p0356,75
2067,perfect prawn,trust_ethical_1,p0358,78
2068,perfect prawn,trust_ethical_1,p0363,78
2069,perfect prawn,trust_ethical_1,p0364,78
2070,perfect prawn,trust_ethical_1,p0369,88
2071,perfect prawn,trust_ethical_1,p0370,65
2072,perfect prawn,trust_ethical_1,p0371,68
2073,perfect prawn,trust_ethical_1,p0379,68
2074,perfect prawn,trust_ethical_1,p0386,78
2075,perfect prawn,trust_ethical_1,p0396,78
2076,perfect prawn,trust_ethical_1,p0403,78
2077,perfect prawn,trust_ethical_1,p0405,78
2078,perfect prawn,trust_ethical_1,p0412,78
2079,perfect prawn,trust_ethical_1,p0415,62
2080,perfect prawn,trust_ethical_1,p0416,78
2081,perfect prawn,trust_ethical_1,p0417,78
2082,perfect prawn,trust_ethical_1,p0418,68
2083,perfect prawn,trust_ethical_1,p0430,82
2084,perfect prawn,trust_ethical_1,p0431,82
2085,perfect prawn,trust_ethical_1,p0434,35
2086,perfect prawn,trust_ethical_1,p0438,78
2087,perfect prawn,trust_ethical_1,p0441,78
2088,perfect prawn,trust_ethical_1,p0442,45
2089,perfect prawn,trust_ethical_1,p0449,68
2090,perfect prawn,trust_ethical_1,p0450,75
2091,perfect prawn,trust_ethical_1,p0465,65
2092,perfect prawn,trust_ethical_1,p0471,78
2093,perfect prawn,trust_ethical_1,p0477,78
2094,perfect prawn,trust_ethical_1,p0483,72
2095,perfect prawn,trust_ethical_1,p0486,75
2096,perfect prawn,trust_ethical_1,p0487,78
2097,perfect prawn,trust_ethical_1,p0489,78
2098,perfect prawn,trust_ethical_1,p0497,75
2099,perfect prawn,trust_ethical_1,p0502,68
2100,perfect prawn,trust_ethical_1,p0503,78
2101,perfect prawn,trust_ethical_1,p0506,68
2102,perfect prawn,trust_ethical_1,p0511,78
2103,perfect prawn,trust_ethical_1,p0523,78
2104,perfect prawn,trust_ethical_1,p0534,88
2105,perfect prawn,trust_ethical_1,p0536,78
2106,perfect prawn,trust_ethical_1,p0542,62
2107,perfect prawn,trust_ethical_1,p0547,78
2108,perfect prawn,trust_ethical_1,p0553,78
2109,perfect prawn,trust_ethical_1,p0559,75
2110,perfect prawn,trust_ethical_1,p0566,72
2111,perfect prawn,trust_ethical_1,p0568,78
2112,perfect prawn,trust_ethical_1,p0570,35
2113,perfect prawn,trust_ethical_1,p0573,78
2114,perfect prawn,trust_ethical_1,p0578,72
2115,perfect prawn,trust_ethical_1,p0594,62
2116,perfect prawn,trust_ethical_1,p0597,78
2117,perfect prawn,trust_ethical_1,p0601,75
2118,perfect prawn,trust_ethical_1,p0602,65
2119,perfect prawn,trust_ethical_1,p0605,75
2120,perfect prawn,trust_ethical_1,p0615,72
2121,perfect prawn,trust_ethical_1,p0620,75
2122,perfect prawn,trust_ethical_1,p0626,75
2123,perfect prawn,trust_ethical_1,p0629,78
2124,perfect prawn,trust_ethical_1,p0633,68
2125,perfect prawn,trust_ethical_1,p0638,78
2126,perfect prawn,trust_ethical_1,p0639,75
2127,perfect prawn,trust_ethical_1,p0640,68
2128,perfect prawn,trust_ethical_1,p0655,75
2129,perfect prawn,trust_ethical_1,p0656,75
2130,perfect prawn,trust_ethical_1,p0658,75
2131,perfect prawn,trust_ethical_1,p0661,68
2132,perfect prawn,trust_ethical_1,p0669,78
2133,perfect prawn,trust_ethical_1,p0670,58
2134,perfect prawn,trust_ethical_1,p0672,75
2135,perfect prawn,trust_ethical_1,p0674,78
2136,perfect prawn,trust_ethical_1,p0678,78
2137,perfect prawn,trust_ethical_1,p0683,78
2138,perfect prawn,trust_ethical_1,p0686,68
2139,perfect prawn,trust_ethical_1,p0687,78
2140,perfect prawn,trust_ethical_1,p0698,75
2141,perfect prawn,trust_ethical_1,p0700,68
2142,perfect prawn,trust_ethical_1,p0703,75
2143,perfect prawn,trust_ethical_1,p0718,78
2144,perfect prawn,trust_ethical_1,p0744,78
2145,perfect prawn,trust_ethical_1,p0745,78
2146,perfect prawn,trust_ethical_1,p0753,65
2147,perfect prawn,trust_ethical_1,p0770,78
2148,perfect prawn,trust_ethical_1,p0771,75
2149,perfect prawn,trust_ethical_1,p0777,88
2150,perfect prawn,trust_ethical_1,p0779,78
2151,perfect prawn,trust_ethical_1,p0780,65
2152,perfect prawn,trust_ethical_1,p0783,72
2153,perfect prawn,trust_ethical_1,p0785,72
2154,perfect prawn,trust_ethical_1,p0786,68
2155,perfect prawn,trust_ethical_1,p0794,35
2156,perfect prawn,trust_ethical_1,p0798,65
2157,perfect prawn,trust_ethical_1,p0800,78
2158,perfect prawn,trust_ethical_1,p0820,62
2159,perfect prawn,trust_ethical_1,p0841,75
2160,perfect prawn,trust_ethical_1,p0849,78
2161,perfect prawn,trust_ethical_1,p0862,85
2162,perfect prawn,trust_ethical_1,p0867,78
2163,perfect prawn,trust_ethical_1,p0869,78
2164,perfect prawn,trust_ethical_1,p0872,78
2165,perfect prawn,trust_ethical_1,p0880,78
2166,perfect prawn,trust_ethical_1,p0891,78
2167,perfect prawn,trust_ethical_1,p0916,78
2168,perfect prawn,trust_ethical_1,p0917,78
2169,perfect prawn,trust_ethical_1,p0919,78
2170,perfect prawn,trust_ethical_1,p0922,68
2171,perfect prawn,trust_ethical_1,p0925,72
2172,perfect prawn,trust_ethical_1,p0927,75
2173,perfect prawn,trust_ethical_1,p0929,78
2174,perfect prawn,trust_ethical_1,p0930,75
2175,perfect prawn,trust_ethical_1,p0931,55
2176,perfect prawn,trust_ethical_1,p0933,78
2177,perfect prawn,trust_ethical_1,p0934,65
2178,perfect prawn,trust_ethical_1,p0936,78
2179,perfect prawn,trust_ethical_1,p0938,78
2180,perfect prawn,trust_ethical_1,p0939,72
2181,perfect prawn,trust_ethical_1,p0946,68
2182,perfect prawn,trust_ethical_1,p0951,75
2183,perfect prawn,trust_ethical_1,p0956,78
2184,perfect prawn,trust_ethical_1,p0962,75
2185,perfect prawn,trust_ethical_1,p0963,78
2186,perfect prawn,trust_ethical_1,p0969,75
2187,perfect prawn,trust_ethical_1,p0972,68
2188,perfect prawn,trust_ethical_1,p0975,75
2189,perfect prawn,trust_ethical_1,p0985,55
2190,perfect prawn,trust_ethical_1,p0993,78
2191,perfect prawn,trust_ethical_1,p0996,68
2192,perfect prawn,trust_ethical_1,p1011,65
2193,perfect prawn,trust_ethical_1,p1017,55
2194,perfect prawn,trust_ethical_1,p1020,72
2195,perfect prawn,trust_ethical_1,p1022,78
2196,perfect prawn,trust_ethical_1,p1024,45
2197,perfect prawn,trust_ethical_1,p1027,82
2198,perfect prawn,trust_ethical_1,p1028,88
2199,perfect prawn,trust_ethical_1,p1029,45
2200,perfect prawn,trust_ethical_1,p1032,75
2201,perfect prawn,trust_ethical_1,p1040,78
2202,perfect prawn,trust_ethical_1,p1047,65
2203,perfect prawn,trust_ethical_1,p1048,68
2204,perfect prawn,trust_ethical_1,p1053,68
2205,perfect prawn,trust_ethical_1,p1057,75
2206,perfect prawn,trust_ethical_1,p1058,75
2207,perfect prawn,trust_ethical_1,p1063,55
2208,perfect prawn,trust_ethical_1,p1064,78
2209,perfect prawn,trust_ethical_1,p1065,68
2210,perfect prawn,trust_ethical_1,p1069,65
2211,perfect prawn,trust_ethical_1,p1072,78
2212,perfect prawn,trust_ethical_1,p1073,72
2213,perfect prawn,trust_ethical_1,p1075,78
2214,perfect prawn,trust_ethical_1,p1076,55
2215,perfect prawn,trust_ethical_1,p1083,68
2216,perfect prawn,trust_ethical_1,p1089,78
2217,perfect prawn,trust_ethical_1,p1093,78
2218,perfect prawn,trust_ethical_1,p1096,78
2219,perfect prawn,trust_ethical_1,p1100,75
2220,perfect prawn,trust_ethical_1,p1106,78
2221,perfect prawn,trust_ethical_1,p1107,72
2222,perfect prawn,trust_ethical_1,p1113,75
2223,perfect prawn,trust_ethical_1,p1117,35
2224,perfect prawn,trust_ethical_1,p1120,72
2225,perfect prawn,trust_ethical_1,p1134,72
2226,perfect prawn,trust_ethical_1,p1136,58
2227,perfect prawn,trust_ethical_1,p1138,75
2228,perfect prawn,trust_ethical_1,p1144,65
2229,perfect prawn,trust_ethical_1,p1145,82
2230,perfect prawn,trust_ethical_1,p1147,88
2231,perfect prawn,trust_ethical_1,p1148,78
2232,perfect prawn,trust_ethical_1,p1154,85
2233,perfect prawn,trust_ethical_1,p1159,78
2234,perfect prawn,trust_ethical_1,p1167,78
2235,perfect prawn,trust_ethical_1,p1175,78
2236,perfect prawn,trust_ethical_1,p1178,72
2237,perfect prawn,trust_ethical_1,p1184,68
2238,perfect prawn,trust_ethical_1,p1186,78
2239,perfect prawn,trust_ethical_1,p1196,75
2240,perfect prawn,trust_ethical_1,p1197,65
2241,perfect prawn,trust_ethical_1,p1203,78
2242,perfect prawn,trust_ethical_1,p1219,62
2243,perfect prawn,trust_ethical_1,p1225,68
2244,perfect prawn,trust_ethical_1,p1234,78
2245,perfect prawn,trust_ethical_1,p1242,68
2246,perfect prawn,trust_ethical_1,p1244,75
2247,perfect prawn,trust_ethical_1,p1249,68
2248,perfect prawn,trust_ethical_1,p1250,75
2249,perfect prawn,trust_ethical_1,p1256,78
2250,perfect prawn,trust_ethical_1,p1258,78
2251,perfect prawn,trust_ethical_1,p1260,68
2252,perfect prawn,trust_ethical_1,p1262,65
2253,perfect prawn,trust_ethical_1,p1264,75
2254,perfect prawn,trust_ethical_1,p1265,78
2255,perfect prawn,trust_ethical_1,p1269,75
2256,perfect prawn,trust_ethical_1,p1272,75
2257,perfect prawn,trust_ethical_1,p1278,78
2258,perfect prawn,trust_ethical_1,p1281,75
2259,perfect prawn,trust_ethical_1,p1292,68
2260,perfect prawn,trust_ethical_1,p1299,68
2261,perfect prawn,trust_ethical_1,p1312,68
2262,perfect prawn,trust_ethical_1,p1322,75
2263,perfect prawn,trust_ethical_1,p1326,78
2264,perfect prawn,trust_ethical_1,p1330,75
2265,perfect prawn,trust_ethical_1,p1335,78
2266,perfect prawn,trust_ethical_1,p1337,78
2267,perfect prawn,trust_ethical_1,p1340,78
2268,perfect prawn,trust_ethical_1,p1345,75
2269,perfect prawn,trust_ethical_1,p1351,68
2270,perfect prawn,trust_ethical_1,p1355,68
2271,perfect prawn,trust_ethical_1,p1362,75
2272,perfect prawn,trust_ethical_1,p1365,68
2273,perfect prawn,trust_ethical_1,p1366,68
2274,perfect prawn,trust_ethical_1,p1367,68
2275,perfect prawn,trust_ethical_1,p1370,78
2276,perfect prawn,trust_ethical_1,p1371,85
2277,perfect prawn,trust_ethical_1,p1373,75
2278,perfect prawn,trust_ethical_1,p1375,75
2279,perfect prawn,trust_ethical_1,p1376,75
2280,perfect prawn,trust_ethical_1,p1379,68
2281,perfect prawn,trust_ethical_1,p1381,68
2282,perfect prawn,trust_ethical_1,p1393,78
2283,perfect prawn,trust_ethical_1,p1396,85
2284,perfect prawn,trust_ethical_1,p1398,75
2285,perfect prawn,trust_ethical_1,p1404,75
2286,perfect prawn,trust_ethical_1,p1406,72
2287,perfect prawn,trust_ethical_1,p1407,68
2288,perfect prawn,trust_ethical_1,p1409,68
2289,perfect prawn,trust_ethical_1,p1412,78
2290,perfect prawn,trust_ethical_1,p1414,82
2291,perfect prawn,trust_ethical_1,p1424,68
2292,perfect prawn,trust_ethical_1,p1425,65
2293,perfect prawn,trust_ethical_1,p1429,65
2294,perfect prawn,trust_ethical_1,p1434,75
2295,perfect prawn,trust_ethical_1,p1441,65
2296,perfect prawn,trust_ethical_1,p1445,68
2297,perfect prawn,trust_ethical_1,p1450,78
2298,perfect prawn,trust_ethical_1,p1454,75
2299,perfect prawn,trust_ethical_1,p1456,68
2300,perfect prawn,trust_ethical_1,p1457,65
2301,perfect prawn,trust_ethical_1,p1458,82
2302,perfect prawn,trust_ethical_1,p1469,78
2303,perfect prawn,trust_ethical_1,p1470,75
2304,perfect prawn,trust_ethical_1,p1481,75
2305,perfect prawn,trust_ethical_1,p1488,75
2306,perfect prawn,trust_ethical_1,p1492,68
2307,perfect prawn,trust_ethical_1,p1495,75
2308,perfect prawn,trust_ethical_1,p1497,75
2309,perfect prawn,trust_ethical_1,p1499,68
2310,perfect prawn,trust_ethical_1,p1503,75
2311,perfect prawn,trust_ethical_1,p1511,78
2312,perfect prawn,trust_ethical_1,p1512,68
2313,perfect prawn,trust_ethical_1,p1518,75
2314,perfect prawn,trust_ethical_1,p1519,75
2315,perfect prawn,trust_ethical_1,p1520,65
2316,perfect prawn,trust_ethical_1,p1524,78
2317,perfect prawn,trust_ethical_1,p1526,75
2318,perfect prawn,trust_ethical_1,p1537,75
2319,perfect prawn,trust_ethical_1,p1545,78
2320,perfect prawn,trust_ethical_1,p1547,78
2321,perfect prawn,trust_ethical_1,p1552,78
2322,perfect prawn,trust_ethical_1,p1567,78
2323,perfect prawn,trust_ethical_1,p1568,78
2324,perfect prawn,trust_ethical_1,p1579,45
2325,perfect prawn,trust_ethical_1,p1587,45
2326,perfect prawn,trust_ethical_1,p1596,55
2327,perfect prawn,trust_ethical_1,p1600,78
2328,perfect prawn,trust_ethical_1,p1603,72
2329,perfect prawn,trust_ethical_1,p1604,78
2330,perfect prawn,trust_ethical_1,p1610,68
2331,perfect prawn,trust_ethical_1,p1618,65
2332,perfect prawn,trust_ethical_1,p1619,88
2333,perfect prawn,trust_ethical_1,p1622,78
2334,perfect prawn,trust_ethical_1,p1623,45
2335,perfect prawn,trust_ethical_1,p1630,62
2336,perfect prawn,trust_ethical_1,p1641,78
2337,perfect prawn,trust_ethical_1,p1649,65
2338,perfect prawn,trust_ethical_1,p1652,68
2339,perfect prawn,trust_ethical_1,p1665,68
2340,perfect prawn,trust_ethical_1,p1669,55
2341,perfect prawn,trust_ethical_1,p1685,68
2342,perfect prawn,trust_ethical_1,p1693,72
2343,perfect prawn,trust_ethical_1,p1698,78
2344,perfect prawn,trust_ethical_1,p1704,72
2345,perfect prawn,trust_ethical_1,p1711,78
2346,perfect prawn,trust_ethical_1,p1718,55
2347,perfect prawn,trust_ethical_1,p1732,58
2348,perfect prawn,trust_ethical_1,p1739,75
2349,perfect prawn,trust_ethical_1,p1741,78
2350,perfect prawn,trust_ethical_1,p1746,68
2351,perfect prawn,trust_ethical_1,p1751,65
2352,perfect prawn,trust_ethical_1,p1754,78
2353,perfect prawn,trust_ethical_1,p1769,75
2354,perfect prawn,trust_ethical_1,p1771,78
2355,perfect prawn,trust_ethical_1,p1776,65
2356,perfect prawn,trust_ethical_1,p1780,75
2357,perfect prawn,trust_ethical_1,p1785,65
2358,perfect prawn,trust_ethical_1,p1791,78
2359,perfect prawn,trust_ethical_1,p1793,75
2360,perfect prawn,trust_ethical_1,p1796,68
2361,perfect prawn,trust_ethical_1,p1805,72
2362,perfect prawn,trust_ethical_1,p1812,78
2363,perfect prawn,trust_ethical_1,p1816,65
2364,perfect prawn,trust_ethical_1,p1819,75
2365,perfect prawn,trust_ethical_1,p1825,78
2366,perfect prawn,trust_ethical_1,p1836,78
2367,perfect prawn,trust_ethical_1,p1839,78
2368,perfect prawn,trust_ethical_1,p1861,75
2369,perfect prawn,trust_ethical_1,p1863,75
2370,perfect prawn,trust_ethical_1,p1873,72
2371,perfect prawn,trust_ethical_1,p1875,72
2372,perfect prawn,trust_ethical_1,p1876,85
2373,perfect prawn,trust_ethical_1,p1877,78
2374,perfect prawn,trust_ethical_1,p1880,68
2375,perfect prawn,trust_ethical_1,p1883,65
2376,perfect prawn,trust_ethical_1,p1889,45
2377,perfect prawn,trust_ethical_1,p1893,78
2378,perfect prawn,trust_ethical_1,p1896,75
2379,perfect prawn,trust_ethical_1,p1913,78
2380,perfect prawn,trust_ethical_1,p1922,85
2381,perfect prawn,trust_ethical_1,p1930,78
2382,perfect prawn,trust_ethical_1,p1935,78
2383,perfect prawn,trust_ethical_1,p1940,78
2384,perfect prawn,trust_ethical_1,p1948,75
2385,perfect prawn,trust_ethical_1,p1950,75
2386,perfect prawn,trust_ethical_1,p1954,68
2387,perfect prawn,trust_ethical_1,p1956,55
2388,perfect prawn,trust_ethical_1,p1958,75
2389,perfect prawn,trust_ethical_1,p1967,78
2390,perfect prawn,trust_ethical_1,p1973,88
2391,perfect prawn,trust_ethical_1,p1978,78
2392,perfect prawn,trust_ethical_1,p1983,62
2393,perfect prawn,trust_ethical_1,p1984,62
2394,perfect prawn,trust_ethical_1,p1995,75
2395,perfect prawn,trust_ethical_1,p1996,68
2396,perfect prawn,trust_ethical_1,p1997,68
2397,perfect prawn,trust_ethical_1,p2001,78
2398,perfect prawn,trust_ethical_1,p2002,65
2399,perfect prawn,trust_ethical_1,p2013,82
2400,perfect prawn,trust_ethical_1,p2014,65
2401,perfect prawn,trust_ethical_1,p2016,78
2402,perfect prawn,trust_ethical_1,p2018,58
2403,perfect prawn,trust_ethical_1,p2023,78
2404,perfect prawn,trust_ethical_1,p2025,75
2405,perfect prawn,trust_ethical_1,p2028,68
2406,perfect prawn,trust_ethical_1,p2030,78
2407,perfect prawn,trust_ethical_1,p2033,78
2408,perfect prawn,trust_ethical_1,p2040,45
2409,perfect prawn,trust_ethical_1,p2051,75
2410,perfect prawn,trust_ethical_1,p2052,68
2411,perfect prawn,trust_ethical_1,p2066,65
2412,perfect prawn,trust_ethical_1,p2067,78
2413,perfect prawn,trust_ethical_1,p2073,78
2414,perfect prawn,trust_ethical_1,p2077,72
2415,perfect prawn,trust_ethical_1,p2078,75
2416,perfect prawn,trust_ethical_1,p2086,78
2417,perfect prawn,trust_ethical_1,p2089,78
2418,perfect prawn,trust_ethical_1,p2093,45
2419,perfect prawn,trust_ethical_1,p2094,78
2420,perfect prawn,trust_ethical_1,p2111,78
2421,perfect prawn,trust_ethical_1,p2117,78
2422,perfect prawn,trust_ethical_1,p2121,75
2423,perfect prawn,trust_ethical_1,p2127,75
2424,perfect prawn,trust_ethical_1,p2141,75
2425,perfect prawn,trust_ethical_1,p2142,45
2426,perfect prawn,trust_ethical_1,p2143,78
2427,perfect prawn,trust_ethical_1,p2153,75
2428,perfect prawn,trust_ethical_1,p2155,68
2429,perfect prawn,trust_ethical_1,p2169,55
2430,perfect prawn,trust_ethical_1,p2187,75
2431,perfect prawn,trust_ethical_1,p2188,78
2432,perfect prawn,trust_ethical_1,p2197,75
2433,perfect prawn,trust_ethical_1,p2213,75
2434,perfect prawn,trust_ethical_1,p2214,78
2435,perfect prawn,trust_ethical_1,p2215,78
2436,perfect prawn,trust_ethical_1,p2220,75
2437,perfect prawn,trust_ethical_1,p2223,68
2438,perfect prawn,trust_ethical_1,p2229,72
2439,perfect prawn,trust_ethical_1,p2234,75
2440,perfect prawn,trust_ethical_1,p2237,78
2441,perfect prawn,trust_ethical_1,p2238,75
2442,perfect prawn,trust_ethical_1,p2244,75
2443,perfect prawn,trust_ethical_1,p2248,75
2444,perfect prawn,trust_ethical_1,p2252,78
2445,perfect prawn,trust_ethical_1,p2255,35
2446,perfect prawn,trust_ethical_1,p2261,45
2447,perfect prawn,trust_ethical_1,p2263,78
2448,perfect prawn,trust_ethical_1,p2273,78
2449,perfect prawn,trust_ethical_1,p2275,78
2450,perfect prawn,trust_ethical_1,p2276,68
2451,perfect prawn,trust_ethical_1,p2283,65
2452,perfect prawn,trust_ethical_1,p2287,75
2453,perfect prawn,trust_ethical_1,p2296,68
2454,perfect prawn,trust_ethical_1,p2298,68
2455,perfect prawn,trust_ethical_1,p2304,78
2456,perfect prawn,trust_ethical_1,p2310,68
2457,perfect prawn,trust_ethical_1,p2322,62
2458,perfect prawn,trust_ethical_1,p2326,75
2459,perfect prawn,trust_ethical_1,p2330,68
2460,perfect prawn,trust_ethical_1,p2331,78
2461,perfect prawn,trust_ethical_1,p2333,68
2462,perfect prawn,trust_ethical_1,p2347,78
2463,perfect prawn,trust_ethical_1,p2350,68
2464,perfect prawn,trust_ethical_1,p2351,78
2465,perfect prawn,trust_ethical_1,p2353,75
2466,perfect prawn,trust_ethical_1,p2355,75
2467,perfect prawn,trust_ethical_1,p2363,65
2468,perfect prawn,trust_ethical_1,p2378,78
2469,perfect prawn,trust_ethical_1,p2380,78
2470,perfect prawn,trust_ethical_1,p2387,78
2471,perfect prawn,trust_ethical_1,p2398,78
2472,perfect prawn,trust_ethical_1,p2400,78
2473,perfect prawn,trust_ethical_1,p2403,78
2474,perfect prawn,trust_ethical_1,p2408,45
2475,perfect prawn,trust_ethical_1,p2418,75
2476,perfect prawn,trust_ethical_1,p2426,78
2477,perfect prawn,trust_ethical_1,p2428,68
2478,perfect prawn,trust_ethical_1,p2434,78
2479,perfect prawn,trust_ethical_1,p2446,65
2480,perfect prawn,trust_ethical_1,p2452,65
2481,perfect prawn,trust_ethical_1,p2454,68
2482,perfect prawn,trust_ethical_1,p2462,78
2483,perfect prawn,trust_ethical_1,p2467,35
2484,perfect prawn,trust_ethical_1,p2482,75
2485,perfect prawn,trust_ethical_1,p2489,65
2486,perfect prawn,trust_ethical_1,p2490,72
2487,perfect prawn,trust_ethical_1,p2494,68
2488,perfect prawn,trust_ethical_1,p2502,78
2489,perfect prawn,trust_ethical_1,p2503,78
2490,perfect prawn,trust_ethical_1,p2522,78
2491,perfect prawn,trust_ethical_1,p2524,78
2492,perfect prawn,trust_ethical_1,p2533,45
2493,perfect prawn,trust_ethical_1,p2566,78
2494,perfect prawn,trust_ethical_1,p2571,78
2495,perfect prawn,trust_ethical_1,p2573,68
2496,perfect prawn,trust_ethical_1,p2582,75
2497,perfect prawn,trust_ethical_1,p2591,68
2498,perfect prawn,trust_ethical_1,p2592,75
2499,perfect prawn,trust_ethical_1,p2595,45
2500,perfect prawn,trust_sincere_1,p0016,78
2501,perfect prawn,trust_sincere_1,p0022,72
2502,perfect prawn,trust_sincere_1,p0023,78
2503,perfect prawn,trust_sincere_1,p0026,75
2504,perfect prawn,trust_sincere_1,p0034,62
2505,perfect prawn,trust_sincere_1,p0036,68
2506,perfect prawn,trust_sincere_1,p0037,72
2507,perfect prawn,trust_sincere_1,p0042,72
2508,perfect prawn,trust_sincere_1,p0057,68
2509,perfect prawn,trust_sincere_1,p0066,78
2510,perfect prawn,trust_sincere_1,p0069,68
2511,perfect prawn,trust_sincere_1,p0072,78
2512,perfect prawn,trust_sincere_1,p0073,72
2513,perfect prawn,trust_sincere_1,p0082,78
2514,perfect prawn,trust_sincere_1,p0091,78
2515,perfect prawn,trust_sincere_1,p0092,65
2516,perfect prawn,trust_sincere_1,p0093,78
2517,perfect prawn,trust_sincere_1,p0095,78
2518,perfect prawn,trust_sincere_1,p0107,62
2519,perfect prawn,trust_sincere_1,p0114,78
2520,perfect prawn,trust_sincere_1,p0116,68
2521,perfect prawn,trust_sincere_1,p0118,62
2522,perfect prawn,trust_sincere_1,p0119,78
2523,perfect prawn,trust_sincere_1,p0126,72
2524,perfect prawn,trust_sincere_1,p0129,78
2525,perfect prawn,trust_sincere_1,p0136,62
2526,perfect prawn,trust_sincere_1,p0138,68
2527,perfect prawn,trust_sincere_1,p0144,68
2528,perfect prawn,trust_sincere_1,p0150,62
2529,perfect prawn,trust_sincere_1,p0152,68
2530,perfect prawn,trust_sincere_1,p0158,62
2531,perfect prawn,trust_sincere_1,p0161,75
2532,perfect prawn,trust_sincere_1,p0164,62
2533,perfect prawn,trust_sincere_1,p0175,75
2534,perfect prawn,trust_sincere_1,p0177,78
2535,perfect prawn,trust_sincere_1,p0178,78
2536,perfect prawn,trust_sincere_1,p0181,35
2537,perfect prawn,trust_sincere_1,p0186,65
2538,perfect prawn,trust_sincere_1,p0196,72
2539,perfect prawn,trust_sincere_1,p0198,78
2540,perfect prawn,trust_sincere_1,p0202,78
2541,perfect prawn,trust_sincere_1,p0205,62
2542,perfect prawn,trust_sincere_1,p0207,65
2543,perfect prawn,trust_sincere_1,p0211,62
2544,perfect prawn,trust_sincere_1,p0227,85
2545,perfect prawn,trust_sincere_1,p0229,68
2546,perfect prawn,trust_sincere_1,p0232,78
2547,perfect prawn,trust_sincere_1,p0233,65
2548,perfect prawn,trust_sincere_1,p0237,82
2549,perfect prawn,trust_sincere_1,p0258,72
2550,perfect prawn,trust_sincere_1,p0268,45
2551,perfect prawn,trust_sincere_1,p0274,78
2552,perfect prawn,trust_sincere_1,p0275,35
2553,perfect prawn,trust_sincere_1,p0277,62
2554,perfect prawn,trust_sincere_1,p0288,75
2555,perfect prawn,trust_sincere_1,p0291,78
2556,perfect prawn,trust_sincere_1,p0307,65
2557,perfect prawn,trust_sincere_1,p0308,75
2558,perfect prawn,trust_sincere_1,p0317,45
2559,perfect prawn,trust_sincere_1,p0325,78
2560,perfect prawn,trust_sincere_1,p0327,78
2561,perfect prawn,trust_sincere_1,p0334,78
2562,perfect prawn,trust_sincere_1,p0336,78
2563,perfect prawn,trust_sincere_1,p0338,45
2564,perfect prawn,trust_sincere_1,p0342,78
2565,perfect prawn,trust_sincere_1,p0349,68
2566,perfect prawn,trust_sincere_1,p0356,68
2567,perfect prawn,trust_sincere_1,p0358,75
2568,perfect prawn,trust_sincere_1,p0363,75
2569,perfect prawn,trust_sincere_1,p0364,78
2570,perfect prawn,trust_sincere_1,p0369,82
2571,perfect prawn,trust_sincere_1,p0370,62
2572,perfect prawn,trust_sincere_1,p0371,68
2573,perfect prawn,trust_sincere_1,p0379,62
2574,perfect prawn,trust_sincere_1,p0386,78
2575,perfect prawn,trust_sincere_1,p0396,78
2576,perfect prawn,trust_sincere_1,p0403,75
2577,perfect prawn,trust_sincere_1,p0405,78
2578,perfect prawn,trust_sincere_1,p0412,78
2579,perfect prawn,trust_sincere_1,p0415,45
2580,perfect prawn,trust_sincere_1,p0416,78
2581,perfect prawn,trust_sincere_1,p0417,78
2582,perfect prawn,trust_sincere_1,p0418,68
2583,perfect prawn,trust_sincere_1,p0430,78
2584,perfect prawn,trust_sincere_1,p0431,78
2585,perfect prawn,trust_sincere_1,p0434,35
2586,perfect prawn,trust_sincere_1,p0438,78
2587,perfect prawn,trust_sincere_1,p0441,78
2588,perfect prawn,trust_sincere_1,p0442,35
2589,perfect prawn,trust_sincere_1,p0449,68
2590,perfect prawn,trust_sincere_1,p0450,75
2591,perfect prawn,trust_sincere_1,p0465,62
2592,perfect prawn,trust_sincere_1,p0471,72
2593,perfect prawn,trust_sincere_1,p0477,68
2594,perfect prawn,trust_sincere_1,p0483,72
2595,perfect prawn,trust_sincere_1,p0486,78
2596,perfect prawn,trust_sincere_1,p0487,78
2597,perfect prawn,trust_sincere_1,p0489,78
2598,perfect prawn,trust_sincere_1,p0497,65
2599,perfect prawn,trust_sincere_1,p0502,68
2600,perfect prawn,trust_sincere_1,p0503,78
2601,perfect prawn,trust_sincere_1,p0506,62
2602,perfect prawn,trust_sincere_1,p0511,72
2603,perfect prawn,trust_sincere_1,p0523,78
2604,perfect prawn,trust_sincere_1,p0534,85
2605,perfect prawn,trust_sincere_1,p0536,72
2606,perfect prawn,trust_sincere_1,p0542,45
2607,perfect prawn,trust_sincere_1,p0547,75
2608,perfect prawn,trust_sincere_1,p0553,78
2609,perfect prawn,trust_sincere_1,p0559,75
2610,perfect prawn,trust_sincere_1,p0566,72
2611,perfect prawn,trust_sincere_1,p0568,65
2612,perfect prawn,trust_sincere_1,p0570,45
2613,perfect prawn,trust_sincere_1,p0573,68
2614,perfect prawn,trust_sincere_1,p0578,72
2615,perfect prawn,trust_sincere_1,p0594,68
2616,perfect prawn,trust_sincere_1,p0597,78
2617,perfect prawn,trust_sincere_1,p0601,72
2618,perfect prawn,trust_sincere_1,p0602,62
2619,perfect prawn,trust_sincere_1,p0605,68
2620,perfect prawn,trust_sincere_1,p0615,68
2621,perfect prawn,trust_sincere_1,p0620,78
2622,perfect prawn,trust_sincere_1,p0626,75
2623,perfect prawn,trust_sincere_1,p0629,78
2624,perfect prawn,trust_sincere_1,p0633,68
2625,perfect prawn,trust_sincere_1,p0638,78
2626,perfect prawn,trust_sincere_1,p0639,72
2627,perfect prawn,trust_sincere_1,p0640,62
2628,perfect prawn,trust_sincere_1,p0655,75
2629,perfect prawn,trust_sincere_1,p0656,72
2630,perfect prawn,trust_sincere_1,p0658,65
2631,perfect prawn,trust_sincere_1,p0661,68
2632,perfect prawn,trust_sincere_1,p0669,78
2633,perfect prawn,trust_sincere_1,p0670,68
2634,perfect prawn,trust_sincere_1,p0672,78
2635,perfect prawn,trust_sincere_1,p0674,78
2636,perfect prawn,trust_sincere_1,p0678,78
2637,perfect prawn,trust_sincere_1,p0683,78
2638,perfect prawn,trust_sincere_1,p0686,62
2639,perfect prawn,trust_sincere_1,p0687,78
2640,perfect prawn,trust_sincere_1,p0698,72
2641,perfect prawn,trust_sincere_1,p0700,68
2642,perfect prawn,trust_sincere_1,p0703,65
2643,perfect prawn,trust_sincere_1,p0718,68
2644,perfect prawn,trust_sincere_1,p0744,78
2645,perfect prawn,trust_sincere_1,p0745,78
2646,perfect prawn,trust_sincere_1,p0753,62
2647,perfect prawn,trust_sincere_1,p0770,78
2648,perfect prawn,trust_sincere_1,p0771,75
2649,perfect prawn,trust_sincere_1,p0777,88
2650,perfect prawn,trust_sincere_1,p0779,78
2651,perfect prawn,trust_sincere_1,p0780,62
2652,perfect prawn,trust_sincere_1,p0783,65
2653,perfect prawn,trust_sincere_1,p0785,72
2654,perfect prawn,trust_sincere_1,p0786,65
2655,perfect prawn,trust_sincere_1,p0794,35
2656,perfect prawn,trust_sincere_1,p0798,35
2657,perfect prawn,trust_sincere_1,p0800,78
2658,perfect prawn,trust_sincere_1,p0820,45
2659,perfect prawn,trust_sincere_1,p0841,72
2660,perfect prawn,trust_sincere_1,p0849,72
2661,perfect prawn,trust_sincere_1,p0862,78
2662,perfect prawn,trust_sincere_1,p0867,75
2663,perfect prawn,trust_sincere_1,p0869,78
2664,perfect prawn,trust_sincere_1,p0872,78
2665,perfect prawn,trust_sincere_1,p0880,75
2666,perfect prawn,trust_sincere_1,p0891,68
2667,perfect prawn,trust_sincere_1,p0916,78
2668,perfect prawn,trust_sincere_1,p0917,78
2669,perfect prawn,trust_sincere_1,p0919,78
2670,perfect prawn,trust_sincere_1,p0922,68
2671,perfect prawn,trust_sincere_1,p0925,72
2672,perfect prawn,trust_sincere_1,p0927,75
2673,perfect prawn,trust_sincere_1,p0929,68
2674,perfect prawn,trust_sincere_1,p0930,65
2675,perfect prawn,trust_sincere_1,p0931,45
2676,perfect prawn,trust_sincere_1,p0933,65
2677,perfect prawn,trust_sincere_1,p0934,55
2678,perfect prawn,trust_sincere_1,p0936,78
2679,perfect prawn,trust_sincere_1,p0938,78
2680,perfect prawn,trust_sincere_1,p0939,72
2681,perfect prawn,trust_sincere_1,p0946,68
2682,perfect prawn,trust_sincere_1,p0951,68
2683,perfect prawn,trust_sincere_1,p0956,75
2684,perfect prawn,trust_sincere_1,p0962,75
2685,perfect prawn,trust_sincere_1,p0963,78
2686,perfect prawn,trust_sincere_1,p0969,65
2687,perfect prawn,trust_sincere_1,p0972,62
2688,perfect prawn,trust_sincere_1,p0975,65
2689,perfect prawn,trust_sincere_1,p0985,35
2690,perfect prawn,trust_sincere_1,p0993,75
2691,perfect prawn,trust_sincere_1,p0996,68
2692,perfect prawn,trust_sincere_1,p1011,62
2693,perfect prawn,trust_sincere_1,p1017,68
2694,perfect prawn,trust_sincere_1,p1020,72
2695,perfect prawn,trust_sincere_1,p1022,78
2696,perfect prawn,trust_sincere_1,p1024,35
2697,perfect prawn,trust_sincere_1,p1027,78
2698,perfect prawn,trust_sincere_1,p1028,78
2699,perfect prawn,trust_sincere_1,p1029,45
2700,perfect prawn,trust_sincere_1,p1032,68
2701,perfect prawn,trust_sincere_1,p1040,75
2702,perfect prawn,trust_sincere_1,p1047,62
2703,perfect prawn,trust_sincere_1,p1048,72
2704,perfect prawn,trust_sincere_1,p1053,68
2705,perfect prawn,trust_sincere_1,p1057,65
2706,perfect prawn,trust_sincere_1,p1058,68
2707,perfect prawn,trust_sincere_1,p1063,45
2708,perfect prawn,trust_sincere_1,p1064,75
2709,perfect prawn,trust_sincere_1,p1065,62
2710,perfect prawn,trust_sincere_1,p1069,65
2711,perfect prawn,trust_sincere_1,p1072,78
2712,perfect prawn,trust_sincere_1,p1073,72
2713,perfect prawn,trust_sincere_1,p1075,78
2714,perfect prawn,trust_sincere_1,p1076,55
2715,perfect prawn,trust_sincere_1,p1083,68
2716,perfect prawn,trust_sincere_1,p1089,78
2717,perfect prawn,trust_sincere_1,p1093,78
2718,perfect prawn,trust_sincere_1,p1096,78
2719,perfect prawn,trust_sincere_1,p1100,68
2720,perfect prawn,trust_sincere_1,p1106,78
2721,perfect prawn,trust_sincere_1,p1107,65
2722,perfect prawn,trust_sincere_1,p1113,65
2723,perfect prawn,trust_sincere_1,p1117,35
2724,perfect prawn,trust_sincere_1,p1120,68
2725,perfect prawn,trust_sincere_1,p1134,72
2726,perfect prawn,trust_sincere_1,p1136,58
2727,perfect prawn,trust_sincere_1,p1138,75
2728,perfect prawn,trust_sincere_1,p1144,65
2729,perfect prawn,trust_sincere_1,p1145,78
2730,perfect prawn,trust_sincere_1,p1147,85
2731,perfect prawn,trust_sincere_1,p1148,78
2732,perfect prawn,trust_sincere_1,p1154,78
2733,perfect prawn,trust_sincere_1,p1159,65
2734,perfect prawn,trust_sincere_1,p1167,78
2735,perfect prawn,trust_sincere_1,p1175,78
2736,perfect prawn,trust_sincere_1,p1178,72
2737,perfect prawn,trust_sincere_1,p1184,68
2738,perfect prawn,trust_sincere_1,p1186,78
2739,perfect prawn,trust_sincere_1,p1196,65
2740,perfect prawn,trust_sincere_1,p1197,62
2741,perfect prawn,trust_sincere_1,p1203,78
2742,perfect prawn,trust_sincere_1,p1219,62
2743,perfect prawn,trust_sincere_1,p1225,68
2744,perfect prawn,trust_sincere_1,p1234,75
2745,perfect prawn,trust_sincere_1,p1242,68
2746,perfect prawn,trust_sincere_1,p1244,75
2747,perfect prawn,trust_sincere_1,p1249,65
2748,perfect prawn,trust_sincere_1,p1250,75
2749,perfect prawn,trust_sincere_1,p1256,72
2750,perfect prawn,trust_sincere_1,p1258,78
2751,perfect prawn,trust_sincere_1,p1260,65
2752,perfect prawn,trust_sincere_1,p1262,65
2753,perfect prawn,trust_sincere_1,p1264,72
2754,perfect prawn,trust_sincere_1,p1265,78
2755,perfect prawn,trust_sincere_1,p1269,68
2756,perfect prawn,trust_sincere_1,p1272,75
2757,perfect prawn,trust_sincere_1,p1278,78
2758,perfect prawn,trust_sincere_1,p1281,68
2759,perfect prawn,trust_sincere_1,p1292,68
2760,perfect prawn,trust_sincere_1,p1299,68
2761,perfect prawn,trust_sincere_1,p1312,68
2762,perfect prawn,trust_sincere_1,p1322,75
2763,perfect prawn,trust_sincere_1,p1326,75
2764,perfect prawn,trust_sincere_1,p1330,75
2765,perfect prawn,trust_sincere_1,p1335,78
2766,perfect prawn,trust_sincere_1,p1337,78
2767,perfect prawn,trust_sincere_1,p1340,78
2768,perfect prawn,trust_sincere_1,p1345,75
2769,perfect prawn,trust_sincere_1,p1351,65
2770,perfect prawn,trust_sincere_1,p1355,68
2771,perfect prawn,trust_sincere_1,p1362,65
2772,perfect prawn,trust_sincere_1,p1365,65
2773,perfect prawn,trust_sincere_1,p1366,55
2774,perfect prawn,trust_sincere_1,p1367,62
2775,perfect prawn,trust_sincere_1,p1370,75
2776,perfect prawn,trust_sincere_1,p1371,78
2777,perfect prawn,trust_sincere_1,p1373,75
2778,perfect prawn,trust_sincere_1,p1375,65
2779,perfect prawn,trust_sincere_1,p1376,68
2780,perfect prawn,trust_sincere_1,p1379,68
2781,perfect prawn,trust_sincere_1,p1381,68
2782,perfect prawn,trust_sincere_1,p1393,75
2783,perfect prawn,trust_sincere_1,p1396,78
2784,perfect prawn,trust_sincere_1,p1398,72
2785,perfect prawn,trust_sincere_1,p1404,75
2786,perfect prawn,trust_sincere_1,p1406,72
2787,perfect prawn,trust_sincere_1,p1407,62
2788,perfect prawn,trust_sincere_1,p1409,68
2789,perfect prawn,trust_sincere_1,p1412,75
2790,perfect prawn,trust_sincere_1,p1414,82
2791,perfect prawn,trust_sincere_1,p1424,68
2792,perfect prawn,trust_sincere_1,p1425,62
2793,perfect prawn,trust_sincere_1,p1429,65
2794,perfect prawn,trust_sincere_1,p1434,75
2795,perfect prawn,trust_sincere_1,p1441,62
2796,perfect prawn,trust_sincere_1,p1445,68
2797,perfect prawn,trust_sincere_1,p1450,78
2798,perfect prawn,trust_sincere_1,p1454,78
2799,perfect prawn,trust_sincere_1,p1456,65
2800,perfect prawn,trust_sincere_1,p1457,55
2801,perfect prawn,trust_sincere_1,p1458,78
2802,perfect prawn,trust_sincere_1,p1469,68
2803,perfect prawn,trust_sincere_1,p1470,65
2804,perfect prawn,trust_sincere_1,p1481,75
2805,perfect prawn,trust_sincere_1,p1488,78
2806,perfect prawn,trust_sincere_1,p1492,62
2807,perfect prawn,trust_sincere_1,p1495,72
2808,perfect prawn,trust_sincere_1,p1497,75
2809,perfect prawn,trust_sincere_1,p1499,72
2810,perfect prawn,trust_sincere_1,p1503,75
2811,perfect prawn,trust_sincere_1,p1511,78
2812,perfect prawn,trust_sincere_1,p1512,68
2813,perfect prawn,trust_sincere_1,p1518,72
2814,perfect prawn,trust_sincere_1,p1519,75
2815,perfect prawn,trust_sincere_1,p1520,55
2816,perfect prawn,trust_sincere_1,p1524,75
2817,perfect prawn,trust_sincere_1,p1526,68
2818,perfect prawn,trust_sincere_1,p1537,75
2819,perfect prawn,trust_sincere_1,p1545,78
2820,perfect prawn,trust_sincere_1,p1547,75
2821,perfect prawn,trust_sincere_1,p1552,75
2822,perfect prawn,trust_sincere_1,p1567,68
2823,perfect prawn,trust_sincere_1,p1568,68
2824,perfect prawn,trust_sincere_1,p1579,45
2825,perfect prawn,trust_sincere_1,p1587,35
2826,perfect prawn,trust_sincere_1,p1596,62
2827,perfect prawn,trust_sincere_1,p1600,78
2828,perfect prawn,trust_sincere_1,p1603,68
2829,perfect prawn,trust_sincere_1,p1604,78
2830,perfect prawn,trust_sincere_1,p1610,68
2831,perfect prawn,trust_sincere_1,p1618,45
2832,perfect prawn,trust_sincere_1,p1619,85
2833,perfect prawn,trust_sincere_1,p1622,78
2834,perfect prawn,trust_sincere_1,p1623,45
2835,perfect prawn,trust_sincere_1,p1630,45
2836,perfect prawn,trust_sincere_1,p1641,65
2837,perfect prawn,trust_sincere_1,p1649,55
2838,perfect prawn,trust_sincere_1,p1652,68
2839,perfect prawn,trust_sincere_1,p1665,68
2840,perfect prawn,trust_sincere_1,p1669,62
2841,perfect prawn,trust_sincere_1,p1685,68
2842,perfect prawn,trust_sincere_1,p1693,78
2843,perfect prawn,trust_sincere_1,p1698,65
2844,perfect prawn,trust_sincere_1,p1704,72
2845,perfect prawn,trust_sincere_1,p1711,78
2846,perfect prawn,trust_sincere_1,p1718,45
2847,perfect prawn,trust_sincere_1,p1732,62
2848,perfect prawn,trust_sincere_1,p1739,75
2849,perfect prawn,trust_sincere_1,p1741,78
2850,perfect prawn,trust_sincere_1,p1746,62
2851,perfect prawn,trust_sincere_1,p1751,55
2852,perfect prawn,trust_sincere_1,p1754,75
2853,perfect prawn,trust_sincere_1,p1769,72
2854,perfect prawn,trust_sincere_1,p1771,78
2855,perfect prawn,trust_sincere_1,p1776,68
2856,perfect prawn,trust_sincere_1,p1780,75
2857,perfect prawn,trust_sincere_1,p1785,55
2858,perfect prawn,trust_sincere_1,p1791,78
2859,perfect prawn,trust_sincere_1,p1793,72
2860,perfect prawn,trust_sincere_1,p1796,65
2861,perfect prawn,trust_sincere_1,p1805,68
2862,perfect prawn,trust_sincere_1,p1812,78
2863,perfect prawn,trust_sincere_1,p1816,62
2864,perfect prawn,trust_sincere_1,p1819,78
2865,perfect prawn,trust_sincere_1,p1825,78
2866,perfect prawn,trust_sincere_1,p1836,78
2867,perfect prawn,trust_sincere_1,p1839,75
2868,perfect prawn,trust_sincere_1,p1861,68
2869,perfect prawn,trust_sincere_1,p1863,78
2870,perfect prawn,trust_sincere_1,p1873,72
2871,perfect prawn,trust_sincere_1,p1875,72
2872,perfect prawn,trust_sincere_1,p1876,78
2873,perfect prawn,trust_sincere_1,p1877,78
2874,perfect prawn,trust_sincere_1,p1880,68
2875,perfect prawn,trust_sincere_1,p1883,62
2876,perfect prawn,trust_sincere_1,p1889,35
2877,perfect prawn,trust_sincere_1,p1893,75
2878,perfect prawn,trust_sincere_1,p1896,75
2879,perfect prawn,trust_sincere_1,p1913,68
2880,perfect prawn,trust_sincere_1,p1922,78
2881,perfect prawn,trust_sincere_1,p1930,78
2882,perfect prawn,trust_sincere_1,p1935,72
2883,perfect prawn,trust_sincere_1,p1940,78
2884,perfect prawn,trust_sincere_1,p1948,65
2885,perfect prawn,trust_sincere_1,p1950,75
2886,perfect prawn,trust_sincere_1,p1954,65
2887,perfect prawn,trust_sincere_1,p1956,45
2888,perfect prawn,trust_sincere_1,p1958,68
2889,perfect prawn,trust_sincere_1,p1967,78
2890,perfect prawn,trust_sincere_1,p1973,88
2891,perfect prawn,trust_sincere_1,p1978,68
2892,perfect prawn,trust_sincere_1,p1983,62
2893,perfect prawn,trust_sincere_1,p1984,55
2894,perfect prawn,trust_sincere_1,p1995,65
2895,perfect prawn,trust_sincere_1,p1996,65
2896,perfect prawn,trust_sincere_1,p1997,68
2897,perfect prawn,trust_sincere_1,p2001,78
2898,perfect prawn,trust_sincere_1,p2002,65
2899,perfect prawn,trust_sincere_1,p2013,78
2900,perfect prawn,trust_sincere_1,p2014,68
2901,perfect prawn,trust_sincere_1,p2016,78
2902,perfect prawn,trust_sincere_1,p2018,58
2903,perfect prawn,trust_sincere_1,p2023,78
2904,perfect prawn,trust_sincere_1,p2025,75
2905,perfect prawn,trust_sincere_1,p2028,68
2906,perfect prawn,trust_sincere_1,p2030,78
2907,perfect prawn,trust_sincere_1,p2033,75
2908,perfect prawn,trust_sincere_1,p2040,35
2909,perfect prawn,trust_sincere_1,p2051,65
2910,perfect prawn,trust_sincere_1,p2052,68
2911,perfect prawn,trust_sincere_1,p2066,62
2912,perfect prawn,trust_sincere_1,p2067,78
2913,perfect prawn,trust_sincere_1,p2073,78
2914,perfect prawn,trust_sincere_1,p2077,68
2915,perfect prawn,trust_sincere_1,p2078,72
2916,perfect prawn,trust_sincere_1,p2086,78
2917,perfect prawn,trust_sincere_1,p2089,78
2918,perfect prawn,trust_sincere_1,p2093,35
2919,perfect prawn,trust_sincere_1,p2094,75
2920,perfect prawn,trust_sincere_1,p2111,65
2921,perfect prawn,trust_sincere_1,p2117,78
2922,perfect prawn,trust_sincere_1,p2121,75
2923,perfect prawn,trust_sincere_1,p2127,68
2924,perfect prawn,trust_sincere_1,p2141,68
2925,perfect prawn,trust_sincere_1,p2142,35
2926,perfect prawn,trust_sincere_1,p2143,78
2927,perfect prawn,trust_sincere_1,p2153,75
2928,perfect prawn,trust_sincere_1,p2155,55
2929,perfect prawn,trust_sincere_1,p2169,55
2930,perfect prawn,trust_sincere_1,p2187,68
2931,perfect prawn,trust_sincere_1,p2188,75
2932,perfect prawn,trust_sincere_1,p2197,68
2933,perfect prawn,trust_sincere_1,p2213,65
2934,perfect prawn,trust_sincere_1,p2214,68
2935,perfect prawn,trust_sincere_1,p2215,75
2936,perfect prawn,trust_sincere_1,p2220,72
2937,perfect prawn,trust_sincere_1,p2223,62
2938,perfect prawn,trust_sincere_1,p2229,68
2939,perfect prawn,trust_sincere_1,p2234,78
2940,perfect prawn,trust_sincere_1,p2237,78
2941,perfect prawn,trust_sincere_1,p2238,65
2942,perfect prawn,trust_sincere_1,p2244,65
2943,perfect prawn,trust_sincere_1,p2248,72
2944,perfect prawn,trust_sincere_1,p2252,78
2945,perfect prawn,trust_sincere_1,p2255,35
2946,perfect prawn,trust_sincere_1,p2261,35
2947,perfect prawn,trust_sincere_1,p2263,72
2948,perfect prawn,trust_sincere_1,p2273,72
2949,perfect prawn,trust_sincere_1,p2275,75
2950,perfect prawn,trust_sincere_1,p2276,62
2951,perfect prawn,trust_sincere_1,p2283,55
2952,perfect prawn,trust_sincere_1,p2287,75
2953,perfect prawn,trust_sincere_1,p2296,45
2954,perfect prawn,trust_sincere_1,p2298,68
2955,perfect prawn,trust_sincere_1,p2304,78
2956,perfect prawn,trust_sincere_1,p2310,62
2957,perfect prawn,trust_sincere_1,p2322,62
2958,perfect prawn,trust_sincere_1,p2326,65
2959,perfect prawn,trust_sincere_1,p2330,62
2960,perfect prawn,trust_sincere_1,p2331,75
2961,perfect prawn,trust_sincere_1,p2333,68
2962,perfect prawn,trust_sincere_1,p2347,78
2963,perfect prawn,trust_sincere_1,p2350,68
2964,perfect prawn,trust_sincere_1,p2351,72
2965,perfect prawn,trust_sincere_1,p2353,75
2966,perfect prawn,trust_sincere_1,p2355,65
2967,perfect prawn,trust_sincere_1,p2363,65
2968,perfect prawn,trust_sincere_1,p2378,78
2969,perfect prawn,trust_sincere_1,p2380,78
2970,perfect prawn,trust_sincere_1,p2387,68
2971,perfect prawn,trust_sincere_1,p2398,72
2972,perfect prawn,trust_sincere_1,p2400,75
2973,perfect prawn,trust_sincere_1,p2403,78
2974,perfect prawn,trust_sincere_1,p2408,45
2975,perfect prawn,trust_sincere_1,p2418,68
2976,perfect prawn,trust_sincere_1,p2426,75
2977,perfect prawn,trust_sincere_1,p2428,62
2978,perfect prawn,trust_sincere_1,p2434,78
2979,perfect prawn,trust_sincere_1,p2446,55
2980,perfect prawn,trust_sincere_1,p2452,65
2981,perfect prawn,trust_sincere_1,p2454,65
2982,perfect prawn,trust_sincere_1,p2462,68
2983,perfect prawn,trust_sincere_1,p2467,25
2984,perfect prawn,trust_sincere_1,p2482,68
2985,perfect prawn,trust_sincere_1,p2489,55
2986,perfect prawn,trust_sincere_1,p2490,68
2987,perfect prawn,trust_sincere_1,p2494,62
2988,perfect prawn,trust_sincere_1,p2502,78
2989,perfect prawn,trust_sincere_1,p2503,72
2990,perfect prawn,trust_sincere_1,p2522,75
2991,perfect prawn,trust_sincere_1,p2524,75
2992,perfect prawn,trust_sincere_1,p2533,45
2993,perfect prawn,trust_sincere_1,p2566,68
2994,perfect prawn,trust_sincere_1,p2571,75
2995,perfect prawn,trust_sincere_1,p2573,65
2996,perfect prawn,trust_sincere_1,p2582,75
2997,perfect prawn,trust_sincere_1,p2591,65
2998,perfect prawn,trust_sincere_1,p2592,72
2999,perfect prawn,trust_sincere_1,p2595,45
3000,perfect prawn,trust_concerned_1,p0016,85
3001,perfect prawn,trust_concerned_1,p0022,75
3002,perfect prawn,trust_concerned_1,p0023,85
3003,perfect prawn,trust_concerned_1,p0026,75
3004,perfect prawn,trust_concerned_1,p0034,65
3005,perfect prawn,trust_concerned_1,p0036,75
3006,perfect prawn,trust_concerned_1,p0037,75
3007,perfect prawn,trust_concerned_1,p0042,78
3008,perfect prawn,trust_concerned_1,p0057,78
3009,perfect prawn,trust_concerned_1,p0066,85
3010,perfect prawn,trust_concerned_1,p0069,75
3011,perfect prawn,trust_concerned_1,p0072,85
3012,perfect prawn,trust_concerned_1,p0073,75
3013,perfect prawn,trust_concerned_1,p0082,78
3014,perfect prawn,trust_concerned_1,p0091,85
3015,perfect prawn,trust_concerned_1,p0092,75
3016,perfect prawn,trust_concerned_1,p0093,85
3017,perfect prawn,trust_concerned_1,p0095,78
3018,perfect prawn,trust_concerned_1,p0107,72
3019,perfect prawn,trust_concerned_1,p0114,85
3020,perfect prawn,trust_concerned_1,p0116,65
3021,perfect prawn,trust_concerned_1,p0118,75
3022,perfect prawn,trust_concerned_1,p0119,78
3023,perfect prawn,trust_concerned_1,p0126,78
3024,perfect prawn,trust_concerned_1,p0129,85
3025,perfect prawn,trust_concerned_1,p0136,75
3026,perfect prawn,trust_concerned_1,p0138,65
3027,perfect prawn,trust_concerned_1,p0144,75
3028,perfect prawn,trust_concerned_1,p0150,65
3029,perfect prawn,trust_concerned_1,p0152,75
3030,perfect prawn,trust_concerned_1,p0158,65
3031,perfect prawn,trust_concerned_1,p0161,78
3032,perfect prawn,trust_concerned_1,p0164,65
3033,perfect prawn,trust_concerned_1,p0175,78
3034,perfect prawn,trust_concerned_1,p0177,78
3035,perfect prawn,trust_concerned_1,p0178,85
3036,perfect prawn,trust_concerned_1,p0181,45
3037,perfect prawn,trust_concerned_1,p0186,75
3038,perfect prawn,trust_concerned_1,p0196,75
3039,perfect prawn,trust_concerned_1,p0198,85
3040,perfect prawn,trust_concerned_1,p0202,85
3041,perfect prawn,trust_concerned_1,p0205,75
3042,perfect prawn,trust_concerned_1,p0207,75
3043,perfect prawn,trust_concerned_1,p0211,68
3044,perfect prawn,trust_concerned_1,p0227,85
3045,perfect prawn,trust_concerned_1,p0229,75
3046,perfect prawn,trust_concerned_1,p0232,85
3047,perfect prawn,trust_concerned_1,p0233,65
3048,perfect prawn,trust_concerned_1,p0237,85
3049,perfect prawn,trust_concerned_1,p0258,75
3050,perfect prawn,trust_concerned_1,p0268,45
3051,perfect prawn,trust_concerned_1,p0274,85
3052,perfect prawn,trust_concerned_1,p0275,45
3053,perfect prawn,trust_concerned_1,p0277,65
3054,perfect prawn,trust_concerned_1,p0288,85
3055,perfect prawn,trust_concerned_1,p0291,75
3056,perfect prawn,trust_concerned_1,p0307,75
3057,perfect prawn,trust_concerned_1,p0308,78
3058,perfect prawn,trust_concerned_1,p0317,65
3059,perfect prawn,trust_concerned_1,p0325,85
3060,perfect prawn,trust_concerned_1,p0327,85
3061,perfect prawn,trust_concerned_1,p0334,85
3062,perfect prawn,trust_concerned_1,p0336,85
3063,perfect prawn,trust_concerned_1,p0338,65
3064,perfect prawn,trust_concerned_1,p0342,82
3065,perfect prawn,trust_concerned_1,p0349,65
3066,perfect prawn,trust_concerned_1,p0356,75
3067,perfect prawn,trust_concerned_1,p0358,78
3068,perfect prawn,trust_concerned_1,p0363,78
3069,perfect prawn,trust_concerned_1,p0364,85
3070,perfect prawn,trust_concerned_1,p0369,85
3071,perfect prawn,trust_concerned_1,p0370,65
3072,perfect prawn,trust_concerned_1,p0371,75
3073,perfect prawn,trust_concerned_1,p0379,75
3074,perfect prawn,trust_concerned_1,p0386,85
3075,perfect prawn,trust_concerned_1,p0396,85
3076,perfect prawn,trust_concerned_1,p0403,78
3077,perfect prawn,trust_concerned_1,p0405,85
3078,perfect prawn,trust_concerned_1,p0412,85
3079,perfect prawn,trust_concerned_1,p0415,65
3080,perfect prawn,trust_concerned_1,p0416,78
3081,perfect prawn,trust_concerned_1,p0417,75
3082,perfect prawn,trust_concerned_1,p0418,65
3083,perfect prawn,trust_concerned_1,p0430,85
3084,perfect prawn,trust_concerned_1,p0431,85
3085,perfect prawn,trust_concerned_1,p0434,35
3086,perfect prawn,trust_concerned_1,p0438,85
3087,perfect prawn,trust_concerned_1,p0441,85
3088,perfect prawn,trust_concerned_1,p0442,55
3089,perfect prawn,trust_concerned_1,p0449,75
3090,perfect prawn,trust_concerned_1,p0450,85
3091,perfect prawn,trust_concerned_1,p0465,75
3092,perfect prawn,trust_concerned_1,p0471,78
3093,perfect prawn,trust_concerned_1,p0477,75
3094,perfect prawn,trust_concerned_1,p0483,78
3095,perfect prawn,trust_concerned_1,p0486,85
3096,perfect prawn,trust_concerned_1,p0487,78
3097,perfect prawn,trust_concerned_1,p0489,85
3098,perfect prawn,trust_concerned_1,p0497,75
3099,perfect prawn,trust_concerned_1,p0502,75
3100,perfect prawn,trust_concerned_1,p0503,78
3101,perfect prawn,trust_concerned_1,p0506,72
3102,perfect prawn,trust_concerned_1,p0511,75
3103,perfect prawn,trust_concerned_1,p0523,75
3104,perfect prawn,trust_concerned_1,p0534,85
3105,perfect prawn,trust_concerned_1,p0536,78
3106,perfect prawn,trust_concerned_1,p0542,65
3107,perfect prawn,trust_concerned_1,p0547,78
3108,perfect prawn,trust_concerned_1,p0553,78
3109,perfect prawn,trust_concerned_1,p0559,78
3110,perfect prawn,trust_concerned_1,p0566,75
3111,perfect prawn,trust_concerned_1,p0568,75
3112,perfect prawn,trust_concerned_1,p0570,65
3113,perfect prawn,trust_concerned_1,p0573,75
3114,perfect prawn,trust_concerned_1,p0578,75
3115,perfect prawn,trust_concerned_1,p0594,65
3116,perfect prawn,trust_concerned_1,p0597,75
3117,perfect prawn,trust_concerned_1,p0601,75
3118,perfect prawn,trust_concerned_1,p0602,65
3119,perfect prawn,trust_concerned_1,p0605,75
3120,perfect prawn,trust_concerned_1,p0615,78
3121,perfect prawn,trust_concerned_1,p0620,78
3122,perfect prawn,trust_concerned_1,p0626,75
3123,perfect prawn,trust_concerned_1,p0629,85
3124,perfect prawn,trust_concerned_1,p0633,75
3125,perfect prawn,trust_concerned_1,p0638,78
3126,perfect prawn,trust_concerned_1,p0639,75
3127,perfect prawn,trust_concerned_1,p0640,65
3128,perfect prawn,trust_concerned_1,p0655,75
3129,perfect prawn,trust_concerned_1,p0656,75
3130,perfect prawn,trust_concerned_1,p0658,75
3131,perfect prawn,trust_concerned_1,p0661,75
3132,perfect prawn,trust_concerned_1,p0669,85
3133,perfect prawn,trust_concerned_1,p0670,65
3134,perfect prawn,trust_concerned_1,p0672,78
3135,perfect prawn,trust_concerned_1,p0674,78
3136,perfect prawn,trust_concerned_1,p0678,78
3137,perfect prawn,trust_concerned_1,p0683,75
3138,perfect prawn,trust_concerned_1,p0686,78
3139,perfect prawn,trust_concerned_1,p0687,85
3140,perfect prawn,trust_concerned_1,p0698,75
3141,perfect prawn,trust_concerned_1,p0700,75
3142,perfect prawn,trust_concerned_1,p0703,75
3143,perfect prawn,trust_concerned_1,p0718,78
3144,perfect prawn,trust_concerned_1,p0744,85
3145,perfect prawn,trust_concerned_1,p0745,75
3146,perfect prawn,trust_concerned_1,p0753,68
3147,perfect prawn,trust_concerned_1,p0770,78
3148,perfect prawn,trust_concerned_1,p0771,78
3149,perfect prawn,trust_concerned_1,p0777,85
3150,perfect prawn,trust_concerned_1,p0779,78
3151,perfect prawn,trust_concerned_1,p0780,75
3152,perfect prawn,trust_concerned_1,p0783,75
3153,perfect prawn,trust_concerned_1,p0785,75
3154,perfect prawn,trust_concerned_1,p0786,65
3155,perfect prawn,trust_concerned_1,p0794,35
3156,perfect prawn,trust_concerned_1,p0798,45
3157,perfect prawn,trust_concerned_1,p0800,85
3158,perfect prawn,trust_concerned_1,p0820,65
3159,perfect prawn,trust_concerned_1,p0841,75
3160,perfect prawn,trust_concerned_1,p0849,78
3161,perfect prawn,trust_concerned_1,p0862,85
3162,perfect prawn,trust_concerned_1,p0867,78
3163,perfect prawn,trust_concerned_1,p0869,82
3164,perfect prawn,trust_concerned_1,p0872,78
3165,perfect prawn,trust_concerned_1,p0880,78
3166,perfect prawn,trust_concerned_1,p0891,75
3167,perfect prawn,trust_concerned_1,p0916,78
3168,perfect prawn,trust_concerned_1,p0917,82
3169,perfect prawn,trust_concerned_1,p0919,85
3170,perfect prawn,trust_concerned_1,p0922,75
3171,perfect prawn,trust_concerned_1,p0925,75
3172,perfect prawn,trust_concerned_1,p0927,78
3173,perfect prawn,trust_concerned_1,p0929,75
3174,perfect prawn,trust_concerned_1,p0930,85
3175,perfect prawn,trust_concerned_1,p0931,65
3176,perfect prawn,trust_concerned_1,p0933,75
3177,perfect prawn,trust_concerned_1,p0934,65
3178,perfect prawn,trust_concerned_1,p0936,78
3179,perfect prawn,trust_concerned_1,p0938,78
3180,perfect prawn,trust_concerned_1,p0939,75
3181,perfect prawn,trust_concerned_1,p0946,75
3182,perfect prawn,trust_concerned_1,p0951,75
3183,perfect prawn,trust_concerned_1,p0956,82
3184,perfect prawn,trust_concerned_1,p0962,78
3185,perfect prawn,trust_concerned_1,p0963,78
3186,perfect prawn,trust_concerned_1,p0969,75
3187,perfect prawn,trust_concerned_1,p0972,75
3188,perfect prawn,trust_concerned_1,p0975,75
3189,perfect prawn,trust_concerned_1,p0985,65
3190,perfect prawn,trust_concerned_1,p0993,75
3191,perfect prawn,trust_concerned_1,p0996,65
3192,perfect prawn,trust_concerned_1,p1011,65
3193,perfect prawn,trust_concerned_1,p1017,65
3194,perfect prawn,trust_concerned_1,p1020,75
3195,perfect prawn,trust_concerned_1,p1022,78
3196,perfect prawn,trust_concerned_1,p1024,45
3197,perfect prawn,trust_concerned_1,p1027,85
3198,perfect prawn,trust_concerned_1,p1028,85
3199,perfect prawn,trust_concerned_1,p1029,45
3200,perfect prawn,trust_concerned_1,p1032,75
3201,perfect prawn,trust_concerned_1,p1040,75
3202,perfect prawn,trust_concerned_1,p1047,68
3203,perfect prawn,trust_concerned_1,p1048,65
3204,perfect prawn,trust_concerned_1,p1053,75
3205,perfect prawn,trust_concerned_1,p1057,75
3206,perfect prawn,trust_concerned_1,p1058,75
3207,perfect prawn,trust_concerned_1,p1063,65
3208,perfect prawn,trust_concerned_1,p1064,78
3209,perfect prawn,trust_concerned_1,p1065,75
3210,perfect prawn,trust_concerned_1,p1069,75
3211,perfect prawn,trust_concerned_1,p1072,85
3212,perfect prawn,trust_concerned_1,p1073,75
3213,perfect prawn,trust_concerned_1,p1075,78
3214,perfect prawn,trust_concerned_1,p1076,65
3215,perfect prawn,trust_concerned_1,p1083,65
3216,perfect prawn,trust_concerned_1,p1089,85
3217,perfect prawn,trust_concerned_1,p1093,85
3218,perfect prawn,trust_concerned_1,p1096,78
3219,perfect prawn,trust_concerned_1,p1100,75
3220,perfect prawn,trust_concerned_1,p1106,75
3221,perfect prawn,trust_concerned_1,p1107,65
3222,perfect prawn,trust_concerned_1,p1113,78
3223,perfect prawn,trust_concerned_1,p1117,35
3224,perfect prawn,trust_concerned_1,p1120,75
3225,perfect prawn,trust_concerned_1,p1134,75
3226,perfect prawn,trust_concerned_1,p1136,65
3227,perfect prawn,trust_concerned_1,p1138,75
3228,perfect prawn,trust_concerned_1,p1144,75
3229,perfect prawn,trust_concerned_1,p1145,85
3230,perfect prawn,trust_concerned_1,p1147,85
3231,perfect prawn,trust_concerned_1,p1148,85
3232,perfect prawn,trust_concerned_1,p1154,85
3233,perfect prawn,trust_concerned_1,p1159,75
3234,perfect prawn,trust_concerned_1,p1167,75
3235,perfect prawn,trust_concerned_1,p1175,85
3236,perfect prawn,trust_concerned_1,p1178,75
3237,perfect prawn,trust_concerned_1,p1184,75
3238,perfect prawn,trust_concerned_1,p1186,78
3239,perfect prawn,trust_concerned_1,p1196,75
3240,perfect prawn,trust_concerned_1,p1197,75
3241,perfect prawn,trust_concerned_1,p1203,78
3242,perfect prawn,trust_concerned_1,p1219,65
3243,perfect prawn,trust_concerned_1,p1225,75
3244,perfect prawn,trust_concerned_1,p1234,75
3245,perfect prawn,trust_concerned_1,p1242,75
3246,perfect prawn,trust_concerned_1,p1244,85
3247,perfect prawn,trust_concerned_1,p1249,75
3248,perfect prawn,trust_concerned_1,p1250,75
3249,perfect prawn,trust_concerned_1,p1256,75
3250,perfect prawn,trust_concerned_1,p1258,85
3251,perfect prawn,trust_concerned_1,p1260,75
3252,perfect prawn,trust_concerned_1,p1262,65
3253,perfect prawn,trust_concerned_1,p1264,75
3254,perfect prawn,trust_concerned_1,p1265,78
3255,perfect prawn,trust_concerned_1,p1269,75
3256,perfect prawn,trust_concerned_1,p1272,75
3257,perfect prawn,trust_concerned_1,p1278,85
3258,perfect prawn,trust_concerned_1,p1281,75
3259,perfect prawn,trust_concerned_1,p1292,65
3260,perfect prawn,trust_concerned_1,p1299,75
3261,perfect prawn,trust_concerned_1,p1312,75
3262,perfect prawn,trust_concerned_1,p1322,75
3263,perfect prawn,trust_concerned_1,p1326,82
3264,perfect prawn,trust_concerned_1,p1330,75
3265,perfect prawn,trust_concerned_1,p1335,78
3266,perfect prawn,trust_concerned_1,p1337,75
3267,perfect prawn,trust_concerned_1,p1340,78
3268,perfect prawn,trust_concerned_1,p1345,75
3269,perfect prawn,trust_concerned_1,p1351,75
3270,perfect prawn,trust_concerned_1,p1355,65
3271,perfect prawn,trust_concerned_1,p1362,65
3272,perfect prawn,trust_concerned_1,p1365,78
3273,perfect prawn,trust_concerned_1,p1366,65
3274,perfect prawn,trust_concerned_1,p1367,72
3275,perfect prawn,trust_concerned_1,p1370,75
3276,perfect prawn,trust_concerned_1,p1371,85
3277,perfect prawn,trust_concerned_1,p1373,75
3278,perfect prawn,trust_concerned_1,p1375,75
3279,perfect prawn,trust_concerned_1,p1376,75
3280,perfect prawn,trust_concerned_1,p1379,75
3281,perfect prawn,trust_concerned_1,p1381,65
3282,perfect prawn,trust_concerned_1,p1393,78
3283,perfect prawn,trust_concerned_1,p1396,85
3284,perfect prawn,trust_concerned_1,p1398,75
3285,perfect prawn,trust_concerned_1,p1404,75
3286,perfect prawn,trust_concerned_1,p1406,75
3287,perfect prawn,trust_concerned_1,p1407,65
3288,perfect prawn,trust_concerned_1,p1409,78
3289,perfect prawn,trust_concerned_1,p1412,75
3290,perfect prawn,trust_concerned_1,p1414,85
3291,perfect prawn,trust_concerned_1,p1424,75
3292,perfect prawn,trust_concerned_1,p1425,75
3293,perfect prawn,trust_concerned_1,p1429,75
3294,perfect prawn,trust_concerned_1,p1434,75
3295,perfect prawn,trust_concerned_1,p1441,65
3296,perfect prawn,trust_concerned_1,p1445,75
3297,perfect prawn,trust_concerned_1,p1450,75
3298,perfect prawn,trust_concerned_1,p1454,78
3299,perfect prawn,trust_concerned_1,p1456,65
3300,perfect prawn,trust_concerned_1,p1457,75
3301,perfect prawn,trust_concerned_1,p1458,85
3302,perfect prawn,trust_concerned_1,p1469,75
3303,perfect prawn,trust_concerned_1,p1470,75
3304,perfect prawn,trust_concerned_1,p1481,85
3305,perfect prawn,trust_concerned_1,p1488,75
3306,perfect prawn,trust_concerned_1,p1492,65
3307,perfect prawn,trust_concerned_1,p1495,75
3308,perfect prawn,trust_concerned_1,p1497,75
3309,perfect prawn,trust_concerned_1,p1499,75
3310,perfect prawn,trust_concerned_1,p1503,75
3311,perfect prawn,trust_concerned_1,p1511,85
3312,perfect prawn,trust_concerned_1,p1512,68
3313,perfect prawn,trust_concerned_1,p1518,78
3314,perfect prawn,trust_concerned_1,p1519,75
3315,perfect prawn,trust_concerned_1,p1520,65
3316,perfect prawn,trust_concerned_1,p1524,78
3317,perfect prawn,trust_concerned_1,p1526,75
3318,perfect prawn,trust_concerned_1,p1537,75
3319,perfect prawn,trust_concerned_1,p1545,82
3320,perfect prawn,trust_concerned_1,p1547,75
3321,perfect prawn,trust_concerned_1,p1552,85
3322,perfect prawn,trust_concerned_1,p1567,75
3323,perfect prawn,trust_concerned_1,p1568,75
3324,perfect prawn,trust_concerned_1,p1579,45
3325,perfect prawn,trust_concerned_1,p1587,45
3326,perfect prawn,trust_concerned_1,p1596,65
3327,perfect prawn,trust_concerned_1,p1600,85
3328,perfect prawn,trust_concerned_1,p1603,78
3329,perfect prawn,trust_concerned_1,p1604,75
3330,perfect prawn,trust_concerned_1,p1610,75
3331,perfect prawn,trust_concerned_1,p1618,65
3332,perfect prawn,trust_concerned_1,p1619,85
3333,perfect prawn,trust_concerned_1,p1622,78
3334,perfect prawn,trust_concerned_1,p1623,65
3335,perfect prawn,trust_concerned_1,p1630,68
3336,perfect prawn,trust_concerned_1,p1641,75
3337,perfect prawn,trust_concerned_1,p1649,65
3338,perfect prawn,trust_concerned_1,p1652,65
3339,perfect prawn,trust_concerned_1,p1665,75
3340,perfect prawn,trust_concerned_1,p1669,65
3341,perfect prawn,trust_concerned_1,p1685,75
3342,perfect prawn,trust_concerned_1,p1693,75
3343,perfect prawn,trust_concerned_1,p1698,75
3344,perfect prawn,trust_concerned_1,p1704,75
3345,perfect prawn,trust_concerned_1,p1711,82
3346,perfect prawn,trust_concerned_1,p1718,65
3347,perfect prawn,trust_concerned_1,p1732,65
3348,perfect prawn,trust_concerned_1,p1739,75
3349,perfect prawn,trust_concerned_1,p1741,85
3350,perfect prawn,trust_concerned_1,p1746,65
3351,perfect prawn,trust_concerned_1,p1751,65
3352,perfect prawn,trust_concerned_1,p1754,75
3353,perfect prawn,trust_concerned_1,p1769,75
3354,perfect prawn,trust_concerned_1,p1771,75
3355,perfect prawn,trust_concerned_1,p1776,75
3356,perfect prawn,trust_concerned_1,p1780,78
3357,perfect prawn,trust_concerned_1,p1785,65
3358,perfect prawn,trust_concerned_1,p1791,78
3359,perfect prawn,trust_concerned_1,p1793,75
3360,perfect prawn,trust_concerned_1,p1796,75
3361,perfect prawn,trust_concerned_1,p1805,75
3362,perfect prawn,trust_concerned_1,p1812,85
3363,perfect prawn,trust_concerned_1,p1816,75
3364,perfect prawn,trust_concerned_1,p1819,78
3365,perfect prawn,trust_concerned_1,p1825,85
3366,perfect prawn,trust_concerned_1,p1836,85
3367,perfect prawn,trust_concerned_1,p1839,75
3368,perfect prawn,trust_concerned_1,p1861,75
3369,perfect prawn,trust_concerned_1,p1863,85
3370,perfect prawn,trust_concerned_1,p1873,75
3371,perfect prawn,trust_concerned_1,p1875,75
3372,perfect prawn,trust_concerned_1,p1876,85
3373,perfect prawn,trust_concerned_1,p1877,75
3374,perfect prawn,trust_concerned_1,p1880,65
3375,perfect prawn,trust_concerned_1,p1883,75
3376,perfect prawn,trust_concerned_1,p1889,65
3377,perfect prawn,trust_concerned_1,p1893,85
3378,perfect prawn,trust_concerned_1,p1896,78
3379,perfect prawn,trust_concerned_1,p1913,75
3380,perfect prawn,trust_concerned_1,p1922,85
3381,perfect prawn,trust_concerned_1,p1930,78
3382,perfect prawn,trust_concerned_1,p1935,78
3383,perfect prawn,trust_concerned_1,p1940,85
3384,perfect prawn,trust_concerned_1,p1948,75
3385,perfect prawn,trust_concerned_1,p1950,75
3386,perfect prawn,trust_concerned_1,p1954,75
3387,perfect prawn,trust_concerned_1,p1956,65
3388,perfect prawn,trust_concerned_1,p1958,75
3389,perfect prawn,trust_concerned_1,p1967,78
3390,perfect prawn,trust_concerned_1,p1973,92
3391,perfect prawn,trust_concerned_1,p1978,78
3392,perfect prawn,trust_concerned_1,p1983,65
3393,perfect prawn,trust_concerned_1,p1984,65
3394,perfect prawn,trust_concerned_1,p1995,75
3395,perfect prawn,trust_concerned_1,p1996,75
3396,perfect prawn,trust_concerned_1,p1997,78
3397,perfect prawn,trust_concerned_1,p2001,78
3398,perfect prawn,trust_concerned_1,p2002,75
3399,perfect prawn,trust_concerned_1,p2013,85
3400,perfect prawn,trust_concerned_1,p2014,65
3401,perfect prawn,trust_concerned_1,p2016,78
3402,perfect prawn,trust_concerned_1,p2018,65
3403,perfect prawn,trust_concerned_1,p2023,78
3404,perfect prawn,trust_concerned_1,p2025,85
3405,perfect prawn,trust_concerned_1,p2028,65
3406,perfect prawn,trust_concerned_1,p2030,85
3407,perfect prawn,trust_concerned_1,p2033,78
3408,perfect prawn,trust_concerned_1,p2040,45
3409,perfect prawn,trust_concerned_1,p2051,75
3410,perfect prawn,trust_concerned_1,p2052,75
3411,perfect prawn,trust_concerned_1,p2066,65
3412,perfect prawn,trust_concerned_1,p2067,85
3413,perfect prawn,trust_concerned_1,p2073,85
3414,perfect prawn,trust_concerned_1,p2077,78
3415,perfect prawn,trust_concerned_1,p2078,78
3416,perfect prawn,trust_concerned_1,p2086,78
3417,perfect prawn,trust_concerned_1,p2089,85
3418,perfect prawn,trust_concerned_1,p2093,35
3419,perfect prawn,trust_concerned_1,p2094,85
3420,perfect prawn,trust_concerned_1,p2111,75
3421,perfect prawn,trust_concerned_1,p2117,78
3422,perfect prawn,trust_concerned_1,p2121,75
3423,perfect prawn,trust_concerned_1,p2127,75
3424,perfect prawn,trust_concerned_1,p2141,75
3425,perfect prawn,trust_concerned_1,p2142,45
3426,perfect prawn,trust_concerned_1,p2143,78
3427,perfect prawn,trust_concerned_1,p2153,78
3428,perfect prawn,trust_concerned_1,p2155,65
3429,perfect prawn,trust_concerned_1,p2169,65
3430,perfect prawn,trust_concerned_1,p2187,75
3431,perfect prawn,trust_concerned_1,p2188,85
3432,perfect prawn,trust_concerned_1,p2197,75
3433,perfect prawn,trust_concerned_1,p2213,75
3434,perfect prawn,trust_concerned_1,p2214,78
3435,perfect prawn,trust_concerned_1,p2215,78
3436,perfect prawn,trust_concerned_1,p2220,78
3437,perfect prawn,trust_concerned_1,p2223,75
3438,perfect prawn,trust_concerned_1,p2229,78
3439,perfect prawn,trust_concerned_1,p2234,85
3440,perfect prawn,trust_concerned_1,p2237,88
3441,perfect prawn,trust_concerned_1,p2238,85
3442,perfect prawn,trust_concerned_1,p2244,75
3443,perfect prawn,trust_concerned_1,p2248,78
3444,perfect prawn,trust_concerned_1,p2252,85
3445,perfect prawn,trust_concerned_1,p2255,35
3446,perfect prawn,trust_concerned_1,p2261,45
3447,perfect prawn,trust_concerned_1,p2263,78
3448,perfect prawn,trust_concerned_1,p2273,78
3449,perfect prawn,trust_concerned_1,p2275,78
3450,perfect prawn,trust_concerned_1,p2276,78
3451,perfect prawn,trust_concerned_1,p2283,65
3452,perfect prawn,trust_concerned_1,p2287,78
3453,perfect prawn,trust_concerned_1,p2296,65
3454,perfect prawn,trust_concerned_1,p2298,75
3455,perfect prawn,trust_concerned_1,p2304,78
3456,perfect prawn,trust_concerned_1,p2310,72
3457,perfect prawn,trust_concerned_1,p2322,65
3458,perfect prawn,trust_concerned_1,p2326,78
3459,perfect prawn,trust_concerned_1,p2330,65
3460,perfect prawn,trust_concerned_1,p2331,85
3461,perfect prawn,trust_concerned_1,p2333,75
3462,perfect prawn,trust_concerned_1,p2347,85
3463,perfect prawn,trust_concerned_1,p2350,75
3464,perfect prawn,trust_concerned_1,p2351,78
3465,perfect prawn,trust_concerned_1,p2353,78
3466,perfect prawn,trust_concerned_1,p2355,85
3467,perfect prawn,trust_concerned_1,p2363,75
3468,perfect prawn,trust_concerned_1,p2378,78
3469,perfect prawn,trust_concerned_1,p2380,85
3470,perfect prawn,trust_concerned_1,p2387,78
3471,perfect prawn,trust_concerned_1,p2398,78
3472,perfect prawn,trust_concerned_1,p2400,85
3473,perfect prawn,trust_concerned_1,p2403,85
3474,perfect prawn,trust_concerned_1,p2408,45
3475,perfect prawn,trust_concerned_1,p2418,78
3476,perfect prawn,trust_concerned_1,p2426,75
3477,perfect prawn,trust_concerned_1,p2428,75
3478,perfect prawn,trust_concerned_1,p2434,85
3479,perfect prawn,trust_concerned_1,p2446,68
3480,perfect prawn,trust_concerned_1,p2452,75
3481,perfect prawn,trust_concerned_1,p2454,75
3482,perfect prawn,trust_concerned_1,p2462,78
3483,perfect prawn,trust_concerned_1,p2467,35
3484,perfect prawn,trust_concerned_1,p2482,75
3485,perfect prawn,trust_concerned_1,p2489,75
3486,perfect prawn,trust_concerned_1,p2490,78
3487,perfect prawn,trust_concerned_1,p2494,65
3488,perfect prawn,trust_concerned_1,p2502,78
3489,perfect prawn,trust_concerned_1,p2503,75
3490,perfect prawn,trust_concerned_1,p2522,85
3491,perfect prawn,trust_concerned_1,p2524,85
3492,perfect prawn,trust_concerned_1,p2533,65
3493,perfect prawn,trust_concerned_1,p2566,75
3494,perfect prawn,trust_concerned_1,p2571,78
3495,perfect prawn,trust_concerned_1,p2573,75
3496,perfect prawn,trust_concerned_1,p2582,78
3497,perfect prawn,trust_concerned_1,p2591,75
3498,perfect prawn,trust_concerned_1,p2592,75
3499,perfect prawn,trust_concerned_1,p2595,35
3500,perfect prawn,trust_improve_1,p0016,78
3501,perfect prawn,trust_improve_1,p0022,75
3502,perfect prawn,trust_improve_1,p0023,85
3503,perfect prawn,trust_improve_1,p0026,75
3504,perfect prawn,trust_improve_1,p0034,62
3505,perfect prawn,trust_improve_1,p0036,75
3506,perfect prawn,trust_improve_1,p0037,75
3507,perfect prawn,trust_improve_1,p0042,72
3508,perfect prawn,trust_improve_1,p0057,78
3509,perfect prawn,trust_improve_1,p0066,75
3510,perfect prawn,trust_improve_1,p0069,65
3511,perfect prawn,trust_improve_1,p0072,78
3512,perfect prawn,trust_improve_1,p0073,75
3513,perfect prawn,trust_improve_1,p0082,78
3514,perfect prawn,trust_improve_1,p0091,85
3515,perfect prawn,trust_improve_1,p0092,68
3516,perfect prawn,trust_improve_1,p0093,78
3517,perfect prawn,trust_improve_1,p0095,75
3518,perfect prawn,trust_improve_1,p0107,68
3519,perfect prawn,trust_improve_1,p0114,85
3520,perfect prawn,trust_improve_1,p0116,68
3521,perfect prawn,trust_improve_1,p0118,68
3522,perfect prawn,trust_improve_1,p0119,78
3523,perfect prawn,trust_improve_1,p0126,75
3524,perfect prawn,trust_improve_1,p0129,85
3525,perfect prawn,trust_improve_1,p0136,65
3526,perfect prawn,trust_improve_1,p0138,65
3527,perfect prawn,trust_improve_1,p0144,68
3528,perfect prawn,trust_improve_1,p0150,65
3529,perfect prawn,trust_improve_1,p0152,68
3530,perfect prawn,trust_improve_1,p0158,62
3531,perfect prawn,trust_improve_1,p0161,75
3532,perfect prawn,trust_improve_1,p0164,65
3533,perfect prawn,trust_improve_1,p0175,78
3534,perfect prawn,trust_improve_1,p0177,78
3535,perfect prawn,trust_improve_1,p0178,85
3536,perfect prawn,trust_improve_1,p0181,35
3537,perfect prawn,trust_improve_1,p0186,68
3538,perfect prawn,trust_improve_1,p0196,75
3539,perfect prawn,trust_improve_1,p0198,82
3540,perfect prawn,trust_improve_1,p0202,85
3541,perfect prawn,trust_improve_1,p0205,68
3542,perfect prawn,trust_improve_1,p0207,65
3543,perfect prawn,trust_improve_1,p0211,68
3544,perfect prawn,trust_improve_1,p0227,85
3545,perfect prawn,trust_improve_1,p0229,68
3546,perfect prawn,trust_improve_1,p0232,75
3547,perfect prawn,trust_improve_1,p0233,65
3548,perfect prawn,trust_improve_1,p0237,85
3549,perfect prawn,trust_improve_1,p0258,75
3550,perfect prawn,trust_improve_1,p0268,45
3551,perfect prawn,trust_improve_1,p0274,78
3552,perfect prawn,trust_improve_1,p0275,35
3553,perfect prawn,trust_improve_1,p0277,65
3554,perfect prawn,trust_improve_1,p0288,75
3555,perfect prawn,trust_improve_1,p0291,75
3556,perfect prawn,trust_improve_1,p0307,68
3557,perfect prawn,trust_improve_1,p0308,78
3558,perfect prawn,trust_improve_1,p0317,55
3559,perfect prawn,trust_improve_1,p0325,85
3560,perfect prawn,trust_improve_1,p0327,85
3561,perfect prawn,trust_improve_1,p0334,85
3562,perfect prawn,trust_improve_1,p0336,78
3563,perfect prawn,trust_improve_1,p0338,45
3564,perfect prawn,trust_improve_1,p0342,78
3565,perfect prawn,trust_improve_1,p0349,65
3566,perfect prawn,trust_improve_1,p0356,65
3567,perfect prawn,trust_improve_1,p0358,78
3568,perfect prawn,trust_improve_1,p0363,78
3569,perfect prawn,trust_improve_1,p0364,78
3570,perfect prawn,trust_improve_1,p0369,85
3571,perfect prawn,trust_improve_1,p0370,62
3572,perfect prawn,trust_improve_1,p0371,65
3573,perfect prawn,trust_improve_1,p0379,68
3574,perfect prawn,trust_improve_1,p0386,78
3575,perfect prawn,trust_improve_1,p0396,78
3576,perfect prawn,trust_improve_1,p0403,78
3577,perfect prawn,trust_improve_1,p0405,85
3578,perfect prawn,trust_improve_1,p0412,78
3579,perfect prawn,trust_improve_1,p0415,45
3580,perfect prawn,trust_improve_1,p0416,75
3581,perfect prawn,trust_improve_1,p0417,75
3582,perfect prawn,trust_improve_1,p0418,65
3583,perfect prawn,trust_improve_1,p0430,75
3584,perfect prawn,trust_improve_1,p0431,85
3585,perfect prawn,trust_improve_1,p0434,35
3586,perfect prawn,trust_improve_1,p0438,85
3587,perfect prawn,trust_improve_1,p0441,78
3588,perfect prawn,trust_improve_1,p0442,45
3589,perfect prawn,trust_improve_1,p0449,65
3590,perfect prawn,trust_improve_1,p0450,75
3591,perfect prawn,trust_improve_1,p0465,68
3592,perfect prawn,trust_improve_1,p0471,78
3593,perfect prawn,trust_improve_1,p0477,75
3594,perfect prawn,trust_improve_1,p0483,75
3595,perfect prawn,trust_improve_1,p0486,78
3596,perfect prawn,trust_improve_1,p0487,78
3597,perfect prawn,trust_improve_1,p0489,78
3598,perfect prawn,trust_improve_1,p0497,65
3599,perfect prawn,trust_improve_1,p0502,68
3600,perfect prawn,trust_improve_1,p0503,78
3601,perfect prawn,trust_improve_1,p0506,68
3602,perfect prawn,trust_improve_1,p0511,75
3603,perfect prawn,trust_improve_1,p0523,75
3604,perfect prawn,trust_improve_1,p0534,85
3605,perfect prawn,trust_improve_1,p0536,72
3606,perfect prawn,trust_improve_1,p0542,45
3607,perfect prawn,trust_improve_1,p0547,78
3608,perfect prawn,trust_improve_1,p0553,78
3609,perfect prawn,trust_improve_1,p0559,75
3610,perfect prawn,trust_improve_1,p0566,75
3611,perfect prawn,trust_improve_1,p0568,75
3612,perfect prawn,trust_improve_1,p0570,35
3613,perfect prawn,trust_improve_1,p0573,75
3614,perfect prawn,trust_improve_1,p0578,75
3615,perfect prawn,trust_improve_1,p0594,62
3616,perfect prawn,trust_improve_1,p0597,75
3617,perfect prawn,trust_improve_1,p0601,75
3618,perfect prawn,trust_improve_1,p0602,65
3619,perfect prawn,trust_improve_1,p0605,75
3620,perfect prawn,trust_improve_1,p0615,72
3621,perfect prawn,trust_improve_1,p0620,78
3622,perfect prawn,trust_improve_1,p0626,75
3623,perfect prawn,trust_improve_1,p0629,85
3624,perfect prawn,trust_improve_1,p0633,68
3625,perfect prawn,trust_improve_1,p0638,75
3626,perfect prawn,trust_improve_1,p0639,75
3627,perfect prawn,trust_improve_1,p0640,65
3628,perfect prawn,trust_improve_1,p0655,75
3629,perfect prawn,trust_improve_1,p0656,75
3630,perfect prawn,trust_improve_1,p0658,65
3631,perfect prawn,trust_improve_1,p0661,65
3632,perfect prawn,trust_improve_1,p0669,82
3633,perfect prawn,trust_improve_1,p0670,65
3634,perfect prawn,trust_improve_1,p0672,78
3635,perfect prawn,trust_improve_1,p0674,78
3636,perfect prawn,trust_improve_1,p0678,78
3637,perfect prawn,trust_improve_1,p0683,75
3638,perfect prawn,trust_improve_1,p0686,68
3639,perfect prawn,trust_improve_1,p0687,78
3640,perfect prawn,trust_improve_1,p0698,75
3641,perfect prawn,trust_improve_1,p0700,68
3642,perfect prawn,trust_improve_1,p0703,65
3643,perfect prawn,trust_improve_1,p0718,78
3644,perfect prawn,trust_improve_1,p0744,78
3645,perfect prawn,trust_improve_1,p0745,75
3646,perfect prawn,trust_improve_1,p0753,68
3647,perfect prawn,trust_improve_1,p0770,78
3648,perfect prawn,trust_improve_1,p0771,75
3649,perfect prawn,trust_improve_1,p0777,85
3650,perfect prawn,trust_improve_1,p0779,78
3651,perfect prawn,trust_improve_1,p0780,65
3652,perfect prawn,trust_improve_1,p0783,68
3653,perfect prawn,trust_improve_1,p0785,68
3654,perfect prawn,trust_improve_1,p0786,65
3655,perfect prawn,trust_improve_1,p0794,35
3656,perfect prawn,trust_improve_1,p0798,35
3657,perfect prawn,trust_improve_1,p0800,75
3658,perfect prawn,trust_improve_1,p0820,45
3659,perfect prawn,trust_improve_1,p0841,68
3660,perfect prawn,trust_improve_1,p0849,78
3661,perfect prawn,trust_improve_1,p0862,85
3662,perfect prawn,trust_improve_1,p0867,78
3663,perfect prawn,trust_improve_1,p0869,82
3664,perfect prawn,trust_improve_1,p0872,78
3665,perfect prawn,trust_improve_1,p0880,78
3666,perfect prawn,trust_improve_1,p0891,75
3667,perfect prawn,trust_improve_1,p0916,78
3668,perfect prawn,trust_improve_1,p0917,78
3669,perfect prawn,trust_improve_1,p0919,78
3670,perfect prawn,trust_improve_1,p0922,65
3671,perfect prawn,trust_improve_1,p0925,75
3672,perfect prawn,trust_improve_1,p0927,78
3673,perfect prawn,trust_improve_1,p0929,75
3674,perfect prawn,trust_improve_1,p0930,75
3675,perfect prawn,trust_improve_1,p0931,45
3676,perfect prawn,trust_improve_1,p0933,68
3677,perfect prawn,trust_improve_1,p0934,65
3678,perfect prawn,trust_improve_1,p0936,78
3679,perfect prawn,trust_improve_1,p0938,75
3680,perfect prawn,trust_improve_1,p0939,68
3681,perfect prawn,trust_improve_1,p0946,68
3682,perfect prawn,trust_improve_1,p0951,75
3683,perfect prawn,trust_improve_1,p0956,78
3684,perfect prawn,trust_improve_1,p0962,75
3685,perfect prawn,trust_improve_1,p0963,78
3686,perfect prawn,trust_improve_1,p0969,65
3687,perfect prawn,trust_improve_1,p0972,68
3688,perfect prawn,trust_improve_1,p0975,65
3689,perfect prawn,trust_improve_1,p0985,55
3690,perfect prawn,trust_improve_1,p0993,75
3691,perfect prawn,trust_improve_1,p0996,65
3692,perfect prawn,trust_improve_1,p1011,55
3693,perfect prawn,trust_improve_1,p1017,45
3694,perfect prawn,trust_improve_1,p1020,75
3695,perfect prawn,trust_improve_1,p1022,78
3696,perfect prawn,trust_improve_1,p1024,45
3697,perfect prawn,trust_improve_1,p1027,85
3698,perfect prawn,trust_improve_1,p1028,85
3699,perfect prawn,trust_improve_1,p1029,45
3700,perfect prawn,trust_improve_1,p1032,65
3701,perfect prawn,trust_improve_1,p1040,75
3702,perfect prawn,trust_improve_1,p1047,68
3703,perfect prawn,trust_improve_1,p1048,65
3704,perfect prawn,trust_improve_1,p1053,68
3705,perfect prawn,trust_improve_1,p1057,65
3706,perfect prawn,trust_improve_1,p1058,68
3707,perfect prawn,trust_improve_1,p1063,45
3708,perfect prawn,trust_improve_1,p1064,78
3709,perfect prawn,trust_improve_1,p1065,65
3710,perfect prawn,trust_improve_1,p1069,65
3711,perfect prawn,trust_improve_1,p1072,78
3712,perfect prawn,trust_improve_1,p1073,75
3713,perfect prawn,trust_improve_1,p1075,78
3714,perfect prawn,trust_improve_1,p1076,65
3715,perfect prawn,trust_improve_1,p1083,65
3716,perfect prawn,trust_improve_1,p1089,85
3717,perfect prawn,trust_improve_1,p1093,78
3718,perfect prawn,trust_improve_1,p1096,78
3719,perfect prawn,trust_improve_1,p1100,65
3720,perfect prawn,trust_improve_1,p1106,75
3721,perfect prawn,trust_improve_1,p1107,65
3722,perfect prawn,trust_improve_1,p1113,75
3723,perfect prawn,trust_improve_1,p1117,35
3724,perfect prawn,trust_improve_1,p1120,72
3725,perfect prawn,trust_improve_1,p1134,75
3726,perfect prawn,trust_improve_1,p1136,45
3727,perfect prawn,trust_improve_1,p1138,75
3728,perfect prawn,trust_improve_1,p1144,65
3729,perfect prawn,trust_improve_1,p1145,85
3730,perfect prawn,trust_improve_1,p1147,85
3731,perfect prawn,trust_improve_1,p1148,78
3732,perfect prawn,trust_improve_1,p1154,85
3733,perfect prawn,trust_improve_1,p1159,75
3734,perfect prawn,trust_improve_1,p1167,78
3735,perfect prawn,trust_improve_1,p1175,78
3736,perfect prawn,trust_improve_1,p1178,68
3737,perfect prawn,trust_improve_1,p1184,68
3738,perfect prawn,trust_improve_1,p1186,78
3739,perfect prawn,trust_improve_1,p1196,65
3740,perfect prawn,trust_improve_1,p1197,65
3741,perfect prawn,trust_improve_1,p1203,78
3742,perfect prawn,trust_improve_1,p1219,65
3743,perfect prawn,trust_improve_1,p1225,65
3744,perfect prawn,trust_improve_1,p1234,75
3745,perfect prawn,trust_improve_1,p1242,68
3746,perfect prawn,trust_improve_1,p1244,75
3747,perfect prawn,trust_improve_1,p1249,68
3748,perfect prawn,trust_improve_1,p1250,75
3749,perfect prawn,trust_improve_1,p1256,75
3750,perfect prawn,trust_improve_1,p1258,82
3751,perfect prawn,trust_improve_1,p1260,68
3752,perfect prawn,trust_improve_1,p1262,55
3753,perfect prawn,trust_improve_1,p1264,75
3754,perfect prawn,trust_improve_1,p1265,78
3755,perfect prawn,trust_improve_1,p1269,68
3756,perfect prawn,trust_improve_1,p1272,75
3757,perfect prawn,trust_improve_1,p1278,78
3758,perfect prawn,trust_improve_1,p1281,75
3759,perfect prawn,trust_improve_1,p1292,65
3760,perfect prawn,trust_improve_1,p1299,68
3761,perfect prawn,trust_improve_1,p1312,68
3762,perfect prawn,trust_improve_1,p1322,75
3763,perfect prawn,trust_improve_1,p1326,75
3764,perfect prawn,trust_improve_1,p1330,75
3765,perfect prawn,trust_improve_1,p1335,75
3766,perfect prawn,trust_improve_1,p1337,75
3767,perfect prawn,trust_improve_1,p1340,78
3768,perfect prawn,trust_improve_1,p1345,75
3769,perfect prawn,trust_improve_1,p1351,65
3770,perfect prawn,trust_improve_1,p1355,65
3771,perfect prawn,trust_improve_1,p1362,65
3772,perfect prawn,trust_improve_1,p1365,68
3773,perfect prawn,trust_improve_1,p1366,62
3774,perfect prawn,trust_improve_1,p1367,62
3775,perfect prawn,trust_improve_1,p1370,75
3776,perfect prawn,trust_improve_1,p1371,85
3777,perfect prawn,trust_improve_1,p1373,75
3778,perfect prawn,trust_improve_1,p1375,68
3779,perfect prawn,trust_improve_1,p1376,68
3780,perfect prawn,trust_improve_1,p1379,68
3781,perfect prawn,trust_improve_1,p1381,65
3782,perfect prawn,trust_improve_1,p1393,75
3783,perfect prawn,trust_improve_1,p1396,85
3784,perfect prawn,trust_improve_1,p1398,75
3785,perfect prawn,trust_improve_1,p1404,75
3786,perfect prawn,trust_improve_1,p1406,75
3787,perfect prawn,trust_improve_1,p1407,65
3788,perfect prawn,trust_improve_1,p1409,75
3789,perfect prawn,trust_improve_1,p1412,75
3790,perfect prawn,trust_improve_1,p1414,85
3791,perfect prawn,trust_improve_1,p1424,65
3792,perfect prawn,trust_improve_1,p1425,65
3793,perfect prawn,trust_improve_1,p1429,65
3794,perfect prawn,trust_improve_1,p1434,75
3795,perfect prawn,trust_improve_1,p1441,65
3796,perfect prawn,trust_improve_1,p1445,65
3797,perfect prawn,trust_improve_1,p1450,78
3798,perfect prawn,trust_improve_1,p1454,78
3799,perfect prawn,trust_improve_1,p1456,55
3800,perfect prawn,trust_improve_1,p1457,65
3801,perfect prawn,trust_improve_1,p1458,85
3802,perfect prawn,trust_improve_1,p1469,72
3803,perfect prawn,trust_improve_1,p1470,75
3804,perfect prawn,trust_improve_1,p1481,75
3805,perfect prawn,trust_improve_1,p1488,75
3806,perfect prawn,trust_improve_1,p1492,62
3807,perfect prawn,trust_improve_1,p1495,75
3808,perfect prawn,trust_improve_1,p1497,75
3809,perfect prawn,trust_improve_1,p1499,75
3810,perfect prawn,trust_improve_1,p1503,75
3811,perfect prawn,trust_improve_1,p1511,75
3812,perfect prawn,trust_improve_1,p1512,68
3813,perfect prawn,trust_improve_1,p1518,75
3814,perfect prawn,trust_improve_1,p1519,75
3815,perfect prawn,trust_improve_1,p1520,65
3816,perfect prawn,trust_improve_1,p1524,78
3817,perfect prawn,trust_improve_1,p1526,65
3818,perfect prawn,trust_improve_1,p1537,75
3819,perfect prawn,trust_improve_1,p1545,78
3820,perfect prawn,trust_improve_1,p1547,75
3821,perfect prawn,trust_improve_1,p1552,75
3822,perfect prawn,trust_improve_1,p1567,75
3823,perfect prawn,trust_improve_1,p1568,75
3824,perfect prawn,trust_improve_1,p1579,35
3825,perfect prawn,trust_improve_1,p1587,45
3826,perfect prawn,trust_improve_1,p1596,65
3827,perfect prawn,trust_improve_1,p1600,82
3828,perfect prawn,trust_improve_1,p1603,72
3829,perfect prawn,trust_improve_1,p1604,75
3830,perfect prawn,trust_improve_1,p1610,68
3831,perfect prawn,trust_improve_1,p1618,45
3832,perfect prawn,trust_improve_1,p1619,85
3833,perfect prawn,trust_improve_1,p1622,75
3834,perfect prawn,trust_improve_1,p1623,45
3835,perfect prawn,trust_improve_1,p1630,68
3836,perfect prawn,trust_improve_1,p1641,75
3837,perfect prawn,trust_improve_1,p1649,65
3838,perfect prawn,trust_improve_1,p1652,65
3839,perfect prawn,trust_improve_1,p1665,65
3840,perfect prawn,trust_improve_1,p1669,45
3841,perfect prawn,trust_improve_1,p1685,65
3842,perfect prawn,trust_improve_1,p1693,75
3843,perfect prawn,trust_improve_1,p1698,75
3844,perfect prawn,trust_improve_1,p1704,75
3845,perfect prawn,trust_improve_1,p1711,78
3846,perfect prawn,trust_improve_1,p1718,45
3847,perfect prawn,trust_improve_1,p1732,65
3848,perfect prawn,trust_improve_1,p1739,75
3849,perfect prawn,trust_improve_1,p1741,78
3850,perfect prawn,trust_improve_1,p1746,55
3851,perfect prawn,trust_improve_1,p1751,62
3852,perfect prawn,trust_improve_1,p1754,75
3853,perfect prawn,trust_improve_1,p1769,75
3854,perfect prawn,trust_improve_1,p1771,75
3855,perfect prawn,trust_improve_1,p1776,68
3856,perfect prawn,trust_improve_1,p1780,78
3857,perfect prawn,trust_improve_1,p1785,62
3858,perfect prawn,trust_improve_1,p1791,78
3859,perfect prawn,trust_improve_1,p1793,75
3860,perfect prawn,trust_improve_1,p1796,65
3861,perfect prawn,trust_improve_1,p1805,72
3862,perfect prawn,trust_improve_1,p1812,78
3863,perfect prawn,trust_improve_1,p1816,65
3864,perfect prawn,trust_improve_1,p1819,78
3865,perfect prawn,trust_improve_1,p1825,85
3866,perfect prawn,trust_improve_1,p1836,78
3867,perfect prawn,trust_improve_1,p1839,75
3868,perfect prawn,trust_improve_1,p1861,65
3869,perfect prawn,trust_improve_1,p1863,78
3870,perfect prawn,trust_improve_1,p1873,75
3871,perfect prawn,trust_improve_1,p1875,68
3872,perfect prawn,trust_improve_1,p1876,85
3873,perfect prawn,trust_improve_1,p1877,75
3874,perfect prawn,trust_improve_1,p1880,65
3875,perfect prawn,trust_improve_1,p1883,65
3876,perfect prawn,trust_improve_1,p1889,45
3877,perfect prawn,trust_improve_1,p1893,82
3878,perfect prawn,trust_improve_1,p1896,78
3879,perfect prawn,trust_improve_1,p1913,75
3880,perfect prawn,trust_improve_1,p1922,85
3881,perfect prawn,trust_improve_1,p1930,78
3882,perfect prawn,trust_improve_1,p1935,78
3883,perfect prawn,trust_improve_1,p1940,85
3884,perfect prawn,trust_improve_1,p1948,65
3885,perfect prawn,trust_improve_1,p1950,75
3886,perfect prawn,trust_improve_1,p1954,68
3887,perfect prawn,trust_improve_1,p1956,45
3888,perfect prawn,trust_improve_1,p1958,75
3889,perfect prawn,trust_improve_1,p1967,78
3890,perfect prawn,trust_improve_1,p1973,85
3891,perfect prawn,trust_improve_1,p1978,72
3892,perfect prawn,trust_improve_1,p1983,55
3893,perfect prawn,trust_improve_1,p1984,65
3894,perfect prawn,trust_improve_1,p1995,75
3895,perfect prawn,trust_improve_1,p1996,68
3896,perfect prawn,trust_improve_1,p1997,78
3897,perfect prawn,trust_improve_1,p2001,78
3898,perfect prawn,trust_improve_1,p2002,65
3899,perfect prawn,trust_improve_1,p2013,85
3900,perfect prawn,trust_improve_1,p2014,65
3901,perfect prawn,trust_improve_1,p2016,78
3902,perfect prawn,trust_improve_1,p2018,62
3903,perfect prawn,trust_improve_1,p2023,78
3904,perfect prawn,trust_improve_1,p2025,75
3905,perfect prawn,trust_improve_1,p2028,65
3906,perfect prawn,trust_improve_1,p2030,75
3907,perfect prawn,trust_improve_1,p2033,75
3908,perfect prawn,trust_improve_1,p2040,35
3909,perfect prawn,trust_improve_1,p2051,75
3910,perfect prawn,trust_improve_1,p2052,68
3911,perfect prawn,trust_improve_1,p2066,55
3912,perfect prawn,trust_improve_1,p2067,82
3913,perfect prawn,trust_improve_1,p2073,82
3914,perfect prawn,trust_improve_1,p2077,68
3915,perfect prawn,trust_improve_1,p2078,75
3916,perfect prawn,trust_improve_1,p2086,78
3917,perfect prawn,trust_improve_1,p2089,78
3918,perfect prawn,trust_improve_1,p2093,35
3919,perfect prawn,trust_improve_1,p2094,75
3920,perfect prawn,trust_improve_1,p2111,75
3921,perfect prawn,trust_improve_1,p2117,78
3922,perfect prawn,trust_improve_1,p2121,75
3923,perfect prawn,trust_improve_1,p2127,75
3924,perfect prawn,trust_improve_1,p2141,75
3925,perfect prawn,trust_improve_1,p2142,35
3926,perfect prawn,trust_improve_1,p2143,78
3927,perfect prawn,trust_improve_1,p2153,75
3928,perfect prawn,trust_improve_1,p2155,65
3929,perfect prawn,trust_improve_1,p2169,65
3930,perfect prawn,trust_improve_1,p2187,75
3931,perfect prawn,trust_improve_1,p2188,78
3932,perfect prawn,trust_improve_1,p2197,75
3933,perfect prawn,trust_improve_1,p2213,68
3934,perfect prawn,trust_improve_1,p2214,78
3935,perfect prawn,trust_improve_1,p2215,75
3936,perfect prawn,trust_improve_1,p2220,78
3937,perfect prawn,trust_improve_1,p2223,68
3938,perfect prawn,trust_improve_1,p2229,75
3939,perfect prawn,trust_improve_1,p2234,85
3940,perfect prawn,trust_improve_1,p2237,78
3941,perfect prawn,trust_improve_1,p2238,75
3942,perfect prawn,trust_improve_1,p2244,75
3943,perfect prawn,trust_improve_1,p2248,75
3944,perfect prawn,trust_improve_1,p2252,85
3945,perfect prawn,trust_improve_1,p2255,35
3946,perfect prawn,trust_improve_1,p2261,45
3947,perfect prawn,trust_improve_1,p2263,75
3948,perfect prawn,trust_improve_1,p2273,78
3949,perfect prawn,trust_improve_1,p2275,78
3950,perfect prawn,trust_improve_1,p2276,68
3951,perfect prawn,trust_improve_1,p2283,62
3952,perfect prawn,trust_improve_1,p2287,78
3953,perfect prawn,trust_improve_1,p2296,55
3954,perfect prawn,trust_improve_1,p2298,68
3955,perfect prawn,trust_improve_1,p2304,78
3956,perfect prawn,trust_improve_1,p2310,68
3957,perfect prawn,trust_improve_1,p2322,65
3958,perfect prawn,trust_improve_1,p2326,75
3959,perfect prawn,trust_improve_1,p2330,68
3960,perfect prawn,trust_improve_1,p2331,75
3961,perfect prawn,trust_improve_1,p2333,75
3962,perfect prawn,trust_improve_1,p2347,78
3963,perfect prawn,trust_improve_1,p2350,68
3964,perfect prawn,trust_improve_1,p2351,78
3965,perfect prawn,trust_improve_1,p2353,78
3966,perfect prawn,trust_improve_1,p2355,75
3967,perfect prawn,trust_improve_1,p2363,65
3968,perfect prawn,trust_improve_1,p2378,78
3969,perfect prawn,trust_improve_1,p2380,78
3970,perfect prawn,trust_improve_1,p2387,75
3971,perfect prawn,trust_improve_1,p2398,78
3972,perfect prawn,trust_improve_1,p2400,78
3973,perfect prawn,trust_improve_1,p2403,78
3974,perfect prawn,trust_improve_1,p2408,45
3975,perfect prawn,trust_improve_1,p2418,75
3976,perfect prawn,trust_improve_1,p2426,75
3977,perfect prawn,trust_improve_1,p2428,68
3978,perfect prawn,trust_improve_1,p2434,85
3979,perfect prawn,trust_improve_1,p2446,62
3980,perfect prawn,trust_improve_1,p2452,65
3981,perfect prawn,trust_improve_1,p2454,68
3982,perfect prawn,trust_improve_1,p2462,75
3983,perfect prawn,trust_improve_1,p2467,35
3984,perfect prawn,trust_improve_1,p2482,75
3985,perfect prawn,trust_improve_1,p2489,72
3986,perfect prawn,trust_improve_1,p2490,75
3987,perfect prawn,trust_improve_1,p2494,65
3988,perfect prawn,trust_improve_1,p2502,78
3989,perfect prawn,trust_improve_1,p2503,75
3990,perfect prawn,trust_improve_1,p2522,78
3991,perfect prawn,trust_improve_1,p2524,78
3992,perfect prawn,trust_improve_1,p2533,45
3993,perfect prawn,trust_improve_1,p2566,75
3994,perfect prawn,trust_improve_1,p2571,78
3995,perfect prawn,trust_improve_1,p2573,68
3996,perfect prawn,trust_improve_1,p2582,75
3997,perfect prawn,trust_improve_1,p2591,75
3998,perfect prawn,trust_improve_1,p2592,75
3999,perfect prawn,trust_improve_1,p2595,35
4000,perfect prawn,trust_considerate_1,p0016,75
4001,perfect prawn,trust_considerate_1,p0022,75
4002,perfect prawn,trust_considerate_1,p0023,82
4003,perfect prawn,trust_considerate_1,p0026,75
4004,perfect prawn,trust_considerate_1,p0034,62
4005,perfect prawn,trust_considerate_1,p0036,68
4006,perfect prawn,trust_considerate_1,p0037,68
4007,perfect prawn,trust_considerate_1,p0042,78
4008,perfect prawn,trust_considerate_1,p0057,68
4009,perfect prawn,trust_considerate_1,p0066,75
4010,perfect prawn,trust_considerate_1,p0069,45
4011,perfect prawn,trust_considerate_1,p0072,78
4012,perfect prawn,trust_considerate_1,p0073,72
4013,perfect prawn,trust_considerate_1,p0082,78
4014,perfect prawn,trust_considerate_1,p0091,82
4015,perfect prawn,trust_considerate_1,p0092,68
4016,perfect prawn,trust_considerate_1,p0093,78
4017,perfect prawn,trust_considerate_1,p0095,75
4018,perfect prawn,trust_considerate_1,p0107,68
4019,perfect prawn,trust_considerate_1,p0114,78
4020,perfect prawn,trust_considerate_1,p0116,68
4021,perfect prawn,trust_considerate_1,p0118,68
4022,perfect prawn,trust_considerate_1,p0119,78
4023,perfect prawn,trust_considerate_1,p0126,78
4024,perfect prawn,trust_considerate_1,p0129,85
4025,perfect prawn,trust_considerate_1,p0136,62
4026,perfect prawn,trust_considerate_1,p0138,68
4027,perfect prawn,trust_considerate_1,p0144,68
4028,perfect prawn,trust_considerate_1,p0150,62
4029,perfect prawn,trust_considerate_1,p0152,68
4030,perfect prawn,trust_considerate_1,p0158,62
4031,perfect prawn,trust_considerate_1,p0161,75
4032,perfect prawn,trust_considerate_1,p0164,65
4033,perfect prawn,trust_considerate_1,p0175,75
4034,perfect prawn,trust_considerate_1,p0177,75
4035,perfect prawn,trust_considerate_1,p0178,82
4036,perfect prawn,trust_considerate_1,p0181,35
4037,perfect prawn,trust_considerate_1,p0186,68
4038,perfect prawn,trust_considerate_1,p0196,72
4039,perfect prawn,trust_considerate_1,p0198,78
4040,perfect prawn,trust_considerate_1,p0202,78
4041,perfect prawn,trust_considerate_1,p0205,62
4042,perfect prawn,trust_considerate_1,p0207,65
4043,perfect prawn,trust_considerate_1,p0211,55
4044,perfect prawn,trust_considerate_1,p0227,82
4045,perfect prawn,trust_considerate_1,p0229,68
4046,perfect prawn,trust_considerate_1,p0232,78
4047,perfect prawn,trust_considerate_1,p0233,65
4048,perfect prawn,trust_considerate_1,p0237,85
4049,perfect prawn,trust_considerate_1,p0258,68
4050,perfect prawn,trust_considerate_1,p0268,45
4051,perfect prawn,trust_considerate_1,p0274,78
4052,perfect prawn,trust_considerate_1,p0275,35
4053,perfect prawn,trust_considerate_1,p0277,62
4054,perfect prawn,trust_considerate_1,p0288,75
4055,perfect prawn,trust_considerate_1,p0291,78
4056,perfect prawn,trust_considerate_1,p0307,68
4057,perfect prawn,trust_considerate_1,p0308,75
4058,perfect prawn,trust_considerate_1,p0317,45
4059,perfect prawn,trust_considerate_1,p0325,82
4060,perfect prawn,trust_considerate_1,p0327,82
4061,perfect prawn,trust_considerate_1,p0334,78
4062,perfect prawn,trust_considerate_1,p0336,78
4063,perfect prawn,trust_considerate_1,p0338,45
4064,perfect prawn,trust_considerate_1,p0342,78
4065,perfect prawn,trust_considerate_1,p0349,62
4066,perfect prawn,trust_considerate_1,p0356,65
4067,perfect prawn,trust_considerate_1,p0358,72
4068,perfect prawn,trust_considerate_1,p0363,78
4069,perfect prawn,trust_considerate_1,p0364,78
4070,perfect prawn,trust_considerate_1,p0369,85
4071,perfect prawn,trust_considerate_1,p0370,62
4072,perfect prawn,trust_considerate_1,p0371,65
4073,perfect prawn,trust_considerate_1,p0379,68
4074,perfect prawn,trust_considerate_1,p0386,78
4075,perfect prawn,trust_considerate_1,p0396,78
4076,perfect prawn,trust_considerate_1,p0403,78
4077,perfect prawn,trust_considerate_1,p0405,78
4078,perfect prawn,trust_considerate_1,p0412,78
4079,perfect prawn,trust_considerate_1,p0415,45
4080,perfect prawn,trust_considerate_1,p0416,78
4081,perfect prawn,trust_considerate_1,p0417,75
4082,perfect prawn,trust_considerate_1,p0418,65
4083,perfect prawn,trust_considerate_1,p0430,75
4084,perfect prawn,trust_considerate_1,p0431,82
4085,perfect prawn,trust_considerate_1,p0434,25
4086,perfect prawn,trust_considerate_1,p0438,78
4087,perfect prawn,trust_considerate_1,p0441,78
4088,perfect prawn,trust_considerate_1,p0442,45
4089,perfect prawn,trust_considerate_1,p0449,68
4090,perfect prawn,trust_considerate_1,p0450,75
4091,perfect prawn,trust_considerate_1,p0465,62
4092,perfect prawn,trust_considerate_1,p0471,78
4093,perfect prawn,trust_considerate_1,p0477,78
4094,perfect prawn,trust_considerate_1,p0483,72
4095,perfect prawn,trust_considerate_1,p0486,75
4096,perfect prawn,trust_considerate_1,p0487,78
4097,perfect prawn,trust_considerate_1,p0489,78
4098,perfect prawn,trust_considerate_1,p0497,65
4099,perfect prawn,trust_considerate_1,p0502,68
4100,perfect prawn,trust_considerate_1,p0503,78
4101,perfect prawn,trust_considerate_1,p0506,62
4102,perfect prawn,trust_considerate_1,p0511,75
4103,perfect prawn,trust_considerate_1,p0523,75
4104,perfect prawn,trust_considerate_1,p0534,85
4105,perfect prawn,trust_considerate_1,p0536,72
4106,perfect prawn,trust_considerate_1,p0542,35
4107,perfect prawn,trust_considerate_1,p0547,78
4108,perfect prawn,trust_considerate_1,p0553,78
4109,perfect prawn,trust_considerate_1,p0559,75
4110,perfect prawn,trust_considerate_1,p0566,72
4111,perfect prawn,trust_considerate_1,p0568,68
4112,perfect prawn,trust_considerate_1,p0570,35
4113,perfect prawn,trust_considerate_1,p0573,68
4114,perfect prawn,trust_considerate_1,p0578,72
4115,perfect prawn,trust_considerate_1,p0594,62
4116,perfect prawn,trust_considerate_1,p0597,78
4117,perfect prawn,trust_considerate_1,p0601,72
4118,perfect prawn,trust_considerate_1,p0602,62
4119,perfect prawn,trust_considerate_1,p0605,68
4120,perfect prawn,trust_considerate_1,p0615,68
4121,perfect prawn,trust_considerate_1,p0620,78
4122,perfect prawn,trust_considerate_1,p0626,72
4123,perfect prawn,trust_considerate_1,p0629,78
4124,perfect prawn,trust_considerate_1,p0633,65
4125,perfect prawn,trust_considerate_1,p0638,75
4126,perfect prawn,trust_considerate_1,p0639,75
4127,perfect prawn,trust_considerate_1,p0640,65
4128,perfect prawn,trust_considerate_1,p0655,75
4129,perfect prawn,trust_considerate_1,p0656,68
4130,perfect prawn,trust_considerate_1,p0658,65
4131,perfect prawn,trust_considerate_1,p0661,68
4132,perfect prawn,trust_considerate_1,p0669,78
4133,perfect prawn,trust_considerate_1,p0670,68
4134,perfect prawn,trust_considerate_1,p0672,78
4135,perfect prawn,trust_considerate_1,p0674,78
4136,perfect prawn,trust_considerate_1,p0678,78
4137,perfect prawn,trust_considerate_1,p0683,75
4138,perfect prawn,trust_considerate_1,p0686,62
4139,perfect prawn,trust_considerate_1,p0687,78
4140,perfect prawn,trust_considerate_1,p0698,75
4141,perfect prawn,trust_considerate_1,p0700,68
4142,perfect prawn,trust_considerate_1,p0703,72
4143,perfect prawn,trust_considerate_1,p0718,68
4144,perfect prawn,trust_considerate_1,p0744,78
4145,perfect prawn,trust_considerate_1,p0745,78
4146,perfect prawn,trust_considerate_1,p0753,62
4147,perfect prawn,trust_considerate_1,p0770,78
4148,perfect prawn,trust_considerate_1,p0771,75
4149,perfect prawn,trust_considerate_1,p0777,85
4150,perfect prawn,trust_considerate_1,p0779,75
4151,perfect prawn,trust_considerate_1,p0780,62
4152,perfect prawn,trust_considerate_1,p0783,68
4153,perfect prawn,trust_considerate_1,p0785,72
4154,perfect prawn,trust_considerate_1,p0786,65
4155,perfect prawn,trust_considerate_1,p0794,35
4156,perfect prawn,trust_considerate_1,p0798,35
4157,perfect prawn,trust_considerate_1,p0800,75
4158,perfect prawn,trust_considerate_1,p0820,45
4159,perfect prawn,trust_considerate_1,p0841,68
4160,perfect prawn,trust_considerate_1,p0849,72
4161,perfect prawn,trust_considerate_1,p0862,85
4162,perfect prawn,trust_considerate_1,p0867,78
4163,perfect prawn,trust_considerate_1,p0869,78
4164,perfect prawn,trust_considerate_1,p0872,78
4165,perfect prawn,trust_considerate_1,p0880,78
4166,perfect prawn,trust_considerate_1,p0891,72
4167,perfect prawn,trust_considerate_1,p0916,78
4168,perfect prawn,trust_considerate_1,p0917,78
4169,perfect prawn,trust_considerate_1,p0919,78
4170,perfect prawn,trust_considerate_1,p0922,65
4171,perfect prawn,trust_considerate_1,p0925,72
4172,perfect prawn,trust_considerate_1,p0927,75
4173,perfect prawn,trust_considerate_1,p0929,72
4174,perfect prawn,trust_considerate_1,p0930,68
4175,perfect prawn,trust_considerate_1,p0931,45
4176,perfect prawn,trust_considerate_1,p0933,68
4177,perfect prawn,trust_considerate_1,p0934,45
4178,perfect prawn,trust_considerate_1,p0936,78
4179,perfect prawn,trust_considerate_1,p0938,75
4180,perfect prawn,trust_considerate_1,p0939,72
4181,perfect prawn,trust_considerate_1,p0946,68
4182,perfect prawn,trust_considerate_1,p0951,68
4183,perfect prawn,trust_considerate_1,p0956,78
4184,perfect prawn,trust_considerate_1,p0962,75
4185,perfect prawn,trust_considerate_1,p0963,78
4186,perfect prawn,trust_considerate_1,p0969,65
4187,perfect prawn,trust_considerate_1,p0972,68
4188,perfect prawn,trust_considerate_1,p0975,65
4189,perfect prawn,trust_considerate_1,p0985,45
4190,perfect prawn,trust_considerate_1,p0993,75
4191,perfect prawn,trust_considerate_1,p0996,68
4192,perfect prawn,trust_considerate_1,p1011,62
4193,perfect prawn,trust_considerate_1,p1017,45
4194,perfect prawn,trust_considerate_1,p1020,72
4195,perfect prawn,trust_considerate_1,p1022,78
4196,perfect prawn,trust_considerate_1,p1024,45
4197,perfect prawn,trust_considerate_1,p1027,78
4198,perfect prawn,trust_considerate_1,p1028,85
4199,perfect prawn,trust_considerate_1,p1029,45
4200,perfect prawn,trust_considerate_1,p1032,68
4201,perfect prawn,trust_considerate_1,p1040,75
4202,perfect prawn,trust_considerate_1,p1047,62
4203,perfect prawn,trust_considerate_1,p1048,68
4204,perfect prawn,trust_considerate_1,p1053,65
4205,perfect prawn,trust_considerate_1,p1057,62
4206,perfect prawn,trust_considerate_1,p1058,68
4207,perfect prawn,trust_considerate_1,p1063,45
4208,perfect prawn,trust_considerate_1,p1064,78
4209,perfect prawn,trust_considerate_1,p1065,62
4210,perfect prawn,trust_considerate_1,p1069,65
4211,perfect prawn,trust_considerate_1,p1072,78
4212,perfect prawn,trust_considerate_1,p1073,72
4213,perfect prawn,trust_considerate_1,p1075,78
4214,perfect prawn,trust_considerate_1,p1076,55
4215,perfect prawn,trust_considerate_1,p1083,65
4216,perfect prawn,trust_considerate_1,p1089,78
4217,perfect prawn,trust_considerate_1,p1093,78
4218,perfect prawn,trust_considerate_1,p1096,75
4219,perfect prawn,trust_considerate_1,p1100,68
4220,perfect prawn,trust_considerate_1,p1106,78
4221,perfect prawn,trust_considerate_1,p1107,65
4222,perfect prawn,trust_considerate_1,p1113,65
4223,perfect prawn,trust_considerate_1,p1117,25
4224,perfect prawn,trust_considerate_1,p1120,68
4225,perfect prawn,trust_considerate_1,p1134,72
4226,perfect prawn,trust_considerate_1,p1136,58
4227,perfect prawn,trust_considerate_1,p1138,72
4228,perfect prawn,trust_considerate_1,p1144,68
4229,perfect prawn,trust_considerate_1,p1145,85
4230,perfect prawn,trust_considerate_1,p1147,85
4231,perfect prawn,trust_considerate_1,p1148,78
4232,perfect prawn,trust_considerate_1,p1154,78
4233,perfect prawn,trust_considerate_1,p1159,75
4234,perfect prawn,trust_considerate_1,p1167,78
4235,perfect prawn,trust_considerate_1,p1175,75
4236,perfect prawn,trust_considerate_1,p1178,72
4237,perfect prawn,trust_considerate_1,p1184,68
4238,perfect prawn,trust_considerate_1,p1186,78
4239,perfect prawn,trust_considerate_1,p1196,65
4240,perfect prawn,trust_considerate_1,p1197,65
4241,perfect prawn,trust_considerate_1,p1203,78
4242,perfect prawn,trust_considerate_1,p1219,68
4243,perfect prawn,trust_considerate_1,p1225,68
4244,perfect prawn,trust_considerate_1,p1234,75
4245,perfect prawn,trust_considerate_1,p1242,68
4246,perfect prawn,trust_considerate_1,p1244,75
4247,perfect prawn,trust_considerate_1,p1249,68
4248,perfect prawn,trust_considerate_1,p1250,75
4249,perfect prawn,trust_considerate_1,p1256,75
4250,perfect prawn,trust_considerate_1,p1258,78
4251,perfect prawn,trust_considerate_1,p1260,68
4252,perfect prawn,trust_considerate_1,p1262,45
4253,perfect prawn,trust_considerate_1,p1264,75
4254,perfect prawn,trust_considerate_1,p1265,78
4255,perfect prawn,trust_considerate_1,p1269,68
4256,perfect prawn,trust_considerate_1,p1272,75
4257,perfect prawn,trust_considerate_1,p1278,78
4258,perfect prawn,trust_considerate_1,p1281,68
4259,perfect prawn,trust_considerate_1,p1292,65
4260,perfect prawn,trust_considerate_1,p1299,68
4261,perfect prawn,trust_considerate_1,p1312,68
4262,perfect prawn,trust_considerate_1,p1322,72
4263,perfect prawn,trust_considerate_1,p1326,78
4264,perfect prawn,trust_considerate_1,p1330,75
4265,perfect prawn,trust_considerate_1,p1335,72
4266,perfect prawn,trust_considerate_1,p1337,75
4267,perfect prawn,trust_considerate_1,p1340,78
4268,perfect prawn,trust_considerate_1,p1345,75
4269,perfect prawn,trust_considerate_1,p1351,68
4270,perfect prawn,trust_considerate_1,p1355,68
4271,perfect prawn,trust_considerate_1,p1362,45
4272,perfect prawn,trust_considerate_1,p1365,62
4273,perfect prawn,trust_considerate_1,p1366,62
4274,perfect prawn,trust_considerate_1,p1367,62
4275,perfect prawn,trust_considerate_1,p1370,75
4276,perfect prawn,trust_considerate_1,p1371,78
4277,perfect prawn,trust_considerate_1,p1373,72
4278,perfect prawn,trust_considerate_1,p1375,75
4279,perfect prawn,trust_considerate_1,p1376,68
4280,perfect prawn,trust_considerate_1,p1379,68
4281,perfect prawn,trust_considerate_1,p1381,68
4282,perfect prawn,trust_considerate_1,p1393,75
4283,perfect prawn,trust_considerate_1,p1396,85
4284,perfect prawn,trust_considerate_1,p1398,72
4285,perfect prawn,trust_considerate_1,p1404,75
4286,perfect prawn,trust_considerate_1,p1406,72
4287,perfect prawn,trust_considerate_1,p1407,62
4288,perfect prawn,trust_considerate_1,p1409,72
4289,perfect prawn,trust_considerate_1,p1412,75
4290,perfect prawn,trust_considerate_1,p1414,85
4291,perfect prawn,trust_considerate_1,p1424,65
4292,perfect prawn,trust_considerate_1,p1425,65
4293,perfect prawn,trust_considerate_1,p1429,65
4294,perfect prawn,trust_considerate_1,p1434,75
4295,perfect prawn,trust_considerate_1,p1441,65
4296,perfect prawn,trust_considerate_1,p1445,65
4297,perfect prawn,trust_considerate_1,p1450,78
4298,perfect prawn,trust_considerate_1,p1454,78
4299,perfect prawn,trust_considerate_1,p1456,45
4300,perfect prawn,trust_considerate_1,p1457,45
4301,perfect prawn,trust_considerate_1,p1458,85
4302,perfect prawn,trust_considerate_1,p1469,72
4303,perfect prawn,trust_considerate_1,p1470,65
4304,perfect prawn,trust_considerate_1,p1481,75
4305,perfect prawn,trust_considerate_1,p1488,75
4306,perfect prawn,trust_considerate_1,p1492,62
4307,perfect prawn,trust_considerate_1,p1495,75
4308,perfect prawn,trust_considerate_1,p1497,75
4309,perfect prawn,trust_considerate_1,p1499,68
4310,perfect prawn,trust_considerate_1,p1503,75
4311,perfect prawn,trust_considerate_1,p1511,78
4312,perfect prawn,trust_considerate_1,p1512,68
4313,perfect prawn,trust_considerate_1,p1518,75
4314,perfect prawn,trust_considerate_1,p1519,75
4315,perfect prawn,trust_considerate_1,p1520,45
4316,perfect prawn,trust_considerate_1,p1524,75
4317,perfect prawn,trust_considerate_1,p1526,65
4318,perfect prawn,trust_considerate_1,p1537,75
4319,perfect prawn,trust_considerate_1,p1545,78
4320,perfect prawn,trust_considerate_1,p1547,75
4321,perfect prawn,trust_considerate_1,p1552,75
4322,perfect prawn,trust_considerate_1,p1567,68
4323,perfect prawn,trust_considerate_1,p1568,78
4324,perfect prawn,trust_considerate_1,p1579,35
4325,perfect prawn,trust_considerate_1,p1587,35
4326,perfect prawn,trust_considerate_1,p1596,62
4327,perfect prawn,trust_considerate_1,p1600,78
4328,perfect prawn,trust_considerate_1,p1603,78
4329,perfect prawn,trust_considerate_1,p1604,75
4330,perfect prawn,trust_considerate_1,p1610,68
4331,perfect prawn,trust_considerate_1,p1618,35
4332,perfect prawn,trust_considerate_1,p1619,85
4333,perfect prawn,trust_considerate_1,p1622,75
4334,perfect prawn,trust_considerate_1,p1623,35
4335,perfect prawn,trust_considerate_1,p1630,45
4336,perfect prawn,trust_considerate_1,p1641,68
4337,perfect prawn,trust_considerate_1,p1649,45
4338,perfect prawn,trust_considerate_1,p1652,65
4339,perfect prawn,trust_considerate_1,p1665,68
4340,perfect prawn,trust_considerate_1,p1669,45
4341,perfect prawn,trust_considerate_1,p1685,65
4342,perfect prawn,trust_considerate_1,p1693,72
4343,perfect prawn,trust_considerate_1,p1698,68
4344,perfect prawn,trust_considerate_1,p1704,72
4345,perfect prawn,trust_considerate_1,p1711,78
4346,perfect prawn,trust_considerate_1,p1718,45
4347,perfect prawn,trust_considerate_1,p1732,62
4348,perfect prawn,trust_considerate_1,p1739,78
4349,perfect prawn,trust_considerate_1,p1741,75
4350,perfect prawn,trust_considerate_1,p1746,62
4351,perfect prawn,trust_considerate_1,p1751,45
4352,perfect prawn,trust_considerate_1,p1754,75
4353,perfect prawn,trust_considerate_1,p1769,75
4354,perfect prawn,trust_considerate_1,p1771,75
4355,perfect prawn,trust_considerate_1,p1776,68
4356,perfect prawn,trust_considerate_1,p1780,75
4357,perfect prawn,trust_considerate_1,p1785,55
4358,perfect prawn,trust_considerate_1,p1791,78
4359,perfect prawn,trust_considerate_1,p1793,75
4360,perfect prawn,trust_considerate_1,p1796,68
4361,perfect prawn,trust_considerate_1,p1805,68
4362,perfect prawn,trust_considerate_1,p1812,78
4363,perfect prawn,trust_considerate_1,p1816,45
4364,perfect prawn,trust_considerate_1,p1819,78
4365,perfect prawn,trust_considerate_1,p1825,82
4366,perfect prawn,trust_considerate_1,p1836,78
4367,perfect prawn,trust_considerate_1,p1839,75
4368,perfect prawn,trust_considerate_1,p1861,65
4369,perfect prawn,trust_considerate_1,p1863,78
4370,perfect prawn,trust_considerate_1,p1873,72
4371,perfect prawn,trust_considerate_1,p1875,72
4372,perfect prawn,trust_considerate_1,p1876,82
4373,perfect prawn,trust_considerate_1,p1877,75
4374,perfect prawn,trust_considerate_1,p1880,68
4375,perfect prawn,trust_considerate_1,p1883,68
4376,perfect prawn,trust_considerate_1,p1889,35
4377,perfect prawn,trust_considerate_1,p1893,78
4378,perfect prawn,trust_considerate_1,p1896,75
4379,perfect prawn,trust_considerate_1,p1913,68
4380,perfect prawn,trust_considerate_1,p1922,85
4381,perfect prawn,trust_considerate_1,p1930,78
4382,perfect prawn,trust_considerate_1,p1935,75
4383,perfect prawn,trust_considerate_1,p1940,78
4384,perfect prawn,trust_considerate_1,p1948,65
4385,perfect prawn,trust_considerate_1,p1950,75
4386,perfect prawn,trust_considerate_1,p1954,68
4387,perfect prawn,trust_considerate_1,p1956,45
4388,perfect prawn,trust_considerate_1,p1958,68
4389,perfect prawn,trust_considerate_1,p1967,78
4390,perfect prawn,trust_considerate_1,p1973,85
4391,perfect prawn,trust_considerate_1,p1978,72
4392,perfect prawn,trust_considerate_1,p1983,62
4393,perfect prawn,trust_considerate_1,p1984,45
4394,perfect prawn,trust_considerate_1,p1995,68
4395,perfect prawn,trust_considerate_1,p1996,68
4396,perfect prawn,trust_considerate_1,p1997,72
4397,perfect prawn,trust_considerate_1,p2001,78
4398,perfect prawn,trust_considerate_1,p2002,65
4399,perfect prawn,trust_considerate_1,p2013,85
4400,perfect prawn,trust_considerate_1,p2014,68
4401,perfect prawn,trust_considerate_1,p2016,78
4402,perfect prawn,trust_considerate_1,p2018,58
4403,perfect prawn,trust_considerate_1,p2023,78
4404,perfect prawn,trust_considerate_1,p2025,75
4405,perfect prawn,trust_considerate_1,p2028,68
4406,perfect prawn,trust_considerate_1,p2030,75
4407,perfect prawn,trust_considerate_1,p2033,78
4408,perfect prawn,trust_considerate_1,p2040,35
4409,perfect prawn,trust_considerate_1,p2051,68
4410,perfect prawn,trust_considerate_1,p2052,72
4411,perfect prawn,trust_considerate_1,p2066,62
4412,perfect prawn,trust_considerate_1,p2067,78
4413,perfect prawn,trust_considerate_1,p2073,78
4414,perfect prawn,trust_considerate_1,p2077,68
4415,perfect prawn,trust_considerate_1,p2078,72
4416,perfect prawn,trust_considerate_1,p2086,78
4417,perfect prawn,trust_considerate_1,p2089,75
4418,perfect prawn,trust_considerate_1,p2093,35
4419,perfect prawn,trust_considerate_1,p2094,78
4420,perfect prawn,trust_considerate_1,p2111,68
4421,perfect prawn,trust_considerate_1,p2117,78
4422,perfect prawn,trust_considerate_1,p2121,72
4423,perfect prawn,trust_considerate_1,p2127,68
4424,perfect prawn,trust_considerate_1,p2141,75
4425,perfect prawn,trust_considerate_1,p2142,35
4426,perfect prawn,trust_considerate_1,p2143,78
4427,perfect prawn,trust_considerate_1,p2153,78
4428,perfect prawn,trust_considerate_1,p2155,62
4429,perfect prawn,trust_considerate_1,p2169,45
4430,perfect prawn,trust_considerate_1,p2187,75
4431,perfect prawn,trust_considerate_1,p2188,78
4432,perfect prawn,trust_considerate_1,p2197,75
4433,perfect prawn,trust_considerate_1,p2213,68
4434,perfect prawn,trust_considerate_1,p2214,72
4435,perfect prawn,trust_considerate_1,p2215,75
4436,perfect prawn,trust_considerate_1,p2220,72
4437,perfect prawn,trust_considerate_1,p2223,68
4438,perfect prawn,trust_considerate_1,p2229,72
4439,perfect prawn,trust_considerate_1,p2234,78
4440,perfect prawn,trust_considerate_1,p2237,78
4441,perfect prawn,trust_considerate_1,p2238,72
4442,perfect prawn,trust_considerate_1,p2244,78
4443,perfect prawn,trust_considerate_1,p2248,72
4444,perfect prawn,trust_considerate_1,p2252,78
4445,perfect prawn,trust_considerate_1,p2255,25
4446,perfect prawn,trust_considerate_1,p2261,35
4447,perfect prawn,trust_considerate_1,p2263,75
4448,perfect prawn,trust_considerate_1,p2273,78
4449,perfect prawn,trust_considerate_1,p2275,78
4450,perfect prawn,trust_considerate_1,p2276,68
4451,perfect prawn,trust_considerate_1,p2283,45
4452,perfect prawn,trust_considerate_1,p2287,75
4453,perfect prawn,trust_considerate_1,p2296,55
4454,perfect prawn,trust_considerate_1,p2298,62
4455,perfect prawn,trust_considerate_1,p2304,78
4456,perfect prawn,trust_considerate_1,p2310,68
4457,perfect prawn,trust_considerate_1,p2322,55
4458,perfect prawn,trust_considerate_1,p2326,78
4459,perfect prawn,trust_considerate_1,p2330,55
4460,perfect prawn,trust_considerate_1,p2331,78
4461,perfect prawn,trust_considerate_1,p2333,68
4462,perfect prawn,trust_considerate_1,p2347,78
4463,perfect prawn,trust_considerate_1,p2350,68
4464,perfect prawn,trust_considerate_1,p2351,72
4465,perfect prawn,trust_considerate_1,p2353,75
4466,perfect prawn,trust_considerate_1,p2355,75
4467,perfect prawn,trust_considerate_1,p2363,65
4468,perfect prawn,trust_considerate_1,p2378,78
4469,perfect prawn,trust_considerate_1,p2380,78
4470,perfect prawn,trust_considerate_1,p2387,72
4471,perfect prawn,trust_considerate_1,p2398,78
4472,perfect prawn,trust_considerate_1,p2400,75
4473,perfect prawn,trust_considerate_1,p2403,78
4474,perfect prawn,trust_considerate_1,p2408,45
4475,perfect prawn,trust_considerate_1,p2418,78
4476,perfect prawn,trust_considerate_1,p2426,75
4477,perfect prawn,trust_considerate_1,p2428,68
4478,perfect prawn,trust_considerate_1,p2434,78
4479,perfect prawn,trust_considerate_1,p2446,55
4480,perfect prawn,trust_considerate_1,p2452,68
4481,perfect prawn,trust_considerate_1,p2454,68
4482,perfect prawn,trust_considerate_1,p2462,75
4483,perfect prawn,trust_considerate_1,p2467,18
4484,perfect prawn,trust_considerate_1,p2482,68
4485,perfect prawn,trust_considerate_1,p2489,65
4486,perfect prawn,trust_considerate_1,p2490,72
4487,perfect prawn,trust_considerate_1,p2494,62
4488,perfect prawn,trust_considerate_1,p2502,78
4489,perfect prawn,trust_considerate_1,p2503,72
4490,perfect prawn,trust_considerate_1,p2522,78
4491,perfect prawn,trust_considerate_1,p2524,78
4492,perfect prawn,trust_considerate_1,p2533,35
4493,perfect prawn,trust_considerate_1,p2566,75
4494,perfect prawn,trust_considerate_1,p2571,78
4495,perfect prawn,trust_considerate_1,p2573,72
4496,perfect prawn,trust_considerate_1,p2582,78
4497,perfect prawn,trust_considerate_1,p2591,65
4498,perfect prawn,trust_considerate_1,p2592,72
4499,perfect prawn,trust_considerate_1,p2595,35
4500,perfect prawn,trust_feedback_1,p0016,75
4501,perfect prawn,trust_feedback_1,p0022,75
4502,perfect prawn,trust_feedback_1,p0023,78
4503,perfect prawn,trust_feedback_1,p0026,75
4504,perfect prawn,trust_feedback_1,p0034,65
4505,perfect prawn,trust_feedback_1,p0036,65
4506,perfect prawn,trust_feedback_1,p0037,65
4507,perfect prawn,trust_feedback_1,p0042,75
4508,perfect prawn,trust_feedback_1,p0057,68
4509,perfect prawn,trust_feedback_1,p0066,65
4510,perfect prawn,trust_feedback_1,p0069,45
4511,perfect prawn,trust_feedback_1,p0072,75
4512,perfect prawn,trust_feedback_1,p0073,68
4513,perfect prawn,trust_feedback_1,p0082,75
4514,perfect prawn,trust_feedback_1,p0091,75
4515,perfect prawn,trust_feedback_1,p0092,65
4516,perfect prawn,trust_feedback_1,p0093,75
4517,perfect prawn,trust_feedback_1,p0095,75
4518,perfect prawn,trust_feedback_1,p0107,65
4519,perfect prawn,trust_feedback_1,p0114,75
4520,perfect prawn,trust_feedback_1,p0116,65
4521,perfect prawn,trust_feedback_1,p0118,65
4522,perfect prawn,trust_feedback_1,p0119,75
4523,perfect prawn,trust_feedback_1,p0126,75
4524,perfect prawn,trust_feedback_1,p0129,75
4525,perfect prawn,trust_feedback_1,p0136,65
4526,perfect prawn,trust_feedback_1,p0138,65
4527,perfect prawn,trust_feedback_1,p0144,65
4528,perfect prawn,trust_feedback_1,p0150,65
4529,perfect prawn,trust_feedback_1,p0152,68
4530,perfect prawn,trust_feedback_1,p0158,65
4531,perfect prawn,trust_feedback_1,p0161,65
4532,perfect prawn,trust_feedback_1,p0164,65
4533,perfect prawn,trust_feedback_1,p0175,75
4534,perfect prawn,trust_feedback_1,p0177,75
4535,perfect prawn,trust_feedback_1,p0178,75
4536,perfect prawn,trust_feedback_1,p0181,35
4537,perfect prawn,trust_feedback_1,p0186,65
4538,perfect prawn,trust_feedback_1,p0196,68
4539,perfect prawn,trust_feedback_1,p0198,78
4540,perfect prawn,trust_feedback_1,p0202,75
4541,perfect prawn,trust_feedback_1,p0205,65
4542,perfect prawn,trust_feedback_1,p0207,65
4543,perfect prawn,trust_feedback_1,p0211,68
4544,perfect prawn,trust_feedback_1,p0227,78
4545,perfect prawn,trust_feedback_1,p0229,65
4546,perfect prawn,trust_feedback_1,p0232,75
4547,perfect prawn,trust_feedback_1,p0233,65
4548,perfect prawn,trust_feedback_1,p0237,78
4549,perfect prawn,trust_feedback_1,p0258,65
4550,perfect prawn,trust_feedback_1,p0268,45
4551,perfect prawn,trust_feedback_1,p0274,75
4552,perfect prawn,trust_feedback_1,p0275,35
4553,perfect prawn,trust_feedback_1,p0277,65
4554,perfect prawn,trust_feedback_1,p0288,75
4555,perfect prawn,trust_feedback_1,p0291,75
4556,perfect prawn,trust_feedback_1,p0307,65
4557,perfect prawn,trust_feedback_1,p0308,75
4558,perfect prawn,trust_feedback_1,p0317,35
4559,perfect prawn,trust_feedback_1,p0325,78
4560,perfect prawn,trust_feedback_1,p0327,78
4561,perfect prawn,trust_feedback_1,p0334,75
4562,perfect prawn,trust_feedback_1,p0336,78
4563,perfect prawn,trust_feedback_1,p0338,45
4564,perfect prawn,trust_feedback_1,p0342,75
4565,perfect prawn,trust_feedback_1,p0349,65
4566,perfect prawn,trust_feedback_1,p0356,65
4567,perfect prawn,trust_feedback_1,p0358,78
4568,perfect prawn,trust_feedback_1,p0363,75
4569,perfect prawn,trust_feedback_1,p0364,78
4570,perfect prawn,trust_feedback_1,p0369,78
4571,perfect prawn,trust_feedback_1,p0370,65
4572,perfect prawn,trust_feedback_1,p0371,65
4573,perfect prawn,trust_feedback_1,p0379,65
4574,perfect prawn,trust_feedback_1,p0386,75
4575,perfect prawn,trust_feedback_1,p0396,78
4576,perfect prawn,trust_feedback_1,p0403,68
4577,perfect prawn,trust_feedback_1,p0405,75
4578,perfect prawn,trust_feedback_1,p0412,75
4579,perfect prawn,trust_feedback_1,p0415,45
4580,perfect prawn,trust_feedback_1,p0416,75
4581,perfect prawn,trust_feedback_1,p0417,75
4582,perfect prawn,trust_feedback_1,p0418,65
4583,perfect prawn,trust_feedback_1,p0430,75
4584,perfect prawn,trust_feedback_1,p0431,75
4585,perfect prawn,trust_feedback_1,p0434,35
4586,perfect prawn,trust_feedback_1,p0438,75
4587,perfect prawn,trust_feedback_1,p0441,75
4588,perfect prawn,trust_feedback_1,p0442,45
4589,perfect prawn,trust_feedback_1,p0449,65
4590,perfect prawn,trust_feedback_1,p0450,75
4591,perfect prawn,trust_feedback_1,p0465,65
4592,perfect prawn,trust_feedback_1,p0471,75
4593,perfect prawn,trust_feedback_1,p0477,75
4594,perfect prawn,trust_feedback_1,p0483,68
4595,perfect prawn,trust_feedback_1,p0486,65
4596,perfect prawn,trust_feedback_1,p0487,75
4597,perfect prawn,trust_feedback_1,p0489,75
4598,perfect prawn,trust_feedback_1,p0497,65
4599,perfect prawn,trust_feedback_1,p0502,65
4600,perfect prawn,trust_feedback_1,p0503,75
4601,perfect prawn,trust_feedback_1,p0506,65
4602,perfect prawn,trust_feedback_1,p0511,75
4603,perfect prawn,trust_feedback_1,p0523,75
4604,perfect prawn,trust_feedback_1,p0534,75
4605,perfect prawn,trust_feedback_1,p0536,75
4606,perfect prawn,trust_feedback_1,p0542,45
4607,perfect prawn,trust_feedback_1,p0547,75
4608,perfect prawn,trust_feedback_1,p0553,75
4609,perfect prawn,trust_feedback_1,p0559,75
4610,perfect prawn,trust_feedback_1,p0566,68
4611,perfect prawn,trust_feedback_1,p0568,75
4612,perfect prawn,trust_feedback_1,p0570,45
4613,perfect prawn,trust_feedback_1,p0573,68
4614,perfect prawn,trust_feedback_1,p0578,65
4615,perfect prawn,trust_feedback_1,p0594,65
4616,perfect prawn,trust_feedback_1,p0597,75
4617,perfect prawn,trust_feedback_1,p0601,75
4618,perfect prawn,trust_feedback_1,p0602,65
4619,perfect prawn,trust_feedback_1,p0605,68
4620,perfect prawn,trust_feedback_1,p0615,75
4621,perfect prawn,trust_feedback_1,p0620,75
4622,perfect prawn,trust_feedback_1,p0626,65
4623,perfect prawn,trust_feedback_1,p0629,78
4624,perfect prawn,trust_feedback_1,p0633,65
4625,perfect prawn,trust_feedback_1,p0638,75
4626,perfect prawn,trust_feedback_1,p0639,65
4627,perfect prawn,trust_feedback_1,p0640,65
4628,perfect prawn,trust_feedback_1,p0655,75
4629,perfect prawn,trust_feedback_1,p0656,65
4630,perfect prawn,trust_feedback_1,p0658,65
4631,perfect prawn,trust_feedback_1,p0661,65
4632,perfect prawn,trust_feedback_1,p0669,75
4633,perfect prawn,trust_feedback_1,p0670,65
4634,perfect prawn,trust_feedback_1,p0672,75
4635,perfect prawn,trust_feedback_1,p0674,75
4636,perfect prawn,trust_feedback_1,p0678,75
4637,perfect prawn,trust_feedback_1,p0683,75
4638,perfect prawn,trust_feedback_1,p0686,68
4639,perfect prawn,trust_feedback_1,p0687,75
4640,perfect prawn,trust_feedback_1,p0698,65
4641,perfect prawn,trust_feedback_1,p0700,65
4642,perfect prawn,trust_feedback_1,p0703,65
4643,perfect prawn,trust_feedback_1,p0718,68
4644,perfect prawn,trust_feedback_1,p0744,75
4645,perfect prawn,trust_feedback_1,p0745,75
4646,perfect prawn,trust_feedback_1,p0753,65
4647,perfect prawn,trust_feedback_1,p0770,75
4648,perfect prawn,trust_feedback_1,p0771,75
4649,perfect prawn,trust_feedback_1,p0777,85
4650,perfect prawn,trust_feedback_1,p0779,75
4651,perfect prawn,trust_feedback_1,p0780,65
4652,perfect prawn,trust_feedback_1,p0783,65
4653,perfect prawn,trust_feedback_1,p0785,65
4654,perfect prawn,trust_feedback_1,p0786,65
4655,perfect prawn,trust_feedback_1,p0794,35
4656,perfect prawn,trust_feedback_1,p0798,35
4657,perfect prawn,trust_feedback_1,p0800,75
4658,perfect prawn,trust_feedback_1,p0820,45
4659,perfect prawn,trust_feedback_1,p0841,65
4660,perfect prawn,trust_feedback_1,p0849,75
4661,perfect prawn,trust_feedback_1,p0862,75
4662,perfect prawn,trust_feedback_1,p0867,75
4663,perfect prawn,trust_feedback_1,p0869,75
4664,perfect prawn,trust_feedback_1,p0872,75
4665,perfect prawn,trust_feedback_1,p0880,75
4666,perfect prawn,trust_feedback_1,p0891,68
4667,perfect prawn,trust_feedback_1,p0916,75
4668,perfect prawn,trust_feedback_1,p0917,75
4669,perfect prawn,trust_feedback_1,p0919,75
4670,perfect prawn,trust_feedback_1,p0922,65
4671,perfect prawn,trust_feedback_1,p0925,75
4672,perfect prawn,trust_feedback_1,p0927,75
4673,perfect prawn,trust_feedback_1,p0929,75
4674,perfect prawn,trust_feedback_1,p0930,65
4675,perfect prawn,trust_feedback_1,p0931,45
4676,perfect prawn,trust_feedback_1,p0933,68
4677,perfect prawn,trust_feedback_1,p0934,65
4678,perfect prawn,trust_feedback_1,p0936,78
4679,perfect prawn,trust_feedback_1,p0938,75
4680,perfect prawn,trust_feedback_1,p0939,65
4681,perfect prawn,trust_feedback_1,p0946,65
4682,perfect prawn,trust_feedback_1,p0951,68
4683,perfect prawn,trust_feedback_1,p0956,75
4684,perfect prawn,trust_feedback_1,p0962,75
4685,perfect prawn,trust_feedback_1,p0963,75
4686,perfect prawn,trust_feedback_1,p0969,65
4687,perfect prawn,trust_feedback_1,p0972,68
4688,perfect prawn,trust_feedback_1,p0975,65
4689,perfect prawn,trust_feedback_1,p0985,45
4690,perfect prawn,trust_feedback_1,p0993,75
4691,perfect prawn,trust_feedback_1,p0996,65
4692,perfect prawn,trust_feedback_1,p1011,65
4693,perfect prawn,trust_feedback_1,p1017,65
4694,perfect prawn,trust_feedback_1,p1020,65
4695,perfect prawn,trust_feedback_1,p1022,75
4696,perfect prawn,trust_feedback_1,p1024,45
4697,perfect prawn,trust_feedback_1,p1027,75
4698,perfect prawn,trust_feedback_1,p1028,75
4699,perfect prawn,trust_feedback_1,p1029,45
4700,perfect prawn,trust_feedback_1,p1032,65
4701,perfect prawn,trust_feedback_1,p1040,75
4702,perfect prawn,trust_feedback_1,p1047,65
4703,perfect prawn,trust_feedback_1,p1048,65
4704,perfect prawn,trust_feedback_1,p1053,65
4705,perfect prawn,trust_feedback_1,p1057,65
4706,perfect prawn,trust_feedback_1,p1058,65
4707,perfect prawn,trust_feedback_1,p1063,45
4708,perfect prawn,trust_feedback_1,p1064,75
4709,perfect prawn,trust_feedback_1,p1065,65
4710,perfect prawn,trust_feedback_1,p1069,65
4711,perfect prawn,trust_feedback_1,p1072,75
4712,perfect prawn,trust_feedback_1,p1073,75
4713,perfect prawn,trust_feedback_1,p1075,75
4714,perfect prawn,trust_feedback_1,p1076,45
4715,perfect prawn,trust_feedback_1,p1083,65
4716,perfect prawn,trust_feedback_1,p1089,75
4717,perfect prawn,trust_feedback_1,p1093,75
4718,perfect prawn,trust_feedback_1,p1096,75
4719,perfect prawn,trust_feedback_1,p1100,65
4720,perfect prawn,trust_feedback_1,p1106,75
4721,perfect prawn,trust_feedback_1,p1107,65
4722,perfect prawn,trust_feedback_1,p1113,68
4723,perfect prawn,trust_feedback_1,p1117,35
4724,perfect prawn,trust_feedback_1,p1120,68
4725,perfect prawn,trust_feedback_1,p1134,65
4726,perfect prawn,trust_feedback_1,p1136,65
4727,perfect prawn,trust_feedback_1,p1138,65
4728,perfect prawn,trust_feedback_1,p1144,65
4729,perfect prawn,trust_feedback_1,p1145,75
4730,perfect prawn,trust_feedback_1,p1147,78
4731,perfect prawn,trust_feedback_1,p1148,75
4732,perfect prawn,trust_feedback_1,p1154,75
4733,perfect prawn,trust_feedback_1,p1159,75
4734,perfect prawn,trust_feedback_1,p1167,75
4735,perfect prawn,trust_feedback_1,p1175,75
4736,perfect prawn,trust_feedback_1,p1178,65
4737,perfect prawn,trust_feedback_1,p1184,65
4738,perfect prawn,trust_feedback_1,p1186,75
4739,perfect prawn,trust_feedback_1,p1196,65
4740,perfect prawn,trust_feedback_1,p1197,65
4741,perfect prawn,trust_feedback_1,p1203,75
4742,perfect prawn,trust_feedback_1,p1219,65
4743,perfect prawn,trust_feedback_1,p1225,65
4744,perfect prawn,trust_feedback_1,p1234,75
4745,perfect prawn,trust_feedback_1,p1242,65
4746,perfect prawn,trust_feedback_1,p1244,75
4747,perfect prawn,trust_feedback_1,p1249,65
4748,perfect prawn,trust_feedback_1,p1250,65
4749,perfect prawn,trust_feedback_1,p1256,68
4750,perfect prawn,trust_feedback_1,p1258,75
4751,perfect prawn,trust_feedback_1,p1260,65
4752,perfect prawn,trust_feedback_1,p1262,65
4753,perfect prawn,trust_feedback_1,p1264,65
4754,perfect prawn,trust_feedback_1,p1265,75
4755,perfect prawn,trust_feedback_1,p1269,65
4756,perfect prawn,trust_feedback_1,p1272,75
4757,perfect prawn,trust_feedback_1,p1278,75
4758,perfect prawn,trust_feedback_1,p1281,65
4759,perfect prawn,trust_feedback_1,p1292,65
4760,perfect prawn,trust_feedback_1,p1299,65
4761,perfect prawn,trust_feedback_1,p1312,65
4762,perfect prawn,trust_feedback_1,p1322,75
4763,perfect prawn,trust_feedback_1,p1326,75
4764,perfect prawn,trust_feedback_1,p1330,75
4765,perfect prawn,trust_feedback_1,p1335,65
4766,perfect prawn,trust_feedback_1,p1337,75
4767,perfect prawn,trust_feedback_1,p1340,75
4768,perfect prawn,trust_feedback_1,p1345,75
4769,perfect prawn,trust_feedback_1,p1351,65
4770,perfect prawn,trust_feedback_1,p1355,65
4771,perfect prawn,trust_feedback_1,p1362,65
4772,perfect prawn,trust_feedback_1,p1365,68
4773,perfect prawn,trust_feedback_1,p1366,65
4774,perfect prawn,trust_feedback_1,p1367,65
4775,perfect prawn,trust_feedback_1,p1370,75
4776,perfect prawn,trust_feedback_1,p1371,75
4777,perfect prawn,trust_feedback_1,p1373,65
4778,perfect prawn,trust_feedback_1,p1375,65
4779,perfect prawn,trust_feedback_1,p1376,65
4780,perfect prawn,trust_feedback_1,p1379,65
4781,perfect prawn,trust_feedback_1,p1381,65
4782,perfect prawn,trust_feedback_1,p1393,75
4783,perfect prawn,trust_feedback_1,p1396,75
4784,perfect prawn,trust_feedback_1,p1398,75
4785,perfect prawn,trust_feedback_1,p1404,75
4786,perfect prawn,trust_feedback_1,p1406,65
4787,perfect prawn,trust_feedback_1,p1407,65
4788,perfect prawn,trust_feedback_1,p1409,68
4789,perfect prawn,trust_feedback_1,p1412,75
4790,perfect prawn,trust_feedback_1,p1414,78
4791,perfect prawn,trust_feedback_1,p1424,65
4792,perfect prawn,trust_feedback_1,p1425,65
4793,perfect prawn,trust_feedback_1,p1429,65
4794,perfect prawn,trust_feedback_1,p1434,75
4795,perfect prawn,trust_feedback_1,p1441,65
4796,perfect prawn,trust_feedback_1,p1445,65
4797,perfect prawn,trust_feedback_1,p1450,75
4798,perfect prawn,trust_feedback_1,p1454,75
4799,perfect prawn,trust_feedback_1,p1456,45
4800,perfect prawn,trust_feedback_1,p1457,65
4801,perfect prawn,trust_feedback_1,p1458,75
4802,perfect prawn,trust_feedback_1,p1469,75
4803,perfect prawn,trust_feedback_1,p1470,65
4804,perfect prawn,trust_feedback_1,p1481,65
4805,perfect prawn,trust_feedback_1,p1488,75
4806,perfect prawn,trust_feedback_1,p1492,65
4807,perfect prawn,trust_feedback_1,p1495,65
4808,perfect prawn,trust_feedback_1,p1497,65
4809,perfect prawn,trust_feedback_1,p1499,65
4810,perfect prawn,trust_feedback_1,p1503,65
4811,perfect prawn,trust_feedback_1,p1511,75
4812,perfect prawn,trust_feedback_1,p1512,65
4813,perfect prawn,trust_feedback_1,p1518,68
4814,perfect prawn,trust_feedback_1,p1519,65
4815,perfect prawn,trust_feedback_1,p1520,65
4816,perfect prawn,trust_feedback_1,p1524,75
4817,perfect prawn,trust_feedback_1,p1526,65
4818,perfect prawn,trust_feedback_1,p1537,75
4819,perfect prawn,trust_feedback_1,p1545,75
4820,perfect prawn,trust_feedback_1,p1547,75
4821,perfect prawn,trust_feedback_1,p1552,75
4822,perfect prawn,trust_feedback_1,p1567,75
4823,perfect prawn,trust_feedback_1,p1568,75
4824,perfect prawn,trust_feedback_1,p1579,35
4825,perfect prawn,trust_feedback_1,p1587,45
4826,perfect prawn,trust_feedback_1,p1596,65
4827,perfect prawn,trust_feedback_1,p1600,78
4828,perfect prawn,trust_feedback_1,p1603,75
4829,perfect prawn,trust_feedback_1,p1604,75
4830,perfect prawn,trust_feedback_1,p1610,65
4831,perfect prawn,trust_feedback_1,p1618,45
4832,perfect prawn,trust_feedback_1,p1619,75
4833,perfect prawn,trust_feedback_1,p1622,75
4834,perfect prawn,trust_feedback_1,p1623,45
4835,perfect prawn,trust_feedback_1,p1630,65
4836,perfect prawn,trust_feedback_1,p1641,65
4837,perfect prawn,trust_feedback_1,p1649,55
4838,perfect prawn,trust_feedback_1,p1652,65
4839,perfect prawn,trust_feedback_1,p1665,65
4840,perfect prawn,trust_feedback_1,p1669,65
4841,perfect prawn,trust_feedback_1,p1685,65
4842,perfect prawn,trust_feedback_1,p1693,75
4843,perfect prawn,trust_feedback_1,p1698,75
4844,perfect prawn,trust_feedback_1,p1704,68
4845,perfect prawn,trust_feedback_1,p1711,78
4846,perfect prawn,trust_feedback_1,p1718,45
4847,perfect prawn,trust_feedback_1,p1732,65
4848,perfect prawn,trust_feedback_1,p1739,75
4849,perfect prawn,trust_feedback_1,p1741,75
4850,perfect prawn,trust_feedback_1,p1746,65
4851,perfect prawn,trust_feedback_1,p1751,45
4852,perfect prawn,trust_feedback_1,p1754,75
4853,perfect prawn,trust_feedback_1,p1769,65
4854,perfect prawn,trust_feedback_1,p1771,75
4855,perfect prawn,trust_feedback_1,p1776,68
4856,perfect prawn,trust_feedback_1,p1780,75
4857,perfect prawn,trust_feedback_1,p1785,65
4858,perfect prawn,trust_feedback_1,p1791,78
4859,perfect prawn,trust_feedback_1,p1793,65
4860,perfect prawn,trust_feedback_1,p1796,65
4861,perfect prawn,trust_feedback_1,p1805,75
4862,perfect prawn,trust_feedback_1,p1812,75
4863,perfect prawn,trust_feedback_1,p1816,45
4864,perfect prawn,trust_feedback_1,p1819,75
4865,perfect prawn,trust_feedback_1,p1825,75
4866,perfect prawn,trust_feedback_1,p1836,75
4867,perfect prawn,trust_feedback_1,p1839,75
4868,perfect prawn,trust_feedback_1,p1861,65
4869,perfect prawn,trust_feedback_1,p1863,75
4870,perfect prawn,trust_feedback_1,p1873,68
4871,perfect prawn,trust_feedback_1,p1875,65
4872,perfect prawn,trust_feedback_1,p1876,75
4873,perfect prawn,trust_feedback_1,p1877,75
4874,perfect prawn,trust_feedback_1,p1880,65
4875,perfect prawn,trust_feedback_1,p1883,65
4876,perfect prawn,trust_feedback_1,p1889,35
4877,perfect prawn,trust_feedback_1,p1893,75
4878,perfect prawn,trust_feedback_1,p1896,75
4879,perfect prawn,trust_feedback_1,p1913,68
4880,perfect prawn,trust_feedback_1,p1922,75
4881,perfect prawn,trust_feedback_1,p1930,75
4882,perfect prawn,trust_feedback_1,p1935,75
4883,perfect prawn,trust_feedback_1,p1940,75
4884,perfect prawn,trust_feedback_1,p1948,65
4885,perfect prawn,trust_feedback_1,p1950,75
4886,perfect prawn,trust_feedback_1,p1954,65
4887,perfect prawn,trust_feedback_1,p1956,45
4888,perfect prawn,trust_feedback_1,p1958,65
4889,perfect prawn,trust_feedback_1,p1967,75
4890,perfect prawn,trust_feedback_1,p1973,85
4891,perfect prawn,trust_feedback_1,p1978,75
4892,perfect prawn,trust_feedback_1,p1983,65
4893,perfect prawn,trust_feedback_1,p1984,45
4894,perfect prawn,trust_feedback_1,p1995,65
4895,perfect prawn,trust_feedback_1,p1996,65
4896,perfect prawn,trust_feedback_1,p1997,68
4897,perfect prawn,trust_feedback_1,p2001,75
4898,perfect prawn,trust_feedback_1,p2002,65
4899,perfect prawn,trust_feedback_1,p2013,85
4900,perfect prawn,trust_feedback_1,p2014,65
4901,perfect prawn,trust_feedback_1,p2016,75
4902,perfect prawn,trust_feedback_1,p2018,65
4903,perfect prawn,trust_feedback_1,p2023,75
4904,perfect prawn,trust_feedback_1,p2025,65
4905,perfect prawn,trust_feedback_1,p2028,65
4906,perfect prawn,trust_feedback_1,p2030,75
4907,perfect prawn,trust_feedback_1,p2033,75
4908,perfect prawn,trust_feedback_1,p2040,35
4909,perfect prawn,trust_feedback_1,p2051,65
4910,perfect prawn,trust_feedback_1,p2052,68
4911,perfect prawn,trust_feedback_1,p2066,65
4912,perfect prawn,trust_feedback_1,p2067,75
4913,perfect prawn,trust_feedback_1,p2073,75
4914,perfect prawn,trust_feedback_1,p2077,68
4915,perfect prawn,trust_feedback_1,p2078,75
4916,perfect prawn,trust_feedback_1,p2086,78
4917,perfect prawn,trust_feedback_1,p2089,75
4918,perfect prawn,trust_feedback_1,p2093,35
4919,perfect prawn,trust_feedback_1,p2094,75
4920,perfect prawn,trust_feedback_1,p2111,65
4921,perfect prawn,trust_feedback_1,p2117,75
4922,perfect prawn,trust_feedback_1,p2121,65
4923,perfect prawn,trust_feedback_1,p2127,75
4924,perfect prawn,trust_feedback_1,p2141,75
4925,perfect prawn,trust_feedback_1,p2142,35
4926,perfect prawn,trust_feedback_1,p2143,75
4927,perfect prawn,trust_feedback_1,p2153,75
4928,perfect prawn,trust_feedback_1,p2155,65
4929,perfect prawn,trust_feedback_1,p2169,65
4930,perfect prawn,trust_feedback_1,p2187,65
4931,perfect prawn,trust_feedback_1,p2188,75
4932,perfect prawn,trust_feedback_1,p2197,65
4933,perfect prawn,trust_feedback_1,p2213,65
4934,perfect prawn,trust_feedback_1,p2214,75
4935,perfect prawn,trust_feedback_1,p2215,75
4936,perfect prawn,trust_feedback_1,p2220,75
4937,perfect prawn,trust_feedback_1,p2223,68
4938,perfect prawn,trust_feedback_1,p2229,75
4939,perfect prawn,trust_feedback_1,p2234,75
4940,perfect prawn,trust_feedback_1,p2237,78
4941,perfect prawn,trust_feedback_1,p2238,75
4942,perfect prawn,trust_feedback_1,p2244,75
4943,perfect prawn,trust_feedback_1,p2248,75
4944,perfect prawn,trust_feedback_1,p2252,75
4945,perfect prawn,trust_feedback_1,p2255,35
4946,perfect prawn,trust_feedback_1,p2261,35
4947,perfect prawn,trust_feedback_1,p2263,75
4948,perfect prawn,trust_feedback_1,p2273,75
4949,perfect prawn,trust_feedback_1,p2275,75
4950,perfect prawn,trust_feedback_1,p2276,68
4951,perfect prawn,trust_feedback_1,p2283,65
4952,perfect prawn,trust_feedback_1,p2287,75
4953,perfect prawn,trust_feedback_1,p2296,55
4954,perfect prawn,trust_feedback_1,p2298,65
4955,perfect prawn,trust_feedback_1,p2304,78
4956,perfect prawn,trust_feedback_1,p2310,68
4957,perfect prawn,trust_feedback_1,p2322,65
4958,perfect prawn,trust_feedback_1,p2326,75
4959,perfect prawn,trust_feedback_1,p2330,65
4960,perfect prawn,trust_feedback_1,p2331,75
4961,perfect prawn,trust_feedback_1,p2333,68
4962,perfect prawn,trust_feedback_1,p2347,75
4963,perfect prawn,trust_feedback_1,p2350,65
4964,perfect prawn,trust_feedback_1,p2351,75
4965,perfect prawn,trust_feedback_1,p2353,75
4966,perfect prawn,trust_feedback_1,p2355,75
4967,perfect prawn,trust_feedback_1,p2363,65
4968,perfect prawn,trust_feedback_1,p2378,78
4969,perfect prawn,trust_feedback_1,p2380,75
4970,perfect prawn,trust_feedback_1,p2387,75
4971,perfect prawn,trust_feedback_1,p2398,78
4972,perfect prawn,trust_feedback_1,p2400,75
4973,perfect prawn,trust_feedback_1,p2403,75
4974,perfect prawn,trust_feedback_1,p2408,45
4975,perfect prawn,trust_feedback_1,p2418,75
4976,perfect prawn,trust_feedback_1,p2426,75
4977,perfect prawn,trust_feedback_1,p2428,65
4978,perfect prawn,trust_feedback_1,p2434,75
4979,perfect prawn,trust_feedback_1,p2446,55
4980,perfect prawn,trust_feedback_1,p2452,65
4981,perfect prawn,trust_feedback_1,p2454,65
4982,perfect prawn,trust_feedback_1,p2462,75
4983,perfect prawn,trust_feedback_1,p2467,35
4984,perfect prawn,trust_feedback_1,p2482,68
4985,perfect prawn,trust_feedback_1,p2489,65
4986,perfect prawn,trust_feedback_1,p2490,75
4987,perfect prawn,trust_feedback_1,p2494,65
4988,perfect prawn,trust_feedback_1,p2502,78
4989,perfect prawn,trust_feedback_1,p2503,68
4990,perfect prawn,trust_feedback_1,p2522,75
4991,perfect prawn,trust_feedback_1,p2524,75
4992,perfect prawn,trust_feedback_1,p2533,45
4993,perfect prawn,trust_feedback_1,p2566,65
4994,perfect prawn,trust_feedback_1,p2571,75
4995,perfect prawn,trust_feedback_1,p2573,65
4996,perfect prawn,trust_feedback_1,p2582,75
4997,perfect prawn,trust_feedback_1,p2591,65
4998,perfect prawn,trust_feedback_1,p2592,75
4999,perfect prawn,trust_feedback_1,p2595,35
5000,perfect prawn,trust_transparent_1,p0016,75
5001,perfect prawn,trust_transparent_1,p0022,75
5002,perfect prawn,trust_transparent_1,p0023,78
5003,perfect prawn,trust_transparent_1,p0026,75
5004,perfect prawn,trust_transparent_1,p0034,62
5005,perfect prawn,trust_transparent_1,p0036,65
5006,perfect prawn,trust_transparent_1,p0037,68
5007,perfect prawn,trust_transparent_1,p0042,75
5008,perfect prawn,trust_transparent_1,p0057,65
5009,perfect prawn,trust_transparent_1,p0066,75
5010,perfect prawn,trust_transparent_1,p0069,45
5011,perfect prawn,trust_transparent_1,p0072,75
5012,perfect prawn,trust_transparent_1,p0073,68
5013,perfect prawn,trust_transparent_1,p0082,78
5014,perfect prawn,trust_transparent_1,p0091,75
5015,perfect prawn,trust_transparent_1,p0092,68
5016,perfect prawn,trust_transparent_1,p0093,75
5017,perfect prawn,trust_transparent_1,p0095,75
5018,perfect prawn,trust_transparent_1,p0107,65
5019,perfect prawn,trust_transparent_1,p0114,78
5020,perfect prawn,trust_transparent_1,p0116,68
5021,perfect prawn,trust_transparent_1,p0118,65
5022,perfect prawn,trust_transparent_1,p0119,75
5023,perfect prawn,trust_transparent_1,p0126,75
5024,perfect prawn,trust_transparent_1,p0129,78
5025,perfect prawn,trust_transparent_1,p0136,65
5026,perfect prawn,trust_transparent_1,p0138,65
5027,perfect prawn,trust_transparent_1,p0144,65
5028,perfect prawn,trust_transparent_1,p0150,62
5029,perfect prawn,trust_transparent_1,p0152,68
5030,perfect prawn,trust_transparent_1,p0158,62
5031,perfect prawn,trust_transparent_1,p0161,65
5032,perfect prawn,trust_transparent_1,p0164,65
5033,perfect prawn,trust_transparent_1,p0175,75
5034,perfect prawn,trust_transparent_1,p0177,75
5035,perfect prawn,trust_transparent_1,p0178,75
5036,perfect prawn,trust_transparent_1,p0181,35
5037,perfect prawn,trust_transparent_1,p0186,68
5038,perfect prawn,trust_transparent_1,p0196,68
5039,perfect prawn,trust_transparent_1,p0198,78
5040,perfect prawn,trust_transparent_1,p0202,75
5041,perfect prawn,trust_transparent_1,p0205,68
5042,perfect prawn,trust_transparent_1,p0207,65
5043,perfect prawn,trust_transparent_1,p0211,45
5044,perfect prawn,trust_transparent_1,p0227,78
5045,perfect prawn,trust_transparent_1,p0229,65
5046,perfect prawn,trust_transparent_1,p0232,75
5047,perfect prawn,trust_transparent_1,p0233,65
5048,perfect prawn,trust_transparent_1,p0237,78
5049,perfect prawn,trust_transparent_1,p0258,65
5050,perfect prawn,trust_transparent_1,p0268,45
5051,perfect prawn,trust_transparent_1,p0274,75
5052,perfect prawn,trust_transparent_1,p0275,35
5053,perfect prawn,trust_transparent_1,p0277,62
5054,perfect prawn,trust_transparent_1,p0288,75
5055,perfect prawn,trust_transparent_1,p0291,75
5056,perfect prawn,trust_transparent_1,p0307,68
5057,perfect prawn,trust_transparent_1,p0308,75
5058,perfect prawn,trust_transparent_1,p0317,45
5059,perfect prawn,trust_transparent_1,p0325,78
5060,perfect prawn,trust_transparent_1,p0327,78
5061,perfect prawn,trust_transparent_1,p0334,78
5062,perfect prawn,trust_transparent_1,p0336,78
5063,perfect prawn,trust_transparent_1,p0338,45
5064,perfect prawn,trust_transparent_1,p0342,78
5065,perfect prawn,trust_transparent_1,p0349,68
5066,perfect prawn,trust_transparent_1,p0356,65
5067,perfect prawn,trust_transparent_1,p0358,68
5068,perfect prawn,trust_transparent_1,p0363,75
5069,perfect prawn,trust_transparent_1,p0364,78
5070,perfect prawn,trust_transparent_1,p0369,78
5071,perfect prawn,trust_transparent_1,p0370,65
5072,perfect prawn,trust_transparent_1,p0371,65
5073,perfect prawn,trust_transparent_1,p0379,65
5074,perfect prawn,trust_transparent_1,p0386,75
5075,perfect prawn,trust_transparent_1,p0396,78
5076,perfect prawn,trust_transparent_1,p0403,68
5077,perfect prawn,trust_transparent_1,p0405,75
5078,perfect prawn,trust_transparent_1,p0412,75
5079,perfect prawn,trust_transparent_1,p0415,45
5080,perfect prawn,trust_transparent_1,p0416,75
5081,perfect prawn,trust_transparent_1,p0417,75
5082,perfect prawn,trust_transparent_1,p0418,65
5083,perfect prawn,trust_transparent_1,p0430,75
5084,perfect prawn,trust_transparent_1,p0431,78
5085,perfect prawn,trust_transparent_1,p0434,35
5086,perfect prawn,trust_transparent_1,p0438,75
5087,perfect prawn,trust_transparent_1,p0441,78
5088,perfect prawn,trust_transparent_1,p0442,45
5089,perfect prawn,trust_transparent_1,p0449,65
5090,perfect prawn,trust_transparent_1,p0450,75
5091,perfect prawn,trust_transparent_1,p0465,68
5092,perfect prawn,trust_transparent_1,p0471,75
5093,perfect prawn,trust_transparent_1,p0477,65
5094,perfect prawn,trust_transparent_1,p0483,65
5095,perfect prawn,trust_transparent_1,p0486,75
5096,perfect prawn,trust_transparent_1,p0487,75
5097,perfect prawn,trust_transparent_1,p0489,78
5098,perfect prawn,trust_transparent_1,p0497,65
5099,perfect prawn,trust_transparent_1,p0502,65
5100,perfect prawn,trust_transparent_1,p0503,78
5101,perfect prawn,trust_transparent_1,p0506,62
5102,perfect prawn,trust_transparent_1,p0511,75
5103,perfect prawn,trust_transparent_1,p0523,68
5104,perfect prawn,trust_transparent_1,p0534,78
5105,perfect prawn,trust_transparent_1,p0536,72
5106,perfect prawn,trust_transparent_1,p0542,45
5107,perfect prawn,trust_transparent_1,p0547,78
5108,perfect prawn,trust_transparent_1,p0553,75
5109,perfect prawn,trust_transparent_1,p0559,75
5110,perfect prawn,trust_transparent_1,p0566,68
5111,perfect prawn,trust_transparent_1,p0568,68
5112,perfect prawn,trust_transparent_1,p0570,35
5113,perfect prawn,trust_transparent_1,p0573,68
5114,perfect prawn,trust_transparent_1,p0578,68
5115,perfect prawn,trust_transparent_1,p0594,62
5116,perfect prawn,trust_transparent_1,p0597,75
5117,perfect prawn,trust_transparent_1,p0601,75
5118,perfect prawn,trust_transparent_1,p0602,65
5119,perfect prawn,trust_transparent_1,p0605,72
5120,perfect prawn,trust_transparent_1,p0615,68
5121,perfect prawn,trust_transparent_1,p0620,75
5122,perfect prawn,trust_transparent_1,p0626,68
5123,perfect prawn,trust_transparent_1,p0629,78
5124,perfect prawn,trust_transparent_1,p0633,65
5125,perfect prawn,trust_transparent_1,p0638,75
5126,perfect prawn,trust_transparent_1,p0639,65
5127,perfect prawn,trust_transparent_1,p0640,65
5128,perfect prawn,trust_transparent_1,p0655,75
5129,perfect prawn,trust_transparent_1,p0656,68
5130,perfect prawn,trust_transparent_1,p0658,65
5131,perfect prawn,trust_transparent_1,p0661,65
5132,perfect prawn,trust_transparent_1,p0669,75
5133,perfect prawn,trust_transparent_1,p0670,65
5134,perfect prawn,trust_transparent_1,p0672,78
5135,perfect prawn,trust_transparent_1,p0674,75
5136,perfect prawn,trust_transparent_1,p0678,75
5137,perfect prawn,trust_transparent_1,p0683,75
5138,perfect prawn,trust_transparent_1,p0686,65
5139,perfect prawn,trust_transparent_1,p0687,78
5140,perfect prawn,trust_transparent_1,p0698,65
5141,perfect prawn,trust_transparent_1,p0700,65
5142,perfect prawn,trust_transparent_1,p0703,65
5143,perfect prawn,trust_transparent_1,p0718,65
5144,perfect prawn,trust_transparent_1,p0744,75
5145,perfect prawn,trust_transparent_1,p0745,75
5146,perfect prawn,trust_transparent_1,p0753,68
5147,perfect prawn,trust_transparent_1,p0770,78
5148,perfect prawn,trust_transparent_1,p0771,75
5149,perfect prawn,trust_transparent_1,p0777,78
5150,perfect prawn,trust_transparent_1,p0779,75
5151,perfect prawn,trust_transparent_1,p0780,62
5152,perfect prawn,trust_transparent_1,p0783,65
5153,perfect prawn,trust_transparent_1,p0785,68
5154,perfect prawn,trust_transparent_1,p0786,55
5155,perfect prawn,trust_transparent_1,p0794,35
5156,perfect prawn,trust_transparent_1,p0798,35
5157,perfect prawn,trust_transparent_1,p0800,75
5158,perfect prawn,trust_transparent_1,p0820,45
5159,perfect prawn,trust_transparent_1,p0841,65
5160,perfect prawn,trust_transparent_1,p0849,72
5161,perfect prawn,trust_transparent_1,p0862,75
5162,perfect prawn,trust_transparent_1,p0867,75
5163,perfect prawn,trust_transparent_1,p0869,75
5164,perfect prawn,trust_transparent_1,p0872,78
5165,perfect prawn,trust_transparent_1,p0880,75
5166,perfect prawn,trust_transparent_1,p0891,72
5167,perfect prawn,trust_transparent_1,p0916,75
5168,perfect prawn,trust_transparent_1,p0917,75
5169,perfect prawn,trust_transparent_1,p0919,75
5170,perfect prawn,trust_transparent_1,p0922,65
5171,perfect prawn,trust_transparent_1,p0925,72
5172,perfect prawn,trust_transparent_1,p0927,75
5173,perfect prawn,trust_transparent_1,p0929,72
5174,perfect prawn,trust_transparent_1,p0930,68
5175,perfect prawn,trust_transparent_1,p0931,45
5176,perfect prawn,trust_transparent_1,p0933,68
5177,perfect prawn,trust_transparent_1,p0934,62
5178,perfect prawn,trust_transparent_1,p0936,75
5179,perfect prawn,trust_transparent_1,p0938,75
5180,perfect prawn,trust_transparent_1,p0939,68
5181,perfect prawn,trust_transparent_1,p0946,68
5182,perfect prawn,trust_transparent_1,p0951,68
5183,perfect prawn,trust_transparent_1,p0956,75
5184,perfect prawn,trust_transparent_1,p0962,65
5185,perfect prawn,trust_transparent_1,p0963,78
5186,perfect prawn,trust_transparent_1,p0969,65
5187,perfect prawn,trust_transparent_1,p0972,68
5188,perfect prawn,trust_transparent_1,p0975,65
5189,perfect prawn,trust_transparent_1,p0985,45
5190,perfect prawn,trust_transparent_1,p0993,75
5191,perfect prawn,trust_transparent_1,p0996,68
5192,perfect prawn,trust_transparent_1,p1011,65
5193,perfect prawn,trust_transparent_1,p1017,62
5194,perfect prawn,trust_transparent_1,p1020,68
5195,perfect prawn,trust_transparent_1,p1022,75
5196,perfect prawn,trust_transparent_1,p1024,45
5197,perfect prawn,trust_transparent_1,p1027,75
5198,perfect prawn,trust_transparent_1,p1028,78
5199,perfect prawn,trust_transparent_1,p1029,35
5200,perfect prawn,trust_transparent_1,p1032,65
5201,perfect prawn,trust_transparent_1,p1040,75
5202,perfect prawn,trust_transparent_1,p1047,65
5203,perfect prawn,trust_transparent_1,p1048,68
5204,perfect prawn,trust_transparent_1,p1053,65
5205,perfect prawn,trust_transparent_1,p1057,65
5206,perfect prawn,trust_transparent_1,p1058,68
5207,perfect prawn,trust_transparent_1,p1063,65
5208,perfect prawn,trust_transparent_1,p1064,75
5209,perfect prawn,trust_transparent_1,p1065,62
5210,perfect prawn,trust_transparent_1,p1069,65
5211,perfect prawn,trust_transparent_1,p1072,78
5212,perfect prawn,trust_transparent_1,p1073,72
5213,perfect prawn,trust_transparent_1,p1075,75
5214,perfect prawn,trust_transparent_1,p1076,65
5215,perfect prawn,trust_transparent_1,p1083,65
5216,perfect prawn,trust_transparent_1,p1089,78
5217,perfect prawn,trust_transparent_1,p1093,75
5218,perfect prawn,trust_transparent_1,p1096,75
5219,perfect prawn,trust_transparent_1,p1100,65
5220,perfect prawn,trust_transparent_1,p1106,75
5221,perfect prawn,trust_transparent_1,p1107,65
5222,perfect prawn,trust_transparent_1,p1113,65
5223,perfect prawn,trust_transparent_1,p1117,25
5224,perfect prawn,trust_transparent_1,p1120,65
5225,perfect prawn,trust_transparent_1,p1134,68
5226,perfect prawn,trust_transparent_1,p1136,62
5227,perfect prawn,trust_transparent_1,p1138,75
5228,perfect prawn,trust_transparent_1,p1144,65
5229,perfect prawn,trust_transparent_1,p1145,75
5230,perfect prawn,trust_transparent_1,p1147,82
5231,perfect prawn,trust_transparent_1,p1148,75
5232,perfect prawn,trust_transparent_1,p1154,78
5233,perfect prawn,trust_transparent_1,p1159,75
5234,perfect prawn,trust_transparent_1,p1167,75
5235,perfect prawn,trust_transparent_1,p1175,78
5236,perfect prawn,trust_transparent_1,p1178,68
5237,perfect prawn,trust_transparent_1,p1184,65
5238,perfect prawn,trust_transparent_1,p1186,78
5239,perfect prawn,trust_transparent_1,p1196,65
5240,perfect prawn,trust_transparent_1,p1197,62
5241,perfect prawn,trust_transparent_1,p1203,78
5242,perfect prawn,trust_transparent_1,p1219,68
5243,perfect prawn,trust_transparent_1,p1225,68
5244,perfect prawn,trust_transparent_1,p1234,75
5245,perfect prawn,trust_transparent_1,p1242,65
5246,perfect prawn,trust_transparent_1,p1244,75
5247,perfect prawn,trust_transparent_1,p1249,65
5248,perfect prawn,trust_transparent_1,p1250,75
5249,perfect prawn,trust_transparent_1,p1256,65
5250,perfect prawn,trust_transparent_1,p1258,78
5251,perfect prawn,trust_transparent_1,p1260,65
5252,perfect prawn,trust_transparent_1,p1262,65
5253,perfect prawn,trust_transparent_1,p1264,65
5254,perfect prawn,trust_transparent_1,p1265,75
5255,perfect prawn,trust_transparent_1,p1269,65
5256,perfect prawn,trust_transparent_1,p1272,75
5257,perfect prawn,trust_transparent_1,p1278,78
5258,perfect prawn,trust_transparent_1,p1281,68
5259,perfect prawn,trust_transparent_1,p1292,65
5260,perfect prawn,trust_transparent_1,p1299,68
5261,perfect prawn,trust_transparent_1,p1312,68
5262,perfect prawn,trust_transparent_1,p1322,75
5263,perfect prawn,trust_transparent_1,p1326,75
5264,perfect prawn,trust_transparent_1,p1330,75
5265,perfect prawn,trust_transparent_1,p1335,75
5266,perfect prawn,trust_transparent_1,p1337,65
5267,perfect prawn,trust_transparent_1,p1340,78
5268,perfect prawn,trust_transparent_1,p1345,75
5269,perfect prawn,trust_transparent_1,p1351,65
5270,perfect prawn,trust_transparent_1,p1355,68
5271,perfect prawn,trust_transparent_1,p1362,55
5272,perfect prawn,trust_transparent_1,p1365,45
5273,perfect prawn,trust_transparent_1,p1366,55
5274,perfect prawn,trust_transparent_1,p1367,62
5275,perfect prawn,trust_transparent_1,p1370,75
5276,perfect prawn,trust_transparent_1,p1371,75
5277,perfect prawn,trust_transparent_1,p1373,68
5278,perfect prawn,trust_transparent_1,p1375,65
5279,perfect prawn,trust_transparent_1,p1376,65
5280,perfect prawn,trust_transparent_1,p1379,65
5281,perfect prawn,trust_transparent_1,p1381,65
5282,perfect prawn,trust_transparent_1,p1393,75
5283,perfect prawn,trust_transparent_1,p1396,75
5284,perfect prawn,trust_transparent_1,p1398,75
5285,perfect prawn,trust_transparent_1,p1404,65
5286,perfect prawn,trust_transparent_1,p1406,65
5287,perfect prawn,trust_transparent_1,p1407,65
5288,perfect prawn,trust_transparent_1,p1409,72
5289,perfect prawn,trust_transparent_1,p1412,75
5290,perfect prawn,trust_transparent_1,p1414,78
5291,perfect prawn,trust_transparent_1,p1424,65
5292,perfect prawn,trust_transparent_1,p1425,62
5293,perfect prawn,trust_transparent_1,p1429,65
5294,perfect prawn,trust_transparent_1,p1434,75
5295,perfect prawn,trust_transparent_1,p1441,65
5296,perfect prawn,trust_transparent_1,p1445,65
5297,perfect prawn,trust_transparent_1,p1450,75
5298,perfect prawn,trust_transparent_1,p1454,78
5299,perfect prawn,trust_transparent_1,p1456,45
5300,perfect prawn,trust_transparent_1,p1457,62
5301,perfect prawn,trust_transparent_1,p1458,78
5302,perfect prawn,trust_transparent_1,p1469,68
5303,perfect prawn,trust_transparent_1,p1470,65
5304,perfect prawn,trust_transparent_1,p1481,75
5305,perfect prawn,trust_transparent_1,p1488,75
5306,perfect prawn,trust_transparent_1,p1492,65
5307,perfect prawn,trust_transparent_1,p1495,65
5308,perfect prawn,trust_transparent_1,p1497,65
5309,perfect prawn,trust_transparent_1,p1499,65
5310,perfect prawn,trust_transparent_1,p1503,75
5311,perfect prawn,trust_transparent_1,p1511,75
5312,perfect prawn,trust_transparent_1,p1512,65
5313,perfect prawn,trust_transparent_1,p1518,68
5314,perfect prawn,trust_transparent_1,p1519,75
5315,perfect prawn,trust_transparent_1,p1520,65
5316,perfect prawn,trust_transparent_1,p1524,75
5317,perfect prawn,trust_transparent_1,p1526,75
5318,perfect prawn,trust_transparent_1,p1537,75
5319,perfect prawn,trust_transparent_1,p1545,75
5320,perfect prawn,trust_transparent_1,p1547,75
5321,perfect prawn,trust_transparent_1,p1552,75
5322,perfect prawn,trust_transparent_1,p1567,65
5323,perfect prawn,trust_transparent_1,p1568,65
5324,perfect prawn,trust_transparent_1,p1579,35
5325,perfect prawn,trust_transparent_1,p1587,45
5326,perfect prawn,trust_transparent_1,p1596,62
5327,perfect prawn,trust_transparent_1,p1600,78
5328,perfect prawn,trust_transparent_1,p1603,72
5329,perfect prawn,trust_transparent_1,p1604,75
5330,perfect prawn,trust_transparent_1,p1610,65
5331,perfect prawn,trust_transparent_1,p1618,35
5332,perfect prawn,trust_transparent_1,p1619,75
5333,perfect prawn,trust_transparent_1,p1622,75
5334,perfect prawn,trust_transparent_1,p1623,35
5335,perfect prawn,trust_transparent_1,p1630,45
5336,perfect prawn,trust_transparent_1,p1641,65
5337,perfect prawn,trust_transparent_1,p1649,65
5338,perfect prawn,trust_transparent_1,p1652,65
5339,perfect prawn,trust_transparent_1,p1665,65
5340,perfect prawn,trust_transparent_1,p1669,62
5341,perfect prawn,trust_transparent_1,p1685,65
5342,perfect prawn,trust_transparent_1,p1693,72
5343,perfect prawn,trust_transparent_1,p1698,68
5344,perfect prawn,trust_transparent_1,p1704,68
5345,perfect prawn,trust_transparent_1,p1711,78
5346,perfect prawn,trust_transparent_1,p1718,35
5347,perfect prawn,trust_transparent_1,p1732,65
5348,perfect prawn,trust_transparent_1,p1739,75
5349,perfect prawn,trust_transparent_1,p1741,75
5350,perfect prawn,trust_transparent_1,p1746,55
5351,perfect prawn,trust_transparent_1,p1751,45
5352,perfect prawn,trust_transparent_1,p1754,75
5353,perfect prawn,trust_transparent_1,p1769,75
5354,perfect prawn,trust_transparent_1,p1771,75
5355,perfect prawn,trust_transparent_1,p1776,68
5356,perfect prawn,trust_transparent_1,p1780,75
5357,perfect prawn,trust_transparent_1,p1785,62
5358,perfect prawn,trust_transparent_1,p1791,75
5359,perfect prawn,trust_transparent_1,p1793,65
5360,perfect prawn,trust_transparent_1,p1796,55
5361,perfect prawn,trust_transparent_1,p1805,65
5362,perfect prawn,trust_transparent_1,p1812,78
5363,perfect prawn,trust_transparent_1,p1816,65
5364,perfect prawn,trust_transparent_1,p1819,75
5365,perfect prawn,trust_transparent_1,p1825,75
5366,perfect prawn,trust_transparent_1,p1836,75
5367,perfect prawn,trust_transparent_1,p1839,75
5368,perfect prawn,trust_transparent_1,p1861,65
5369,perfect prawn,trust_transparent_1,p1863,78
5370,perfect prawn,trust_transparent_1,p1873,68
5371,perfect prawn,trust_transparent_1,p1875,68
5372,perfect prawn,trust_transparent_1,p1876,78
5373,perfect prawn,trust_transparent_1,p1877,75
5374,perfect prawn,trust_transparent_1,p1880,68
5375,perfect prawn,trust_transparent_1,p1883,65
5376,perfect prawn,trust_transparent_1,p1889,35
5377,perfect prawn,trust_transparent_1,p1893,75
5378,perfect prawn,trust_transparent_1,p1896,75
5379,perfect prawn,trust_transparent_1,p1913,75
5380,perfect prawn,trust_transparent_1,p1922,75
5381,perfect prawn,trust_transparent_1,p1930,78
5382,perfect prawn,trust_transparent_1,p1935,75
5383,perfect prawn,trust_transparent_1,p1940,75
5384,perfect prawn,trust_transparent_1,p1948,62
5385,perfect prawn,trust_transparent_1,p1950,68
5386,perfect prawn,trust_transparent_1,p1954,65
5387,perfect prawn,trust_transparent_1,p1956,45
5388,perfect prawn,trust_transparent_1,p1958,68
5389,perfect prawn,trust_transparent_1,p1967,78
5390,perfect prawn,trust_transparent_1,p1973,85
5391,perfect prawn,trust_transparent_1,p1978,72
5392,perfect prawn,trust_transparent_1,p1983,65
5393,perfect prawn,trust_transparent_1,p1984,62
5394,perfect prawn,trust_transparent_1,p1995,65
5395,perfect prawn,trust_transparent_1,p1996,65
5396,perfect prawn,trust_transparent_1,p1997,68
5397,perfect prawn,trust_transparent_1,p2001,75
5398,perfect prawn,trust_transparent_1,p2002,65
5399,perfect prawn,trust_transparent_1,p2013,78
5400,perfect prawn,trust_transparent_1,p2014,65
5401,perfect prawn,trust_transparent_1,p2016,78
5402,perfect prawn,trust_transparent_1,p2018,62
5403,perfect prawn,trust_transparent_1,p2023,75
5404,perfect prawn,trust_transparent_1,p2025,75
5405,perfect prawn,trust_transparent_1,p2028,65
5406,perfect prawn,trust_transparent_1,p2030,75
5407,perfect prawn,trust_transparent_1,p2033,75
5408,perfect prawn,trust_transparent_1,p2040,35
5409,perfect prawn,trust_transparent_1,p2051,65
5410,perfect prawn,trust_transparent_1,p2052,68
5411,perfect prawn,trust_transparent_1,p2066,65
5412,perfect prawn,trust_transparent_1,p2067,75
5413,perfect prawn,trust_transparent_1,p2073,78
5414,perfect prawn,trust_transparent_1,p2077,68
5415,perfect prawn,trust_transparent_1,p2078,75
5416,perfect prawn,trust_transparent_1,p2086,75
5417,perfect prawn,trust_transparent_1,p2089,75
5418,perfect prawn,trust_transparent_1,p2093,35
5419,perfect prawn,trust_transparent_1,p2094,75
5420,perfect prawn,trust_transparent_1,p2111,68
5421,perfect prawn,trust_transparent_1,p2117,78
5422,perfect prawn,trust_transparent_1,p2121,75
5423,perfect prawn,trust_transparent_1,p2127,65
5424,perfect prawn,trust_transparent_1,p2141,75
5425,perfect prawn,trust_transparent_1,p2142,35
5426,perfect prawn,trust_transparent_1,p2143,78
5427,perfect prawn,trust_transparent_1,p2153,65
5428,perfect prawn,trust_transparent_1,p2155,65
5429,perfect prawn,trust_transparent_1,p2169,65
5430,perfect prawn,trust_transparent_1,p2187,65
5431,perfect prawn,trust_transparent_1,p2188,75
5432,perfect prawn,trust_transparent_1,p2197,65
5433,perfect prawn,trust_transparent_1,p2213,62
5434,perfect prawn,trust_transparent_1,p2214,72
5435,perfect prawn,trust_transparent_1,p2215,75
5436,perfect prawn,trust_transparent_1,p2220,65
5437,perfect prawn,trust_transparent_1,p2223,68
5438,perfect prawn,trust_transparent_1,p2229,65
5439,perfect prawn,trust_transparent_1,p2234,78
5440,perfect prawn,trust_transparent_1,p2237,78
5441,perfect prawn,trust_transparent_1,p2238,65
5442,perfect prawn,trust_transparent_1,p2244,65
5443,perfect prawn,trust_transparent_1,p2248,65
5444,perfect prawn,trust_transparent_1,p2252,75
5445,perfect prawn,trust_transparent_1,p2255,25
5446,perfect prawn,trust_transparent_1,p2261,35
5447,perfect prawn,trust_transparent_1,p2263,75
5448,perfect prawn,trust_transparent_1,p2273,65
5449,perfect prawn,trust_transparent_1,p2275,72
5450,perfect prawn,trust_transparent_1,p2276,65
5451,perfect prawn,trust_transparent_1,p2283,45
5452,perfect prawn,trust_transparent_1,p2287,75
5453,perfect prawn,trust_transparent_1,p2296,45
5454,perfect prawn,trust_transparent_1,p2298,65
5455,perfect prawn,trust_transparent_1,p2304,75
5456,perfect prawn,trust_transparent_1,p2310,65
5457,perfect prawn,trust_transparent_1,p2322,55
5458,perfect prawn,trust_transparent_1,p2326,68
5459,perfect prawn,trust_transparent_1,p2330,65
5460,perfect prawn,trust_transparent_1,p2331,75
5461,perfect prawn,trust_transparent_1,p2333,65
5462,perfect prawn,trust_transparent_1,p2347,75
5463,perfect prawn,trust_transparent_1,p2350,65
5464,perfect prawn,trust_transparent_1,p2351,65
5465,perfect prawn,trust_transparent_1,p2353,75
5466,perfect prawn,trust_transparent_1,p2355,65
5467,perfect prawn,trust_transparent_1,p2363,65
5468,perfect prawn,trust_transparent_1,p2378,75
5469,perfect prawn,trust_transparent_1,p2380,75
5470,perfect prawn,trust_transparent_1,p2387,72
5471,perfect prawn,trust_transparent_1,p2398,65
5472,perfect prawn,trust_transparent_1,p2400,75
5473,perfect prawn,trust_transparent_1,p2403,75
5474,perfect prawn,trust_transparent_1,p2408,45
5475,perfect prawn,trust_transparent_1,p2418,68
5476,perfect prawn,trust_transparent_1,p2426,75
5477,perfect prawn,trust_transparent_1,p2428,65
5478,perfect prawn,trust_transparent_1,p2434,75
5479,perfect prawn,trust_transparent_1,p2446,68
5480,perfect prawn,trust_transparent_1,p2452,55
5481,perfect prawn,trust_transparent_1,p2454,68
5482,perfect prawn,trust_transparent_1,p2462,68
5483,perfect prawn,trust_transparent_1,p2467,35
5484,perfect prawn,trust_transparent_1,p2482,65
5485,perfect prawn,trust_transparent_1,p2489,65
5486,perfect prawn,trust_transparent_1,p2490,68
5487,perfect prawn,trust_transparent_1,p2494,55
5488,perfect prawn,trust_transparent_1,p2502,75
5489,perfect prawn,trust_transparent_1,p2503,68
5490,perfect prawn,trust_transparent_1,p2522,75
5491,perfect prawn,trust_transparent_1,p2524,75
5492,perfect prawn,trust_transparent_1,p2533,35
5493,perfect prawn,trust_transparent_1,p2566,75
5494,perfect prawn,trust_transparent_1,p2571,78
5495,perfect prawn,trust_transparent_1,p2573,65
5496,perfect prawn,trust_transparent_1,p2582,72
5497,perfect prawn,trust_transparent_1,p2591,65
5498,perfect prawn,trust_transparent_1,p2592,72
5499,perfect prawn,trust_transparent_1,p2595,45
5500,perfect prawn,trust_attention_1,p0016,65
5501,perfect prawn,trust_attention_1,p0022,65
5502,perfect prawn,trust_attention_1,p0023,68
5503,perfect prawn,trust_attention_1,p0026,65
5504,perfect prawn,trust_attention_1,p0034,45
5505,perfect prawn,trust_attention_1,p0036,65
5506,perfect prawn,trust_attention_1,p0037,65
5507,perfect prawn,trust_attention_1,p0042,65
5508,perfect prawn,trust_attention_1,p0057,62
5509,perfect prawn,trust_attention_1,p0066,45
5510,perfect prawn,trust_attention_1,p0069,35
5511,perfect prawn,trust_attention_1,p0072,65
5512,perfect prawn,trust_attention_1,p0073,45
5513,perfect prawn,trust_attention_1,p0082,65
5514,perfect prawn,trust_attention_1,p0091,65
5515,perfect prawn,trust_attention_1,p0092,55
5516,perfect prawn,trust_attention_1,p0093,68
5517,perfect prawn,trust_attention_1,p0095,65
5518,perfect prawn,trust_attention_1,p0107,45
5519,perfect prawn,trust_attention_1,p0114,65
5520,perfect prawn,trust_attention_1,p0116,45
5521,perfect prawn,trust_attention_1,p0118,55
5522,perfect prawn,trust_attention_1,p0119,65
5523,perfect prawn,trust_attention_1,p0126,62
5524,perfect prawn,trust_attention_1,p0129,65
5525,perfect prawn,trust_attention_1,p0136,45
5526,perfect prawn,trust_attention_1,p0138,45
5527,perfect prawn,trust_attention_1,p0144,45
5528,perfect prawn,trust_attention_1,p0150,45
5529,perfect prawn,trust_attention_1,p0152,45
5530,perfect prawn,trust_attention_1,p0158,45
5531,perfect prawn,trust_attention_1,p0161,45
5532,perfect prawn,trust_attention_1,p0164,45
5533,perfect prawn,trust_attention_1,p0175,65
5534,perfect prawn,trust_attention_1,p0177,65
5535,perfect prawn,trust_attention_1,p0178,65
5536,perfect prawn,trust_attention_1,p0181,35
5537,perfect prawn,trust_attention_1,p0186,55
5538,perfect prawn,trust_attention_1,p0196,45
5539,perfect prawn,trust_attention_1,p0198,65
5540,perfect prawn,trust_attention_1,p0202,65
5541,perfect prawn,trust_attention_1,p0205,35
5542,perfect prawn,trust_attention_1,p0207,35
5543,perfect prawn,trust_attention_1,p0211,45
5544,perfect prawn,trust_attention_1,p0227,75
5545,perfect prawn,trust_attention_1,p0229,45
5546,perfect prawn,trust_attention_1,p0232,65
5547,perfect prawn,trust_attention_1,p0233,45
5548,perfect prawn,trust_attention_1,p0237,75
5549,perfect prawn,trust_attention_1,p0258,65
5550,perfect prawn,trust_attention_1,p0268,35
5551,perfect prawn,trust_attention_1,p0274,65
5552,perfect prawn,trust_attention_1,p0275,35
5553,perfect prawn,trust_attention_1,p0277,45
5554,perfect prawn,trust_attention_1,p0288,65
5555,perfect prawn,trust_attention_1,p0291,65
5556,perfect prawn,trust_attention_1,p0307,45
5557,perfect prawn,trust_attention_1,p0308,68
5558,perfect prawn,trust_attention_1,p0317,35
5559,perfect prawn,trust_attention_1,p0325,65
5560,perfect prawn,trust_attention_1,p0327,65
5561,perfect prawn,trust_attention_1,p0334,65
5562,perfect prawn,trust_attention_1,p0336,65
5563,perfect prawn,trust_attention_1,p0338,35
5564,perfect prawn,trust_attention_1,p0342,68
5565,perfect prawn,trust_attention_1,p0349,45
5566,perfect prawn,trust_attention_1,p0356,45
5567,perfect prawn,trust_attention_1,p0358,65
5568,perfect prawn,trust_attention_1,p0363,65
5569,perfect prawn,trust_attention_1,p0364,65
5570,perfect prawn,trust_attention_1,p0369,65
5571,perfect prawn,trust_attention_1,p0370,45
5572,perfect prawn,trust_attention_1,p0371,45
5573,perfect prawn,trust_attention_1,p0379,45
5574,perfect prawn,trust_attention_1,p0386,65
5575,perfect prawn,trust_attention_1,p0396,65
5576,perfect prawn,trust_attention_1,p0403,45
5577,perfect prawn,trust_attention_1,p0405,65
5578,perfect prawn,trust_attention_1,p0412,65
5579,perfect prawn,trust_attention_1,p0415,35
5580,perfect prawn,trust_attention_1,p0416,68
5581,perfect prawn,trust_attention_1,p0417,45
5582,perfect prawn,trust_attention_1,p0418,45
5583,perfect prawn,trust_attention_1,p0430,65
5584,perfect prawn,trust_attention_1,p0431,65
5585,perfect prawn,trust_attention_1,p0434,25
5586,perfect prawn,trust_attention_1,p0438,65
5587,perfect prawn,trust_attention_1,p0441,65
5588,perfect prawn,trust_attention_1,p0442,35
5589,perfect prawn,trust_attention_1,p0449,45
5590,perfect prawn,trust_attention_1,p0450,65
5591,perfect prawn,trust_attention_1,p0465,45
5592,perfect prawn,trust_attention_1,p0471,65
5593,perfect prawn,trust_attention_1,p0477,65
5594,perfect prawn,trust_attention_1,p0483,62
5595,perfect prawn,trust_attention_1,p0486,65
5596,perfect prawn,trust_attention_1,p0487,65
5597,perfect prawn,trust_attention_1,p0489,65
5598,perfect prawn,trust_attention_1,p0497,35
5599,perfect prawn,trust_attention_1,p0502,45
5600,perfect prawn,trust_attention_1,p0503,68
5601,perfect prawn,trust_attention_1,p0506,55
5602,perfect prawn,trust_attention_1,p0511,65
5603,perfect prawn,trust_attention_1,p0523,62
5604,perfect prawn,trust_attention_1,p0534,65
5605,perfect prawn,trust_attention_1,p0536,58
5606,perfect prawn,trust_attention_1,p0542,35
5607,perfect prawn,trust_attention_1,p0547,65
5608,perfect prawn,trust_attention_1,p0553,65
5609,perfect prawn,trust_attention_1,p0559,65
5610,perfect prawn,trust_attention_1,p0566,45
5611,perfect prawn,trust_attention_1,p0568,65
5612,perfect prawn,trust_attention_1,p0570,35
5613,perfect prawn,trust_attention_1,p0573,55
5614,perfect prawn,trust_attention_1,p0578,45
5615,perfect prawn,trust_attention_1,p0594,45
5616,perfect prawn,trust_attention_1,p0597,68
5617,perfect prawn,trust_attention_1,p0601,45
5618,perfect prawn,trust_attention_1,p0602,45
5619,perfect prawn,trust_attention_1,p0605,55
5620,perfect prawn,trust_attention_1,p0615,45
5621,perfect prawn,trust_attention_1,p0620,65
5622,perfect prawn,trust_attention_1,p0626,65
5623,perfect prawn,trust_attention_1,p0629,65
5624,perfect prawn,trust_attention_1,p0633,45
5625,perfect prawn,trust_attention_1,p0638,65
5626,perfect prawn,trust_attention_1,p0639,45
5627,perfect prawn,trust_attention_1,p0640,45
5628,perfect prawn,trust_attention_1,p0655,45
5629,perfect prawn,trust_attention_1,p0656,65
5630,perfect prawn,trust_attention_1,p0658,35
5631,perfect prawn,trust_attention_1,p0661,45
5632,perfect prawn,trust_attention_1,p0669,65
5633,perfect prawn,trust_attention_1,p0670,45
5634,perfect prawn,trust_attention_1,p0672,45
5635,perfect prawn,trust_attention_1,p0674,65
5636,perfect prawn,trust_attention_1,p0678,68
5637,perfect prawn,trust_attention_1,p0683,65
5638,perfect prawn,trust_attention_1,p0686,45
5639,perfect prawn,trust_attention_1,p0687,65
5640,perfect prawn,trust_attention_1,p0698,45
5641,perfect prawn,trust_attention_1,p0700,45
5642,perfect prawn,trust_attention_1,p0703,45
5643,perfect prawn,trust_attention_1,p0718,45
5644,perfect prawn,trust_attention_1,p0744,65
5645,perfect prawn,trust_attention_1,p0745,45
5646,perfect prawn,trust_attention_1,p0753,45
5647,perfect prawn,trust_attention_1,p0770,68
5648,perfect prawn,trust_attention_1,p0771,55
5649,perfect prawn,trust_attention_1,p0777,68
5650,perfect prawn,trust_attention_1,p0779,62
5651,perfect prawn,trust_attention_1,p0780,45
5652,perfect prawn,trust_attention_1,p0783,45
5653,perfect prawn,trust_attention_1,p0785,45
5654,perfect prawn,trust_attention_1,p0786,45
5655,perfect prawn,trust_attention_1,p0794,35
5656,perfect prawn,trust_attention_1,p0798,35
5657,perfect prawn,trust_attention_1,p0800,65
5658,perfect prawn,trust_attention_1,p0820,45
5659,perfect prawn,trust_attention_1,p0841,45
5660,perfect prawn,trust_attention_1,p0849,65
5661,perfect prawn,trust_attention_1,p0862,65
5662,perfect prawn,trust_attention_1,p0867,65
5663,perfect prawn,trust_attention_1,p0869,65
5664,perfect prawn,trust_attention_1,p0872,65
5665,perfect prawn,trust_attention_1,p0880,65
5666,perfect prawn,trust_attention_1,p0891,55
5667,perfect prawn,trust_attention_1,p0916,65
5668,perfect prawn,trust_attention_1,p0917,65
5669,perfect prawn,trust_attention_1,p0919,65
5670,perfect prawn,trust_attention_1,p0922,45
5671,perfect prawn,trust_attention_1,p0925,55
5672,perfect prawn,trust_attention_1,p0927,65
5673,perfect prawn,trust_attention_1,p0929,65
5674,perfect prawn,trust_attention_1,p0930,35
5675,perfect prawn,trust_attention_1,p0931,35
5676,perfect prawn,trust_attention_1,p0933,55
5677,perfect prawn,trust_attention_1,p0934,45
5678,perfect prawn,trust_attention_1,p0936,68
5679,perfect prawn,trust_attention_1,p0938,65
5680,perfect prawn,trust_attention_1,p0939,45
5681,perfect prawn,trust_attention_1,p0946,45
5682,perfect prawn,trust_attention_1,p0951,55
5683,perfect prawn,trust_attention_1,p0956,65
5684,perfect prawn,trust_attention_1,p0962,45
5685,perfect prawn,trust_attention_1,p0963,65
5686,perfect prawn,trust_attention_1,p0969,35
5687,perfect prawn,trust_attention_1,p0972,55
5688,perfect prawn,trust_attention_1,p0975,45
5689,perfect prawn,trust_attention_1,p0985,35
5690,perfect prawn,trust_attention_1,p0993,65
5691,perfect prawn,trust_attention_1,p0996,45
5692,perfect prawn,trust_attention_1,p1011,45
5693,perfect prawn,trust_attention_1,p1017,35
5694,perfect prawn,trust_attention_1,p1020,45
5695,perfect prawn,trust_attention_1,p1022,65
5696,perfect prawn,trust_attention_1,p1024,35
5697,perfect prawn,trust_attention_1,p1027,65
5698,perfect prawn,trust_attention_1,p1028,65
5699,perfect prawn,trust_attention_1,p1029,35
5700,perfect prawn,trust_attention_1,p1032,45
5701,perfect prawn,trust_attention_1,p1040,65
5702,perfect prawn,trust_attention_1,p1047,45
5703,perfect prawn,trust_attention_1,p1048,45
5704,perfect prawn,trust_attention_1,p1053,45
5705,perfect prawn,trust_attention_1,p1057,45
5706,perfect prawn,trust_attention_1,p1058,45
5707,perfect prawn,trust_attention_1,p1063,35
5708,perfect prawn,trust_attention_1,p1064,65
5709,perfect prawn,trust_attention_1,p1065,45
5710,perfect prawn,trust_attention_1,p1069,45
5711,perfect prawn,trust_attention_1,p1072,65
5712,perfect prawn,trust_attention_1,p1073,58
5713,perfect prawn,trust_attention_1,p1075,65
5714,perfect prawn,trust_attention_1,p1076,35
5715,perfect prawn,trust_attention_1,p1083,45
5716,perfect prawn,trust_attention_1,p1089,68
5717,perfect prawn,trust_attention_1,p1093,65
5718,perfect prawn,trust_attention_1,p1096,65
5719,perfect prawn,trust_attention_1,p1100,45
5720,perfect prawn,trust_attention_1,p1106,68
5721,perfect prawn,trust_attention_1,p1107,45
5722,perfect prawn,trust_attention_1,p1113,45
5723,perfect prawn,trust_attention_1,p1117,35
5724,perfect prawn,trust_attention_1,p1120,55
5725,perfect prawn,trust_attention_1,p1134,45
5726,perfect prawn,trust_attention_1,p1136,35
5727,perfect prawn,trust_attention_1,p1138,65
5728,perfect prawn,trust_attention_1,p1144,45
5729,perfect prawn,trust_attention_1,p1145,65
5730,perfect prawn,trust_attention_1,p1147,65
5731,perfect prawn,trust_attention_1,p1148,65
5732,perfect prawn,trust_attention_1,p1154,65
5733,perfect prawn,trust_attention_1,p1159,45
5734,perfect prawn,trust_attention_1,p1167,45
5735,perfect prawn,trust_attention_1,p1175,65
5736,perfect prawn,trust_attention_1,p1178,45
5737,perfect prawn,trust_attention_1,p1184,45
5738,perfect prawn,trust_attention_1,p1186,68
5739,perfect prawn,trust_attention_1,p1196,45
5740,perfect prawn,trust_attention_1,p1197,45
5741,perfect prawn,trust_attention_1,p1203,68
5742,perfect prawn,trust_attention_1,p1219,45
5743,perfect prawn,trust_attention_1,p1225,45
5744,perfect prawn,trust_attention_1,p1234,65
5745,perfect prawn,trust_attention_1,p1242,45
5746,perfect prawn,trust_attention_1,p1244,65
5747,perfect prawn,trust_attention_1,p1249,55
5748,perfect prawn,trust_attention_1,p1250,45
5749,perfect prawn,trust_attention_1,p1256,45
5750,perfect prawn,trust_attention_1,p1258,65
5751,perfect prawn,trust_attention_1,p1260,45
5752,perfect prawn,trust_attention_1,p1262,45
5753,perfect prawn,trust_attention_1,p1264,45
5754,perfect prawn,trust_attention_1,p1265,65
5755,perfect prawn,trust_attention_1,p1269,45
5756,perfect prawn,trust_attention_1,p1272,65
5757,perfect prawn,trust_attention_1,p1278,65
5758,perfect prawn,trust_attention_1,p1281,55
5759,perfect prawn,trust_attention_1,p1292,45
5760,perfect prawn,trust_attention_1,p1299,45
5761,perfect prawn,trust_attention_1,p1312,45
5762,perfect prawn,trust_attention_1,p1322,65
5763,perfect prawn,trust_attention_1,p1326,65
5764,perfect prawn,trust_attention_1,p1330,68
5765,perfect prawn,trust_attention_1,p1335,65
5766,perfect prawn,trust_attention_1,p1337,45
5767,perfect prawn,trust_attention_1,p1340,68
5768,perfect prawn,trust_attention_1,p1345,68
5769,perfect prawn,trust_attention_1,p1351,45
5770,perfect prawn,trust_attention_1,p1355,45
5771,perfect prawn,trust_attention_1,p1362,35
5772,perfect prawn,trust_attention_1,p1365,35
5773,perfect prawn,trust_attention_1,p1366,45
5774,perfect prawn,trust_attention_1,p1367,45
5775,perfect prawn,trust_attention_1,p1370,65
5776,perfect prawn,trust_attention_1,p1371,65
5777,perfect prawn,trust_attention_1,p1373,62
5778,perfect prawn,trust_attention_1,p1375,35
5779,perfect prawn,trust_attention_1,p1376,45
5780,perfect prawn,trust_attention_1,p1379,45
5781,perfect prawn,trust_attention_1,p1381,45
5782,perfect prawn,trust_attention_1,p1393,65
5783,perfect prawn,trust_attention_1,p1396,65
5784,perfect prawn,trust_attention_1,p1398,45
5785,perfect prawn,trust_attention_1,p1404,45
5786,perfect prawn,trust_attention_1,p1406,45
5787,perfect prawn,trust_attention_1,p1407,45
5788,perfect prawn,trust_attention_1,p1409,45
5789,perfect prawn,trust_attention_1,p1412,65
5790,perfect prawn,trust_attention_1,p1414,75
5791,perfect prawn,trust_attention_1,p1424,45
5792,perfect prawn,trust_attention_1,p1425,45
5793,perfect prawn,trust_attention_1,p1429,45
5794,perfect prawn,trust_attention_1,p1434,45
5795,perfect prawn,trust_attention_1,p1441,45
5796,perfect prawn,trust_attention_1,p1445,45
5797,perfect prawn,trust_attention_1,p1450,68
5798,perfect prawn,trust_attention_1,p1454,45
5799,perfect prawn,trust_attention_1,p1456,35
5800,perfect prawn,trust_attention_1,p1457,45
5801,perfect prawn,trust_attention_1,p1458,65
5802,perfect prawn,trust_attention_1,p1469,65
5803,perfect prawn,trust_attention_1,p1470,45
5804,perfect prawn,trust_attention_1,p1481,65
5805,perfect prawn,trust_attention_1,p1488,45
5806,perfect prawn,trust_attention_1,p1492,45
5807,perfect prawn,trust_attention_1,p1495,45
5808,perfect prawn,trust_attention_1,p1497,45
5809,perfect prawn,trust_attention_1,p1499,45
5810,perfect prawn,trust_attention_1,p1503,65
5811,perfect prawn,trust_attention_1,p1511,65
5812,perfect prawn,trust_attention_1,p1512,45
5813,perfect prawn,trust_attention_1,p1518,55
5814,perfect prawn,trust_attention_1,p1519,45
5815,perfect prawn,trust_attention_1,p1520,45
5816,perfect prawn,trust_attention_1,p1524,65
5817,perfect prawn,trust_attention_1,p1526,35
5818,perfect prawn,trust_attention_1,p1537,65
5819,perfect prawn,trust_attention_1,p1545,65
5820,perfect prawn,trust_attention_1,p1547,65
5821,perfect prawn,trust_attention_1,p1552,65
5822,perfect prawn,trust_attention_1,p1567,65
5823,perfect prawn,trust_attention_1,p1568,62
5824,perfect prawn,trust_attention_1,p1579,35
5825,perfect prawn,trust_attention_1,p1587,35
5826,perfect prawn,trust_attention_1,p1596,35
5827,perfect prawn,trust_attention_1,p1600,65
5828,perfect prawn,trust_attention_1,p1603,65
5829,perfect prawn,trust_attention_1,p1604,65
5830,perfect prawn,trust_attention_1,p1610,45
5831,perfect prawn,trust_attention_1,p1618,35
5832,perfect prawn,trust_attention_1,p1619,75
5833,perfect prawn,trust_attention_1,p1622,65
5834,perfect prawn,trust_attention_1,p1623,35
5835,perfect prawn,trust_attention_1,p1630,35
5836,perfect prawn,trust_attention_1,p1641,45
5837,perfect prawn,trust_attention_1,p1649,45
5838,perfect prawn,trust_attention_1,p1652,45
5839,perfect prawn,trust_attention_1,p1665,45
5840,perfect prawn,trust_attention_1,p1669,35
5841,perfect prawn,trust_attention_1,p1685,45
5842,perfect prawn,trust_attention_1,p1693,55
5843,perfect prawn,trust_attention_1,p1698,55
5844,perfect prawn,trust_attention_1,p1704,45
5845,perfect prawn,trust_attention_1,p1711,65
5846,perfect prawn,trust_attention_1,p1718,35
5847,perfect prawn,trust_attention_1,p1732,35
5848,perfect prawn,trust_attention_1,p1739,68
5849,perfect prawn,trust_attention_1,p1741,65
5850,perfect prawn,trust_attention_1,p1746,45
5851,perfect prawn,trust_attention_1,p1751,35
5852,perfect prawn,trust_attention_1,p1754,45
5853,perfect prawn,trust_attention_1,p1769,45
5854,perfect prawn,trust_attention_1,p1771,45
5855,perfect prawn,trust_attention_1,p1776,35
5856,perfect prawn,trust_attention_1,p1780,62
5857,perfect prawn,trust_attention_1,p1785,35
5858,perfect prawn,trust_attention_1,p1791,65
5859,perfect prawn,trust_attention_1,p1793,45
5860,perfect prawn,trust_attention_1,p1796,55
5861,perfect prawn,trust_attention_1,p1805,55
5862,perfect prawn,trust_attention_1,p1812,65
5863,perfect prawn,trust_attention_1,p1816,45
5864,perfect prawn,trust_attention_1,p1819,65
5865,perfect prawn,trust_attention_1,p1825,65
5866,perfect prawn,trust_attention_1,p1836,65
5867,perfect prawn,trust_attention_1,p1839,45
5868,perfect prawn,trust_attention_1,p1861,45
5869,perfect prawn,trust_attention_1,p1863,65
5870,perfect prawn,trust_attention_1,p1873,45
5871,perfect prawn,trust_attention_1,p1875,45
5872,perfect prawn,trust_attention_1,p1876,65
5873,perfect prawn,trust_attention_1,p1877,65
5874,perfect prawn,trust_attention_1,p1880,45
5875,perfect prawn,trust_attention_1,p1883,35
5876,perfect prawn,trust_attention_1,p1889,35
5877,perfect prawn,trust_attention_1,p1893,65
5878,perfect prawn,trust_attention_1,p1896,65
5879,perfect prawn,trust_attention_1,p1913,65
5880,perfect prawn,trust_attention_1,p1922,65
5881,perfect prawn,trust_attention_1,p1930,65
5882,perfect prawn,trust_attention_1,p1935,65
5883,perfect prawn,trust_attention_1,p1940,65
5884,perfect prawn,trust_attention_1,p1948,35
5885,perfect prawn,trust_attention_1,p1950,45
5886,perfect prawn,trust_attention_1,p1954,45
5887,perfect prawn,trust_attention_1,p1956,35
5888,perfect prawn,trust_attention_1,p1958,65
5889,perfect prawn,trust_attention_1,p1967,68
5890,perfect prawn,trust_attention_1,p1973,75
5891,perfect prawn,trust_attention_1,p1978,55
5892,perfect prawn,trust_attention_1,p1983,45
5893,perfect prawn,trust_attention_1,p1984,45
5894,perfect prawn,trust_attention_1,p1995,65
5895,perfect prawn,trust_attention_1,p1996,45
5896,perfect prawn,trust_attention_1,p1997,45
5897,perfect prawn,trust_attention_1,p2001,65
5898,perfect prawn,trust_attention_1,p2002,45
5899,perfect prawn,trust_attention_1,p2013,68
5900,perfect prawn,trust_attention_1,p2014,45
5901,perfect prawn,trust_attention_1,p2016,68
5902,perfect prawn,trust_attention_1,p2018,45
5903,perfect prawn,trust_attention_1,p2023,65
5904,perfect prawn,trust_attention_1,p2025,45
5905,perfect prawn,trust_attention_1,p2028,45
5906,perfect prawn,trust_attention_1,p2030,65
5907,perfect prawn,trust_attention_1,p2033,62
5908,perfect prawn,trust_attention_1,p2040,35
5909,perfect prawn,trust_attention_1,p2051,45
5910,perfect prawn,trust_attention_1,p2052,35
5911,perfect prawn,trust_attention_1,p2066,45
5912,perfect prawn,trust_attention_1,p2067,65
5913,perfect prawn,trust_attention_1,p2073,68
5914,perfect prawn,trust_attention_1,p2077,55
5915,perfect prawn,trust_attention_1,p2078,45
5916,perfect prawn,trust_attention_1,p2086,65
5917,perfect prawn,trust_attention_1,p2089,65
5918,perfect prawn,trust_attention_1,p2093,25
5919,perfect prawn,trust_attention_1,p2094,65
5920,perfect prawn,trust_attention_1,p2111,55
5921,perfect prawn,trust_attention_1,p2117,68
5922,perfect prawn,trust_attention_1,p2121,65
5923,perfect prawn,trust_attention_1,p2127,45
5924,perfect prawn,trust_attention_1,p2141,45
5925,perfect prawn,trust_attention_1,p2142,35
5926,perfect prawn,trust_attention_1,p2143,65
5927,perfect prawn,trust_attention_1,p2153,45
5928,perfect prawn,trust_attention_1,p2155,35
5929,perfect prawn,trust_attention_1,p2169,35
5930,perfect prawn,trust_attention_1,p2187,65
5931,perfect prawn,trust_attention_1,p2188,68
5932,perfect prawn,trust_attention_1,p2197,55
5933,perfect prawn,trust_attention_1,p2213,55
5934,perfect prawn,trust_attention_1,p2214,65
5935,perfect prawn,trust_attention_1,p2215,65
5936,perfect prawn,trust_attention_1,p2220,62
5937,perfect prawn,trust_attention_1,p2223,55
5938,perfect prawn,trust_attention_1,p2229,62
5939,perfect prawn,trust_attention_1,p2234,65
5940,perfect prawn,trust_attention_1,p2237,65
5941,perfect prawn,trust_attention_1,p2238,45
5942,perfect prawn,trust_attention_1,p2244,55
5943,perfect prawn,trust_attention_1,p2248,62
5944,perfect prawn,trust_attention_1,p2252,65
5945,perfect prawn,trust_attention_1,p2255,15
5946,perfect prawn,trust_attention_1,p2261,35
5947,perfect prawn,trust_attention_1,p2263,65
5948,perfect prawn,trust_attention_1,p2273,45
5949,perfect prawn,trust_attention_1,p2275,65
5950,perfect prawn,trust_attention_1,p2276,45
5951,perfect prawn,trust_attention_1,p2283,35
5952,perfect prawn,trust_attention_1,p2287,65
5953,perfect prawn,trust_attention_1,p2296,45
5954,perfect prawn,trust_attention_1,p2298,45
5955,perfect prawn,trust_attention_1,p2304,65
5956,perfect prawn,trust_attention_1,p2310,45
5957,perfect prawn,trust_attention_1,p2322,45
5958,perfect prawn,trust_attention_1,p2326,55
5959,perfect prawn,trust_attention_1,p2330,35
5960,perfect prawn,trust_attention_1,p2331,45
5961,perfect prawn,trust_attention_1,p2333,45
5962,perfect prawn,trust_attention_1,p2347,65
5963,perfect prawn,trust_attention_1,p2350,45
5964,perfect prawn,trust_attention_1,p2351,65
5965,perfect prawn,trust_attention_1,p2353,65
5966,perfect prawn,trust_attention_1,p2355,45
5967,perfect prawn,trust_attention_1,p2363,45
5968,perfect prawn,trust_attention_1,p2378,65
5969,perfect prawn,trust_attention_1,p2380,65
5970,perfect prawn,trust_attention_1,p2387,65
5971,perfect prawn,trust_attention_1,p2398,65
5972,perfect prawn,trust_attention_1,p2400,65
5973,perfect prawn,trust_attention_1,p2403,65
5974,perfect prawn,trust_attention_1,p2408,35
5975,perfect prawn,trust_attention_1,p2418,65
5976,perfect prawn,trust_attention_1,p2426,45
5977,perfect prawn,trust_attention_1,p2428,45
5978,perfect prawn,trust_attention_1,p2434,68
5979,perfect prawn,trust_attention_1,p2446,35
5980,perfect prawn,trust_attention_1,p2452,45
5981,perfect prawn,trust_attention_1,p2454,45
5982,perfect prawn,trust_attention_1,p2462,65
5983,perfect prawn,trust_attention_1,p2467,25
5984,perfect prawn,trust_attention_1,p2482,55
5985,perfect prawn,trust_attention_1,p2489,45
5986,perfect prawn,trust_attention_1,p2490,45
5987,perfect prawn,trust_attention_1,p2494,45
5988,perfect prawn,trust_attention_1,p2502,65
5989,perfect prawn,trust_attention_1,p2503,45
5990,perfect prawn,trust_attention_1,p2522,65
5991,perfect prawn,trust_attention_1,p2524,65
5992,perfect prawn,trust_attention_1,p2533,35
5993,perfect prawn,trust_attention_1,p2566,55
5994,perfect prawn,trust_attention_1,p2571,65
5995,perfect prawn,trust_attention_1,p2573,45
5996,perfect prawn,trust_attention_1,p2582,65
5997,perfect prawn,trust_attention_1,p2591,35
5998,perfect prawn,trust_attention_1,p2592,55
5999,perfect prawn,trust_attention_1,p2595,35
6000,perfect prawn,trust_post_1,p0016,78
6001,perfect prawn,trust_post_1,p0022,78
6002,perfect prawn,trust_post_1,p0023,78
6003,perfect prawn,trust_post_1,p0026,75
6004,perfect prawn,trust_post_1,p0034,55
6005,perfect prawn,trust_post_1,p0036,68
6006,perfect prawn,trust_post_1,p0037,72
6007,perfect prawn,trust_post_1,p0042,72
6008,perfect prawn,trust_post_1,p0057,68
6009,perfect prawn,trust_post_1,p0066,78
6010,perfect prawn,trust_post_1,p0069,45
6011,perfect prawn,trust_post_1,p0072,82
6012,perfect prawn,trust_post_1,p0073,72
6013,perfect prawn,trust_post_1,p0082,75
6014,perfect prawn,trust_post_1,p0091,78
6015,perfect prawn,trust_post_1,p0092,68
6016,perfect prawn,trust_post_1,p0093,78
6017,perfect prawn,trust_post_1,p0095,75
6018,perfect prawn,trust_post_1,p0107,55
6019,perfect prawn,trust_post_1,p0114,78
6020,perfect prawn,trust_post_1,p0116,65
6021,perfect prawn,trust_post_1,p0118,68
6022,perfect prawn,trust_post_1,p0119,78
6023,perfect prawn,trust_post_1,p0126,72
6024,perfect prawn,trust_post_1,p0129,82
6025,perfect prawn,trust_post_1,p0136,62
6026,perfect prawn,trust_post_1,p0138,65
6027,perfect prawn,trust_post_1,p0144,68
6028,perfect prawn,trust_post_1,p0150,68
6029,perfect prawn,trust_post_1,p0152,68
6030,perfect prawn,trust_post_1,p0158,55
6031,perfect prawn,trust_post_1,p0161,75
6032,perfect prawn,trust_post_1,p0164,55
6033,perfect prawn,trust_post_1,p0175,75
6034,perfect prawn,trust_post_1,p0177,75
6035,perfect prawn,trust_post_1,p0178,78
6036,perfect prawn,trust_post_1,p0181,45
6037,perfect prawn,trust_post_1,p0186,68
6038,perfect prawn,trust_post_1,p0196,72
6039,perfect prawn,trust_post_1,p0198,78
6040,perfect prawn,trust_post_1,p0202,78
6041,perfect prawn,trust_post_1,p0205,68
6042,perfect prawn,trust_post_1,p0207,65
6043,perfect prawn,trust_post_1,p0211,45
6044,perfect prawn,trust_post_1,p0227,82
6045,perfect prawn,trust_post_1,p0229,72
6046,perfect prawn,trust_post_1,p0232,75
6047,perfect prawn,trust_post_1,p0233,65
6048,perfect prawn,trust_post_1,p0237,82
6049,perfect prawn,trust_post_1,p0258,72
6050,perfect prawn,trust_post_1,p0268,45
6051,perfect prawn,trust_post_1,p0274,78
6052,perfect prawn,trust_post_1,p0275,35
6053,perfect prawn,trust_post_1,p0277,62
6054,perfect prawn,trust_post_1,p0288,75
6055,perfect prawn,trust_post_1,p0291,75
6056,perfect prawn,trust_post_1,p0307,68
6057,perfect prawn,trust_post_1,p0308,75
6058,perfect prawn,trust_post_1,p0317,45
6059,perfect prawn,trust_post_1,p0325,82
6060,perfect prawn,trust_post_1,p0327,78
6061,perfect prawn,trust_post_1,p0334,78
6062,perfect prawn,trust_post_1,p0336,78
6063,perfect prawn,trust_post_1,p0338,45
6064,perfect prawn,trust_post_1,p0342,78
6065,perfect prawn,trust_post_1,p0349,65
6066,perfect prawn,trust_post_1,p0356,65
6067,perfect prawn,trust_post_1,p0358,75
6068,perfect prawn,trust_post_1,p0363,75
6069,perfect prawn,trust_post_1,p0364,78
6070,perfect prawn,trust_post_1,p0369,85
6071,perfect prawn,trust_post_1,p0370,55
6072,perfect prawn,trust_post_1,p0371,68
6073,perfect prawn,trust_post_1,p0379,55
6074,perfect prawn,trust_post_1,p0386,78
6075,perfect prawn,trust_post_1,p0396,78
6076,perfect prawn,trust_post_1,p0403,75
6077,perfect prawn,trust_post_1,p0405,75
6078,perfect prawn,trust_post_1,p0412,78
6079,perfect prawn,trust_post_1,p0415,45
6080,perfect prawn,trust_post_1,p0416,75
6081,perfect prawn,trust_post_1,p0417,75
6082,perfect prawn,trust_post_1,p0418,68
6083,perfect prawn,trust_post_1,p0430,78
6084,perfect prawn,trust_post_1,p0431,78
6085,perfect prawn,trust_post_1,p0434,35
6086,perfect prawn,trust_post_1,p0438,75
6087,perfect prawn,trust_post_1,p0441,78
6088,perfect prawn,trust_post_1,p0442,45
6089,perfect prawn,trust_post_1,p0449,65
6090,perfect prawn,trust_post_1,p0450,75
6091,perfect prawn,trust_post_1,p0465,62
6092,perfect prawn,trust_post_1,p0471,72
6093,perfect prawn,trust_post_1,p0477,72
6094,perfect prawn,trust_post_1,p0483,72
6095,perfect prawn,trust_post_1,p0486,78
6096,perfect prawn,trust_post_1,p0487,75
6097,perfect prawn,trust_post_1,p0489,78
6098,perfect prawn,trust_post_1,p0497,65
6099,perfect prawn,trust_post_1,p0502,68
6100,perfect prawn,trust_post_1,p0503,78
6101,perfect prawn,trust_post_1,p0506,62
6102,perfect prawn,trust_post_1,p0511,75
6103,perfect prawn,trust_post_1,p0523,72
6104,perfect prawn,trust_post_1,p0534,85
6105,perfect prawn,trust_post_1,p0536,72
6106,perfect prawn,trust_post_1,p0542,45
6107,perfect prawn,trust_post_1,p0547,78
6108,perfect prawn,trust_post_1,p0553,78
6109,perfect prawn,trust_post_1,p0559,75
6110,perfect prawn,trust_post_1,p0566,72
6111,perfect prawn,trust_post_1,p0568,68
6112,perfect prawn,trust_post_1,p0570,35
6113,perfect prawn,trust_post_1,p0573,68
6114,perfect prawn,trust_post_1,p0578,68
6115,perfect prawn,trust_post_1,p0594,55
6116,perfect prawn,trust_post_1,p0597,75
6117,perfect prawn,trust_post_1,p0601,75
6118,perfect prawn,trust_post_1,p0602,55
6119,perfect prawn,trust_post_1,p0605,68
6120,perfect prawn,trust_post_1,p0615,72
6121,perfect prawn,trust_post_1,p0620,75
6122,perfect prawn,trust_post_1,p0626,72
6123,perfect prawn,trust_post_1,p0629,78
6124,perfect prawn,trust_post_1,p0633,68
6125,perfect prawn,trust_post_1,p0638,75
6126,perfect prawn,trust_post_1,p0639,72
6127,perfect prawn,trust_post_1,p0640,55
6128,perfect prawn,trust_post_1,p0655,75
6129,perfect prawn,trust_post_1,p0656,72
6130,perfect prawn,trust_post_1,p0658,68
6131,perfect prawn,trust_post_1,p0661,65
6132,perfect prawn,trust_post_1,p0669,78
6133,perfect prawn,trust_post_1,p0670,65
6134,perfect prawn,trust_post_1,p0672,75
6135,perfect prawn,trust_post_1,p0674,78
6136,perfect prawn,trust_post_1,p0678,78
6137,perfect prawn,trust_post_1,p0683,75
6138,perfect prawn,trust_post_1,p0686,65
6139,perfect prawn,trust_post_1,p0687,78
6140,perfect prawn,trust_post_1,p0698,72
6141,perfect prawn,trust_post_1,p0700,68
6142,perfect prawn,trust_post_1,p0703,72
6143,perfect prawn,trust_post_1,p0718,68
6144,perfect prawn,trust_post_1,p0744,78
6145,perfect prawn,trust_post_1,p0745,75
6146,perfect prawn,trust_post_1,p0753,55
6147,perfect prawn,trust_post_1,p0770,78
6148,perfect prawn,trust_post_1,p0771,75
6149,perfect prawn,trust_post_1,p0777,85
6150,perfect prawn,trust_post_1,p0779,72
6151,perfect prawn,trust_post_1,p0780,55
6152,perfect prawn,trust_post_1,p0783,68
6153,perfect prawn,trust_post_1,p0785,68
6154,perfect prawn,trust_post_1,p0786,62
6155,perfect prawn,trust_post_1,p0794,35
6156,perfect prawn,trust_post_1,p0798,45
6157,perfect prawn,trust_post_1,p0800,78
6158,perfect prawn,trust_post_1,p0820,55
6159,perfect prawn,trust_post_1,p0841,72
6160,perfect prawn,trust_post_1,p0849,72
6161,perfect prawn,trust_post_1,p0862,78
6162,perfect prawn,trust_post_1,p0867,78
6163,perfect prawn,trust_post_1,p0869,78
6164,perfect prawn,trust_post_1,p0872,78
6165,perfect prawn,trust_post_1,p0880,75
6166,perfect prawn,trust_post_1,p0891,68
6167,perfect prawn,trust_post_1,p0916,78
6168,perfect prawn,trust_post_1,p0917,78
6169,perfect prawn,trust_post_1,p0919,78
6170,perfect prawn,trust_post_1,p0922,68
6171,perfect prawn,trust_post_1,p0925,72
6172,perfect prawn,trust_post_1,p0927,75
6173,perfect prawn,trust_post_1,p0929,68
6174,perfect prawn,trust_post_1,p0930,68
6175,perfect prawn,trust_post_1,p0931,45
6176,perfect prawn,trust_post_1,p0933,68
6177,perfect prawn,trust_post_1,p0934,55
6178,perfect prawn,trust_post_1,p0936,78
6179,perfect prawn,trust_post_1,p0938,75
6180,perfect prawn,trust_post_1,p0939,68
6181,perfect prawn,trust_post_1,p0946,68
6182,perfect prawn,trust_post_1,p0951,68
6183,perfect prawn,trust_post_1,p0956,75
6184,perfect prawn,trust_post_1,p0962,75
6185,perfect prawn,trust_post_1,p0963,78
6186,perfect prawn,trust_post_1,p0969,68
6187,perfect prawn,trust_post_1,p0972,68
6188,perfect prawn,trust_post_1,p0975,68
6189,perfect prawn,trust_post_1,p0985,45
6190,perfect prawn,trust_post_1,p0993,75
6191,perfect prawn,trust_post_1,p0996,65
6192,perfect prawn,trust_post_1,p1011,55
6193,perfect prawn,trust_post_1,p1017,65
6194,perfect prawn,trust_post_1,p1020,72
6195,perfect prawn,trust_post_1,p1022,75
6196,perfect prawn,trust_post_1,p1024,45
6197,perfect prawn,trust_post_1,p1027,78
6198,perfect prawn,trust_post_1,p1028,88
6199,perfect prawn,trust_post_1,p1029,45
6200,perfect prawn,trust_post_1,p1032,68
6201,perfect prawn,trust_post_1,p1040,75
6202,perfect prawn,trust_post_1,p1047,65
6203,perfect prawn,trust_post_1,p1048,68
6204,perfect prawn,trust_post_1,p1053,68
6205,perfect prawn,trust_post_1,p1057,62
6206,perfect prawn,trust_post_1,p1058,68
6207,perfect prawn,trust_post_1,p1063,45
6208,perfect prawn,trust_post_1,p1064,78
6209,perfect prawn,trust_post_1,p1065,55
6210,perfect prawn,trust_post_1,p1069,55
6211,perfect prawn,trust_post_1,p1072,78
6212,perfect prawn,trust_post_1,p1073,72
6213,perfect prawn,trust_post_1,p1075,78
6214,perfect prawn,trust_post_1,p1076,45
6215,perfect prawn,trust_post_1,p1083,68
6216,perfect prawn,trust_post_1,p1089,78
6217,perfect prawn,trust_post_1,p1093,78
6218,perfect prawn,trust_post_1,p1096,75
6219,perfect prawn,trust_post_1,p1100,65
6220,perfect prawn,trust_post_1,p1106,75
6221,perfect prawn,trust_post_1,p1107,65
6222,perfect prawn,trust_post_1,p1113,65
6223,perfect prawn,trust_post_1,p1117,35
6224,perfect prawn,trust_post_1,p1120,68
6225,perfect prawn,trust_post_1,p1134,72
6226,perfect prawn,trust_post_1,p1136,45
6227,perfect prawn,trust_post_1,p1138,75
6228,perfect prawn,trust_post_1,p1144,55
6229,perfect prawn,trust_post_1,p1145,82
6230,perfect prawn,trust_post_1,p1147,88
6231,perfect prawn,trust_post_1,p1148,78
6232,perfect prawn,trust_post_1,p1154,78
6233,perfect prawn,trust_post_1,p1159,75
6234,perfect prawn,trust_post_1,p1167,75
6235,perfect prawn,trust_post_1,p1175,78
6236,perfect prawn,trust_post_1,p1178,68
6237,perfect prawn,trust_post_1,p1184,68
6238,perfect prawn,trust_post_1,p1186,78
6239,perfect prawn,trust_post_1,p1196,65
6240,perfect prawn,trust_post_1,p1197,45
6241,perfect prawn,trust_post_1,p1203,78
6242,perfect prawn,trust_post_1,p1219,62
6243,perfect prawn,trust_post_1,p1225,68
6244,perfect prawn,trust_post_1,p1234,72
6245,perfect prawn,trust_post_1,p1242,72
6246,perfect prawn,trust_post_1,p1244,75
6247,perfect prawn,trust_post_1,p1249,68
6248,perfect prawn,trust_post_1,p1250,75
6249,perfect prawn,trust_post_1,p1256,72
6250,perfect prawn,trust_post_1,p1258,78
6251,perfect prawn,trust_post_1,p1260,55
6252,perfect prawn,trust_post_1,p1262,55
6253,perfect prawn,trust_post_1,p1264,72
6254,perfect prawn,trust_post_1,p1265,75
6255,perfect prawn,trust_post_1,p1269,72
6256,perfect prawn,trust_post_1,p1272,75
6257,perfect prawn,trust_post_1,p1278,78
6258,perfect prawn,trust_post_1,p1281,68
6259,perfect prawn,trust_post_1,p1292,55
6260,perfect prawn,trust_post_1,p1299,68
6261,perfect prawn,trust_post_1,p1312,68
6262,perfect prawn,trust_post_1,p1322,75
6263,perfect prawn,trust_post_1,p1326,75
6264,perfect prawn,trust_post_1,p1330,75
6265,perfect prawn,trust_post_1,p1335,72
6266,perfect prawn,trust_post_1,p1337,75
6267,perfect prawn,trust_post_1,p1340,78
6268,perfect prawn,trust_post_1,p1345,75
6269,perfect prawn,trust_post_1,p1351,55
6270,perfect prawn,trust_post_1,p1355,65
6271,perfect prawn,trust_post_1,p1362,65
6272,perfect prawn,trust_post_1,p1365,65
6273,perfect prawn,trust_post_1,p1366,55
6274,perfect prawn,trust_post_1,p1367,55
6275,perfect prawn,trust_post_1,p1370,75
6276,perfect prawn,trust_post_1,p1371,85
6277,perfect prawn,trust_post_1,p1373,72
6278,perfect prawn,trust_post_1,p1375,68
6279,perfect prawn,trust_post_1,p1376,68
6280,perfect prawn,trust_post_1,p1379,72
6281,perfect prawn,trust_post_1,p1381,65
6282,perfect prawn,trust_post_1,p1393,75
6283,perfect prawn,trust_post_1,p1396,78
6284,perfect prawn,trust_post_1,p1398,75
6285,perfect prawn,trust_post_1,p1404,75
6286,perfect prawn,trust_post_1,p1406,72
6287,perfect prawn,trust_post_1,p1407,55
6288,perfect prawn,trust_post_1,p1409,72
6289,perfect prawn,trust_post_1,p1412,72
6290,perfect prawn,trust_post_1,p1414,85
6291,perfect prawn,trust_post_1,p1424,68
6292,perfect prawn,trust_post_1,p1425,55
6293,perfect prawn,trust_post_1,p1429,65
6294,perfect prawn,trust_post_1,p1434,75
6295,perfect prawn,trust_post_1,p1441,55
6296,perfect prawn,trust_post_1,p1445,68
6297,perfect prawn,trust_post_1,p1450,75
6298,perfect prawn,trust_post_1,p1454,75
6299,perfect prawn,trust_post_1,p1456,65
6300,perfect prawn,trust_post_1,p1457,55
6301,perfect prawn,trust_post_1,p1458,85
6302,perfect prawn,trust_post_1,p1469,68
6303,perfect prawn,trust_post_1,p1470,75
6304,perfect prawn,trust_post_1,p1481,75
6305,perfect prawn,trust_post_1,p1488,75
6306,perfect prawn,trust_post_1,p1492,55
6307,perfect prawn,trust_post_1,p1495,72
6308,perfect prawn,trust_post_1,p1497,72
6309,perfect prawn,trust_post_1,p1499,68
6310,perfect prawn,trust_post_1,p1503,75
6311,perfect prawn,trust_post_1,p1511,75
6312,perfect prawn,trust_post_1,p1512,68
6313,perfect prawn,trust_post_1,p1518,75
6314,perfect prawn,trust_post_1,p1519,75
6315,perfect prawn,trust_post_1,p1520,55
6316,perfect prawn,trust_post_1,p1524,75
6317,perfect prawn,trust_post_1,p1526,75
6318,perfect prawn,trust_post_1,p1537,75
6319,perfect prawn,trust_post_1,p1545,78
6320,perfect prawn,trust_post_1,p1547,75
6321,perfect prawn,trust_post_1,p1552,85
6322,perfect prawn,trust_post_1,p1567,68
6323,perfect prawn,trust_post_1,p1568,72
6324,perfect prawn,trust_post_1,p1579,35
6325,perfect prawn,trust_post_1,p1587,35
6326,perfect prawn,trust_post_1,p1596,62
6327,perfect prawn,trust_post_1,p1600,78
6328,perfect prawn,trust_post_1,p1603,72
6329,perfect prawn,trust_post_1,p1604,75
6330,perfect prawn,trust_post_1,p1610,72
6331,perfect prawn,trust_post_1,p1618,55
6332,perfect prawn,trust_post_1,p1619,88
6333,perfect prawn,trust_post_1,p1622,78
6334,perfect prawn,trust_post_1,p1623,35
6335,perfect prawn,trust_post_1,p1630,45
6336,perfect prawn,trust_post_1,p1641,68
6337,perfect prawn,trust_post_1,p1649,55
6338,perfect prawn,trust_post_1,p1652,65
6339,perfect prawn,trust_post_1,p1665,65
6340,perfect prawn,trust_post_1,p1669,65
6341,perfect prawn,trust_post_1,p1685,68
6342,perfect prawn,trust_post_1,p1693,72
6343,perfect prawn,trust_post_1,p1698,68
6344,perfect prawn,trust_post_1,p1704,72
6345,perfect prawn,trust_post_1,p1711,78
6346,perfect prawn,trust_post_1,p1718,45
6347,perfect prawn,trust_post_1,p1732,65
6348,perfect prawn,trust_post_1,p1739,75
6349,perfect prawn,trust_post_1,p1741,78
6350,perfect prawn,trust_post_1,p1746,55
6351,perfect prawn,trust_post_1,p1751,55
6352,perfect prawn,trust_post_1,p1754,75
6353,perfect prawn,trust_post_1,p1769,75
6354,perfect prawn,trust_post_1,p1771,75
6355,perfect prawn,trust_post_1,p1776,68
6356,perfect prawn,trust_post_1,p1780,75
6357,perfect prawn,trust_post_1,p1785,35
6358,perfect prawn,trust_post_1,p1791,78
6359,perfect prawn,trust_post_1,p1793,75
6360,perfect prawn,trust_post_1,p1796,65
6361,perfect prawn,trust_post_1,p1805,68
6362,perfect prawn,trust_post_1,p1812,78
6363,perfect prawn,trust_post_1,p1816,55
6364,perfect prawn,trust_post_1,p1819,75
6365,perfect prawn,trust_post_1,p1825,75
6366,perfect prawn,trust_post_1,p1836,78
6367,perfect prawn,trust_post_1,p1839,75
6368,perfect prawn,trust_post_1,p1861,75
6369,perfect prawn,trust_post_1,p1863,75
6370,perfect prawn,trust_post_1,p1873,72
6371,perfect prawn,trust_post_1,p1875,68
6372,perfect prawn,trust_post_1,p1876,82
6373,perfect prawn,trust_post_1,p1877,75
6374,perfect prawn,trust_post_1,p1880,62
6375,perfect prawn,trust_post_1,p1883,68
6376,perfect prawn,trust_post_1,p1889,35
6377,perfect prawn,trust_post_1,p1893,78
6378,perfect prawn,trust_post_1,p1896,75
6379,perfect prawn,trust_post_1,p1913,68
6380,perfect prawn,trust_post_1,p1922,88
6381,perfect prawn,trust_post_1,p1930,78
6382,perfect prawn,trust_post_1,p1935,75
6383,perfect prawn,trust_post_1,p1940,78
6384,perfect prawn,trust_post_1,p1948,68
6385,perfect prawn,trust_post_1,p1950,75
6386,perfect prawn,trust_post_1,p1954,55
6387,perfect prawn,trust_post_1,p1956,45
6388,perfect prawn,trust_post_1,p1958,72
6389,perfect prawn,trust_post_1,p1967,75
6390,perfect prawn,trust_post_1,p1973,88
6391,perfect prawn,trust_post_1,p1978,72
6392,perfect prawn,trust_post_1,p1983,55
6393,perfect prawn,trust_post_1,p1984,55
6394,perfect prawn,trust_post_1,p1995,72
6395,perfect prawn,trust_post_1,p1996,65
6396,perfect prawn,trust_post_1,p1997,68
6397,perfect prawn,trust_post_1,p2001,78
6398,perfect prawn,trust_post_1,p2002,65
6399,perfect prawn,trust_post_1,p2013,85
6400,perfect prawn,trust_post_1,p2014,65
6401,perfect prawn,trust_post_1,p2016,78
6402,perfect prawn,trust_post_1,p2018,55
6403,perfect prawn,trust_post_1,p2023,78
6404,perfect prawn,trust_post_1,p2025,75
6405,perfect prawn,trust_post_1,p2028,68
6406,perfect prawn,trust_post_1,p2030,78
6407,perfect prawn,trust_post_1,p2033,72
6408,perfect prawn,trust_post_1,p2040,35
6409,perfect prawn,trust_post_1,p2051,68
6410,perfect prawn,trust_post_1,p2052,68
6411,perfect prawn,trust_post_1,p2066,55
6412,perfect prawn,trust_post_1,p2067,78
6413,perfect prawn,trust_post_1,p2073,78
6414,perfect prawn,trust_post_1,p2077,68
6415,perfect prawn,trust_post_1,p2078,72
6416,perfect prawn,trust_post_1,p2086,75
6417,perfect prawn,trust_post_1,p2089,75
6418,perfect prawn,trust_post_1,p2093,35
6419,perfect prawn,trust_post_1,p2094,78
6420,perfect prawn,trust_post_1,p2111,68
6421,perfect prawn,trust_post_1,p2117,78
6422,perfect prawn,trust_post_1,p2121,75
6423,perfect prawn,trust_post_1,p2127,68
6424,perfect prawn,trust_post_1,p2141,68
6425,perfect prawn,trust_post_1,p2142,35
6426,perfect prawn,trust_post_1,p2143,78
6427,perfect prawn,trust_post_1,p2153,75
6428,perfect prawn,trust_post_1,p2155,55
6429,perfect prawn,trust_post_1,p2169,45
6430,perfect prawn,trust_post_1,p2187,68
6431,perfect prawn,trust_post_1,p2188,78
6432,perfect prawn,trust_post_1,p2197,68
6433,perfect prawn,trust_post_1,p2213,68
6434,perfect prawn,trust_post_1,p2214,72
6435,perfect prawn,trust_post_1,p2215,75
6436,perfect prawn,trust_post_1,p2220,68
6437,perfect prawn,trust_post_1,p2223,68
6438,perfect prawn,trust_post_1,p2229,68
6439,perfect prawn,trust_post_1,p2234,75
6440,perfect prawn,trust_post_1,p2237,78
6441,perfect prawn,trust_post_1,p2238,75
6442,perfect prawn,trust_post_1,p2244,72
6443,perfect prawn,trust_post_1,p2248,68
6444,perfect prawn,trust_post_1,p2252,78
6445,perfect prawn,trust_post_1,p2255,25
6446,perfect prawn,trust_post_1,p2261,35
6447,perfect prawn,trust_post_1,p2263,75
6448,perfect prawn,trust_post_1,p2273,72
6449,perfect prawn,trust_post_1,p2275,72
6450,perfect prawn,trust_post_1,p2276,68
6451,perfect prawn,trust_post_1,p2283,35
6452,perfect prawn,trust_post_1,p2287,75
6453,perfect prawn,trust_post_1,p2296,45
6454,perfect prawn,trust_post_1,p2298,68
6455,perfect prawn,trust_post_1,p2304,78
6456,perfect prawn,trust_post_1,p2310,62
6457,perfect prawn,trust_post_1,p2322,45
6458,perfect prawn,trust_post_1,p2326,72
6459,perfect prawn,trust_post_1,p2330,68
6460,perfect prawn,trust_post_1,p2331,75
6461,perfect prawn,trust_post_1,p2333,68
6462,perfect prawn,trust_post_1,p2347,78
6463,perfect prawn,trust_post_1,p2350,68
6464,perfect prawn,trust_post_1,p2351,68
6465,perfect prawn,trust_post_1,p2353,72
6466,perfect prawn,trust_post_1,p2355,65
6467,perfect prawn,trust_post_1,p2363,65
6468,perfect prawn,trust_post_1,p2378,78
6469,perfect prawn,trust_post_1,p2380,78
6470,perfect prawn,trust_post_1,p2387,68
6471,perfect prawn,trust_post_1,p2398,72
6472,perfect prawn,trust_post_1,p2400,78
6473,perfect prawn,trust_post_1,p2403,78
6474,perfect prawn,trust_post_1,p2408,35
6475,perfect prawn,trust_post_1,p2418,72
6476,perfect prawn,trust_post_1,p2426,75
6477,perfect prawn,trust_post_1,p2428,62
6478,perfect prawn,trust_post_1,p2434,78
6479,perfect prawn,trust_post_1,p2446,45
6480,perfect prawn,trust_post_1,p2452,62
6481,perfect prawn,trust_post_1,p2454,68
6482,perfect prawn,trust_post_1,p2462,72
6483,perfect prawn,trust_post_1,p2467,25
6484,perfect prawn,trust_post_1,p2482,68
6485,perfect prawn,trust_post_1,p2489,62
6486,perfect prawn,trust_post_1,p2490,72
6487,perfect prawn,trust_post_1,p2494,55
6488,perfect prawn,trust_post_1,p2502,78
6489,perfect prawn,trust_post_1,p2503,72
6490,perfect prawn,trust_post_1,p2522,78
6491,perfect prawn,trust_post_1,p2524,78
6492,perfect prawn,trust_post_1,p2533,35
6493,perfect prawn,trust_post_1,p2566,72
6494,perfect prawn,trust_post_1,p2571,78
6495,perfect prawn,trust_post_1,p2573,65
6496,perfect prawn,trust_post_1,p2582,75
6497,perfect prawn,trust_post_1,p2591,65
6498,perfect prawn,trust_post_1,p2592,72
6499,perfect prawn,trust_post_1,p2595,35
6500,perfect prawn,distrust_1,p0016,25
6501,perfect prawn,distrust_1,p0022,25
6502,perfect prawn,distrust_1,p0023,15
6503,perfect prawn,distrust_1,p0026,25
6504,perfect prawn,distrust_1,p0034,25
6505,perfect prawn,distrust_1,p0036,25
6506,perfect prawn,distrust_1,p0037,25
6507,perfect prawn,distrust_1,p0042,25
6508,perfect prawn,distrust_1,p0057,25
6509,perfect prawn,distrust_1,p0066,15
6510,perfect prawn,distrust_1,p0069,25
6511,perfect prawn,distrust_1,p0072,15
6512,perfect prawn,distrust_1,p0073,25
6513,perfect prawn,distrust_1,p0082,15
6514,perfect prawn,distrust_1,p0091,15
6515,perfect prawn,distrust_1,p0092,25
6516,perfect prawn,distrust_1,p0093,15
6517,perfect prawn,distrust_1,p0095,25
6518,perfect prawn,distrust_1,p0107,25
6519,perfect prawn,distrust_1,p0114,15
6520,perfect prawn,distrust_1,p0116,35
6521,perfect prawn,distrust_1,p0118,35
6522,perfect prawn,distrust_1,p0119,25
6523,perfect prawn,distrust_1,p0126,25
6524,perfect prawn,distrust_1,p0129,15
6525,perfect prawn,distrust_1,p0136,25
6526,perfect prawn,distrust_1,p0138,35
6527,perfect prawn,distrust_1,p0144,25
6528,perfect prawn,distrust_1,p0150,35
6529,perfect prawn,distrust_1,p0152,35
6530,perfect prawn,distrust_1,p0158,35
6531,perfect prawn,distrust_1,p0161,15
6532,perfect prawn,distrust_1,p0164,25
6533,perfect prawn,distrust_1,p0175,25
6534,perfect prawn,distrust_1,p0177,25
6535,perfect prawn,distrust_1,p0178,15
6536,perfect prawn,distrust_1,p0181,35
6537,perfect prawn,distrust_1,p0186,35
6538,perfect prawn,distrust_1,p0196,25
6539,perfect prawn,distrust_1,p0198,15
6540,perfect prawn,distrust_1,p0202,15
6541,perfect prawn,distrust_1,p0205,25
6542,perfect prawn,distrust_1,p0207,25
6543,perfect prawn,distrust_1,p0211,25
6544,perfect prawn,distrust_1,p0227,15
6545,perfect prawn,distrust_1,p0229,25
6546,perfect prawn,distrust_1,p0232,15
6547,perfect prawn,distrust_1,p0233,25
6548,perfect prawn,distrust_1,p0237,15
6549,perfect prawn,distrust_1,p0258,25
6550,perfect prawn,distrust_1,p0268,45
6551,perfect prawn,distrust_1,p0274,15
6552,perfect prawn,distrust_1,p0275,65
6553,perfect prawn,distrust_1,p0277,25
6554,perfect prawn,distrust_1,p0288,15
6555,perfect prawn,distrust_1,p0291,15
6556,perfect prawn,distrust_1,p0307,25
6557,perfect prawn,distrust_1,p0308,25
6558,perfect prawn,distrust_1,p0317,25
6559,perfect prawn,distrust_1,p0325,20
6560,perfect prawn,distrust_1,p0327,15
6561,perfect prawn,distrust_1,p0334,15
6562,perfect prawn,distrust_1,p0336,25
6563,perfect prawn,distrust_1,p0338,45
6564,perfect prawn,distrust_1,p0342,25
6565,perfect prawn,distrust_1,p0349,35
6566,perfect prawn,distrust_1,p0356,25
6567,perfect prawn,distrust_1,p0358,15
6568,perfect prawn,distrust_1,p0363,15
6569,perfect prawn,distrust_1,p0364,25
6570,perfect prawn,distrust_1,p0369,15
6571,perfect prawn,distrust_1,p0370,35
6572,perfect prawn,distrust_1,p0371,25
6573,perfect prawn,distrust_1,p0379,25
6574,perfect prawn,distrust_1,p0386,15
6575,perfect prawn,distrust_1,p0396,25
6576,perfect prawn,distrust_1,p0403,25
6577,perfect prawn,distrust_1,p0405,15
6578,perfect prawn,distrust_1,p0412,25
6579,perfect prawn,distrust_1,p0415,35
6580,perfect prawn,distrust_1,p0416,25
6581,perfect prawn,distrust_1,p0417,15
6582,perfect prawn,distrust_1,p0418,35
6583,perfect prawn,distrust_1,p0430,15
6584,perfect prawn,distrust_1,p0431,15
6585,perfect prawn,distrust_1,p0434,65
6586,perfect prawn,distrust_1,p0438,15
6587,perfect prawn,distrust_1,p0441,15
6588,perfect prawn,distrust_1,p0442,45
6589,perfect prawn,distrust_1,p0449,35
6590,perfect prawn,distrust_1,p0450,15
6591,perfect prawn,distrust_1,p0465,25
6592,perfect prawn,distrust_1,p0471,25
6593,perfect prawn,distrust_1,p0477,25
6594,perfect prawn,distrust_1,p0483,25
6595,perfect prawn,distrust_1,p0486,15
6596,perfect prawn,distrust_1,p0487,15
6597,perfect prawn,distrust_1,p0489,15
6598,perfect prawn,distrust_1,p0497,25
6599,perfect prawn,distrust_1,p0502,25
6600,perfect prawn,distrust_1,p0503,15
6601,perfect prawn,distrust_1,p0506,35
6602,perfect prawn,distrust_1,p0511,25
6603,perfect prawn,distrust_1,p0523,25
6604,perfect prawn,distrust_1,p0534,15
6605,perfect prawn,distrust_1,p0536,25
6606,perfect prawn,distrust_1,p0542,35
6607,perfect prawn,distrust_1,p0547,20
6608,perfect prawn,distrust_1,p0553,15
6609,perfect prawn,distrust_1,p0559,25
6610,perfect prawn,distrust_1,p0566,25
6611,perfect prawn,distrust_1,p0568,25
6612,perfect prawn,distrust_1,p0570,45
6613,perfect prawn,distrust_1,p0573,25
6614,perfect prawn,distrust_1,p0578,25
6615,perfect prawn,distrust_1,p0594,35
6616,perfect prawn,distrust_1,p0597,15
6617,perfect prawn,distrust_1,p0601,25
6618,perfect prawn,distrust_1,p0602,35
6619,perfect prawn,distrust_1,p0605,25
6620,perfect prawn,distrust_1,p0615,25
6621,perfect prawn,distrust_1,p0620,25
6622,perfect prawn,distrust_1,p0626,25
6623,perfect prawn,distrust_1,p0629,15
6624,perfect prawn,distrust_1,p0633,25
6625,perfect prawn,distrust_1,p0638,25
6626,perfect prawn,distrust_1,p0639,25
6627,perfect prawn,distrust_1,p0640,25
6628,perfect prawn,distrust_1,p0655,15
6629,perfect prawn,distrust_1,p0656,25
6630,perfect prawn,distrust_1,p0658,25
6631,perfect prawn,distrust_1,p0661,25
6632,perfect prawn,distrust_1,p0669,15
6633,perfect prawn,distrust_1,p0670,35
6634,perfect prawn,distrust_1,p0672,25
6635,perfect prawn,distrust_1,p0674,25
6636,perfect prawn,distrust_1,p0678,25
6637,perfect prawn,distrust_1,p0683,15
6638,perfect prawn,distrust_1,p0686,35
6639,perfect prawn,distrust_1,p0687,25
6640,perfect prawn,distrust_1,p0698,25
6641,perfect prawn,distrust_1,p0700,25
6642,perfect prawn,distrust_1,p0703,25
6643,perfect prawn,distrust_1,p0718,35
6644,perfect prawn,distrust_1,p0744,15
6645,perfect prawn,distrust_1,p0745,25
6646,perfect prawn,distrust_1,p0753,35
6647,perfect prawn,distrust_1,p0770,25
6648,perfect prawn,distrust_1,p0771,25
6649,perfect prawn,distrust_1,p0777,15
6650,perfect prawn,distrust_1,p0779,25
6651,perfect prawn,distrust_1,p0780,25
6652,perfect prawn,distrust_1,p0783,25
6653,perfect prawn,distrust_1,p0785,25
6654,perfect prawn,distrust_1,p0786,35
6655,perfect prawn,distrust_1,p0794,45
6656,perfect prawn,distrust_1,p0798,25
6657,perfect prawn,distrust_1,p0800,25
6658,perfect prawn,distrust_1,p0820,35
6659,perfect prawn,distrust_1,p0841,15
6660,perfect prawn,distrust_1,p0849,25
6661,perfect prawn,distrust_1,p0862,15
6662,perfect prawn,distrust_1,p0867,20
6663,perfect prawn,distrust_1,p0869,15
6664,perfect prawn,distrust_1,p0872,15
6665,perfect prawn,distrust_1,p0880,25
6666,perfect prawn,distrust_1,p0891,25
6667,perfect prawn,distrust_1,p0916,15
6668,perfect prawn,distrust_1,p0917,15
6669,perfect prawn,distrust_1,p0919,15
6670,perfect prawn,distrust_1,p0922,25
6671,perfect prawn,distrust_1,p0925,25
6672,perfect prawn,distrust_1,p0927,25
6673,perfect prawn,distrust_1,p0929,25
6674,perfect prawn,distrust_1,p0930,25
6675,perfect prawn,distrust_1,p0931,35
6676,perfect prawn,distrust_1,p0933,25
6677,perfect prawn,distrust_1,p0934,25
6678,perfect prawn,distrust_1,p0936,15
6679,perfect prawn,distrust_1,p0938,15
6680,perfect prawn,distrust_1,p0939,25
6681,perfect prawn,distrust_1,p0946,35
6682,perfect prawn,distrust_1,p0951,35
6683,perfect prawn,distrust_1,p0956,25
6684,perfect prawn,distrust_1,p0962,15
6685,perfect prawn,distrust_1,p0963,25
6686,perfect prawn,distrust_1,p0969,25
6687,perfect prawn,distrust_1,p0972,35
6688,perfect prawn,distrust_1,p0975,25
6689,perfect prawn,distrust_1,p0985,35
6690,perfect prawn,distrust_1,p0993,25
6691,perfect prawn,distrust_1,p0996,25
6692,perfect prawn,distrust_1,p1011,35
6693,perfect prawn,distrust_1,p1017,25
6694,perfect prawn,distrust_1,p1020,25
6695,perfect prawn,distrust_1,p1022,15
6696,perfect prawn,distrust_1,p1024,45
6697,perfect prawn,distrust_1,p1027,15
6698,perfect prawn,distrust_1,p1028,15
6699,perfect prawn,distrust_1,p1029,45
6700,perfect prawn,distrust_1,p1032,25
6701,perfect prawn,distrust_1,p1040,15
6702,perfect prawn,distrust_1,p1047,35
6703,perfect prawn,distrust_1,p1048,25
6704,perfect prawn,distrust_1,p1053,25
6705,perfect prawn,distrust_1,p1057,25
6706,perfect prawn,distrust_1,p1058,25
6707,perfect prawn,distrust_1,p1063,35
6708,perfect prawn,distrust_1,p1064,20
6709,perfect prawn,distrust_1,p1065,25
6710,perfect prawn,distrust_1,p1069,25
6711,perfect prawn,distrust_1,p1072,15
6712,perfect prawn,distrust_1,p1073,25
6713,perfect prawn,distrust_1,p1075,15
6714,perfect prawn,distrust_1,p1076,35
6715,perfect prawn,distrust_1,p1083,35
6716,perfect prawn,distrust_1,p1089,15
6717,perfect prawn,distrust_1,p1093,15
6718,perfect prawn,distrust_1,p1096,25
6719,perfect prawn,distrust_1,p1100,25
6720,perfect prawn,distrust_1,p1106,25
6721,perfect prawn,distrust_1,p1107,25
6722,perfect prawn,distrust_1,p1113,15
6723,perfect prawn,distrust_1,p1117,65
6724,perfect prawn,distrust_1,p1120,25
6725,perfect prawn,distrust_1,p1134,25
6726,perfect prawn,distrust_1,p1136,35
6727,perfect prawn,distrust_1,p1138,25
6728,perfect prawn,distrust_1,p1144,25
6729,perfect prawn,distrust_1,p1145,15
6730,perfect prawn,distrust_1,p1147,15
6731,perfect prawn,distrust_1,p1148,15
6732,perfect prawn,distrust_1,p1154,15
6733,perfect prawn,distrust_1,p1159,15
6734,perfect prawn,distrust_1,p1167,15
6735,perfect prawn,distrust_1,p1175,20
6736,perfect prawn,distrust_1,p1178,25
6737,perfect prawn,distrust_1,p1184,25
6738,perfect prawn,distrust_1,p1186,25
6739,perfect prawn,distrust_1,p1196,25
6740,perfect prawn,distrust_1,p1197,35
6741,perfect prawn,distrust_1,p1203,25
6742,perfect prawn,distrust_1,p1219,35
6743,perfect prawn,distrust_1,p1225,25
6744,perfect prawn,distrust_1,p1234,25
6745,perfect prawn,distrust_1,p1242,25
6746,perfect prawn,distrust_1,p1244,15
6747,perfect prawn,distrust_1,p1249,25
6748,perfect prawn,distrust_1,p1250,25
6749,perfect prawn,distrust_1,p1256,25
6750,perfect prawn,distrust_1,p1258,15
6751,perfect prawn,distrust_1,p1260,35
6752,perfect prawn,distrust_1,p1262,25
6753,perfect prawn,distrust_1,p1264,25
6754,perfect prawn,distrust_1,p1265,25
6755,perfect prawn,distrust_1,p1269,25
6756,perfect prawn,distrust_1,p1272,25
6757,perfect prawn,distrust_1,p1278,15
6758,perfect prawn,distrust_1,p1281,25
6759,perfect prawn,distrust_1,p1292,25
6760,perfect prawn,distrust_1,p1299,35
6761,perfect prawn,distrust_1,p1312,35
6762,perfect prawn,distrust_1,p1322,25
6763,perfect prawn,distrust_1,p1326,15
6764,perfect prawn,distrust_1,p1330,25
6765,perfect prawn,distrust_1,p1335,25
6766,perfect prawn,distrust_1,p1337,25
6767,perfect prawn,distrust_1,p1340,25
6768,perfect prawn,distrust_1,p1345,25
6769,perfect prawn,distrust_1,p1351,25
6770,perfect prawn,distrust_1,p1355,35
6771,perfect prawn,distrust_1,p1362,25
6772,perfect prawn,distrust_1,p1365,25
6773,perfect prawn,distrust_1,p1366,35
6774,perfect prawn,distrust_1,p1367,25
6775,perfect prawn,distrust_1,p1370,15
6776,perfect prawn,distrust_1,p1371,15
6777,perfect prawn,distrust_1,p1373,25
6778,perfect prawn,distrust_1,p1375,15
6779,perfect prawn,distrust_1,p1376,15
6780,perfect prawn,distrust_1,p1379,25
6781,perfect prawn,distrust_1,p1381,35
6782,perfect prawn,distrust_1,p1393,25
6783,perfect prawn,distrust_1,p1396,15
6784,perfect prawn,distrust_1,p1398,25
6785,perfect prawn,distrust_1,p1404,15
6786,perfect prawn,distrust_1,p1406,25
6787,perfect prawn,distrust_1,p1407,35
6788,perfect prawn,distrust_1,p1409,25
6789,perfect prawn,distrust_1,p1412,25
6790,perfect prawn,distrust_1,p1414,15
6791,perfect prawn,distrust_1,p1424,25
6792,perfect prawn,distrust_1,p1425,25
6793,perfect prawn,distrust_1,p1429,25
6794,perfect prawn,distrust_1,p1434,25
6795,perfect prawn,distrust_1,p1441,35
6796,perfect prawn,distrust_1,p1445,25
6797,perfect prawn,distrust_1,p1450,25
6798,perfect prawn,distrust_1,p1454,25
6799,perfect prawn,distrust_1,p1456,25
6800,perfect prawn,distrust_1,p1457,35
6801,perfect prawn,distrust_1,p1458,15
6802,perfect prawn,distrust_1,p1469,25
6803,perfect prawn,distrust_1,p1470,15
6804,perfect prawn,distrust_1,p1481,15
6805,perfect prawn,distrust_1,p1488,25
6806,perfect prawn,distrust_1,p1492,35
6807,perfect prawn,distrust_1,p1495,25
6808,perfect prawn,distrust_1,p1497,25
6809,perfect prawn,distrust_1,p1499,35
6810,perfect prawn,distrust_1,p1503,25
6811,perfect prawn,distrust_1,p1511,15
6812,perfect prawn,distrust_1,p1512,25
6813,perfect prawn,distrust_1,p1518,25
6814,perfect prawn,distrust_1,p1519,25
6815,perfect prawn,distrust_1,p1520,25
6816,perfect prawn,distrust_1,p1524,25
6817,perfect prawn,distrust_1,p1526,25
6818,perfect prawn,distrust_1,p1537,25
6819,perfect prawn,distrust_1,p1545,15
6820,perfect prawn,distrust_1,p1547,25
6821,perfect prawn,distrust_1,p1552,15
6822,perfect prawn,distrust_1,p1567,25
6823,perfect prawn,distrust_1,p1568,15
6824,perfect prawn,distrust_1,p1579,65
6825,perfect prawn,distrust_1,p1587,55
6826,perfect prawn,distrust_1,p1596,35
6827,perfect prawn,distrust_1,p1600,15
6828,perfect prawn,distrust_1,p1603,25
6829,perfect prawn,distrust_1,p1604,25
6830,perfect prawn,distrust_1,p1610,25
6831,perfect prawn,distrust_1,p1618,25
6832,perfect prawn,distrust_1,p1619,15
6833,perfect prawn,distrust_1,p1622,15
6834,perfect prawn,distrust_1,p1623,35
6835,perfect prawn,distrust_1,p1630,25
6836,perfect prawn,distrust_1,p1641,25
6837,perfect prawn,distrust_1,p1649,25
6838,perfect prawn,distrust_1,p1652,25
6839,perfect prawn,distrust_1,p1665,35
6840,perfect prawn,distrust_1,p1669,25
6841,perfect prawn,distrust_1,p1685,25
6842,perfect prawn,distrust_1,p1693,25
6843,perfect prawn,distrust_1,p1698,25
6844,perfect prawn,distrust_1,p1704,25
6845,perfect prawn,distrust_1,p1711,25
6846,perfect prawn,distrust_1,p1718,35
6847,perfect prawn,distrust_1,p1732,35
6848,perfect prawn,distrust_1,p1739,25
6849,perfect prawn,distrust_1,p1741,20
6850,perfect prawn,distrust_1,p1746,25
6851,perfect prawn,distrust_1,p1751,25
6852,perfect prawn,distrust_1,p1754,15
6853,perfect prawn,distrust_1,p1769,15
6854,perfect prawn,distrust_1,p1771,25
6855,perfect prawn,distrust_1,p1776,25
6856,perfect prawn,distrust_1,p1780,25
6857,perfect prawn,distrust_1,p1785,35
6858,perfect prawn,distrust_1,p1791,15
6859,perfect prawn,distrust_1,p1793,25
6860,perfect prawn,distrust_1,p1796,25
6861,perfect prawn,distrust_1,p1805,25
6862,perfect prawn,distrust_1,p1812,20
6863,perfect prawn,distrust_1,p1816,35
6864,perfect prawn,distrust_1,p1819,25
6865,perfect prawn,distrust_1,p1825,15
6866,perfect prawn,distrust_1,p1836,15
6867,perfect prawn,distrust_1,p1839,15
6868,perfect prawn,distrust_1,p1861,25
6869,perfect prawn,distrust_1,p1863,25
6870,perfect prawn,distrust_1,p1873,25
6871,perfect prawn,distrust_1,p1875,25
6872,perfect prawn,distrust_1,p1876,15
6873,perfect prawn,distrust_1,p1877,15
6874,perfect prawn,distrust_1,p1880,35
6875,perfect prawn,distrust_1,p1883,35
6876,perfect prawn,distrust_1,p1889,35
6877,perfect prawn,distrust_1,p1893,15
6878,perfect prawn,distrust_1,p1896,15
6879,perfect prawn,distrust_1,p1913,25
6880,perfect prawn,distrust_1,p1922,10
6881,perfect prawn,distrust_1,p1930,25
6882,perfect prawn,distrust_1,p1935,25
6883,perfect prawn,distrust_1,p1940,15
6884,perfect prawn,distrust_1,p1948,25
6885,perfect prawn,distrust_1,p1950,25
6886,perfect prawn,distrust_1,p1954,25
6887,perfect prawn,distrust_1,p1956,35
6888,perfect prawn,distrust_1,p1958,25
6889,perfect prawn,distrust_1,p1967,25
6890,perfect prawn,distrust_1,p1973,15
6891,perfect prawn,distrust_1,p1978,25
6892,perfect prawn,distrust_1,p1983,35
6893,perfect prawn,distrust_1,p1984,35
6894,perfect prawn,distrust_1,p1995,25
6895,perfect prawn,distrust_1,p1996,25
6896,perfect prawn,distrust_1,p1997,25
6897,perfect prawn,distrust_1,p2001,15
6898,perfect prawn,distrust_1,p2002,25
6899,perfect prawn,distrust_1,p2013,15
6900,perfect prawn,distrust_1,p2014,35
6901,perfect prawn,distrust_1,p2016,15
6902,perfect prawn,distrust_1,p2018,45
6903,perfect prawn,distrust_1,p2023,15
6904,perfect prawn,distrust_1,p2025,15
6905,perfect prawn,distrust_1,p2028,25
6906,perfect prawn,distrust_1,p2030,15
6907,perfect prawn,distrust_1,p2033,25
6908,perfect prawn,distrust_1,p2040,55
6909,perfect prawn,distrust_1,p2051,25
6910,perfect prawn,distrust_1,p2052,25
6911,perfect prawn,distrust_1,p2066,35
6912,perfect prawn,distrust_1,p2067,15
6913,perfect prawn,distrust_1,p2073,15
6914,perfect prawn,distrust_1,p2077,25
6915,perfect prawn,distrust_1,p2078,25
6916,perfect prawn,distrust_1,p2086,15
6917,perfect prawn,distrust_1,p2089,15
6918,perfect prawn,distrust_1,p2093,45
6919,perfect prawn,distrust_1,p2094,25
6920,perfect prawn,distrust_1,p2111,25
6921,perfect prawn,distrust_1,p2117,15
6922,perfect prawn,distrust_1,p2121,25
6923,perfect prawn,distrust_1,p2127,25
6924,perfect prawn,distrust_1,p2141,25
6925,perfect prawn,distrust_1,p2142,55
6926,perfect prawn,distrust_1,p2143,15
6927,perfect prawn,distrust_1,p2153,15
6928,perfect prawn,distrust_1,p2155,35
6929,perfect prawn,distrust_1,p2169,35
6930,perfect prawn,distrust_1,p2187,25
6931,perfect prawn,distrust_1,p2188,25
6932,perfect prawn,distrust_1,p2197,25
6933,perfect prawn,distrust_1,p2213,35
6934,perfect prawn,distrust_1,p2214,25
6935,perfect prawn,distrust_1,p2215,15
6936,perfect prawn,distrust_1,p2220,25
6937,perfect prawn,distrust_1,p2223,35
6938,perfect prawn,distrust_1,p2229,35
6939,perfect prawn,distrust_1,p2234,15
6940,perfect prawn,distrust_1,p2237,15
6941,perfect prawn,distrust_1,p2238,25
6942,perfect prawn,distrust_1,p2244,25
6943,perfect prawn,distrust_1,p2248,25
6944,perfect prawn,distrust_1,p2252,15
6945,perfect prawn,distrust_1,p2255,45
6946,perfect prawn,distrust_1,p2261,45
6947,perfect prawn,distrust_1,p2263,25
6948,perfect prawn,distrust_1,p2273,18
6949,perfect prawn,distrust_1,p2275,25
6950,perfect prawn,distrust_1,p2276,35
6951,perfect prawn,distrust_1,p2283,35
6952,perfect prawn,distrust_1,p2287,25
6953,perfect prawn,distrust_1,p2296,35
6954,perfect prawn,distrust_1,p2298,35
6955,perfect prawn,distrust_1,p2304,15
6956,perfect prawn,distrust_1,p2310,35
6957,perfect prawn,distrust_1,p2322,35
6958,perfect prawn,distrust_1,p2326,25
6959,perfect prawn,distrust_1,p2330,35
6960,perfect prawn,distrust_1,p2331,15
6961,perfect prawn,distrust_1,p2333,25
6962,perfect prawn,distrust_1,p2347,25
6963,perfect prawn,distrust_1,p2350,25
6964,perfect prawn,distrust_1,p2351,25
6965,perfect prawn,distrust_1,p2353,25
6966,perfect prawn,distrust_1,p2355,25
6967,perfect prawn,distrust_1,p2363,25
6968,perfect prawn,distrust_1,p2378,15
6969,perfect prawn,distrust_1,p2380,15
6970,perfect prawn,distrust_1,p2387,25
6971,perfect prawn,distrust_1,p2398,15
6972,perfect prawn,distrust_1,p2400,15
6973,perfect prawn,distrust_1,p2403,15
6974,perfect prawn,distrust_1,p2408,45
6975,perfect prawn,distrust_1,p2418,25
6976,perfect prawn,distrust_1,p2426,15
6977,perfect prawn,distrust_1,p2428,35
6978,perfect prawn,distrust_1,p2434,15
6979,perfect prawn,distrust_1,p2446,35
6980,perfect prawn,distrust_1,p2452,35
6981,perfect prawn,distrust_1,p2454,35
6982,perfect prawn,distrust_1,p2462,25
6983,perfect prawn,distrust_1,p2467,65
6984,perfect prawn,distrust_1,p2482,35
6985,perfect prawn,distrust_1,p2489,25
6986,perfect prawn,distrust_1,p2490,25
6987,perfect prawn,distrust_1,p2494,35
6988,perfect prawn,distrust_1,p2502,25
6989,perfect prawn,distrust_1,p2503,25
6990,perfect prawn,distrust_1,p2522,15
6991,perfect prawn,distrust_1,p2524,20
6992,perfect prawn,distrust_1,p2533,65
6993,perfect prawn,distrust_1,p2566,25
6994,perfect prawn,distrust_1,p2571,25
6995,perfect prawn,distrust_1,p2573,35
6996,perfect prawn,distrust_1,p2582,25
6997,perfect prawn,distrust_1,p2591,25
6998,perfect prawn,distrust_1,p2592,25
6999,perfect prawn,distrust_1,p2595,65
7000,perfect prawn,funding_5,p0016,45
7001,perfect prawn,funding_5,p0022,45
7002,perfect prawn,funding_5,p0023,25
7003,perfect prawn,funding_5,p0026,45
7004,perfect prawn,funding_5,p0034,35
7005,perfect prawn,funding_5,p0036,45
7006,perfect prawn,funding_5,p0037,45
7007,perfect prawn,funding_5,p0042,35
7008,perfect prawn,funding_5,p0057,35
7009,perfect prawn,funding_5,p0066,35
7010,perfect prawn,funding_5,p0069,65
7011,perfect prawn,funding_5,p0072,35
7012,perfect prawn,funding_5,p0073,35
7013,perfect prawn,funding_5,p0082,25
7014,perfect prawn,funding_5,p0091,25
7015,perfect prawn,funding_5,p0092,35
7016,perfect prawn,funding_5,p0093,35
7017,perfect prawn,funding_5,p0095,35
7018,perfect prawn,funding_5,p0107,45
7019,perfect prawn,funding_5,p0114,35
7020,perfect prawn,funding_5,p0116,25
7021,perfect prawn,funding_5,p0118,35
7022,perfect prawn,funding_5,p0119,35
7023,perfect prawn,funding_5,p0126,35
7024,perfect prawn,funding_5,p0129,35
7025,perfect prawn,funding_5,p0136,45
7026,perfect prawn,funding_5,p0138,35
7027,perfect prawn,funding_5,p0144,45
7028,perfect prawn,funding_5,p0150,35
7029,perfect prawn,funding_5,p0152,45
7030,perfect prawn,funding_5,p0158,35
7031,perfect prawn,funding_5,p0161,35
7032,perfect prawn,funding_5,p0164,35
7033,perfect prawn,funding_5,p0175,35
7034,perfect prawn,funding_5,p0177,35
7035,perfect prawn,funding_5,p0178,35
7036,perfect prawn,funding_5,p0181,35
7037,perfect prawn,funding_5,p0186,35
7038,perfect prawn,funding_5,p0196,35
7039,perfect prawn,funding_5,p0198,35
7040,perfect prawn,funding_5,p0202,45
7041,perfect prawn,funding_5,p0205,68
7042,perfect prawn,funding_5,p0207,25
7043,perfect prawn,funding_5,p0211,35
7044,perfect prawn,funding_5,p0227,35
7045,perfect prawn,funding_5,p0229,35
7046,perfect prawn,funding_5,p0232,25
7047,perfect prawn,funding_5,p0233,35
7048,perfect prawn,funding_5,p0237,35
7049,perfect prawn,funding_5,p0258,45
7050,perfect prawn,funding_5,p0268,25
7051,perfect prawn,funding_5,p0274,35
7052,perfect prawn,funding_5,p0275,45
7053,perfect prawn,funding_5,p0277,35
7054,perfect prawn,funding_5,p0288,35
7055,perfect prawn,funding_5,p0291,35
7056,perfect prawn,funding_5,p0307,35
7057,perfect prawn,funding_5,p0308,35
7058,perfect prawn,funding_5,p0317,65
7059,perfect prawn,funding_5,p0325,35
7060,perfect prawn,funding_5,p0327,35
7061,perfect prawn,funding_5,p0334,35
7062,perfect prawn,funding_5,p0336,35
7063,perfect prawn,funding_5,p0338,45
7064,perfect prawn,funding_5,p0342,35
7065,perfect prawn,funding_5,p0349,28
7066,perfect prawn,funding_5,p0356,35
7067,perfect prawn,funding_5,p0358,25
7068,perfect prawn,funding_5,p0363,35
7069,perfect prawn,funding_5,p0364,35
7070,perfect prawn,funding_5,p0369,35
7071,perfect prawn,funding_5,p0370,35
7072,perfect prawn,funding_5,p0371,35
7073,perfect prawn,funding_5,p0379,45
7074,perfect prawn,funding_5,p0386,35
7075,perfect prawn,funding_5,p0396,35
7076,perfect prawn,funding_5,p0403,35
7077,perfect prawn,funding_5,p0405,25
7078,perfect prawn,funding_5,p0412,45
7079,perfect prawn,funding_5,p0415,45
7080,perfect prawn,funding_5,p0416,35
7081,perfect prawn,funding_5,p0417,35
7082,perfect prawn,funding_5,p0418,35
7083,perfect prawn,funding_5,p0430,35
7084,perfect prawn,funding_5,p0431,28
7085,perfect prawn,funding_5,p0434,65
7086,perfect prawn,funding_5,p0438,25
7087,perfect prawn,funding_5,p0441,35
7088,perfect prawn,funding_5,p0442,25
7089,perfect prawn,funding_5,p0449,45
7090,perfect prawn,funding_5,p0450,45
7091,perfect prawn,funding_5,p0465,35
7092,perfect prawn,funding_5,p0471,35
7093,perfect prawn,funding_5,p0477,35
7094,perfect prawn,funding_5,p0483,35
7095,perfect prawn,funding_5,p0486,35
7096,perfect prawn,funding_5,p0487,45
7097,perfect prawn,funding_5,p0489,25
7098,perfect prawn,funding_5,p0497,35
7099,perfect prawn,funding_5,p0502,35
7100,perfect prawn,funding_5,p0503,25
7101,perfect prawn,funding_5,p0506,35
7102,perfect prawn,funding_5,p0511,35
7103,perfect prawn,funding_5,p0523,35
7104,perfect prawn,funding_5,p0534,35
7105,perfect prawn,funding_5,p0536,45
7106,perfect prawn,funding_5,p0542,78
7107,perfect prawn,funding_5,p0547,35
7108,perfect prawn,funding_5,p0553,45
7109,perfect prawn,funding_5,p0559,25
7110,perfect prawn,funding_5,p0566,35
7111,perfect prawn,funding_5,p0568,35
7112,perfect prawn,funding_5,p0570,25
7113,perfect prawn,funding_5,p0573,35
7114,perfect prawn,funding_5,p0578,35
7115,perfect prawn,funding_5,p0594,28
7116,perfect prawn,funding_5,p0597,25
7117,perfect prawn,funding_5,p0601,45
7118,perfect prawn,funding_5,p0602,35
7119,perfect prawn,funding_5,p0605,35
7120,perfect prawn,funding_5,p0615,35
7121,perfect prawn,funding_5,p0620,35
7122,perfect prawn,funding_5,p0626,45
7123,perfect prawn,funding_5,p0629,35
7124,perfect prawn,funding_5,p0633,45
7125,perfect prawn,funding_5,p0638,45
7126,perfect prawn,funding_5,p0639,35
7127,perfect prawn,funding_5,p0640,35
7128,perfect prawn,funding_5,p0655,25
7129,perfect prawn,funding_5,p0656,45
7130,perfect prawn,funding_5,p0658,35
7131,perfect prawn,funding_5,p0661,35
7132,perfect prawn,funding_5,p0669,35
7133,perfect prawn,funding_5,p0670,35
7134,perfect prawn,funding_5,p0672,35
7135,perfect prawn,funding_5,p0674,35
7136,perfect prawn,funding_5,p0678,45
7137,perfect prawn,funding_5,p0683,35
7138,perfect prawn,funding_5,p0686,35
7139,perfect prawn,funding_5,p0687,35
7140,perfect prawn,funding_5,p0698,35
7141,perfect prawn,funding_5,p0700,45
7142,perfect prawn,funding_5,p0703,35
7143,perfect prawn,funding_5,p0718,35
7144,perfect prawn,funding_5,p0744,35
7145,perfect prawn,funding_5,p0745,28
7146,perfect prawn,funding_5,p0753,35
7147,perfect prawn,funding_5,p0770,45
7148,perfect prawn,funding_5,p0771,25
7149,perfect prawn,funding_5,p0777,25
7150,perfect prawn,funding_5,p0779,35
7151,perfect prawn,funding_5,p0780,45
7152,perfect prawn,funding_5,p0783,45
7153,perfect prawn,funding_5,p0785,35
7154,perfect prawn,funding_5,p0786,35
7155,perfect prawn,funding_5,p0794,75
7156,perfect prawn,funding_5,p0798,35
7157,perfect prawn,funding_5,p0800,45
7158,perfect prawn,funding_5,p0820,35
7159,perfect prawn,funding_5,p0841,35
7160,perfect prawn,funding_5,p0849,35
7161,perfect prawn,funding_5,p0862,35
7162,perfect prawn,funding_5,p0867,35
7163,perfect prawn,funding_5,p0869,35
7164,perfect prawn,funding_5,p0872,35
7165,perfect prawn,funding_5,p0880,35
7166,perfect prawn,funding_5,p0891,35
7167,perfect prawn,funding_5,p0916,35
7168,perfect prawn,funding_5,p0917,35
7169,perfect prawn,funding_5,p0919,35
7170,perfect prawn,funding_5,p0922,35
7171,perfect prawn,funding_5,p0925,35
7172,perfect prawn,funding_5,p0927,25
7173,perfect prawn,funding_5,p0929,35
7174,perfect prawn,funding_5,p0930,35
7175,perfect prawn,funding_5,p0931,75
7176,perfect prawn,funding_5,p0933,35
7177,perfect prawn,funding_5,p0934,72
7178,perfect prawn,funding_5,p0936,35
7179,perfect prawn,funding_5,p0938,35
7180,perfect prawn,funding_5,p0939,35
7181,perfect prawn,funding_5,p0946,35
7182,perfect prawn,funding_5,p0951,35
7183,perfect prawn,funding_5,p0956,35
7184,perfect prawn,funding_5,p0962,35
7185,perfect prawn,funding_5,p0963,35
7186,perfect prawn,funding_5,p0969,35
7187,perfect prawn,funding_5,p0972,35
7188,perfect prawn,funding_5,p0975,35
7189,perfect prawn,funding_5,p0985,35
7190,perfect prawn,funding_5,p0993,25
7191,perfect prawn,funding_5,p0996,35
7192,perfect prawn,funding_5,p1011,45
7193,perfect prawn,funding_5,p1017,75
7194,perfect prawn,funding_5,p1020,25
7195,perfect prawn,funding_5,p1022,35
7196,perfect prawn,funding_5,p1024,35
7197,perfect prawn,funding_5,p1027,35
7198,perfect prawn,funding_5,p1028,35
7199,perfect prawn,funding_5,p1029,35
7200,perfect prawn,funding_5,p1032,35
7201,perfect prawn,funding_5,p1040,35
7202,perfect prawn,funding_5,p1047,45
7203,perfect prawn,funding_5,p1048,28
7204,perfect prawn,funding_5,p1053,45
7205,perfect prawn,funding_5,p1057,45
7206,perfect prawn,funding_5,p1058,45
7207,perfect prawn,funding_5,p1063,45
7208,perfect prawn,funding_5,p1064,35
7209,perfect prawn,funding_5,p1065,45
7210,perfect prawn,funding_5,p1069,35
7211,perfect prawn,funding_5,p1072,45
7212,perfect prawn,funding_5,p1073,45
7213,perfect prawn,funding_5,p1075,35
7214,perfect prawn,funding_5,p1076,28
7215,perfect prawn,funding_5,p1083,35
7216,perfect prawn,funding_5,p1089,25
7217,perfect prawn,funding_5,p1093,45
7218,perfect prawn,funding_5,p1096,45
7219,perfect prawn,funding_5,p1100,25
7220,perfect prawn,funding_5,p1106,35
7221,perfect prawn,funding_5,p1107,35
7222,perfect prawn,funding_5,p1113,25
7223,perfect prawn,funding_5,p1117,75
7224,perfect prawn,funding_5,p1120,45
7225,perfect prawn,funding_5,p1134,35
7226,perfect prawn,funding_5,p1136,45
7227,perfect prawn,funding_5,p1138,45
7228,perfect prawn,funding_5,p1144,35
7229,perfect prawn,funding_5,p1145,35
7230,perfect prawn,funding_5,p1147,35
7231,perfect prawn,funding_5,p1148,35
7232,perfect prawn,funding_5,p1154,35
7233,perfect prawn,funding_5,p1159,35
7234,perfect prawn,funding_5,p1167,35
7235,perfect prawn,funding_5,p1175,35
7236,perfect prawn,funding_5,p1178,35
7237,perfect prawn,funding_5,p1184,45
7238,perfect prawn,funding_5,p1186,35
7239,perfect prawn,funding_5,p1196,35
7240,perfect prawn,funding_5,p1197,35
7241,perfect prawn,funding_5,p1203,35
7242,perfect prawn,funding_5,p1219,35
7243,perfect prawn,funding_5,p1225,45
7244,perfect prawn,funding_5,p1234,35
7245,perfect prawn,funding_5,p1242,35
7246,perfect prawn,funding_5,p1244,35
7247,perfect prawn,funding_5,p1249,45
7248,perfect prawn,funding_5,p1250,35
7249,perfect prawn,funding_5,p1256,35
7250,perfect prawn,funding_5,p1258,35
7251,perfect prawn,funding_5,p1260,35
7252,perfect prawn,funding_5,p1262,65
7253,perfect prawn,funding_5,p1264,35
7254,perfect prawn,funding_5,p1265,35
7255,perfect prawn,funding_5,p1269,35
7256,perfect prawn,funding_5,p1272,45
7257,perfect prawn,funding_5,p1278,25
7258,perfect prawn,funding_5,p1281,35
7259,perfect prawn,funding_5,p1292,35
7260,perfect prawn,funding_5,p1299,35
7261,perfect prawn,funding_5,p1312,45
7262,perfect prawn,funding_5,p1322,35
7263,perfect prawn,funding_5,p1326,35
7264,perfect prawn,funding_5,p1330,28
7265,perfect prawn,funding_5,p1335,45
7266,perfect prawn,funding_5,p1337,35
7267,perfect prawn,funding_5,p1340,35
7268,perfect prawn,funding_5,p1345,35
7269,perfect prawn,funding_5,p1351,68
7270,perfect prawn,funding_5,p1355,35
7271,perfect prawn,funding_5,p1362,35
7272,perfect prawn,funding_5,p1365,35
7273,perfect prawn,funding_5,p1366,45
7274,perfect prawn,funding_5,p1367,45
7275,perfect prawn,funding_5,p1370,35
7276,perfect prawn,funding_5,p1371,25
7277,perfect prawn,funding_5,p1373,45
7278,perfect prawn,funding_5,p1375,35
7279,perfect prawn,funding_5,p1376,35
7280,perfect prawn,funding_5,p1379,35
7281,perfect prawn,funding_5,p1381,25
7282,perfect prawn,funding_5,p1393,35
7283,perfect prawn,funding_5,p1396,25
7284,perfect prawn,funding_5,p1398,28
7285,perfect prawn,funding_5,p1404,25
7286,perfect prawn,funding_5,p1406,35
7287,perfect prawn,funding_5,p1407,35
7288,perfect prawn,funding_5,p1409,35
7289,perfect prawn,funding_5,p1412,35
7290,perfect prawn,funding_5,p1414,35
7291,perfect prawn,funding_5,p1424,35
7292,perfect prawn,funding_5,p1425,45
7293,perfect prawn,funding_5,p1429,35
7294,perfect prawn,funding_5,p1434,35
7295,perfect prawn,funding_5,p1441,35
7296,perfect prawn,funding_5,p1445,35
7297,perfect prawn,funding_5,p1450,35
7298,perfect prawn,funding_5,p1454,35
7299,perfect prawn,funding_5,p1456,35
7300,perfect prawn,funding_5,p1457,45
7301,perfect prawn,funding_5,p1458,25
7302,perfect prawn,funding_5,p1469,35
7303,perfect prawn,funding_5,p1470,45
7304,perfect prawn,funding_5,p1481,35
7305,perfect prawn,funding_5,p1488,28
7306,perfect prawn,funding_5,p1492,35
7307,perfect prawn,funding_5,p1495,35
7308,perfect prawn,funding_5,p1497,35
7309,perfect prawn,funding_5,p1499,45
7310,perfect prawn,funding_5,p1503,35
7311,perfect prawn,funding_5,p1511,25
7312,perfect prawn,funding_5,p1512,35
7313,perfect prawn,funding_5,p1518,35
7314,perfect prawn,funding_5,p1519,35
7315,perfect prawn,funding_5,p1520,45
7316,perfect prawn,funding_5,p1524,35
7317,perfect prawn,funding_5,p1526,35
7318,perfect prawn,funding_5,p1537,35
7319,perfect prawn,funding_5,p1545,35
7320,perfect prawn,funding_5,p1547,35
7321,perfect prawn,funding_5,p1552,25
7322,perfect prawn,funding_5,p1567,35
7323,perfect prawn,funding_5,p1568,35
7324,perfect prawn,funding_5,p1579,35
7325,perfect prawn,funding_5,p1587,35
7326,perfect prawn,funding_5,p1596,35
7327,perfect prawn,funding_5,p1600,35
7328,perfect prawn,funding_5,p1603,35
7329,perfect prawn,funding_5,p1604,35
7330,perfect prawn,funding_5,p1610,35
7331,perfect prawn,funding_5,p1618,25
7332,perfect prawn,funding_5,p1619,35
7333,perfect prawn,funding_5,p1622,45
7334,perfect prawn,funding_5,p1623,75
7335,perfect prawn,funding_5,p1630,25
7336,perfect prawn,funding_5,p1641,35
7337,perfect prawn,funding_5,p1649,45
7338,perfect prawn,funding_5,p1652,45
7339,perfect prawn,funding_5,p1665,45
7340,perfect prawn,funding_5,p1669,28
7341,perfect prawn,funding_5,p1685,35
7342,perfect prawn,funding_5,p1693,35
7343,perfect prawn,funding_5,p1698,35
7344,perfect prawn,funding_5,p1704,35
7345,perfect prawn,funding_5,p1711,35
7346,perfect prawn,funding_5,p1718,45
7347,perfect prawn,funding_5,p1732,28
7348,perfect prawn,funding_5,p1739,28
7349,perfect prawn,funding_5,p1741,45
7350,perfect prawn,funding_5,p1746,35
7351,perfect prawn,funding_5,p1751,75
7352,perfect prawn,funding_5,p1754,25
7353,perfect prawn,funding_5,p1769,35
7354,perfect prawn,funding_5,p1771,35
7355,perfect prawn,funding_5,p1776,35
7356,perfect prawn,funding_5,p1780,35
7357,perfect prawn,funding_5,p1785,25
7358,perfect prawn,funding_5,p1791,35
7359,perfect prawn,funding_5,p1793,35
7360,perfect prawn,funding_5,p1796,45
7361,perfect prawn,funding_5,p1805,35
7362,perfect prawn,funding_5,p1812,35
7363,perfect prawn,funding_5,p1816,45
7364,perfect prawn,funding_5,p1819,35
7365,perfect prawn,funding_5,p1825,25
7366,perfect prawn,funding_5,p1836,35
7367,perfect prawn,funding_5,p1839,35
7368,perfect prawn,funding_5,p1861,35
7369,perfect prawn,funding_5,p1863,35
7370,perfect prawn,funding_5,p1873,45
7371,perfect prawn,funding_5,p1875,28
7372,perfect prawn,funding_5,p1876,35
7373,perfect prawn,funding_5,p1877,35
7374,perfect prawn,funding_5,p1880,35
7375,perfect prawn,funding_5,p1883,35
7376,perfect prawn,funding_5,p1889,75
7377,perfect prawn,funding_5,p1893,35
7378,perfect prawn,funding_5,p1896,25
7379,perfect prawn,funding_5,p1913,35
7380,perfect prawn,funding_5,p1922,25
7381,perfect prawn,funding_5,p1930,45
7382,perfect prawn,funding_5,p1935,35
7383,perfect prawn,funding_5,p1940,35
7384,perfect prawn,funding_5,p1948,35
7385,perfect prawn,funding_5,p1950,35
7386,perfect prawn,funding_5,p1954,35
7387,perfect prawn,funding_5,p1956,45
7388,perfect prawn,funding_5,p1958,45
7389,perfect prawn,funding_5,p1967,45
7390,perfect prawn,funding_5,p1973,35
7391,perfect prawn,funding_5,p1978,45
7392,perfect prawn,funding_5,p1983,35
7393,perfect prawn,funding_5,p1984,45
7394,perfect prawn,funding_5,p1995,35
7395,perfect prawn,funding_5,p1996,35
7396,perfect prawn,funding_5,p1997,35
7397,perfect prawn,funding_5,p2001,35
7398,perfect prawn,funding_5,p2002,35
7399,perfect prawn,funding_5,p2013,25
7400,perfect prawn,funding_5,p2014,35
7401,perfect prawn,funding_5,p2016,35
7402,perfect prawn,funding_5,p2018,28
7403,perfect prawn,funding_5,p2023,35
7404,perfect prawn,funding_5,p2025,35
7405,perfect prawn,funding_5,p2028,35
7406,perfect prawn,funding_5,p2030,45
7407,perfect prawn,funding_5,p2033,45
7408,perfect prawn,funding_5,p2040,35
7409,perfect prawn,funding_5,p2051,35
7410,perfect prawn,funding_5,p2052,35
7411,perfect prawn,funding_5,p2066,35
7412,perfect prawn,funding_5,p2067,35
7413,perfect prawn,funding_5,p2073,28
7414,perfect prawn,funding_5,p2077,35
7415,perfect prawn,funding_5,p2078,35
7416,perfect prawn,funding_5,p2086,35
7417,perfect prawn,funding_5,p2089,35
7418,perfect prawn,funding_5,p2093,65
7419,perfect prawn,funding_5,p2094,35
7420,perfect prawn,funding_5,p2111,35
7421,perfect prawn,funding_5,p2117,45
7422,perfect prawn,funding_5,p2121,45
7423,perfect prawn,funding_5,p2127,35
7424,perfect prawn,funding_5,p2141,25
7425,perfect prawn,funding_5,p2142,35
7426,perfect prawn,funding_5,p2143,45
7427,perfect prawn,funding_5,p2153,35
7428,perfect prawn,funding_5,p2155,35
7429,perfect prawn,funding_5,p2169,68
7430,perfect prawn,funding_5,p2187,35
7431,perfect prawn,funding_5,p2188,45
7432,perfect prawn,funding_5,p2197,35
7433,perfect prawn,funding_5,p2213,35
7434,perfect prawn,funding_5,p2214,35
7435,perfect prawn,funding_5,p2215,25
7436,perfect prawn,funding_5,p2220,45
7437,perfect prawn,funding_5,p2223,35
7438,perfect prawn,funding_5,p2229,45
7439,perfect prawn,funding_5,p2234,25
7440,perfect prawn,funding_5,p2237,25
7441,perfect prawn,funding_5,p2238,35
7442,perfect prawn,funding_5,p2244,35
7443,perfect prawn,funding_5,p2248,45
7444,perfect prawn,funding_5,p2252,35
7445,perfect prawn,funding_5,p2255,75
7446,perfect prawn,funding_5,p2261,65
7447,perfect prawn,funding_5,p2263,35
7448,perfect prawn,funding_5,p2273,45
7449,perfect prawn,funding_5,p2275,35
7450,perfect prawn,funding_5,p2276,45
7451,perfect prawn,funding_5,p2283,25
7452,perfect prawn,funding_5,p2287,35
7453,perfect prawn,funding_5,p2296,35
7454,perfect prawn,funding_5,p2298,35
7455,perfect prawn,funding_5,p2304,35
7456,perfect prawn,funding_5,p2310,45
7457,perfect prawn,funding_5,p2322,35
7458,perfect prawn,funding_5,p2326,35
7459,perfect prawn,funding_5,p2330,35
7460,perfect prawn,funding_5,p2331,35
7461,perfect prawn,funding_5,p2333,35
7462,perfect prawn,funding_5,p2347,35
7463,perfect prawn,funding_5,p2350,35
7464,perfect prawn,funding_5,p2351,45
7465,perfect prawn,funding_5,p2353,35
7466,perfect prawn,funding_5,p2355,35
7467,perfect prawn,funding_5,p2363,35
7468,perfect prawn,funding_5,p2378,45
7469,perfect prawn,funding_5,p2380,25
7470,perfect prawn,funding_5,p2387,35
7471,perfect prawn,funding_5,p2398,35
7472,perfect prawn,funding_5,p2400,35
7473,perfect prawn,funding_5,p2403,35
7474,perfect prawn,funding_5,p2408,35
7475,perfect prawn,funding_5,p2418,45
7476,perfect prawn,funding_5,p2426,35
7477,perfect prawn,funding_5,p2428,45
7478,perfect prawn,funding_5,p2434,35
7479,perfect prawn,funding_5,p2446,35
7480,perfect prawn,funding_5,p2452,35
7481,perfect prawn,funding_5,p2454,35
7482,perfect prawn,funding_5,p2462,35
7483,perfect prawn,funding_5,p2467,78
7484,perfect prawn,funding_5,p2482,35
7485,perfect prawn,funding_5,p2489,35
7486,perfect prawn,funding_5,p2490,35
7487,perfect prawn,funding_5,p2494,35
7488,perfect prawn,funding_5,p2502,35
7489,perfect prawn,funding_5,p2503,35
7490,perfect prawn,funding_5,p2522,35
7491,perfect prawn,funding_5,p2524,35
7492,perfect prawn,funding_5,p2533,65
7493,perfect prawn,funding_5,p2566,25
7494,perfect prawn,funding_5,p2571,35
7495,perfect prawn,funding_5,p2573,45
7496,perfect prawn,funding_5,p2582,45
7497,perfect prawn,funding_5,p2591,35
7498,perfect prawn,funding_5,p2592,35
7499,perfect prawn,funding_5,p2595,35
7500,perfect prawn,belief_post_1,p0016,78
7501,perfect prawn,belief_post_1,p0022,78
7502,perfect prawn,belief_post_1,p0023,88
7503,perfect prawn,belief_post_1,p0026,78
7504,perfect prawn,belief_post_1,p0034,68
7505,perfect prawn,belief_post_1,p0036,72
7506,perfect prawn,belief_post_1,p0037,78
7507,perfect prawn,belief_post_1,p0042,75
7508,perfect prawn,belief_post_1,p0057,78
7509,perfect prawn,belief_post_1,p0066,78
7510,perfect prawn,belief_post_1,p0069,65
7511,perfect prawn,belief_post_1,p0072,85
7512,perfect prawn,belief_post_1,p0073,78
7513,perfect prawn,belief_post_1,p0082,78
7514,perfect prawn,belief_post_1,p0091,85
7515,perfect prawn,belief_post_1,p0092,75
7516,perfect prawn,belief_post_1,p0093,78
7517,perfect prawn,belief_post_1,p0095,78
7518,perfect prawn,belief_post_1,p0107,68
7519,perfect prawn,belief_post_1,p0114,85
7520,perfect prawn,belief_post_1,p0116,68
7521,perfect prawn,belief_post_1,p0118,72
7522,perfect prawn,belief_post_1,p0119,78
7523,perfect prawn,belief_post_1,p0126,75
7524,perfect prawn,belief_post_1,p0129,88
7525,perfect prawn,belief_post_1,p0136,68
7526,perfect prawn,belief_post_1,p0138,68
7527,perfect prawn,belief_post_1,p0144,78
7528,perfect prawn,belief_post_1,p0150,65
7529,perfect prawn,belief_post_1,p0152,72
7530,perfect prawn,belief_post_1,p0158,68
7531,perfect prawn,belief_post_1,p0161,78
7532,perfect prawn,belief_post_1,p0164,65
7533,perfect prawn,belief_post_1,p0175,78
7534,perfect prawn,belief_post_1,p0177,78
7535,perfect prawn,belief_post_1,p0178,85
7536,perfect prawn,belief_post_1,p0181,65
7537,perfect prawn,belief_post_1,p0186,72
7538,perfect prawn,belief_post_1,p0196,78
7539,perfect prawn,belief_post_1,p0198,85
7540,perfect prawn,belief_post_1,p0202,78
7541,perfect prawn,belief_post_1,p0205,75
7542,perfect prawn,belief_post_1,p0207,65
7543,perfect prawn,belief_post_1,p0211,65
7544,perfect prawn,belief_post_1,p0227,92
7545,perfect prawn,belief_post_1,p0229,75
7546,perfect prawn,belief_post_1,p0232,78
7547,perfect prawn,belief_post_1,p0233,65
7548,perfect prawn,belief_post_1,p0237,85
7549,perfect prawn,belief_post_1,p0258,72
7550,perfect prawn,belief_post_1,p0268,45
7551,perfect prawn,belief_post_1,p0274,78
7552,perfect prawn,belief_post_1,p0275,55
7553,perfect prawn,belief_post_1,p0277,75
7554,perfect prawn,belief_post_1,p0288,75
7555,perfect prawn,belief_post_1,p0291,78
7556,perfect prawn,belief_post_1,p0307,68
7557,perfect prawn,belief_post_1,p0308,78
7558,perfect prawn,belief_post_1,p0317,65
7559,perfect prawn,belief_post_1,p0325,88
7560,perfect prawn,belief_post_1,p0327,88
7561,perfect prawn,belief_post_1,p0334,85
7562,perfect prawn,belief_post_1,p0336,82
7563,perfect prawn,belief_post_1,p0338,55
7564,perfect prawn,belief_post_1,p0342,78
7565,perfect prawn,belief_post_1,p0349,72
7566,perfect prawn,belief_post_1,p0356,75
7567,perfect prawn,belief_post_1,p0358,78
7568,perfect prawn,belief_post_1,p0363,78
7569,perfect prawn,belief_post_1,p0364,82
7570,perfect prawn,belief_post_1,p0369,85
7571,perfect prawn,belief_post_1,p0370,65
7572,perfect prawn,belief_post_1,p0371,75
7573,perfect prawn,belief_post_1,p0379,68
7574,perfect prawn,belief_post_1,p0386,85
7575,perfect prawn,belief_post_1,p0396,82
7576,perfect prawn,belief_post_1,p0403,78
7577,perfect prawn,belief_post_1,p0405,85
7578,perfect prawn,belief_post_1,p0412,78
7579,perfect prawn,belief_post_1,p0415,68
7580,perfect prawn,belief_post_1,p0416,78
7581,perfect prawn,belief_post_1,p0417,78
7582,perfect prawn,belief_post_1,p0418,65
7583,perfect prawn,belief_post_1,p0430,85
7584,perfect prawn,belief_post_1,p0431,88
7585,perfect prawn,belief_post_1,p0434,35
7586,perfect prawn,belief_post_1,p0438,78
7587,perfect prawn,belief_post_1,p0441,85
7588,perfect prawn,belief_post_1,p0442,55
7589,perfect prawn,belief_post_1,p0449,75
7590,perfect prawn,belief_post_1,p0450,78
7591,perfect prawn,belief_post_1,p0465,75
7592,perfect prawn,belief_post_1,p0471,78
7593,perfect prawn,belief_post_1,p0477,75
7594,perfect prawn,belief_post_1,p0483,78
7595,perfect prawn,belief_post_1,p0486,78
7596,perfect prawn,belief_post_1,p0487,78
7597,perfect prawn,belief_post_1,p0489,85
7598,perfect prawn,belief_post_1,p0497,75
7599,perfect prawn,belief_post_1,p0502,75
7600,perfect prawn,belief_post_1,p0503,78
7601,perfect prawn,belief_post_1,p0506,68
7602,perfect prawn,belief_post_1,p0511,78
7603,perfect prawn,belief_post_1,p0523,78
7604,perfect prawn,belief_post_1,p0534,92
7605,perfect prawn,belief_post_1,p0536,78
7606,perfect prawn,belief_post_1,p0542,65
7607,perfect prawn,belief_post_1,p0547,78
7608,perfect prawn,belief_post_1,p0553,78
7609,perfect prawn,belief_post_1,p0559,78
7610,perfect prawn,belief_post_1,p0566,78
7611,perfect prawn,belief_post_1,p0568,75
7612,perfect prawn,belief_post_1,p0570,45
7613,perfect prawn,belief_post_1,p0573,78
7614,perfect prawn,belief_post_1,p0578,75
7615,perfect prawn,belief_post_1,p0594,68
7616,perfect prawn,belief_post_1,p0597,78
7617,perfect prawn,belief_post_1,p0601,78
7618,perfect prawn,belief_post_1,p0602,65
7619,perfect prawn,belief_post_1,p0605,75
7620,perfect prawn,belief_post_1,p0615,75
7621,perfect prawn,belief_post_1,p0620,78
7622,perfect prawn,belief_post_1,p0626,78
7623,perfect prawn,belief_post_1,p0629,85
7624,perfect prawn,belief_post_1,p0633,75
7625,perfect prawn,belief_post_1,p0638,78
7626,perfect prawn,belief_post_1,p0639,78
7627,perfect prawn,belief_post_1,p0640,65
7628,perfect prawn,belief_post_1,p0655,78
7629,perfect prawn,belief_post_1,p0656,78
7630,perfect prawn,belief_post_1,p0658,75
7631,perfect prawn,belief_post_1,p0661,75
7632,perfect prawn,belief_post_1,p0669,85
7633,perfect prawn,belief_post_1,p0670,68
7634,perfect prawn,belief_post_1,p0672,78
7635,perfect prawn,belief_post_1,p0674,85
7636,perfect prawn,belief_post_1,p0678,85
7637,perfect prawn,belief_post_1,p0683,75
7638,perfect prawn,belief_post_1,p0686,68
7639,perfect prawn,belief_post_1,p0687,85
7640,perfect prawn,belief_post_1,p0698,75
7641,perfect prawn,belief_post_1,p0700,75
7642,perfect prawn,belief_post_1,p0703,75
7643,perfect prawn,belief_post_1,p0718,75
7644,perfect prawn,belief_post_1,p0744,85
7645,perfect prawn,belief_post_1,p0745,78
7646,perfect prawn,belief_post_1,p0753,68
7647,perfect prawn,belief_post_1,p0770,78
7648,perfect prawn,belief_post_1,p0771,78
7649,perfect prawn,belief_post_1,p0777,92
7650,perfect prawn,belief_post_1,p0779,78
7651,perfect prawn,belief_post_1,p0780,68
7652,perfect prawn,belief_post_1,p0783,68
7653,perfect prawn,belief_post_1,p0785,75
7654,perfect prawn,belief_post_1,p0786,65
7655,perfect prawn,belief_post_1,p0794,45
7656,perfect prawn,belief_post_1,p0798,65
7657,perfect prawn,belief_post_1,p0800,78
7658,perfect prawn,belief_post_1,p0820,65
7659,perfect prawn,belief_post_1,p0841,75
7660,perfect prawn,belief_post_1,p0849,78
7661,perfect prawn,belief_post_1,p0862,85
7662,perfect prawn,belief_post_1,p0867,85
7663,perfect prawn,belief_post_1,p0869,78
7664,perfect prawn,belief_post_1,p0872,78
7665,perfect prawn,belief_post_1,p0880,78
7666,perfect prawn,belief_post_1,p0891,78
7667,perfect prawn,belief_post_1,p0916,85
7668,perfect prawn,belief_post_1,p0917,78
7669,perfect prawn,belief_post_1,p0919,85
7670,perfect prawn,belief_post_1,p0922,65
7671,perfect prawn,belief_post_1,p0925,78
7672,perfect prawn,belief_post_1,p0927,78
7673,perfect prawn,belief_post_1,p0929,78
7674,perfect prawn,belief_post_1,p0930,75
7675,perfect prawn,belief_post_1,p0931,65
7676,perfect prawn,belief_post_1,p0933,78
7677,perfect prawn,belief_post_1,p0934,68
7678,perfect prawn,belief_post_1,p0936,78
7679,perfect prawn,belief_post_1,p0938,78
7680,perfect prawn,belief_post_1,p0939,72
7681,perfect prawn,belief_post_1,p0946,75
7682,perfect prawn,belief_post_1,p0951,75
7683,perfect prawn,belief_post_1,p0956,78
7684,perfect prawn,belief_post_1,p0962,75
7685,perfect prawn,belief_post_1,p0963,78
7686,perfect prawn,belief_post_1,p0969,75
7687,perfect prawn,belief_post_1,p0972,68
7688,perfect prawn,belief_post_1,p0975,75
7689,perfect prawn,belief_post_1,p0985,68
7690,perfect prawn,belief_post_1,p0993,75
7691,perfect prawn,belief_post_1,p0996,72
7692,perfect prawn,belief_post_1,p1011,65
7693,perfect prawn,belief_post_1,p1017,68
7694,perfect prawn,belief_post_1,p1020,78
7695,perfect prawn,belief_post_1,p1022,85
7696,perfect prawn,belief_post_1,p1024,55
7697,perfect prawn,belief_post_1,p1027,85
7698,perfect prawn,belief_post_1,p1028,88
7699,perfect prawn,belief_post_1,p1029,68
7700,perfect prawn,belief_post_1,p1032,75
7701,perfect prawn,belief_post_1,p1040,85
7702,perfect prawn,belief_post_1,p1047,75
7703,perfect prawn,belief_post_1,p1048,68
7704,perfect prawn,belief_post_1,p1053,72
7705,perfect prawn,belief_post_1,p1057,75
7706,perfect prawn,belief_post_1,p1058,72
7707,perfect prawn,belief_post_1,p1063,75
7708,perfect prawn,belief_post_1,p1064,78
7709,perfect prawn,belief_post_1,p1065,68
7710,perfect prawn,belief_post_1,p1069,65
7711,perfect prawn,belief_post_1,p1072,78
7712,perfect prawn,belief_post_1,p1073,78
7713,perfect prawn,belief_post_1,p1075,78
7714,perfect prawn,belief_post_1,p1076,65
7715,perfect prawn,belief_post_1,p1083,65
7716,perfect prawn,belief_post_1,p1089,85
7717,perfect prawn,belief_post_1,p1093,78
7718,perfect prawn,belief_post_1,p1096,78
7719,perfect prawn,belief_post_1,p1100,75
7720,perfect prawn,belief_post_1,p1106,78
7721,perfect prawn,belief_post_1,p1107,68
7722,perfect prawn,belief_post_1,p1113,75
7723,perfect prawn,belief_post_1,p1117,35
7724,perfect prawn,belief_post_1,p1120,75
7725,perfect prawn,belief_post_1,p1134,78
7726,perfect prawn,belief_post_1,p1136,68
7727,perfect prawn,belief_post_1,p1138,78
7728,perfect prawn,belief_post_1,p1144,65
7729,perfect prawn,belief_post_1,p1145,85
7730,perfect prawn,belief_post_1,p1147,92
7731,perfect prawn,belief_post_1,p1148,85
7732,perfect prawn,belief_post_1,p1154,85
7733,perfect prawn,belief_post_1,p1159,75
7734,perfect prawn,belief_post_1,p1167,78
7735,perfect prawn,belief_post_1,p1175,78
7736,perfect prawn,belief_post_1,p1178,75
7737,perfect prawn,belief_post_1,p1184,75
7738,perfect prawn,belief_post_1,p1186,78
7739,perfect prawn,belief_post_1,p1196,75
7740,perfect prawn,belief_post_1,p1197,68
7741,perfect prawn,belief_post_1,p1203,78
7742,perfect prawn,belief_post_1,p1219,72
7743,perfect prawn,belief_post_1,p1225,78
7744,perfect prawn,belief_post_1,p1234,78
7745,perfect prawn,belief_post_1,p1242,75
7746,perfect prawn,belief_post_1,p1244,78
7747,perfect prawn,belief_post_1,p1249,68
7748,perfect prawn,belief_post_1,p1250,75
7749,perfect prawn,belief_post_1,p1256,78
7750,perfect prawn,belief_post_1,p1258,82
7751,perfect prawn,belief_post_1,p1260,75
7752,perfect prawn,belief_post_1,p1262,68
7753,perfect prawn,belief_post_1,p1264,75
7754,perfect prawn,belief_post_1,p1265,78
7755,perfect prawn,belief_post_1,p1269,75
7756,perfect prawn,belief_post_1,p1272,78
7757,perfect prawn,belief_post_1,p1278,85
7758,perfect prawn,belief_post_1,p1281,78
7759,perfect prawn,belief_post_1,p1292,75
7760,perfect prawn,belief_post_1,p1299,75
7761,perfect prawn,belief_post_1,p1312,75
7762,perfect prawn,belief_post_1,p1322,78
7763,perfect prawn,belief_post_1,p1326,78
7764,perfect prawn,belief_post_1,p1330,78
7765,perfect prawn,belief_post_1,p1335,78
7766,perfect prawn,belief_post_1,p1337,75
7767,perfect prawn,belief_post_1,p1340,78
7768,perfect prawn,belief_post_1,p1345,78
7769,perfect prawn,belief_post_1,p1351,65
7770,perfect prawn,belief_post_1,p1355,68
7771,perfect prawn,belief_post_1,p1362,65
7772,perfect prawn,belief_post_1,p1365,75
7773,perfect prawn,belief_post_1,p1366,65
7774,perfect prawn,belief_post_1,p1367,68
7775,perfect prawn,belief_post_1,p1370,75
7776,perfect prawn,belief_post_1,p1371,85
7777,perfect prawn,belief_post_1,p1373,78
7778,perfect prawn,belief_post_1,p1375,75
7779,perfect prawn,belief_post_1,p1376,75
7780,perfect prawn,belief_post_1,p1379,75
7781,perfect prawn,belief_post_1,p1381,68
7782,perfect prawn,belief_post_1,p1393,82
7783,perfect prawn,belief_post_1,p1396,85
7784,perfect prawn,belief_post_1,p1398,78
7785,perfect prawn,belief_post_1,p1404,75
7786,perfect prawn,belief_post_1,p1406,75
7787,perfect prawn,belief_post_1,p1407,65
7788,perfect prawn,belief_post_1,p1409,78
7789,perfect prawn,belief_post_1,p1412,78
7790,perfect prawn,belief_post_1,p1414,85
7791,perfect prawn,belief_post_1,p1424,75
7792,perfect prawn,belief_post_1,p1425,72
7793,perfect prawn,belief_post_1,p1429,75
7794,perfect prawn,belief_post_1,p1434,78
7795,perfect prawn,belief_post_1,p1441,65
7796,perfect prawn,belief_post_1,p1445,75
7797,perfect prawn,belief_post_1,p1450,78
7798,perfect prawn,belief_post_1,p1454,78
7799,perfect prawn,belief_post_1,p1456,75
7800,perfect prawn,belief_post_1,p1457,68
7801,perfect prawn,belief_post_1,p1458,88
7802,perfect prawn,belief_post_1,p1469,78
7803,perfect prawn,belief_post_1,p1470,75
7804,perfect prawn,belief_post_1,p1481,78
7805,perfect prawn,belief_post_1,p1488,78
7806,perfect prawn,belief_post_1,p1492,65
7807,perfect prawn,belief_post_1,p1495,75
7808,perfect prawn,belief_post_1,p1497,75
7809,perfect prawn,belief_post_1,p1499,78
7810,perfect prawn,belief_post_1,p1503,78
7811,perfect prawn,belief_post_1,p1511,78
7812,perfect prawn,belief_post_1,p1512,68
7813,perfect prawn,belief_post_1,p1518,75
7814,perfect prawn,belief_post_1,p1519,78
7815,perfect prawn,belief_post_1,p1520,68
7816,perfect prawn,belief_post_1,p1524,78
7817,perfect prawn,belief_post_1,p1526,75
7818,perfect prawn,belief_post_1,p1537,75
7819,perfect prawn,belief_post_1,p1545,78
7820,perfect prawn,belief_post_1,p1547,78
7821,perfect prawn,belief_post_1,p1552,85
7822,perfect prawn,belief_post_1,p1567,78
7823,perfect prawn,belief_post_1,p1568,75
7824,perfect prawn,belief_post_1,p1579,45
7825,perfect prawn,belief_post_1,p1587,45
7826,perfect prawn,belief_post_1,p1596,68
7827,perfect prawn,belief_post_1,p1600,82
7828,perfect prawn,belief_post_1,p1603,75
7829,perfect prawn,belief_post_1,p1604,75
7830,perfect prawn,belief_post_1,p1610,75
7831,perfect prawn,belief_post_1,p1618,75
7832,perfect prawn,belief_post_1,p1619,92
7833,perfect prawn,belief_post_1,p1622,78
7834,perfect prawn,belief_post_1,p1623,55
7835,perfect prawn,belief_post_1,p1630,65
7836,perfect prawn,belief_post_1,p1641,78
7837,perfect prawn,belief_post_1,p1649,68
7838,perfect prawn,belief_post_1,p1652,75
7839,perfect prawn,belief_post_1,p1665,72
7840,perfect prawn,belief_post_1,p1669,68
7841,perfect prawn,belief_post_1,p1685,75
7842,perfect prawn,belief_post_1,p1693,78
7843,perfect prawn,belief_post_1,p1698,78
7844,perfect prawn,belief_post_1,p1704,78
7845,perfect prawn,belief_post_1,p1711,82
7846,perfect prawn,belief_post_1,p1718,65
7847,perfect prawn,belief_post_1,p1732,72
7848,perfect prawn,belief_post_1,p1739,78
7849,perfect prawn,belief_post_1,p1741,85
7850,perfect prawn,belief_post_1,p1746,65
7851,perfect prawn,belief_post_1,p1751,68
7852,perfect prawn,belief_post_1,p1754,75
7853,perfect prawn,belief_post_1,p1769,78
7854,perfect prawn,belief_post_1,p1771,75
7855,perfect prawn,belief_post_1,p1776,68
7856,perfect prawn,belief_post_1,p1780,78
7857,perfect prawn,belief_post_1,p1785,65
7858,perfect prawn,belief_post_1,p1791,78
7859,perfect prawn,belief_post_1,p1793,75
7860,perfect prawn,belief_post_1,p1796,75
7861,perfect prawn,belief_post_1,p1805,75
7862,perfect prawn,belief_post_1,p1812,85
7863,perfect prawn,belief_post_1,p1816,68
7864,perfect prawn,belief_post_1,p1819,78
7865,perfect prawn,belief_post_1,p1825,85
7866,perfect prawn,belief_post_1,p1836,85
7867,perfect prawn,belief_post_1,p1839,75
7868,perfect prawn,belief_post_1,p1861,75
7869,perfect prawn,belief_post_1,p1863,78
7870,perfect prawn,belief_post_1,p1873,78
7871,perfect prawn,belief_post_1,p1875,72
7872,perfect prawn,belief_post_1,p1876,85
7873,perfect prawn,belief_post_1,p1877,85
7874,perfect prawn,belief_post_1,p1880,68
7875,perfect prawn,belief_post_1,p1883,75
7876,perfect prawn,belief_post_1,p1889,45
7877,perfect prawn,belief_post_1,p1893,85
7878,perfect prawn,belief_post_1,p1896,78
7879,perfect prawn,belief_post_1,p1913,78
7880,perfect prawn,belief_post_1,p1922,92
7881,perfect prawn,belief_post_1,p1930,78
7882,perfect prawn,belief_post_1,p1935,78
7883,perfect prawn,belief_post_1,p1940,85
7884,perfect prawn,belief_post_1,p1948,75
7885,perfect prawn,belief_post_1,p1950,75
7886,perfect prawn,belief_post_1,p1954,68
7887,perfect prawn,belief_post_1,p1956,55
7888,perfect prawn,belief_post_1,p1958,75
7889,perfect prawn,belief_post_1,p1967,78
7890,perfect prawn,belief_post_1,p1973,92
7891,perfect prawn,belief_post_1,p1978,78
7892,perfect prawn,belief_post_1,p1983,65
7893,perfect prawn,belief_post_1,p1984,68
7894,perfect prawn,belief_post_1,p1995,75
7895,perfect prawn,belief_post_1,p1996,68
7896,perfect prawn,belief_post_1,p1997,78
7897,perfect prawn,belief_post_1,p2001,78
7898,perfect prawn,belief_post_1,p2002,75
7899,perfect prawn,belief_post_1,p2013,88
7900,perfect prawn,belief_post_1,p2014,68
7901,perfect prawn,belief_post_1,p2016,78
7902,perfect prawn,belief_post_1,p2018,65
7903,perfect prawn,belief_post_1,p2023,78
7904,perfect prawn,belief_post_1,p2025,75
7905,perfect prawn,belief_post_1,p2028,65
7906,perfect prawn,belief_post_1,p2030,78
7907,perfect prawn,belief_post_1,p2033,78
7908,perfect prawn,belief_post_1,p2040,65
7909,perfect prawn,belief_post_1,p2051,75
7910,perfect prawn,belief_post_1,p2052,78
7911,perfect prawn,belief_post_1,p2066,65
7912,perfect prawn,belief_post_1,p2067,78
7913,perfect prawn,belief_post_1,p2073,85
7914,perfect prawn,belief_post_1,p2077,75
7915,perfect prawn,belief_post_1,p2078,75
7916,perfect prawn,belief_post_1,p2086,78
7917,perfect prawn,belief_post_1,p2089,85
7918,perfect prawn,belief_post_1,p2093,45
7919,perfect prawn,belief_post_1,p2094,78
7920,perfect prawn,belief_post_1,p2111,75
7921,perfect prawn,belief_post_1,p2117,78
7922,perfect prawn,belief_post_1,p2121,78
7923,perfect prawn,belief_post_1,p2127,75
7924,perfect prawn,belief_post_1,p2141,75
7925,perfect prawn,belief_post_1,p2142,45
7926,perfect prawn,belief_post_1,p2143,78
7927,perfect prawn,belief_post_1,p2153,75
7928,perfect prawn,belief_post_1,p2155,65
7929,perfect prawn,belief_post_1,p2169,65
7930,perfect prawn,belief_post_1,p2187,78
7931,perfect prawn,belief_post_1,p2188,78
7932,perfect prawn,belief_post_1,p2197,75
7933,perfect prawn,belief_post_1,p2213,75
7934,perfect prawn,belief_post_1,p2214,78
7935,perfect prawn,belief_post_1,p2215,78
7936,perfect prawn,belief_post_1,p2220,78
7937,perfect prawn,belief_post_1,p2223,75
7938,perfect prawn,belief_post_1,p2229,78
7939,perfect prawn,belief_post_1,p2234,85
7940,perfect prawn,belief_post_1,p2237,85
7941,perfect prawn,belief_post_1,p2238,78
7942,perfect prawn,belief_post_1,p2244,75
7943,perfect prawn,belief_post_1,p2248,78
7944,perfect prawn,belief_post_1,p2252,82
7945,perfect prawn,belief_post_1,p2255,35
7946,perfect prawn,belief_post_1,p2261,55
7947,perfect prawn,belief_post_1,p2263,78
7948,perfect prawn,belief_post_1,p2273,78
7949,perfect prawn,belief_post_1,p2275,78
7950,perfect prawn,belief_post_1,p2276,75
7951,perfect prawn,belief_post_1,p2283,65
7952,perfect prawn,belief_post_1,p2287,78
7953,perfect prawn,belief_post_1,p2296,55
7954,perfect prawn,belief_post_1,p2298,75
7955,perfect prawn,belief_post_1,p2304,85
7956,perfect prawn,belief_post_1,p2310,68
7957,perfect prawn,belief_post_1,p2322,68
7958,perfect prawn,belief_post_1,p2326,78
7959,perfect prawn,belief_post_1,p2330,68
7960,perfect prawn,belief_post_1,p2331,75
7961,perfect prawn,belief_post_1,p2333,75
7962,perfect prawn,belief_post_1,p2347,78
7963,perfect prawn,belief_post_1,p2350,75
7964,perfect prawn,belief_post_1,p2351,78
7965,perfect prawn,belief_post_1,p2353,78
7966,perfect prawn,belief_post_1,p2355,75
7967,perfect prawn,belief_post_1,p2363,65
7968,perfect prawn,belief_post_1,p2378,82
7969,perfect prawn,belief_post_1,p2380,85
7970,perfect prawn,belief_post_1,p2387,78
7971,perfect prawn,belief_post_1,p2398,78
7972,perfect prawn,belief_post_1,p2400,78
7973,perfect prawn,belief_post_1,p2403,85
7974,perfect prawn,belief_post_1,p2408,65
7975,perfect prawn,belief_post_1,p2418,78
7976,perfect prawn,belief_post_1,p2426,75
7977,perfect prawn,belief_post_1,p2428,72
7978,perfect prawn,belief_post_1,p2434,78
7979,perfect prawn,belief_post_1,p2446,65
7980,perfect prawn,belief_post_1,p2452,72
7981,perfect prawn,belief_post_1,p2454,72
7982,perfect prawn,belief_post_1,p2462,78
7983,perfect prawn,belief_post_1,p2467,35
7984,perfect prawn,belief_post_1,p2482,78
7985,perfect prawn,belief_post_1,p2489,68
7986,perfect prawn,belief_post_1,p2490,75
7987,perfect prawn,belief_post_1,p2494,68
7988,perfect prawn,belief_post_1,p2502,78
7989,perfect prawn,belief_post_1,p2503,75
7990,perfect prawn,belief_post_1,p2522,78
7991,perfect prawn,belief_post_1,p2524,85
7992,perfect prawn,belief_post_1,p2533,55
7993,perfect prawn,belief_post_1,p2566,75
7994,perfect prawn,belief_post_1,p2571,78
7995,perfect prawn,belief_post_1,p2573,68
7996,perfect prawn,belief_post_1,p2582,78
7997,perfect prawn,belief_post_1,p2591,75
7998,perfect prawn,belief_post_1,p2592,75
7999,perfect prawn,belief_post_1,p2595,55
8000,perfect prawn,policy_general_1,p0016,75
8001,perfect prawn,policy_general_1,p0022,75
8002,perfect prawn,policy_general_1,p0023,85
8003,perfect prawn,policy_general_1,p0026,78
8004,perfect prawn,policy_general_1,p0034,65
8005,perfect prawn,policy_general_1,p0036,72
8006,perfect prawn,policy_general_1,p0037,72
8007,perfect prawn,policy_general_1,p0042,78
8008,perfect prawn,policy_general_1,p0057,72
8009,perfect prawn,policy_general_1,p0066,75
8010,perfect prawn,policy_general_1,p0069,65
8011,perfect prawn,policy_general_1,p0072,75
8012,perfect prawn,policy_general_1,p0073,78
8013,perfect prawn,policy_general_1,p0082,75
8014,perfect prawn,policy_general_1,p0091,85
8015,perfect prawn,policy_general_1,p0092,75
8016,perfect prawn,policy_general_1,p0093,78
8017,perfect prawn,policy_general_1,p0095,78
8018,perfect prawn,policy_general_1,p0107,68
8019,perfect prawn,policy_general_1,p0114,78
8020,perfect prawn,policy_general_1,p0116,75
8021,perfect prawn,policy_general_1,p0118,75
8022,perfect prawn,policy_general_1,p0119,75
8023,perfect prawn,policy_general_1,p0126,78
8024,perfect prawn,policy_general_1,p0129,75
8025,perfect prawn,policy_general_1,p0136,65
8026,perfect prawn,policy_general_1,p0138,68
8027,perfect prawn,policy_general_1,p0144,75
8028,perfect prawn,policy_general_1,p0150,65
8029,perfect prawn,policy_general_1,p0152,75
8030,perfect prawn,policy_general_1,p0158,68
8031,perfect prawn,policy_general_1,p0161,75
8032,perfect prawn,policy_general_1,p0164,75
8033,perfect prawn,policy_general_1,p0175,75
8034,perfect prawn,policy_general_1,p0177,75
8035,perfect prawn,policy_general_1,p0178,75
8036,perfect prawn,policy_general_1,p0181,45
8037,perfect prawn,policy_general_1,p0186,75
8038,perfect prawn,policy_general_1,p0196,78
8039,perfect prawn,policy_general_1,p0198,78
8040,perfect prawn,policy_general_1,p0202,75
8041,perfect prawn,policy_general_1,p0205,68
8042,perfect prawn,policy_general_1,p0207,75
8043,perfect prawn,policy_general_1,p0211,65
8044,perfect prawn,policy_general_1,p0227,85
8045,perfect prawn,policy_general_1,p0229,75
8046,perfect prawn,policy_general_1,p0232,75
8047,perfect prawn,policy_general_1,p0233,65
8048,perfect prawn,policy_general_1,p0237,85
8049,perfect prawn,policy_general_1,p0258,75
8050,perfect prawn,policy_general_1,p0268,45
8051,perfect prawn,policy_general_1,p0274,78
8052,perfect prawn,policy_general_1,p0275,45
8053,perfect prawn,policy_general_1,p0277,65
8054,perfect prawn,policy_general_1,p0288,85
8055,perfect prawn,policy_general_1,p0291,75
8056,perfect prawn,policy_general_1,p0307,75
8057,perfect prawn,policy_general_1,p0308,75
8058,perfect prawn,policy_general_1,p0317,35
8059,perfect prawn,policy_general_1,p0325,85
8060,perfect prawn,policy_general_1,p0327,78
8061,perfect prawn,policy_general_1,p0334,78
8062,perfect prawn,policy_general_1,p0336,78
8063,perfect prawn,policy_general_1,p0338,45
8064,perfect prawn,policy_general_1,p0342,78
8065,perfect prawn,policy_general_1,p0349,72
8066,perfect prawn,policy_general_1,p0356,75
8067,perfect prawn,policy_general_1,p0358,78
8068,perfect prawn,policy_general_1,p0363,78
8069,perfect prawn,policy_general_1,p0364,78
8070,perfect prawn,policy_general_1,p0369,85
8071,perfect prawn,policy_general_1,p0370,65
8072,perfect prawn,policy_general_1,p0371,75
8073,perfect prawn,policy_general_1,p0379,68
8074,perfect prawn,policy_general_1,p0386,78
8075,perfect prawn,policy_general_1,p0396,78
8076,perfect prawn,policy_general_1,p0403,68
8077,perfect prawn,policy_general_1,p0405,75
8078,perfect prawn,policy_general_1,p0412,78
8079,perfect prawn,policy_general_1,p0415,65
8080,perfect prawn,policy_general_1,p0416,78
8081,perfect prawn,policy_general_1,p0417,75
8082,perfect prawn,policy_general_1,p0418,65
8083,perfect prawn,policy_general_1,p0430,75
8084,perfect prawn,policy_general_1,p0431,78
8085,perfect prawn,policy_general_1,p0434,35
8086,perfect prawn,policy_general_1,p0438,75
8087,perfect prawn,policy_general_1,p0441,75
8088,perfect prawn,policy_general_1,p0442,45
8089,perfect prawn,policy_general_1,p0449,72
8090,perfect prawn,policy_general_1,p0450,75
8091,perfect prawn,policy_general_1,p0465,68
8092,perfect prawn,policy_general_1,p0471,78
8093,perfect prawn,policy_general_1,p0477,78
8094,perfect prawn,policy_general_1,p0483,78
8095,perfect prawn,policy_general_1,p0486,75
8096,perfect prawn,policy_general_1,p0487,78
8097,perfect prawn,policy_general_1,p0489,78
8098,perfect prawn,policy_general_1,p0497,75
8099,perfect prawn,policy_general_1,p0502,75
8100,perfect prawn,policy_general_1,p0503,78
8101,perfect prawn,policy_general_1,p0506,65
8102,perfect prawn,policy_general_1,p0511,75
8103,perfect prawn,policy_general_1,p0523,75
8104,perfect prawn,policy_general_1,p0534,85
8105,perfect prawn,policy_general_1,p0536,78
8106,perfect prawn,policy_general_1,p0542,68
8107,perfect prawn,policy_general_1,p0547,75
8108,perfect prawn,policy_general_1,p0553,78
8109,perfect prawn,policy_general_1,p0559,75
8110,perfect prawn,policy_general_1,p0566,78
8111,perfect prawn,policy_general_1,p0568,75
8112,perfect prawn,policy_general_1,p0570,35
8113,perfect prawn,policy_general_1,p0573,78
8114,perfect prawn,policy_general_1,p0578,75
8115,perfect prawn,policy_general_1,p0594,68
8116,perfect prawn,policy_general_1,p0597,78
8117,perfect prawn,policy_general_1,p0601,78
8118,perfect prawn,policy_general_1,p0602,65
8119,perfect prawn,policy_general_1,p0605,75
8120,perfect prawn,policy_general_1,p0615,65
8121,perfect prawn,policy_general_1,p0620,78
8122,perfect prawn,policy_general_1,p0626,75
8123,perfect prawn,policy_general_1,p0629,78
8124,perfect prawn,policy_general_1,p0633,65
8125,perfect prawn,policy_general_1,p0638,75
8126,perfect prawn,policy_general_1,p0639,75
8127,perfect prawn,policy_general_1,p0640,75
8128,perfect prawn,policy_general_1,p0655,78
8129,perfect prawn,policy_general_1,p0656,75
8130,perfect prawn,policy_general_1,p0658,75
8131,perfect prawn,policy_general_1,p0661,78
8132,perfect prawn,policy_general_1,p0669,78
8133,perfect prawn,policy_general_1,p0670,72
8134,perfect prawn,policy_general_1,p0672,75
8135,perfect prawn,policy_general_1,p0674,78
8136,perfect prawn,policy_general_1,p0678,78
8137,perfect prawn,policy_general_1,p0683,75
8138,perfect prawn,policy_general_1,p0686,68
8139,perfect prawn,policy_general_1,p0687,75
8140,perfect prawn,policy_general_1,p0698,75
8141,perfect prawn,policy_general_1,p0700,75
8142,perfect prawn,policy_general_1,p0703,75
8143,perfect prawn,policy_general_1,p0718,75
8144,perfect prawn,policy_general_1,p0744,78
8145,perfect prawn,policy_general_1,p0745,78
8146,perfect prawn,policy_general_1,p0753,65
8147,perfect prawn,policy_general_1,p0770,78
8148,perfect prawn,policy_general_1,p0771,78
8149,perfect prawn,policy_general_1,p0777,85
8150,perfect prawn,policy_general_1,p0779,78
8151,perfect prawn,policy_general_1,p0780,65
8152,perfect prawn,policy_general_1,p0783,78
8153,perfect prawn,policy_general_1,p0785,72
8154,perfect prawn,policy_general_1,p0786,65
8155,perfect prawn,policy_general_1,p0794,35
8156,perfect prawn,policy_general_1,p0798,65
8157,perfect prawn,policy_general_1,p0800,75
8158,perfect prawn,policy_general_1,p0820,68
8159,perfect prawn,policy_general_1,p0841,65
8160,perfect prawn,policy_general_1,p0849,75
8161,perfect prawn,policy_general_1,p0862,75
8162,perfect prawn,policy_general_1,p0867,78
8163,perfect prawn,policy_general_1,p0869,78
8164,perfect prawn,policy_general_1,p0872,78
8165,perfect prawn,policy_general_1,p0880,75
8166,perfect prawn,policy_general_1,p0891,75
8167,perfect prawn,policy_general_1,p0916,75
8168,perfect prawn,policy_general_1,p0917,78
8169,perfect prawn,policy_general_1,p0919,78
8170,perfect prawn,policy_general_1,p0922,75
8171,perfect prawn,policy_general_1,p0925,78
8172,perfect prawn,policy_general_1,p0927,78
8173,perfect prawn,policy_general_1,p0929,75
8174,perfect prawn,policy_general_1,p0930,65
8175,perfect prawn,policy_general_1,p0931,68
8176,perfect prawn,policy_general_1,p0933,75
8177,perfect prawn,policy_general_1,p0934,65
8178,perfect prawn,policy_general_1,p0936,78
8179,perfect prawn,policy_general_1,p0938,75
8180,perfect prawn,policy_general_1,p0939,72
8181,perfect prawn,policy_general_1,p0946,72
8182,perfect prawn,policy_general_1,p0951,75
8183,perfect prawn,policy_general_1,p0956,78
8184,perfect prawn,policy_general_1,p0962,75
8185,perfect prawn,policy_general_1,p0963,78
8186,perfect prawn,policy_general_1,p0969,75
8187,perfect prawn,policy_general_1,p0972,68
8188,perfect prawn,policy_general_1,p0975,75
8189,perfect prawn,policy_general_1,p0985,65
8190,perfect prawn,policy_general_1,p0993,75
8191,perfect prawn,policy_general_1,p0996,72
8192,perfect prawn,policy_general_1,p1011,65
8193,perfect prawn,policy_general_1,p1017,75
8194,perfect prawn,policy_general_1,p1020,78
8195,perfect prawn,policy_general_1,p1022,75
8196,perfect prawn,policy_general_1,p1024,35
8197,perfect prawn,policy_general_1,p1027,78
8198,perfect prawn,policy_general_1,p1028,75
8199,perfect prawn,policy_general_1,p1029,65
8200,perfect prawn,policy_general_1,p1032,75
8201,perfect prawn,policy_general_1,p1040,75
8202,perfect prawn,policy_general_1,p1047,65
8203,perfect prawn,policy_general_1,p1048,68
8204,perfect prawn,policy_general_1,p1053,65
8205,perfect prawn,policy_general_1,p1057,75
8206,perfect prawn,policy_general_1,p1058,75
8207,perfect prawn,policy_general_1,p1063,75
8208,perfect prawn,policy_general_1,p1064,75
8209,perfect prawn,policy_general_1,p1065,68
8210,perfect prawn,policy_general_1,p1069,75
8211,perfect prawn,policy_general_1,p1072,78
8212,perfect prawn,policy_general_1,p1073,78
8213,perfect prawn,policy_general_1,p1075,75
8214,perfect prawn,policy_general_1,p1076,75
8215,perfect prawn,policy_general_1,p1083,65
8216,perfect prawn,policy_general_1,p1089,78
8217,perfect prawn,policy_general_1,p1093,75
8218,perfect prawn,policy_general_1,p1096,78
8219,perfect prawn,policy_general_1,p1100,75
8220,perfect prawn,policy_general_1,p1106,78
8221,perfect prawn,policy_general_1,p1107,65
8222,perfect prawn,policy_general_1,p1113,75
8223,perfect prawn,policy_general_1,p1117,35
8224,perfect prawn,policy_general_1,p1120,78
8225,perfect prawn,policy_general_1,p1134,78
8226,perfect prawn,policy_general_1,p1136,68
8227,perfect prawn,policy_general_1,p1138,75
8228,perfect prawn,policy_general_1,p1144,75
8229,perfect prawn,policy_general_1,p1145,78
8230,perfect prawn,policy_general_1,p1147,85
8231,perfect prawn,policy_general_1,p1148,75
8232,perfect prawn,policy_general_1,p1154,75
8233,perfect prawn,policy_general_1,p1159,75
8234,perfect prawn,policy_general_1,p1167,78
8235,perfect prawn,policy_general_1,p1175,75
8236,perfect prawn,policy_general_1,p1178,75
8237,perfect prawn,policy_general_1,p1184,75
8238,perfect prawn,policy_general_1,p1186,78
8239,perfect prawn,policy_general_1,p1196,65
8240,perfect prawn,policy_general_1,p1197,65
8241,perfect prawn,policy_general_1,p1203,78
8242,perfect prawn,policy_general_1,p1219,75
8243,perfect prawn,policy_general_1,p1225,75
8244,perfect prawn,policy_general_1,p1234,75
8245,perfect prawn,policy_general_1,p1242,75
8246,perfect prawn,policy_general_1,p1244,75
8247,perfect prawn,policy_general_1,p1249,68
8248,perfect prawn,policy_general_1,p1250,75
8249,perfect prawn,policy_general_1,p1256,75
8250,perfect prawn,policy_general_1,p1258,78
8251,perfect prawn,policy_general_1,p1260,65
8252,perfect prawn,policy_general_1,p1262,65
8253,perfect prawn,policy_general_1,p1264,75
8254,perfect prawn,policy_general_1,p1265,78
8255,perfect prawn,policy_general_1,p1269,75
8256,perfect prawn,policy_general_1,p1272,75
8257,perfect prawn,policy_general_1,p1278,78
8258,perfect prawn,policy_general_1,p1281,75
8259,perfect prawn,policy_general_1,p1292,75
8260,perfect prawn,policy_general_1,p1299,72
8261,perfect prawn,policy_general_1,p1312,72
8262,perfect prawn,policy_general_1,p1322,75
8263,perfect prawn,policy_general_1,p1326,78
8264,perfect prawn,policy_general_1,p1330,78
8265,perfect prawn,policy_general_1,p1335,75
8266,perfect prawn,policy_general_1,p1337,75
8267,perfect prawn,policy_general_1,p1340,78
8268,perfect prawn,policy_general_1,p1345,78
8269,perfect prawn,policy_general_1,p1351,75
8270,perfect prawn,policy_general_1,p1355,68
8271,perfect prawn,policy_general_1,p1362,75
8272,perfect prawn,policy_general_1,p1365,75
8273,perfect prawn,policy_general_1,p1366,68
8274,perfect prawn,policy_general_1,p1367,68
8275,perfect prawn,policy_general_1,p1370,75
8276,perfect prawn,policy_general_1,p1371,75
8277,perfect prawn,policy_general_1,p1373,75
8278,perfect prawn,policy_general_1,p1375,75
8279,perfect prawn,policy_general_1,p1376,65
8280,perfect prawn,policy_general_1,p1379,75
8281,perfect prawn,policy_general_1,p1381,72
8282,perfect prawn,policy_general_1,p1393,78
8283,perfect prawn,policy_general_1,p1396,85
8284,perfect prawn,policy_general_1,p1398,78
8285,perfect prawn,policy_general_1,p1404,75
8286,perfect prawn,policy_general_1,p1406,72
8287,perfect prawn,policy_general_1,p1407,65
8288,perfect prawn,policy_general_1,p1409,78
8289,perfect prawn,policy_general_1,p1412,75
8290,perfect prawn,policy_general_1,p1414,85
8291,perfect prawn,policy_general_1,p1424,75
8292,perfect prawn,policy_general_1,p1425,75
8293,perfect prawn,policy_general_1,p1429,75
8294,perfect prawn,policy_general_1,p1434,78
8295,perfect prawn,policy_general_1,p1441,65
8296,perfect prawn,policy_general_1,p1445,75
8297,perfect prawn,policy_general_1,p1450,78
8298,perfect prawn,policy_general_1,p1454,78
8299,perfect prawn,policy_general_1,p1456,75
8300,perfect prawn,policy_general_1,p1457,65
8301,perfect prawn,policy_general_1,p1458,85
8302,perfect prawn,policy_general_1,p1469,75
8303,perfect prawn,policy_general_1,p1470,75
8304,perfect prawn,policy_general_1,p1481,75
8305,perfect prawn,policy_general_1,p1488,78
8306,perfect prawn,policy_general_1,p1492,65
8307,perfect prawn,policy_general_1,p1495,75
8308,perfect prawn,policy_general_1,p1497,75
8309,perfect prawn,policy_general_1,p1499,78
8310,perfect prawn,policy_general_1,p1503,75
8311,perfect prawn,policy_general_1,p1511,78
8312,perfect prawn,policy_general_1,p1512,68
8313,perfect prawn,policy_general_1,p1518,65
8314,perfect prawn,policy_general_1,p1519,75
8315,perfect prawn,policy_general_1,p1520,65
8316,perfect prawn,policy_general_1,p1524,75
8317,perfect prawn,policy_general_1,p1526,75
8318,perfect prawn,policy_general_1,p1537,75
8319,perfect prawn,policy_general_1,p1545,78
8320,perfect prawn,policy_general_1,p1547,75
8321,perfect prawn,policy_general_1,p1552,75
8322,perfect prawn,policy_general_1,p1567,75
8323,perfect prawn,policy_general_1,p1568,78
8324,perfect prawn,policy_general_1,p1579,35
8325,perfect prawn,policy_general_1,p1587,45
8326,perfect prawn,policy_general_1,p1596,68
8327,perfect prawn,policy_general_1,p1600,78
8328,perfect prawn,policy_general_1,p1603,78
8329,perfect prawn,policy_general_1,p1604,75
8330,perfect prawn,policy_general_1,p1610,65
8331,perfect prawn,policy_general_1,p1618,75
8332,perfect prawn,policy_general_1,p1619,85
8333,perfect prawn,policy_general_1,p1622,75
8334,perfect prawn,policy_general_1,p1623,45
8335,perfect prawn,policy_general_1,p1630,65
8336,perfect prawn,policy_general_1,p1641,75
8337,perfect prawn,policy_general_1,p1649,65
8338,perfect prawn,policy_general_1,p1652,65
8339,perfect prawn,policy_general_1,p1665,78
8340,perfect prawn,policy_general_1,p1669,75
8341,perfect prawn,policy_general_1,p1685,75
8342,perfect prawn,policy_general_1,p1693,72
8343,perfect prawn,policy_general_1,p1698,75
8344,perfect prawn,policy_general_1,p1704,78
8345,perfect prawn,policy_general_1,p1711,78
8346,perfect prawn,policy_general_1,p1718,65
8347,perfect prawn,policy_general_1,p1732,72
8348,perfect prawn,policy_general_1,p1739,78
8349,perfect prawn,policy_general_1,p1741,75
8350,perfect prawn,policy_general_1,p1746,65
8351,perfect prawn,policy_general_1,p1751,65
8352,perfect prawn,policy_general_1,p1754,75
8353,perfect prawn,policy_general_1,p1769,75
8354,perfect prawn,policy_general_1,p1771,75
8355,perfect prawn,policy_general_1,p1776,65
8356,perfect prawn,policy_general_1,p1780,78
8357,perfect prawn,policy_general_1,p1785,65
8358,perfect prawn,policy_general_1,p1791,75
8359,perfect prawn,policy_general_1,p1793,75
8360,perfect prawn,policy_general_1,p1796,75
8361,perfect prawn,policy_general_1,p1805,78
8362,perfect prawn,policy_general_1,p1812,78
8363,perfect prawn,policy_general_1,p1816,65
8364,perfect prawn,policy_general_1,p1819,78
8365,perfect prawn,policy_general_1,p1825,75
8366,perfect prawn,policy_general_1,p1836,78
8367,perfect prawn,policy_general_1,p1839,75
8368,perfect prawn,policy_general_1,p1861,75
8369,perfect prawn,policy_general_1,p1863,75
8370,perfect prawn,policy_general_1,p1873,78
8371,perfect prawn,policy_general_1,p1875,68
8372,perfect prawn,policy_general_1,p1876,78
8373,perfect prawn,policy_general_1,p1877,75
8374,perfect prawn,policy_general_1,p1880,72
8375,perfect prawn,policy_general_1,p1883,65
8376,perfect prawn,policy_general_1,p1889,45
8377,perfect prawn,policy_general_1,p1893,78
8378,perfect prawn,policy_general_1,p1896,75
8379,perfect prawn,policy_general_1,p1913,75
8380,perfect prawn,policy_general_1,p1922,75
8381,perfect prawn,policy_general_1,p1930,78
8382,perfect prawn,policy_general_1,p1935,78
8383,perfect prawn,policy_general_1,p1940,75
8384,perfect prawn,policy_general_1,p1948,75
8385,perfect prawn,policy_general_1,p1950,75
8386,perfect prawn,policy_general_1,p1954,68
8387,perfect prawn,policy_general_1,p1956,45
8388,perfect prawn,policy_general_1,p1958,75
8389,perfect prawn,policy_general_1,p1967,78
8390,perfect prawn,policy_general_1,p1973,85
8391,perfect prawn,policy_general_1,p1978,78
8392,perfect prawn,policy_general_1,p1983,65
8393,perfect prawn,policy_general_1,p1984,65
8394,perfect prawn,policy_general_1,p1995,75
8395,perfect prawn,policy_general_1,p1996,78
8396,perfect prawn,policy_general_1,p1997,78
8397,perfect prawn,policy_general_1,p2001,75
8398,perfect prawn,policy_general_1,p2002,65
8399,perfect prawn,policy_general_1,p2013,85
8400,perfect prawn,policy_general_1,p2014,68
8401,perfect prawn,policy_general_1,p2016,78
8402,perfect prawn,policy_general_1,p2018,68
8403,perfect prawn,policy_general_1,p2023,75
8404,perfect prawn,policy_general_1,p2025,75
8405,perfect prawn,policy_general_1,p2028,75
8406,perfect prawn,policy_general_1,p2030,78
8407,perfect prawn,policy_general_1,p2033,78
8408,perfect prawn,policy_general_1,p2040,65
8409,perfect prawn,policy_general_1,p2051,75
8410,perfect prawn,policy_general_1,p2052,75
8411,perfect prawn,policy_general_1,p2066,65
8412,perfect prawn,policy_general_1,p2067,78
8413,perfect prawn,policy_general_1,p2073,78
8414,perfect prawn,policy_general_1,p2077,78
8415,perfect prawn,policy_general_1,p2078,72
8416,perfect prawn,policy_general_1,p2086,78
8417,perfect prawn,policy_general_1,p2089,75
8418,perfect prawn,policy_general_1,p2093,35
8419,perfect prawn,policy_general_1,p2094,78
8420,perfect prawn,policy_general_1,p2111,75
8421,perfect prawn,policy_general_1,p2117,78
8422,perfect prawn,policy_general_1,p2121,75
8423,perfect prawn,policy_general_1,p2127,78
8424,perfect prawn,policy_general_1,p2141,75
8425,perfect prawn,policy_general_1,p2142,35
8426,perfect prawn,policy_general_1,p2143,78
8427,perfect prawn,policy_general_1,p2153,75
8428,perfect prawn,policy_general_1,p2155,65
8429,perfect prawn,policy_general_1,p2169,65
8430,perfect prawn,policy_general_1,p2187,75
8431,perfect prawn,policy_general_1,p2188,78
8432,perfect prawn,policy_general_1,p2197,75
8433,perfect prawn,policy_general_1,p2213,65
8434,perfect prawn,policy_general_1,p2214,72
8435,perfect prawn,policy_general_1,p2215,75
8436,perfect prawn,policy_general_1,p2220,78
8437,perfect prawn,policy_general_1,p2223,72
8438,perfect prawn,policy_general_1,p2229,75
8439,perfect prawn,policy_general_1,p2234,75
8440,perfect prawn,policy_general_1,p2237,78
8441,perfect prawn,policy_general_1,p2238,75
8442,perfect prawn,policy_general_1,p2244,75
8443,perfect prawn,policy_general_1,p2248,75
8444,perfect prawn,policy_general_1,p2252,78
8445,perfect prawn,policy_general_1,p2255,25
8446,perfect prawn,policy_general_1,p2261,35
8447,perfect prawn,policy_general_1,p2263,75
8448,perfect prawn,policy_general_1,p2273,78
8449,perfect prawn,policy_general_1,p2275,75
8450,perfect prawn,policy_general_1,p2276,68
8451,perfect prawn,policy_general_1,p2283,65
8452,perfect prawn,policy_general_1,p2287,75
8453,perfect prawn,policy_general_1,p2296,65
8454,perfect prawn,policy_general_1,p2298,65
8455,perfect prawn,policy_general_1,p2304,75
8456,perfect prawn,policy_general_1,p2310,68
8457,perfect prawn,policy_general_1,p2322,65
8458,perfect prawn,policy_general_1,p2326,78
8459,perfect prawn,policy_general_1,p2330,75
8460,perfect prawn,policy_general_1,p2331,75
8461,perfect prawn,policy_general_1,p2333,75
8462,perfect prawn,policy_general_1,p2347,75
8463,perfect prawn,policy_general_1,p2350,68
8464,perfect prawn,policy_general_1,p2351,78
8465,perfect prawn,policy_general_1,p2353,75
8466,perfect prawn,policy_general_1,p2355,75
8467,perfect prawn,policy_general_1,p2363,65
8468,perfect prawn,policy_general_1,p2378,78
8469,perfect prawn,policy_general_1,p2380,75
8470,perfect prawn,policy_general_1,p2387,75
8471,perfect prawn,policy_general_1,p2398,72
8472,perfect prawn,policy_general_1,p2400,75
8473,perfect prawn,policy_general_1,p2403,75
8474,perfect prawn,policy_general_1,p2408,65
8475,perfect prawn,policy_general_1,p2418,78
8476,perfect prawn,policy_general_1,p2426,75
8477,perfect prawn,policy_general_1,p2428,68
8478,perfect prawn,policy_general_1,p2434,78
8479,perfect prawn,policy_general_1,p2446,55
8480,perfect prawn,policy_general_1,p2452,72
8481,perfect prawn,policy_general_1,p2454,68
8482,perfect prawn,policy_general_1,p2462,75
8483,perfect prawn,policy_general_1,p2467,35
8484,perfect prawn,policy_general_1,p2482,75
8485,perfect prawn,policy_general_1,p2489,65
8486,perfect prawn,policy_general_1,p2490,65
8487,perfect prawn,policy_general_1,p2494,65
8488,perfect prawn,policy_general_1,p2502,75
8489,perfect prawn,policy_general_1,p2503,75
8490,perfect prawn,policy_general_1,p2522,75
8491,perfect prawn,policy_general_1,p2524,75
8492,perfect prawn,policy_general_1,p2533,35
8493,perfect prawn,policy_general_1,p2566,75
8494,perfect prawn,policy_general_1,p2571,75
8495,perfect prawn,policy_general_1,p2573,68
8496,perfect prawn,policy_general_1,p2582,78
8497,perfect prawn,policy_general_1,p2591,65
8498,perfect prawn,policy_general_1,p2592,72
8499,perfect prawn,policy_general_1,p2595,35
8500,perfect prawn,donation,p0016,6
8501,perfect prawn,donation,p0022,5
8502,perfect prawn,donation,p0023,6
8503,perfect prawn,donation,p0026,10
8504,perfect prawn,donation,p0034,7
8505,perfect prawn,donation,p0036,16
8506,perfect prawn,donation,p0037,10
8507,perfect prawn,donation,p0042,17
8508,perfect prawn,donation,p0057,17
8509,perfect prawn,donation,p0066,6
8510,perfect prawn,donation,p0069,10
8511,perfect prawn,donation,p0072,6
8512,perfect prawn,donation,p0073,6
8513,perfect prawn,donation,p0082,6
8514,perfect prawn,donation,p0091,6
8515,perfect prawn,donation,p0092,6
8516,perfect prawn,donation,p0093,7
8517,perfect prawn,donation,p0095,7
8518,perfect prawn,donation,p0107,17
8519,perfect prawn,donation,p0114,7
8520,perfect prawn,donation,p0116,6
8521,perfect prawn,donation,p0118,6
8522,perfect prawn,donation,p0119,5
8523,perfect prawn,donation,p0126,17
8524,perfect prawn,donation,p0129,6
8525,perfect prawn,donation,p0136,17
8526,perfect prawn,donation,p0138,6
8527,perfect prawn,donation,p0144,7
8528,perfect prawn,donation,p0150,16
8529,perfect prawn,donation,p0152,5
8530,perfect prawn,donation,p0158,21
8531,perfect prawn,donation,p0161,10
8532,perfect prawn,donation,p0164,10
8533,perfect prawn,donation,p0175,5
8534,perfect prawn,donation,p0177,6
8535,perfect prawn,donation,p0178,7
8536,perfect prawn,donation,p0181,10
8537,perfect prawn,donation,p0186,6
8538,perfect prawn,donation,p0196,6
8539,perfect prawn,donation,p0198,6
8540,perfect prawn,donation,p0202,7
8541,perfect prawn,donation,p0205,16
8542,perfect prawn,donation,p0207,10
8543,perfect prawn,donation,p0211,17
8544,perfect prawn,donation,p0227,7
8545,perfect prawn,donation,p0229,7
8546,perfect prawn,donation,p0232,6
8547,perfect prawn,donation,p0233,7
8548,perfect prawn,donation,p0237,7
8549,perfect prawn,donation,p0258,10
8550,perfect prawn,donation,p0268,24
8551,perfect prawn,donation,p0274,6
8552,perfect prawn,donation,p0275,16
8553,perfect prawn,donation,p0277,16
8554,perfect prawn,donation,p0288,10
8555,perfect prawn,donation,p0291,6
8556,perfect prawn,donation,p0307,4
8557,perfect prawn,donation,p0308,6
8558,perfect prawn,donation,p0317,10
8559,perfect prawn,donation,p0325,7
8560,perfect prawn,donation,p0327,6
8561,perfect prawn,donation,p0334,7
8562,perfect prawn,donation,p0336,6
8563,perfect prawn,donation,p0338,17
8564,perfect prawn,donation,p0342,6
8565,perfect prawn,donation,p0349,6
8566,perfect prawn,donation,p0356,7
8567,perfect prawn,donation,p0358,5
8568,perfect prawn,donation,p0363,17
8569,perfect prawn,donation,p0364,6
8570,perfect prawn,donation,p0369,7
8571,perfect prawn,donation,p0370,7
8572,perfect prawn,donation,p0371,7
8573,perfect prawn,donation,p0379,17
8574,perfect prawn,donation,p0386,5
8575,perfect prawn,donation,p0396,6
8576,perfect prawn,donation,p0403,17
8577,perfect prawn,donation,p0405,6
8578,perfect prawn,donation,p0412,10
8579,perfect prawn,donation,p0415,16
8580,perfect prawn,donation,p0416,6
8581,perfect prawn,donation,p0417,7
8582,perfect prawn,donation,p0418,7
8583,perfect prawn,donation,p0430,7
8584,perfect prawn,donation,p0431,6
8585,perfect prawn,donation,p0434,10
8586,perfect prawn,donation,p0438,6
8587,perfect prawn,donation,p0441,6
8588,perfect prawn,donation,p0442,4
8589,perfect prawn,donation,p0449,6
8590,perfect prawn,donation,p0450,10
8591,perfect prawn,donation,p0465,17
8592,perfect prawn,donation,p0471,17
8593,perfect prawn,donation,p0477,10
8594,perfect prawn,donation,p0483,7
8595,perfect prawn,donation,p0486,10
8596,perfect prawn,donation,p0487,6
8597,perfect prawn,donation,p0489,6
8598,perfect prawn,donation,p0497,10
8599,perfect prawn,donation,p0502,7
8600,perfect prawn,donation,p0503,6
8601,perfect prawn,donation,p0506,4
8602,perfect prawn,donation,p0511,5
8603,perfect prawn,donation,p0523,7
8604,perfect prawn,donation,p0534,6
8605,perfect prawn,donation,p0536,17
8606,perfect prawn,donation,p0542,10
8607,perfect prawn,donation,p0547,6
8608,perfect prawn,donation,p0553,7
8609,perfect prawn,donation,p0559,7
8610,perfect prawn,donation,p0566,6
8611,perfect prawn,donation,p0568,6
8612,perfect prawn,donation,p0570,16
8613,perfect prawn,donation,p0573,6
8614,perfect prawn,donation,p0578,6
8615,perfect prawn,donation,p0594,6
8616,perfect prawn,donation,p0597,6
8617,perfect prawn,donation,p0601,6
8618,perfect prawn,donation,p0602,7
8619,perfect prawn,donation,p0605,5
8620,perfect prawn,donation,p0615,5
8621,perfect prawn,donation,p0620,6
8622,perfect prawn,donation,p0626,10
8623,perfect prawn,donation,p0629,6
8624,perfect prawn,donation,p0633,6
8625,perfect prawn,donation,p0638,7
8626,perfect prawn,donation,p0639,7
8627,perfect prawn,donation,p0640,7
8628,perfect prawn,donation,p0655,10
8629,perfect prawn,donation,p0656,16
8630,perfect prawn,donation,p0658,10
8631,perfect prawn,donation,p0661,6
8632,perfect prawn,donation,p0669,10
8633,perfect prawn,donation,p0670,6
8634,perfect prawn,donation,p0672,16
8635,perfect prawn,donation,p0674,5
8636,perfect prawn,donation,p0678,7
8637,perfect prawn,donation,p0683,7
8638,perfect prawn,donation,p0686,6
8639,perfect prawn,donation,p0687,6
8640,perfect prawn,donation,p0698,7
8641,perfect prawn,donation,p0700,7
8642,perfect prawn,donation,p0703,17
8643,perfect prawn,donation,p0718,6
8644,perfect prawn,donation,p0744,7
8645,perfect prawn,donation,p0745,6
8646,perfect prawn,donation,p0753,17
8647,perfect prawn,donation,p0770,6
8648,perfect prawn,donation,p0771,6
8649,perfect prawn,donation,p0777,6
8650,perfect prawn,donation,p0779,7
8651,perfect prawn,donation,p0780,17
8652,perfect prawn,donation,p0783,17
8653,perfect prawn,donation,p0785,6
8654,perfect prawn,donation,p0786,19
8655,perfect prawn,donation,p0794,10
8656,perfect prawn,donation,p0798,10
8657,perfect prawn,donation,p0800,6
8658,perfect prawn,donation,p0820,17
8659,perfect prawn,donation,p0841,10
8660,perfect prawn,donation,p0849,5
8661,perfect prawn,donation,p0862,7
8662,perfect prawn,donation,p0867,6
8663,perfect prawn,donation,p0869,17
8664,perfect prawn,donation,p0872,6
8665,perfect prawn,donation,p0880,6
8666,perfect prawn,donation,p0891,6
8667,perfect prawn,donation,p0916,7
8668,perfect prawn,donation,p0917,10
8669,perfect prawn,donation,p0919,7
8670,perfect prawn,donation,p0922,7
8671,perfect prawn,donation,p0925,6
8672,perfect prawn,donation,p0927,6
8673,perfect prawn,donation,p0929,4
8674,perfect prawn,donation,p0930,10
8675,perfect prawn,donation,p0931,24
8676,perfect prawn,donation,p0933,4
8677,perfect prawn,donation,p0934,10
8678,perfect prawn,donation,p0936,6
8679,perfect prawn,donation,p0938,7
8680,perfect prawn,donation,p0939,6
8681,perfect prawn,donation,p0946,6
8682,perfect prawn,donation,p0951,5
8683,perfect prawn,donation,p0956,17
8684,perfect prawn,donation,p0962,10
8685,perfect prawn,donation,p0963,6
8686,perfect prawn,donation,p0969,10
8687,perfect prawn,donation,p0972,5
8688,perfect prawn,donation,p0975,7
8689,perfect prawn,donation,p0985,6
8690,perfect prawn,donation,p0993,4
8691,perfect prawn,donation,p0996,6
8692,perfect prawn,donation,p1011,7
8693,perfect prawn,donation,p1017,16
8694,perfect prawn,donation,p1020,6
8695,perfect prawn,donation,p1022,7
8696,perfect prawn,donation,p1024,10
8697,perfect prawn,donation,p1027,7
8698,perfect prawn,donation,p1028,5
8699,perfect prawn,donation,p1029,16
8700,perfect prawn,donation,p1032,7
8701,perfect prawn,donation,p1040,7
8702,perfect prawn,donation,p1047,16
8703,perfect prawn,donation,p1048,6
8704,perfect prawn,donation,p1053,6
8705,perfect prawn,donation,p1057,16
8706,perfect prawn,donation,p1058,16
8707,perfect prawn,donation,p1063,6
8708,perfect prawn,donation,p1064,6
8709,perfect prawn,donation,p1065,16
8710,perfect prawn,donation,p1069,16
8711,perfect prawn,donation,p1072,10
8712,perfect prawn,donation,p1073,6
8713,perfect prawn,donation,p1075,5
8714,perfect prawn,donation,p1076,6
8715,perfect prawn,donation,p1083,7
8716,perfect prawn,donation,p1089,6
8717,perfect prawn,donation,p1093,6
8718,perfect prawn,donation,p1096,7
8719,perfect prawn,donation,p1100,6
8720,perfect prawn,donation,p1106,6
8721,perfect prawn,donation,p1107,6
8722,perfect prawn,donation,p1113,10
8723,perfect prawn,donation,p1117,10
8724,perfect prawn,donation,p1120,17
8725,perfect prawn,donation,p1134,6
8726,perfect prawn,donation,p1136,23
8727,perfect prawn,donation,p1138,10
8728,perfect prawn,donation,p1144,10
8729,perfect prawn,donation,p1145,7
8730,perfect prawn,donation,p1147,6
8731,perfect prawn,donation,p1148,7
8732,perfect prawn,donation,p1154,6
8733,perfect prawn,donation,p1159,10
8734,perfect prawn,donation,p1167,6
8735,perfect prawn,donation,p1175,6
8736,perfect prawn,donation,p1178,6
8737,perfect prawn,donation,p1184,7
8738,perfect prawn,donation,p1186,6
8739,perfect prawn,donation,p1196,16
8740,perfect prawn,donation,p1197,6
8741,perfect prawn,donation,p1203,6
8742,perfect prawn,donation,p1219,6
8743,perfect prawn,donation,p1225,6
8744,perfect prawn,donation,p1234,6
8745,perfect prawn,donation,p1242,7
8746,perfect prawn,donation,p1244,10
8747,perfect prawn,donation,p1249,17
8748,perfect prawn,donation,p1250,7
8749,perfect prawn,donation,p1256,7
8750,perfect prawn,donation,p1258,10
8751,perfect prawn,donation,p1260,16
8752,perfect prawn,donation,p1262,10
8753,perfect prawn,donation,p1264,7
8754,perfect prawn,donation,p1265,7
8755,perfect prawn,donation,p1269,7
8756,perfect prawn,donation,p1272,10
8757,perfect prawn,donation,p1278,6
8758,perfect prawn,donation,p1281,6
8759,perfect prawn,donation,p1292,7
8760,perfect prawn,donation,p1299,6
8761,perfect prawn,donation,p1312,6
8762,perfect prawn,donation,p1322,10
8763,perfect prawn,donation,p1326,17
8764,perfect prawn,donation,p1330,6
8765,perfect prawn,donation,p1335,10
8766,perfect prawn,donation,p1337,7
8767,perfect prawn,donation,p1340,6
8768,perfect prawn,donation,p1345,6
8769,perfect prawn,donation,p1351,10
8770,perfect prawn,donation,p1355,6
8771,perfect prawn,donation,p1362,10
8772,perfect prawn,donation,p1365,16
8773,perfect prawn,donation,p1366,17
8774,perfect prawn,donation,p1367,16
8775,perfect prawn,donation,p1370,7
8776,perfect prawn,donation,p1371,10
8777,perfect prawn,donation,p1373,16
8778,perfect prawn,donation,p1375,10
8779,perfect prawn,donation,p1376,10
8780,perfect prawn,donation,p1379,7
8781,perfect prawn,donation,p1381,6
8782,perfect prawn,donation,p1393,6
8783,perfect prawn,donation,p1396,7
8784,perfect prawn,donation,p1398,6
8785,perfect prawn,donation,p1404,10
8786,perfect prawn,donation,p1406,6
8787,perfect prawn,donation,p1407,7
8788,perfect prawn,donation,p1409,7
8789,perfect prawn,donation,p1412,6
8790,perfect prawn,donation,p1414,7
8791,perfect prawn,donation,p1424,7
8792,perfect prawn,donation,p1425,10
8793,perfect prawn,donation,p1429,6
8794,perfect prawn,donation,p1434,7
8795,perfect prawn,donation,p1441,7
8796,perfect prawn,donation,p1445,7
8797,perfect prawn,donation,p1450,6
8798,perfect prawn,donation,p1454,6
8799,perfect prawn,donation,p1456,10
8800,perfect prawn,donation,p1457,16
8801,perfect prawn,donation,p1458,6
8802,perfect prawn,donation,p1469,6
8803,perfect prawn,donation,p1470,10
8804,perfect prawn,donation,p1481,10
8805,perfect prawn,donation,p1488,6
8806,perfect prawn,donation,p1492,7
8807,perfect prawn,donation,p1495,7
8808,perfect prawn,donation,p1497,7
8809,perfect prawn,donation,p1499,7
8810,perfect prawn,donation,p1503,10
8811,perfect prawn,donation,p1511,6
8812,perfect prawn,donation,p1512,17
8813,perfect prawn,donation,p1518,17
8814,perfect prawn,donation,p1519,21
8815,perfect prawn,donation,p1520,16
8816,perfect prawn,donation,p1524,6
8817,perfect prawn,donation,p1526,6
8818,perfect prawn,donation,p1537,7
8819,perfect prawn,donation,p1545,17
8820,perfect prawn,donation,p1547,6
8821,perfect prawn,donation,p1552,25
8822,perfect prawn,donation,p1567,7
8823,perfect prawn,donation,p1568,17
8824,perfect prawn,donation,p1579,16
8825,perfect prawn,donation,p1587,16
8826,perfect prawn,donation,p1596,6
8827,perfect prawn,donation,p1600,6
8828,perfect prawn,donation,p1603,17
8829,perfect prawn,donation,p1604,7
8830,perfect prawn,donation,p1610,7
8831,perfect prawn,donation,p1618,10
8832,perfect prawn,donation,p1619,7
8833,perfect prawn,donation,p1622,7
8834,perfect prawn,donation,p1623,10
8835,perfect prawn,donation,p1630,16
8836,perfect prawn,donation,p1641,7
8837,perfect prawn,donation,p1649,17
8838,perfect prawn,donation,p1652,6
8839,perfect prawn,donation,p1665,6
8840,perfect prawn,donation,p1669,6
8841,perfect prawn,donation,p1685,7
8842,perfect prawn,donation,p1693,6
8843,perfect prawn,donation,p1698,6
8844,perfect prawn,donation,p1704,6
8845,perfect prawn,donation,p1711,6
8846,perfect prawn,donation,p1718,16
8847,perfect prawn,donation,p1732,6
8848,perfect prawn,donation,p1739,6
8849,perfect prawn,donation,p1741,7
8850,perfect prawn,donation,p1746,4
8851,perfect prawn,donation,p1751,10
8852,perfect prawn,donation,p1754,10
8853,perfect prawn,donation,p1769,5
8854,perfect prawn,donation,p1771,7
8855,perfect prawn,donation,p1776,17
8856,perfect prawn,donation,p1780,7
8857,perfect prawn,donation,p1785,6
8858,perfect prawn,donation,p1791,10
8859,perfect prawn,donation,p1793,7
8860,perfect prawn,donation,p1796,7
8861,perfect prawn,donation,p1805,17
8862,perfect prawn,donation,p1812,6
8863,perfect prawn,donation,p1816,16
8864,perfect prawn,donation,p1819,10
8865,perfect prawn,donation,p1825,6
8866,perfect prawn,donation,p1836,7
8867,perfect prawn,donation,p1839,7
8868,perfect prawn,donation,p1861,7
8869,perfect prawn,donation,p1863,7
8870,perfect prawn,donation,p1873,6
8871,perfect prawn,donation,p1875,6
8872,perfect prawn,donation,p1876,7
8873,perfect prawn,donation,p1877,7
8874,perfect prawn,donation,p1880,6
8875,perfect prawn,donation,p1883,16
8876,perfect prawn,donation,p1889,10
8877,perfect prawn,donation,p1893,17
8878,perfect prawn,donation,p1896,6
8879,perfect prawn,donation,p1913,6
8880,perfect prawn,donation,p1922,7
8881,perfect prawn,donation,p1930,6
8882,perfect prawn,donation,p1935,5
8883,perfect prawn,donation,p1940,21
8884,perfect prawn,donation,p1948,10
8885,perfect prawn,donation,p1950,6
8886,perfect prawn,donation,p1954,16
8887,perfect prawn,donation,p1956,17
8888,perfect prawn,donation,p1958,10
8889,perfect prawn,donation,p1967,6
8890,perfect prawn,donation,p1973,7
8891,perfect prawn,donation,p1978,17
8892,perfect prawn,donation,p1983,7
8893,perfect prawn,donation,p1984,17
8894,perfect prawn,donation,p1995,10
8895,perfect prawn,donation,p1996,16
8896,perfect prawn,donation,p1997,16
8897,perfect prawn,donation,p2001,7
8898,perfect prawn,donation,p2002,16
8899,perfect prawn,donation,p2013,6
8900,perfect prawn,donation,p2014,6
8901,perfect prawn,donation,p2016,6
8902,perfect prawn,donation,p2018,6
8903,perfect prawn,donation,p2023,7
8904,perfect prawn,donation,p2025,10
8905,perfect prawn,donation,p2028,7
8906,perfect prawn,donation,p2030,10
8907,perfect prawn,donation,p2033,17
8908,perfect prawn,donation,p2040,7
8909,perfect prawn,donation,p2051,10
8910,perfect prawn,donation,p2052,16
8911,perfect prawn,donation,p2066,7
8912,perfect prawn,donation,p2067,10
8913,perfect prawn,donation,p2073,6
8914,perfect prawn,donation,p2077,17
8915,perfect prawn,donation,p2078,17
8916,perfect prawn,donation,p2086,7
8917,perfect prawn,donation,p2089,7
8918,perfect prawn,donation,p2093,10
8919,perfect prawn,donation,p2094,7
8920,perfect prawn,donation,p2111,6
8921,perfect prawn,donation,p2117,6
8922,perfect prawn,donation,p2121,10
8923,perfect prawn,donation,p2127,10
8924,perfect prawn,donation,p2141,16
8925,perfect prawn,donation,p2142,16
8926,perfect prawn,donation,p2143,6
8927,perfect prawn,donation,p2153,7
8928,perfect prawn,donation,p2155,21
8929,perfect prawn,donation,p2169,10
8930,perfect prawn,donation,p2187,7
8931,perfect prawn,donation,p2188,7
8932,perfect prawn,donation,p2197,5
8933,perfect prawn,donation,p2213,16
8934,perfect prawn,donation,p2214,6
8935,perfect prawn,donation,p2215,10
8936,perfect prawn,donation,p2220,7
8937,perfect prawn,donation,p2223,6
8938,perfect prawn,donation,p2229,7
8939,perfect prawn,donation,p2234,10
8940,perfect prawn,donation,p2237,6
8941,perfect prawn,donation,p2238,10
8942,perfect prawn,donation,p2244,10
8943,perfect prawn,donation,p2248,7
8944,perfect prawn,donation,p2252,7
8945,perfect prawn,donation,p2255,10
8946,perfect prawn,donation,p2261,10
8947,perfect prawn,donation,p2263,5
8948,perfect prawn,donation,p2273,7
8949,perfect prawn,donation,p2275,6
8950,perfect prawn,donation,p2276,7
8951,perfect prawn,donation,p2283,21
8952,perfect prawn,donation,p2287,6
8953,perfect prawn,donation,p2296,6
8954,perfect prawn,donation,p2298,7
8955,perfect prawn,donation,p2304,5
8956,perfect prawn,donation,p2310,7
8957,perfect prawn,donation,p2322,19
8958,perfect prawn,donation,p2326,10
8959,perfect prawn,donation,p2330,10
8960,perfect prawn,donation,p2331,10
8961,perfect prawn,donation,p2333,7
8962,perfect prawn,donation,p2347,6
8963,perfect prawn,donation,p2350,7
8964,perfect prawn,donation,p2351,7
8965,perfect prawn,donation,p2353,6
8966,perfect prawn,donation,p2355,10
8967,perfect prawn,donation,p2363,16
8968,perfect prawn,donation,p2378,7
8969,perfect prawn,donation,p2380,5
8970,perfect prawn,donation,p2387,6
8971,perfect prawn,donation,p2398,7
8972,perfect prawn,donation,p2400,7
8973,perfect prawn,donation,p2403,7
8974,perfect prawn,donation,p2408,16
8975,perfect prawn,donation,p2418,16
8976,perfect prawn,donation,p2426,7
8977,perfect prawn,donation,p2428,7
8978,perfect prawn,donation,p2434,6
8979,perfect prawn,donation,p2446,16
8980,perfect prawn,donation,p2452,19
8981,perfect prawn,donation,p2454,19
8982,perfect prawn,donation,p2462,6
8983,perfect prawn,donation,p2467,10
8984,perfect prawn,donation,p2482,5
8985,perfect prawn,donation,p2489,6
8986,perfect prawn,donation,p2490,7
8987,perfect prawn,donation,p2494,19
8988,perfect prawn,donation,p2502,7
8989,perfect prawn,donation,p2503,7
8990,perfect prawn,donation,p2522,10
8991,perfect prawn,donation,p2524,6
8992,perfect prawn,donation,p2533,16
8993,perfect prawn,donation,p2566,5
8994,perfect prawn,donation,p2571,6
8995,perfect prawn,donation,p2573,7
8996,perfect prawn,donation,p2582,7
8997,perfect prawn,donation,p2591,10
8998,perfect prawn,donation,p2592,6
8999,perfect prawn,donation,p2595,16
9000,perfect prawn,newsletter,p0016,2
9001,perfect prawn,newsletter,p0022,2
9002,perfect prawn,newsletter,p0023,2
9003,perfect prawn,newsletter,p0026,2
9004,perfect prawn,newsletter,p0034,No.
9005,perfect prawn,newsletter,p0036,2
9006,perfect prawn,newsletter,p0037,2
9007,perfect prawn,newsletter,p0042,2
9008,perfect prawn,newsletter,p0057,2
9009,perfect prawn,newsletter,p0066,2
9010,perfect prawn,newsletter,p0069,2
9011,perfect prawn,newsletter,p0072,2
9012,perfect prawn,newsletter,p0073,2
9013,perfect prawn,newsletter,p0082,2
9014,perfect prawn,newsletter,p0091,2
9015,perfect prawn,newsletter,p0092,2
9016,perfect prawn,newsletter,p0093,2
9017,perfect prawn,newsletter,p0095,2
9018,perfect prawn,newsletter,p0107,2
9019,perfect prawn,newsletter,p0114,2
9020,perfect prawn,newsletter,p0116,2
9021,perfect prawn,newsletter,p0118,2
9022,perfect prawn,newsletter,p0119,2
9023,perfect prawn,newsletter,p0126,2
9024,perfect prawn,newsletter,p0129,2
9025,perfect prawn,newsletter,p0136,2
9026,perfect prawn,newsletter,p0138,2
9027,perfect prawn,newsletter,p0144,2
9028,perfect prawn,newsletter,p0150,2
9029,perfect prawn,newsletter,p0152,2
9030,perfect prawn,newsletter,p0158,2
9031,perfect prawn,newsletter,p0161,2
9032,perfect prawn,newsletter,p0164,2
9033,perfect prawn,newsletter,p0175,2
9034,perfect prawn,newsletter,p0177,2
9035,perfect prawn,newsletter,p0178,2
9036,perfect prawn,newsletter,p0181,No.
9037,perfect prawn,newsletter,p0186,2
9038,perfect prawn,newsletter,p0196,2
9039,perfect prawn,newsletter,p0198,2
9040,perfect prawn,newsletter,p0202,2
9041,perfect prawn,newsletter,p0205,2
9042,perfect prawn,newsletter,p0207,2
9043,perfect prawn,newsletter,p0211,2
9044,perfect prawn,newsletter,p0227,2
9045,perfect prawn,newsletter,p0229,2
9046,perfect prawn,newsletter,p0232,2
9047,perfect prawn,newsletter,p0233,2
9048,perfect prawn,newsletter,p0237,2
9049,perfect prawn,newsletter,p0258,2
9050,perfect prawn,newsletter,p0268,2
9051,perfect prawn,newsletter,p0274,2
9052,perfect prawn,newsletter,p0275,2
9053,perfect prawn,newsletter,p0277,2
9054,perfect prawn,newsletter,p0288,2
9055,perfect prawn,newsletter,p0291,2
9056,perfect prawn,newsletter,p0307,2
9057,perfect prawn,newsletter,p0308,2
9058,perfect prawn,newsletter,p0317,2
9059,perfect prawn,newsletter,p0325,2
9060,perfect prawn,newsletter,p0327,2
9061,perfect prawn,newsletter,p0334,2
9062,perfect prawn,newsletter,p0336,2
9063,perfect prawn,newsletter,p0338,2
9064,perfect prawn,newsletter,p0342,2
9065,perfect prawn,newsletter,p0349,2
9066,perfect prawn,newsletter,p0356,2
9067,perfect prawn,newsletter,p0358,2
9068,perfect prawn,newsletter,p0363,2
9069,perfect prawn,newsletter,p0364,2
9070,perfect prawn,newsletter,p0369,2
9071,perfect prawn,newsletter,p0370,2
9072,perfect prawn,newsletter,p0371,2
9073,perfect prawn,newsletter,p0379,2
9074,perfect prawn,newsletter,p0386,2
9075,perfect prawn,newsletter,p0396,2
9076,perfect prawn,newsletter,p0403,2
9077,perfect prawn,newsletter,p0405,2
9078,perfect prawn,newsletter,p0412,2
9079,perfect prawn,newsletter,p0415,2
9080,perfect prawn,newsletter,p0416,2
9081,perfect prawn,newsletter,p0417,2
9082,perfect prawn,newsletter,p0418,2
9083,perfect prawn,newsletter,p0430,2
9084,perfect prawn,newsletter,p0431,2
9085,perfect prawn,newsletter,p0434,No.
9086,perfect prawn,newsletter,p0438,2
9087,perfect prawn,newsletter,p0441,2
9088,perfect prawn,newsletter,p0442,2
9089,perfect prawn,newsletter,p0449,2
9090,perfect prawn,newsletter,p0450,2
9091,perfect prawn,newsletter,p0465,2
9092,perfect prawn,newsletter,p0471,2
9093,perfect prawn,newsletter,p0477,2
9094,perfect prawn,newsletter,p0483,2
9095,perfect prawn,newsletter,p0486,2
9096,perfect prawn,newsletter,p0487,2
9097,perfect prawn,newsletter,p0489,2
9098,perfect prawn,newsletter,p0497,2
9099,perfect prawn,newsletter,p0502,2
9100,perfect prawn,newsletter,p0503,2
9101,perfect prawn,newsletter,p0506,2
9102,perfect prawn,newsletter,p0511,2
9103,perfect prawn,newsletter,p0523,2
9104,perfect prawn,newsletter,p0534,2
9105,perfect prawn,newsletter,p0536,2
9106,perfect prawn,newsletter,p0542,2
9107,perfect prawn,newsletter,p0547,2
9108,perfect prawn,newsletter,p0553,2
9109,perfect prawn,newsletter,p0559,2
9110,perfect prawn,newsletter,p0566,2
9111,perfect prawn,newsletter,p0568,2
9112,perfect prawn,newsletter,p0570,2
9113,perfect prawn,newsletter,p0573,2
9114,perfect prawn,newsletter,p0578,2
9115,perfect prawn,newsletter,p0594,2
9116,perfect prawn,newsletter,p0597,2
9117,perfect prawn,newsletter,p0601,2
9118,perfect prawn,newsletter,p0602,2
9119,perfect prawn,newsletter,p0605,2
9120,perfect prawn,newsletter,p0615,2
9121,perfect prawn,newsletter,p0620,2
9122,perfect prawn,newsletter,p0626,2
9123,perfect prawn,newsletter,p0629,2
9124,perfect prawn,newsletter,p0633,2
9125,perfect prawn,newsletter,p0638,2
9126,perfect prawn,newsletter,p0639,2
9127,perfect prawn,newsletter,p0640,No.
9128,perfect prawn,newsletter,p0655,2
9129,perfect prawn,newsletter,p0656,2
9130,perfect prawn,newsletter,p0658,2
9131,perfect prawn,newsletter,p0661,2
9132,perfect prawn,newsletter,p0669,2
9133,perfect prawn,newsletter,p0670,2
9134,perfect prawn,newsletter,p0672,2
9135,perfect prawn,newsletter,p0674,2
9136,perfect prawn,newsletter,p0678,2
9137,perfect prawn,newsletter,p0683,2
9138,perfect prawn,newsletter,p0686,2
9139,perfect prawn,newsletter,p0687,2
9140,perfect prawn,newsletter,p0698,2
9141,perfect prawn,newsletter,p0700,2
9142,perfect prawn,newsletter,p0703,2
9143,perfect prawn,newsletter,p0718,2
9144,perfect prawn,newsletter,p0744,2
9145,perfect prawn,newsletter,p0745,2
9146,perfect prawn,newsletter,p0753,2
9147,perfect prawn,newsletter,p0770,2
9148,perfect prawn,newsletter,p0771,2
9149,perfect prawn,newsletter,p0777,2
9150,perfect prawn,newsletter,p0779,2
9151,perfect prawn,newsletter,p0780,2
9152,perfect prawn,newsletter,p0783,2
9153,perfect prawn,newsletter,p0785,2
9154,perfect prawn,newsletter,p0786,2
9155,perfect prawn,newsletter,p0794,2
9156,perfect prawn,newsletter,p0798,2
9157,perfect prawn,newsletter,p0800,2
9158,perfect prawn,newsletter,p0820,2
9159,perfect prawn,newsletter,p0841,2
9160,perfect prawn,newsletter,p0849,2
9161,perfect prawn,newsletter,p0862,2
9162,perfect prawn,newsletter,p0867,2
9163,perfect prawn,newsletter,p0869,2
9164,perfect prawn,newsletter,p0872,2
9165,perfect prawn,newsletter,p0880,2
9166,perfect prawn,newsletter,p0891,2
9167,perfect prawn,newsletter,p0916,2
9168,perfect prawn,newsletter,p0917,2
9169,perfect prawn,newsletter,p0919,2
9170,perfect prawn,newsletter,p0922,2
9171,perfect prawn,newsletter,p0925,2
9172,perfect prawn,newsletter,p0927,2
9173,perfect prawn,newsletter,p0929,2
9174,perfect prawn,newsletter,p0930,2
9175,perfect prawn,newsletter,p0931,2
9176,perfect prawn,newsletter,p0933,2
9177,perfect prawn,newsletter,p0934,2
9178,perfect prawn,newsletter,p0936,2
9179,perfect prawn,newsletter,p0938,2
9180,perfect prawn,newsletter,p0939,2
9181,perfect prawn,newsletter,p0946,2
9182,perfect prawn,newsletter,p0951,2
9183,perfect prawn,newsletter,p0956,2
9184,perfect prawn,newsletter,p0962,2
9185,perfect prawn,newsletter,p0963,2
9186,perfect prawn,newsletter,p0969,2
9187,perfect prawn,newsletter,p0972,2
9188,perfect prawn,newsletter,p0975,2
9189,perfect prawn,newsletter,p0985,2
9190,perfect prawn,newsletter,p0993,2
9191,perfect prawn,newsletter,p0996,2
9192,perfect prawn,newsletter,p1011,No.
9193,perfect prawn,newsletter,p1017,2
9194,perfect prawn,newsletter,p1020,2
9195,perfect prawn,newsletter,p1022,2
9196,perfect prawn,newsletter,p1024,2
9197,perfect prawn,newsletter,p1027,2
9198,perfect prawn,newsletter,p1028,2
9199,perfect prawn,newsletter,p1029,No.
9200,perfect prawn,newsletter,p1032,2
9201,perfect prawn,newsletter,p1040,2
9202,perfect prawn,newsletter,p1047,2
9203,perfect prawn,newsletter,p1048,2
9204,perfect prawn,newsletter,p1053,2
9205,perfect prawn,newsletter,p1057,2
9206,perfect prawn,newsletter,p1058,2
9207,perfect prawn,newsletter,p1063,2
9208,perfect prawn,newsletter,p1064,2
9209,perfect prawn,newsletter,p1065,2
9210,perfect prawn,newsletter,p1069,2
9211,perfect prawn,newsletter,p1072,2
9212,perfect prawn,newsletter,p1073,2
9213,perfect prawn,newsletter,p1075,2
9214,perfect prawn,newsletter,p1076,2
9215,perfect prawn,newsletter,p1083,2
9216,perfect prawn,newsletter,p1089,2
9217,perfect prawn,newsletter,p1093,2
9218,perfect prawn,newsletter,p1096,2
9219,perfect prawn,newsletter,p1100,2
9220,perfect prawn,newsletter,p1106,2
9221,perfect prawn,newsletter,p1107,2
9222,perfect prawn,newsletter,p1113,2
9223,perfect prawn,newsletter,p1117,2
9224,perfect prawn,newsletter,p1120,2
9225,perfect prawn,newsletter,p1134,2
9226,perfect prawn,newsletter,p1136,2
9227,perfect prawn,newsletter,p1138,2
9228,perfect prawn,newsletter,p1144,2
9229,perfect prawn,newsletter,p1145,2
9230,perfect prawn,newsletter,p1147,2
9231,perfect prawn,newsletter,p1148,2
9232,perfect prawn,newsletter,p1154,2
9233,perfect prawn,newsletter,p1159,2
9234,perfect prawn,newsletter,p1167,2
9235,perfect prawn,newsletter,p1175,2
9236,perfect prawn,newsletter,p1178,2
9237,perfect prawn,newsletter,p1184,2
9238,perfect prawn,newsletter,p1186,2
9239,perfect prawn,newsletter,p1196,2
9240,perfect prawn,newsletter,p1197,2
9241,perfect prawn,newsletter,p1203,2
9242,perfect prawn,newsletter,p1219,2
9243,perfect prawn,newsletter,p1225,2
9244,perfect prawn,newsletter,p1234,2
9245,perfect prawn,newsletter,p1242,2
9246,perfect prawn,newsletter,p1244,2
9247,perfect prawn,newsletter,p1249,2
9248,perfect prawn,newsletter,p1250,2
9249,perfect prawn,newsletter,p1256,2
9250,perfect prawn,newsletter,p1258,2
9251,perfect prawn,newsletter,p1260,2
9252,perfect prawn,newsletter,p1262,No.
9253,perfect prawn,newsletter,p1264,2
9254,perfect prawn,newsletter,p1265,2
9255,perfect prawn,newsletter,p1269,2
9256,perfect prawn,newsletter,p1272,2
9257,perfect prawn,newsletter,p1278,2
9258,perfect prawn,newsletter,p1281,2
9259,perfect prawn,newsletter,p1292,2
9260,perfect prawn,newsletter,p1299,2
9261,perfect prawn,newsletter,p1312,2
9262,perfect prawn,newsletter,p1322,2
9263,perfect prawn,newsletter,p1326,2
9264,perfect prawn,newsletter,p1330,2
9265,perfect prawn,newsletter,p1335,2
9266,perfect prawn,newsletter,p1337,2
9267,perfect prawn,newsletter,p1340,2
9268,perfect prawn,newsletter,p1345,2
9269,perfect prawn,newsletter,p1351,2
9270,perfect prawn,newsletter,p1355,2
9271,perfect prawn,newsletter,p1362,2
9272,perfect prawn,newsletter,p1365,2
9273,perfect prawn,newsletter,p1366,2
9274,perfect prawn,newsletter,p1367,2
9275,perfect prawn,newsletter,p1370,2
9276,perfect prawn,newsletter,p1371,2
9277,perfect prawn,newsletter,p1373,2
9278,perfect prawn,newsletter,p1375,2
9279,perfect prawn,newsletter,p1376,2
9280,perfect prawn,newsletter,p1379,2
9281,perfect prawn,newsletter,p1381,2
9282,perfect prawn,newsletter,p1393,2
9283,perfect prawn,newsletter,p1396,2
9284,perfect prawn,newsletter,p1398,2
9285,perfect prawn,newsletter,p1404,2
9286,perfect prawn,newsletter,p1406,2
9287,perfect prawn,newsletter,p1407,2
9288,perfect prawn,newsletter,p1409,2
9289,perfect prawn,newsletter,p1412,2
9290,perfect prawn,newsletter,p1414,2
9291,perfect prawn,newsletter,p1424,No.
9292,perfect prawn,newsletter,p1425,2
9293,perfect prawn,newsletter,p1429,2
9294,perfect prawn,newsletter,p1434,2
9295,perfect prawn,newsletter,p1441,2
9296,perfect prawn,newsletter,p1445,No.
9297,perfect prawn,newsletter,p1450,2
9298,perfect prawn,newsletter,p1454,2
9299,perfect prawn,newsletter,p1456,2
9300,perfect prawn,newsletter,p1457,2
9301,perfect prawn,newsletter,p1458,2
9302,perfect prawn,newsletter,p1469,2
9303,perfect prawn,newsletter,p1470,2
9304,perfect prawn,newsletter,p1481,2
9305,perfect prawn,newsletter,p1488,2
9306,perfect prawn,newsletter,p1492,2
9307,perfect prawn,newsletter,p1495,2
9308,perfect prawn,newsletter,p1497,2
9309,perfect prawn,newsletter,p1499,2
9310,perfect prawn,newsletter,p1503,2
9311,perfect prawn,newsletter,p1511,2
9312,perfect prawn,newsletter,p1512,2
9313,perfect prawn,newsletter,p1518,2
9314,perfect prawn,newsletter,p1519,2
9315,perfect prawn,newsletter,p1520,2
9316,perfect prawn,newsletter,p1524,2
9317,perfect prawn,newsletter,p1526,2
9318,perfect prawn,newsletter,p1537,2
9319,perfect prawn,newsletter,p1545,2
9320,perfect prawn,newsletter,p1547,2
9321,perfect prawn,newsletter,p1552,2
9322,perfect prawn,newsletter,p1567,2
9323,perfect prawn,newsletter,p1568,2
9324,perfect prawn,newsletter,p1579,2
9325,perfect prawn,newsletter,p1587,2
9326,perfect prawn,newsletter,p1596,2
9327,perfect prawn,newsletter,p1600,2
9328,perfect prawn,newsletter,p1603,2
9329,perfect prawn,newsletter,p1604,2
9330,perfect prawn,newsletter,p1610,2
9331,perfect prawn,newsletter,p1618,No.
9332,perfect prawn,newsletter,p1619,2
9333,perfect prawn,newsletter,p1622,2
9334,perfect prawn,newsletter,p1623,2
9335,perfect prawn,newsletter,p1630,2
9336,perfect prawn,newsletter,p1641,2
9337,perfect prawn,newsletter,p1649,2
9338,perfect prawn,newsletter,p1652,2
9339,perfect prawn,newsletter,p1665,2
9340,perfect prawn,newsletter,p1669,2
9341,perfect prawn,newsletter,p1685,No.
9342,perfect prawn,newsletter,p1693,2
9343,perfect prawn,newsletter,p1698,2
9344,perfect prawn,newsletter,p1704,2
9345,perfect prawn,newsletter,p1711,2
9346,perfect prawn,newsletter,p1718,No.
9347,perfect prawn,newsletter,p1732,2
9348,perfect prawn,newsletter,p1739,2
9349,perfect prawn,newsletter,p1741,2
9350,perfect prawn,newsletter,p1746,2
9351,perfect prawn,newsletter,p1751,2
9352,perfect prawn,newsletter,p1754,2
9353,perfect prawn,newsletter,p1769,2
9354,perfect prawn,newsletter,p1771,2
9355,perfect prawn,newsletter,p1776,2
9356,perfect prawn,newsletter,p1780,2
9357,perfect prawn,newsletter,p1785,2
9358,perfect prawn,newsletter,p1791,2
9359,perfect prawn,newsletter,p1793,2
9360,perfect prawn,newsletter,p1796,2
9361,perfect prawn,newsletter,p1805,2
9362,perfect prawn,newsletter,p1812,2
9363,perfect prawn,newsletter,p1816,2
9364,perfect prawn,newsletter,p1819,2
9365,perfect prawn,newsletter,p1825,2
9366,perfect prawn,newsletter,p1836,2
9367,perfect prawn,newsletter,p1839,2
9368,perfect prawn,newsletter,p1861,No.
9369,perfect prawn,newsletter,p1863,2
9370,perfect prawn,newsletter,p1873,2
9371,perfect prawn,newsletter,p1875,2
9372,perfect prawn,newsletter,p1876,2
9373,perfect prawn,newsletter,p1877,2
9374,perfect prawn,newsletter,p1880,2
9375,perfect prawn,newsletter,p1883,2
9376,perfect prawn,newsletter,p1889,2
9377,perfect prawn,newsletter,p1893,2
9378,perfect prawn,newsletter,p1896,2
9379,perfect prawn,newsletter,p1913,2
9380,perfect prawn,newsletter,p1922,2
9381,perfect prawn,newsletter,p1930,2
9382,perfect prawn,newsletter,p1935,2
9383,perfect prawn,newsletter,p1940,2
9384,perfect prawn,newsletter,p1948,2
9385,perfect prawn,newsletter,p1950,2
9386,perfect prawn,newsletter,p1954,2
9387,perfect prawn,newsletter,p1956,2
9388,perfect prawn,newsletter,p1958,2
9389,perfect prawn,newsletter,p1967,2
9390,perfect prawn,newsletter,p1973,2
9391,perfect prawn,newsletter,p1978,2
9392,perfect prawn,newsletter,p1983,No.
9393,perfect prawn,newsletter,p1984,2
9394,perfect prawn,newsletter,p1995,2
9395,perfect prawn,newsletter,p1996,2
9396,perfect prawn,newsletter,p1997,2
9397,perfect prawn,newsletter,p2001,2
9398,perfect prawn,newsletter,p2002,2
9399,perfect prawn,newsletter,p2013,2
9400,perfect prawn,newsletter,p2014,2
9401,perfect prawn,newsletter,p2016,2
9402,perfect prawn,newsletter,p2018,2
9403,perfect prawn,newsletter,p2023,2
9404,perfect prawn,newsletter,p2025,2
9405,perfect prawn,newsletter,p2028,2
9406,perfect prawn,newsletter,p2030,2
9407,perfect prawn,newsletter,p2033,2
9408,perfect prawn,newsletter,p2040,2
9409,perfect prawn,newsletter,p2051,2
9410,perfect prawn,newsletter,p2052,2
9411,perfect prawn,newsletter,p2066,No.
9412,perfect prawn,newsletter,p2067,2
9413,perfect prawn,newsletter,p2073,2
9414,perfect prawn,newsletter,p2077,2
9415,perfect prawn,newsletter,p2078,2
9416,perfect prawn,newsletter,p2086,2
9417,perfect prawn,newsletter,p2089,2
9418,perfect prawn,newsletter,p2093,2
9419,perfect prawn,newsletter,p2094,2
9420,perfect prawn,newsletter,p2111,2
9421,perfect prawn,newsletter,p2117,2
9422,perfect prawn,newsletter,p2121,2
9423,perfect prawn,newsletter,p2127,2
9424,perfect prawn,newsletter,p2141,2
9425,perfect prawn,newsletter,p2142,2
9426,perfect prawn,newsletter,p2143,2
9427,perfect prawn,newsletter,p2153,2
9428,perfect prawn,newsletter,p2155,2
9429,perfect prawn,newsletter,p2169,2
9430,perfect prawn,newsletter,p2187,2
9431,perfect prawn,newsletter,p2188,2
9432,perfect prawn,newsletter,p2197,2
9433,perfect prawn,newsletter,p2213,2
9434,perfect prawn,newsletter,p2214,2
9435,perfect prawn,newsletter,p2215,2
9436,perfect prawn,newsletter,p2220,2
9437,perfect prawn,newsletter,p2223,2
9438,perfect prawn,newsletter,p2229,2
9439,perfect prawn,newsletter,p2234,2
9440,perfect prawn,newsletter,p2237,2
9441,perfect prawn,newsletter,p2238,2
9442,perfect prawn,newsletter,p2244,2
9443,perfect prawn,newsletter,p2248,2
9444,perfect prawn,newsletter,p2252,2
9445,perfect prawn,newsletter,p2255,2
9446,perfect prawn,newsletter,p2261,2
9447,perfect prawn,newsletter,p2263,2
9448,perfect prawn,newsletter,p2273,2
9449,perfect prawn,newsletter,p2275,2
9450,perfect prawn,newsletter,p2276,2
9451,perfect prawn,newsletter,p2283,2
9452,perfect prawn,newsletter,p2287,2
9453,perfect prawn,newsletter,p2296,2
9454,perfect prawn,newsletter,p2298,2
9455,perfect prawn,newsletter,p2304,2
9456,perfect prawn,newsletter,p2310,2
9457,perfect prawn,newsletter,p2322,2
9458,perfect prawn,newsletter,p2326,2
9459,perfect prawn,newsletter,p2330,2
9460,perfect prawn,newsletter,p2331,2
9461,perfect prawn,newsletter,p2333,2
9462,perfect prawn,newsletter,p2347,2
9463,perfect prawn,newsletter,p2350,2
9464,perfect prawn,newsletter,p2351,2
9465,perfect prawn,newsletter,p2353,2
9466,perfect prawn,newsletter,p2355,2
9467,perfect prawn,newsletter,p2363,2
9468,perfect prawn,newsletter,p2378,2
9469,perfect prawn,newsletter,p2380,2
9470,perfect prawn,newsletter,p2387,2
9471,perfect prawn,newsletter,p2398,2
9472,perfect prawn,newsletter,p2400,2
9473,perfect prawn,newsletter,p2403,2
9474,perfect prawn,newsletter,p2408,2
9475,perfect prawn,newsletter,p2418,2
9476,perfect prawn,newsletter,p2426,2
9477,perfect prawn,newsletter,p2428,2
9478,perfect prawn,newsletter,p2434,2
9479,perfect prawn,newsletter,p2446,2
9480,perfect prawn,newsletter,p2452,2
9481,perfect prawn,newsletter,p2454,2
9482,perfect prawn,newsletter,p2462,2
9483,perfect prawn,newsletter,p2467,2
9484,perfect prawn,newsletter,p2482,2
9485,perfect prawn,newsletter,p2489,2
9486,perfect prawn,newsletter,p2490,2
9487,perfect prawn,newsletter,p2494,2
9488,perfect prawn,newsletter,p2502,2
9489,perfect prawn,newsletter,p2503,2
9490,perfect prawn,newsletter,p2522,2
9491,perfect prawn,newsletter,p2524,2
9492,perfect prawn,newsletter,p2533,2
9493,perfect prawn,newsletter,p2566,2
9494,perfect prawn,newsletter,p2571,2
9495,perfect prawn,newsletter,p2573,2
9496,perfect prawn,newsletter,p2582,2
9497,perfect prawn,newsletter,p2591,2
9498,perfect prawn,newsletter,p2592,2
9499,perfect prawn,newsletter,p2595,2
9500,perfect prawn,inst_trust_epa_1,p0016,55
9501,perfect prawn,inst_trust_epa_1,p0022,45
9502,perfect prawn,inst_trust_epa_1,p0023,62
9503,perfect prawn,inst_trust_epa_1,p0026,55
9504,perfect prawn,inst_trust_epa_1,p0034,45
9505,perfect prawn,inst_trust_epa_1,p0036,45
9506,perfect prawn,inst_trust_epa_1,p0037,55
9507,perfect prawn,inst_trust_epa_1,p0042,55
9508,perfect prawn,inst_trust_epa_1,p0057,45
9509,perfect prawn,inst_trust_epa_1,p0066,45
9510,perfect prawn,inst_trust_epa_1,p0069,35
9511,perfect prawn,inst_trust_epa_1,p0072,55
9512,perfect prawn,inst_trust_epa_1,p0073,45
9513,perfect prawn,inst_trust_epa_1,p0082,55
9514,perfect prawn,inst_trust_epa_1,p0091,55
9515,perfect prawn,inst_trust_epa_1,p0092,45
9516,perfect prawn,inst_trust_epa_1,p0093,55
9517,perfect prawn,inst_trust_epa_1,p0095,55
9518,perfect prawn,inst_trust_epa_1,p0107,45
9519,perfect prawn,inst_trust_epa_1,p0114,55
9520,perfect prawn,inst_trust_epa_1,p0116,45
9521,perfect prawn,inst_trust_epa_1,p0118,45
9522,perfect prawn,inst_trust_epa_1,p0119,55
9523,perfect prawn,inst_trust_epa_1,p0126,55
9524,perfect prawn,inst_trust_epa_1,p0129,65
9525,perfect prawn,inst_trust_epa_1,p0136,45
9526,perfect prawn,inst_trust_epa_1,p0138,45
9527,perfect prawn,inst_trust_epa_1,p0144,45
9528,perfect prawn,inst_trust_epa_1,p0150,35
9529,perfect prawn,inst_trust_epa_1,p0152,45
9530,perfect prawn,inst_trust_epa_1,p0158,45
9531,perfect prawn,inst_trust_epa_1,p0161,45
9532,perfect prawn,inst_trust_epa_1,p0164,45
9533,perfect prawn,inst_trust_epa_1,p0175,55
9534,perfect prawn,inst_trust_epa_1,p0177,55
9535,perfect prawn,inst_trust_epa_1,p0178,55
9536,perfect prawn,inst_trust_epa_1,p0181,35
9537,perfect prawn,inst_trust_epa_1,p0186,45
9538,perfect prawn,inst_trust_epa_1,p0196,45
9539,perfect prawn,inst_trust_epa_1,p0198,55
9540,perfect prawn,inst_trust_epa_1,p0202,65
9541,perfect prawn,inst_trust_epa_1,p0205,35
9542,perfect prawn,inst_trust_epa_1,p0207,45
9543,perfect prawn,inst_trust_epa_1,p0211,45
9544,perfect prawn,inst_trust_epa_1,p0227,62
9545,perfect prawn,inst_trust_epa_1,p0229,45
9546,perfect prawn,inst_trust_epa_1,p0232,55
9547,perfect prawn,inst_trust_epa_1,p0233,45
9548,perfect prawn,inst_trust_epa_1,p0237,68
9549,perfect prawn,inst_trust_epa_1,p0258,45
9550,perfect prawn,inst_trust_epa_1,p0268,35
9551,perfect prawn,inst_trust_epa_1,p0274,55
9552,perfect prawn,inst_trust_epa_1,p0275,35
9553,perfect prawn,inst_trust_epa_1,p0277,35
9554,perfect prawn,inst_trust_epa_1,p0288,45
9555,perfect prawn,inst_trust_epa_1,p0291,55
9556,perfect prawn,inst_trust_epa_1,p0307,45
9557,perfect prawn,inst_trust_epa_1,p0308,62
9558,perfect prawn,inst_trust_epa_1,p0317,35
9559,perfect prawn,inst_trust_epa_1,p0325,62
9560,perfect prawn,inst_trust_epa_1,p0327,62
9561,perfect prawn,inst_trust_epa_1,p0334,55
9562,perfect prawn,inst_trust_epa_1,p0336,55
9563,perfect prawn,inst_trust_epa_1,p0338,35
9564,perfect prawn,inst_trust_epa_1,p0342,55
9565,perfect prawn,inst_trust_epa_1,p0349,45
9566,perfect prawn,inst_trust_epa_1,p0356,45
9567,perfect prawn,inst_trust_epa_1,p0358,55
9568,perfect prawn,inst_trust_epa_1,p0363,55
9569,perfect prawn,inst_trust_epa_1,p0364,58
9570,perfect prawn,inst_trust_epa_1,p0369,68
9571,perfect prawn,inst_trust_epa_1,p0370,45
9572,perfect prawn,inst_trust_epa_1,p0371,45
9573,perfect prawn,inst_trust_epa_1,p0379,45
9574,perfect prawn,inst_trust_epa_1,p0386,55
9575,perfect prawn,inst_trust_epa_1,p0396,55
9576,perfect prawn,inst_trust_epa_1,p0403,45
9577,perfect prawn,inst_trust_epa_1,p0405,55
9578,perfect prawn,inst_trust_epa_1,p0412,55
9579,perfect prawn,inst_trust_epa_1,p0415,45
9580,perfect prawn,inst_trust_epa_1,p0416,55
9581,perfect prawn,inst_trust_epa_1,p0417,55
9582,perfect prawn,inst_trust_epa_1,p0418,45
9583,perfect prawn,inst_trust_epa_1,p0430,55
9584,perfect prawn,inst_trust_epa_1,p0431,62
9585,perfect prawn,inst_trust_epa_1,p0434,35
9586,perfect prawn,inst_trust_epa_1,p0438,55
9587,perfect prawn,inst_trust_epa_1,p0441,45
9588,perfect prawn,inst_trust_epa_1,p0442,35
9589,perfect prawn,inst_trust_epa_1,p0449,45
9590,perfect prawn,inst_trust_epa_1,p0450,55
9591,perfect prawn,inst_trust_epa_1,p0465,45
9592,perfect prawn,inst_trust_epa_1,p0471,55
9593,perfect prawn,inst_trust_epa_1,p0477,45
9594,perfect prawn,inst_trust_epa_1,p0483,55
9595,perfect prawn,inst_trust_epa_1,p0486,68
9596,perfect prawn,inst_trust_epa_1,p0487,55
9597,perfect prawn,inst_trust_epa_1,p0489,55
9598,perfect prawn,inst_trust_epa_1,p0497,35
9599,perfect prawn,inst_trust_epa_1,p0502,45
9600,perfect prawn,inst_trust_epa_1,p0503,55
9601,perfect prawn,inst_trust_epa_1,p0506,45
9602,perfect prawn,inst_trust_epa_1,p0511,45
9603,perfect prawn,inst_trust_epa_1,p0523,55
9604,perfect prawn,inst_trust_epa_1,p0534,68
9605,perfect prawn,inst_trust_epa_1,p0536,55
9606,perfect prawn,inst_trust_epa_1,p0542,35
9607,perfect prawn,inst_trust_epa_1,p0547,55
9608,perfect prawn,inst_trust_epa_1,p0553,55
9609,perfect prawn,inst_trust_epa_1,p0559,55
9610,perfect prawn,inst_trust_epa_1,p0566,45
9611,perfect prawn,inst_trust_epa_1,p0568,45
9612,perfect prawn,inst_trust_epa_1,p0570,35
9613,perfect prawn,inst_trust_epa_1,p0573,45
9614,perfect prawn,inst_trust_epa_1,p0578,45
9615,perfect prawn,inst_trust_epa_1,p0594,45
9616,perfect prawn,inst_trust_epa_1,p0597,55
9617,perfect prawn,inst_trust_epa_1,p0601,45
9618,perfect prawn,inst_trust_epa_1,p0602,45
9619,perfect prawn,inst_trust_epa_1,p0605,45
9620,perfect prawn,inst_trust_epa_1,p0615,45
9621,perfect prawn,inst_trust_epa_1,p0620,55
9622,perfect prawn,inst_trust_epa_1,p0626,55
9623,perfect prawn,inst_trust_epa_1,p0629,55
9624,perfect prawn,inst_trust_epa_1,p0633,45
9625,perfect prawn,inst_trust_epa_1,p0638,55
9626,perfect prawn,inst_trust_epa_1,p0639,45
9627,perfect prawn,inst_trust_epa_1,p0640,45
9628,perfect prawn,inst_trust_epa_1,p0655,55
9629,perfect prawn,inst_trust_epa_1,p0656,55
9630,perfect prawn,inst_trust_epa_1,p0658,35
9631,perfect prawn,inst_trust_epa_1,p0661,45
9632,perfect prawn,inst_trust_epa_1,p0669,65
9633,perfect prawn,inst_trust_epa_1,p0670,45
9634,perfect prawn,inst_trust_epa_1,p0672,55
9635,perfect prawn,inst_trust_epa_1,p0674,55
9636,perfect prawn,inst_trust_epa_1,p0678,55
9637,perfect prawn,inst_trust_epa_1,p0683,55
9638,perfect prawn,inst_trust_epa_1,p0686,45
9639,perfect prawn,inst_trust_epa_1,p0687,55
9640,perfect prawn,inst_trust_epa_1,p0698,45
9641,perfect prawn,inst_trust_epa_1,p0700,45
9642,perfect prawn,inst_trust_epa_1,p0703,45
9643,perfect prawn,inst_trust_epa_1,p0718,45
9644,perfect prawn,inst_trust_epa_1,p0744,55
9645,perfect prawn,inst_trust_epa_1,p0745,45
9646,perfect prawn,inst_trust_epa_1,p0753,45
9647,perfect prawn,inst_trust_epa_1,p0770,55
9648,perfect prawn,inst_trust_epa_1,p0771,55
9649,perfect prawn,inst_trust_epa_1,p0777,62
9650,perfect prawn,inst_trust_epa_1,p0779,55
9651,perfect prawn,inst_trust_epa_1,p0780,45
9652,perfect prawn,inst_trust_epa_1,p0783,45
9653,perfect prawn,inst_trust_epa_1,p0785,45
9654,perfect prawn,inst_trust_epa_1,p0786,35
9655,perfect prawn,inst_trust_epa_1,p0794,35
9656,perfect prawn,inst_trust_epa_1,p0798,25
9657,perfect prawn,inst_trust_epa_1,p0800,55
9658,perfect prawn,inst_trust_epa_1,p0820,35
9659,perfect prawn,inst_trust_epa_1,p0841,45
9660,perfect prawn,inst_trust_epa_1,p0849,55
9661,perfect prawn,inst_trust_epa_1,p0862,55
9662,perfect prawn,inst_trust_epa_1,p0867,55
9663,perfect prawn,inst_trust_epa_1,p0869,62
9664,perfect prawn,inst_trust_epa_1,p0872,55
9665,perfect prawn,inst_trust_epa_1,p0880,45
9666,perfect prawn,inst_trust_epa_1,p0891,55
9667,perfect prawn,inst_trust_epa_1,p0916,55
9668,perfect prawn,inst_trust_epa_1,p0917,62
9669,perfect prawn,inst_trust_epa_1,p0919,55
9670,perfect prawn,inst_trust_epa_1,p0922,45
9671,perfect prawn,inst_trust_epa_1,p0925,55
9672,perfect prawn,inst_trust_epa_1,p0927,55
9673,perfect prawn,inst_trust_epa_1,p0929,45
9674,perfect prawn,inst_trust_epa_1,p0930,35
9675,perfect prawn,inst_trust_epa_1,p0931,35
9676,perfect prawn,inst_trust_epa_1,p0933,45
9677,perfect prawn,inst_trust_epa_1,p0934,35
9678,perfect prawn,inst_trust_epa_1,p0936,55
9679,perfect prawn,inst_trust_epa_1,p0938,55
9680,perfect prawn,inst_trust_epa_1,p0939,45
9681,perfect prawn,inst_trust_epa_1,p0946,45
9682,perfect prawn,inst_trust_epa_1,p0951,45
9683,perfect prawn,inst_trust_epa_1,p0956,55
9684,perfect prawn,inst_trust_epa_1,p0962,45
9685,perfect prawn,inst_trust_epa_1,p0963,55
9686,perfect prawn,inst_trust_epa_1,p0969,45
9687,perfect prawn,inst_trust_epa_1,p0972,45
9688,perfect prawn,inst_trust_epa_1,p0975,45
9689,perfect prawn,inst_trust_epa_1,p0985,35
9690,perfect prawn,inst_trust_epa_1,p0993,45
9691,perfect prawn,inst_trust_epa_1,p0996,45
9692,perfect prawn,inst_trust_epa_1,p1011,45
9693,perfect prawn,inst_trust_epa_1,p1017,45
9694,perfect prawn,inst_trust_epa_1,p1020,45
9695,perfect prawn,inst_trust_epa_1,p1022,55
9696,perfect prawn,inst_trust_epa_1,p1024,35
9697,perfect prawn,inst_trust_epa_1,p1027,55
9698,perfect prawn,inst_trust_epa_1,p1028,68
9699,perfect prawn,inst_trust_epa_1,p1029,35
9700,perfect prawn,inst_trust_epa_1,p1032,45
9701,perfect prawn,inst_trust_epa_1,p1040,45
9702,perfect prawn,inst_trust_epa_1,p1047,35
9703,perfect prawn,inst_trust_epa_1,p1048,45
9704,perfect prawn,inst_trust_epa_1,p1053,45
9705,perfect prawn,inst_trust_epa_1,p1057,45
9706,perfect prawn,inst_trust_epa_1,p1058,45
9707,perfect prawn,inst_trust_epa_1,p1063,35
9708,perfect prawn,inst_trust_epa_1,p1064,55
9709,perfect prawn,inst_trust_epa_1,p1065,45
9710,perfect prawn,inst_trust_epa_1,p1069,45
9711,perfect prawn,inst_trust_epa_1,p1072,55
9712,perfect prawn,inst_trust_epa_1,p1073,55
9713,perfect prawn,inst_trust_epa_1,p1075,55
9714,perfect prawn,inst_trust_epa_1,p1076,35
9715,perfect prawn,inst_trust_epa_1,p1083,45
9716,perfect prawn,inst_trust_epa_1,p1089,55
9717,perfect prawn,inst_trust_epa_1,p1093,55
9718,perfect prawn,inst_trust_epa_1,p1096,55
9719,perfect prawn,inst_trust_epa_1,p1100,45
9720,perfect prawn,inst_trust_epa_1,p1106,55
9721,perfect prawn,inst_trust_epa_1,p1107,45
9722,perfect prawn,inst_trust_epa_1,p1113,35
9723,perfect prawn,inst_trust_epa_1,p1117,35
9724,perfect prawn,inst_trust_epa_1,p1120,45
9725,perfect prawn,inst_trust_epa_1,p1134,45
9726,perfect prawn,inst_trust_epa_1,p1136,45
9727,perfect prawn,inst_trust_epa_1,p1138,55
9728,perfect prawn,inst_trust_epa_1,p1144,35
9729,perfect prawn,inst_trust_epa_1,p1145,68
9730,perfect prawn,inst_trust_epa_1,p1147,68
9731,perfect prawn,inst_trust_epa_1,p1148,55
9732,perfect prawn,inst_trust_epa_1,p1154,62
9733,perfect prawn,inst_trust_epa_1,p1159,45
9734,perfect prawn,inst_trust_epa_1,p1167,55
9735,perfect prawn,inst_trust_epa_1,p1175,55
9736,perfect prawn,inst_trust_epa_1,p1178,45
9737,perfect prawn,inst_trust_epa_1,p1184,45
9738,perfect prawn,inst_trust_epa_1,p1186,55
9739,perfect prawn,inst_trust_epa_1,p1196,35
9740,perfect prawn,inst_trust_epa_1,p1197,45
9741,perfect prawn,inst_trust_epa_1,p1203,55
9742,perfect prawn,inst_trust_epa_1,p1219,45
9743,perfect prawn,inst_trust_epa_1,p1225,45
9744,perfect prawn,inst_trust_epa_1,p1234,45
9745,perfect prawn,inst_trust_epa_1,p1242,45
9746,perfect prawn,inst_trust_epa_1,p1244,55
9747,perfect prawn,inst_trust_epa_1,p1249,45
9748,perfect prawn,inst_trust_epa_1,p1250,45
9749,perfect prawn,inst_trust_epa_1,p1256,45
9750,perfect prawn,inst_trust_epa_1,p1258,68
9751,perfect prawn,inst_trust_epa_1,p1260,45
9752,perfect prawn,inst_trust_epa_1,p1262,35
9753,perfect prawn,inst_trust_epa_1,p1264,45
9754,perfect prawn,inst_trust_epa_1,p1265,58
9755,perfect prawn,inst_trust_epa_1,p1269,45
9756,perfect prawn,inst_trust_epa_1,p1272,55
9757,perfect prawn,inst_trust_epa_1,p1278,55
9758,perfect prawn,inst_trust_epa_1,p1281,45
9759,perfect prawn,inst_trust_epa_1,p1292,45
9760,perfect prawn,inst_trust_epa_1,p1299,45
9761,perfect prawn,inst_trust_epa_1,p1312,45
9762,perfect prawn,inst_trust_epa_1,p1322,55
9763,perfect prawn,inst_trust_epa_1,p1326,55
9764,perfect prawn,inst_trust_epa_1,p1330,55
9765,perfect prawn,inst_trust_epa_1,p1335,55
9766,perfect prawn,inst_trust_epa_1,p1337,45
9767,perfect prawn,inst_trust_epa_1,p1340,62
9768,perfect prawn,inst_trust_epa_1,p1345,55
9769,perfect prawn,inst_trust_epa_1,p1351,35
9770,perfect prawn,inst_trust_epa_1,p1355,45
9771,perfect prawn,inst_trust_epa_1,p1362,35
9772,perfect prawn,inst_trust_epa_1,p1365,45
9773,perfect prawn,inst_trust_epa_1,p1366,45
9774,perfect prawn,inst_trust_epa_1,p1367,45
9775,perfect prawn,inst_trust_epa_1,p1370,45
9776,perfect prawn,inst_trust_epa_1,p1371,65
9777,perfect prawn,inst_trust_epa_1,p1373,45
9778,perfect prawn,inst_trust_epa_1,p1375,35
9779,perfect prawn,inst_trust_epa_1,p1376,45
9780,perfect prawn,inst_trust_epa_1,p1379,45
9781,perfect prawn,inst_trust_epa_1,p1381,35
9782,perfect prawn,inst_trust_epa_1,p1393,45
9783,perfect prawn,inst_trust_epa_1,p1396,55
9784,perfect prawn,inst_trust_epa_1,p1398,45
9785,perfect prawn,inst_trust_epa_1,p1404,45
9786,perfect prawn,inst_trust_epa_1,p1406,45
9787,perfect prawn,inst_trust_epa_1,p1407,45
9788,perfect prawn,inst_trust_epa_1,p1409,55
9789,perfect prawn,inst_trust_epa_1,p1412,45
9790,perfect prawn,inst_trust_epa_1,p1414,68
9791,perfect prawn,inst_trust_epa_1,p1424,45
9792,perfect prawn,inst_trust_epa_1,p1425,35
9793,perfect prawn,inst_trust_epa_1,p1429,45
9794,perfect prawn,inst_trust_epa_1,p1434,45
9795,perfect prawn,inst_trust_epa_1,p1441,45
9796,perfect prawn,inst_trust_epa_1,p1445,45
9797,perfect prawn,inst_trust_epa_1,p1450,55
9798,perfect prawn,inst_trust_epa_1,p1454,55
9799,perfect prawn,inst_trust_epa_1,p1456,35
9800,perfect prawn,inst_trust_epa_1,p1457,45
9801,perfect prawn,inst_trust_epa_1,p1458,62
9802,perfect prawn,inst_trust_epa_1,p1469,45
9803,perfect prawn,inst_trust_epa_1,p1470,45
9804,perfect prawn,inst_trust_epa_1,p1481,45
9805,perfect prawn,inst_trust_epa_1,p1488,45
9806,perfect prawn,inst_trust_epa_1,p1492,45
9807,perfect prawn,inst_trust_epa_1,p1495,45
9808,perfect prawn,inst_trust_epa_1,p1497,45
9809,perfect prawn,inst_trust_epa_1,p1499,45
9810,perfect prawn,inst_trust_epa_1,p1503,55
9811,perfect prawn,inst_trust_epa_1,p1511,55
9812,perfect prawn,inst_trust_epa_1,p1512,45
9813,perfect prawn,inst_trust_epa_1,p1518,35
9814,perfect prawn,inst_trust_epa_1,p1519,45
9815,perfect prawn,inst_trust_epa_1,p1520,35
9816,perfect prawn,inst_trust_epa_1,p1524,45
9817,perfect prawn,inst_trust_epa_1,p1526,35
9818,perfect prawn,inst_trust_epa_1,p1537,45
9819,perfect prawn,inst_trust_epa_1,p1545,55
9820,perfect prawn,inst_trust_epa_1,p1547,45
9821,perfect prawn,inst_trust_epa_1,p1552,65
9822,perfect prawn,inst_trust_epa_1,p1567,45
9823,perfect prawn,inst_trust_epa_1,p1568,45
9824,perfect prawn,inst_trust_epa_1,p1579,35
9825,perfect prawn,inst_trust_epa_1,p1587,35
9826,perfect prawn,inst_trust_epa_1,p1596,35
9827,perfect prawn,inst_trust_epa_1,p1600,55
9828,perfect prawn,inst_trust_epa_1,p1603,55
9829,perfect prawn,inst_trust_epa_1,p1604,45
9830,perfect prawn,inst_trust_epa_1,p1610,45
9831,perfect prawn,inst_trust_epa_1,p1618,35
9832,perfect prawn,inst_trust_epa_1,p1619,68
9833,perfect prawn,inst_trust_epa_1,p1622,55
9834,perfect prawn,inst_trust_epa_1,p1623,35
9835,perfect prawn,inst_trust_epa_1,p1630,35
9836,perfect prawn,inst_trust_epa_1,p1641,45
9837,perfect prawn,inst_trust_epa_1,p1649,45
9838,perfect prawn,inst_trust_epa_1,p1652,45
9839,perfect prawn,inst_trust_epa_1,p1665,45
9840,perfect prawn,inst_trust_epa_1,p1669,35
9841,perfect prawn,inst_trust_epa_1,p1685,45
9842,perfect prawn,inst_trust_epa_1,p1693,55
9843,perfect prawn,inst_trust_epa_1,p1698,45
9844,perfect prawn,inst_trust_epa_1,p1704,45
9845,perfect prawn,inst_trust_epa_1,p1711,55
9846,perfect prawn,inst_trust_epa_1,p1718,45
9847,perfect prawn,inst_trust_epa_1,p1732,45
9848,perfect prawn,inst_trust_epa_1,p1739,55
9849,perfect prawn,inst_trust_epa_1,p1741,68
9850,perfect prawn,inst_trust_epa_1,p1746,35
9851,perfect prawn,inst_trust_epa_1,p1751,35
9852,perfect prawn,inst_trust_epa_1,p1754,45
9853,perfect prawn,inst_trust_epa_1,p1769,45
9854,perfect prawn,inst_trust_epa_1,p1771,45
9855,perfect prawn,inst_trust_epa_1,p1776,45
9856,perfect prawn,inst_trust_epa_1,p1780,55
9857,perfect prawn,inst_trust_epa_1,p1785,35
9858,perfect prawn,inst_trust_epa_1,p1791,55
9859,perfect prawn,inst_trust_epa_1,p1793,45
9860,perfect prawn,inst_trust_epa_1,p1796,45
9861,perfect prawn,inst_trust_epa_1,p1805,45
9862,perfect prawn,inst_trust_epa_1,p1812,62
9863,perfect prawn,inst_trust_epa_1,p1816,45
9864,perfect prawn,inst_trust_epa_1,p1819,55
9865,perfect prawn,inst_trust_epa_1,p1825,55
9866,perfect prawn,inst_trust_epa_1,p1836,55
9867,perfect prawn,inst_trust_epa_1,p1839,55
9868,perfect prawn,inst_trust_epa_1,p1861,45
9869,perfect prawn,inst_trust_epa_1,p1863,55
9870,perfect prawn,inst_trust_epa_1,p1873,55
9871,perfect prawn,inst_trust_epa_1,p1875,45
9872,perfect prawn,inst_trust_epa_1,p1876,62
9873,perfect prawn,inst_trust_epa_1,p1877,45
9874,perfect prawn,inst_trust_epa_1,p1880,45
9875,perfect prawn,inst_trust_epa_1,p1883,45
9876,perfect prawn,inst_trust_epa_1,p1889,35
9877,perfect prawn,inst_trust_epa_1,p1893,55
9878,perfect prawn,inst_trust_epa_1,p1896,55
9879,perfect prawn,inst_trust_epa_1,p1913,45
9880,perfect prawn,inst_trust_epa_1,p1922,65
9881,perfect prawn,inst_trust_epa_1,p1930,62
9882,perfect prawn,inst_trust_epa_1,p1935,55
9883,perfect prawn,inst_trust_epa_1,p1940,55
9884,perfect prawn,inst_trust_epa_1,p1948,35
9885,perfect prawn,inst_trust_epa_1,p1950,45
9886,perfect prawn,inst_trust_epa_1,p1954,45
9887,perfect prawn,inst_trust_epa_1,p1956,35
9888,perfect prawn,inst_trust_epa_1,p1958,45
9889,perfect prawn,inst_trust_epa_1,p1967,55
9890,perfect prawn,inst_trust_epa_1,p1973,68
9891,perfect prawn,inst_trust_epa_1,p1978,55
9892,perfect prawn,inst_trust_epa_1,p1983,45
9893,perfect prawn,inst_trust_epa_1,p1984,45
9894,perfect prawn,inst_trust_epa_1,p1995,45
9895,perfect prawn,inst_trust_epa_1,p1996,45
9896,perfect prawn,inst_trust_epa_1,p1997,55
9897,perfect prawn,inst_trust_epa_1,p2001,55
9898,perfect prawn,inst_trust_epa_1,p2002,45
9899,perfect prawn,inst_trust_epa_1,p2013,62
9900,perfect prawn,inst_trust_epa_1,p2014,45
9901,perfect prawn,inst_trust_epa_1,p2016,55
9902,perfect prawn,inst_trust_epa_1,p2018,35
9903,perfect prawn,inst_trust_epa_1,p2023,55
9904,perfect prawn,inst_trust_epa_1,p2025,65
9905,perfect prawn,inst_trust_epa_1,p2028,45
9906,perfect prawn,inst_trust_epa_1,p2030,55
9907,perfect prawn,inst_trust_epa_1,p2033,55
9908,perfect prawn,inst_trust_epa_1,p2040,35
9909,perfect prawn,inst_trust_epa_1,p2051,35
9910,perfect prawn,inst_trust_epa_1,p2052,55
9911,perfect prawn,inst_trust_epa_1,p2066,45
9912,perfect prawn,inst_trust_epa_1,p2067,62
9913,perfect prawn,inst_trust_epa_1,p2073,55
9914,perfect prawn,inst_trust_epa_1,p2077,45
9915,perfect prawn,inst_trust_epa_1,p2078,55
9916,perfect prawn,inst_trust_epa_1,p2086,55
9917,perfect prawn,inst_trust_epa_1,p2089,55
9918,perfect prawn,inst_trust_epa_1,p2093,35
9919,perfect prawn,inst_trust_epa_1,p2094,55
9920,perfect prawn,inst_trust_epa_1,p2111,45
9921,perfect prawn,inst_trust_epa_1,p2117,55
9922,perfect prawn,inst_trust_epa_1,p2121,55
9923,perfect prawn,inst_trust_epa_1,p2127,45
9924,perfect prawn,inst_trust_epa_1,p2141,45
9925,perfect prawn,inst_trust_epa_1,p2142,35
9926,perfect prawn,inst_trust_epa_1,p2143,55
9927,perfect prawn,inst_trust_epa_1,p2153,35
9928,perfect prawn,inst_trust_epa_1,p2155,45
9929,perfect prawn,inst_trust_epa_1,p2169,35
9930,perfect prawn,inst_trust_epa_1,p2187,45
9931,perfect prawn,inst_trust_epa_1,p2188,68
9932,perfect prawn,inst_trust_epa_1,p2197,45
9933,perfect prawn,inst_trust_epa_1,p2213,45
9934,perfect prawn,inst_trust_epa_1,p2214,45
9935,perfect prawn,inst_trust_epa_1,p2215,62
9936,perfect prawn,inst_trust_epa_1,p2220,45
9937,perfect prawn,inst_trust_epa_1,p2223,45
9938,perfect prawn,inst_trust_epa_1,p2229,45
9939,perfect prawn,inst_trust_epa_1,p2234,55
9940,perfect prawn,inst_trust_epa_1,p2237,68
9941,perfect prawn,inst_trust_epa_1,p2238,45
9942,perfect prawn,inst_trust_epa_1,p2244,45
9943,perfect prawn,inst_trust_epa_1,p2248,58
9944,perfect prawn,inst_trust_epa_1,p2252,68
9945,perfect prawn,inst_trust_epa_1,p2255,25
9946,perfect prawn,inst_trust_epa_1,p2261,35
9947,perfect prawn,inst_trust_epa_1,p2263,45
9948,perfect prawn,inst_trust_epa_1,p2273,68
9949,perfect prawn,inst_trust_epa_1,p2275,45
9950,perfect prawn,inst_trust_epa_1,p2276,45
9951,perfect prawn,inst_trust_epa_1,p2283,35
9952,perfect prawn,inst_trust_epa_1,p2287,45
9953,perfect prawn,inst_trust_epa_1,p2296,45
9954,perfect prawn,inst_trust_epa_1,p2298,45
9955,perfect prawn,inst_trust_epa_1,p2304,62
9956,perfect prawn,inst_trust_epa_1,p2310,45
9957,perfect prawn,inst_trust_epa_1,p2322,35
9958,perfect prawn,inst_trust_epa_1,p2326,55
9959,perfect prawn,inst_trust_epa_1,p2330,45
9960,perfect prawn,inst_trust_epa_1,p2331,45
9961,perfect prawn,inst_trust_epa_1,p2333,35
9962,perfect prawn,inst_trust_epa_1,p2347,55
9963,perfect prawn,inst_trust_epa_1,p2350,45
9964,perfect prawn,inst_trust_epa_1,p2351,58
9965,perfect prawn,inst_trust_epa_1,p2353,55
9966,perfect prawn,inst_trust_epa_1,p2355,45
9967,perfect prawn,inst_trust_epa_1,p2363,45
9968,perfect prawn,inst_trust_epa_1,p2378,68
9969,perfect prawn,inst_trust_epa_1,p2380,55
9970,perfect prawn,inst_trust_epa_1,p2387,45
9971,perfect prawn,inst_trust_epa_1,p2398,55
9972,perfect prawn,inst_trust_epa_1,p2400,62
9973,perfect prawn,inst_trust_epa_1,p2403,68
9974,perfect prawn,inst_trust_epa_1,p2408,35
9975,perfect prawn,inst_trust_epa_1,p2418,55
9976,perfect prawn,inst_trust_epa_1,p2426,45
9977,perfect prawn,inst_trust_epa_1,p2428,35
9978,perfect prawn,inst_trust_epa_1,p2434,55
9979,perfect prawn,inst_trust_epa_1,p2446,35
9980,perfect prawn,inst_trust_epa_1,p2452,45
9981,perfect prawn,inst_trust_epa_1,p2454,45
9982,perfect prawn,inst_trust_epa_1,p2462,45
9983,perfect prawn,inst_trust_epa_1,p2467,35
9984,perfect prawn,inst_trust_epa_1,p2482,45
9985,perfect prawn,inst_trust_epa_1,p2489,45
9986,perfect prawn,inst_trust_epa_1,p2490,45
9987,perfect prawn,inst_trust_epa_1,p2494,45
9988,perfect prawn,inst_trust_epa_1,p2502,62
9989,perfect prawn,inst_trust_epa_1,p2503,45
9990,perfect prawn,inst_trust_epa_1,p2522,65
9991,perfect prawn,inst_trust_epa_1,p2524,62
9992,perfect prawn,inst_trust_epa_1,p2533,35
9993,perfect prawn,inst_trust_epa_1,p2566,45
9994,perfect prawn,inst_trust_epa_1,p2571,55
9995,perfect prawn,inst_trust_epa_1,p2573,45
9996,perfect prawn,inst_trust_epa_1,p2582,55
9997,perfect prawn,inst_trust_epa_1,p2591,45
9998,perfect prawn,inst_trust_epa_1,p2592,45
9999,perfect prawn,inst_trust_epa_1,p2595,35
10000,perfect prawn,inst_trust_nasa_1,p0016,85
10001,perfect prawn,inst_trust_nasa_1,p0022,75
10002,perfect prawn,inst_trust_nasa_1,p0023,85
10003,perfect prawn,inst_trust_nasa_1,p0026,82
10004,perfect prawn,inst_trust_nasa_1,p0034,75
10005,perfect prawn,inst_trust_nasa_1,p0036,75
10006,perfect prawn,inst_trust_nasa_1,p0037,78
10007,perfect prawn,inst_trust_nasa_1,p0042,78
10008,perfect prawn,inst_trust_nasa_1,p0057,75
10009,perfect prawn,inst_trust_nasa_1,p0066,85
10010,perfect prawn,inst_trust_nasa_1,p0069,75
10011,perfect prawn,inst_trust_nasa_1,p0072,88
10012,perfect prawn,inst_trust_nasa_1,p0073,75
10013,perfect prawn,inst_trust_nasa_1,p0082,85
10014,perfect prawn,inst_trust_nasa_1,p0091,85
10015,perfect prawn,inst_trust_nasa_1,p0092,75
10016,perfect prawn,inst_trust_nasa_1,p0093,85
10017,perfect prawn,inst_trust_nasa_1,p0095,78
10018,perfect prawn,inst_trust_nasa_1,p0107,75
10019,perfect prawn,inst_trust_nasa_1,p0114,85
10020,perfect prawn,inst_trust_nasa_1,p0116,68
10021,perfect prawn,inst_trust_nasa_1,p0118,75
10022,perfect prawn,inst_trust_nasa_1,p0119,82
10023,perfect prawn,inst_trust_nasa_1,p0126,78
10024,perfect prawn,inst_trust_nasa_1,p0129,85
10025,perfect prawn,inst_trust_nasa_1,p0136,75
10026,perfect prawn,inst_trust_nasa_1,p0138,65
10027,perfect prawn,inst_trust_nasa_1,p0144,72
10028,perfect prawn,inst_trust_nasa_1,p0150,65
10029,perfect prawn,inst_trust_nasa_1,p0152,75
10030,perfect prawn,inst_trust_nasa_1,p0158,68
10031,perfect prawn,inst_trust_nasa_1,p0161,85
10032,perfect prawn,inst_trust_nasa_1,p0164,75
10033,perfect prawn,inst_trust_nasa_1,p0175,75
10034,perfect prawn,inst_trust_nasa_1,p0177,78
10035,perfect prawn,inst_trust_nasa_1,p0178,85
10036,perfect prawn,inst_trust_nasa_1,p0181,65
10037,perfect prawn,inst_trust_nasa_1,p0186,68
10038,perfect prawn,inst_trust_nasa_1,p0196,75
10039,perfect prawn,inst_trust_nasa_1,p0198,85
10040,perfect prawn,inst_trust_nasa_1,p0202,85
10041,perfect prawn,inst_trust_nasa_1,p0205,75
10042,perfect prawn,inst_trust_nasa_1,p0207,75
10043,perfect prawn,inst_trust_nasa_1,p0211,75
10044,perfect prawn,inst_trust_nasa_1,p0227,85
10045,perfect prawn,inst_trust_nasa_1,p0229,75
10046,perfect prawn,inst_trust_nasa_1,p0232,85
10047,perfect prawn,inst_trust_nasa_1,p0233,75
10048,perfect prawn,inst_trust_nasa_1,p0237,88
10049,perfect prawn,inst_trust_nasa_1,p0258,75
10050,perfect prawn,inst_trust_nasa_1,p0268,65
10051,perfect prawn,inst_trust_nasa_1,p0274,85
10052,perfect prawn,inst_trust_nasa_1,p0275,35
10053,perfect prawn,inst_trust_nasa_1,p0277,65
10054,perfect prawn,inst_trust_nasa_1,p0288,85
10055,perfect prawn,inst_trust_nasa_1,p0291,85
10056,perfect prawn,inst_trust_nasa_1,p0307,75
10057,perfect prawn,inst_trust_nasa_1,p0308,75
10058,perfect prawn,inst_trust_nasa_1,p0317,75
10059,perfect prawn,inst_trust_nasa_1,p0325,85
10060,perfect prawn,inst_trust_nasa_1,p0327,85
10061,perfect prawn,inst_trust_nasa_1,p0334,85
10062,perfect prawn,inst_trust_nasa_1,p0336,85
10063,perfect prawn,inst_trust_nasa_1,p0338,45
10064,perfect prawn,inst_trust_nasa_1,p0342,82
10065,perfect prawn,inst_trust_nasa_1,p0349,75
10066,perfect prawn,inst_trust_nasa_1,p0356,75
10067,perfect prawn,inst_trust_nasa_1,p0358,78
10068,perfect prawn,inst_trust_nasa_1,p0363,78
10069,perfect prawn,inst_trust_nasa_1,p0364,85
10070,perfect prawn,inst_trust_nasa_1,p0369,88
10071,perfect prawn,inst_trust_nasa_1,p0370,68
10072,perfect prawn,inst_trust_nasa_1,p0371,75
10073,perfect prawn,inst_trust_nasa_1,p0379,75
10074,perfect prawn,inst_trust_nasa_1,p0386,82
10075,perfect prawn,inst_trust_nasa_1,p0396,78
10076,perfect prawn,inst_trust_nasa_1,p0403,75
10077,perfect prawn,inst_trust_nasa_1,p0405,85
10078,perfect prawn,inst_trust_nasa_1,p0412,85
10079,perfect prawn,inst_trust_nasa_1,p0415,68
10080,perfect prawn,inst_trust_nasa_1,p0416,78
10081,perfect prawn,inst_trust_nasa_1,p0417,78
10082,perfect prawn,inst_trust_nasa_1,p0418,75
10083,perfect prawn,inst_trust_nasa_1,p0430,85
10084,perfect prawn,inst_trust_nasa_1,p0431,85
10085,perfect prawn,inst_trust_nasa_1,p0434,45
10086,perfect prawn,inst_trust_nasa_1,p0438,85
10087,perfect prawn,inst_trust_nasa_1,p0441,85
10088,perfect prawn,inst_trust_nasa_1,p0442,65
10089,perfect prawn,inst_trust_nasa_1,p0449,68
10090,perfect prawn,inst_trust_nasa_1,p0450,85
10091,perfect prawn,inst_trust_nasa_1,p0465,75
10092,perfect prawn,inst_trust_nasa_1,p0471,78
10093,perfect prawn,inst_trust_nasa_1,p0477,78
10094,perfect prawn,inst_trust_nasa_1,p0483,78
10095,perfect prawn,inst_trust_nasa_1,p0486,85
10096,perfect prawn,inst_trust_nasa_1,p0487,78
10097,perfect prawn,inst_trust_nasa_1,p0489,85
10098,perfect prawn,inst_trust_nasa_1,p0497,75
10099,perfect prawn,inst_trust_nasa_1,p0502,75
10100,perfect prawn,inst_trust_nasa_1,p0503,85
10101,perfect prawn,inst_trust_nasa_1,p0506,68
10102,perfect prawn,inst_trust_nasa_1,p0511,75
10103,perfect prawn,inst_trust_nasa_1,p0523,78
10104,perfect prawn,inst_trust_nasa_1,p0534,85
10105,perfect prawn,inst_trust_nasa_1,p0536,78
10106,perfect prawn,inst_trust_nasa_1,p0542,75
10107,perfect prawn,inst_trust_nasa_1,p0547,85
10108,perfect prawn,inst_trust_nasa_1,p0553,78
10109,perfect prawn,inst_trust_nasa_1,p0559,82
10110,perfect prawn,inst_trust_nasa_1,p0566,75
10111,perfect prawn,inst_trust_nasa_1,p0568,75
10112,perfect prawn,inst_trust_nasa_1,p0570,65
10113,perfect prawn,inst_trust_nasa_1,p0573,75
10114,perfect prawn,inst_trust_nasa_1,p0578,75
10115,perfect prawn,inst_trust_nasa_1,p0594,68
10116,perfect prawn,inst_trust_nasa_1,p0597,75
10117,perfect prawn,inst_trust_nasa_1,p0601,75
10118,perfect prawn,inst_trust_nasa_1,p0602,68
10119,perfect prawn,inst_trust_nasa_1,p0605,75
10120,perfect prawn,inst_trust_nasa_1,p0615,75
10121,perfect prawn,inst_trust_nasa_1,p0620,78
10122,perfect prawn,inst_trust_nasa_1,p0626,78
10123,perfect prawn,inst_trust_nasa_1,p0629,88
10124,perfect prawn,inst_trust_nasa_1,p0633,75
10125,perfect prawn,inst_trust_nasa_1,p0638,78
10126,perfect prawn,inst_trust_nasa_1,p0639,75
10127,perfect prawn,inst_trust_nasa_1,p0640,75
10128,perfect prawn,inst_trust_nasa_1,p0655,85
10129,perfect prawn,inst_trust_nasa_1,p0656,78
10130,perfect prawn,inst_trust_nasa_1,p0658,75
10131,perfect prawn,inst_trust_nasa_1,p0661,75
10132,perfect prawn,inst_trust_nasa_1,p0669,85
10133,perfect prawn,inst_trust_nasa_1,p0670,68
10134,perfect prawn,inst_trust_nasa_1,p0672,78
10135,perfect prawn,inst_trust_nasa_1,p0674,78
10136,perfect prawn,inst_trust_nasa_1,p0678,82
10137,perfect prawn,inst_trust_nasa_1,p0683,78
10138,perfect prawn,inst_trust_nasa_1,p0686,75
10139,perfect prawn,inst_trust_nasa_1,p0687,82
10140,perfect prawn,inst_trust_nasa_1,p0698,75
10141,perfect prawn,inst_trust_nasa_1,p0700,75
10142,perfect prawn,inst_trust_nasa_1,p0703,75
10143,perfect prawn,inst_trust_nasa_1,p0718,75
10144,perfect prawn,inst_trust_nasa_1,p0744,85
10145,perfect prawn,inst_trust_nasa_1,p0745,78
10146,perfect prawn,inst_trust_nasa_1,p0753,68
10147,perfect prawn,inst_trust_nasa_1,p0770,82
10148,perfect prawn,inst_trust_nasa_1,p0771,75
10149,perfect prawn,inst_trust_nasa_1,p0777,85
10150,perfect prawn,inst_trust_nasa_1,p0779,78
10151,perfect prawn,inst_trust_nasa_1,p0780,68
10152,perfect prawn,inst_trust_nasa_1,p0783,75
10153,perfect prawn,inst_trust_nasa_1,p0785,75
10154,perfect prawn,inst_trust_nasa_1,p0786,65
10155,perfect prawn,inst_trust_nasa_1,p0794,68
10156,perfect prawn,inst_trust_nasa_1,p0798,75
10157,perfect prawn,inst_trust_nasa_1,p0800,85
10158,perfect prawn,inst_trust_nasa_1,p0820,75
10159,perfect prawn,inst_trust_nasa_1,p0841,75
10160,perfect prawn,inst_trust_nasa_1,p0849,78
10161,perfect prawn,inst_trust_nasa_1,p0862,85
10162,perfect prawn,inst_trust_nasa_1,p0867,85
10163,perfect prawn,inst_trust_nasa_1,p0869,85
10164,perfect prawn,inst_trust_nasa_1,p0872,85
10165,perfect prawn,inst_trust_nasa_1,p0880,75
10166,perfect prawn,inst_trust_nasa_1,p0891,78
10167,perfect prawn,inst_trust_nasa_1,p0916,78
10168,perfect prawn,inst_trust_nasa_1,p0917,85
10169,perfect prawn,inst_trust_nasa_1,p0919,85
10170,perfect prawn,inst_trust_nasa_1,p0922,75
10171,perfect prawn,inst_trust_nasa_1,p0925,75
10172,perfect prawn,inst_trust_nasa_1,p0927,82
10173,perfect prawn,inst_trust_nasa_1,p0929,75
10174,perfect prawn,inst_trust_nasa_1,p0930,75
10175,perfect prawn,inst_trust_nasa_1,p0931,68
10176,perfect prawn,inst_trust_nasa_1,p0933,75
10177,perfect prawn,inst_trust_nasa_1,p0934,75
10178,perfect prawn,inst_trust_nasa_1,p0936,78
10179,perfect prawn,inst_trust_nasa_1,p0938,78
10180,perfect prawn,inst_trust_nasa_1,p0939,75
10181,perfect prawn,inst_trust_nasa_1,p0946,75
10182,perfect prawn,inst_trust_nasa_1,p0951,75
10183,perfect prawn,inst_trust_nasa_1,p0956,78
10184,perfect prawn,inst_trust_nasa_1,p0962,75
10185,perfect prawn,inst_trust_nasa_1,p0963,78
10186,perfect prawn,inst_trust_nasa_1,p0969,75
10187,perfect prawn,inst_trust_nasa_1,p0972,75
10188,perfect prawn,inst_trust_nasa_1,p0975,75
10189,perfect prawn,inst_trust_nasa_1,p0985,65
10190,perfect prawn,inst_trust_nasa_1,p0993,75
10191,perfect prawn,inst_trust_nasa_1,p0996,75
10192,perfect prawn,inst_trust_nasa_1,p1011,72
10193,perfect prawn,inst_trust_nasa_1,p1017,75
10194,perfect prawn,inst_trust_nasa_1,p1020,75
10195,perfect prawn,inst_trust_nasa_1,p1022,85
10196,perfect prawn,inst_trust_nasa_1,p1024,65
10197,perfect prawn,inst_trust_nasa_1,p1027,85
10198,perfect prawn,inst_trust_nasa_1,p1028,88
10199,perfect prawn,inst_trust_nasa_1,p1029,62
10200,perfect prawn,inst_trust_nasa_1,p1032,75
10201,perfect prawn,inst_trust_nasa_1,p1040,75
10202,perfect prawn,inst_trust_nasa_1,p1047,75
10203,perfect prawn,inst_trust_nasa_1,p1048,75
10204,perfect prawn,inst_trust_nasa_1,p1053,75
10205,perfect prawn,inst_trust_nasa_1,p1057,75
10206,perfect prawn,inst_trust_nasa_1,p1058,75
10207,perfect prawn,inst_trust_nasa_1,p1063,65
10208,perfect prawn,inst_trust_nasa_1,p1064,85
10209,perfect prawn,inst_trust_nasa_1,p1065,75
10210,perfect prawn,inst_trust_nasa_1,p1069,75
10211,perfect prawn,inst_trust_nasa_1,p1072,85
10212,perfect prawn,inst_trust_nasa_1,p1073,78
10213,perfect prawn,inst_trust_nasa_1,p1075,78
10214,perfect prawn,inst_trust_nasa_1,p1076,65
10215,perfect prawn,inst_trust_nasa_1,p1083,68
10216,perfect prawn,inst_trust_nasa_1,p1089,85
10217,perfect prawn,inst_trust_nasa_1,p1093,85
10218,perfect prawn,inst_trust_nasa_1,p1096,78
10219,perfect prawn,inst_trust_nasa_1,p1100,75
10220,perfect prawn,inst_trust_nasa_1,p1106,75
10221,perfect prawn,inst_trust_nasa_1,p1107,75
10222,perfect prawn,inst_trust_nasa_1,p1113,75
10223,perfect prawn,inst_trust_nasa_1,p1117,55
10224,perfect prawn,inst_trust_nasa_1,p1120,78
10225,perfect prawn,inst_trust_nasa_1,p1134,75
10226,perfect prawn,inst_trust_nasa_1,p1136,68
10227,perfect prawn,inst_trust_nasa_1,p1138,82
10228,perfect prawn,inst_trust_nasa_1,p1144,75
10229,perfect prawn,inst_trust_nasa_1,p1145,85
10230,perfect prawn,inst_trust_nasa_1,p1147,85
10231,perfect prawn,inst_trust_nasa_1,p1148,85
10232,perfect prawn,inst_trust_nasa_1,p1154,85
10233,perfect prawn,inst_trust_nasa_1,p1159,85
10234,perfect prawn,inst_trust_nasa_1,p1167,82
10235,perfect prawn,inst_trust_nasa_1,p1175,85
10236,perfect prawn,inst_trust_nasa_1,p1178,75
10237,perfect prawn,inst_trust_nasa_1,p1184,75
10238,perfect prawn,inst_trust_nasa_1,p1186,82
10239,perfect prawn,inst_trust_nasa_1,p1196,75
10240,perfect prawn,inst_trust_nasa_1,p1197,68
10241,perfect prawn,inst_trust_nasa_1,p1203,78
10242,perfect prawn,inst_trust_nasa_1,p1219,68
10243,perfect prawn,inst_trust_nasa_1,p1225,75
10244,perfect prawn,inst_trust_nasa_1,p1234,75
10245,perfect prawn,inst_trust_nasa_1,p1242,75
10246,perfect prawn,inst_trust_nasa_1,p1244,85
10247,perfect prawn,inst_trust_nasa_1,p1249,75
10248,perfect prawn,inst_trust_nasa_1,p1250,75
10249,perfect prawn,inst_trust_nasa_1,p1256,75
10250,perfect prawn,inst_trust_nasa_1,p1258,85
10251,perfect prawn,inst_trust_nasa_1,p1260,75
10252,perfect prawn,inst_trust_nasa_1,p1262,75
10253,perfect prawn,inst_trust_nasa_1,p1264,75
10254,perfect prawn,inst_trust_nasa_1,p1265,78
10255,perfect prawn,inst_trust_nasa_1,p1269,75
10256,perfect prawn,inst_trust_nasa_1,p1272,75
10257,perfect prawn,inst_trust_nasa_1,p1278,85
10258,perfect prawn,inst_trust_nasa_1,p1281,75
10259,perfect prawn,inst_trust_nasa_1,p1292,75
10260,perfect prawn,inst_trust_nasa_1,p1299,75
10261,perfect prawn,inst_trust_nasa_1,p1312,75
10262,perfect prawn,inst_trust_nasa_1,p1322,85
10263,perfect prawn,inst_trust_nasa_1,p1326,82
10264,perfect prawn,inst_trust_nasa_1,p1330,75
10265,perfect prawn,inst_trust_nasa_1,p1335,85
10266,perfect prawn,inst_trust_nasa_1,p1337,75
10267,perfect prawn,inst_trust_nasa_1,p1340,82
10268,perfect prawn,inst_trust_nasa_1,p1345,75
10269,perfect prawn,inst_trust_nasa_1,p1351,75
10270,perfect prawn,inst_trust_nasa_1,p1355,68
10271,perfect prawn,inst_trust_nasa_1,p1362,75
10272,perfect prawn,inst_trust_nasa_1,p1365,78
10273,perfect prawn,inst_trust_nasa_1,p1366,75
10274,perfect prawn,inst_trust_nasa_1,p1367,75
10275,perfect prawn,inst_trust_nasa_1,p1370,75
10276,perfect prawn,inst_trust_nasa_1,p1371,88
10277,perfect prawn,inst_trust_nasa_1,p1373,75
10278,perfect prawn,inst_trust_nasa_1,p1375,75
10279,perfect prawn,inst_trust_nasa_1,p1376,75
10280,perfect prawn,inst_trust_nasa_1,p1379,75
10281,perfect prawn,inst_trust_nasa_1,p1381,68
10282,perfect prawn,inst_trust_nasa_1,p1393,75
10283,perfect prawn,inst_trust_nasa_1,p1396,85
10284,perfect prawn,inst_trust_nasa_1,p1398,75
10285,perfect prawn,inst_trust_nasa_1,p1404,75
10286,perfect prawn,inst_trust_nasa_1,p1406,75
10287,perfect prawn,inst_trust_nasa_1,p1407,68
10288,perfect prawn,inst_trust_nasa_1,p1409,78
10289,perfect prawn,inst_trust_nasa_1,p1412,75
10290,perfect prawn,inst_trust_nasa_1,p1414,88
10291,perfect prawn,inst_trust_nasa_1,p1424,75
10292,perfect prawn,inst_trust_nasa_1,p1425,75
10293,perfect prawn,inst_trust_nasa_1,p1429,75
10294,perfect prawn,inst_trust_nasa_1,p1434,75
10295,perfect prawn,inst_trust_nasa_1,p1441,68
10296,perfect prawn,inst_trust_nasa_1,p1445,75
10297,perfect prawn,inst_trust_nasa_1,p1450,78
10298,perfect prawn,inst_trust_nasa_1,p1454,78
10299,perfect prawn,inst_trust_nasa_1,p1456,65
10300,perfect prawn,inst_trust_nasa_1,p1457,65
10301,perfect prawn,inst_trust_nasa_1,p1458,85
10302,perfect prawn,inst_trust_nasa_1,p1469,75
10303,perfect prawn,inst_trust_nasa_1,p1470,85
10304,perfect prawn,inst_trust_nasa_1,p1481,85
10305,perfect prawn,inst_trust_nasa_1,p1488,75
10306,perfect prawn,inst_trust_nasa_1,p1492,72
10307,perfect prawn,inst_trust_nasa_1,p1495,75
10308,perfect prawn,inst_trust_nasa_1,p1497,75
10309,perfect prawn,inst_trust_nasa_1,p1499,78
10310,perfect prawn,inst_trust_nasa_1,p1503,82
10311,perfect prawn,inst_trust_nasa_1,p1511,85
10312,perfect prawn,inst_trust_nasa_1,p1512,75
10313,perfect prawn,inst_trust_nasa_1,p1518,75
10314,perfect prawn,inst_trust_nasa_1,p1519,75
10315,perfect prawn,inst_trust_nasa_1,p1520,65
10316,perfect prawn,inst_trust_nasa_1,p1524,75
10317,perfect prawn,inst_trust_nasa_1,p1526,75
10318,perfect prawn,inst_trust_nasa_1,p1537,75
10319,perfect prawn,inst_trust_nasa_1,p1545,78
10320,perfect prawn,inst_trust_nasa_1,p1547,75
10321,perfect prawn,inst_trust_nasa_1,p1552,85
10322,perfect prawn,inst_trust_nasa_1,p1567,75
10323,perfect prawn,inst_trust_nasa_1,p1568,75
10324,perfect prawn,inst_trust_nasa_1,p1579,55
10325,perfect prawn,inst_trust_nasa_1,p1587,45
10326,perfect prawn,inst_trust_nasa_1,p1596,68
10327,perfect prawn,inst_trust_nasa_1,p1600,85
10328,perfect prawn,inst_trust_nasa_1,p1603,78
10329,perfect prawn,inst_trust_nasa_1,p1604,75
10330,perfect prawn,inst_trust_nasa_1,p1610,75
10331,perfect prawn,inst_trust_nasa_1,p1618,75
10332,perfect prawn,inst_trust_nasa_1,p1619,88
10333,perfect prawn,inst_trust_nasa_1,p1622,85
10334,perfect prawn,inst_trust_nasa_1,p1623,65
10335,perfect prawn,inst_trust_nasa_1,p1630,75
10336,perfect prawn,inst_trust_nasa_1,p1641,75
10337,perfect prawn,inst_trust_nasa_1,p1649,65
10338,perfect prawn,inst_trust_nasa_1,p1652,72
10339,perfect prawn,inst_trust_nasa_1,p1665,75
10340,perfect prawn,inst_trust_nasa_1,p1669,75
10341,perfect prawn,inst_trust_nasa_1,p1685,75
10342,perfect prawn,inst_trust_nasa_1,p1693,75
10343,perfect prawn,inst_trust_nasa_1,p1698,75
10344,perfect prawn,inst_trust_nasa_1,p1704,75
10345,perfect prawn,inst_trust_nasa_1,p1711,82
10346,perfect prawn,inst_trust_nasa_1,p1718,68
10347,perfect prawn,inst_trust_nasa_1,p1732,68
10348,perfect prawn,inst_trust_nasa_1,p1739,75
10349,perfect prawn,inst_trust_nasa_1,p1741,82
10350,perfect prawn,inst_trust_nasa_1,p1746,65
10351,perfect prawn,inst_trust_nasa_1,p1751,68
10352,perfect prawn,inst_trust_nasa_1,p1754,75
10353,perfect prawn,inst_trust_nasa_1,p1769,75
10354,perfect prawn,inst_trust_nasa_1,p1771,78
10355,perfect prawn,inst_trust_nasa_1,p1776,75
10356,perfect prawn,inst_trust_nasa_1,p1780,78
10357,perfect prawn,inst_trust_nasa_1,p1785,68
10358,perfect prawn,inst_trust_nasa_1,p1791,82
10359,perfect prawn,inst_trust_nasa_1,p1793,75
10360,perfect prawn,inst_trust_nasa_1,p1796,75
10361,perfect prawn,inst_trust_nasa_1,p1805,75
10362,perfect prawn,inst_trust_nasa_1,p1812,85
10363,perfect prawn,inst_trust_nasa_1,p1816,75
10364,perfect prawn,inst_trust_nasa_1,p1819,78
10365,perfect prawn,inst_trust_nasa_1,p1825,85
10366,perfect prawn,inst_trust_nasa_1,p1836,85
10367,perfect prawn,inst_trust_nasa_1,p1839,78
10368,perfect prawn,inst_trust_nasa_1,p1861,75
10369,perfect prawn,inst_trust_nasa_1,p1863,85
10370,perfect prawn,inst_trust_nasa_1,p1873,78
10371,perfect prawn,inst_trust_nasa_1,p1875,75
10372,perfect prawn,inst_trust_nasa_1,p1876,85
10373,perfect prawn,inst_trust_nasa_1,p1877,85
10374,perfect prawn,inst_trust_nasa_1,p1880,68
10375,perfect prawn,inst_trust_nasa_1,p1883,75
10376,perfect prawn,inst_trust_nasa_1,p1889,65
10377,perfect prawn,inst_trust_nasa_1,p1893,85
10378,perfect prawn,inst_trust_nasa_1,p1896,85
10379,perfect prawn,inst_trust_nasa_1,p1913,75
10380,perfect prawn,inst_trust_nasa_1,p1922,88
10381,perfect prawn,inst_trust_nasa_1,p1930,85
10382,perfect prawn,inst_trust_nasa_1,p1935,78
10383,perfect prawn,inst_trust_nasa_1,p1940,85
10384,perfect prawn,inst_trust_nasa_1,p1948,75
10385,perfect prawn,inst_trust_nasa_1,p1950,75
10386,perfect prawn,inst_trust_nasa_1,p1954,75
10387,perfect prawn,inst_trust_nasa_1,p1956,68
10388,perfect prawn,inst_trust_nasa_1,p1958,75
10389,perfect prawn,inst_trust_nasa_1,p1967,82
10390,perfect prawn,inst_trust_nasa_1,p1973,92
10391,perfect prawn,inst_trust_nasa_1,p1978,78
10392,perfect prawn,inst_trust_nasa_1,p1983,72
10393,perfect prawn,inst_trust_nasa_1,p1984,68
10394,perfect prawn,inst_trust_nasa_1,p1995,75
10395,perfect prawn,inst_trust_nasa_1,p1996,75
10396,perfect prawn,inst_trust_nasa_1,p1997,78
10397,perfect prawn,inst_trust_nasa_1,p2001,78
10398,perfect prawn,inst_trust_nasa_1,p2002,75
10399,perfect prawn,inst_trust_nasa_1,p2013,85
10400,perfect prawn,inst_trust_nasa_1,p2014,65
10401,perfect prawn,inst_trust_nasa_1,p2016,78
10402,perfect prawn,inst_trust_nasa_1,p2018,65
10403,perfect prawn,inst_trust_nasa_1,p2023,82
10404,perfect prawn,inst_trust_nasa_1,p2025,85
10405,perfect prawn,inst_trust_nasa_1,p2028,75
10406,perfect prawn,inst_trust_nasa_1,p2030,85
10407,perfect prawn,inst_trust_nasa_1,p2033,78
10408,perfect prawn,inst_trust_nasa_1,p2040,62
10409,perfect prawn,inst_trust_nasa_1,p2051,75
10410,perfect prawn,inst_trust_nasa_1,p2052,78
10411,perfect prawn,inst_trust_nasa_1,p2066,65
10412,perfect prawn,inst_trust_nasa_1,p2067,85
10413,perfect prawn,inst_trust_nasa_1,p2073,85
10414,perfect prawn,inst_trust_nasa_1,p2077,78
10415,perfect prawn,inst_trust_nasa_1,p2078,78
10416,perfect prawn,inst_trust_nasa_1,p2086,85
10417,perfect prawn,inst_trust_nasa_1,p2089,85
10418,perfect prawn,inst_trust_nasa_1,p2093,65
10419,perfect prawn,inst_trust_nasa_1,p2094,85
10420,perfect prawn,inst_trust_nasa_1,p2111,75
10421,perfect prawn,inst_trust_nasa_1,p2117,85
10422,perfect prawn,inst_trust_nasa_1,p2121,78
10423,perfect prawn,inst_trust_nasa_1,p2127,78
10424,perfect prawn,inst_trust_nasa_1,p2141,75
10425,perfect prawn,inst_trust_nasa_1,p2142,55
10426,perfect prawn,inst_trust_nasa_1,p2143,85
10427,perfect prawn,inst_trust_nasa_1,p2153,75
10428,perfect prawn,inst_trust_nasa_1,p2155,75
10429,perfect prawn,inst_trust_nasa_1,p2169,65
10430,perfect prawn,inst_trust_nasa_1,p2187,75
10431,perfect prawn,inst_trust_nasa_1,p2188,82
10432,perfect prawn,inst_trust_nasa_1,p2197,75
10433,perfect prawn,inst_trust_nasa_1,p2213,68
10434,perfect prawn,inst_trust_nasa_1,p2214,75
10435,perfect prawn,inst_trust_nasa_1,p2215,85
10436,perfect prawn,inst_trust_nasa_1,p2220,75
10437,perfect prawn,inst_trust_nasa_1,p2223,75
10438,perfect prawn,inst_trust_nasa_1,p2229,75
10439,perfect prawn,inst_trust_nasa_1,p2234,85
10440,perfect prawn,inst_trust_nasa_1,p2237,88
10441,perfect prawn,inst_trust_nasa_1,p2238,75
10442,perfect prawn,inst_trust_nasa_1,p2244,75
10443,perfect prawn,inst_trust_nasa_1,p2248,75
10444,perfect prawn,inst_trust_nasa_1,p2252,85
10445,perfect prawn,inst_trust_nasa_1,p2255,45
10446,perfect prawn,inst_trust_nasa_1,p2261,65
10447,perfect prawn,inst_trust_nasa_1,p2263,75
10448,perfect prawn,inst_trust_nasa_1,p2273,78
10449,perfect prawn,inst_trust_nasa_1,p2275,75
10450,perfect prawn,inst_trust_nasa_1,p2276,75
10451,perfect prawn,inst_trust_nasa_1,p2283,55
10452,perfect prawn,inst_trust_nasa_1,p2287,75
10453,perfect prawn,inst_trust_nasa_1,p2296,65
10454,perfect prawn,inst_trust_nasa_1,p2298,75
10455,perfect prawn,inst_trust_nasa_1,p2304,82
10456,perfect prawn,inst_trust_nasa_1,p2310,65
10457,perfect prawn,inst_trust_nasa_1,p2322,68
10458,perfect prawn,inst_trust_nasa_1,p2326,78
10459,perfect prawn,inst_trust_nasa_1,p2330,75
10460,perfect prawn,inst_trust_nasa_1,p2331,85
10461,perfect prawn,inst_trust_nasa_1,p2333,75
10462,perfect prawn,inst_trust_nasa_1,p2347,78
10463,perfect prawn,inst_trust_nasa_1,p2350,75
10464,perfect prawn,inst_trust_nasa_1,p2351,78
10465,perfect prawn,inst_trust_nasa_1,p2353,75
10466,perfect prawn,inst_trust_nasa_1,p2355,75
10467,perfect prawn,inst_trust_nasa_1,p2363,75
10468,perfect prawn,inst_trust_nasa_1,p2378,85
10469,perfect prawn,inst_trust_nasa_1,p2380,85
10470,perfect prawn,inst_trust_nasa_1,p2387,75
10471,perfect prawn,inst_trust_nasa_1,p2398,75
10472,perfect prawn,inst_trust_nasa_1,p2400,85
10473,perfect prawn,inst_trust_nasa_1,p2403,85
10474,perfect prawn,inst_trust_nasa_1,p2408,68
10475,perfect prawn,inst_trust_nasa_1,p2418,78
10476,perfect prawn,inst_trust_nasa_1,p2426,75
10477,perfect prawn,inst_trust_nasa_1,p2428,65
10478,perfect prawn,inst_trust_nasa_1,p2434,82
10479,perfect prawn,inst_trust_nasa_1,p2446,68
10480,perfect prawn,inst_trust_nasa_1,p2452,68
10481,perfect prawn,inst_trust_nasa_1,p2454,75
10482,perfect prawn,inst_trust_nasa_1,p2462,75
10483,perfect prawn,inst_trust_nasa_1,p2467,55
10484,perfect prawn,inst_trust_nasa_1,p2482,75
10485,perfect prawn,inst_trust_nasa_1,p2489,65
10486,perfect prawn,inst_trust_nasa_1,p2490,75
10487,perfect prawn,inst_trust_nasa_1,p2494,68
10488,perfect prawn,inst_trust_nasa_1,p2502,85
10489,perfect prawn,inst_trust_nasa_1,p2503,78
10490,perfect prawn,inst_trust_nasa_1,p2522,85
10491,perfect prawn,inst_trust_nasa_1,p2524,85
10492,perfect prawn,inst_trust_nasa_1,p2533,65
10493,perfect prawn,inst_trust_nasa_1,p2566,75
10494,perfect prawn,inst_trust_nasa_1,p2571,85
10495,perfect prawn,inst_trust_nasa_1,p2573,75
10496,perfect prawn,inst_trust_nasa_1,p2582,78
10497,perfect prawn,inst_trust_nasa_1,p2591,75
10498,perfect prawn,inst_trust_nasa_1,p2592,78
10499,perfect prawn,inst_trust_nasa_1,p2595,55
10500,perfect prawn,inst_trust_noaa_1,p0016,75
10501,perfect prawn,inst_trust_noaa_1,p0022,68
10502,perfect prawn,inst_trust_noaa_1,p0023,78
10503,perfect prawn,inst_trust_noaa_1,p0026,75
10504,perfect prawn,inst_trust_noaa_1,p0034,55
10505,perfect prawn,inst_trust_noaa_1,p0036,55
10506,perfect prawn,inst_trust_noaa_1,p0037,72
10507,perfect prawn,inst_trust_noaa_1,p0042,68
10508,perfect prawn,inst_trust_noaa_1,p0057,68
10509,perfect prawn,inst_trust_noaa_1,p0066,75
10510,perfect prawn,inst_trust_noaa_1,p0069,35
10511,perfect prawn,inst_trust_noaa_1,p0072,78
10512,perfect prawn,inst_trust_noaa_1,p0073,68
10513,perfect prawn,inst_trust_noaa_1,p0082,75
10514,perfect prawn,inst_trust_noaa_1,p0091,75
10515,perfect prawn,inst_trust_noaa_1,p0092,55
10516,perfect prawn,inst_trust_noaa_1,p0093,75
10517,perfect prawn,inst_trust_noaa_1,p0095,75
10518,perfect prawn,inst_trust_noaa_1,p0107,55
10519,perfect prawn,inst_trust_noaa_1,p0114,75
10520,perfect prawn,inst_trust_noaa_1,p0116,55
10521,perfect prawn,inst_trust_noaa_1,p0118,62
10522,perfect prawn,inst_trust_noaa_1,p0119,75
10523,perfect prawn,inst_trust_noaa_1,p0126,68
10524,perfect prawn,inst_trust_noaa_1,p0129,78
10525,perfect prawn,inst_trust_noaa_1,p0136,55
10526,perfect prawn,inst_trust_noaa_1,p0138,45
10527,perfect prawn,inst_trust_noaa_1,p0144,65
10528,perfect prawn,inst_trust_noaa_1,p0150,45
10529,perfect prawn,inst_trust_noaa_1,p0152,68
10530,perfect prawn,inst_trust_noaa_1,p0158,45
10531,perfect prawn,inst_trust_noaa_1,p0161,75
10532,perfect prawn,inst_trust_noaa_1,p0164,45
10533,perfect prawn,inst_trust_noaa_1,p0175,75
10534,perfect prawn,inst_trust_noaa_1,p0177,72
10535,perfect prawn,inst_trust_noaa_1,p0178,75
10536,perfect prawn,inst_trust_noaa_1,p0181,35
10537,perfect prawn,inst_trust_noaa_1,p0186,55
10538,perfect prawn,inst_trust_noaa_1,p0196,68
10539,perfect prawn,inst_trust_noaa_1,p0198,75
10540,perfect prawn,inst_trust_noaa_1,p0202,78
10541,perfect prawn,inst_trust_noaa_1,p0205,45
10542,perfect prawn,inst_trust_noaa_1,p0207,45
10543,perfect prawn,inst_trust_noaa_1,p0211,45
10544,perfect prawn,inst_trust_noaa_1,p0227,78
10545,perfect prawn,inst_trust_noaa_1,p0229,65
10546,perfect prawn,inst_trust_noaa_1,p0232,75
10547,perfect prawn,inst_trust_noaa_1,p0233,65
10548,perfect prawn,inst_trust_noaa_1,p0237,75
10549,perfect prawn,inst_trust_noaa_1,p0258,68
10550,perfect prawn,inst_trust_noaa_1,p0268,45
10551,perfect prawn,inst_trust_noaa_1,p0274,75
10552,perfect prawn,inst_trust_noaa_1,p0275,35
10553,perfect prawn,inst_trust_noaa_1,p0277,45
10554,perfect prawn,inst_trust_noaa_1,p0288,75
10555,perfect prawn,inst_trust_noaa_1,p0291,75
10556,perfect prawn,inst_trust_noaa_1,p0307,68
10557,perfect prawn,inst_trust_noaa_1,p0308,75
10558,perfect prawn,inst_trust_noaa_1,p0317,45
10559,perfect prawn,inst_trust_noaa_1,p0325,75
10560,perfect prawn,inst_trust_noaa_1,p0327,78
10561,perfect prawn,inst_trust_noaa_1,p0334,75
10562,perfect prawn,inst_trust_noaa_1,p0336,75
10563,perfect prawn,inst_trust_noaa_1,p0338,35
10564,perfect prawn,inst_trust_noaa_1,p0342,75
10565,perfect prawn,inst_trust_noaa_1,p0349,55
10566,perfect prawn,inst_trust_noaa_1,p0356,65
10567,perfect prawn,inst_trust_noaa_1,p0358,75
10568,perfect prawn,inst_trust_noaa_1,p0363,75
10569,perfect prawn,inst_trust_noaa_1,p0364,78
10570,perfect prawn,inst_trust_noaa_1,p0369,75
10571,perfect prawn,inst_trust_noaa_1,p0370,45
10572,perfect prawn,inst_trust_noaa_1,p0371,55
10573,perfect prawn,inst_trust_noaa_1,p0379,55
10574,perfect prawn,inst_trust_noaa_1,p0386,75
10575,perfect prawn,inst_trust_noaa_1,p0396,75
10576,perfect prawn,inst_trust_noaa_1,p0403,68
10577,perfect prawn,inst_trust_noaa_1,p0405,75
10578,perfect prawn,inst_trust_noaa_1,p0412,72
10579,perfect prawn,inst_trust_noaa_1,p0415,45
10580,perfect prawn,inst_trust_noaa_1,p0416,72
10581,perfect prawn,inst_trust_noaa_1,p0417,75
10582,perfect prawn,inst_trust_noaa_1,p0418,45
10583,perfect prawn,inst_trust_noaa_1,p0430,75
10584,perfect prawn,inst_trust_noaa_1,p0431,78
10585,perfect prawn,inst_trust_noaa_1,p0434,35
10586,perfect prawn,inst_trust_noaa_1,p0438,75
10587,perfect prawn,inst_trust_noaa_1,p0441,75
10588,perfect prawn,inst_trust_noaa_1,p0442,45
10589,perfect prawn,inst_trust_noaa_1,p0449,55
10590,perfect prawn,inst_trust_noaa_1,p0450,75
10591,perfect prawn,inst_trust_noaa_1,p0465,45
10592,perfect prawn,inst_trust_noaa_1,p0471,72
10593,perfect prawn,inst_trust_noaa_1,p0477,65
10594,perfect prawn,inst_trust_noaa_1,p0483,65
10595,perfect prawn,inst_trust_noaa_1,p0486,75
10596,perfect prawn,inst_trust_noaa_1,p0487,72
10597,perfect prawn,inst_trust_noaa_1,p0489,75
10598,perfect prawn,inst_trust_noaa_1,p0497,55
10599,perfect prawn,inst_trust_noaa_1,p0502,65
10600,perfect prawn,inst_trust_noaa_1,p0503,75
10601,perfect prawn,inst_trust_noaa_1,p0506,55
10602,perfect prawn,inst_trust_noaa_1,p0511,68
10603,perfect prawn,inst_trust_noaa_1,p0523,68
10604,perfect prawn,inst_trust_noaa_1,p0534,78
10605,perfect prawn,inst_trust_noaa_1,p0536,68
10606,perfect prawn,inst_trust_noaa_1,p0542,35
10607,perfect prawn,inst_trust_noaa_1,p0547,75
10608,perfect prawn,inst_trust_noaa_1,p0553,75
10609,perfect prawn,inst_trust_noaa_1,p0559,75
10610,perfect prawn,inst_trust_noaa_1,p0566,68
10611,perfect prawn,inst_trust_noaa_1,p0568,55
10612,perfect prawn,inst_trust_noaa_1,p0570,35
10613,perfect prawn,inst_trust_noaa_1,p0573,68
10614,perfect prawn,inst_trust_noaa_1,p0578,55
10615,perfect prawn,inst_trust_noaa_1,p0594,45
10616,perfect prawn,inst_trust_noaa_1,p0597,75
10617,perfect prawn,inst_trust_noaa_1,p0601,68
10618,perfect prawn,inst_trust_noaa_1,p0602,45
10619,perfect prawn,inst_trust_noaa_1,p0605,68
10620,perfect prawn,inst_trust_noaa_1,p0615,65
10621,perfect prawn,inst_trust_noaa_1,p0620,75
10622,perfect prawn,inst_trust_noaa_1,p0626,72
10623,perfect prawn,inst_trust_noaa_1,p0629,75
10624,perfect prawn,inst_trust_noaa_1,p0633,55
10625,perfect prawn,inst_trust_noaa_1,p0638,75
10626,perfect prawn,inst_trust_noaa_1,p0639,65
10627,perfect prawn,inst_trust_noaa_1,p0640,45
10628,perfect prawn,inst_trust_noaa_1,p0655,75
10629,perfect prawn,inst_trust_noaa_1,p0656,68
10630,perfect prawn,inst_trust_noaa_1,p0658,55
10631,perfect prawn,inst_trust_noaa_1,p0661,62
10632,perfect prawn,inst_trust_noaa_1,p0669,75
10633,perfect prawn,inst_trust_noaa_1,p0670,45
10634,perfect prawn,inst_trust_noaa_1,p0672,68
10635,perfect prawn,inst_trust_noaa_1,p0674,75
10636,perfect prawn,inst_trust_noaa_1,p0678,75
10637,perfect prawn,inst_trust_noaa_1,p0683,68
10638,perfect prawn,inst_trust_noaa_1,p0686,55
10639,perfect prawn,inst_trust_noaa_1,p0687,75
10640,perfect prawn,inst_trust_noaa_1,p0698,65
10641,perfect prawn,inst_trust_noaa_1,p0700,65
10642,perfect prawn,inst_trust_noaa_1,p0703,65
10643,perfect prawn,inst_trust_noaa_1,p0718,68
10644,perfect prawn,inst_trust_noaa_1,p0744,75
10645,perfect prawn,inst_trust_noaa_1,p0745,68
10646,perfect prawn,inst_trust_noaa_1,p0753,45
10647,perfect prawn,inst_trust_noaa_1,p0770,72
10648,perfect prawn,inst_trust_noaa_1,p0771,68
10649,perfect prawn,inst_trust_noaa_1,p0777,78
10650,perfect prawn,inst_trust_noaa_1,p0779,68
10651,perfect prawn,inst_trust_noaa_1,p0780,45
10652,perfect prawn,inst_trust_noaa_1,p0783,65
10653,perfect prawn,inst_trust_noaa_1,p0785,62
10654,perfect prawn,inst_trust_noaa_1,p0786,45
10655,perfect prawn,inst_trust_noaa_1,p0794,35
10656,perfect prawn,inst_trust_noaa_1,p0798,35
10657,perfect prawn,inst_trust_noaa_1,p0800,72
10658,perfect prawn,inst_trust_noaa_1,p0820,35
10659,perfect prawn,inst_trust_noaa_1,p0841,75
10660,perfect prawn,inst_trust_noaa_1,p0849,68
10661,perfect prawn,inst_trust_noaa_1,p0862,75
10662,perfect prawn,inst_trust_noaa_1,p0867,75
10663,perfect prawn,inst_trust_noaa_1,p0869,75
10664,perfect prawn,inst_trust_noaa_1,p0872,75
10665,perfect prawn,inst_trust_noaa_1,p0880,72
10666,perfect prawn,inst_trust_noaa_1,p0891,68
10667,perfect prawn,inst_trust_noaa_1,p0916,75
10668,perfect prawn,inst_trust_noaa_1,p0917,75
10669,perfect prawn,inst_trust_noaa_1,p0919,75
10670,perfect prawn,inst_trust_noaa_1,p0922,65
10671,perfect prawn,inst_trust_noaa_1,p0925,68
10672,perfect prawn,inst_trust_noaa_1,p0927,75
10673,perfect prawn,inst_trust_noaa_1,p0929,68
10674,perfect prawn,inst_trust_noaa_1,p0930,68
10675,perfect prawn,inst_trust_noaa_1,p0931,45
10676,perfect prawn,inst_trust_noaa_1,p0933,55
10677,perfect prawn,inst_trust_noaa_1,p0934,45
10678,perfect prawn,inst_trust_noaa_1,p0936,78
10679,perfect prawn,inst_trust_noaa_1,p0938,75
10680,perfect prawn,inst_trust_noaa_1,p0939,68
10681,perfect prawn,inst_trust_noaa_1,p0946,55
10682,perfect prawn,inst_trust_noaa_1,p0951,68
10683,perfect prawn,inst_trust_noaa_1,p0956,75
10684,perfect prawn,inst_trust_noaa_1,p0962,75
10685,perfect prawn,inst_trust_noaa_1,p0963,75
10686,perfect prawn,inst_trust_noaa_1,p0969,55
10687,perfect prawn,inst_trust_noaa_1,p0972,55
10688,perfect prawn,inst_trust_noaa_1,p0975,55
10689,perfect prawn,inst_trust_noaa_1,p0985,45
10690,perfect prawn,inst_trust_noaa_1,p0993,68
10691,perfect prawn,inst_trust_noaa_1,p0996,68
10692,perfect prawn,inst_trust_noaa_1,p1011,45
10693,perfect prawn,inst_trust_noaa_1,p1017,68
10694,perfect prawn,inst_trust_noaa_1,p1020,72
10695,perfect prawn,inst_trust_noaa_1,p1022,75
10696,perfect prawn,inst_trust_noaa_1,p1024,35
10697,perfect prawn,inst_trust_noaa_1,p1027,75
10698,perfect prawn,inst_trust_noaa_1,p1028,78
10699,perfect prawn,inst_trust_noaa_1,p1029,35
10700,perfect prawn,inst_trust_noaa_1,p1032,65
10701,perfect prawn,inst_trust_noaa_1,p1040,68
10702,perfect prawn,inst_trust_noaa_1,p1047,45
10703,perfect prawn,inst_trust_noaa_1,p1048,68
10704,perfect prawn,inst_trust_noaa_1,p1053,55
10705,perfect prawn,inst_trust_noaa_1,p1057,55
10706,perfect prawn,inst_trust_noaa_1,p1058,62
10707,perfect prawn,inst_trust_noaa_1,p1063,45
10708,perfect prawn,inst_trust_noaa_1,p1064,75
10709,perfect prawn,inst_trust_noaa_1,p1065,55
10710,perfect prawn,inst_trust_noaa_1,p1069,45
10711,perfect prawn,inst_trust_noaa_1,p1072,78
10712,perfect prawn,inst_trust_noaa_1,p1073,72
10713,perfect prawn,inst_trust_noaa_1,p1075,75
10714,perfect prawn,inst_trust_noaa_1,p1076,45
10715,perfect prawn,inst_trust_noaa_1,p1083,45
10716,perfect prawn,inst_trust_noaa_1,p1089,75
10717,perfect prawn,inst_trust_noaa_1,p1093,75
10718,perfect prawn,inst_trust_noaa_1,p1096,75
10719,perfect prawn,inst_trust_noaa_1,p1100,62
10720,perfect prawn,inst_trust_noaa_1,p1106,75
10721,perfect prawn,inst_trust_noaa_1,p1107,55
10722,perfect prawn,inst_trust_noaa_1,p1113,68
10723,perfect prawn,inst_trust_noaa_1,p1117,35
10724,perfect prawn,inst_trust_noaa_1,p1120,62
10725,perfect prawn,inst_trust_noaa_1,p1134,68
10726,perfect prawn,inst_trust_noaa_1,p1136,45
10727,perfect prawn,inst_trust_noaa_1,p1138,75
10728,perfect prawn,inst_trust_noaa_1,p1144,35
10729,perfect prawn,inst_trust_noaa_1,p1145,75
10730,perfect prawn,inst_trust_noaa_1,p1147,78
10731,perfect prawn,inst_trust_noaa_1,p1148,75
10732,perfect prawn,inst_trust_noaa_1,p1154,75
10733,perfect prawn,inst_trust_noaa_1,p1159,75
10734,perfect prawn,inst_trust_noaa_1,p1167,75
10735,perfect prawn,inst_trust_noaa_1,p1175,75
10736,perfect prawn,inst_trust_noaa_1,p1178,55
10737,perfect prawn,inst_trust_noaa_1,p1184,65
10738,perfect prawn,inst_trust_noaa_1,p1186,72
10739,perfect prawn,inst_trust_noaa_1,p1196,45
10740,perfect prawn,inst_trust_noaa_1,p1197,45
10741,perfect prawn,inst_trust_noaa_1,p1203,72
10742,perfect prawn,inst_trust_noaa_1,p1219,45
10743,perfect prawn,inst_trust_noaa_1,p1225,55
10744,perfect prawn,inst_trust_noaa_1,p1234,75
10745,perfect prawn,inst_trust_noaa_1,p1242,65
10746,perfect prawn,inst_trust_noaa_1,p1244,75
10747,perfect prawn,inst_trust_noaa_1,p1249,55
10748,perfect prawn,inst_trust_noaa_1,p1250,65
10749,perfect prawn,inst_trust_noaa_1,p1256,65
10750,perfect prawn,inst_trust_noaa_1,p1258,78
10751,perfect prawn,inst_trust_noaa_1,p1260,45
10752,perfect prawn,inst_trust_noaa_1,p1262,45
10753,perfect prawn,inst_trust_noaa_1,p1264,65
10754,perfect prawn,inst_trust_noaa_1,p1265,75
10755,perfect prawn,inst_trust_noaa_1,p1269,65
10756,perfect prawn,inst_trust_noaa_1,p1272,72
10757,perfect prawn,inst_trust_noaa_1,p1278,75
10758,perfect prawn,inst_trust_noaa_1,p1281,55
10759,perfect prawn,inst_trust_noaa_1,p1292,65
10760,perfect prawn,inst_trust_noaa_1,p1299,55
10761,perfect prawn,inst_trust_noaa_1,p1312,62
10762,perfect prawn,inst_trust_noaa_1,p1322,72
10763,perfect prawn,inst_trust_noaa_1,p1326,75
10764,perfect prawn,inst_trust_noaa_1,p1330,75
10765,perfect prawn,inst_trust_noaa_1,p1335,72
10766,perfect prawn,inst_trust_noaa_1,p1337,65
10767,perfect prawn,inst_trust_noaa_1,p1340,75
10768,perfect prawn,inst_trust_noaa_1,p1345,75
10769,perfect prawn,inst_trust_noaa_1,p1351,35
10770,perfect prawn,inst_trust_noaa_1,p1355,55
10771,perfect prawn,inst_trust_noaa_1,p1362,55
10772,perfect prawn,inst_trust_noaa_1,p1365,68
10773,perfect prawn,inst_trust_noaa_1,p1366,45
10774,perfect prawn,inst_trust_noaa_1,p1367,55
10775,perfect prawn,inst_trust_noaa_1,p1370,65
10776,perfect prawn,inst_trust_noaa_1,p1371,78
10777,perfect prawn,inst_trust_noaa_1,p1373,68
10778,perfect prawn,inst_trust_noaa_1,p1375,68
10779,perfect prawn,inst_trust_noaa_1,p1376,75
10780,perfect prawn,inst_trust_noaa_1,p1379,65
10781,perfect prawn,inst_trust_noaa_1,p1381,45
10782,perfect prawn,inst_trust_noaa_1,p1393,68
10783,perfect prawn,inst_trust_noaa_1,p1396,75
10784,perfect prawn,inst_trust_noaa_1,p1398,68
10785,perfect prawn,inst_trust_noaa_1,p1404,65
10786,perfect prawn,inst_trust_noaa_1,p1406,65
10787,perfect prawn,inst_trust_noaa_1,p1407,45
10788,perfect prawn,inst_trust_noaa_1,p1409,68
10789,perfect prawn,inst_trust_noaa_1,p1412,68
10790,perfect prawn,inst_trust_noaa_1,p1414,75
10791,perfect prawn,inst_trust_noaa_1,p1424,65
10792,perfect prawn,inst_trust_noaa_1,p1425,45
10793,perfect prawn,inst_trust_noaa_1,p1429,45
10794,perfect prawn,inst_trust_noaa_1,p1434,68
10795,perfect prawn,inst_trust_noaa_1,p1441,45
10796,perfect prawn,inst_trust_noaa_1,p1445,45
10797,perfect prawn,inst_trust_noaa_1,p1450,75
10798,perfect prawn,inst_trust_noaa_1,p1454,68
10799,perfect prawn,inst_trust_noaa_1,p1456,45
10800,perfect prawn,inst_trust_noaa_1,p1457,45
10801,perfect prawn,inst_trust_noaa_1,p1458,78
10802,perfect prawn,inst_trust_noaa_1,p1469,68
10803,perfect prawn,inst_trust_noaa_1,p1470,68
10804,perfect prawn,inst_trust_noaa_1,p1481,72
10805,perfect prawn,inst_trust_noaa_1,p1488,72
10806,perfect prawn,inst_trust_noaa_1,p1492,45
10807,perfect prawn,inst_trust_noaa_1,p1495,65
10808,perfect prawn,inst_trust_noaa_1,p1497,65
10809,perfect prawn,inst_trust_noaa_1,p1499,62
10810,perfect prawn,inst_trust_noaa_1,p1503,75
10811,perfect prawn,inst_trust_noaa_1,p1511,75
10812,perfect prawn,inst_trust_noaa_1,p1512,68
10813,perfect prawn,inst_trust_noaa_1,p1518,68
10814,perfect prawn,inst_trust_noaa_1,p1519,68
10815,perfect prawn,inst_trust_noaa_1,p1520,45
10816,perfect prawn,inst_trust_noaa_1,p1524,68
10817,perfect prawn,inst_trust_noaa_1,p1526,68
10818,perfect prawn,inst_trust_noaa_1,p1537,65
10819,perfect prawn,inst_trust_noaa_1,p1545,75
10820,perfect prawn,inst_trust_noaa_1,p1547,72
10821,perfect prawn,inst_trust_noaa_1,p1552,75
10822,perfect prawn,inst_trust_noaa_1,p1567,68
10823,perfect prawn,inst_trust_noaa_1,p1568,68
10824,perfect prawn,inst_trust_noaa_1,p1579,35
10825,perfect prawn,inst_trust_noaa_1,p1587,35
10826,perfect prawn,inst_trust_noaa_1,p1596,45
10827,perfect prawn,inst_trust_noaa_1,p1600,75
10828,perfect prawn,inst_trust_noaa_1,p1603,68
10829,perfect prawn,inst_trust_noaa_1,p1604,68
10830,perfect prawn,inst_trust_noaa_1,p1610,65
10831,perfect prawn,inst_trust_noaa_1,p1618,45
10832,perfect prawn,inst_trust_noaa_1,p1619,75
10833,perfect prawn,inst_trust_noaa_1,p1622,75
10834,perfect prawn,inst_trust_noaa_1,p1623,35
10835,perfect prawn,inst_trust_noaa_1,p1630,33
10836,perfect prawn,inst_trust_noaa_1,p1641,55
10837,perfect prawn,inst_trust_noaa_1,p1649,45
10838,perfect prawn,inst_trust_noaa_1,p1652,55
10839,perfect prawn,inst_trust_noaa_1,p1665,62
10840,perfect prawn,inst_trust_noaa_1,p1669,55
10841,perfect prawn,inst_trust_noaa_1,p1685,65
10842,perfect prawn,inst_trust_noaa_1,p1693,68
10843,perfect prawn,inst_trust_noaa_1,p1698,55
10844,perfect prawn,inst_trust_noaa_1,p1704,62
10845,perfect prawn,inst_trust_noaa_1,p1711,75
10846,perfect prawn,inst_trust_noaa_1,p1718,45
10847,perfect prawn,inst_trust_noaa_1,p1732,45
10848,perfect prawn,inst_trust_noaa_1,p1739,75
10849,perfect prawn,inst_trust_noaa_1,p1741,75
10850,perfect prawn,inst_trust_noaa_1,p1746,45
10851,perfect prawn,inst_trust_noaa_1,p1751,45
10852,perfect prawn,inst_trust_noaa_1,p1754,75
10853,perfect prawn,inst_trust_noaa_1,p1769,75
10854,perfect prawn,inst_trust_noaa_1,p1771,68
10855,perfect prawn,inst_trust_noaa_1,p1776,68
10856,perfect prawn,inst_trust_noaa_1,p1780,68
10857,perfect prawn,inst_trust_noaa_1,p1785,45
10858,perfect prawn,inst_trust_noaa_1,p1791,72
10859,perfect prawn,inst_trust_noaa_1,p1793,65
10860,perfect prawn,inst_trust_noaa_1,p1796,65
10861,perfect prawn,inst_trust_noaa_1,p1805,65
10862,perfect prawn,inst_trust_noaa_1,p1812,78
10863,perfect prawn,inst_trust_noaa_1,p1816,68
10864,perfect prawn,inst_trust_noaa_1,p1819,68
10865,perfect prawn,inst_trust_noaa_1,p1825,75
10866,perfect prawn,inst_trust_noaa_1,p1836,75
10867,perfect prawn,inst_trust_noaa_1,p1839,75
10868,perfect prawn,inst_trust_noaa_1,p1861,65
10869,perfect prawn,inst_trust_noaa_1,p1863,75
10870,perfect prawn,inst_trust_noaa_1,p1873,68
10871,perfect prawn,inst_trust_noaa_1,p1875,68
10872,perfect prawn,inst_trust_noaa_1,p1876,78
10873,perfect prawn,inst_trust_noaa_1,p1877,75
10874,perfect prawn,inst_trust_noaa_1,p1880,55
10875,perfect prawn,inst_trust_noaa_1,p1883,45
10876,perfect prawn,inst_trust_noaa_1,p1889,35
10877,perfect prawn,inst_trust_noaa_1,p1893,75
10878,perfect prawn,inst_trust_noaa_1,p1896,75
10879,perfect prawn,inst_trust_noaa_1,p1913,68
10880,perfect prawn,inst_trust_noaa_1,p1922,78
10881,perfect prawn,inst_trust_noaa_1,p1930,75
10882,perfect prawn,inst_trust_noaa_1,p1935,75
10883,perfect prawn,inst_trust_noaa_1,p1940,75
10884,perfect prawn,inst_trust_noaa_1,p1948,55
10885,perfect prawn,inst_trust_noaa_1,p1950,68
10886,perfect prawn,inst_trust_noaa_1,p1954,55
10887,perfect prawn,inst_trust_noaa_1,p1956,35
10888,perfect prawn,inst_trust_noaa_1,p1958,68
10889,perfect prawn,inst_trust_noaa_1,p1967,75
10890,perfect prawn,inst_trust_noaa_1,p1973,85
10891,perfect prawn,inst_trust_noaa_1,p1978,68
10892,perfect prawn,inst_trust_noaa_1,p1983,45
10893,perfect prawn,inst_trust_noaa_1,p1984,45
10894,perfect prawn,inst_trust_noaa_1,p1995,68
10895,perfect prawn,inst_trust_noaa_1,p1996,62
10896,perfect prawn,inst_trust_noaa_1,p1997,68
10897,perfect prawn,inst_trust_noaa_1,p2001,75
10898,perfect prawn,inst_trust_noaa_1,p2002,45
10899,perfect prawn,inst_trust_noaa_1,p2013,78
10900,perfect prawn,inst_trust_noaa_1,p2014,45
10901,perfect prawn,inst_trust_noaa_1,p2016,72
10902,perfect prawn,inst_trust_noaa_1,p2018,45
10903,perfect prawn,inst_trust_noaa_1,p2023,75
10904,perfect prawn,inst_trust_noaa_1,p2025,75
10905,perfect prawn,inst_trust_noaa_1,p2028,68
10906,perfect prawn,inst_trust_noaa_1,p2030,75
10907,perfect prawn,inst_trust_noaa_1,p2033,75
10908,perfect prawn,inst_trust_noaa_1,p2040,35
10909,perfect prawn,inst_trust_noaa_1,p2051,62
10910,perfect prawn,inst_trust_noaa_1,p2052,68
10911,perfect prawn,inst_trust_noaa_1,p2066,45
10912,perfect prawn,inst_trust_noaa_1,p2067,75
10913,perfect prawn,inst_trust_noaa_1,p2073,75
10914,perfect prawn,inst_trust_noaa_1,p2077,68
10915,perfect prawn,inst_trust_noaa_1,p2078,68
10916,perfect prawn,inst_trust_noaa_1,p2086,78
10917,perfect prawn,inst_trust_noaa_1,p2089,75
10918,perfect prawn,inst_trust_noaa_1,p2093,35
10919,perfect prawn,inst_trust_noaa_1,p2094,75
10920,perfect prawn,inst_trust_noaa_1,p2111,68
10921,perfect prawn,inst_trust_noaa_1,p2117,72
10922,perfect prawn,inst_trust_noaa_1,p2121,72
10923,perfect prawn,inst_trust_noaa_1,p2127,68
10924,perfect prawn,inst_trust_noaa_1,p2141,62
10925,perfect prawn,inst_trust_noaa_1,p2142,35
10926,perfect prawn,inst_trust_noaa_1,p2143,75
10927,perfect prawn,inst_trust_noaa_1,p2153,68
10928,perfect prawn,inst_trust_noaa_1,p2155,68
10929,perfect prawn,inst_trust_noaa_1,p2169,45
10930,perfect prawn,inst_trust_noaa_1,p2187,68
10931,perfect prawn,inst_trust_noaa_1,p2188,75
10932,perfect prawn,inst_trust_noaa_1,p2197,68
10933,perfect prawn,inst_trust_noaa_1,p2213,55
10934,perfect prawn,inst_trust_noaa_1,p2214,68
10935,perfect prawn,inst_trust_noaa_1,p2215,75
10936,perfect prawn,inst_trust_noaa_1,p2220,68
10937,perfect prawn,inst_trust_noaa_1,p2223,62
10938,perfect prawn,inst_trust_noaa_1,p2229,55
10939,perfect prawn,inst_trust_noaa_1,p2234,75
10940,perfect prawn,inst_trust_noaa_1,p2237,75
10941,perfect prawn,inst_trust_noaa_1,p2238,68
10942,perfect prawn,inst_trust_noaa_1,p2244,72
10943,perfect prawn,inst_trust_noaa_1,p2248,68
10944,perfect prawn,inst_trust_noaa_1,p2252,75
10945,perfect prawn,inst_trust_noaa_1,p2255,35
10946,perfect prawn,inst_trust_noaa_1,p2261,35
10947,perfect prawn,inst_trust_noaa_1,p2263,75
10948,perfect prawn,inst_trust_noaa_1,p2273,72
10949,perfect prawn,inst_trust_noaa_1,p2275,72
10950,perfect prawn,inst_trust_noaa_1,p2276,55
10951,perfect prawn,inst_trust_noaa_1,p2283,35
10952,perfect prawn,inst_trust_noaa_1,p2287,68
10953,perfect prawn,inst_trust_noaa_1,p2296,45
10954,perfect prawn,inst_trust_noaa_1,p2298,65
10955,perfect prawn,inst_trust_noaa_1,p2304,75
10956,perfect prawn,inst_trust_noaa_1,p2310,55
10957,perfect prawn,inst_trust_noaa_1,p2322,45
10958,perfect prawn,inst_trust_noaa_1,p2326,72
10959,perfect prawn,inst_trust_noaa_1,p2330,68
10960,perfect prawn,inst_trust_noaa_1,p2331,75
10961,perfect prawn,inst_trust_noaa_1,p2333,55
10962,perfect prawn,inst_trust_noaa_1,p2347,75
10963,perfect prawn,inst_trust_noaa_1,p2350,68
10964,perfect prawn,inst_trust_noaa_1,p2351,68
10965,perfect prawn,inst_trust_noaa_1,p2353,75
10966,perfect prawn,inst_trust_noaa_1,p2355,65
10967,perfect prawn,inst_trust_noaa_1,p2363,55
10968,perfect prawn,inst_trust_noaa_1,p2378,75
10969,perfect prawn,inst_trust_noaa_1,p2380,75
10970,perfect prawn,inst_trust_noaa_1,p2387,72
10971,perfect prawn,inst_trust_noaa_1,p2398,68
10972,perfect prawn,inst_trust_noaa_1,p2400,75
10973,perfect prawn,inst_trust_noaa_1,p2403,75
10974,perfect prawn,inst_trust_noaa_1,p2408,35
10975,perfect prawn,inst_trust_noaa_1,p2418,72
10976,perfect prawn,inst_trust_noaa_1,p2426,68
10977,perfect prawn,inst_trust_noaa_1,p2428,55
10978,perfect prawn,inst_trust_noaa_1,p2434,75
10979,perfect prawn,inst_trust_noaa_1,p2446,45
10980,perfect prawn,inst_trust_noaa_1,p2452,55
10981,perfect prawn,inst_trust_noaa_1,p2454,68
10982,perfect prawn,inst_trust_noaa_1,p2462,68
10983,perfect prawn,inst_trust_noaa_1,p2467,35
10984,perfect prawn,inst_trust_noaa_1,p2482,68
10985,perfect prawn,inst_trust_noaa_1,p2489,45
10986,perfect prawn,inst_trust_noaa_1,p2490,68
10987,perfect prawn,inst_trust_noaa_1,p2494,45
10988,perfect prawn,inst_trust_noaa_1,p2502,75
10989,perfect prawn,inst_trust_noaa_1,p2503,68
10990,perfect prawn,inst_trust_noaa_1,p2522,75
10991,perfect prawn,inst_trust_noaa_1,p2524,75
10992,perfect prawn,inst_trust_noaa_1,p2533,45
10993,perfect prawn,inst_trust_noaa_1,p2566,68
10994,perfect prawn,inst_trust_noaa_1,p2571,75
10995,perfect prawn,inst_trust_noaa_1,p2573,55
10996,perfect prawn,inst_trust_noaa_1,p2582,72
10997,perfect prawn,inst_trust_noaa_1,p2591,68
10998,perfect prawn,inst_trust_noaa_1,p2592,68
10999,perfect prawn,inst_trust_noaa_1,p2595,35
11000,perfect prawn,inst_trust_uni_1,p0016,75
11001,perfect prawn,inst_trust_uni_1,p0022,35
11002,perfect prawn,inst_trust_uni_1,p0023,92
11003,perfect prawn,inst_trust_uni_1,p0026,75
11004,perfect prawn,inst_trust_uni_1,p0034,35
11005,perfect prawn,inst_trust_uni_1,p0036,45
11006,perfect prawn,inst_trust_uni_1,p0037,75
11007,perfect prawn,inst_trust_uni_1,p0042,75
11008,perfect prawn,inst_trust_uni_1,p0057,35
11009,perfect prawn,inst_trust_uni_1,p0066,75
11010,perfect prawn,inst_trust_uni_1,p0069,10
11011,perfect prawn,inst_trust_uni_1,p0072,85
11012,perfect prawn,inst_trust_uni_1,p0073,35
11013,perfect prawn,inst_trust_uni_1,p0082,85
11014,perfect prawn,inst_trust_uni_1,p0091,90
11015,perfect prawn,inst_trust_uni_1,p0092,75
11016,perfect prawn,inst_trust_uni_1,p0093,75
11017,perfect prawn,inst_trust_uni_1,p0095,75
11018,perfect prawn,inst_trust_uni_1,p0107,35
11019,perfect prawn,inst_trust_uni_1,p0114,85
11020,perfect prawn,inst_trust_uni_1,p0116,35
11021,perfect prawn,inst_trust_uni_1,p0118,35
11022,perfect prawn,inst_trust_uni_1,p0119,75
11023,perfect prawn,inst_trust_uni_1,p0126,75
11024,perfect prawn,inst_trust_uni_1,p0129,90
11025,perfect prawn,inst_trust_uni_1,p0136,35
11026,perfect prawn,inst_trust_uni_1,p0138,35
11027,perfect prawn,inst_trust_uni_1,p0144,45
11028,perfect prawn,inst_trust_uni_1,p0150,35
11029,perfect prawn,inst_trust_uni_1,p0152,35
11030,perfect prawn,inst_trust_uni_1,p0158,35
11031,perfect prawn,inst_trust_uni_1,p0161,85
11032,perfect prawn,inst_trust_uni_1,p0164,35
11033,perfect prawn,inst_trust_uni_1,p0175,75
11034,perfect prawn,inst_trust_uni_1,p0177,75
11035,perfect prawn,inst_trust_uni_1,p0178,85
11036,perfect prawn,inst_trust_uni_1,p0181,15
11037,perfect prawn,inst_trust_uni_1,p0186,35
11038,perfect prawn,inst_trust_uni_1,p0196,35
11039,perfect prawn,inst_trust_uni_1,p0198,85
11040,perfect prawn,inst_trust_uni_1,p0202,90
11041,perfect prawn,inst_trust_uni_1,p0205,30
11042,perfect prawn,inst_trust_uni_1,p0207,30
11043,perfect prawn,inst_trust_uni_1,p0211,35
11044,perfect prawn,inst_trust_uni_1,p0227,85
11045,perfect prawn,inst_trust_uni_1,p0229,75
11046,perfect prawn,inst_trust_uni_1,p0232,85
11047,perfect prawn,inst_trust_uni_1,p0233,75
11048,perfect prawn,inst_trust_uni_1,p0237,85
11049,perfect prawn,inst_trust_uni_1,p0258,75
11050,perfect prawn,inst_trust_uni_1,p0268,75
11051,perfect prawn,inst_trust_uni_1,p0274,85
11052,perfect prawn,inst_trust_uni_1,p0275,10
11053,perfect prawn,inst_trust_uni_1,p0277,35
11054,perfect prawn,inst_trust_uni_1,p0288,85
11055,perfect prawn,inst_trust_uni_1,p0291,75
11056,perfect prawn,inst_trust_uni_1,p0307,85
11057,perfect prawn,inst_trust_uni_1,p0308,75
11058,perfect prawn,inst_trust_uni_1,p0317,10
11059,perfect prawn,inst_trust_uni_1,p0325,85
11060,perfect prawn,inst_trust_uni_1,p0327,90
11061,perfect prawn,inst_trust_uni_1,p0334,85
11062,perfect prawn,inst_trust_uni_1,p0336,85
11063,perfect prawn,inst_trust_uni_1,p0338,10
11064,perfect prawn,inst_trust_uni_1,p0342,75
11065,perfect prawn,inst_trust_uni_1,p0349,35
11066,perfect prawn,inst_trust_uni_1,p0356,35
11067,perfect prawn,inst_trust_uni_1,p0358,75
11068,perfect prawn,inst_trust_uni_1,p0363,75
11069,perfect prawn,inst_trust_uni_1,p0364,85
11070,perfect prawn,inst_trust_uni_1,p0369,90
11071,perfect prawn,inst_trust_uni_1,p0370,35
11072,perfect prawn,inst_trust_uni_1,p0371,35
11073,perfect prawn,inst_trust_uni_1,p0379,35
11074,perfect prawn,inst_trust_uni_1,p0386,85
11075,perfect prawn,inst_trust_uni_1,p0396,78
11076,perfect prawn,inst_trust_uni_1,p0403,75
11077,perfect prawn,inst_trust_uni_1,p0405,90
11078,perfect prawn,inst_trust_uni_1,p0412,75
11079,perfect prawn,inst_trust_uni_1,p0415,35
11080,perfect prawn,inst_trust_uni_1,p0416,75
11081,perfect prawn,inst_trust_uni_1,p0417,90
11082,perfect prawn,inst_trust_uni_1,p0418,35
11083,perfect prawn,inst_trust_uni_1,p0430,90
11084,perfect prawn,inst_trust_uni_1,p0431,90
11085,perfect prawn,inst_trust_uni_1,p0434,25
11086,perfect prawn,inst_trust_uni_1,p0438,85
11087,perfect prawn,inst_trust_uni_1,p0441,90
11088,perfect prawn,inst_trust_uni_1,p0442,35
11089,perfect prawn,inst_trust_uni_1,p0449,35
11090,perfect prawn,inst_trust_uni_1,p0450,75
11091,perfect prawn,inst_trust_uni_1,p0465,35
11092,perfect prawn,inst_trust_uni_1,p0471,75
11093,perfect prawn,inst_trust_uni_1,p0477,35
11094,perfect prawn,inst_trust_uni_1,p0483,75
11095,perfect prawn,inst_trust_uni_1,p0486,85
11096,perfect prawn,inst_trust_uni_1,p0487,75
11097,perfect prawn,inst_trust_uni_1,p0489,85
11098,perfect prawn,inst_trust_uni_1,p0497,10
11099,perfect prawn,inst_trust_uni_1,p0502,35
11100,perfect prawn,inst_trust_uni_1,p0503,85
11101,perfect prawn,inst_trust_uni_1,p0506,35
11102,perfect prawn,inst_trust_uni_1,p0511,35
11103,perfect prawn,inst_trust_uni_1,p0523,75
11104,perfect prawn,inst_trust_uni_1,p0534,85
11105,perfect prawn,inst_trust_uni_1,p0536,75
11106,perfect prawn,inst_trust_uni_1,p0542,1
11107,perfect prawn,inst_trust_uni_1,p0547,75
11108,perfect prawn,inst_trust_uni_1,p0553,75
11109,perfect prawn,inst_trust_uni_1,p0559,75
11110,perfect prawn,inst_trust_uni_1,p0566,35
11111,perfect prawn,inst_trust_uni_1,p0568,35
11112,perfect prawn,inst_trust_uni_1,p0570,65
11113,perfect prawn,inst_trust_uni_1,p0573,35
11114,perfect prawn,inst_trust_uni_1,p0578,35
11115,perfect prawn,inst_trust_uni_1,p0594,35
11116,perfect prawn,inst_trust_uni_1,p0597,75
11117,perfect prawn,inst_trust_uni_1,p0601,35
11118,perfect prawn,inst_trust_uni_1,p0602,35
11119,perfect prawn,inst_trust_uni_1,p0605,35
11120,perfect prawn,inst_trust_uni_1,p0615,75
11121,perfect prawn,inst_trust_uni_1,p0620,75
11122,perfect prawn,inst_trust_uni_1,p0626,75
11123,perfect prawn,inst_trust_uni_1,p0629,90
11124,perfect prawn,inst_trust_uni_1,p0633,35
11125,perfect prawn,inst_trust_uni_1,p0638,90
11126,perfect prawn,inst_trust_uni_1,p0639,15
11127,perfect prawn,inst_trust_uni_1,p0640,35
11128,perfect prawn,inst_trust_uni_1,p0655,75
11129,perfect prawn,inst_trust_uni_1,p0656,75
11130,perfect prawn,inst_trust_uni_1,p0658,10
11131,perfect prawn,inst_trust_uni_1,p0661,35
11132,perfect prawn,inst_trust_uni_1,p0669,75
11133,perfect prawn,inst_trust_uni_1,p0670,35
11134,perfect prawn,inst_trust_uni_1,p0672,78
11135,perfect prawn,inst_trust_uni_1,p0674,75
11136,perfect prawn,inst_trust_uni_1,p0678,75
11137,perfect prawn,inst_trust_uni_1,p0683,75
11138,perfect prawn,inst_trust_uni_1,p0686,35
11139,perfect prawn,inst_trust_uni_1,p0687,75
11140,perfect prawn,inst_trust_uni_1,p0698,65
11141,perfect prawn,inst_trust_uni_1,p0700,35
11142,perfect prawn,inst_trust_uni_1,p0703,75
11143,perfect prawn,inst_trust_uni_1,p0718,30
11144,perfect prawn,inst_trust_uni_1,p0744,85
11145,perfect prawn,inst_trust_uni_1,p0745,35
11146,perfect prawn,inst_trust_uni_1,p0753,35
11147,perfect prawn,inst_trust_uni_1,p0770,78
11148,perfect prawn,inst_trust_uni_1,p0771,75
11149,perfect prawn,inst_trust_uni_1,p0777,85
11150,perfect prawn,inst_trust_uni_1,p0779,75
11151,perfect prawn,inst_trust_uni_1,p0780,35
11152,perfect prawn,inst_trust_uni_1,p0783,35
11153,perfect prawn,inst_trust_uni_1,p0785,35
11154,perfect prawn,inst_trust_uni_1,p0786,30
11155,perfect prawn,inst_trust_uni_1,p0794,35
11156,perfect prawn,inst_trust_uni_1,p0798,15
11157,perfect prawn,inst_trust_uni_1,p0800,75
11158,perfect prawn,inst_trust_uni_1,p0820,35
11159,perfect prawn,inst_trust_uni_1,p0841,75
11160,perfect prawn,inst_trust_uni_1,p0849,75
11161,perfect prawn,inst_trust_uni_1,p0862,90
11162,perfect prawn,inst_trust_uni_1,p0867,85
11163,perfect prawn,inst_trust_uni_1,p0869,75
11164,perfect prawn,inst_trust_uni_1,p0872,78
11165,perfect prawn,inst_trust_uni_1,p0880,75
11166,perfect prawn,inst_trust_uni_1,p0891,75
11167,perfect prawn,inst_trust_uni_1,p0916,85
11168,perfect prawn,inst_trust_uni_1,p0917,75
11169,perfect prawn,inst_trust_uni_1,p0919,85
11170,perfect prawn,inst_trust_uni_1,p0922,75
11171,perfect prawn,inst_trust_uni_1,p0925,75
11172,perfect prawn,inst_trust_uni_1,p0927,75
11173,perfect prawn,inst_trust_uni_1,p0929,75
11174,perfect prawn,inst_trust_uni_1,p0930,35
11175,perfect prawn,inst_trust_uni_1,p0931,35
11176,perfect prawn,inst_trust_uni_1,p0933,30
11177,perfect prawn,inst_trust_uni_1,p0934,35
11178,perfect prawn,inst_trust_uni_1,p0936,75
11179,perfect prawn,inst_trust_uni_1,p0938,75
11180,perfect prawn,inst_trust_uni_1,p0939,75
11181,perfect prawn,inst_trust_uni_1,p0946,35
11182,perfect prawn,inst_trust_uni_1,p0951,35
11183,perfect prawn,inst_trust_uni_1,p0956,75
11184,perfect prawn,inst_trust_uni_1,p0962,75
11185,perfect prawn,inst_trust_uni_1,p0963,85
11186,perfect prawn,inst_trust_uni_1,p0969,35
11187,perfect prawn,inst_trust_uni_1,p0972,35
11188,perfect prawn,inst_trust_uni_1,p0975,10
11189,perfect prawn,inst_trust_uni_1,p0985,10
11190,perfect prawn,inst_trust_uni_1,p0993,75
11191,perfect prawn,inst_trust_uni_1,p0996,75
11192,perfect prawn,inst_trust_uni_1,p1011,35
11193,perfect prawn,inst_trust_uni_1,p1017,85
11194,perfect prawn,inst_trust_uni_1,p1020,75
11195,perfect prawn,inst_trust_uni_1,p1022,85
11196,perfect prawn,inst_trust_uni_1,p1024,35
11197,perfect prawn,inst_trust_uni_1,p1027,85
11198,perfect prawn,inst_trust_uni_1,p1028,92
11199,perfect prawn,inst_trust_uni_1,p1029,15
11200,perfect prawn,inst_trust_uni_1,p1032,45
11201,perfect prawn,inst_trust_uni_1,p1040,75
11202,perfect prawn,inst_trust_uni_1,p1047,10
11203,perfect prawn,inst_trust_uni_1,p1048,75
11204,perfect prawn,inst_trust_uni_1,p1053,35
11205,perfect prawn,inst_trust_uni_1,p1057,15
11206,perfect prawn,inst_trust_uni_1,p1058,45
11207,perfect prawn,inst_trust_uni_1,p1063,10
11208,perfect prawn,inst_trust_uni_1,p1064,75
11209,perfect prawn,inst_trust_uni_1,p1065,35
11210,perfect prawn,inst_trust_uni_1,p1069,35
11211,perfect prawn,inst_trust_uni_1,p1072,75
11212,perfect prawn,inst_trust_uni_1,p1073,75
11213,perfect prawn,inst_trust_uni_1,p1075,75
11214,perfect prawn,inst_trust_uni_1,p1076,10
11215,perfect prawn,inst_trust_uni_1,p1083,35
11216,perfect prawn,inst_trust_uni_1,p1089,85
11217,perfect prawn,inst_trust_uni_1,p1093,85
11218,perfect prawn,inst_trust_uni_1,p1096,75
11219,perfect prawn,inst_trust_uni_1,p1100,35
11220,perfect prawn,inst_trust_uni_1,p1106,75
11221,perfect prawn,inst_trust_uni_1,p1107,75
11222,perfect prawn,inst_trust_uni_1,p1113,35
11223,perfect prawn,inst_trust_uni_1,p1117,10
11224,perfect prawn,inst_trust_uni_1,p1120,35
11225,perfect prawn,inst_trust_uni_1,p1134,35
11226,perfect prawn,inst_trust_uni_1,p1136,35
11227,perfect prawn,inst_trust_uni_1,p1138,75
11228,perfect prawn,inst_trust_uni_1,p1144,1
11229,perfect prawn,inst_trust_uni_1,p1145,90
11230,perfect prawn,inst_trust_uni_1,p1147,90
11231,perfect prawn,inst_trust_uni_1,p1148,85
11232,perfect prawn,inst_trust_uni_1,p1154,90
11233,perfect prawn,inst_trust_uni_1,p1159,75
11234,perfect prawn,inst_trust_uni_1,p1167,85
11235,perfect prawn,inst_trust_uni_1,p1175,75
11236,perfect prawn,inst_trust_uni_1,p1178,15
11237,perfect prawn,inst_trust_uni_1,p1184,35
11238,perfect prawn,inst_trust_uni_1,p1186,75
11239,perfect prawn,inst_trust_uni_1,p1196,10
11240,perfect prawn,inst_trust_uni_1,p1197,20
11241,perfect prawn,inst_trust_uni_1,p1203,78
11242,perfect prawn,inst_trust_uni_1,p1219,35
11243,perfect prawn,inst_trust_uni_1,p1225,35
11244,perfect prawn,inst_trust_uni_1,p1234,75
11245,perfect prawn,inst_trust_uni_1,p1242,35
11246,perfect prawn,inst_trust_uni_1,p1244,75
11247,perfect prawn,inst_trust_uni_1,p1249,35
11248,perfect prawn,inst_trust_uni_1,p1250,35
11249,perfect prawn,inst_trust_uni_1,p1256,45
11250,perfect prawn,inst_trust_uni_1,p1258,78
11251,perfect prawn,inst_trust_uni_1,p1260,10
11252,perfect prawn,inst_trust_uni_1,p1262,35
11253,perfect prawn,inst_trust_uni_1,p1264,75
11254,perfect prawn,inst_trust_uni_1,p1265,75
11255,perfect prawn,inst_trust_uni_1,p1269,35
11256,perfect prawn,inst_trust_uni_1,p1272,75
11257,perfect prawn,inst_trust_uni_1,p1278,90
11258,perfect prawn,inst_trust_uni_1,p1281,35
11259,perfect prawn,inst_trust_uni_1,p1292,35
11260,perfect prawn,inst_trust_uni_1,p1299,35
11261,perfect prawn,inst_trust_uni_1,p1312,35
11262,perfect prawn,inst_trust_uni_1,p1322,75
11263,perfect prawn,inst_trust_uni_1,p1326,75
11264,perfect prawn,inst_trust_uni_1,p1330,75
11265,perfect prawn,inst_trust_uni_1,p1335,75
11266,perfect prawn,inst_trust_uni_1,p1337,35
11267,perfect prawn,inst_trust_uni_1,p1340,85
11268,perfect prawn,inst_trust_uni_1,p1345,75
11269,perfect prawn,inst_trust_uni_1,p1351,30
11270,perfect prawn,inst_trust_uni_1,p1355,35
11271,perfect prawn,inst_trust_uni_1,p1362,30
11272,perfect prawn,inst_trust_uni_1,p1365,75
11273,perfect prawn,inst_trust_uni_1,p1366,35
11274,perfect prawn,inst_trust_uni_1,p1367,35
11275,perfect prawn,inst_trust_uni_1,p1370,75
11276,perfect prawn,inst_trust_uni_1,p1371,92
11277,perfect prawn,inst_trust_uni_1,p1373,45
11278,perfect prawn,inst_trust_uni_1,p1375,75
11279,perfect prawn,inst_trust_uni_1,p1376,75
11280,perfect prawn,inst_trust_uni_1,p1379,35
11281,perfect prawn,inst_trust_uni_1,p1381,30
11282,perfect prawn,inst_trust_uni_1,p1393,35
11283,perfect prawn,inst_trust_uni_1,p1396,90
11284,perfect prawn,inst_trust_uni_1,p1398,35
11285,perfect prawn,inst_trust_uni_1,p1404,75
11286,perfect prawn,inst_trust_uni_1,p1406,75
11287,perfect prawn,inst_trust_uni_1,p1407,45
11288,perfect prawn,inst_trust_uni_1,p1409,35
11289,perfect prawn,inst_trust_uni_1,p1412,75
11290,perfect prawn,inst_trust_uni_1,p1414,85
11291,perfect prawn,inst_trust_uni_1,p1424,35
11292,perfect prawn,inst_trust_uni_1,p1425,10
11293,perfect prawn,inst_trust_uni_1,p1429,15
11294,perfect prawn,inst_trust_uni_1,p1434,35
11295,perfect prawn,inst_trust_uni_1,p1441,35
11296,perfect prawn,inst_trust_uni_1,p1445,35
11297,perfect prawn,inst_trust_uni_1,p1450,75
11298,perfect prawn,inst_trust_uni_1,p1454,35
11299,perfect prawn,inst_trust_uni_1,p1456,10
11300,perfect prawn,inst_trust_uni_1,p1457,35
11301,perfect prawn,inst_trust_uni_1,p1458,92
11302,perfect prawn,inst_trust_uni_1,p1469,75
11303,perfect prawn,inst_trust_uni_1,p1470,35
11304,perfect prawn,inst_trust_uni_1,p1481,75
11305,perfect prawn,inst_trust_uni_1,p1488,75
11306,perfect prawn,inst_trust_uni_1,p1492,35
11307,perfect prawn,inst_trust_uni_1,p1495,65
11308,perfect prawn,inst_trust_uni_1,p1497,45
11309,perfect prawn,inst_trust_uni_1,p1499,40
11310,perfect prawn,inst_trust_uni_1,p1503,75
11311,perfect prawn,inst_trust_uni_1,p1511,85
11312,perfect prawn,inst_trust_uni_1,p1512,75
11313,perfect prawn,inst_trust_uni_1,p1518,35
11314,perfect prawn,inst_trust_uni_1,p1519,75
11315,perfect prawn,inst_trust_uni_1,p1520,15
11316,perfect prawn,inst_trust_uni_1,p1524,75
11317,perfect prawn,inst_trust_uni_1,p1526,15
11318,perfect prawn,inst_trust_uni_1,p1537,75
11319,perfect prawn,inst_trust_uni_1,p1545,75
11320,perfect prawn,inst_trust_uni_1,p1547,75
11321,perfect prawn,inst_trust_uni_1,p1552,92
11322,perfect prawn,inst_trust_uni_1,p1567,35
11323,perfect prawn,inst_trust_uni_1,p1568,85
11324,perfect prawn,inst_trust_uni_1,p1579,30
11325,perfect prawn,inst_trust_uni_1,p1587,25
11326,perfect prawn,inst_trust_uni_1,p1596,10
11327,perfect prawn,inst_trust_uni_1,p1600,85
11328,perfect prawn,inst_trust_uni_1,p1603,75
11329,perfect prawn,inst_trust_uni_1,p1604,75
11330,perfect prawn,inst_trust_uni_1,p1610,75
11331,perfect prawn,inst_trust_uni_1,p1618,15
11332,perfect prawn,inst_trust_uni_1,p1619,85
11333,perfect prawn,inst_trust_uni_1,p1622,90
11334,perfect prawn,inst_trust_uni_1,p1623,35
11335,perfect prawn,inst_trust_uni_1,p1630,10
11336,perfect prawn,inst_trust_uni_1,p1641,35
11337,perfect prawn,inst_trust_uni_1,p1649,35
11338,perfect prawn,inst_trust_uni_1,p1652,35
11339,perfect prawn,inst_trust_uni_1,p1665,35
11340,perfect prawn,inst_trust_uni_1,p1669,35
11341,perfect prawn,inst_trust_uni_1,p1685,15
11342,perfect prawn,inst_trust_uni_1,p1693,75
11343,perfect prawn,inst_trust_uni_1,p1698,35
11344,perfect prawn,inst_trust_uni_1,p1704,35
11345,perfect prawn,inst_trust_uni_1,p1711,85
11346,perfect prawn,inst_trust_uni_1,p1718,35
11347,perfect prawn,inst_trust_uni_1,p1732,15
11348,perfect prawn,inst_trust_uni_1,p1739,75
11349,perfect prawn,inst_trust_uni_1,p1741,85
11350,perfect prawn,inst_trust_uni_1,p1746,35
11351,perfect prawn,inst_trust_uni_1,p1751,10
11352,perfect prawn,inst_trust_uni_1,p1754,75
11353,perfect prawn,inst_trust_uni_1,p1769,75
11354,perfect prawn,inst_trust_uni_1,p1771,75
11355,perfect prawn,inst_trust_uni_1,p1776,85
11356,perfect prawn,inst_trust_uni_1,p1780,35
11357,perfect prawn,inst_trust_uni_1,p1785,35
11358,perfect prawn,inst_trust_uni_1,p1791,85
11359,perfect prawn,inst_trust_uni_1,p1793,35
11360,perfect prawn,inst_trust_uni_1,p1796,35
11361,perfect prawn,inst_trust_uni_1,p1805,35
11362,perfect prawn,inst_trust_uni_1,p1812,90
11363,perfect prawn,inst_trust_uni_1,p1816,75
11364,perfect prawn,inst_trust_uni_1,p1819,35
11365,perfect prawn,inst_trust_uni_1,p1825,90
11366,perfect prawn,inst_trust_uni_1,p1836,85
11367,perfect prawn,inst_trust_uni_1,p1839,75
11368,perfect prawn,inst_trust_uni_1,p1861,15
11369,perfect prawn,inst_trust_uni_1,p1863,75
11370,perfect prawn,inst_trust_uni_1,p1873,75
11371,perfect prawn,inst_trust_uni_1,p1875,75
11372,perfect prawn,inst_trust_uni_1,p1876,90
11373,perfect prawn,inst_trust_uni_1,p1877,85
11374,perfect prawn,inst_trust_uni_1,p1880,35
11375,perfect prawn,inst_trust_uni_1,p1883,35
11376,perfect prawn,inst_trust_uni_1,p1889,15
11377,perfect prawn,inst_trust_uni_1,p1893,75
11378,perfect prawn,inst_trust_uni_1,p1896,90
11379,perfect prawn,inst_trust_uni_1,p1913,35
11380,perfect prawn,inst_trust_uni_1,p1922,85
11381,perfect prawn,inst_trust_uni_1,p1930,85
11382,perfect prawn,inst_trust_uni_1,p1935,75
11383,perfect prawn,inst_trust_uni_1,p1940,85
11384,perfect prawn,inst_trust_uni_1,p1948,30
11385,perfect prawn,inst_trust_uni_1,p1950,35
11386,perfect prawn,inst_trust_uni_1,p1954,35
11387,perfect prawn,inst_trust_uni_1,p1956,30
11388,perfect prawn,inst_trust_uni_1,p1958,45
11389,perfect prawn,inst_trust_uni_1,p1967,85
11390,perfect prawn,inst_trust_uni_1,p1973,95
11391,perfect prawn,inst_trust_uni_1,p1978,75
11392,perfect prawn,inst_trust_uni_1,p1983,35
11393,perfect prawn,inst_trust_uni_1,p1984,35
11394,perfect prawn,inst_trust_uni_1,p1995,35
11395,perfect prawn,inst_trust_uni_1,p1996,35
11396,perfect prawn,inst_trust_uni_1,p1997,35
11397,perfect prawn,inst_trust_uni_1,p2001,75
11398,perfect prawn,inst_trust_uni_1,p2002,20
11399,perfect prawn,inst_trust_uni_1,p2013,85
11400,perfect prawn,inst_trust_uni_1,p2014,35
11401,perfect prawn,inst_trust_uni_1,p2016,78
11402,perfect prawn,inst_trust_uni_1,p2018,35
11403,perfect prawn,inst_trust_uni_1,p2023,75
11404,perfect prawn,inst_trust_uni_1,p2025,90
11405,perfect prawn,inst_trust_uni_1,p2028,75
11406,perfect prawn,inst_trust_uni_1,p2030,75
11407,perfect prawn,inst_trust_uni_1,p2033,75
11408,perfect prawn,inst_trust_uni_1,p2040,35
11409,perfect prawn,inst_trust_uni_1,p2051,30
11410,perfect prawn,inst_trust_uni_1,p2052,78
11411,perfect prawn,inst_trust_uni_1,p2066,35
11412,perfect prawn,inst_trust_uni_1,p2067,85
11413,perfect prawn,inst_trust_uni_1,p2073,85
11414,perfect prawn,inst_trust_uni_1,p2077,75
11415,perfect prawn,inst_trust_uni_1,p2078,75
11416,perfect prawn,inst_trust_uni_1,p2086,85
11417,perfect prawn,inst_trust_uni_1,p2089,85
11418,perfect prawn,inst_trust_uni_1,p2093,30
11419,perfect prawn,inst_trust_uni_1,p2094,75
11420,perfect prawn,inst_trust_uni_1,p2111,75
11421,perfect prawn,inst_trust_uni_1,p2117,75
11422,perfect prawn,inst_trust_uni_1,p2121,75
11423,perfect prawn,inst_trust_uni_1,p2127,35
11424,perfect prawn,inst_trust_uni_1,p2141,30
11425,perfect prawn,inst_trust_uni_1,p2142,25
11426,perfect prawn,inst_trust_uni_1,p2143,85
11427,perfect prawn,inst_trust_uni_1,p2153,85
11428,perfect prawn,inst_trust_uni_1,p2155,75
11429,perfect prawn,inst_trust_uni_1,p2169,35
11430,perfect prawn,inst_trust_uni_1,p2187,35
11431,perfect prawn,inst_trust_uni_1,p2188,75
11432,perfect prawn,inst_trust_uni_1,p2197,15
11433,perfect prawn,inst_trust_uni_1,p2213,35
11434,perfect prawn,inst_trust_uni_1,p2214,75
11435,perfect prawn,inst_trust_uni_1,p2215,90
11436,perfect prawn,inst_trust_uni_1,p2220,45
11437,perfect prawn,inst_trust_uni_1,p2223,35
11438,perfect prawn,inst_trust_uni_1,p2229,45
11439,perfect prawn,inst_trust_uni_1,p2234,90
11440,perfect prawn,inst_trust_uni_1,p2237,90
11441,perfect prawn,inst_trust_uni_1,p2238,35
11442,perfect prawn,inst_trust_uni_1,p2244,75
11443,perfect prawn,inst_trust_uni_1,p2248,85
11444,perfect prawn,inst_trust_uni_1,p2252,75
11445,perfect prawn,inst_trust_uni_1,p2255,10
11446,perfect prawn,inst_trust_uni_1,p2261,10
11447,perfect prawn,inst_trust_uni_1,p2263,75
11448,perfect prawn,inst_trust_uni_1,p2273,75
11449,perfect prawn,inst_trust_uni_1,p2275,75
11450,perfect prawn,inst_trust_uni_1,p2276,35
11451,perfect prawn,inst_trust_uni_1,p2283,25
11452,perfect prawn,inst_trust_uni_1,p2287,65
11453,perfect prawn,inst_trust_uni_1,p2296,35
11454,perfect prawn,inst_trust_uni_1,p2298,20
11455,perfect prawn,inst_trust_uni_1,p2304,75
11456,perfect prawn,inst_trust_uni_1,p2310,45
11457,perfect prawn,inst_trust_uni_1,p2322,35
11458,perfect prawn,inst_trust_uni_1,p2326,75
11459,perfect prawn,inst_trust_uni_1,p2330,75
11460,perfect prawn,inst_trust_uni_1,p2331,75
11461,perfect prawn,inst_trust_uni_1,p2333,35
11462,perfect prawn,inst_trust_uni_1,p2347,75
11463,perfect prawn,inst_trust_uni_1,p2350,45
11464,perfect prawn,inst_trust_uni_1,p2351,85
11465,perfect prawn,inst_trust_uni_1,p2353,75
11466,perfect prawn,inst_trust_uni_1,p2355,90
11467,perfect prawn,inst_trust_uni_1,p2363,75
11468,perfect prawn,inst_trust_uni_1,p2378,75
11469,perfect prawn,inst_trust_uni_1,p2380,90
11470,perfect prawn,inst_trust_uni_1,p2387,75
11471,perfect prawn,inst_trust_uni_1,p2398,75
11472,perfect prawn,inst_trust_uni_1,p2400,90
11473,perfect prawn,inst_trust_uni_1,p2403,90
11474,perfect prawn,inst_trust_uni_1,p2408,35
11475,perfect prawn,inst_trust_uni_1,p2418,85
11476,perfect prawn,inst_trust_uni_1,p2426,90
11477,perfect prawn,inst_trust_uni_1,p2428,35
11478,perfect prawn,inst_trust_uni_1,p2434,75
11479,perfect prawn,inst_trust_uni_1,p2446,10
11480,perfect prawn,inst_trust_uni_1,p2452,35
11481,perfect prawn,inst_trust_uni_1,p2454,75
11482,perfect prawn,inst_trust_uni_1,p2462,35
11483,perfect prawn,inst_trust_uni_1,p2467,10
11484,perfect prawn,inst_trust_uni_1,p2482,35
11485,perfect prawn,inst_trust_uni_1,p2489,10
11486,perfect prawn,inst_trust_uni_1,p2490,75
11487,perfect prawn,inst_trust_uni_1,p2494,30
11488,perfect prawn,inst_trust_uni_1,p2502,85
11489,perfect prawn,inst_trust_uni_1,p2503,75
11490,perfect prawn,inst_trust_uni_1,p2522,85
11491,perfect prawn,inst_trust_uni_1,p2524,90
11492,perfect prawn,inst_trust_uni_1,p2533,75
11493,perfect prawn,inst_trust_uni_1,p2566,75
11494,perfect prawn,inst_trust_uni_1,p2571,85
11495,perfect prawn,inst_trust_uni_1,p2573,75
11496,perfect prawn,inst_trust_uni_1,p2582,75
11497,perfect prawn,inst_trust_uni_1,p2591,75
11498,perfect prawn,inst_trust_uni_1,p2592,75
11499,perfect prawn,inst_trust_uni_1,p2595,10
11500,perfect prawn,inst_trust_gov_1,p0016,45
11501,perfect prawn,inst_trust_gov_1,p0022,35
11502,perfect prawn,inst_trust_gov_1,p0023,35
11503,perfect prawn,inst_trust_gov_1,p0026,35
11504,perfect prawn,inst_trust_gov_1,p0034,35
11505,perfect prawn,inst_trust_gov_1,p0036,35
11506,perfect prawn,inst_trust_gov_1,p0037,35
11507,perfect prawn,inst_trust_gov_1,p0042,45
11508,perfect prawn,inst_trust_gov_1,p0057,35
11509,perfect prawn,inst_trust_gov_1,p0066,35
11510,perfect prawn,inst_trust_gov_1,p0069,25
11511,perfect prawn,inst_trust_gov_1,p0072,35
11512,perfect prawn,inst_trust_gov_1,p0073,35
11513,perfect prawn,inst_trust_gov_1,p0082,35
11514,perfect prawn,inst_trust_gov_1,p0091,35
11515,perfect prawn,inst_trust_gov_1,p0092,35
11516,perfect prawn,inst_trust_gov_1,p0093,35
11517,perfect prawn,inst_trust_gov_1,p0095,35
11518,perfect prawn,inst_trust_gov_1,p0107,35
11519,perfect prawn,inst_trust_gov_1,p0114,45
11520,perfect prawn,inst_trust_gov_1,p0116,35
11521,perfect prawn,inst_trust_gov_1,p0118,35
11522,perfect prawn,inst_trust_gov_1,p0119,35
11523,perfect prawn,inst_trust_gov_1,p0126,45
11524,perfect prawn,inst_trust_gov_1,p0129,45
11525,perfect prawn,inst_trust_gov_1,p0136,35
11526,perfect prawn,inst_trust_gov_1,p0138,35
11527,perfect prawn,inst_trust_gov_1,p0144,35
11528,perfect prawn,inst_trust_gov_1,p0150,35
11529,perfect prawn,inst_trust_gov_1,p0152,35
11530,perfect prawn,inst_trust_gov_1,p0158,35
11531,perfect prawn,inst_trust_gov_1,p0161,35
11532,perfect prawn,inst_trust_gov_1,p0164,35
11533,perfect prawn,inst_trust_gov_1,p0175,35
11534,perfect prawn,inst_trust_gov_1,p0177,35
11535,perfect prawn,inst_trust_gov_1,p0178,35
11536,perfect prawn,inst_trust_gov_1,p0181,35
11537,perfect prawn,inst_trust_gov_1,p0186,35
11538,perfect prawn,inst_trust_gov_1,p0196,35
11539,perfect prawn,inst_trust_gov_1,p0198,45
11540,perfect prawn,inst_trust_gov_1,p0202,45
11541,perfect prawn,inst_trust_gov_1,p0205,35
11542,perfect prawn,inst_trust_gov_1,p0207,35
11543,perfect prawn,inst_trust_gov_1,p0211,35
11544,perfect prawn,inst_trust_gov_1,p0227,35
11545,perfect prawn,inst_trust_gov_1,p0229,35
11546,perfect prawn,inst_trust_gov_1,p0232,35
11547,perfect prawn,inst_trust_gov_1,p0233,35
11548,perfect prawn,inst_trust_gov_1,p0237,45
11549,perfect prawn,inst_trust_gov_1,p0258,35
11550,perfect prawn,inst_trust_gov_1,p0268,35
11551,perfect prawn,inst_trust_gov_1,p0274,45
11552,perfect prawn,inst_trust_gov_1,p0275,25
11553,perfect prawn,inst_trust_gov_1,p0277,35
11554,perfect prawn,inst_trust_gov_1,p0288,35
11555,perfect prawn,inst_trust_gov_1,p0291,35
11556,perfect prawn,inst_trust_gov_1,p0307,35
11557,perfect prawn,inst_trust_gov_1,p0308,45
11558,perfect prawn,inst_trust_gov_1,p0317,35
11559,perfect prawn,inst_trust_gov_1,p0325,45
11560,perfect prawn,inst_trust_gov_1,p0327,35
11561,perfect prawn,inst_trust_gov_1,p0334,35
11562,perfect prawn,inst_trust_gov_1,p0336,45
11563,perfect prawn,inst_trust_gov_1,p0338,35
11564,perfect prawn,inst_trust_gov_1,p0342,35
11565,perfect prawn,inst_trust_gov_1,p0349,35
11566,perfect prawn,inst_trust_gov_1,p0356,35
11567,perfect prawn,inst_trust_gov_1,p0358,35
11568,perfect prawn,inst_trust_gov_1,p0363,45
11569,perfect prawn,inst_trust_gov_1,p0364,45
11570,perfect prawn,inst_trust_gov_1,p0369,45
11571,perfect prawn,inst_trust_gov_1,p0370,35
11572,perfect prawn,inst_trust_gov_1,p0371,35
11573,perfect prawn,inst_trust_gov_1,p0379,35
11574,perfect prawn,inst_trust_gov_1,p0386,45
11575,perfect prawn,inst_trust_gov_1,p0396,45
11576,perfect prawn,inst_trust_gov_1,p0403,45
11577,perfect prawn,inst_trust_gov_1,p0405,35
11578,perfect prawn,inst_trust_gov_1,p0412,35
11579,perfect prawn,inst_trust_gov_1,p0415,35
11580,perfect prawn,inst_trust_gov_1,p0416,35
11581,perfect prawn,inst_trust_gov_1,p0417,35
11582,perfect prawn,inst_trust_gov_1,p0418,35
11583,perfect prawn,inst_trust_gov_1,p0430,35
11584,perfect prawn,inst_trust_gov_1,p0431,35
11585,perfect prawn,inst_trust_gov_1,p0434,35
11586,perfect prawn,inst_trust_gov_1,p0438,35
11587,perfect prawn,inst_trust_gov_1,p0441,35
11588,perfect prawn,inst_trust_gov_1,p0442,35
11589,perfect prawn,inst_trust_gov_1,p0449,35
11590,perfect prawn,inst_trust_gov_1,p0450,35
11591,perfect prawn,inst_trust_gov_1,p0465,35
11592,perfect prawn,inst_trust_gov_1,p0471,45
11593,perfect prawn,inst_trust_gov_1,p0477,45
11594,perfect prawn,inst_trust_gov_1,p0483,35
11595,perfect prawn,inst_trust_gov_1,p0486,35
11596,perfect prawn,inst_trust_gov_1,p0487,35
11597,perfect prawn,inst_trust_gov_1,p0489,35
11598,perfect prawn,inst_trust_gov_1,p0497,35
11599,perfect prawn,inst_trust_gov_1,p0502,35
11600,perfect prawn,inst_trust_gov_1,p0503,35
11601,perfect prawn,inst_trust_gov_1,p0506,35
11602,perfect prawn,inst_trust_gov_1,p0511,35
11603,perfect prawn,inst_trust_gov_1,p0523,35
11604,perfect prawn,inst_trust_gov_1,p0534,45
11605,perfect prawn,inst_trust_gov_1,p0536,45
11606,perfect prawn,inst_trust_gov_1,p0542,35
11607,perfect prawn,inst_trust_gov_1,p0547,45
11608,perfect prawn,inst_trust_gov_1,p0553,45
11609,perfect prawn,inst_trust_gov_1,p0559,45
11610,perfect prawn,inst_trust_gov_1,p0566,35
11611,perfect prawn,inst_trust_gov_1,p0568,35
11612,perfect prawn,inst_trust_gov_1,p0570,35
11613,perfect prawn,inst_trust_gov_1,p0573,35
11614,perfect prawn,inst_trust_gov_1,p0578,35
11615,perfect prawn,inst_trust_gov_1,p0594,35
11616,perfect prawn,inst_trust_gov_1,p0597,35
11617,perfect prawn,inst_trust_gov_1,p0601,35
11618,perfect prawn,inst_trust_gov_1,p0602,35
11619,perfect prawn,inst_trust_gov_1,p0605,35
11620,perfect prawn,inst_trust_gov_1,p0615,35
11621,perfect prawn,inst_trust_gov_1,p0620,45
11622,perfect prawn,inst_trust_gov_1,p0626,35
11623,perfect prawn,inst_trust_gov_1,p0629,45
11624,perfect prawn,inst_trust_gov_1,p0633,35
11625,perfect prawn,inst_trust_gov_1,p0638,35
11626,perfect prawn,inst_trust_gov_1,p0639,35
11627,perfect prawn,inst_trust_gov_1,p0640,35
11628,perfect prawn,inst_trust_gov_1,p0655,35
11629,perfect prawn,inst_trust_gov_1,p0656,35
11630,perfect prawn,inst_trust_gov_1,p0658,35
11631,perfect prawn,inst_trust_gov_1,p0661,35
11632,perfect prawn,inst_trust_gov_1,p0669,45
11633,perfect prawn,inst_trust_gov_1,p0670,35
11634,perfect prawn,inst_trust_gov_1,p0672,35
11635,perfect prawn,inst_trust_gov_1,p0674,45
11636,perfect prawn,inst_trust_gov_1,p0678,45
11637,perfect prawn,inst_trust_gov_1,p0683,35
11638,perfect prawn,inst_trust_gov_1,p0686,35
11639,perfect prawn,inst_trust_gov_1,p0687,45
11640,perfect prawn,inst_trust_gov_1,p0698,35
11641,perfect prawn,inst_trust_gov_1,p0700,35
11642,perfect prawn,inst_trust_gov_1,p0703,35
11643,perfect prawn,inst_trust_gov_1,p0718,45
11644,perfect prawn,inst_trust_gov_1,p0744,45
11645,perfect prawn,inst_trust_gov_1,p0745,35
11646,perfect prawn,inst_trust_gov_1,p0753,45
11647,perfect prawn,inst_trust_gov_1,p0770,35
11648,perfect prawn,inst_trust_gov_1,p0771,35
11649,perfect prawn,inst_trust_gov_1,p0777,35
11650,perfect prawn,inst_trust_gov_1,p0779,35
11651,perfect prawn,inst_trust_gov_1,p0780,35
11652,perfect prawn,inst_trust_gov_1,p0783,35
11653,perfect prawn,inst_trust_gov_1,p0785,35
11654,perfect prawn,inst_trust_gov_1,p0786,35
11655,perfect prawn,inst_trust_gov_1,p0794,35
11656,perfect prawn,inst_trust_gov_1,p0798,35
11657,perfect prawn,inst_trust_gov_1,p0800,35
11658,perfect prawn,inst_trust_gov_1,p0820,35
11659,perfect prawn,inst_trust_gov_1,p0841,35
11660,perfect prawn,inst_trust_gov_1,p0849,35
11661,perfect prawn,inst_trust_gov_1,p0862,35
11662,perfect prawn,inst_trust_gov_1,p0867,45
11663,perfect prawn,inst_trust_gov_1,p0869,45
11664,perfect prawn,inst_trust_gov_1,p0872,45
11665,perfect prawn,inst_trust_gov_1,p0880,45
11666,perfect prawn,inst_trust_gov_1,p0891,35
11667,perfect prawn,inst_trust_gov_1,p0916,35
11668,perfect prawn,inst_trust_gov_1,p0917,45
11669,perfect prawn,inst_trust_gov_1,p0919,35
11670,perfect prawn,inst_trust_gov_1,p0922,35
11671,perfect prawn,inst_trust_gov_1,p0925,35
11672,perfect prawn,inst_trust_gov_1,p0927,45
11673,perfect prawn,inst_trust_gov_1,p0929,35
11674,perfect prawn,inst_trust_gov_1,p0930,35
11675,perfect prawn,inst_trust_gov_1,p0931,35
11676,perfect prawn,inst_trust_gov_1,p0933,35
11677,perfect prawn,inst_trust_gov_1,p0934,35
11678,perfect prawn,inst_trust_gov_1,p0936,45
11679,perfect prawn,inst_trust_gov_1,p0938,35
11680,perfect prawn,inst_trust_gov_1,p0939,35
11681,perfect prawn,inst_trust_gov_1,p0946,35
11682,perfect prawn,inst_trust_gov_1,p0951,35
11683,perfect prawn,inst_trust_gov_1,p0956,45
11684,perfect prawn,inst_trust_gov_1,p0962,25
11685,perfect prawn,inst_trust_gov_1,p0963,45
11686,perfect prawn,inst_trust_gov_1,p0969,35
11687,perfect prawn,inst_trust_gov_1,p0972,35
11688,perfect prawn,inst_trust_gov_1,p0975,35
11689,perfect prawn,inst_trust_gov_1,p0985,35
11690,perfect prawn,inst_trust_gov_1,p0993,35
11691,perfect prawn,inst_trust_gov_1,p0996,35
11692,perfect prawn,inst_trust_gov_1,p1011,35
11693,perfect prawn,inst_trust_gov_1,p1017,35
11694,perfect prawn,inst_trust_gov_1,p1020,35
11695,perfect prawn,inst_trust_gov_1,p1022,35
11696,perfect prawn,inst_trust_gov_1,p1024,35
11697,perfect prawn,inst_trust_gov_1,p1027,35
11698,perfect prawn,inst_trust_gov_1,p1028,35
11699,perfect prawn,inst_trust_gov_1,p1029,35
11700,perfect prawn,inst_trust_gov_1,p1032,35
11701,perfect prawn,inst_trust_gov_1,p1040,35
11702,perfect prawn,inst_trust_gov_1,p1047,35
11703,perfect prawn,inst_trust_gov_1,p1048,35
11704,perfect prawn,inst_trust_gov_1,p1053,35
11705,perfect prawn,inst_trust_gov_1,p1057,35
11706,perfect prawn,inst_trust_gov_1,p1058,35
11707,perfect prawn,inst_trust_gov_1,p1063,35
11708,perfect prawn,inst_trust_gov_1,p1064,45
11709,perfect prawn,inst_trust_gov_1,p1065,35
11710,perfect prawn,inst_trust_gov_1,p1069,35
11711,perfect prawn,inst_trust_gov_1,p1072,45
11712,perfect prawn,inst_trust_gov_1,p1073,35
11713,perfect prawn,inst_trust_gov_1,p1075,35
11714,perfect prawn,inst_trust_gov_1,p1076,35
11715,perfect prawn,inst_trust_gov_1,p1083,35
11716,perfect prawn,inst_trust_gov_1,p1089,35
11717,perfect prawn,inst_trust_gov_1,p1093,45
11718,perfect prawn,inst_trust_gov_1,p1096,35
11719,perfect prawn,inst_trust_gov_1,p1100,35
11720,perfect prawn,inst_trust_gov_1,p1106,35
11721,perfect prawn,inst_trust_gov_1,p1107,35
11722,perfect prawn,inst_trust_gov_1,p1113,35
11723,perfect prawn,inst_trust_gov_1,p1117,30
11724,perfect prawn,inst_trust_gov_1,p1120,35
11725,perfect prawn,inst_trust_gov_1,p1134,35
11726,perfect prawn,inst_trust_gov_1,p1136,35
11727,perfect prawn,inst_trust_gov_1,p1138,35
11728,perfect prawn,inst_trust_gov_1,p1144,35
11729,perfect prawn,inst_trust_gov_1,p1145,35
11730,perfect prawn,inst_trust_gov_1,p1147,45
11731,perfect prawn,inst_trust_gov_1,p1148,35
11732,perfect prawn,inst_trust_gov_1,p1154,45
11733,perfect prawn,inst_trust_gov_1,p1159,35
11734,perfect prawn,inst_trust_gov_1,p1167,35
11735,perfect prawn,inst_trust_gov_1,p1175,35
11736,perfect prawn,inst_trust_gov_1,p1178,35
11737,perfect prawn,inst_trust_gov_1,p1184,35
11738,perfect prawn,inst_trust_gov_1,p1186,35
11739,perfect prawn,inst_trust_gov_1,p1196,35
11740,perfect prawn,inst_trust_gov_1,p1197,35
11741,perfect prawn,inst_trust_gov_1,p1203,35
11742,perfect prawn,inst_trust_gov_1,p1219,35
11743,perfect prawn,inst_trust_gov_1,p1225,35
11744,perfect prawn,inst_trust_gov_1,p1234,45
11745,perfect prawn,inst_trust_gov_1,p1242,35
11746,perfect prawn,inst_trust_gov_1,p1244,35
11747,perfect prawn,inst_trust_gov_1,p1249,35
11748,perfect prawn,inst_trust_gov_1,p1250,35
11749,perfect prawn,inst_trust_gov_1,p1256,35
11750,perfect prawn,inst_trust_gov_1,p1258,45
11751,perfect prawn,inst_trust_gov_1,p1260,35
11752,perfect prawn,inst_trust_gov_1,p1262,35
11753,perfect prawn,inst_trust_gov_1,p1264,35
11754,perfect prawn,inst_trust_gov_1,p1265,45
11755,perfect prawn,inst_trust_gov_1,p1269,35
11756,perfect prawn,inst_trust_gov_1,p1272,35
11757,perfect prawn,inst_trust_gov_1,p1278,35
11758,perfect prawn,inst_trust_gov_1,p1281,35
11759,perfect prawn,inst_trust_gov_1,p1292,35
11760,perfect prawn,inst_trust_gov_1,p1299,35
11761,perfect prawn,inst_trust_gov_1,p1312,35
11762,perfect prawn,inst_trust_gov_1,p1322,35
11763,perfect prawn,inst_trust_gov_1,p1326,35
11764,perfect prawn,inst_trust_gov_1,p1330,35
11765,perfect prawn,inst_trust_gov_1,p1335,35
11766,perfect prawn,inst_trust_gov_1,p1337,35
11767,perfect prawn,inst_trust_gov_1,p1340,35
11768,perfect prawn,inst_trust_gov_1,p1345,35
11769,perfect prawn,inst_trust_gov_1,p1351,35
11770,perfect prawn,inst_trust_gov_1,p1355,35
11771,perfect prawn,inst_trust_gov_1,p1362,35
11772,perfect prawn,inst_trust_gov_1,p1365,35
11773,perfect prawn,inst_trust_gov_1,p1366,35
11774,perfect prawn,inst_trust_gov_1,p1367,35
11775,perfect prawn,inst_trust_gov_1,p1370,35
11776,perfect prawn,inst_trust_gov_1,p1371,35
11777,perfect prawn,inst_trust_gov_1,p1373,35
11778,perfect prawn,inst_trust_gov_1,p1375,25
11779,perfect prawn,inst_trust_gov_1,p1376,35
11780,perfect prawn,inst_trust_gov_1,p1379,35
11781,perfect prawn,inst_trust_gov_1,p1381,35
11782,perfect prawn,inst_trust_gov_1,p1393,35
11783,perfect prawn,inst_trust_gov_1,p1396,35
11784,perfect prawn,inst_trust_gov_1,p1398,35
11785,perfect prawn,inst_trust_gov_1,p1404,35
11786,perfect prawn,inst_trust_gov_1,p1406,35
11787,perfect prawn,inst_trust_gov_1,p1407,35
11788,perfect prawn,inst_trust_gov_1,p1409,35
11789,perfect prawn,inst_trust_gov_1,p1412,35
11790,perfect prawn,inst_trust_gov_1,p1414,45
11791,perfect prawn,inst_trust_gov_1,p1424,35
11792,perfect prawn,inst_trust_gov_1,p1425,35
11793,perfect prawn,inst_trust_gov_1,p1429,35
11794,perfect prawn,inst_trust_gov_1,p1434,35
11795,perfect prawn,inst_trust_gov_1,p1441,35
11796,perfect prawn,inst_trust_gov_1,p1445,35
11797,perfect prawn,inst_trust_gov_1,p1450,35
11798,perfect prawn,inst_trust_gov_1,p1454,35
11799,perfect prawn,inst_trust_gov_1,p1456,35
11800,perfect prawn,inst_trust_gov_1,p1457,35
11801,perfect prawn,inst_trust_gov_1,p1458,35
11802,perfect prawn,inst_trust_gov_1,p1469,45
11803,perfect prawn,inst_trust_gov_1,p1470,35
11804,perfect prawn,inst_trust_gov_1,p1481,35
11805,perfect prawn,inst_trust_gov_1,p1488,35
11806,perfect prawn,inst_trust_gov_1,p1492,35
11807,perfect prawn,inst_trust_gov_1,p1495,35
11808,perfect prawn,inst_trust_gov_1,p1497,35
11809,perfect prawn,inst_trust_gov_1,p1499,35
11810,perfect prawn,inst_trust_gov_1,p1503,35
11811,perfect prawn,inst_trust_gov_1,p1511,35
11812,perfect prawn,inst_trust_gov_1,p1512,35
11813,perfect prawn,inst_trust_gov_1,p1518,35
11814,perfect prawn,inst_trust_gov_1,p1519,35
11815,perfect prawn,inst_trust_gov_1,p1520,35
11816,perfect prawn,inst_trust_gov_1,p1524,45
11817,perfect prawn,inst_trust_gov_1,p1526,35
11818,perfect prawn,inst_trust_gov_1,p1537,35
11819,perfect prawn,inst_trust_gov_1,p1545,45
11820,perfect prawn,inst_trust_gov_1,p1547,45
11821,perfect prawn,inst_trust_gov_1,p1552,35
11822,perfect prawn,inst_trust_gov_1,p1567,35
11823,perfect prawn,inst_trust_gov_1,p1568,35
11824,perfect prawn,inst_trust_gov_1,p1579,35
11825,perfect prawn,inst_trust_gov_1,p1587,35
11826,perfect prawn,inst_trust_gov_1,p1596,35
11827,perfect prawn,inst_trust_gov_1,p1600,45
11828,perfect prawn,inst_trust_gov_1,p1603,45
11829,perfect prawn,inst_trust_gov_1,p1604,35
11830,perfect prawn,inst_trust_gov_1,p1610,35
11831,perfect prawn,inst_trust_gov_1,p1618,35
11832,perfect prawn,inst_trust_gov_1,p1619,35
11833,perfect prawn,inst_trust_gov_1,p1622,35
11834,perfect prawn,inst_trust_gov_1,p1623,35
11835,perfect prawn,inst_trust_gov_1,p1630,25
11836,perfect prawn,inst_trust_gov_1,p1641,35
11837,perfect prawn,inst_trust_gov_1,p1649,35
11838,perfect prawn,inst_trust_gov_1,p1652,35
11839,perfect prawn,inst_trust_gov_1,p1665,35
11840,perfect prawn,inst_trust_gov_1,p1669,35
11841,perfect prawn,inst_trust_gov_1,p1685,35
11842,perfect prawn,inst_trust_gov_1,p1693,35
11843,perfect prawn,inst_trust_gov_1,p1698,35
11844,perfect prawn,inst_trust_gov_1,p1704,35
11845,perfect prawn,inst_trust_gov_1,p1711,45
11846,perfect prawn,inst_trust_gov_1,p1718,35
11847,perfect prawn,inst_trust_gov_1,p1732,35
11848,perfect prawn,inst_trust_gov_1,p1739,35
11849,perfect prawn,inst_trust_gov_1,p1741,45
11850,perfect prawn,inst_trust_gov_1,p1746,35
11851,perfect prawn,inst_trust_gov_1,p1751,35
11852,perfect prawn,inst_trust_gov_1,p1754,35
11853,perfect prawn,inst_trust_gov_1,p1769,35
11854,perfect prawn,inst_trust_gov_1,p1771,35
11855,perfect prawn,inst_trust_gov_1,p1776,35
11856,perfect prawn,inst_trust_gov_1,p1780,45
11857,perfect prawn,inst_trust_gov_1,p1785,35
11858,perfect prawn,inst_trust_gov_1,p1791,45
11859,perfect prawn,inst_trust_gov_1,p1793,35
11860,perfect prawn,inst_trust_gov_1,p1796,35
11861,perfect prawn,inst_trust_gov_1,p1805,35
11862,perfect prawn,inst_trust_gov_1,p1812,45
11863,perfect prawn,inst_trust_gov_1,p1816,35
11864,perfect prawn,inst_trust_gov_1,p1819,45
11865,perfect prawn,inst_trust_gov_1,p1825,35
11866,perfect prawn,inst_trust_gov_1,p1836,45
11867,perfect prawn,inst_trust_gov_1,p1839,35
11868,perfect prawn,inst_trust_gov_1,p1861,35
11869,perfect prawn,inst_trust_gov_1,p1863,45
11870,perfect prawn,inst_trust_gov_1,p1873,35
11871,perfect prawn,inst_trust_gov_1,p1875,35
11872,perfect prawn,inst_trust_gov_1,p1876,45
11873,perfect prawn,inst_trust_gov_1,p1877,35
11874,perfect prawn,inst_trust_gov_1,p1880,35
11875,perfect prawn,inst_trust_gov_1,p1883,35
11876,perfect prawn,inst_trust_gov_1,p1889,25
11877,perfect prawn,inst_trust_gov_1,p1893,45
11878,perfect prawn,inst_trust_gov_1,p1896,45
11879,perfect prawn,inst_trust_gov_1,p1913,35
11880,perfect prawn,inst_trust_gov_1,p1922,35
11881,perfect prawn,inst_trust_gov_1,p1930,35
11882,perfect prawn,inst_trust_gov_1,p1935,35
11883,perfect prawn,inst_trust_gov_1,p1940,45
11884,perfect prawn,inst_trust_gov_1,p1948,35
11885,perfect prawn,inst_trust_gov_1,p1950,35
11886,perfect prawn,inst_trust_gov_1,p1954,35
11887,perfect prawn,inst_trust_gov_1,p1956,35
11888,perfect prawn,inst_trust_gov_1,p1958,35
11889,perfect prawn,inst_trust_gov_1,p1967,35
11890,perfect prawn,inst_trust_gov_1,p1973,35
11891,perfect prawn,inst_trust_gov_1,p1978,45
11892,perfect prawn,inst_trust_gov_1,p1983,35
11893,perfect prawn,inst_trust_gov_1,p1984,35
11894,perfect prawn,inst_trust_gov_1,p1995,35
11895,perfect prawn,inst_trust_gov_1,p1996,35
11896,perfect prawn,inst_trust_gov_1,p1997,45
11897,perfect prawn,inst_trust_gov_1,p2001,45
11898,perfect prawn,inst_trust_gov_1,p2002,35
11899,perfect prawn,inst_trust_gov_1,p2013,35
11900,perfect prawn,inst_trust_gov_1,p2014,35
11901,perfect prawn,inst_trust_gov_1,p2016,35
11902,perfect prawn,inst_trust_gov_1,p2018,35
11903,perfect prawn,inst_trust_gov_1,p2023,35
11904,perfect prawn,inst_trust_gov_1,p2025,35
11905,perfect prawn,inst_trust_gov_1,p2028,35
11906,perfect prawn,inst_trust_gov_1,p2030,35
11907,perfect prawn,inst_trust_gov_1,p2033,45
11908,perfect prawn,inst_trust_gov_1,p2040,35
11909,perfect prawn,inst_trust_gov_1,p2051,35
11910,perfect prawn,inst_trust_gov_1,p2052,35
11911,perfect prawn,inst_trust_gov_1,p2066,35
11912,perfect prawn,inst_trust_gov_1,p2067,45
11913,perfect prawn,inst_trust_gov_1,p2073,35
11914,perfect prawn,inst_trust_gov_1,p2077,45
11915,perfect prawn,inst_trust_gov_1,p2078,45
11916,perfect prawn,inst_trust_gov_1,p2086,35
11917,perfect prawn,inst_trust_gov_1,p2089,35
11918,perfect prawn,inst_trust_gov_1,p2093,35
11919,perfect prawn,inst_trust_gov_1,p2094,35
11920,perfect prawn,inst_trust_gov_1,p2111,35
11921,perfect prawn,inst_trust_gov_1,p2117,35
11922,perfect prawn,inst_trust_gov_1,p2121,35
11923,perfect prawn,inst_trust_gov_1,p2127,35
11924,perfect prawn,inst_trust_gov_1,p2141,35
11925,perfect prawn,inst_trust_gov_1,p2142,25
11926,perfect prawn,inst_trust_gov_1,p2143,35
11927,perfect prawn,inst_trust_gov_1,p2153,35
11928,perfect prawn,inst_trust_gov_1,p2155,35
11929,perfect prawn,inst_trust_gov_1,p2169,35
11930,perfect prawn,inst_trust_gov_1,p2187,35
11931,perfect prawn,inst_trust_gov_1,p2188,45
11932,perfect prawn,inst_trust_gov_1,p2197,35
11933,perfect prawn,inst_trust_gov_1,p2213,35
11934,perfect prawn,inst_trust_gov_1,p2214,45
11935,perfect prawn,inst_trust_gov_1,p2215,35
11936,perfect prawn,inst_trust_gov_1,p2220,45
11937,perfect prawn,inst_trust_gov_1,p2223,35
11938,perfect prawn,inst_trust_gov_1,p2229,45
11939,perfect prawn,inst_trust_gov_1,p2234,45
11940,perfect prawn,inst_trust_gov_1,p2237,35
11941,perfect prawn,inst_trust_gov_1,p2238,35
11942,perfect prawn,inst_trust_gov_1,p2244,35
11943,perfect prawn,inst_trust_gov_1,p2248,45
11944,perfect prawn,inst_trust_gov_1,p2252,45
11945,perfect prawn,inst_trust_gov_1,p2255,25
11946,perfect prawn,inst_trust_gov_1,p2261,35
11947,perfect prawn,inst_trust_gov_1,p2263,35
11948,perfect prawn,inst_trust_gov_1,p2273,45
11949,perfect prawn,inst_trust_gov_1,p2275,45
11950,perfect prawn,inst_trust_gov_1,p2276,45
11951,perfect prawn,inst_trust_gov_1,p2283,35
11952,perfect prawn,inst_trust_gov_1,p2287,35
11953,perfect prawn,inst_trust_gov_1,p2296,35
11954,perfect prawn,inst_trust_gov_1,p2298,35
11955,perfect prawn,inst_trust_gov_1,p2304,35
11956,perfect prawn,inst_trust_gov_1,p2310,45
11957,perfect prawn,inst_trust_gov_1,p2322,35
11958,perfect prawn,inst_trust_gov_1,p2326,35
11959,perfect prawn,inst_trust_gov_1,p2330,35
11960,perfect prawn,inst_trust_gov_1,p2331,35
11961,perfect prawn,inst_trust_gov_1,p2333,35
11962,perfect prawn,inst_trust_gov_1,p2347,45
11963,perfect prawn,inst_trust_gov_1,p2350,35
11964,perfect prawn,inst_trust_gov_1,p2351,45
11965,perfect prawn,inst_trust_gov_1,p2353,35
11966,perfect prawn,inst_trust_gov_1,p2355,35
11967,perfect prawn,inst_trust_gov_1,p2363,35
11968,perfect prawn,inst_trust_gov_1,p2378,45
11969,perfect prawn,inst_trust_gov_1,p2380,35
11970,perfect prawn,inst_trust_gov_1,p2387,45
11971,perfect prawn,inst_trust_gov_1,p2398,45
11972,perfect prawn,inst_trust_gov_1,p2400,45
11973,perfect prawn,inst_trust_gov_1,p2403,45
11974,perfect prawn,inst_trust_gov_1,p2408,35
11975,perfect prawn,inst_trust_gov_1,p2418,45
11976,perfect prawn,inst_trust_gov_1,p2426,35
11977,perfect prawn,inst_trust_gov_1,p2428,35
11978,perfect prawn,inst_trust_gov_1,p2434,45
11979,perfect prawn,inst_trust_gov_1,p2446,35
11980,perfect prawn,inst_trust_gov_1,p2452,35
11981,perfect prawn,inst_trust_gov_1,p2454,35
11982,perfect prawn,inst_trust_gov_1,p2462,45
11983,perfect prawn,inst_trust_gov_1,p2467,25
11984,perfect prawn,inst_trust_gov_1,p2482,35
11985,perfect prawn,inst_trust_gov_1,p2489,35
11986,perfect prawn,inst_trust_gov_1,p2490,35
11987,perfect prawn,inst_trust_gov_1,p2494,35
11988,perfect prawn,inst_trust_gov_1,p2502,35
11989,perfect prawn,inst_trust_gov_1,p2503,35
11990,perfect prawn,inst_trust_gov_1,p2522,35
11991,perfect prawn,inst_trust_gov_1,p2524,45
11992,perfect prawn,inst_trust_gov_1,p2533,35
11993,perfect prawn,inst_trust_gov_1,p2566,35
11994,perfect prawn,inst_trust_gov_1,p2571,45
11995,perfect prawn,inst_trust_gov_1,p2573,45
11996,perfect prawn,inst_trust_gov_1,p2582,45
11997,perfect prawn,inst_trust_gov_1,p2591,35
11998,perfect prawn,inst_trust_gov_1,p2592,35
11999,perfect prawn,inst_trust_gov_1,p2595,25
12000,perfect prawn,policy_1_1,p0016,85
12001,perfect prawn,policy_1_1,p0022,75
12002,perfect prawn,policy_1_1,p0023,85
12003,perfect prawn,policy_1_1,p0026,82
12004,perfect prawn,policy_1_1,p0034,78
12005,perfect prawn,policy_1_1,p0036,75
12006,perfect prawn,policy_1_1,p0037,78
12007,perfect prawn,policy_1_1,p0042,78
12008,perfect prawn,policy_1_1,p0057,78
12009,perfect prawn,policy_1_1,p0066,85
12010,perfect prawn,policy_1_1,p0069,65
12011,perfect prawn,policy_1_1,p0072,85
12012,perfect prawn,policy_1_1,p0073,78
12013,perfect prawn,policy_1_1,p0082,85
12014,perfect prawn,policy_1_1,p0091,85
12015,perfect prawn,policy_1_1,p0092,75
12016,perfect prawn,policy_1_1,p0093,85
12017,perfect prawn,policy_1_1,p0095,78
12018,perfect prawn,policy_1_1,p0107,72
12019,perfect prawn,policy_1_1,p0114,88
12020,perfect prawn,policy_1_1,p0116,75
12021,perfect prawn,policy_1_1,p0118,75
12022,perfect prawn,policy_1_1,p0119,85
12023,perfect prawn,policy_1_1,p0126,78
12024,perfect prawn,policy_1_1,p0129,85
12025,perfect prawn,policy_1_1,p0136,68
12026,perfect prawn,policy_1_1,p0138,72
12027,perfect prawn,policy_1_1,p0144,78
12028,perfect prawn,policy_1_1,p0150,75
12029,perfect prawn,policy_1_1,p0152,75
12030,perfect prawn,policy_1_1,p0158,68
12031,perfect prawn,policy_1_1,p0161,75
12032,perfect prawn,policy_1_1,p0164,78
12033,perfect prawn,policy_1_1,p0175,78
12034,perfect prawn,policy_1_1,p0177,85
12035,perfect prawn,policy_1_1,p0178,88
12036,perfect prawn,policy_1_1,p0181,45
12037,perfect prawn,policy_1_1,p0186,75
12038,perfect prawn,policy_1_1,p0196,78
12039,perfect prawn,policy_1_1,p0198,88
12040,perfect prawn,policy_1_1,p0202,85
12041,perfect prawn,policy_1_1,p0205,78
12042,perfect prawn,policy_1_1,p0207,75
12043,perfect prawn,policy_1_1,p0211,65
12044,perfect prawn,policy_1_1,p0227,85
12045,perfect prawn,policy_1_1,p0229,78
12046,perfect prawn,policy_1_1,p0232,85
12047,perfect prawn,policy_1_1,p0233,78
12048,perfect prawn,policy_1_1,p0237,88
12049,perfect prawn,policy_1_1,p0258,78
12050,perfect prawn,policy_1_1,p0268,55
12051,perfect prawn,policy_1_1,p0274,85
12052,perfect prawn,policy_1_1,p0275,45
12053,perfect prawn,policy_1_1,p0277,75
12054,perfect prawn,policy_1_1,p0288,85
12055,perfect prawn,policy_1_1,p0291,85
12056,perfect prawn,policy_1_1,p0307,75
12057,perfect prawn,policy_1_1,p0308,78
12058,perfect prawn,policy_1_1,p0317,65
12059,perfect prawn,policy_1_1,p0325,85
12060,perfect prawn,policy_1_1,p0327,88
12061,perfect prawn,policy_1_1,p0334,88
12062,perfect prawn,policy_1_1,p0336,85
12063,perfect prawn,policy_1_1,p0338,65
12064,perfect prawn,policy_1_1,p0342,82
12065,perfect prawn,policy_1_1,p0349,75
12066,perfect prawn,policy_1_1,p0356,78
12067,perfect prawn,policy_1_1,p0358,78
12068,perfect prawn,policy_1_1,p0363,78
12069,perfect prawn,policy_1_1,p0364,85
12070,perfect prawn,policy_1_1,p0369,88
12071,perfect prawn,policy_1_1,p0370,68
12072,perfect prawn,policy_1_1,p0371,78
12073,perfect prawn,policy_1_1,p0379,72
12074,perfect prawn,policy_1_1,p0386,88
12075,perfect prawn,policy_1_1,p0396,85
12076,perfect prawn,policy_1_1,p0403,78
12077,perfect prawn,policy_1_1,p0405,85
12078,perfect prawn,policy_1_1,p0412,82
12079,perfect prawn,policy_1_1,p0415,55
12080,perfect prawn,policy_1_1,p0416,82
12081,perfect prawn,policy_1_1,p0417,78
12082,perfect prawn,policy_1_1,p0418,78
12083,perfect prawn,policy_1_1,p0430,88
12084,perfect prawn,policy_1_1,p0431,85
12085,perfect prawn,policy_1_1,p0434,35
12086,perfect prawn,policy_1_1,p0438,85
12087,perfect prawn,policy_1_1,p0441,85
12088,perfect prawn,policy_1_1,p0442,45
12089,perfect prawn,policy_1_1,p0449,78
12090,perfect prawn,policy_1_1,p0450,82
12091,perfect prawn,policy_1_1,p0465,78
12092,perfect prawn,policy_1_1,p0471,78
12093,perfect prawn,policy_1_1,p0477,78
12094,perfect prawn,policy_1_1,p0483,78
12095,perfect prawn,policy_1_1,p0486,85
12096,perfect prawn,policy_1_1,p0487,85
12097,perfect prawn,policy_1_1,p0489,85
12098,perfect prawn,policy_1_1,p0497,75
12099,perfect prawn,policy_1_1,p0502,78
12100,perfect prawn,policy_1_1,p0503,85
12101,perfect prawn,policy_1_1,p0506,72
12102,perfect prawn,policy_1_1,p0511,78
12103,perfect prawn,policy_1_1,p0523,78
12104,perfect prawn,policy_1_1,p0534,85
12105,perfect prawn,policy_1_1,p0536,78
12106,perfect prawn,policy_1_1,p0542,65
12107,perfect prawn,policy_1_1,p0547,82
12108,perfect prawn,policy_1_1,p0553,88
12109,perfect prawn,policy_1_1,p0559,85
12110,perfect prawn,policy_1_1,p0566,78
12111,perfect prawn,policy_1_1,p0568,75
12112,perfect prawn,policy_1_1,p0570,35
12113,perfect prawn,policy_1_1,p0573,78
12114,perfect prawn,policy_1_1,p0578,78
12115,perfect prawn,policy_1_1,p0594,72
12116,perfect prawn,policy_1_1,p0597,82
12117,perfect prawn,policy_1_1,p0601,78
12118,perfect prawn,policy_1_1,p0602,68
12119,perfect prawn,policy_1_1,p0605,75
12120,perfect prawn,policy_1_1,p0615,78
12121,perfect prawn,policy_1_1,p0620,82
12122,perfect prawn,policy_1_1,p0626,78
12123,perfect prawn,policy_1_1,p0629,88
12124,perfect prawn,policy_1_1,p0633,75
12125,perfect prawn,policy_1_1,p0638,78
12126,perfect prawn,policy_1_1,p0639,78
12127,perfect prawn,policy_1_1,p0640,78
12128,perfect prawn,policy_1_1,p0655,85
12129,perfect prawn,policy_1_1,p0656,78
12130,perfect prawn,policy_1_1,p0658,75
12131,perfect prawn,policy_1_1,p0661,78
12132,perfect prawn,policy_1_1,p0669,85
12133,perfect prawn,policy_1_1,p0670,75
12134,perfect prawn,policy_1_1,p0672,78
12135,perfect prawn,policy_1_1,p0674,82
12136,perfect prawn,policy_1_1,p0678,88
12137,perfect prawn,policy_1_1,p0683,78
12138,perfect prawn,policy_1_1,p0686,72
12139,perfect prawn,policy_1_1,p0687,85
12140,perfect prawn,policy_1_1,p0698,78
12141,perfect prawn,policy_1_1,p0700,78
12142,perfect prawn,policy_1_1,p0703,78
12143,perfect prawn,policy_1_1,p0718,78
12144,perfect prawn,policy_1_1,p0744,88
12145,perfect prawn,policy_1_1,p0745,78
12146,perfect prawn,policy_1_1,p0753,75
12147,perfect prawn,policy_1_1,p0770,82
12148,perfect prawn,policy_1_1,p0771,78
12149,perfect prawn,policy_1_1,p0777,88
12150,perfect prawn,policy_1_1,p0779,78
12151,perfect prawn,policy_1_1,p0780,65
12152,perfect prawn,policy_1_1,p0783,78
12153,perfect prawn,policy_1_1,p0785,78
12154,perfect prawn,policy_1_1,p0786,75
12155,perfect prawn,policy_1_1,p0794,45
12156,perfect prawn,policy_1_1,p0798,45
12157,perfect prawn,policy_1_1,p0800,82
12158,perfect prawn,policy_1_1,p0820,68
12159,perfect prawn,policy_1_1,p0841,75
12160,perfect prawn,policy_1_1,p0849,75
12161,perfect prawn,policy_1_1,p0862,88
12162,perfect prawn,policy_1_1,p0867,85
12163,perfect prawn,policy_1_1,p0869,82
12164,perfect prawn,policy_1_1,p0872,85
12165,perfect prawn,policy_1_1,p0880,82
12166,perfect prawn,policy_1_1,p0891,75
12167,perfect prawn,policy_1_1,p0916,88
12168,perfect prawn,policy_1_1,p0917,82
12169,perfect prawn,policy_1_1,p0919,88
12170,perfect prawn,policy_1_1,p0922,78
12171,perfect prawn,policy_1_1,p0925,78
12172,perfect prawn,policy_1_1,p0927,85
12173,perfect prawn,policy_1_1,p0929,78
12174,perfect prawn,policy_1_1,p0930,75
12175,perfect prawn,policy_1_1,p0931,65
12176,perfect prawn,policy_1_1,p0933,75
12177,perfect prawn,policy_1_1,p0934,65
12178,perfect prawn,policy_1_1,p0936,82
12179,perfect prawn,policy_1_1,p0938,88
12180,perfect prawn,policy_1_1,p0939,78
12181,perfect prawn,policy_1_1,p0946,78
12182,perfect prawn,policy_1_1,p0951,75
12183,perfect prawn,policy_1_1,p0956,78
12184,perfect prawn,policy_1_1,p0962,75
12185,perfect prawn,policy_1_1,p0963,82
12186,perfect prawn,policy_1_1,p0969,75
12187,perfect prawn,policy_1_1,p0972,75
12188,perfect prawn,policy_1_1,p0975,75
12189,perfect prawn,policy_1_1,p0985,65
12190,perfect prawn,policy_1_1,p0993,85
12191,perfect prawn,policy_1_1,p0996,78
12192,perfect prawn,policy_1_1,p1011,68
12193,perfect prawn,policy_1_1,p1017,75
12194,perfect prawn,policy_1_1,p1020,78
12195,perfect prawn,policy_1_1,p1022,88
12196,perfect prawn,policy_1_1,p1024,45
12197,perfect prawn,policy_1_1,p1027,88
12198,perfect prawn,policy_1_1,p1028,92
12199,perfect prawn,policy_1_1,p1029,55
12200,perfect prawn,policy_1_1,p1032,78
12201,perfect prawn,policy_1_1,p1040,88
12202,perfect prawn,policy_1_1,p1047,75
12203,perfect prawn,policy_1_1,p1048,78
12204,perfect prawn,policy_1_1,p1053,75
12205,perfect prawn,policy_1_1,p1057,75
12206,perfect prawn,policy_1_1,p1058,75
12207,perfect prawn,policy_1_1,p1063,75
12208,perfect prawn,policy_1_1,p1064,82
12209,perfect prawn,policy_1_1,p1065,68
12210,perfect prawn,policy_1_1,p1069,78
12211,perfect prawn,policy_1_1,p1072,82
12212,perfect prawn,policy_1_1,p1073,78
12213,perfect prawn,policy_1_1,p1075,85
12214,perfect prawn,policy_1_1,p1076,75
12215,perfect prawn,policy_1_1,p1083,78
12216,perfect prawn,policy_1_1,p1089,85
12217,perfect prawn,policy_1_1,p1093,82
12218,perfect prawn,policy_1_1,p1096,82
12219,perfect prawn,policy_1_1,p1100,75
12220,perfect prawn,policy_1_1,p1106,82
12221,perfect prawn,policy_1_1,p1107,72
12222,perfect prawn,policy_1_1,p1113,65
12223,perfect prawn,policy_1_1,p1117,45
12224,perfect prawn,policy_1_1,p1120,78
12225,perfect prawn,policy_1_1,p1134,78
12226,perfect prawn,policy_1_1,p1136,68
12227,perfect prawn,policy_1_1,p1138,78
12228,perfect prawn,policy_1_1,p1144,65
12229,perfect prawn,policy_1_1,p1145,88
12230,perfect prawn,policy_1_1,p1147,88
12231,perfect prawn,policy_1_1,p1148,88
12232,perfect prawn,policy_1_1,p1154,85
12233,perfect prawn,policy_1_1,p1159,82
12234,perfect prawn,policy_1_1,p1167,82
12235,perfect prawn,policy_1_1,p1175,85
12236,perfect prawn,policy_1_1,p1178,78
12237,perfect prawn,policy_1_1,p1184,78
12238,perfect prawn,policy_1_1,p1186,82
12239,perfect prawn,policy_1_1,p1196,75
12240,perfect prawn,policy_1_1,p1197,75
12241,perfect prawn,policy_1_1,p1203,82
12242,perfect prawn,policy_1_1,p1219,75
12243,perfect prawn,policy_1_1,p1225,78
12244,perfect prawn,policy_1_1,p1234,82
12245,perfect prawn,policy_1_1,p1242,78
12246,perfect prawn,policy_1_1,p1244,82
12247,perfect prawn,policy_1_1,p1249,78
12248,perfect prawn,policy_1_1,p1250,78
12249,perfect prawn,policy_1_1,p1256,78
12250,perfect prawn,policy_1_1,p1258,85
12251,perfect prawn,policy_1_1,p1260,75
12252,perfect prawn,policy_1_1,p1262,68
12253,perfect prawn,policy_1_1,p1264,78
12254,perfect prawn,policy_1_1,p1265,78
12255,perfect prawn,policy_1_1,p1269,78
12256,perfect prawn,policy_1_1,p1272,78
12257,perfect prawn,policy_1_1,p1278,85
12258,perfect prawn,policy_1_1,p1281,75
12259,perfect prawn,policy_1_1,p1292,78
12260,perfect prawn,policy_1_1,p1299,78
12261,perfect prawn,policy_1_1,p1312,78
12262,perfect prawn,policy_1_1,p1322,78
12263,perfect prawn,policy_1_1,p1326,78
12264,perfect prawn,policy_1_1,p1330,82
12265,perfect prawn,policy_1_1,p1335,78
12266,perfect prawn,policy_1_1,p1337,78
12267,perfect prawn,policy_1_1,p1340,85
12268,perfect prawn,policy_1_1,p1345,82
12269,perfect prawn,policy_1_1,p1351,75
12270,perfect prawn,policy_1_1,p1355,75
12271,perfect prawn,policy_1_1,p1362,75
12272,perfect prawn,policy_1_1,p1365,75
12273,perfect prawn,policy_1_1,p1366,68
12274,perfect prawn,policy_1_1,p1367,68
12275,perfect prawn,policy_1_1,p1370,78
12276,perfect prawn,policy_1_1,p1371,85
12277,perfect prawn,policy_1_1,p1373,75
12278,perfect prawn,policy_1_1,p1375,75
12279,perfect prawn,policy_1_1,p1376,75
12280,perfect prawn,policy_1_1,p1379,78
12281,perfect prawn,policy_1_1,p1381,72
12282,perfect prawn,policy_1_1,p1393,82
12283,perfect prawn,policy_1_1,p1396,88
12284,perfect prawn,policy_1_1,p1398,78
12285,perfect prawn,policy_1_1,p1404,78
12286,perfect prawn,policy_1_1,p1406,78
12287,perfect prawn,policy_1_1,p1407,68
12288,perfect prawn,policy_1_1,p1409,78
12289,perfect prawn,policy_1_1,p1412,82
12290,perfect prawn,policy_1_1,p1414,88
12291,perfect prawn,policy_1_1,p1424,78
12292,perfect prawn,policy_1_1,p1425,75
12293,perfect prawn,policy_1_1,p1429,75
12294,perfect prawn,policy_1_1,p1434,82
12295,perfect prawn,policy_1_1,p1441,78
12296,perfect prawn,policy_1_1,p1445,78
12297,perfect prawn,policy_1_1,p1450,82
12298,perfect prawn,policy_1_1,p1454,78
12299,perfect prawn,policy_1_1,p1456,65
12300,perfect prawn,policy_1_1,p1457,65
12301,perfect prawn,policy_1_1,p1458,88
12302,perfect prawn,policy_1_1,p1469,78
12303,perfect prawn,policy_1_1,p1470,75
12304,perfect prawn,policy_1_1,p1481,82
12305,perfect prawn,policy_1_1,p1488,78
12306,perfect prawn,policy_1_1,p1492,68
12307,perfect prawn,policy_1_1,p1495,78
12308,perfect prawn,policy_1_1,p1497,78
12309,perfect prawn,policy_1_1,p1499,78
12310,perfect prawn,policy_1_1,p1503,78
12311,perfect prawn,policy_1_1,p1511,85
12312,perfect prawn,policy_1_1,p1512,78
12313,perfect prawn,policy_1_1,p1518,75
12314,perfect prawn,policy_1_1,p1519,78
12315,perfect prawn,policy_1_1,p1520,62
12316,perfect prawn,policy_1_1,p1524,82
12317,perfect prawn,policy_1_1,p1526,75
12318,perfect prawn,policy_1_1,p1537,78
12319,perfect prawn,policy_1_1,p1545,78
12320,perfect prawn,policy_1_1,p1547,82
12321,perfect prawn,policy_1_1,p1552,90
12322,perfect prawn,policy_1_1,p1567,82
12323,perfect prawn,policy_1_1,p1568,78
12324,perfect prawn,policy_1_1,p1579,45
12325,perfect prawn,policy_1_1,p1587,45
12326,perfect prawn,policy_1_1,p1596,75
12327,perfect prawn,policy_1_1,p1600,88
12328,perfect prawn,policy_1_1,p1603,78
12329,perfect prawn,policy_1_1,p1604,78
12330,perfect prawn,policy_1_1,p1610,78
12331,perfect prawn,policy_1_1,p1618,75
12332,perfect prawn,policy_1_1,p1619,92
12333,perfect prawn,policy_1_1,p1622,88
12334,perfect prawn,policy_1_1,p1623,45
12335,perfect prawn,policy_1_1,p1630,45
12336,perfect prawn,policy_1_1,p1641,75
12337,perfect prawn,policy_1_1,p1649,72
12338,perfect prawn,policy_1_1,p1652,78
12339,perfect prawn,policy_1_1,p1665,78
12340,perfect prawn,policy_1_1,p1669,75
12341,perfect prawn,policy_1_1,p1685,78
12342,perfect prawn,policy_1_1,p1693,78
12343,perfect prawn,policy_1_1,p1698,78
12344,perfect prawn,policy_1_1,p1704,78
12345,perfect prawn,policy_1_1,p1711,88
12346,perfect prawn,policy_1_1,p1718,68
12347,perfect prawn,policy_1_1,p1732,75
12348,perfect prawn,policy_1_1,p1739,82
12349,perfect prawn,policy_1_1,p1741,85
12350,perfect prawn,policy_1_1,p1746,65
12351,perfect prawn,policy_1_1,p1751,55
12352,perfect prawn,policy_1_1,p1754,75
12353,perfect prawn,policy_1_1,p1769,75
12354,perfect prawn,policy_1_1,p1771,78
12355,perfect prawn,policy_1_1,p1776,75
12356,perfect prawn,policy_1_1,p1780,78
12357,perfect prawn,policy_1_1,p1785,65
12358,perfect prawn,policy_1_1,p1791,85
12359,perfect prawn,policy_1_1,p1793,78
12360,perfect prawn,policy_1_1,p1796,75
12361,perfect prawn,policy_1_1,p1805,78
12362,perfect prawn,policy_1_1,p1812,85
12363,perfect prawn,policy_1_1,p1816,65
12364,perfect prawn,policy_1_1,p1819,78
12365,perfect prawn,policy_1_1,p1825,85
12366,perfect prawn,policy_1_1,p1836,88
12367,perfect prawn,policy_1_1,p1839,78
12368,perfect prawn,policy_1_1,p1861,78
12369,perfect prawn,policy_1_1,p1863,85
12370,perfect prawn,policy_1_1,p1873,78
12371,perfect prawn,policy_1_1,p1875,78
12372,perfect prawn,policy_1_1,p1876,85
12373,perfect prawn,policy_1_1,p1877,88
12374,perfect prawn,policy_1_1,p1880,78
12375,perfect prawn,policy_1_1,p1883,78
12376,perfect prawn,policy_1_1,p1889,45
12377,perfect prawn,policy_1_1,p1893,85
12378,perfect prawn,policy_1_1,p1896,85
12379,perfect prawn,policy_1_1,p1913,75
12380,perfect prawn,policy_1_1,p1922,85
12381,perfect prawn,policy_1_1,p1930,82
12382,perfect prawn,policy_1_1,p1935,78
12383,perfect prawn,policy_1_1,p1940,88
12384,perfect prawn,policy_1_1,p1948,75
12385,perfect prawn,policy_1_1,p1950,75
12386,perfect prawn,policy_1_1,p1954,75
12387,perfect prawn,policy_1_1,p1956,45
12388,perfect prawn,policy_1_1,p1958,75
12389,perfect prawn,policy_1_1,p1967,82
12390,perfect prawn,policy_1_1,p1973,92
12391,perfect prawn,policy_1_1,p1978,78
12392,perfect prawn,policy_1_1,p1983,68
12393,perfect prawn,policy_1_1,p1984,65
12394,perfect prawn,policy_1_1,p1995,75
12395,perfect prawn,policy_1_1,p1996,78
12396,perfect prawn,policy_1_1,p1997,78
12397,perfect prawn,policy_1_1,p2001,88
12398,perfect prawn,policy_1_1,p2002,75
12399,perfect prawn,policy_1_1,p2013,88
12400,perfect prawn,policy_1_1,p2014,72
12401,perfect prawn,policy_1_1,p2016,85
12402,perfect prawn,policy_1_1,p2018,68
12403,perfect prawn,policy_1_1,p2023,88
12404,perfect prawn,policy_1_1,p2025,85
12405,perfect prawn,policy_1_1,p2028,78
12406,perfect prawn,policy_1_1,p2030,82
12407,perfect prawn,policy_1_1,p2033,78
12408,perfect prawn,policy_1_1,p2040,55
12409,perfect prawn,policy_1_1,p2051,75
12410,perfect prawn,policy_1_1,p2052,78
12411,perfect prawn,policy_1_1,p2066,68
12412,perfect prawn,policy_1_1,p2067,85
12413,perfect prawn,policy_1_1,p2073,85
12414,perfect prawn,policy_1_1,p2077,78
12415,perfect prawn,policy_1_1,p2078,78
12416,perfect prawn,policy_1_1,p2086,82
12417,perfect prawn,policy_1_1,p2089,88
12418,perfect prawn,policy_1_1,p2093,45
12419,perfect prawn,policy_1_1,p2094,85
12420,perfect prawn,policy_1_1,p2111,75
12421,perfect prawn,policy_1_1,p2117,82
12422,perfect prawn,policy_1_1,p2121,78
12423,perfect prawn,policy_1_1,p2127,78
12424,perfect prawn,policy_1_1,p2141,78
12425,perfect prawn,policy_1_1,p2142,45
12426,perfect prawn,policy_1_1,p2143,82
12427,perfect prawn,policy_1_1,p2153,75
12428,perfect prawn,policy_1_1,p2155,65
12429,perfect prawn,policy_1_1,p2169,65
12430,perfect prawn,policy_1_1,p2187,78
12431,perfect prawn,policy_1_1,p2188,82
12432,perfect prawn,policy_1_1,p2197,75
12433,perfect prawn,policy_1_1,p2213,75
12434,perfect prawn,policy_1_1,p2214,78
12435,perfect prawn,policy_1_1,p2215,85
12436,perfect prawn,policy_1_1,p2220,78
12437,perfect prawn,policy_1_1,p2223,75
12438,perfect prawn,policy_1_1,p2229,78
12439,perfect prawn,policy_1_1,p2234,85
12440,perfect prawn,policy_1_1,p2237,88
12441,perfect prawn,policy_1_1,p2238,78
12442,perfect prawn,policy_1_1,p2244,78
12443,perfect prawn,policy_1_1,p2248,78
12444,perfect prawn,policy_1_1,p2252,85
12445,perfect prawn,policy_1_1,p2255,35
12446,perfect prawn,policy_1_1,p2261,45
12447,perfect prawn,policy_1_1,p2263,75
12448,perfect prawn,policy_1_1,p2273,78
12449,perfect prawn,policy_1_1,p2275,78
12450,perfect prawn,policy_1_1,p2276,75
12451,perfect prawn,policy_1_1,p2283,65
12452,perfect prawn,policy_1_1,p2287,78
12453,perfect prawn,policy_1_1,p2296,62
12454,perfect prawn,policy_1_1,p2298,75
12455,perfect prawn,policy_1_1,p2304,85
12456,perfect prawn,policy_1_1,p2310,75
12457,perfect prawn,policy_1_1,p2322,65
12458,perfect prawn,policy_1_1,p2326,78
12459,perfect prawn,policy_1_1,p2330,75
12460,perfect prawn,policy_1_1,p2331,85
12461,perfect prawn,policy_1_1,p2333,75
12462,perfect prawn,policy_1_1,p2347,85
12463,perfect prawn,policy_1_1,p2350,75
12464,perfect prawn,policy_1_1,p2351,78
12465,perfect prawn,policy_1_1,p2353,78
12466,perfect prawn,policy_1_1,p2355,75
12467,perfect prawn,policy_1_1,p2363,75
12468,perfect prawn,policy_1_1,p2378,85
12469,perfect prawn,policy_1_1,p2380,85
12470,perfect prawn,policy_1_1,p2387,78
12471,perfect prawn,policy_1_1,p2398,78
12472,perfect prawn,policy_1_1,p2400,85
12473,perfect prawn,policy_1_1,p2403,85
12474,perfect prawn,policy_1_1,p2408,65
12475,perfect prawn,policy_1_1,p2418,78
12476,perfect prawn,policy_1_1,p2426,78
12477,perfect prawn,policy_1_1,p2428,75
12478,perfect prawn,policy_1_1,p2434,85
12479,perfect prawn,policy_1_1,p2446,68
12480,perfect prawn,policy_1_1,p2452,75
12481,perfect prawn,policy_1_1,p2454,75
12482,perfect prawn,policy_1_1,p2462,78
12483,perfect prawn,policy_1_1,p2467,35
12484,perfect prawn,policy_1_1,p2482,75
12485,perfect prawn,policy_1_1,p2489,75
12486,perfect prawn,policy_1_1,p2490,78
12487,perfect prawn,policy_1_1,p2494,68
12488,perfect prawn,policy_1_1,p2502,82
12489,perfect prawn,policy_1_1,p2503,78
12490,perfect prawn,policy_1_1,p2522,85
12491,perfect prawn,policy_1_1,p2524,85
12492,perfect prawn,policy_1_1,p2533,55
12493,perfect prawn,policy_1_1,p2566,75
12494,perfect prawn,policy_1_1,p2571,82
12495,perfect prawn,policy_1_1,p2573,75
12496,perfect prawn,policy_1_1,p2582,78
12497,perfect prawn,policy_1_1,p2591,75
12498,perfect prawn,policy_1_1,p2592,78
12499,perfect prawn,policy_1_1,p2595,35
12500,perfect prawn,policy_2_1,p0016,35
12501,perfect prawn,policy_2_1,p0022,45
12502,perfect prawn,policy_2_1,p0023,35
12503,perfect prawn,policy_2_1,p0026,45
12504,perfect prawn,policy_2_1,p0034,35
12505,perfect prawn,policy_2_1,p0036,35
12506,perfect prawn,policy_2_1,p0037,45
12507,perfect prawn,policy_2_1,p0042,45
12508,perfect prawn,policy_2_1,p0057,35
12509,perfect prawn,policy_2_1,p0066,25
12510,perfect prawn,policy_2_1,p0069,25
12511,perfect prawn,policy_2_1,p0072,25
12512,perfect prawn,policy_2_1,p0073,35
12513,perfect prawn,policy_2_1,p0082,35
12514,perfect prawn,policy_2_1,p0091,35
12515,perfect prawn,policy_2_1,p0092,35
12516,perfect prawn,policy_2_1,p0093,45
12517,perfect prawn,policy_2_1,p0095,35
12518,perfect prawn,policy_2_1,p0107,35
12519,perfect prawn,policy_2_1,p0114,35
12520,perfect prawn,policy_2_1,p0116,35
12521,perfect prawn,policy_2_1,p0118,45
12522,perfect prawn,policy_2_1,p0119,45
12523,perfect prawn,policy_2_1,p0126,45
12524,perfect prawn,policy_2_1,p0129,45
12525,perfect prawn,policy_2_1,p0136,35
12526,perfect prawn,policy_2_1,p0138,35
12527,perfect prawn,policy_2_1,p0144,35
12528,perfect prawn,policy_2_1,p0150,35
12529,perfect prawn,policy_2_1,p0152,35
12530,perfect prawn,policy_2_1,p0158,35
12531,perfect prawn,policy_2_1,p0161,25
12532,perfect prawn,policy_2_1,p0164,35
12533,perfect prawn,policy_2_1,p0175,45
12534,perfect prawn,policy_2_1,p0177,45
12535,perfect prawn,policy_2_1,p0178,35
12536,perfect prawn,policy_2_1,p0181,35
12537,perfect prawn,policy_2_1,p0186,35
12538,perfect prawn,policy_2_1,p0196,35
12539,perfect prawn,policy_2_1,p0198,45
12540,perfect prawn,policy_2_1,p0202,45
12541,perfect prawn,policy_2_1,p0205,35
12542,perfect prawn,policy_2_1,p0207,25
12543,perfect prawn,policy_2_1,p0211,35
12544,perfect prawn,policy_2_1,p0227,45
12545,perfect prawn,policy_2_1,p0229,35
12546,perfect prawn,policy_2_1,p0232,35
12547,perfect prawn,policy_2_1,p0233,35
12548,perfect prawn,policy_2_1,p0237,35
12549,perfect prawn,policy_2_1,p0258,35
12550,perfect prawn,policy_2_1,p0268,25
12551,perfect prawn,policy_2_1,p0274,45
12552,perfect prawn,policy_2_1,p0275,25
12553,perfect prawn,policy_2_1,p0277,35
12554,perfect prawn,policy_2_1,p0288,35
12555,perfect prawn,policy_2_1,p0291,35
12556,perfect prawn,policy_2_1,p0307,35
12557,perfect prawn,policy_2_1,p0308,45
12558,perfect prawn,policy_2_1,p0317,25
12559,perfect prawn,policy_2_1,p0325,45
12560,perfect prawn,policy_2_1,p0327,45
12561,perfect prawn,policy_2_1,p0334,35
12562,perfect prawn,policy_2_1,p0336,45
12563,perfect prawn,policy_2_1,p0338,35
12564,perfect prawn,policy_2_1,p0342,45
12565,perfect prawn,policy_2_1,p0349,35
12566,perfect prawn,policy_2_1,p0356,35
12567,perfect prawn,policy_2_1,p0358,35
12568,perfect prawn,policy_2_1,p0363,45
12569,perfect prawn,policy_2_1,p0364,45
12570,perfect prawn,policy_2_1,p0369,35
12571,perfect prawn,policy_2_1,p0370,35
12572,perfect prawn,policy_2_1,p0371,35
12573,perfect prawn,policy_2_1,p0379,35
12574,perfect prawn,policy_2_1,p0386,35
12575,perfect prawn,policy_2_1,p0396,45
12576,perfect prawn,policy_2_1,p0403,35
12577,perfect prawn,policy_2_1,p0405,35
12578,perfect prawn,policy_2_1,p0412,45
12579,perfect prawn,policy_2_1,p0415,25
12580,perfect prawn,policy_2_1,p0416,45
12581,perfect prawn,policy_2_1,p0417,35
12582,perfect prawn,policy_2_1,p0418,35
12583,perfect prawn,policy_2_1,p0430,35
12584,perfect prawn,policy_2_1,p0431,45
12585,perfect prawn,policy_2_1,p0434,15
12586,perfect prawn,policy_2_1,p0438,35
12587,perfect prawn,policy_2_1,p0441,45
12588,perfect prawn,policy_2_1,p0442,25
12589,perfect prawn,policy_2_1,p0449,35
12590,perfect prawn,policy_2_1,p0450,35
12591,perfect prawn,policy_2_1,p0465,35
12592,perfect prawn,policy_2_1,p0471,45
12593,perfect prawn,policy_2_1,p0477,45
12594,perfect prawn,policy_2_1,p0483,35
12595,perfect prawn,policy_2_1,p0486,25
12596,perfect prawn,policy_2_1,p0487,45
12597,perfect prawn,policy_2_1,p0489,35
12598,perfect prawn,policy_2_1,p0497,25
12599,perfect prawn,policy_2_1,p0502,35
12600,perfect prawn,policy_2_1,p0503,35
12601,perfect prawn,policy_2_1,p0506,35
12602,perfect prawn,policy_2_1,p0511,45
12603,perfect prawn,policy_2_1,p0523,35
12604,perfect prawn,policy_2_1,p0534,35
12605,perfect prawn,policy_2_1,p0536,45
12606,perfect prawn,policy_2_1,p0542,25
12607,perfect prawn,policy_2_1,p0547,45
12608,perfect prawn,policy_2_1,p0553,35
12609,perfect prawn,policy_2_1,p0559,35
12610,perfect prawn,policy_2_1,p0566,35
12611,perfect prawn,policy_2_1,p0568,35
12612,perfect prawn,policy_2_1,p0570,25
12613,perfect prawn,policy_2_1,p0573,35
12614,perfect prawn,policy_2_1,p0578,35
12615,perfect prawn,policy_2_1,p0594,35
12616,perfect prawn,policy_2_1,p0597,35
12617,perfect prawn,policy_2_1,p0601,35
12618,perfect prawn,policy_2_1,p0602,35
12619,perfect prawn,policy_2_1,p0605,45
12620,perfect prawn,policy_2_1,p0615,35
12621,perfect prawn,policy_2_1,p0620,45
12622,perfect prawn,policy_2_1,p0626,35
12623,perfect prawn,policy_2_1,p0629,45
12624,perfect prawn,policy_2_1,p0633,35
12625,perfect prawn,policy_2_1,p0638,35
12626,perfect prawn,policy_2_1,p0639,35
12627,perfect prawn,policy_2_1,p0640,35
12628,perfect prawn,policy_2_1,p0655,25
12629,perfect prawn,policy_2_1,p0656,45
12630,perfect prawn,policy_2_1,p0658,25
12631,perfect prawn,policy_2_1,p0661,35
12632,perfect prawn,policy_2_1,p0669,45
12633,perfect prawn,policy_2_1,p0670,35
12634,perfect prawn,policy_2_1,p0672,35
12635,perfect prawn,policy_2_1,p0674,35
12636,perfect prawn,policy_2_1,p0678,45
12637,perfect prawn,policy_2_1,p0683,35
12638,perfect prawn,policy_2_1,p0686,35
12639,perfect prawn,policy_2_1,p0687,45
12640,perfect prawn,policy_2_1,p0698,35
12641,perfect prawn,policy_2_1,p0700,35
12642,perfect prawn,policy_2_1,p0703,35
12643,perfect prawn,policy_2_1,p0718,45
12644,perfect prawn,policy_2_1,p0744,35
12645,perfect prawn,policy_2_1,p0745,35
12646,perfect prawn,policy_2_1,p0753,35
12647,perfect prawn,policy_2_1,p0770,45
12648,perfect prawn,policy_2_1,p0771,35
12649,perfect prawn,policy_2_1,p0777,35
12650,perfect prawn,policy_2_1,p0779,35
12651,perfect prawn,policy_2_1,p0780,35
12652,perfect prawn,policy_2_1,p0783,45
12653,perfect prawn,policy_2_1,p0785,35
12654,perfect prawn,policy_2_1,p0786,35
12655,perfect prawn,policy_2_1,p0794,25
12656,perfect prawn,policy_2_1,p0798,25
12657,perfect prawn,policy_2_1,p0800,45
12658,perfect prawn,policy_2_1,p0820,25
12659,perfect prawn,policy_2_1,p0841,25
12660,perfect prawn,policy_2_1,p0849,45
12661,perfect prawn,policy_2_1,p0862,35
12662,perfect prawn,policy_2_1,p0867,45
12663,perfect prawn,policy_2_1,p0869,45
12664,perfect prawn,policy_2_1,p0872,35
12665,perfect prawn,policy_2_1,p0880,45
12666,perfect prawn,policy_2_1,p0891,35
12667,perfect prawn,policy_2_1,p0916,35
12668,perfect prawn,policy_2_1,p0917,45
12669,perfect prawn,policy_2_1,p0919,35
12670,perfect prawn,policy_2_1,p0922,35
12671,perfect prawn,policy_2_1,p0925,35
12672,perfect prawn,policy_2_1,p0927,35
12673,perfect prawn,policy_2_1,p0929,35
12674,perfect prawn,policy_2_1,p0930,25
12675,perfect prawn,policy_2_1,p0931,35
12676,perfect prawn,policy_2_1,p0933,35
12677,perfect prawn,policy_2_1,p0934,25
12678,perfect prawn,policy_2_1,p0936,45
12679,perfect prawn,policy_2_1,p0938,35
12680,perfect prawn,policy_2_1,p0939,35
12681,perfect prawn,policy_2_1,p0946,35
12682,perfect prawn,policy_2_1,p0951,45
12683,perfect prawn,policy_2_1,p0956,45
12684,perfect prawn,policy_2_1,p0962,25
12685,perfect prawn,policy_2_1,p0963,45
12686,perfect prawn,policy_2_1,p0969,35
12687,perfect prawn,policy_2_1,p0972,35
12688,perfect prawn,policy_2_1,p0975,35
12689,perfect prawn,policy_2_1,p0985,35
12690,perfect prawn,policy_2_1,p0993,35
12691,perfect prawn,policy_2_1,p0996,35
12692,perfect prawn,policy_2_1,p1011,35
12693,perfect prawn,policy_2_1,p1017,25
12694,perfect prawn,policy_2_1,p1020,35
12695,perfect prawn,policy_2_1,p1022,35
12696,perfect prawn,policy_2_1,p1024,25
12697,perfect prawn,policy_2_1,p1027,35
12698,perfect prawn,policy_2_1,p1028,45
12699,perfect prawn,policy_2_1,p1029,35
12700,perfect prawn,policy_2_1,p1032,35
12701,perfect prawn,policy_2_1,p1040,35
12702,perfect prawn,policy_2_1,p1047,35
12703,perfect prawn,policy_2_1,p1048,35
12704,perfect prawn,policy_2_1,p1053,35
12705,perfect prawn,policy_2_1,p1057,35
12706,perfect prawn,policy_2_1,p1058,35
12707,perfect prawn,policy_2_1,p1063,35
12708,perfect prawn,policy_2_1,p1064,45
12709,perfect prawn,policy_2_1,p1065,35
12710,perfect prawn,policy_2_1,p1069,35
12711,perfect prawn,policy_2_1,p1072,45
12712,perfect prawn,policy_2_1,p1073,45
12713,perfect prawn,policy_2_1,p1075,35
12714,perfect prawn,policy_2_1,p1076,35
12715,perfect prawn,policy_2_1,p1083,35
12716,perfect prawn,policy_2_1,p1089,35
12717,perfect prawn,policy_2_1,p1093,45
12718,perfect prawn,policy_2_1,p1096,35
12719,perfect prawn,policy_2_1,p1100,35
12720,perfect prawn,policy_2_1,p1106,45
12721,perfect prawn,policy_2_1,p1107,35
12722,perfect prawn,policy_2_1,p1113,25
12723,perfect prawn,policy_2_1,p1117,20
12724,perfect prawn,policy_2_1,p1120,35
12725,perfect prawn,policy_2_1,p1134,35
12726,perfect prawn,policy_2_1,p1136,35
12727,perfect prawn,policy_2_1,p1138,45
12728,perfect prawn,policy_2_1,p1144,25
12729,perfect prawn,policy_2_1,p1145,35
12730,perfect prawn,policy_2_1,p1147,45
12731,perfect prawn,policy_2_1,p1148,35
12732,perfect prawn,policy_2_1,p1154,35
12733,perfect prawn,policy_2_1,p1159,25
12734,perfect prawn,policy_2_1,p1167,35
12735,perfect prawn,policy_2_1,p1175,35
12736,perfect prawn,policy_2_1,p1178,35
12737,perfect prawn,policy_2_1,p1184,35
12738,perfect prawn,policy_2_1,p1186,45
12739,perfect prawn,policy_2_1,p1196,35
12740,perfect prawn,policy_2_1,p1197,35
12741,perfect prawn,policy_2_1,p1203,45
12742,perfect prawn,policy_2_1,p1219,35
12743,perfect prawn,policy_2_1,p1225,35
12744,perfect prawn,policy_2_1,p1234,45
12745,perfect prawn,policy_2_1,p1242,35
12746,perfect prawn,policy_2_1,p1244,35
12747,perfect prawn,policy_2_1,p1249,45
12748,perfect prawn,policy_2_1,p1250,35
12749,perfect prawn,policy_2_1,p1256,35
12750,perfect prawn,policy_2_1,p1258,45
12751,perfect prawn,policy_2_1,p1260,35
12752,perfect prawn,policy_2_1,p1262,35
12753,perfect prawn,policy_2_1,p1264,35
12754,perfect prawn,policy_2_1,p1265,35
12755,perfect prawn,policy_2_1,p1269,35
12756,perfect prawn,policy_2_1,p1272,45
12757,perfect prawn,policy_2_1,p1278,35
12758,perfect prawn,policy_2_1,p1281,35
12759,perfect prawn,policy_2_1,p1292,35
12760,perfect prawn,policy_2_1,p1299,35
12761,perfect prawn,policy_2_1,p1312,35
12762,perfect prawn,policy_2_1,p1322,35
12763,perfect prawn,policy_2_1,p1326,35
12764,perfect prawn,policy_2_1,p1330,35
12765,perfect prawn,policy_2_1,p1335,35
12766,perfect prawn,policy_2_1,p1337,35
12767,perfect prawn,policy_2_1,p1340,45
12768,perfect prawn,policy_2_1,p1345,45
12769,perfect prawn,policy_2_1,p1351,25
12770,perfect prawn,policy_2_1,p1355,35
12771,perfect prawn,policy_2_1,p1362,25
12772,perfect prawn,policy_2_1,p1365,35
12773,perfect prawn,policy_2_1,p1366,35
12774,perfect prawn,policy_2_1,p1367,35
12775,perfect prawn,policy_2_1,p1370,35
12776,perfect prawn,policy_2_1,p1371,35
12777,perfect prawn,policy_2_1,p1373,35
12778,perfect prawn,policy_2_1,p1375,25
12779,perfect prawn,policy_2_1,p1376,25
12780,perfect prawn,policy_2_1,p1379,35
12781,perfect prawn,policy_2_1,p1381,35
12782,perfect prawn,policy_2_1,p1393,35
12783,perfect prawn,policy_2_1,p1396,35
12784,perfect prawn,policy_2_1,p1398,35
12785,perfect prawn,policy_2_1,p1404,35
12786,perfect prawn,policy_2_1,p1406,35
12787,perfect prawn,policy_2_1,p1407,35
12788,perfect prawn,policy_2_1,p1409,35
12789,perfect prawn,policy_2_1,p1412,35
12790,perfect prawn,policy_2_1,p1414,35
12791,perfect prawn,policy_2_1,p1424,35
12792,perfect prawn,policy_2_1,p1425,35
12793,perfect prawn,policy_2_1,p1429,35
12794,perfect prawn,policy_2_1,p1434,45
12795,perfect prawn,policy_2_1,p1441,35
12796,perfect prawn,policy_2_1,p1445,35
12797,perfect prawn,policy_2_1,p1450,35
12798,perfect prawn,policy_2_1,p1454,35
12799,perfect prawn,policy_2_1,p1456,35
12800,perfect prawn,policy_2_1,p1457,35
12801,perfect prawn,policy_2_1,p1458,45
12802,perfect prawn,policy_2_1,p1469,45
12803,perfect prawn,policy_2_1,p1470,25
12804,perfect prawn,policy_2_1,p1481,35
12805,perfect prawn,policy_2_1,p1488,35
12806,perfect prawn,policy_2_1,p1492,35
12807,perfect prawn,policy_2_1,p1495,35
12808,perfect prawn,policy_2_1,p1497,35
12809,perfect prawn,policy_2_1,p1499,45
12810,perfect prawn,policy_2_1,p1503,45
12811,perfect prawn,policy_2_1,p1511,35
12812,perfect prawn,policy_2_1,p1512,35
12813,perfect prawn,policy_2_1,p1518,35
12814,perfect prawn,policy_2_1,p1519,35
12815,perfect prawn,policy_2_1,p1520,35
12816,perfect prawn,policy_2_1,p1524,45
12817,perfect prawn,policy_2_1,p1526,25
12818,perfect prawn,policy_2_1,p1537,35
12819,perfect prawn,policy_2_1,p1545,45
12820,perfect prawn,policy_2_1,p1547,35
12821,perfect prawn,policy_2_1,p1552,25
12822,perfect prawn,policy_2_1,p1567,35
12823,perfect prawn,policy_2_1,p1568,35
12824,perfect prawn,policy_2_1,p1579,25
12825,perfect prawn,policy_2_1,p1587,25
12826,perfect prawn,policy_2_1,p1596,35
12827,perfect prawn,policy_2_1,p1600,45
12828,perfect prawn,policy_2_1,p1603,45
12829,perfect prawn,policy_2_1,p1604,35
12830,perfect prawn,policy_2_1,p1610,35
12831,perfect prawn,policy_2_1,p1618,35
12832,perfect prawn,policy_2_1,p1619,35
12833,perfect prawn,policy_2_1,p1622,35
12834,perfect prawn,policy_2_1,p1623,25
12835,perfect prawn,policy_2_1,p1630,25
12836,perfect prawn,policy_2_1,p1641,35
12837,perfect prawn,policy_2_1,p1649,35
12838,perfect prawn,policy_2_1,p1652,35
12839,perfect prawn,policy_2_1,p1665,35
12840,perfect prawn,policy_2_1,p1669,25
12841,perfect prawn,policy_2_1,p1685,35
12842,perfect prawn,policy_2_1,p1693,35
12843,perfect prawn,policy_2_1,p1698,35
12844,perfect prawn,policy_2_1,p1704,35
12845,perfect prawn,policy_2_1,p1711,45
12846,perfect prawn,policy_2_1,p1718,35
12847,perfect prawn,policy_2_1,p1732,35
12848,perfect prawn,policy_2_1,p1739,35
12849,perfect prawn,policy_2_1,p1741,45
12850,perfect prawn,policy_2_1,p1746,35
12851,perfect prawn,policy_2_1,p1751,25
12852,perfect prawn,policy_2_1,p1754,25
12853,perfect prawn,policy_2_1,p1769,25
12854,perfect prawn,policy_2_1,p1771,35
12855,perfect prawn,policy_2_1,p1776,35
12856,perfect prawn,policy_2_1,p1780,45
12857,perfect prawn,policy_2_1,p1785,25
12858,perfect prawn,policy_2_1,p1791,35
12859,perfect prawn,policy_2_1,p1793,35
12860,perfect prawn,policy_2_1,p1796,35
12861,perfect prawn,policy_2_1,p1805,45
12862,perfect prawn,policy_2_1,p1812,45
12863,perfect prawn,policy_2_1,p1816,35
12864,perfect prawn,policy_2_1,p1819,35
12865,perfect prawn,policy_2_1,p1825,35
12866,perfect prawn,policy_2_1,p1836,35
12867,perfect prawn,policy_2_1,p1839,35
12868,perfect prawn,policy_2_1,p1861,35
12869,perfect prawn,policy_2_1,p1863,35
12870,perfect prawn,policy_2_1,p1873,35
12871,perfect prawn,policy_2_1,p1875,35
12872,perfect prawn,policy_2_1,p1876,45
12873,perfect prawn,policy_2_1,p1877,35
12874,perfect prawn,policy_2_1,p1880,35
12875,perfect prawn,policy_2_1,p1883,25
12876,perfect prawn,policy_2_1,p1889,15
12877,perfect prawn,policy_2_1,p1893,45
12878,perfect prawn,policy_2_1,p1896,35
12879,perfect prawn,policy_2_1,p1913,45
12880,perfect prawn,policy_2_1,p1922,25
12881,perfect prawn,policy_2_1,p1930,45
12882,perfect prawn,policy_2_1,p1935,35
12883,perfect prawn,policy_2_1,p1940,45
12884,perfect prawn,policy_2_1,p1948,25
12885,perfect prawn,policy_2_1,p1950,35
12886,perfect prawn,policy_2_1,p1954,35
12887,perfect prawn,policy_2_1,p1956,25
12888,perfect prawn,policy_2_1,p1958,45
12889,perfect prawn,policy_2_1,p1967,45
12890,perfect prawn,policy_2_1,p1973,35
12891,perfect prawn,policy_2_1,p1978,45
12892,perfect prawn,policy_2_1,p1983,35
12893,perfect prawn,policy_2_1,p1984,35
12894,perfect prawn,policy_2_1,p1995,35
12895,perfect prawn,policy_2_1,p1996,35
12896,perfect prawn,policy_2_1,p1997,35
12897,perfect prawn,policy_2_1,p2001,35
12898,perfect prawn,policy_2_1,p2002,35
12899,perfect prawn,policy_2_1,p2013,45
12900,perfect prawn,policy_2_1,p2014,35
12901,perfect prawn,policy_2_1,p2016,45
12902,perfect prawn,policy_2_1,p2018,35
12903,perfect prawn,policy_2_1,p2023,35
12904,perfect prawn,policy_2_1,p2025,25
12905,perfect prawn,policy_2_1,p2028,35
12906,perfect prawn,policy_2_1,p2030,45
12907,perfect prawn,policy_2_1,p2033,45
12908,perfect prawn,policy_2_1,p2040,35
12909,perfect prawn,policy_2_1,p2051,25
12910,perfect prawn,policy_2_1,p2052,35
12911,perfect prawn,policy_2_1,p2066,35
12912,perfect prawn,policy_2_1,p2067,45
12913,perfect prawn,policy_2_1,p2073,45
12914,perfect prawn,policy_2_1,p2077,45
12915,perfect prawn,policy_2_1,p2078,35
12916,perfect prawn,policy_2_1,p2086,35
12917,perfect prawn,policy_2_1,p2089,35
12918,perfect prawn,policy_2_1,p2093,25
12919,perfect prawn,policy_2_1,p2094,45
12920,perfect prawn,policy_2_1,p2111,35
12921,perfect prawn,policy_2_1,p2117,45
12922,perfect prawn,policy_2_1,p2121,45
12923,perfect prawn,policy_2_1,p2127,35
12924,perfect prawn,policy_2_1,p2141,35
12925,perfect prawn,policy_2_1,p2142,25
12926,perfect prawn,policy_2_1,p2143,45
12927,perfect prawn,policy_2_1,p2153,35
12928,perfect prawn,policy_2_1,p2155,25
12929,perfect prawn,policy_2_1,p2169,25
12930,perfect prawn,policy_2_1,p2187,45
12931,perfect prawn,policy_2_1,p2188,45
12932,perfect prawn,policy_2_1,p2197,35
12933,perfect prawn,policy_2_1,p2213,35
12934,perfect prawn,policy_2_1,p2214,45
12935,perfect prawn,policy_2_1,p2215,25
12936,perfect prawn,policy_2_1,p2220,45
12937,perfect prawn,policy_2_1,p2223,35
12938,perfect prawn,policy_2_1,p2229,45
12939,perfect prawn,policy_2_1,p2234,35
12940,perfect prawn,policy_2_1,p2237,45
12941,perfect prawn,policy_2_1,p2238,35
12942,perfect prawn,policy_2_1,p2244,35
12943,perfect prawn,policy_2_1,p2248,35
12944,perfect prawn,policy_2_1,p2252,45
12945,perfect prawn,policy_2_1,p2255,15
12946,perfect prawn,policy_2_1,p2261,25
12947,perfect prawn,policy_2_1,p2263,45
12948,perfect prawn,policy_2_1,p2273,35
12949,perfect prawn,policy_2_1,p2275,45
12950,perfect prawn,policy_2_1,p2276,35
12951,perfect prawn,policy_2_1,p2283,25
12952,perfect prawn,policy_2_1,p2287,35
12953,perfect prawn,policy_2_1,p2296,35
12954,perfect prawn,policy_2_1,p2298,35
12955,perfect prawn,policy_2_1,p2304,45
12956,perfect prawn,policy_2_1,p2310,35
12957,perfect prawn,policy_2_1,p2322,35
12958,perfect prawn,policy_2_1,p2326,35
12959,perfect prawn,policy_2_1,p2330,25
12960,perfect prawn,policy_2_1,p2331,25
12961,perfect prawn,policy_2_1,p2333,35
12962,perfect prawn,policy_2_1,p2347,45
12963,perfect prawn,policy_2_1,p2350,35
12964,perfect prawn,policy_2_1,p2351,45
12965,perfect prawn,policy_2_1,p2353,45
12966,perfect prawn,policy_2_1,p2355,25
12967,perfect prawn,policy_2_1,p2363,25
12968,perfect prawn,policy_2_1,p2378,45
12969,perfect prawn,policy_2_1,p2380,25
12970,perfect prawn,policy_2_1,p2387,45
12971,perfect prawn,policy_2_1,p2398,45
12972,perfect prawn,policy_2_1,p2400,35
12973,perfect prawn,policy_2_1,p2403,35
12974,perfect prawn,policy_2_1,p2408,25
12975,perfect prawn,policy_2_1,p2418,45
12976,perfect prawn,policy_2_1,p2426,35
12977,perfect prawn,policy_2_1,p2428,35
12978,perfect prawn,policy_2_1,p2434,45
12979,perfect prawn,policy_2_1,p2446,35
12980,perfect prawn,policy_2_1,p2452,35
12981,perfect prawn,policy_2_1,p2454,35
12982,perfect prawn,policy_2_1,p2462,45
12983,perfect prawn,policy_2_1,p2467,20
12984,perfect prawn,policy_2_1,p2482,45
12985,perfect prawn,policy_2_1,p2489,35
12986,perfect prawn,policy_2_1,p2490,35
12987,perfect prawn,policy_2_1,p2494,35
12988,perfect prawn,policy_2_1,p2502,45
12989,perfect prawn,policy_2_1,p2503,35
12990,perfect prawn,policy_2_1,p2522,35
12991,perfect prawn,policy_2_1,p2524,45
12992,perfect prawn,policy_2_1,p2533,25
12993,perfect prawn,policy_2_1,p2566,25
12994,perfect prawn,policy_2_1,p2571,45
12995,perfect prawn,policy_2_1,p2573,35
12996,perfect prawn,policy_2_1,p2582,45
12997,perfect prawn,policy_2_1,p2591,25
12998,perfect prawn,policy_2_1,p2592,35
12999,perfect prawn,policy_2_1,p2595,25
13000,perfect prawn,policy_3_1,p0016,88
13001,perfect prawn,policy_3_1,p0022,85
13002,perfect prawn,policy_3_1,p0023,92
13003,perfect prawn,policy_3_1,p0026,88
13004,perfect prawn,policy_3_1,p0034,82
13005,perfect prawn,policy_3_1,p0036,82
13006,perfect prawn,policy_3_1,p0037,82
13007,perfect prawn,policy_3_1,p0042,85
13008,perfect prawn,policy_3_1,p0057,85
13009,perfect prawn,policy_3_1,p0066,92
13010,perfect prawn,policy_3_1,p0069,75
13011,perfect prawn,policy_3_1,p0072,92
13012,perfect prawn,policy_3_1,p0073,85
13013,perfect prawn,policy_3_1,p0082,85
13014,perfect prawn,policy_3_1,p0091,92
13015,perfect prawn,policy_3_1,p0092,85
13016,perfect prawn,policy_3_1,p0093,85
13017,perfect prawn,policy_3_1,p0095,85
13018,perfect prawn,policy_3_1,p0107,78
13019,perfect prawn,policy_3_1,p0114,88
13020,perfect prawn,policy_3_1,p0116,75
13021,perfect prawn,policy_3_1,p0118,85
13022,perfect prawn,policy_3_1,p0119,85
13023,perfect prawn,policy_3_1,p0126,85
13024,perfect prawn,policy_3_1,p0129,92
13025,perfect prawn,policy_3_1,p0136,78
13026,perfect prawn,policy_3_1,p0138,75
13027,perfect prawn,policy_3_1,p0144,82
13028,perfect prawn,policy_3_1,p0150,75
13029,perfect prawn,policy_3_1,p0152,85
13030,perfect prawn,policy_3_1,p0158,75
13031,perfect prawn,policy_3_1,p0161,85
13032,perfect prawn,policy_3_1,p0164,75
13033,perfect prawn,policy_3_1,p0175,85
13034,perfect prawn,policy_3_1,p0177,85
13035,perfect prawn,policy_3_1,p0178,92
13036,perfect prawn,policy_3_1,p0181,75
13037,perfect prawn,policy_3_1,p0186,82
13038,perfect prawn,policy_3_1,p0196,85
13039,perfect prawn,policy_3_1,p0198,88
13040,perfect prawn,policy_3_1,p0202,88
13041,perfect prawn,policy_3_1,p0205,85
13042,perfect prawn,policy_3_1,p0207,85
13043,perfect prawn,policy_3_1,p0211,75
13044,perfect prawn,policy_3_1,p0227,92
13045,perfect prawn,policy_3_1,p0229,82
13046,perfect prawn,policy_3_1,p0232,92
13047,perfect prawn,policy_3_1,p0233,75
13048,perfect prawn,policy_3_1,p0237,92
13049,perfect prawn,policy_3_1,p0258,85
13050,perfect prawn,policy_3_1,p0268,75
13051,perfect prawn,policy_3_1,p0274,85
13052,perfect prawn,policy_3_1,p0275,75
13053,perfect prawn,policy_3_1,p0277,75
13054,perfect prawn,policy_3_1,p0288,92
13055,perfect prawn,policy_3_1,p0291,85
13056,perfect prawn,policy_3_1,p0307,85
13057,perfect prawn,policy_3_1,p0308,92
13058,perfect prawn,policy_3_1,p0317,75
13059,perfect prawn,policy_3_1,p0325,92
13060,perfect prawn,policy_3_1,p0327,92
13061,perfect prawn,policy_3_1,p0334,88
13062,perfect prawn,policy_3_1,p0336,85
13063,perfect prawn,policy_3_1,p0338,75
13064,perfect prawn,policy_3_1,p0342,85
13065,perfect prawn,policy_3_1,p0349,85
13066,perfect prawn,policy_3_1,p0356,85
13067,perfect prawn,policy_3_1,p0358,85
13068,perfect prawn,policy_3_1,p0363,85
13069,perfect prawn,policy_3_1,p0364,88
13070,perfect prawn,policy_3_1,p0369,92
13071,perfect prawn,policy_3_1,p0370,75
13072,perfect prawn,policy_3_1,p0371,82
13073,perfect prawn,policy_3_1,p0379,78
13074,perfect prawn,policy_3_1,p0386,88
13075,perfect prawn,policy_3_1,p0396,85
13076,perfect prawn,policy_3_1,p0403,85
13077,perfect prawn,policy_3_1,p0405,92
13078,perfect prawn,policy_3_1,p0412,85
13079,perfect prawn,policy_3_1,p0415,75
13080,perfect prawn,policy_3_1,p0416,85
13081,perfect prawn,policy_3_1,p0417,85
13082,perfect prawn,policy_3_1,p0418,75
13083,perfect prawn,policy_3_1,p0430,88
13084,perfect prawn,policy_3_1,p0431,92
13085,perfect prawn,policy_3_1,p0434,65
13086,perfect prawn,policy_3_1,p0438,92
13087,perfect prawn,policy_3_1,p0441,92
13088,perfect prawn,policy_3_1,p0442,75
13089,perfect prawn,policy_3_1,p0449,85
13090,perfect prawn,policy_3_1,p0450,85
13091,perfect prawn,policy_3_1,p0465,78
13092,perfect prawn,policy_3_1,p0471,85
13093,perfect prawn,policy_3_1,p0477,85
13094,perfect prawn,policy_3_1,p0483,85
13095,perfect prawn,policy_3_1,p0486,92
13096,perfect prawn,policy_3_1,p0487,85
13097,perfect prawn,policy_3_1,p0489,92
13098,perfect prawn,policy_3_1,p0497,85
13099,perfect prawn,policy_3_1,p0502,85
13100,perfect prawn,policy_3_1,p0503,85
13101,perfect prawn,policy_3_1,p0506,78
13102,perfect prawn,policy_3_1,p0511,85
13103,perfect prawn,policy_3_1,p0523,85
13104,perfect prawn,policy_3_1,p0534,92
13105,perfect prawn,policy_3_1,p0536,85
13106,perfect prawn,policy_3_1,p0542,75
13107,perfect prawn,policy_3_1,p0547,88
13108,perfect prawn,policy_3_1,p0553,85
13109,perfect prawn,policy_3_1,p0559,88
13110,perfect prawn,policy_3_1,p0566,85
13111,perfect prawn,policy_3_1,p0568,85
13112,perfect prawn,policy_3_1,p0570,65
13113,perfect prawn,policy_3_1,p0573,85
13114,perfect prawn,policy_3_1,p0578,85
13115,perfect prawn,policy_3_1,p0594,75
13116,perfect prawn,policy_3_1,p0597,85
13117,perfect prawn,policy_3_1,p0601,85
13118,perfect prawn,policy_3_1,p0602,75
13119,perfect prawn,policy_3_1,p0605,85
13120,perfect prawn,policy_3_1,p0615,85
13121,perfect prawn,policy_3_1,p0620,88
13122,perfect prawn,policy_3_1,p0626,85
13123,perfect prawn,policy_3_1,p0629,92
13124,perfect prawn,policy_3_1,p0633,78
13125,perfect prawn,policy_3_1,p0638,88
13126,perfect prawn,policy_3_1,p0639,85
13127,perfect prawn,policy_3_1,p0640,78
13128,perfect prawn,policy_3_1,p0655,85
13129,perfect prawn,policy_3_1,p0656,85
13130,perfect prawn,policy_3_1,p0658,85
13131,perfect prawn,policy_3_1,p0661,85
13132,perfect prawn,policy_3_1,p0669,92
13133,perfect prawn,policy_3_1,p0670,78
13134,perfect prawn,policy_3_1,p0672,85
13135,perfect prawn,policy_3_1,p0674,85
13136,perfect prawn,policy_3_1,p0678,88
13137,perfect prawn,policy_3_1,p0683,85
13138,perfect prawn,policy_3_1,p0686,78
13139,perfect prawn,policy_3_1,p0687,88
13140,perfect prawn,policy_3_1,p0698,85
13141,perfect prawn,policy_3_1,p0700,82
13142,perfect prawn,policy_3_1,p0703,85
13143,perfect prawn,policy_3_1,p0718,85
13144,perfect prawn,policy_3_1,p0744,88
13145,perfect prawn,policy_3_1,p0745,85
13146,perfect prawn,policy_3_1,p0753,75
13147,perfect prawn,policy_3_1,p0770,85
13148,perfect prawn,policy_3_1,p0771,88
13149,perfect prawn,policy_3_1,p0777,95
13150,perfect prawn,policy_3_1,p0779,85
13151,perfect prawn,policy_3_1,p0780,75
13152,perfect prawn,policy_3_1,p0783,78
13153,perfect prawn,policy_3_1,p0785,85
13154,perfect prawn,policy_3_1,p0786,75
13155,perfect prawn,policy_3_1,p0794,75
13156,perfect prawn,policy_3_1,p0798,75
13157,perfect prawn,policy_3_1,p0800,88
13158,perfect prawn,policy_3_1,p0820,75
13159,perfect prawn,policy_3_1,p0841,85
13160,perfect prawn,policy_3_1,p0849,85
13161,perfect prawn,policy_3_1,p0862,92
13162,perfect prawn,policy_3_1,p0867,92
13163,perfect prawn,policy_3_1,p0869,88
13164,perfect prawn,policy_3_1,p0872,85
13165,perfect prawn,policy_3_1,p0880,85
13166,perfect prawn,policy_3_1,p0891,85
13167,perfect prawn,policy_3_1,p0916,88
13168,perfect prawn,policy_3_1,p0917,88
13169,perfect prawn,policy_3_1,p0919,88
13170,perfect prawn,policy_3_1,p0922,85
13171,perfect prawn,policy_3_1,p0925,85
13172,perfect prawn,policy_3_1,p0927,88
13173,perfect prawn,policy_3_1,p0929,85
13174,perfect prawn,policy_3_1,p0930,85
13175,perfect prawn,policy_3_1,p0931,75
13176,perfect prawn,policy_3_1,p0933,85
13177,perfect prawn,policy_3_1,p0934,75
13178,perfect prawn,policy_3_1,p0936,85
13179,perfect prawn,policy_3_1,p0938,88
13180,perfect prawn,policy_3_1,p0939,85
13181,perfect prawn,policy_3_1,p0946,85
13182,perfect prawn,policy_3_1,p0951,85
13183,perfect prawn,policy_3_1,p0956,85
13184,perfect prawn,policy_3_1,p0962,85
13185,perfect prawn,policy_3_1,p0963,85
13186,perfect prawn,policy_3_1,p0969,85
13187,perfect prawn,policy_3_1,p0972,75
13188,perfect prawn,policy_3_1,p0975,85
13189,perfect prawn,policy_3_1,p0985,75
13190,perfect prawn,policy_3_1,p0993,85
13191,perfect prawn,policy_3_1,p0996,85
13192,perfect prawn,policy_3_1,p1011,75
13193,perfect prawn,policy_3_1,p1017,85
13194,perfect prawn,policy_3_1,p1020,85
13195,perfect prawn,policy_3_1,p1022,88
13196,perfect prawn,policy_3_1,p1024,75
13197,perfect prawn,policy_3_1,p1027,88
13198,perfect prawn,policy_3_1,p1028,92
13199,perfect prawn,policy_3_1,p1029,75
13200,perfect prawn,policy_3_1,p1032,85
13201,perfect prawn,policy_3_1,p1040,88
13202,perfect prawn,policy_3_1,p1047,75
13203,perfect prawn,policy_3_1,p1048,78
13204,perfect prawn,policy_3_1,p1053,78
13205,perfect prawn,policy_3_1,p1057,85
13206,perfect prawn,policy_3_1,p1058,85
13207,perfect prawn,policy_3_1,p1063,85
13208,perfect prawn,policy_3_1,p1064,88
13209,perfect prawn,policy_3_1,p1065,78
13210,perfect prawn,policy_3_1,p1069,85
13211,perfect prawn,policy_3_1,p1072,88
13212,perfect prawn,policy_3_1,p1073,85
13213,perfect prawn,policy_3_1,p1075,85
13214,perfect prawn,policy_3_1,p1076,75
13215,perfect prawn,policy_3_1,p1083,75
13216,perfect prawn,policy_3_1,p1089,92
13217,perfect prawn,policy_3_1,p1093,88
13218,perfect prawn,policy_3_1,p1096,88
13219,perfect prawn,policy_3_1,p1100,85
13220,perfect prawn,policy_3_1,p1106,85
13221,perfect prawn,policy_3_1,p1107,75
13222,perfect prawn,policy_3_1,p1113,75
13223,perfect prawn,policy_3_1,p1117,65
13224,perfect prawn,policy_3_1,p1120,85
13225,perfect prawn,policy_3_1,p1134,85
13226,perfect prawn,policy_3_1,p1136,75
13227,perfect prawn,policy_3_1,p1138,85
13228,perfect prawn,policy_3_1,p1144,75
13229,perfect prawn,policy_3_1,p1145,92
13230,perfect prawn,policy_3_1,p1147,92
13231,perfect prawn,policy_3_1,p1148,88
13232,perfect prawn,policy_3_1,p1154,92
13233,perfect prawn,policy_3_1,p1159,85
13234,perfect prawn,policy_3_1,p1167,85
13235,perfect prawn,policy_3_1,p1175,92
13236,perfect prawn,policy_3_1,p1178,85
13237,perfect prawn,policy_3_1,p1184,82
13238,perfect prawn,policy_3_1,p1186,85
13239,perfect prawn,policy_3_1,p1196,85
13240,perfect prawn,policy_3_1,p1197,78
13241,perfect prawn,policy_3_1,p1203,85
13242,perfect prawn,policy_3_1,p1219,85
13243,perfect prawn,policy_3_1,p1225,85
13244,perfect prawn,policy_3_1,p1234,85
13245,perfect prawn,policy_3_1,p1242,85
13246,perfect prawn,policy_3_1,p1244,85
13247,perfect prawn,policy_3_1,p1249,78
13248,perfect prawn,policy_3_1,p1250,85
13249,perfect prawn,policy_3_1,p1256,85
13250,perfect prawn,policy_3_1,p1258,92
13251,perfect prawn,policy_3_1,p1260,75
13252,perfect prawn,policy_3_1,p1262,85
13253,perfect prawn,policy_3_1,p1264,85
13254,perfect prawn,policy_3_1,p1265,88
13255,perfect prawn,policy_3_1,p1269,85
13256,perfect prawn,policy_3_1,p1272,85
13257,perfect prawn,policy_3_1,p1278,92
13258,perfect prawn,policy_3_1,p1281,85
13259,perfect prawn,policy_3_1,p1292,85
13260,perfect prawn,policy_3_1,p1299,85
13261,perfect prawn,policy_3_1,p1312,85
13262,perfect prawn,policy_3_1,p1322,85
13263,perfect prawn,policy_3_1,p1326,85
13264,perfect prawn,policy_3_1,p1330,85
13265,perfect prawn,policy_3_1,p1335,85
13266,perfect prawn,policy_3_1,p1337,85
13267,perfect prawn,policy_3_1,p1340,85
13268,perfect prawn,policy_3_1,p1345,85
13269,perfect prawn,policy_3_1,p1351,75
13270,perfect prawn,policy_3_1,p1355,75
13271,perfect prawn,policy_3_1,p1362,85
13272,perfect prawn,policy_3_1,p1365,85
13273,perfect prawn,policy_3_1,p1366,78
13274,perfect prawn,policy_3_1,p1367,78
13275,perfect prawn,policy_3_1,p1370,85
13276,perfect prawn,policy_3_1,p1371,92
13277,perfect prawn,policy_3_1,p1373,85
13278,perfect prawn,policy_3_1,p1375,85
13279,perfect prawn,policy_3_1,p1376,85
13280,perfect prawn,policy_3_1,p1379,78
13281,perfect prawn,policy_3_1,p1381,75
13282,perfect prawn,policy_3_1,p1393,88
13283,perfect prawn,policy_3_1,p1396,92
13284,perfect prawn,policy_3_1,p1398,85
13285,perfect prawn,policy_3_1,p1404,85
13286,perfect prawn,policy_3_1,p1406,82
13287,perfect prawn,policy_3_1,p1407,75
13288,perfect prawn,policy_3_1,p1409,85
13289,perfect prawn,policy_3_1,p1412,85
13290,perfect prawn,policy_3_1,p1414,92
13291,perfect prawn,policy_3_1,p1424,85
13292,perfect prawn,policy_3_1,p1425,85
13293,perfect prawn,policy_3_1,p1429,85
13294,perfect prawn,policy_3_1,p1434,85
13295,perfect prawn,policy_3_1,p1441,78
13296,perfect prawn,policy_3_1,p1445,75
13297,perfect prawn,policy_3_1,p1450,85
13298,perfect prawn,policy_3_1,p1454,85
13299,perfect prawn,policy_3_1,p1456,85
13300,perfect prawn,policy_3_1,p1457,75
13301,perfect prawn,policy_3_1,p1458,92
13302,perfect prawn,policy_3_1,p1469,85
13303,perfect prawn,policy_3_1,p1470,85
13304,perfect prawn,policy_3_1,p1481,85
13305,perfect prawn,policy_3_1,p1488,85
13306,perfect prawn,policy_3_1,p1492,78
13307,perfect prawn,policy_3_1,p1495,85
13308,perfect prawn,policy_3_1,p1497,85
13309,perfect prawn,policy_3_1,p1499,85
13310,perfect prawn,policy_3_1,p1503,85
13311,perfect prawn,policy_3_1,p1511,92
13312,perfect prawn,policy_3_1,p1512,78
13313,perfect prawn,policy_3_1,p1518,85
13314,perfect prawn,policy_3_1,p1519,85
13315,perfect prawn,policy_3_1,p1520,75
13316,perfect prawn,policy_3_1,p1524,85
13317,perfect prawn,policy_3_1,p1526,85
13318,perfect prawn,policy_3_1,p1537,85
13319,perfect prawn,policy_3_1,p1545,85
13320,perfect prawn,policy_3_1,p1547,85
13321,perfect prawn,policy_3_1,p1552,92
13322,perfect prawn,policy_3_1,p1567,85
13323,perfect prawn,policy_3_1,p1568,85
13324,perfect prawn,policy_3_1,p1579,65
13325,perfect prawn,policy_3_1,p1587,65
13326,perfect prawn,policy_3_1,p1596,75
13327,perfect prawn,policy_3_1,p1600,88
13328,perfect prawn,policy_3_1,p1603,85
13329,perfect prawn,policy_3_1,p1604,85
13330,perfect prawn,policy_3_1,p1610,82
13331,perfect prawn,policy_3_1,p1618,85
13332,perfect prawn,policy_3_1,p1619,92
13333,perfect prawn,policy_3_1,p1622,88
13334,perfect prawn,policy_3_1,p1623,75
13335,perfect prawn,policy_3_1,p1630,75
13336,perfect prawn,policy_3_1,p1641,85
13337,perfect prawn,policy_3_1,p1649,78
13338,perfect prawn,policy_3_1,p1652,78
13339,perfect prawn,policy_3_1,p1665,85
13340,perfect prawn,policy_3_1,p1669,85
13341,perfect prawn,policy_3_1,p1685,85
13342,perfect prawn,policy_3_1,p1693,85
13343,perfect prawn,policy_3_1,p1698,85
13344,perfect prawn,policy_3_1,p1704,85
13345,perfect prawn,policy_3_1,p1711,88
13346,perfect prawn,policy_3_1,p1718,75
13347,perfect prawn,policy_3_1,p1732,75
13348,perfect prawn,policy_3_1,p1739,85
13349,perfect prawn,policy_3_1,p1741,90
13350,perfect prawn,policy_3_1,p1746,75
13351,perfect prawn,policy_3_1,p1751,75
13352,perfect prawn,policy_3_1,p1754,85
13353,perfect prawn,policy_3_1,p1769,85
13354,perfect prawn,policy_3_1,p1771,85
13355,perfect prawn,policy_3_1,p1776,85
13356,perfect prawn,policy_3_1,p1780,88
13357,perfect prawn,policy_3_1,p1785,75
13358,perfect prawn,policy_3_1,p1791,85
13359,perfect prawn,policy_3_1,p1793,85
13360,perfect prawn,policy_3_1,p1796,85
13361,perfect prawn,policy_3_1,p1805,78
13362,perfect prawn,policy_3_1,p1812,92
13363,perfect prawn,policy_3_1,p1816,75
13364,perfect prawn,policy_3_1,p1819,88
13365,perfect prawn,policy_3_1,p1825,92
13366,perfect prawn,policy_3_1,p1836,88
13367,perfect prawn,policy_3_1,p1839,85
13368,perfect prawn,policy_3_1,p1861,85
13369,perfect prawn,policy_3_1,p1863,85
13370,perfect prawn,policy_3_1,p1873,85
13371,perfect prawn,policy_3_1,p1875,85
13372,perfect prawn,policy_3_1,p1876,92
13373,perfect prawn,policy_3_1,p1877,85
13374,perfect prawn,policy_3_1,p1880,78
13375,perfect prawn,policy_3_1,p1883,85
13376,perfect prawn,policy_3_1,p1889,75
13377,perfect prawn,policy_3_1,p1893,92
13378,perfect prawn,policy_3_1,p1896,88
13379,perfect prawn,policy_3_1,p1913,85
13380,perfect prawn,policy_3_1,p1922,92
13381,perfect prawn,policy_3_1,p1930,85
13382,perfect prawn,policy_3_1,p1935,85
13383,perfect prawn,policy_3_1,p1940,92
13384,perfect prawn,policy_3_1,p1948,85
13385,perfect prawn,policy_3_1,p1950,85
13386,perfect prawn,policy_3_1,p1954,78
13387,perfect prawn,policy_3_1,p1956,75
13388,perfect prawn,policy_3_1,p1958,85
13389,perfect prawn,policy_3_1,p1967,88
13390,perfect prawn,policy_3_1,p1973,95
13391,perfect prawn,policy_3_1,p1978,85
13392,perfect prawn,policy_3_1,p1983,75
13393,perfect prawn,policy_3_1,p1984,75
13394,perfect prawn,policy_3_1,p1995,85
13395,perfect prawn,policy_3_1,p1996,78
13396,perfect prawn,policy_3_1,p1997,85
13397,perfect prawn,policy_3_1,p2001,85
13398,perfect prawn,policy_3_1,p2002,75
13399,perfect prawn,policy_3_1,p2013,92
13400,perfect prawn,policy_3_1,p2014,75
13401,perfect prawn,policy_3_1,p2016,85
13402,perfect prawn,policy_3_1,p2018,75
13403,perfect prawn,policy_3_1,p2023,92
13404,perfect prawn,policy_3_1,p2025,90
13405,perfect prawn,policy_3_1,p2028,85
13406,perfect prawn,policy_3_1,p2030,88
13407,perfect prawn,policy_3_1,p2033,85
13408,perfect prawn,policy_3_1,p2040,75
13409,perfect prawn,policy_3_1,p2051,85
13410,perfect prawn,policy_3_1,p2052,85
13411,perfect prawn,policy_3_1,p2066,75
13412,perfect prawn,policy_3_1,p2067,92
13413,perfect prawn,policy_3_1,p2073,92
13414,perfect prawn,policy_3_1,p2077,78
13415,perfect prawn,policy_3_1,p2078,85
13416,perfect prawn,policy_3_1,p2086,85
13417,perfect prawn,policy_3_1,p2089,88
13418,perfect prawn,policy_3_1,p2093,75
13419,perfect prawn,policy_3_1,p2094,85
13420,perfect prawn,policy_3_1,p2111,85
13421,perfect prawn,policy_3_1,p2117,85
13422,perfect prawn,policy_3_1,p2121,85
13423,perfect prawn,policy_3_1,p2127,85
13424,perfect prawn,policy_3_1,p2141,85
13425,perfect prawn,policy_3_1,p2142,65
13426,perfect prawn,policy_3_1,p2143,85
13427,perfect prawn,policy_3_1,p2153,85
13428,perfect prawn,policy_3_1,p2155,75
13429,perfect prawn,policy_3_1,p2169,85
13430,perfect prawn,policy_3_1,p2187,85
13431,perfect prawn,policy_3_1,p2188,88
13432,perfect prawn,policy_3_1,p2197,85
13433,perfect prawn,policy_3_1,p2213,85
13434,perfect prawn,policy_3_1,p2214,85
13435,perfect prawn,policy_3_1,p2215,92
13436,perfect prawn,policy_3_1,p2220,85
13437,perfect prawn,policy_3_1,p2223,78
13438,perfect prawn,policy_3_1,p2229,85
13439,perfect prawn,policy_3_1,p2234,92
13440,perfect prawn,policy_3_1,p2237,92
13441,perfect prawn,policy_3_1,p2238,85
13442,perfect prawn,policy_3_1,p2244,85
13443,perfect prawn,policy_3_1,p2248,85
13444,perfect prawn,policy_3_1,p2252,88
13445,perfect prawn,policy_3_1,p2255,65
13446,perfect prawn,policy_3_1,p2261,75
13447,perfect prawn,policy_3_1,p2263,85
13448,perfect prawn,policy_3_1,p2273,85
13449,perfect prawn,policy_3_1,p2275,85
13450,perfect prawn,policy_3_1,p2276,82
13451,perfect prawn,policy_3_1,p2283,75
13452,perfect prawn,policy_3_1,p2287,85
13453,perfect prawn,policy_3_1,p2296,78
13454,perfect prawn,policy_3_1,p2298,85
13455,perfect prawn,policy_3_1,p2304,92
13456,perfect prawn,policy_3_1,p2310,78
13457,perfect prawn,policy_3_1,p2322,75
13458,perfect prawn,policy_3_1,p2326,85
13459,perfect prawn,policy_3_1,p2330,85
13460,perfect prawn,policy_3_1,p2331,85
13461,perfect prawn,policy_3_1,p2333,85
13462,perfect prawn,policy_3_1,p2347,88
13463,perfect prawn,policy_3_1,p2350,85
13464,perfect prawn,policy_3_1,p2351,85
13465,perfect prawn,policy_3_1,p2353,88
13466,perfect prawn,policy_3_1,p2355,85
13467,perfect prawn,policy_3_1,p2363,75
13468,perfect prawn,policy_3_1,p2378,92
13469,perfect prawn,policy_3_1,p2380,92
13470,perfect prawn,policy_3_1,p2387,85
13471,perfect prawn,policy_3_1,p2398,85
13472,perfect prawn,policy_3_1,p2400,92
13473,perfect prawn,policy_3_1,p2403,92
13474,perfect prawn,policy_3_1,p2408,75
13475,perfect prawn,policy_3_1,p2418,85
13476,perfect prawn,policy_3_1,p2426,92
13477,perfect prawn,policy_3_1,p2428,78
13478,perfect prawn,policy_3_1,p2434,88
13479,perfect prawn,policy_3_1,p2446,75
13480,perfect prawn,policy_3_1,p2452,78
13481,perfect prawn,policy_3_1,p2454,78
13482,perfect prawn,policy_3_1,p2462,85
13483,perfect prawn,policy_3_1,p2467,75
13484,perfect prawn,policy_3_1,p2482,85
13485,perfect prawn,policy_3_1,p2489,78
13486,perfect prawn,policy_3_1,p2490,85
13487,perfect prawn,policy_3_1,p2494,78
13488,perfect prawn,policy_3_1,p2502,85
13489,perfect prawn,policy_3_1,p2503,85
13490,perfect prawn,policy_3_1,p2522,92
13491,perfect prawn,policy_3_1,p2524,88
13492,perfect prawn,policy_3_1,p2533,75
13493,perfect prawn,policy_3_1,p2566,85
13494,perfect prawn,policy_3_1,p2571,88
13495,perfect prawn,policy_3_1,p2573,75
13496,perfect prawn,policy_3_1,p2582,85
13497,perfect prawn,policy_3_1,p2591,85
13498,perfect prawn,policy_3_1,p2592,85
13499,perfect prawn,policy_3_1,p2595,65
13500,perfect prawn,policy_4_1,p0016,75
13501,perfect prawn,policy_4_1,p0022,75
13502,perfect prawn,policy_4_1,p0023,85
13503,perfect prawn,policy_4_1,p0026,75
13504,perfect prawn,policy_4_1,p0034,65
13505,perfect prawn,policy_4_1,p0036,65
13506,perfect prawn,policy_4_1,p0037,65
13507,perfect prawn,policy_4_1,p0042,72
13508,perfect prawn,policy_4_1,p0057,78
13509,perfect prawn,policy_4_1,p0066,75
13510,perfect prawn,policy_4_1,p0069,45
13511,perfect prawn,policy_4_1,p0072,75
13512,perfect prawn,policy_4_1,p0073,75
13513,perfect prawn,policy_4_1,p0082,78
13514,perfect prawn,policy_4_1,p0091,85
13515,perfect prawn,policy_4_1,p0092,72
13516,perfect prawn,policy_4_1,p0093,78
13517,perfect prawn,policy_4_1,p0095,78
13518,perfect prawn,policy_4_1,p0107,65
13519,perfect prawn,policy_4_1,p0114,78
13520,perfect prawn,policy_4_1,p0116,65
13521,perfect prawn,policy_4_1,p0118,72
13522,perfect prawn,policy_4_1,p0119,78
13523,perfect prawn,policy_4_1,p0126,72
13524,perfect prawn,policy_4_1,p0129,78
13525,perfect prawn,policy_4_1,p0136,65
13526,perfect prawn,policy_4_1,p0138,65
13527,perfect prawn,policy_4_1,p0144,72
13528,perfect prawn,policy_4_1,p0150,65
13529,perfect prawn,policy_4_1,p0152,65
13530,perfect prawn,policy_4_1,p0158,65
13531,perfect prawn,policy_4_1,p0161,75
13532,perfect prawn,policy_4_1,p0164,65
13533,perfect prawn,policy_4_1,p0175,75
13534,perfect prawn,policy_4_1,p0177,78
13535,perfect prawn,policy_4_1,p0178,78
13536,perfect prawn,policy_4_1,p0181,35
13537,perfect prawn,policy_4_1,p0186,68
13538,perfect prawn,policy_4_1,p0196,75
13539,perfect prawn,policy_4_1,p0198,78
13540,perfect prawn,policy_4_1,p0202,75
13541,perfect prawn,policy_4_1,p0205,68
13542,perfect prawn,policy_4_1,p0207,75
13543,perfect prawn,policy_4_1,p0211,68
13544,perfect prawn,policy_4_1,p0227,85
13545,perfect prawn,policy_4_1,p0229,75
13546,perfect prawn,policy_4_1,p0232,75
13547,perfect prawn,policy_4_1,p0233,65
13548,perfect prawn,policy_4_1,p0237,82
13549,perfect prawn,policy_4_1,p0258,75
13550,perfect prawn,policy_4_1,p0268,45
13551,perfect prawn,policy_4_1,p0274,78
13552,perfect prawn,policy_4_1,p0275,35
13553,perfect prawn,policy_4_1,p0277,65
13554,perfect prawn,policy_4_1,p0288,75
13555,perfect prawn,policy_4_1,p0291,75
13556,perfect prawn,policy_4_1,p0307,68
13557,perfect prawn,policy_4_1,p0308,75
13558,perfect prawn,policy_4_1,p0317,45
13559,perfect prawn,policy_4_1,p0325,78
13560,perfect prawn,policy_4_1,p0327,85
13561,perfect prawn,policy_4_1,p0334,78
13562,perfect prawn,policy_4_1,p0336,78
13563,perfect prawn,policy_4_1,p0338,45
13564,perfect prawn,policy_4_1,p0342,78
13565,perfect prawn,policy_4_1,p0349,65
13566,perfect prawn,policy_4_1,p0356,75
13567,perfect prawn,policy_4_1,p0358,78
13568,perfect prawn,policy_4_1,p0363,75
13569,perfect prawn,policy_4_1,p0364,78
13570,perfect prawn,policy_4_1,p0369,82
13571,perfect prawn,policy_4_1,p0370,65
13572,perfect prawn,policy_4_1,p0371,65
13573,perfect prawn,policy_4_1,p0379,65
13574,perfect prawn,policy_4_1,p0386,78
13575,perfect prawn,policy_4_1,p0396,78
13576,perfect prawn,policy_4_1,p0403,78
13577,perfect prawn,policy_4_1,p0405,75
13578,perfect prawn,policy_4_1,p0412,75
13579,perfect prawn,policy_4_1,p0415,45
13580,perfect prawn,policy_4_1,p0416,75
13581,perfect prawn,policy_4_1,p0417,75
13582,perfect prawn,policy_4_1,p0418,65
13583,perfect prawn,policy_4_1,p0430,75
13584,perfect prawn,policy_4_1,p0431,85
13585,perfect prawn,policy_4_1,p0434,35
13586,perfect prawn,policy_4_1,p0438,75
13587,perfect prawn,policy_4_1,p0441,78
13588,perfect prawn,policy_4_1,p0442,45
13589,perfect prawn,policy_4_1,p0449,72
13590,perfect prawn,policy_4_1,p0450,75
13591,perfect prawn,policy_4_1,p0465,68
13592,perfect prawn,policy_4_1,p0471,72
13593,perfect prawn,policy_4_1,p0477,75
13594,perfect prawn,policy_4_1,p0483,75
13595,perfect prawn,policy_4_1,p0486,75
13596,perfect prawn,policy_4_1,p0487,75
13597,perfect prawn,policy_4_1,p0489,78
13598,perfect prawn,policy_4_1,p0497,65
13599,perfect prawn,policy_4_1,p0502,75
13600,perfect prawn,policy_4_1,p0503,78
13601,perfect prawn,policy_4_1,p0506,65
13602,perfect prawn,policy_4_1,p0511,75
13603,perfect prawn,policy_4_1,p0523,75
13604,perfect prawn,policy_4_1,p0534,78
13605,perfect prawn,policy_4_1,p0536,72
13606,perfect prawn,policy_4_1,p0542,45
13607,perfect prawn,policy_4_1,p0547,75
13608,perfect prawn,policy_4_1,p0553,78
13609,perfect prawn,policy_4_1,p0559,78
13610,perfect prawn,policy_4_1,p0566,75
13611,perfect prawn,policy_4_1,p0568,75
13612,perfect prawn,policy_4_1,p0570,45
13613,perfect prawn,policy_4_1,p0573,75
13614,perfect prawn,policy_4_1,p0578,75
13615,perfect prawn,policy_4_1,p0594,65
13616,perfect prawn,policy_4_1,p0597,75
13617,perfect prawn,policy_4_1,p0601,75
13618,perfect prawn,policy_4_1,p0602,65
13619,perfect prawn,policy_4_1,p0605,72
13620,perfect prawn,policy_4_1,p0615,72
13621,perfect prawn,policy_4_1,p0620,78
13622,perfect prawn,policy_4_1,p0626,75
13623,perfect prawn,policy_4_1,p0629,82
13624,perfect prawn,policy_4_1,p0633,65
13625,perfect prawn,policy_4_1,p0638,75
13626,perfect prawn,policy_4_1,p0639,75
13627,perfect prawn,policy_4_1,p0640,65
13628,perfect prawn,policy_4_1,p0655,75
13629,perfect prawn,policy_4_1,p0656,75
13630,perfect prawn,policy_4_1,p0658,65
13631,perfect prawn,policy_4_1,p0661,72
13632,perfect prawn,policy_4_1,p0669,82
13633,perfect prawn,policy_4_1,p0670,65
13634,perfect prawn,policy_4_1,p0672,75
13635,perfect prawn,policy_4_1,p0674,78
13636,perfect prawn,policy_4_1,p0678,78
13637,perfect prawn,policy_4_1,p0683,75
13638,perfect prawn,policy_4_1,p0686,68
13639,perfect prawn,policy_4_1,p0687,78
13640,perfect prawn,policy_4_1,p0698,75
13641,perfect prawn,policy_4_1,p0700,75
13642,perfect prawn,policy_4_1,p0703,72
13643,perfect prawn,policy_4_1,p0718,75
13644,perfect prawn,policy_4_1,p0744,78
13645,perfect prawn,policy_4_1,p0745,75
13646,perfect prawn,policy_4_1,p0753,65
13647,perfect prawn,policy_4_1,p0770,78
13648,perfect prawn,policy_4_1,p0771,78
13649,perfect prawn,policy_4_1,p0777,85
13650,perfect prawn,policy_4_1,p0779,75
13651,perfect prawn,policy_4_1,p0780,55
13652,perfect prawn,policy_4_1,p0783,65
13653,perfect prawn,policy_4_1,p0785,75
13654,perfect prawn,policy_4_1,p0786,65
13655,perfect prawn,policy_4_1,p0794,35
13656,perfect prawn,policy_4_1,p0798,35
13657,perfect prawn,policy_4_1,p0800,75
13658,perfect prawn,policy_4_1,p0820,45
13659,perfect prawn,policy_4_1,p0841,65
13660,perfect prawn,policy_4_1,p0849,72
13661,perfect prawn,policy_4_1,p0862,85
13662,perfect prawn,policy_4_1,p0867,78
13663,perfect prawn,policy_4_1,p0869,78
13664,perfect prawn,policy_4_1,p0872,78
13665,perfect prawn,policy_4_1,p0880,75
13666,perfect prawn,policy_4_1,p0891,75
13667,perfect prawn,policy_4_1,p0916,75
13668,perfect prawn,policy_4_1,p0917,78
13669,perfect prawn,policy_4_1,p0919,78
13670,perfect prawn,policy_4_1,p0922,75
13671,perfect prawn,policy_4_1,p0925,75
13672,perfect prawn,policy_4_1,p0927,78
13673,perfect prawn,policy_4_1,p0929,75
13674,perfect prawn,policy_4_1,p0930,65
13675,perfect prawn,policy_4_1,p0931,65
13676,perfect prawn,policy_4_1,p0933,72
13677,perfect prawn,policy_4_1,p0934,45
13678,perfect prawn,policy_4_1,p0936,78
13679,perfect prawn,policy_4_1,p0938,75
13680,perfect prawn,policy_4_1,p0939,72
13681,perfect prawn,policy_4_1,p0946,72
13682,perfect prawn,policy_4_1,p0951,75
13683,perfect prawn,policy_4_1,p0956,75
13684,perfect prawn,policy_4_1,p0962,65
13685,perfect prawn,policy_4_1,p0963,78
13686,perfect prawn,policy_4_1,p0969,65
13687,perfect prawn,policy_4_1,p0972,68
13688,perfect prawn,policy_4_1,p0975,75
13689,perfect prawn,policy_4_1,p0985,62
13690,perfect prawn,policy_4_1,p0993,75
13691,perfect prawn,policy_4_1,p0996,65
13692,perfect prawn,policy_4_1,p1011,65
13693,perfect prawn,policy_4_1,p1017,45
13694,perfect prawn,policy_4_1,p1020,75
13695,perfect prawn,policy_4_1,p1022,75
13696,perfect prawn,policy_4_1,p1024,45
13697,perfect prawn,policy_4_1,p1027,78
13698,perfect prawn,policy_4_1,p1028,85
13699,perfect prawn,policy_4_1,p1029,45
13700,perfect prawn,policy_4_1,p1032,75
13701,perfect prawn,policy_4_1,p1040,75
13702,perfect prawn,policy_4_1,p1047,68
13703,perfect prawn,policy_4_1,p1048,65
13704,perfect prawn,policy_4_1,p1053,65
13705,perfect prawn,policy_4_1,p1057,65
13706,perfect prawn,policy_4_1,p1058,65
13707,perfect prawn,policy_4_1,p1063,65
13708,perfect prawn,policy_4_1,p1064,75
13709,perfect prawn,policy_4_1,p1065,65
13710,perfect prawn,policy_4_1,p1069,65
13711,perfect prawn,policy_4_1,p1072,75
13712,perfect prawn,policy_4_1,p1073,78
13713,perfect prawn,policy_4_1,p1075,75
13714,perfect prawn,policy_4_1,p1076,65
13715,perfect prawn,policy_4_1,p1083,65
13716,perfect prawn,policy_4_1,p1089,75
13717,perfect prawn,policy_4_1,p1093,75
13718,perfect prawn,policy_4_1,p1096,78
13719,perfect prawn,policy_4_1,p1100,75
13720,perfect prawn,policy_4_1,p1106,75
13721,perfect prawn,policy_4_1,p1107,65
13722,perfect prawn,policy_4_1,p1113,65
13723,perfect prawn,policy_4_1,p1117,35
13724,perfect prawn,policy_4_1,p1120,68
13725,perfect prawn,policy_4_1,p1134,75
13726,perfect prawn,policy_4_1,p1136,62
13727,perfect prawn,policy_4_1,p1138,75
13728,perfect prawn,policy_4_1,p1144,65
13729,perfect prawn,policy_4_1,p1145,85
13730,perfect prawn,policy_4_1,p1147,85
13731,perfect prawn,policy_4_1,p1148,78
13732,perfect prawn,policy_4_1,p1154,78
13733,perfect prawn,policy_4_1,p1159,75
13734,perfect prawn,policy_4_1,p1167,75
13735,perfect prawn,policy_4_1,p1175,75
13736,perfect prawn,policy_4_1,p1178,65
13737,perfect prawn,policy_4_1,p1184,68
13738,perfect prawn,policy_4_1,p1186,78
13739,perfect prawn,policy_4_1,p1196,65
13740,perfect prawn,policy_4_1,p1197,65
13741,perfect prawn,policy_4_1,p1203,78
13742,perfect prawn,policy_4_1,p1219,65
13743,perfect prawn,policy_4_1,p1225,75
13744,perfect prawn,policy_4_1,p1234,75
13745,perfect prawn,policy_4_1,p1242,75
13746,perfect prawn,policy_4_1,p1244,75
13747,perfect prawn,policy_4_1,p1249,65
13748,perfect prawn,policy_4_1,p1250,75
13749,perfect prawn,policy_4_1,p1256,75
13750,perfect prawn,policy_4_1,p1258,78
13751,perfect prawn,policy_4_1,p1260,75
13752,perfect prawn,policy_4_1,p1262,65
13753,perfect prawn,policy_4_1,p1264,75
13754,perfect prawn,policy_4_1,p1265,78
13755,perfect prawn,policy_4_1,p1269,75
13756,perfect prawn,policy_4_1,p1272,75
13757,perfect prawn,policy_4_1,p1278,78
13758,perfect prawn,policy_4_1,p1281,75
13759,perfect prawn,policy_4_1,p1292,65
13760,perfect prawn,policy_4_1,p1299,75
13761,perfect prawn,policy_4_1,p1312,75
13762,perfect prawn,policy_4_1,p1322,75
13763,perfect prawn,policy_4_1,p1326,75
13764,perfect prawn,policy_4_1,p1330,75
13765,perfect prawn,policy_4_1,p1335,75
13766,perfect prawn,policy_4_1,p1337,75
13767,perfect prawn,policy_4_1,p1340,78
13768,perfect prawn,policy_4_1,p1345,75
13769,perfect prawn,policy_4_1,p1351,65
13770,perfect prawn,policy_4_1,p1355,65
13771,perfect prawn,policy_4_1,p1362,65
13772,perfect prawn,policy_4_1,p1365,68
13773,perfect prawn,policy_4_1,p1366,62
13774,perfect prawn,policy_4_1,p1367,62
13775,perfect prawn,policy_4_1,p1370,75
13776,perfect prawn,policy_4_1,p1371,75
13777,perfect prawn,policy_4_1,p1373,65
13778,perfect prawn,policy_4_1,p1375,65
13779,perfect prawn,policy_4_1,p1376,65
13780,perfect prawn,policy_4_1,p1379,75
13781,perfect prawn,policy_4_1,p1381,65
13782,perfect prawn,policy_4_1,p1393,75
13783,perfect prawn,policy_4_1,p1396,85
13784,perfect prawn,policy_4_1,p1398,75
13785,perfect prawn,policy_4_1,p1404,75
13786,perfect prawn,policy_4_1,p1406,72
13787,perfect prawn,policy_4_1,p1407,65
13788,perfect prawn,policy_4_1,p1409,78
13789,perfect prawn,policy_4_1,p1412,75
13790,perfect prawn,policy_4_1,p1414,85
13791,perfect prawn,policy_4_1,p1424,75
13792,perfect prawn,policy_4_1,p1425,65
13793,perfect prawn,policy_4_1,p1429,65
13794,perfect prawn,policy_4_1,p1434,75
13795,perfect prawn,policy_4_1,p1441,65
13796,perfect prawn,policy_4_1,p1445,65
13797,perfect prawn,policy_4_1,p1450,75
13798,perfect prawn,policy_4_1,p1454,78
13799,perfect prawn,policy_4_1,p1456,65
13800,perfect prawn,policy_4_1,p1457,65
13801,perfect prawn,policy_4_1,p1458,85
13802,perfect prawn,policy_4_1,p1469,75
13803,perfect prawn,policy_4_1,p1470,65
13804,perfect prawn,policy_4_1,p1481,75
13805,perfect prawn,policy_4_1,p1488,75
13806,perfect prawn,policy_4_1,p1492,65
13807,perfect prawn,policy_4_1,p1495,75
13808,perfect prawn,policy_4_1,p1497,75
13809,perfect prawn,policy_4_1,p1499,75
13810,perfect prawn,policy_4_1,p1503,75
13811,perfect prawn,policy_4_1,p1511,75
13812,perfect prawn,policy_4_1,p1512,68
13813,perfect prawn,policy_4_1,p1518,65
13814,perfect prawn,policy_4_1,p1519,75
13815,perfect prawn,policy_4_1,p1520,45
13816,perfect prawn,policy_4_1,p1524,75
13817,perfect prawn,policy_4_1,p1526,65
13818,perfect prawn,policy_4_1,p1537,75
13819,perfect prawn,policy_4_1,p1545,75
13820,perfect prawn,policy_4_1,p1547,75
13821,perfect prawn,policy_4_1,p1552,75
13822,perfect prawn,policy_4_1,p1567,75
13823,perfect prawn,policy_4_1,p1568,75
13824,perfect prawn,policy_4_1,p1579,45
13825,perfect prawn,policy_4_1,p1587,35
13826,perfect prawn,policy_4_1,p1596,65
13827,perfect prawn,policy_4_1,p1600,78
13828,perfect prawn,policy_4_1,p1603,72
13829,perfect prawn,policy_4_1,p1604,75
13830,perfect prawn,policy_4_1,p1610,68
13831,perfect prawn,policy_4_1,p1618,65
13832,perfect prawn,policy_4_1,p1619,85
13833,perfect prawn,policy_4_1,p1622,75
13834,perfect prawn,policy_4_1,p1623,45
13835,perfect prawn,policy_4_1,p1630,45
13836,perfect prawn,policy_4_1,p1641,75
13837,perfect prawn,policy_4_1,p1649,65
13838,perfect prawn,policy_4_1,p1652,65
13839,perfect prawn,policy_4_1,p1665,72
13840,perfect prawn,policy_4_1,p1669,65
13841,perfect prawn,policy_4_1,p1685,75
13842,perfect prawn,policy_4_1,p1693,75
13843,perfect prawn,policy_4_1,p1698,75
13844,perfect prawn,policy_4_1,p1704,72
13845,perfect prawn,policy_4_1,p1711,78
13846,perfect prawn,policy_4_1,p1718,45
13847,perfect prawn,policy_4_1,p1732,65
13848,perfect prawn,policy_4_1,p1739,75
13849,perfect prawn,policy_4_1,p1741,75
13850,perfect prawn,policy_4_1,p1746,65
13851,perfect prawn,policy_4_1,p1751,35
13852,perfect prawn,policy_4_1,p1754,75
13853,perfect prawn,policy_4_1,p1769,65
13854,perfect prawn,policy_4_1,p1771,75
13855,perfect prawn,policy_4_1,p1776,75
13856,perfect prawn,policy_4_1,p1780,78
13857,perfect prawn,policy_4_1,p1785,62
13858,perfect prawn,policy_4_1,p1791,78
13859,perfect prawn,policy_4_1,p1793,75
13860,perfect prawn,policy_4_1,p1796,65
13861,perfect prawn,policy_4_1,p1805,65
13862,perfect prawn,policy_4_1,p1812,78
13863,perfect prawn,policy_4_1,p1816,65
13864,perfect prawn,policy_4_1,p1819,78
13865,perfect prawn,policy_4_1,p1825,75
13866,perfect prawn,policy_4_1,p1836,78
13867,perfect prawn,policy_4_1,p1839,75
13868,perfect prawn,policy_4_1,p1861,75
13869,perfect prawn,policy_4_1,p1863,78
13870,perfect prawn,policy_4_1,p1873,72
13871,perfect prawn,policy_4_1,p1875,68
13872,perfect prawn,policy_4_1,p1876,78
13873,perfect prawn,policy_4_1,p1877,75
13874,perfect prawn,policy_4_1,p1880,65
13875,perfect prawn,policy_4_1,p1883,65
13876,perfect prawn,policy_4_1,p1889,35
13877,perfect prawn,policy_4_1,p1893,75
13878,perfect prawn,policy_4_1,p1896,78
13879,perfect prawn,policy_4_1,p1913,75
13880,perfect prawn,policy_4_1,p1922,85
13881,perfect prawn,policy_4_1,p1930,78
13882,perfect prawn,policy_4_1,p1935,75
13883,perfect prawn,policy_4_1,p1940,82
13884,perfect prawn,policy_4_1,p1948,65
13885,perfect prawn,policy_4_1,p1950,75
13886,perfect prawn,policy_4_1,p1954,65
13887,perfect prawn,policy_4_1,p1956,45
13888,perfect prawn,policy_4_1,p1958,65
13889,perfect prawn,policy_4_1,p1967,78
13890,perfect prawn,policy_4_1,p1973,85
13891,perfect prawn,policy_4_1,p1978,72
13892,perfect prawn,policy_4_1,p1983,65
13893,perfect prawn,policy_4_1,p1984,65
13894,perfect prawn,policy_4_1,p1995,65
13895,perfect prawn,policy_4_1,p1996,65
13896,perfect prawn,policy_4_1,p1997,78
13897,perfect prawn,policy_4_1,p2001,75
13898,perfect prawn,policy_4_1,p2002,65
13899,perfect prawn,policy_4_1,p2013,85
13900,perfect prawn,policy_4_1,p2014,65
13901,perfect prawn,policy_4_1,p2016,75
13902,perfect prawn,policy_4_1,p2018,65
13903,perfect prawn,policy_4_1,p2023,78
13904,perfect prawn,policy_4_1,p2025,75
13905,perfect prawn,policy_4_1,p2028,75
13906,perfect prawn,policy_4_1,p2030,75
13907,perfect prawn,policy_4_1,p2033,75
13908,perfect prawn,policy_4_1,p2040,45
13909,perfect prawn,policy_4_1,p2051,75
13910,perfect prawn,policy_4_1,p2052,78
13911,perfect prawn,policy_4_1,p2066,65
13912,perfect prawn,policy_4_1,p2067,82
13913,perfect prawn,policy_4_1,p2073,78
13914,perfect prawn,policy_4_1,p2077,68
13915,perfect prawn,policy_4_1,p2078,72
13916,perfect prawn,policy_4_1,p2086,78
13917,perfect prawn,policy_4_1,p2089,78
13918,perfect prawn,policy_4_1,p2093,45
13919,perfect prawn,policy_4_1,p2094,75
13920,perfect prawn,policy_4_1,p2111,75
13921,perfect prawn,policy_4_1,p2117,75
13922,perfect prawn,policy_4_1,p2121,75
13923,perfect prawn,policy_4_1,p2127,75
13924,perfect prawn,policy_4_1,p2141,75
13925,perfect prawn,policy_4_1,p2142,35
13926,perfect prawn,policy_4_1,p2143,78
13927,perfect prawn,policy_4_1,p2153,75
13928,perfect prawn,policy_4_1,p2155,65
13929,perfect prawn,policy_4_1,p2169,65
13930,perfect prawn,policy_4_1,p2187,75
13931,perfect prawn,policy_4_1,p2188,78
13932,perfect prawn,policy_4_1,p2197,75
13933,perfect prawn,policy_4_1,p2213,65
13934,perfect prawn,policy_4_1,p2214,72
13935,perfect prawn,policy_4_1,p2215,75
13936,perfect prawn,policy_4_1,p2220,75
13937,perfect prawn,policy_4_1,p2223,68
13938,perfect prawn,policy_4_1,p2229,75
13939,perfect prawn,policy_4_1,p2234,75
13940,perfect prawn,policy_4_1,p2237,78
13941,perfect prawn,policy_4_1,p2238,75
13942,perfect prawn,policy_4_1,p2244,75
13943,perfect prawn,policy_4_1,p2248,75
13944,perfect prawn,policy_4_1,p2252,78
13945,perfect prawn,policy_4_1,p2255,35
13946,perfect prawn,policy_4_1,p2261,45
13947,perfect prawn,policy_4_1,p2263,75
13948,perfect prawn,policy_4_1,p2273,78
13949,perfect prawn,policy_4_1,p2275,78
13950,perfect prawn,policy_4_1,p2276,68
13951,perfect prawn,policy_4_1,p2283,45
13952,perfect prawn,policy_4_1,p2287,75
13953,perfect prawn,policy_4_1,p2296,62
13954,perfect prawn,policy_4_1,p2298,65
13955,perfect prawn,policy_4_1,p2304,78
13956,perfect prawn,policy_4_1,p2310,68
13957,perfect prawn,policy_4_1,p2322,65
13958,perfect prawn,policy_4_1,p2326,75
13959,perfect prawn,policy_4_1,p2330,65
13960,perfect prawn,policy_4_1,p2331,75
13961,perfect prawn,policy_4_1,p2333,68
13962,perfect prawn,policy_4_1,p2347,78
13963,perfect prawn,policy_4_1,p2350,65
13964,perfect prawn,policy_4_1,p2351,78
13965,perfect prawn,policy_4_1,p2353,75
13966,perfect prawn,policy_4_1,p2355,75
13967,perfect prawn,policy_4_1,p2363,65
13968,perfect prawn,policy_4_1,p2378,78
13969,perfect prawn,policy_4_1,p2380,78
13970,perfect prawn,policy_4_1,p2387,75
13971,perfect prawn,policy_4_1,p2398,78
13972,perfect prawn,policy_4_1,p2400,78
13973,perfect prawn,policy_4_1,p2403,78
13974,perfect prawn,policy_4_1,p2408,45
13975,perfect prawn,policy_4_1,p2418,75
13976,perfect prawn,policy_4_1,p2426,75
13977,perfect prawn,policy_4_1,p2428,65
13978,perfect prawn,policy_4_1,p2434,75
13979,perfect prawn,policy_4_1,p2446,55
13980,perfect prawn,policy_4_1,p2452,65
13981,perfect prawn,policy_4_1,p2454,65
13982,perfect prawn,policy_4_1,p2462,75
13983,perfect prawn,policy_4_1,p2467,35
13984,perfect prawn,policy_4_1,p2482,75
13985,perfect prawn,policy_4_1,p2489,65
13986,perfect prawn,policy_4_1,p2490,75
13987,perfect prawn,policy_4_1,p2494,65
13988,perfect prawn,policy_4_1,p2502,78
13989,perfect prawn,policy_4_1,p2503,75
13990,perfect prawn,policy_4_1,p2522,85
13991,perfect prawn,policy_4_1,p2524,78
13992,perfect prawn,policy_4_1,p2533,45
13993,perfect prawn,policy_4_1,p2566,75
13994,perfect prawn,policy_4_1,p2571,78
13995,perfect prawn,policy_4_1,p2573,65
13996,perfect prawn,policy_4_1,p2582,75
13997,perfect prawn,policy_4_1,p2591,65
13998,perfect prawn,policy_4_1,p2592,75
13999,perfect prawn,policy_4_1,p2595,35
14000,perfect prawn,concern_1_1,p0016,75
14001,perfect prawn,concern_1_1,p0022,75
14002,perfect prawn,concern_1_1,p0023,85
14003,perfect prawn,concern_1_1,p0026,75
14004,perfect prawn,concern_1_1,p0034,55
14005,perfect prawn,concern_1_1,p0036,65
14006,perfect prawn,concern_1_1,p0037,65
14007,perfect prawn,concern_1_1,p0042,68
14008,perfect prawn,concern_1_1,p0057,75
14009,perfect prawn,concern_1_1,p0066,65
14010,perfect prawn,concern_1_1,p0069,45
14011,perfect prawn,concern_1_1,p0072,75
14012,perfect prawn,concern_1_1,p0073,75
14013,perfect prawn,concern_1_1,p0082,78
14014,perfect prawn,concern_1_1,p0091,85
14015,perfect prawn,concern_1_1,p0092,65
14016,perfect prawn,concern_1_1,p0093,78
14017,perfect prawn,concern_1_1,p0095,75
14018,perfect prawn,concern_1_1,p0107,68
14019,perfect prawn,concern_1_1,p0114,78
14020,perfect prawn,concern_1_1,p0116,68
14021,perfect prawn,concern_1_1,p0118,55
14022,perfect prawn,concern_1_1,p0119,75
14023,perfect prawn,concern_1_1,p0126,68
14024,perfect prawn,concern_1_1,p0129,85
14025,perfect prawn,concern_1_1,p0136,65
14026,perfect prawn,concern_1_1,p0138,65
14027,perfect prawn,concern_1_1,p0144,72
14028,perfect prawn,concern_1_1,p0150,65
14029,perfect prawn,concern_1_1,p0152,55
14030,perfect prawn,concern_1_1,p0158,45
14031,perfect prawn,concern_1_1,p0161,65
14032,perfect prawn,concern_1_1,p0164,55
14033,perfect prawn,concern_1_1,p0175,75
14034,perfect prawn,concern_1_1,p0177,75
14035,perfect prawn,concern_1_1,p0178,78
14036,perfect prawn,concern_1_1,p0181,35
14037,perfect prawn,concern_1_1,p0186,65
14038,perfect prawn,concern_1_1,p0196,68
14039,perfect prawn,concern_1_1,p0198,78
14040,perfect prawn,concern_1_1,p0202,75
14041,perfect prawn,concern_1_1,p0205,68
14042,perfect prawn,concern_1_1,p0207,65
14043,perfect prawn,concern_1_1,p0211,65
14044,perfect prawn,concern_1_1,p0227,85
14045,perfect prawn,concern_1_1,p0229,68
14046,perfect prawn,concern_1_1,p0232,75
14047,perfect prawn,concern_1_1,p0233,55
14048,perfect prawn,concern_1_1,p0237,85
14049,perfect prawn,concern_1_1,p0258,65
14050,perfect prawn,concern_1_1,p0268,35
14051,perfect prawn,concern_1_1,p0274,78
14052,perfect prawn,concern_1_1,p0275,35
14053,perfect prawn,concern_1_1,p0277,65
14054,perfect prawn,concern_1_1,p0288,75
14055,perfect prawn,concern_1_1,p0291,75
14056,perfect prawn,concern_1_1,p0307,65
14057,perfect prawn,concern_1_1,p0308,75
14058,perfect prawn,concern_1_1,p0317,35
14059,perfect prawn,concern_1_1,p0325,75
14060,perfect prawn,concern_1_1,p0327,85
14061,perfect prawn,concern_1_1,p0334,78
14062,perfect prawn,concern_1_1,p0336,78
14063,perfect prawn,concern_1_1,p0338,45
14064,perfect prawn,concern_1_1,p0342,78
14065,perfect prawn,concern_1_1,p0349,65
14066,perfect prawn,concern_1_1,p0356,75
14067,perfect prawn,concern_1_1,p0358,75
14068,perfect prawn,concern_1_1,p0363,75
14069,perfect prawn,concern_1_1,p0364,78
14070,perfect prawn,concern_1_1,p0369,85
14071,perfect prawn,concern_1_1,p0370,55
14072,perfect prawn,concern_1_1,p0371,65
14073,perfect prawn,concern_1_1,p0379,68
14074,perfect prawn,concern_1_1,p0386,78
14075,perfect prawn,concern_1_1,p0396,78
14076,perfect prawn,concern_1_1,p0403,75
14077,perfect prawn,concern_1_1,p0405,85
14078,perfect prawn,concern_1_1,p0412,75
14079,perfect prawn,concern_1_1,p0415,35
14080,perfect prawn,concern_1_1,p0416,75
14081,perfect prawn,concern_1_1,p0417,75
14082,perfect prawn,concern_1_1,p0418,65
14083,perfect prawn,concern_1_1,p0430,75
14084,perfect prawn,concern_1_1,p0431,85
14085,perfect prawn,concern_1_1,p0434,35
14086,perfect prawn,concern_1_1,p0438,85
14087,perfect prawn,concern_1_1,p0441,85
14088,perfect prawn,concern_1_1,p0442,45
14089,perfect prawn,concern_1_1,p0449,65
14090,perfect prawn,concern_1_1,p0450,75
14091,perfect prawn,concern_1_1,p0465,68
14092,perfect prawn,concern_1_1,p0471,68
14093,perfect prawn,concern_1_1,p0477,75
14094,perfect prawn,concern_1_1,p0483,75
14095,perfect prawn,concern_1_1,p0486,75
14096,perfect prawn,concern_1_1,p0487,75
14097,perfect prawn,concern_1_1,p0489,85
14098,perfect prawn,concern_1_1,p0497,65
14099,perfect prawn,concern_1_1,p0502,75
14100,perfect prawn,concern_1_1,p0503,78
14101,perfect prawn,concern_1_1,p0506,65
14102,perfect prawn,concern_1_1,p0511,75
14103,perfect prawn,concern_1_1,p0523,75
14104,perfect prawn,concern_1_1,p0534,85
14105,perfect prawn,concern_1_1,p0536,68
14106,perfect prawn,concern_1_1,p0542,35
14107,perfect prawn,concern_1_1,p0547,75
14108,perfect prawn,concern_1_1,p0553,78
14109,perfect prawn,concern_1_1,p0559,78
14110,perfect prawn,concern_1_1,p0566,75
14111,perfect prawn,concern_1_1,p0568,75
14112,perfect prawn,concern_1_1,p0570,35
14113,perfect prawn,concern_1_1,p0573,75
14114,perfect prawn,concern_1_1,p0578,68
14115,perfect prawn,concern_1_1,p0594,45
14116,perfect prawn,concern_1_1,p0597,75
14117,perfect prawn,concern_1_1,p0601,75
14118,perfect prawn,concern_1_1,p0602,55
14119,perfect prawn,concern_1_1,p0605,68
14120,perfect prawn,concern_1_1,p0615,68
14121,perfect prawn,concern_1_1,p0620,78
14122,perfect prawn,concern_1_1,p0626,65
14123,perfect prawn,concern_1_1,p0629,85
14124,perfect prawn,concern_1_1,p0633,65
14125,perfect prawn,concern_1_1,p0638,75
14126,perfect prawn,concern_1_1,p0639,75
14127,perfect prawn,concern_1_1,p0640,65
14128,perfect prawn,concern_1_1,p0655,75
14129,perfect prawn,concern_1_1,p0656,68
14130,perfect prawn,concern_1_1,p0658,65
14131,perfect prawn,concern_1_1,p0661,65
14132,perfect prawn,concern_1_1,p0669,78
14133,perfect prawn,concern_1_1,p0670,65
14134,perfect prawn,concern_1_1,p0672,75
14135,perfect prawn,concern_1_1,p0674,78
14136,perfect prawn,concern_1_1,p0678,78
14137,perfect prawn,concern_1_1,p0683,75
14138,perfect prawn,concern_1_1,p0686,68
14139,perfect prawn,concern_1_1,p0687,78
14140,perfect prawn,concern_1_1,p0698,68
14141,perfect prawn,concern_1_1,p0700,75
14142,perfect prawn,concern_1_1,p0703,65
14143,perfect prawn,concern_1_1,p0718,68
14144,perfect prawn,concern_1_1,p0744,78
14145,perfect prawn,concern_1_1,p0745,75
14146,perfect prawn,concern_1_1,p0753,55
14147,perfect prawn,concern_1_1,p0770,78
14148,perfect prawn,concern_1_1,p0771,78
14149,perfect prawn,concern_1_1,p0777,85
14150,perfect prawn,concern_1_1,p0779,75
14151,perfect prawn,concern_1_1,p0780,55
14152,perfect prawn,concern_1_1,p0783,68
14153,perfect prawn,concern_1_1,p0785,68
14154,perfect prawn,concern_1_1,p0786,65
14155,perfect prawn,concern_1_1,p0794,35
14156,perfect prawn,concern_1_1,p0798,35
14157,perfect prawn,concern_1_1,p0800,75
14158,perfect prawn,concern_1_1,p0820,45
14159,perfect prawn,concern_1_1,p0841,45
14160,perfect prawn,concern_1_1,p0849,68
14161,perfect prawn,concern_1_1,p0862,85
14162,perfect prawn,concern_1_1,p0867,85
14163,perfect prawn,concern_1_1,p0869,78
14164,perfect prawn,concern_1_1,p0872,78
14165,perfect prawn,concern_1_1,p0880,75
14166,perfect prawn,concern_1_1,p0891,55
14167,perfect prawn,concern_1_1,p0916,75
14168,perfect prawn,concern_1_1,p0917,78
14169,perfect prawn,concern_1_1,p0919,78
14170,perfect prawn,concern_1_1,p0922,65
14171,perfect prawn,concern_1_1,p0925,68
14172,perfect prawn,concern_1_1,p0927,78
14173,perfect prawn,concern_1_1,p0929,65
14174,perfect prawn,concern_1_1,p0930,65
14175,perfect prawn,concern_1_1,p0931,45
14176,perfect prawn,concern_1_1,p0933,65
14177,perfect prawn,concern_1_1,p0934,35
14178,perfect prawn,concern_1_1,p0936,78
14179,perfect prawn,concern_1_1,p0938,75
14180,perfect prawn,concern_1_1,p0939,65
14181,perfect prawn,concern_1_1,p0946,68
14182,perfect prawn,concern_1_1,p0951,75
14183,perfect prawn,concern_1_1,p0956,75
14184,perfect prawn,concern_1_1,p0962,65
14185,perfect prawn,concern_1_1,p0963,75
14186,perfect prawn,concern_1_1,p0969,65
14187,perfect prawn,concern_1_1,p0972,55
14188,perfect prawn,concern_1_1,p0975,65
14189,perfect prawn,concern_1_1,p0985,45
14190,perfect prawn,concern_1_1,p0993,75
14191,perfect prawn,concern_1_1,p0996,65
14192,perfect prawn,concern_1_1,p1011,45
14193,perfect prawn,concern_1_1,p1017,35
14194,perfect prawn,concern_1_1,p1020,68
14195,perfect prawn,concern_1_1,p1022,75
14196,perfect prawn,concern_1_1,p1024,35
14197,perfect prawn,concern_1_1,p1027,78
14198,perfect prawn,concern_1_1,p1028,85
14199,perfect prawn,concern_1_1,p1029,45
14200,perfect prawn,concern_1_1,p1032,75
14201,perfect prawn,concern_1_1,p1040,75
14202,perfect prawn,concern_1_1,p1047,65
14203,perfect prawn,concern_1_1,p1048,45
14204,perfect prawn,concern_1_1,p1053,65
14205,perfect prawn,concern_1_1,p1057,65
14206,perfect prawn,concern_1_1,p1058,68
14207,perfect prawn,concern_1_1,p1063,65
14208,perfect prawn,concern_1_1,p1064,75
14209,perfect prawn,concern_1_1,p1065,65
14210,perfect prawn,concern_1_1,p1069,65
14211,perfect prawn,concern_1_1,p1072,75
14212,perfect prawn,concern_1_1,p1073,75
14213,perfect prawn,concern_1_1,p1075,75
14214,perfect prawn,concern_1_1,p1076,65
14215,perfect prawn,concern_1_1,p1083,65
14216,perfect prawn,concern_1_1,p1089,85
14217,perfect prawn,concern_1_1,p1093,75
14218,perfect prawn,concern_1_1,p1096,75
14219,perfect prawn,concern_1_1,p1100,75
14220,perfect prawn,concern_1_1,p1106,78
14221,perfect prawn,concern_1_1,p1107,45
14222,perfect prawn,concern_1_1,p1113,65
14223,perfect prawn,concern_1_1,p1117,35
14224,perfect prawn,concern_1_1,p1120,68
14225,perfect prawn,concern_1_1,p1134,75
14226,perfect prawn,concern_1_1,p1136,45
14227,perfect prawn,concern_1_1,p1138,75
14228,perfect prawn,concern_1_1,p1144,65
14229,perfect prawn,concern_1_1,p1145,85
14230,perfect prawn,concern_1_1,p1147,85
14231,perfect prawn,concern_1_1,p1148,78
14232,perfect prawn,concern_1_1,p1154,75
14233,perfect prawn,concern_1_1,p1159,65
14234,perfect prawn,concern_1_1,p1167,75
14235,perfect prawn,concern_1_1,p1175,75
14236,perfect prawn,concern_1_1,p1178,68
14237,perfect prawn,concern_1_1,p1184,68
14238,perfect prawn,concern_1_1,p1186,75
14239,perfect prawn,concern_1_1,p1196,65
14240,perfect prawn,concern_1_1,p1197,65
14241,perfect prawn,concern_1_1,p1203,75
14242,perfect prawn,concern_1_1,p1219,68
14243,perfect prawn,concern_1_1,p1225,68
14244,perfect prawn,concern_1_1,p1234,75
14245,perfect prawn,concern_1_1,p1242,75
14246,perfect prawn,concern_1_1,p1244,75
14247,perfect prawn,concern_1_1,p1249,68
14248,perfect prawn,concern_1_1,p1250,75
14249,perfect prawn,concern_1_1,p1256,75
14250,perfect prawn,concern_1_1,p1258,78
14251,perfect prawn,concern_1_1,p1260,65
14252,perfect prawn,concern_1_1,p1262,65
14253,perfect prawn,concern_1_1,p1264,65
14254,perfect prawn,concern_1_1,p1265,75
14255,perfect prawn,concern_1_1,p1269,75
14256,perfect prawn,concern_1_1,p1272,75
14257,perfect prawn,concern_1_1,p1278,85
14258,perfect prawn,concern_1_1,p1281,75
14259,perfect prawn,concern_1_1,p1292,68
14260,perfect prawn,concern_1_1,p1299,68
14261,perfect prawn,concern_1_1,p1312,68
14262,perfect prawn,concern_1_1,p1322,75
14263,perfect prawn,concern_1_1,p1326,75
14264,perfect prawn,concern_1_1,p1330,75
14265,perfect prawn,concern_1_1,p1335,75
14266,perfect prawn,concern_1_1,p1337,75
14267,perfect prawn,concern_1_1,p1340,78
14268,perfect prawn,concern_1_1,p1345,75
14269,perfect prawn,concern_1_1,p1351,65
14270,perfect prawn,concern_1_1,p1355,65
14271,perfect prawn,concern_1_1,p1362,45
14272,perfect prawn,concern_1_1,p1365,45
14273,perfect prawn,concern_1_1,p1366,55
14274,perfect prawn,concern_1_1,p1367,55
14275,perfect prawn,concern_1_1,p1370,75
14276,perfect prawn,concern_1_1,p1371,75
14277,perfect prawn,concern_1_1,p1373,68
14278,perfect prawn,concern_1_1,p1375,45
14279,perfect prawn,concern_1_1,p1376,45
14280,perfect prawn,concern_1_1,p1379,75
14281,perfect prawn,concern_1_1,p1381,65
14282,perfect prawn,concern_1_1,p1393,75
14283,perfect prawn,concern_1_1,p1396,85
14284,perfect prawn,concern_1_1,p1398,75
14285,perfect prawn,concern_1_1,p1404,75
14286,perfect prawn,concern_1_1,p1406,68
14287,perfect prawn,concern_1_1,p1407,55
14288,perfect prawn,concern_1_1,p1409,75
14289,perfect prawn,concern_1_1,p1412,75
14290,perfect prawn,concern_1_1,p1414,85
14291,perfect prawn,concern_1_1,p1424,65
14292,perfect prawn,concern_1_1,p1425,68
14293,perfect prawn,concern_1_1,p1429,65
14294,perfect prawn,concern_1_1,p1434,75
14295,perfect prawn,concern_1_1,p1441,65
14296,perfect prawn,concern_1_1,p1445,65
14297,perfect prawn,concern_1_1,p1450,75
14298,perfect prawn,concern_1_1,p1454,78
14299,perfect prawn,concern_1_1,p1456,45
14300,perfect prawn,concern_1_1,p1457,65
14301,perfect prawn,concern_1_1,p1458,85
14302,perfect prawn,concern_1_1,p1469,68
14303,perfect prawn,concern_1_1,p1470,75
14304,perfect prawn,concern_1_1,p1481,75
14305,perfect prawn,concern_1_1,p1488,68
14306,perfect prawn,concern_1_1,p1492,55
14307,perfect prawn,concern_1_1,p1495,65
14308,perfect prawn,concern_1_1,p1497,75
14309,perfect prawn,concern_1_1,p1499,75
14310,perfect prawn,concern_1_1,p1503,75
14311,perfect prawn,concern_1_1,p1511,85
14312,perfect prawn,concern_1_1,p1512,55
14313,perfect prawn,concern_1_1,p1518,75
14314,perfect prawn,concern_1_1,p1519,68
14315,perfect prawn,concern_1_1,p1520,55
14316,perfect prawn,concern_1_1,p1524,75
14317,perfect prawn,concern_1_1,p1526,75
14318,perfect prawn,concern_1_1,p1537,75
14319,perfect prawn,concern_1_1,p1545,75
14320,perfect prawn,concern_1_1,p1547,75
14321,perfect prawn,concern_1_1,p1552,85
14322,perfect prawn,concern_1_1,p1567,75
14323,perfect prawn,concern_1_1,p1568,68
14324,perfect prawn,concern_1_1,p1579,35
14325,perfect prawn,concern_1_1,p1587,35
14326,perfect prawn,concern_1_1,p1596,65
14327,perfect prawn,concern_1_1,p1600,78
14328,perfect prawn,concern_1_1,p1603,75
14329,perfect prawn,concern_1_1,p1604,75
14330,perfect prawn,concern_1_1,p1610,62
14331,perfect prawn,concern_1_1,p1618,65
14332,perfect prawn,concern_1_1,p1619,85
14333,perfect prawn,concern_1_1,p1622,75
14334,perfect prawn,concern_1_1,p1623,35
14335,perfect prawn,concern_1_1,p1630,65
14336,perfect prawn,concern_1_1,p1641,65
14337,perfect prawn,concern_1_1,p1649,55
14338,perfect prawn,concern_1_1,p1652,65
14339,perfect prawn,concern_1_1,p1665,65
14340,perfect prawn,concern_1_1,p1669,68
14341,perfect prawn,concern_1_1,p1685,75
14342,perfect prawn,concern_1_1,p1693,68
14343,perfect prawn,concern_1_1,p1698,75
14344,perfect prawn,concern_1_1,p1704,68
14345,perfect prawn,concern_1_1,p1711,78
14346,perfect prawn,concern_1_1,p1718,45
14347,perfect prawn,concern_1_1,p1732,65
14348,perfect prawn,concern_1_1,p1739,75
14349,perfect prawn,concern_1_1,p1741,75
14350,perfect prawn,concern_1_1,p1746,45
14351,perfect prawn,concern_1_1,p1751,35
14352,perfect prawn,concern_1_1,p1754,55
14353,perfect prawn,concern_1_1,p1769,68
14354,perfect prawn,concern_1_1,p1771,75
14355,perfect prawn,concern_1_1,p1776,55
14356,perfect prawn,concern_1_1,p1780,78
14357,perfect prawn,concern_1_1,p1785,45
14358,perfect prawn,concern_1_1,p1791,75
14359,perfect prawn,concern_1_1,p1793,75
14360,perfect prawn,concern_1_1,p1796,65
14361,perfect prawn,concern_1_1,p1805,68
14362,perfect prawn,concern_1_1,p1812,85
14363,perfect prawn,concern_1_1,p1816,45
14364,perfect prawn,concern_1_1,p1819,78
14365,perfect prawn,concern_1_1,p1825,85
14366,perfect prawn,concern_1_1,p1836,75
14367,perfect prawn,concern_1_1,p1839,75
14368,perfect prawn,concern_1_1,p1861,75
14369,perfect prawn,concern_1_1,p1863,78
14370,perfect prawn,concern_1_1,p1873,68
14371,perfect prawn,concern_1_1,p1875,65
14372,perfect prawn,concern_1_1,p1876,85
14373,perfect prawn,concern_1_1,p1877,75
14374,perfect prawn,concern_1_1,p1880,65
14375,perfect prawn,concern_1_1,p1883,65
14376,perfect prawn,concern_1_1,p1889,35
14377,perfect prawn,concern_1_1,p1893,78
14378,perfect prawn,concern_1_1,p1896,78
14379,perfect prawn,concern_1_1,p1913,75
14380,perfect prawn,concern_1_1,p1922,75
14381,perfect prawn,concern_1_1,p1930,78
14382,perfect prawn,concern_1_1,p1935,75
14383,perfect prawn,concern_1_1,p1940,85
14384,perfect prawn,concern_1_1,p1948,45
14385,perfect prawn,concern_1_1,p1950,65
14386,perfect prawn,concern_1_1,p1954,65
14387,perfect prawn,concern_1_1,p1956,45
14388,perfect prawn,concern_1_1,p1958,68
14389,perfect prawn,concern_1_1,p1967,78
14390,perfect prawn,concern_1_1,p1973,92
14391,perfect prawn,concern_1_1,p1978,68
14392,perfect prawn,concern_1_1,p1983,55
14393,perfect prawn,concern_1_1,p1984,65
14394,perfect prawn,concern_1_1,p1995,65
14395,perfect prawn,concern_1_1,p1996,68
14396,perfect prawn,concern_1_1,p1997,78
14397,perfect prawn,concern_1_1,p2001,75
14398,perfect prawn,concern_1_1,p2002,65
14399,perfect prawn,concern_1_1,p2013,85
14400,perfect prawn,concern_1_1,p2014,62
14401,perfect prawn,concern_1_1,p2016,78
14402,perfect prawn,concern_1_1,p2018,45
14403,perfect prawn,concern_1_1,p2023,78
14404,perfect prawn,concern_1_1,p2025,75
14405,perfect prawn,concern_1_1,p2028,65
14406,perfect prawn,concern_1_1,p2030,75
14407,perfect prawn,concern_1_1,p2033,75
14408,perfect prawn,concern_1_1,p2040,45
14409,perfect prawn,concern_1_1,p2051,75
14410,perfect prawn,concern_1_1,p2052,68
14411,perfect prawn,concern_1_1,p2066,45
14412,perfect prawn,concern_1_1,p2067,75
14413,perfect prawn,concern_1_1,p2073,85
14414,perfect prawn,concern_1_1,p2077,68
14415,perfect prawn,concern_1_1,p2078,75
14416,perfect prawn,concern_1_1,p2086,78
14417,perfect prawn,concern_1_1,p2089,75
14418,perfect prawn,concern_1_1,p2093,35
14419,perfect prawn,concern_1_1,p2094,75
14420,perfect prawn,concern_1_1,p2111,65
14421,perfect prawn,concern_1_1,p2117,75
14422,perfect prawn,concern_1_1,p2121,75
14423,perfect prawn,concern_1_1,p2127,75
14424,perfect prawn,concern_1_1,p2141,75
14425,perfect prawn,concern_1_1,p2142,35
14426,perfect prawn,concern_1_1,p2143,78
14427,perfect prawn,concern_1_1,p2153,65
14428,perfect prawn,concern_1_1,p2155,55
14429,perfect prawn,concern_1_1,p2169,45
14430,perfect prawn,concern_1_1,p2187,75
14431,perfect prawn,concern_1_1,p2188,75
14432,perfect prawn,concern_1_1,p2197,75
14433,perfect prawn,concern_1_1,p2213,65
14434,perfect prawn,concern_1_1,p2214,68
14435,perfect prawn,concern_1_1,p2215,75
14436,perfect prawn,concern_1_1,p2220,75
14437,perfect prawn,concern_1_1,p2223,68
14438,perfect prawn,concern_1_1,p2229,68
14439,perfect prawn,concern_1_1,p2234,75
14440,perfect prawn,concern_1_1,p2237,85
14441,perfect prawn,concern_1_1,p2238,75
14442,perfect prawn,concern_1_1,p2244,75
14443,perfect prawn,concern_1_1,p2248,65
14444,perfect prawn,concern_1_1,p2252,78
14445,perfect prawn,concern_1_1,p2255,35
14446,perfect prawn,concern_1_1,p2261,35
14447,perfect prawn,concern_1_1,p2263,75
14448,perfect prawn,concern_1_1,p2273,75
14449,perfect prawn,concern_1_1,p2275,75
14450,perfect prawn,concern_1_1,p2276,65
14451,perfect prawn,concern_1_1,p2283,45
14452,perfect prawn,concern_1_1,p2287,75
14453,perfect prawn,concern_1_1,p2296,45
14454,perfect prawn,concern_1_1,p2298,68
14455,perfect prawn,concern_1_1,p2304,78
14456,perfect prawn,concern_1_1,p2310,65
14457,perfect prawn,concern_1_1,p2322,55
14458,perfect prawn,concern_1_1,p2326,75
14459,perfect prawn,concern_1_1,p2330,55
14460,perfect prawn,concern_1_1,p2331,75
14461,perfect prawn,concern_1_1,p2333,65
14462,perfect prawn,concern_1_1,p2347,75
14463,perfect prawn,concern_1_1,p2350,68
14464,perfect prawn,concern_1_1,p2351,65
14465,perfect prawn,concern_1_1,p2353,75
14466,perfect prawn,concern_1_1,p2355,65
14467,perfect prawn,concern_1_1,p2363,45
14468,perfect prawn,concern_1_1,p2378,75
14469,perfect prawn,concern_1_1,p2380,85
14470,perfect prawn,concern_1_1,p2387,65
14471,perfect prawn,concern_1_1,p2398,68
14472,perfect prawn,concern_1_1,p2400,75
14473,perfect prawn,concern_1_1,p2403,75
14474,perfect prawn,concern_1_1,p2408,45
14475,perfect prawn,concern_1_1,p2418,68
14476,perfect prawn,concern_1_1,p2426,75
14477,perfect prawn,concern_1_1,p2428,65
14478,perfect prawn,concern_1_1,p2434,78
14479,perfect prawn,concern_1_1,p2446,45
14480,perfect prawn,concern_1_1,p2452,65
14481,perfect prawn,concern_1_1,p2454,55
14482,perfect prawn,concern_1_1,p2462,75
14483,perfect prawn,concern_1_1,p2467,35
14484,perfect prawn,concern_1_1,p2482,68
14485,perfect prawn,concern_1_1,p2489,65
14486,perfect prawn,concern_1_1,p2490,68
14487,perfect prawn,concern_1_1,p2494,55
14488,perfect prawn,concern_1_1,p2502,78
14489,perfect prawn,concern_1_1,p2503,75
14490,perfect prawn,concern_1_1,p2522,75
14491,perfect prawn,concern_1_1,p2524,75
14492,perfect prawn,concern_1_1,p2533,35
14493,perfect prawn,concern_1_1,p2566,75
14494,perfect prawn,concern_1_1,p2571,75
14495,perfect prawn,concern_1_1,p2573,45
14496,perfect prawn,concern_1_1,p2582,75
14497,perfect prawn,concern_1_1,p2591,65
14498,perfect prawn,concern_1_1,p2592,75
14499,perfect prawn,concern_1_1,p2595,35
14500,perfect prawn,concern_2_1,p0016,78
14501,perfect prawn,concern_2_1,p0022,78
14502,perfect prawn,concern_2_1,p0023,92
14503,perfect prawn,concern_2_1,p0026,78
14504,perfect prawn,concern_2_1,p0034,75
14505,perfect prawn,concern_2_1,p0036,75
14506,perfect prawn,concern_2_1,p0037,75
14507,perfect prawn,concern_2_1,p0042,78
14508,perfect prawn,concern_2_1,p0057,78
14509,perfect prawn,concern_2_1,p0066,75
14510,perfect prawn,concern_2_1,p0069,65
14511,perfect prawn,concern_2_1,p0072,85
14512,perfect prawn,concern_2_1,p0073,78
14513,perfect prawn,concern_2_1,p0082,85
14514,perfect prawn,concern_2_1,p0091,92
14515,perfect prawn,concern_2_1,p0092,75
14516,perfect prawn,concern_2_1,p0093,85
14517,perfect prawn,concern_2_1,p0095,78
14518,perfect prawn,concern_2_1,p0107,68
14519,perfect prawn,concern_2_1,p0114,85
14520,perfect prawn,concern_2_1,p0116,75
14521,perfect prawn,concern_2_1,p0118,75
14522,perfect prawn,concern_2_1,p0119,78
14523,perfect prawn,concern_2_1,p0126,78
14524,perfect prawn,concern_2_1,p0129,85
14525,perfect prawn,concern_2_1,p0136,65
14526,perfect prawn,concern_2_1,p0138,68
14527,perfect prawn,concern_2_1,p0144,78
14528,perfect prawn,concern_2_1,p0150,75
14529,perfect prawn,concern_2_1,p0152,75
14530,perfect prawn,concern_2_1,p0158,65
14531,perfect prawn,concern_2_1,p0161,75
14532,perfect prawn,concern_2_1,p0164,75
14533,perfect prawn,concern_2_1,p0175,78
14534,perfect prawn,concern_2_1,p0177,78
14535,perfect prawn,concern_2_1,p0178,88
14536,perfect prawn,concern_2_1,p0181,45
14537,perfect prawn,concern_2_1,p0186,75
14538,perfect prawn,concern_2_1,p0196,78
14539,perfect prawn,concern_2_1,p0198,88
14540,perfect prawn,concern_2_1,p0202,78
14541,perfect prawn,concern_2_1,p0205,78
14542,perfect prawn,concern_2_1,p0207,75
14543,perfect prawn,concern_2_1,p0211,75
14544,perfect prawn,concern_2_1,p0227,92
14545,perfect prawn,concern_2_1,p0229,78
14546,perfect prawn,concern_2_1,p0232,85
14547,perfect prawn,concern_2_1,p0233,75
14548,perfect prawn,concern_2_1,p0237,88
14549,perfect prawn,concern_2_1,p0258,75
14550,perfect prawn,concern_2_1,p0268,45
14551,perfect prawn,concern_2_1,p0274,85
14552,perfect prawn,concern_2_1,p0275,35
14553,perfect prawn,concern_2_1,p0277,75
14554,perfect prawn,concern_2_1,p0288,85
14555,perfect prawn,concern_2_1,p0291,85
14556,perfect prawn,concern_2_1,p0307,65
14557,perfect prawn,concern_2_1,p0308,75
14558,perfect prawn,concern_2_1,p0317,55
14559,perfect prawn,concern_2_1,p0325,85
14560,perfect prawn,concern_2_1,p0327,88
14561,perfect prawn,concern_2_1,p0334,85
14562,perfect prawn,concern_2_1,p0336,85
14563,perfect prawn,concern_2_1,p0338,45
14564,perfect prawn,concern_2_1,p0342,85
14565,perfect prawn,concern_2_1,p0349,75
14566,perfect prawn,concern_2_1,p0356,75
14567,perfect prawn,concern_2_1,p0358,78
14568,perfect prawn,concern_2_1,p0363,78
14569,perfect prawn,concern_2_1,p0364,85
14570,perfect prawn,concern_2_1,p0369,88
14571,perfect prawn,concern_2_1,p0370,65
14572,perfect prawn,concern_2_1,p0371,75
14573,perfect prawn,concern_2_1,p0379,68
14574,perfect prawn,concern_2_1,p0386,85
14575,perfect prawn,concern_2_1,p0396,85
14576,perfect prawn,concern_2_1,p0403,75
14577,perfect prawn,concern_2_1,p0405,92
14578,perfect prawn,concern_2_1,p0412,78
14579,perfect prawn,concern_2_1,p0415,65
14580,perfect prawn,concern_2_1,p0416,78
14581,perfect prawn,concern_2_1,p0417,78
14582,perfect prawn,concern_2_1,p0418,75
14583,perfect prawn,concern_2_1,p0430,85
14584,perfect prawn,concern_2_1,p0431,88
14585,perfect prawn,concern_2_1,p0434,35
14586,perfect prawn,concern_2_1,p0438,85
14587,perfect prawn,concern_2_1,p0441,85
14588,perfect prawn,concern_2_1,p0442,65
14589,perfect prawn,concern_2_1,p0449,75
14590,perfect prawn,concern_2_1,p0450,75
14591,perfect prawn,concern_2_1,p0465,78
14592,perfect prawn,concern_2_1,p0471,78
14593,perfect prawn,concern_2_1,p0477,78
14594,perfect prawn,concern_2_1,p0483,78
14595,perfect prawn,concern_2_1,p0486,85
14596,perfect prawn,concern_2_1,p0487,85
14597,perfect prawn,concern_2_1,p0489,88
14598,perfect prawn,concern_2_1,p0497,75
14599,perfect prawn,concern_2_1,p0502,78
14600,perfect prawn,concern_2_1,p0503,85
14601,perfect prawn,concern_2_1,p0506,65
14602,perfect prawn,concern_2_1,p0511,78
14603,perfect prawn,concern_2_1,p0523,78
14604,perfect prawn,concern_2_1,p0534,85
14605,perfect prawn,concern_2_1,p0536,78
14606,perfect prawn,concern_2_1,p0542,65
14607,perfect prawn,concern_2_1,p0547,75
14608,perfect prawn,concern_2_1,p0553,78
14609,perfect prawn,concern_2_1,p0559,85
14610,perfect prawn,concern_2_1,p0566,78
14611,perfect prawn,concern_2_1,p0568,85
14612,perfect prawn,concern_2_1,p0570,65
14613,perfect prawn,concern_2_1,p0573,75
14614,perfect prawn,concern_2_1,p0578,75
14615,perfect prawn,concern_2_1,p0594,68
14616,perfect prawn,concern_2_1,p0597,78
14617,perfect prawn,concern_2_1,p0601,85
14618,perfect prawn,concern_2_1,p0602,65
14619,perfect prawn,concern_2_1,p0605,75
14620,perfect prawn,concern_2_1,p0615,75
14621,perfect prawn,concern_2_1,p0620,82
14622,perfect prawn,concern_2_1,p0626,75
14623,perfect prawn,concern_2_1,p0629,88
14624,perfect prawn,concern_2_1,p0633,75
14625,perfect prawn,concern_2_1,p0638,78
14626,perfect prawn,concern_2_1,p0639,78
14627,perfect prawn,concern_2_1,p0640,75
14628,perfect prawn,concern_2_1,p0655,85
14629,perfect prawn,concern_2_1,p0656,75
14630,perfect prawn,concern_2_1,p0658,75
14631,perfect prawn,concern_2_1,p0661,75
14632,perfect prawn,concern_2_1,p0669,85
14633,perfect prawn,concern_2_1,p0670,75
14634,perfect prawn,concern_2_1,p0672,85
14635,perfect prawn,concern_2_1,p0674,78
14636,perfect prawn,concern_2_1,p0678,85
14637,perfect prawn,concern_2_1,p0683,78
14638,perfect prawn,concern_2_1,p0686,75
14639,perfect prawn,concern_2_1,p0687,85
14640,perfect prawn,concern_2_1,p0698,75
14641,perfect prawn,concern_2_1,p0700,78
14642,perfect prawn,concern_2_1,p0703,75
14643,perfect prawn,concern_2_1,p0718,78
14644,perfect prawn,concern_2_1,p0744,85
14645,perfect prawn,concern_2_1,p0745,85
14646,perfect prawn,concern_2_1,p0753,68
14647,perfect prawn,concern_2_1,p0770,82
14648,perfect prawn,concern_2_1,p0771,85
14649,perfect prawn,concern_2_1,p0777,92
14650,perfect prawn,concern_2_1,p0779,78
14651,perfect prawn,concern_2_1,p0780,65
14652,perfect prawn,concern_2_1,p0783,75
14653,perfect prawn,concern_2_1,p0785,78
14654,perfect prawn,concern_2_1,p0786,75
14655,perfect prawn,concern_2_1,p0794,35
14656,perfect prawn,concern_2_1,p0798,75
14657,perfect prawn,concern_2_1,p0800,78
14658,perfect prawn,concern_2_1,p0820,68
14659,perfect prawn,concern_2_1,p0841,65
14660,perfect prawn,concern_2_1,p0849,75
14661,perfect prawn,concern_2_1,p0862,85
14662,perfect prawn,concern_2_1,p0867,85
14663,perfect prawn,concern_2_1,p0869,78
14664,perfect prawn,concern_2_1,p0872,85
14665,perfect prawn,concern_2_1,p0880,78
14666,perfect prawn,concern_2_1,p0891,75
14667,perfect prawn,concern_2_1,p0916,85
14668,perfect prawn,concern_2_1,p0917,78
14669,perfect prawn,concern_2_1,p0919,85
14670,perfect prawn,concern_2_1,p0922,75
14671,perfect prawn,concern_2_1,p0925,78
14672,perfect prawn,concern_2_1,p0927,85
14673,perfect prawn,concern_2_1,p0929,75
14674,perfect prawn,concern_2_1,p0930,75
14675,perfect prawn,concern_2_1,p0931,65
14676,perfect prawn,concern_2_1,p0933,75
14677,perfect prawn,concern_2_1,p0934,65
14678,perfect prawn,concern_2_1,p0936,78
14679,perfect prawn,concern_2_1,p0938,78
14680,perfect prawn,concern_2_1,p0939,75
14681,perfect prawn,concern_2_1,p0946,75
14682,perfect prawn,concern_2_1,p0951,78
14683,perfect prawn,concern_2_1,p0956,78
14684,perfect prawn,concern_2_1,p0962,75
14685,perfect prawn,concern_2_1,p0963,85
14686,perfect prawn,concern_2_1,p0969,75
14687,perfect prawn,concern_2_1,p0972,72
14688,perfect prawn,concern_2_1,p0975,75
14689,perfect prawn,concern_2_1,p0985,65
14690,perfect prawn,concern_2_1,p0993,85
14691,perfect prawn,concern_2_1,p0996,68
14692,perfect prawn,concern_2_1,p1011,68
14693,perfect prawn,concern_2_1,p1017,65
14694,perfect prawn,concern_2_1,p1020,78
14695,perfect prawn,concern_2_1,p1022,85
14696,perfect prawn,concern_2_1,p1024,45
14697,perfect prawn,concern_2_1,p1027,85
14698,perfect prawn,concern_2_1,p1028,92
14699,perfect prawn,concern_2_1,p1029,68
14700,perfect prawn,concern_2_1,p1032,78
14701,perfect prawn,concern_2_1,p1040,85
14702,perfect prawn,concern_2_1,p1047,75
14703,perfect prawn,concern_2_1,p1048,68
14704,perfect prawn,concern_2_1,p1053,75
14705,perfect prawn,concern_2_1,p1057,75
14706,perfect prawn,concern_2_1,p1058,75
14707,perfect prawn,concern_2_1,p1063,75
14708,perfect prawn,concern_2_1,p1064,85
14709,perfect prawn,concern_2_1,p1065,65
14710,perfect prawn,concern_2_1,p1069,75
14711,perfect prawn,concern_2_1,p1072,78
14712,perfect prawn,concern_2_1,p1073,78
14713,perfect prawn,concern_2_1,p1075,78
14714,perfect prawn,concern_2_1,p1076,75
14715,perfect prawn,concern_2_1,p1083,75
14716,perfect prawn,concern_2_1,p1089,85
14717,perfect prawn,concern_2_1,p1093,78
14718,perfect prawn,concern_2_1,p1096,78
14719,perfect prawn,concern_2_1,p1100,85
14720,perfect prawn,concern_2_1,p1106,85
14721,perfect prawn,concern_2_1,p1107,65
14722,perfect prawn,concern_2_1,p1113,75
14723,perfect prawn,concern_2_1,p1117,35
14724,perfect prawn,concern_2_1,p1120,78
14725,perfect prawn,concern_2_1,p1134,78
14726,perfect prawn,concern_2_1,p1136,65
14727,perfect prawn,concern_2_1,p1138,78
14728,perfect prawn,concern_2_1,p1144,75
14729,perfect prawn,concern_2_1,p1145,88
14730,perfect prawn,concern_2_1,p1147,92
14731,perfect prawn,concern_2_1,p1148,85
14732,perfect prawn,concern_2_1,p1154,85
14733,perfect prawn,concern_2_1,p1159,75
14734,perfect prawn,concern_2_1,p1167,85
14735,perfect prawn,concern_2_1,p1175,78
14736,perfect prawn,concern_2_1,p1178,75
14737,perfect prawn,concern_2_1,p1184,78
14738,perfect prawn,concern_2_1,p1186,85
14739,perfect prawn,concern_2_1,p1196,75
14740,perfect prawn,concern_2_1,p1197,68
14741,perfect prawn,concern_2_1,p1203,78
14742,perfect prawn,concern_2_1,p1219,75
14743,perfect prawn,concern_2_1,p1225,78
14744,perfect prawn,concern_2_1,p1234,75
14745,perfect prawn,concern_2_1,p1242,78
14746,perfect prawn,concern_2_1,p1244,75
14747,perfect prawn,concern_2_1,p1249,75
14748,perfect prawn,concern_2_1,p1250,78
14749,perfect prawn,concern_2_1,p1256,78
14750,perfect prawn,concern_2_1,p1258,85
14751,perfect prawn,concern_2_1,p1260,75
14752,perfect prawn,concern_2_1,p1262,75
14753,perfect prawn,concern_2_1,p1264,75
14754,perfect prawn,concern_2_1,p1265,78
14755,perfect prawn,concern_2_1,p1269,78
14756,perfect prawn,concern_2_1,p1272,75
14757,perfect prawn,concern_2_1,p1278,85
14758,perfect prawn,concern_2_1,p1281,85
14759,perfect prawn,concern_2_1,p1292,75
14760,perfect prawn,concern_2_1,p1299,75
14761,perfect prawn,concern_2_1,p1312,75
14762,perfect prawn,concern_2_1,p1322,75
14763,perfect prawn,concern_2_1,p1326,78
14764,perfect prawn,concern_2_1,p1330,78
14765,perfect prawn,concern_2_1,p1335,78
14766,perfect prawn,concern_2_1,p1337,85
14767,perfect prawn,concern_2_1,p1340,85
14768,perfect prawn,concern_2_1,p1345,78
14769,perfect prawn,concern_2_1,p1351,75
14770,perfect prawn,concern_2_1,p1355,68
14771,perfect prawn,concern_2_1,p1362,65
14772,perfect prawn,concern_2_1,p1365,75
14773,perfect prawn,concern_2_1,p1366,68
14774,perfect prawn,concern_2_1,p1367,68
14775,perfect prawn,concern_2_1,p1370,78
14776,perfect prawn,concern_2_1,p1371,85
14777,perfect prawn,concern_2_1,p1373,75
14778,perfect prawn,concern_2_1,p1375,65
14779,perfect prawn,concern_2_1,p1376,65
14780,perfect prawn,concern_2_1,p1379,78
14781,perfect prawn,concern_2_1,p1381,65
14782,perfect prawn,concern_2_1,p1393,85
14783,perfect prawn,concern_2_1,p1396,92
14784,perfect prawn,concern_2_1,p1398,85
14785,perfect prawn,concern_2_1,p1404,75
14786,perfect prawn,concern_2_1,p1406,75
14787,perfect prawn,concern_2_1,p1407,68
14788,perfect prawn,concern_2_1,p1409,78
14789,perfect prawn,concern_2_1,p1412,75
14790,perfect prawn,concern_2_1,p1414,92
14791,perfect prawn,concern_2_1,p1424,78
14792,perfect prawn,concern_2_1,p1425,75
14793,perfect prawn,concern_2_1,p1429,78
14794,perfect prawn,concern_2_1,p1434,85
14795,perfect prawn,concern_2_1,p1441,75
14796,perfect prawn,concern_2_1,p1445,75
14797,perfect prawn,concern_2_1,p1450,82
14798,perfect prawn,concern_2_1,p1454,85
14799,perfect prawn,concern_2_1,p1456,75
14800,perfect prawn,concern_2_1,p1457,65
14801,perfect prawn,concern_2_1,p1458,92
14802,perfect prawn,concern_2_1,p1469,75
14803,perfect prawn,concern_2_1,p1470,75
14804,perfect prawn,concern_2_1,p1481,75
14805,perfect prawn,concern_2_1,p1488,78
14806,perfect prawn,concern_2_1,p1492,75
14807,perfect prawn,concern_2_1,p1495,78
14808,perfect prawn,concern_2_1,p1497,75
14809,perfect prawn,concern_2_1,p1499,78
14810,perfect prawn,concern_2_1,p1503,75
14811,perfect prawn,concern_2_1,p1511,85
14812,perfect prawn,concern_2_1,p1512,75
14813,perfect prawn,concern_2_1,p1518,78
14814,perfect prawn,concern_2_1,p1519,78
14815,perfect prawn,concern_2_1,p1520,65
14816,perfect prawn,concern_2_1,p1524,75
14817,perfect prawn,concern_2_1,p1526,85
14818,perfect prawn,concern_2_1,p1537,75
14819,perfect prawn,concern_2_1,p1545,78
14820,perfect prawn,concern_2_1,p1547,75
14821,perfect prawn,concern_2_1,p1552,92
14822,perfect prawn,concern_2_1,p1567,75
14823,perfect prawn,concern_2_1,p1568,75
14824,perfect prawn,concern_2_1,p1579,35
14825,perfect prawn,concern_2_1,p1587,45
14826,perfect prawn,concern_2_1,p1596,68
14827,perfect prawn,concern_2_1,p1600,85
14828,perfect prawn,concern_2_1,p1603,78
14829,perfect prawn,concern_2_1,p1604,78
14830,perfect prawn,concern_2_1,p1610,75
14831,perfect prawn,concern_2_1,p1618,75
14832,perfect prawn,concern_2_1,p1619,92
14833,perfect prawn,concern_2_1,p1622,85
14834,perfect prawn,concern_2_1,p1623,35
14835,perfect prawn,concern_2_1,p1630,75
14836,perfect prawn,concern_2_1,p1641,75
14837,perfect prawn,concern_2_1,p1649,65
14838,perfect prawn,concern_2_1,p1652,75
14839,perfect prawn,concern_2_1,p1665,78
14840,perfect prawn,concern_2_1,p1669,75
14841,perfect prawn,concern_2_1,p1685,78
14842,perfect prawn,concern_2_1,p1693,78
14843,perfect prawn,concern_2_1,p1698,78
14844,perfect prawn,concern_2_1,p1704,78
14845,perfect prawn,concern_2_1,p1711,85
14846,perfect prawn,concern_2_1,p1718,65
14847,perfect prawn,concern_2_1,p1732,75
14848,perfect prawn,concern_2_1,p1739,85
14849,perfect prawn,concern_2_1,p1741,85
14850,perfect prawn,concern_2_1,p1746,65
14851,perfect prawn,concern_2_1,p1751,65
14852,perfect prawn,concern_2_1,p1754,75
14853,perfect prawn,concern_2_1,p1769,78
14854,perfect prawn,concern_2_1,p1771,78
14855,perfect prawn,concern_2_1,p1776,75
14856,perfect prawn,concern_2_1,p1780,85
14857,perfect prawn,concern_2_1,p1785,55
14858,perfect prawn,concern_2_1,p1791,85
14859,perfect prawn,concern_2_1,p1793,85
14860,perfect prawn,concern_2_1,p1796,75
14861,perfect prawn,concern_2_1,p1805,78
14862,perfect prawn,concern_2_1,p1812,85
14863,perfect prawn,concern_2_1,p1816,65
14864,perfect prawn,concern_2_1,p1819,85
14865,perfect prawn,concern_2_1,p1825,85
14866,perfect prawn,concern_2_1,p1836,85
14867,perfect prawn,concern_2_1,p1839,78
14868,perfect prawn,concern_2_1,p1861,78
14869,perfect prawn,concern_2_1,p1863,85
14870,perfect prawn,concern_2_1,p1873,78
14871,perfect prawn,concern_2_1,p1875,75
14872,perfect prawn,concern_2_1,p1876,85
14873,perfect prawn,concern_2_1,p1877,85
14874,perfect prawn,concern_2_1,p1880,75
14875,perfect prawn,concern_2_1,p1883,75
14876,perfect prawn,concern_2_1,p1889,35
14877,perfect prawn,concern_2_1,p1893,85
14878,perfect prawn,concern_2_1,p1896,85
14879,perfect prawn,concern_2_1,p1913,78
14880,perfect prawn,concern_2_1,p1922,85
14881,perfect prawn,concern_2_1,p1930,85
14882,perfect prawn,concern_2_1,p1935,78
14883,perfect prawn,concern_2_1,p1940,88
14884,perfect prawn,concern_2_1,p1948,65
14885,perfect prawn,concern_2_1,p1950,75
14886,perfect prawn,concern_2_1,p1954,75
14887,perfect prawn,concern_2_1,p1956,45
14888,perfect prawn,concern_2_1,p1958,75
14889,perfect prawn,concern_2_1,p1967,82
14890,perfect prawn,concern_2_1,p1973,95
14891,perfect prawn,concern_2_1,p1978,78
14892,perfect prawn,concern_2_1,p1983,75
14893,perfect prawn,concern_2_1,p1984,65
14894,perfect prawn,concern_2_1,p1995,75
14895,perfect prawn,concern_2_1,p1996,78
14896,perfect prawn,concern_2_1,p1997,78
14897,perfect prawn,concern_2_1,p2001,78
14898,perfect prawn,concern_2_1,p2002,75
14899,perfect prawn,concern_2_1,p2013,92
14900,perfect prawn,concern_2_1,p2014,68
14901,perfect prawn,concern_2_1,p2016,85
14902,perfect prawn,concern_2_1,p2018,65
14903,perfect prawn,concern_2_1,p2023,85
14904,perfect prawn,concern_2_1,p2025,85
14905,perfect prawn,concern_2_1,p2028,75
14906,perfect prawn,concern_2_1,p2030,78
14907,perfect prawn,concern_2_1,p2033,78
14908,perfect prawn,concern_2_1,p2040,65
14909,perfect prawn,concern_2_1,p2051,75
14910,perfect prawn,concern_2_1,p2052,78
14911,perfect prawn,concern_2_1,p2066,65
14912,perfect prawn,concern_2_1,p2067,85
14913,perfect prawn,concern_2_1,p2073,85
14914,perfect prawn,concern_2_1,p2077,78
14915,perfect prawn,concern_2_1,p2078,78
14916,perfect prawn,concern_2_1,p2086,78
14917,perfect prawn,concern_2_1,p2089,85
14918,perfect prawn,concern_2_1,p2093,35
14919,perfect prawn,concern_2_1,p2094,78
14920,perfect prawn,concern_2_1,p2111,75
14921,perfect prawn,concern_2_1,p2117,85
14922,perfect prawn,concern_2_1,p2121,78
14923,perfect prawn,concern_2_1,p2127,78
14924,perfect prawn,concern_2_1,p2141,85
14925,perfect prawn,concern_2_1,p2142,45
14926,perfect prawn,concern_2_1,p2143,85
14927,perfect prawn,concern_2_1,p2153,75
14928,perfect prawn,concern_2_1,p2155,65
14929,perfect prawn,concern_2_1,p2169,65
14930,perfect prawn,concern_2_1,p2187,78
14931,perfect prawn,concern_2_1,p2188,85
14932,perfect prawn,concern_2_1,p2197,78
14933,perfect prawn,concern_2_1,p2213,75
14934,perfect prawn,concern_2_1,p2214,75
14935,perfect prawn,concern_2_1,p2215,85
14936,perfect prawn,concern_2_1,p2220,75
14937,perfect prawn,concern_2_1,p2223,75
14938,perfect prawn,concern_2_1,p2229,75
14939,perfect prawn,concern_2_1,p2234,85
14940,perfect prawn,concern_2_1,p2237,85
14941,perfect prawn,concern_2_1,p2238,85
14942,perfect prawn,concern_2_1,p2244,85
14943,perfect prawn,concern_2_1,p2248,75
14944,perfect prawn,concern_2_1,p2252,85
14945,perfect prawn,concern_2_1,p2255,35
14946,perfect prawn,concern_2_1,p2261,35
14947,perfect prawn,concern_2_1,p2263,78
14948,perfect prawn,concern_2_1,p2273,78
14949,perfect prawn,concern_2_1,p2275,78
14950,perfect prawn,concern_2_1,p2276,75
14951,perfect prawn,concern_2_1,p2283,55
14952,perfect prawn,concern_2_1,p2287,78
14953,perfect prawn,concern_2_1,p2296,65
14954,perfect prawn,concern_2_1,p2298,75
14955,perfect prawn,concern_2_1,p2304,85
14956,perfect prawn,concern_2_1,p2310,65
14957,perfect prawn,concern_2_1,p2322,65
14958,perfect prawn,concern_2_1,p2326,85
14959,perfect prawn,concern_2_1,p2330,75
14960,perfect prawn,concern_2_1,p2331,75
14961,perfect prawn,concern_2_1,p2333,75
14962,perfect prawn,concern_2_1,p2347,85
14963,perfect prawn,concern_2_1,p2350,75
14964,perfect prawn,concern_2_1,p2351,75
14965,perfect prawn,concern_2_1,p2353,78
14966,perfect prawn,concern_2_1,p2355,75
14967,perfect prawn,concern_2_1,p2363,65
14968,perfect prawn,concern_2_1,p2378,85
14969,perfect prawn,concern_2_1,p2380,85
14970,perfect prawn,concern_2_1,p2387,75
14971,perfect prawn,concern_2_1,p2398,75
14972,perfect prawn,concern_2_1,p2400,78
14973,perfect prawn,concern_2_1,p2403,85
14974,perfect prawn,concern_2_1,p2408,55
14975,perfect prawn,concern_2_1,p2418,78
14976,perfect prawn,concern_2_1,p2426,85
14977,perfect prawn,concern_2_1,p2428,65
14978,perfect prawn,concern_2_1,p2434,85
14979,perfect prawn,concern_2_1,p2446,68
14980,perfect prawn,concern_2_1,p2452,75
14981,perfect prawn,concern_2_1,p2454,68
14982,perfect prawn,concern_2_1,p2462,78
14983,perfect prawn,concern_2_1,p2467,35
14984,perfect prawn,concern_2_1,p2482,78
14985,perfect prawn,concern_2_1,p2489,75
14986,perfect prawn,concern_2_1,p2490,75
14987,perfect prawn,concern_2_1,p2494,65
14988,perfect prawn,concern_2_1,p2502,78
14989,perfect prawn,concern_2_1,p2503,78
14990,perfect prawn,concern_2_1,p2522,85
14991,perfect prawn,concern_2_1,p2524,85
14992,perfect prawn,concern_2_1,p2533,35
14993,perfect prawn,concern_2_1,p2566,75
14994,perfect prawn,concern_2_1,p2571,85
14995,perfect prawn,concern_2_1,p2573,65
14996,perfect prawn,concern_2_1,p2582,78
14997,perfect prawn,concern_2_1,p2591,75
14998,perfect prawn,concern_2_1,p2592,75
14999,perfect prawn,concern_2_1,p2595,55
15000,perfect prawn,concern_3_1,p0016,65
15001,perfect prawn,concern_3_1,p0022,65
15002,perfect prawn,concern_3_1,p0023,75
15003,perfect prawn,concern_3_1,p0026,65
15004,perfect prawn,concern_3_1,p0034,45
15005,perfect prawn,concern_3_1,p0036,45
15006,perfect prawn,concern_3_1,p0037,45
15007,perfect prawn,concern_3_1,p0042,55
15008,perfect prawn,concern_3_1,p0057,55
15009,perfect prawn,concern_3_1,p0066,45
15010,perfect prawn,concern_3_1,p0069,35
15011,perfect prawn,concern_3_1,p0072,65
15012,perfect prawn,concern_3_1,p0073,55
15013,perfect prawn,concern_3_1,p0082,68
15014,perfect prawn,concern_3_1,p0091,75
15015,perfect prawn,concern_3_1,p0092,45
15016,perfect prawn,concern_3_1,p0093,75
15017,perfect prawn,concern_3_1,p0095,65
15018,perfect prawn,concern_3_1,p0107,45
15019,perfect prawn,concern_3_1,p0114,65
15020,perfect prawn,concern_3_1,p0116,45
15021,perfect prawn,concern_3_1,p0118,55
15022,perfect prawn,concern_3_1,p0119,65
15023,perfect prawn,concern_3_1,p0126,45
15024,perfect prawn,concern_3_1,p0129,65
15025,perfect prawn,concern_3_1,p0136,45
15026,perfect prawn,concern_3_1,p0138,45
15027,perfect prawn,concern_3_1,p0144,62
15028,perfect prawn,concern_3_1,p0150,35
15029,perfect prawn,concern_3_1,p0152,45
15030,perfect prawn,concern_3_1,p0158,45
15031,perfect prawn,concern_3_1,p0161,45
15032,perfect prawn,concern_3_1,p0164,35
15033,perfect prawn,concern_3_1,p0175,65
15034,perfect prawn,concern_3_1,p0177,65
15035,perfect prawn,concern_3_1,p0178,65
15036,perfect prawn,concern_3_1,p0181,35
15037,perfect prawn,concern_3_1,p0186,45
15038,perfect prawn,concern_3_1,p0196,45
15039,perfect prawn,concern_3_1,p0198,75
15040,perfect prawn,concern_3_1,p0202,65
15041,perfect prawn,concern_3_1,p0205,45
15042,perfect prawn,concern_3_1,p0207,35
15043,perfect prawn,concern_3_1,p0211,35
15044,perfect prawn,concern_3_1,p0227,65
15045,perfect prawn,concern_3_1,p0229,45
15046,perfect prawn,concern_3_1,p0232,68
15047,perfect prawn,concern_3_1,p0233,35
15048,perfect prawn,concern_3_1,p0237,75
15049,perfect prawn,concern_3_1,p0258,45
15050,perfect prawn,concern_3_1,p0268,25
15051,perfect prawn,concern_3_1,p0274,68
15052,perfect prawn,concern_3_1,p0275,35
15053,perfect prawn,concern_3_1,p0277,45
15054,perfect prawn,concern_3_1,p0288,65
15055,perfect prawn,concern_3_1,p0291,55
15056,perfect prawn,concern_3_1,p0307,35
15057,perfect prawn,concern_3_1,p0308,65
15058,perfect prawn,concern_3_1,p0317,35
15059,perfect prawn,concern_3_1,p0325,68
15060,perfect prawn,concern_3_1,p0327,75
15061,perfect prawn,concern_3_1,p0334,65
15062,perfect prawn,concern_3_1,p0336,68
15063,perfect prawn,concern_3_1,p0338,45
15064,perfect prawn,concern_3_1,p0342,68
15065,perfect prawn,concern_3_1,p0349,45
15066,perfect prawn,concern_3_1,p0356,45
15067,perfect prawn,concern_3_1,p0358,55
15068,perfect prawn,concern_3_1,p0363,68
15069,perfect prawn,concern_3_1,p0364,72
15070,perfect prawn,concern_3_1,p0369,65
15071,perfect prawn,concern_3_1,p0370,45
15072,perfect prawn,concern_3_1,p0371,45
15073,perfect prawn,concern_3_1,p0379,45
15074,perfect prawn,concern_3_1,p0386,65
15075,perfect prawn,concern_3_1,p0396,68
15076,perfect prawn,concern_3_1,p0403,55
15077,perfect prawn,concern_3_1,p0405,75
15078,perfect prawn,concern_3_1,p0412,65
15079,perfect prawn,concern_3_1,p0415,35
15080,perfect prawn,concern_3_1,p0416,55
15081,perfect prawn,concern_3_1,p0417,45
15082,perfect prawn,concern_3_1,p0418,45
15083,perfect prawn,concern_3_1,p0430,65
15084,perfect prawn,concern_3_1,p0431,75
15085,perfect prawn,concern_3_1,p0434,35
15086,perfect prawn,concern_3_1,p0438,68
15087,perfect prawn,concern_3_1,p0441,65
15088,perfect prawn,concern_3_1,p0442,35
15089,perfect prawn,concern_3_1,p0449,45
15090,perfect prawn,concern_3_1,p0450,45
15091,perfect prawn,concern_3_1,p0465,45
15092,perfect prawn,concern_3_1,p0471,45
15093,perfect prawn,concern_3_1,p0477,68
15094,perfect prawn,concern_3_1,p0483,62
15095,perfect prawn,concern_3_1,p0486,65
15096,perfect prawn,concern_3_1,p0487,68
15097,perfect prawn,concern_3_1,p0489,75
15098,perfect prawn,concern_3_1,p0497,65
15099,perfect prawn,concern_3_1,p0502,45
15100,perfect prawn,concern_3_1,p0503,68
15101,perfect prawn,concern_3_1,p0506,45
15102,perfect prawn,concern_3_1,p0511,65
15103,perfect prawn,concern_3_1,p0523,45
15104,perfect prawn,concern_3_1,p0534,65
15105,perfect prawn,concern_3_1,p0536,45
15106,perfect prawn,concern_3_1,p0542,35
15107,perfect prawn,concern_3_1,p0547,65
15108,perfect prawn,concern_3_1,p0553,65
15109,perfect prawn,concern_3_1,p0559,68
15110,perfect prawn,concern_3_1,p0566,55
15111,perfect prawn,concern_3_1,p0568,65
15112,perfect prawn,concern_3_1,p0570,35
15113,perfect prawn,concern_3_1,p0573,65
15114,perfect prawn,concern_3_1,p0578,55
15115,perfect prawn,concern_3_1,p0594,45
15116,perfect prawn,concern_3_1,p0597,45
15117,perfect prawn,concern_3_1,p0601,68
15118,perfect prawn,concern_3_1,p0602,45
15119,perfect prawn,concern_3_1,p0605,45
15120,perfect prawn,concern_3_1,p0615,45
15121,perfect prawn,concern_3_1,p0620,68
15122,perfect prawn,concern_3_1,p0626,45
15123,perfect prawn,concern_3_1,p0629,75
15124,perfect prawn,concern_3_1,p0633,45
15125,perfect prawn,concern_3_1,p0638,65
15126,perfect prawn,concern_3_1,p0639,65
15127,perfect prawn,concern_3_1,p0640,45
15128,perfect prawn,concern_3_1,p0655,68
15129,perfect prawn,concern_3_1,p0656,45
15130,perfect prawn,concern_3_1,p0658,45
15131,perfect prawn,concern_3_1,p0661,45
15132,perfect prawn,concern_3_1,p0669,78
15133,perfect prawn,concern_3_1,p0670,45
15134,perfect prawn,concern_3_1,p0672,45
15135,perfect prawn,concern_3_1,p0674,65
15136,perfect prawn,concern_3_1,p0678,68
15137,perfect prawn,concern_3_1,p0683,65
15138,perfect prawn,concern_3_1,p0686,45
15139,perfect prawn,concern_3_1,p0687,65
15140,perfect prawn,concern_3_1,p0698,45
15141,perfect prawn,concern_3_1,p0700,65
15142,perfect prawn,concern_3_1,p0703,45
15143,perfect prawn,concern_3_1,p0718,65
15144,perfect prawn,concern_3_1,p0744,65
15145,perfect prawn,concern_3_1,p0745,68
15146,perfect prawn,concern_3_1,p0753,45
15147,perfect prawn,concern_3_1,p0770,68
15148,perfect prawn,concern_3_1,p0771,68
15149,perfect prawn,concern_3_1,p0777,75
15150,perfect prawn,concern_3_1,p0779,65
15151,perfect prawn,concern_3_1,p0780,45
15152,perfect prawn,concern_3_1,p0783,45
15153,perfect prawn,concern_3_1,p0785,45
15154,perfect prawn,concern_3_1,p0786,45
15155,perfect prawn,concern_3_1,p0794,35
15156,perfect prawn,concern_3_1,p0798,35
15157,perfect prawn,concern_3_1,p0800,45
15158,perfect prawn,concern_3_1,p0820,35
15159,perfect prawn,concern_3_1,p0841,35
15160,perfect prawn,concern_3_1,p0849,55
15161,perfect prawn,concern_3_1,p0862,65
15162,perfect prawn,concern_3_1,p0867,68
15163,perfect prawn,concern_3_1,p0869,68
15164,perfect prawn,concern_3_1,p0872,68
15165,perfect prawn,concern_3_1,p0880,65
15166,perfect prawn,concern_3_1,p0891,55
15167,perfect prawn,concern_3_1,p0916,65
15168,perfect prawn,concern_3_1,p0917,68
15169,perfect prawn,concern_3_1,p0919,65
15170,perfect prawn,concern_3_1,p0922,35
15171,perfect prawn,concern_3_1,p0925,45
15172,perfect prawn,concern_3_1,p0927,68
15173,perfect prawn,concern_3_1,p0929,45
15174,perfect prawn,concern_3_1,p0930,55
15175,perfect prawn,concern_3_1,p0931,35
15176,perfect prawn,concern_3_1,p0933,45
15177,perfect prawn,concern_3_1,p0934,35
15178,perfect prawn,concern_3_1,p0936,68
15179,perfect prawn,concern_3_1,p0938,65
15180,perfect prawn,concern_3_1,p0939,45
15181,perfect prawn,concern_3_1,p0946,45
15182,perfect prawn,concern_3_1,p0951,55
15183,perfect prawn,concern_3_1,p0956,55
15184,perfect prawn,concern_3_1,p0962,35
15185,perfect prawn,concern_3_1,p0963,68
15186,perfect prawn,concern_3_1,p0969,65
15187,perfect prawn,concern_3_1,p0972,45
15188,perfect prawn,concern_3_1,p0975,45
15189,perfect prawn,concern_3_1,p0985,45
15190,perfect prawn,concern_3_1,p0993,45
15191,perfect prawn,concern_3_1,p0996,45
15192,perfect prawn,concern_3_1,p1011,35
15193,perfect prawn,concern_3_1,p1017,25
15194,perfect prawn,concern_3_1,p1020,45
15195,perfect prawn,concern_3_1,p1022,65
15196,perfect prawn,concern_3_1,p1024,35
15197,perfect prawn,concern_3_1,p1027,65
15198,perfect prawn,concern_3_1,p1028,75
15199,perfect prawn,concern_3_1,p1029,35
15200,perfect prawn,concern_3_1,p1032,45
15201,perfect prawn,concern_3_1,p1040,45
15202,perfect prawn,concern_3_1,p1047,45
15203,perfect prawn,concern_3_1,p1048,45
15204,perfect prawn,concern_3_1,p1053,45
15205,perfect prawn,concern_3_1,p1057,45
15206,perfect prawn,concern_3_1,p1058,45
15207,perfect prawn,concern_3_1,p1063,45
15208,perfect prawn,concern_3_1,p1064,65
15209,perfect prawn,concern_3_1,p1065,45
15210,perfect prawn,concern_3_1,p1069,45
15211,perfect prawn,concern_3_1,p1072,65
15212,perfect prawn,concern_3_1,p1073,58
15213,perfect prawn,concern_3_1,p1075,45
15214,perfect prawn,concern_3_1,p1076,45
15215,perfect prawn,concern_3_1,p1083,45
15216,perfect prawn,concern_3_1,p1089,75
15217,perfect prawn,concern_3_1,p1093,65
15218,perfect prawn,concern_3_1,p1096,65
15219,perfect prawn,concern_3_1,p1100,55
15220,perfect prawn,concern_3_1,p1106,68
15221,perfect prawn,concern_3_1,p1107,35
15222,perfect prawn,concern_3_1,p1113,35
15223,perfect prawn,concern_3_1,p1117,25
15224,perfect prawn,concern_3_1,p1120,45
15225,perfect prawn,concern_3_1,p1134,55
15226,perfect prawn,concern_3_1,p1136,45
15227,perfect prawn,concern_3_1,p1138,45
15228,perfect prawn,concern_3_1,p1144,35
15229,perfect prawn,concern_3_1,p1145,75
15230,perfect prawn,concern_3_1,p1147,75
15231,perfect prawn,concern_3_1,p1148,65
15232,perfect prawn,concern_3_1,p1154,65
15233,perfect prawn,concern_3_1,p1159,65
15234,perfect prawn,concern_3_1,p1167,55
15235,perfect prawn,concern_3_1,p1175,55
15236,perfect prawn,concern_3_1,p1178,45
15237,perfect prawn,concern_3_1,p1184,45
15238,perfect prawn,concern_3_1,p1186,68
15239,perfect prawn,concern_3_1,p1196,45
15240,perfect prawn,concern_3_1,p1197,45
15241,perfect prawn,concern_3_1,p1203,55
15242,perfect prawn,concern_3_1,p1219,45
15243,perfect prawn,concern_3_1,p1225,55
15244,perfect prawn,concern_3_1,p1234,55
15245,perfect prawn,concern_3_1,p1242,65
15246,perfect prawn,concern_3_1,p1244,45
15247,perfect prawn,concern_3_1,p1249,45
15248,perfect prawn,concern_3_1,p1250,45
15249,perfect prawn,concern_3_1,p1256,65
15250,perfect prawn,concern_3_1,p1258,68
15251,perfect prawn,concern_3_1,p1260,45
15252,perfect prawn,concern_3_1,p1262,45
15253,perfect prawn,concern_3_1,p1264,45
15254,perfect prawn,concern_3_1,p1265,65
15255,perfect prawn,concern_3_1,p1269,45
15256,perfect prawn,concern_3_1,p1272,45
15257,perfect prawn,concern_3_1,p1278,68
15258,perfect prawn,concern_3_1,p1281,65
15259,perfect prawn,concern_3_1,p1292,45
15260,perfect prawn,concern_3_1,p1299,45
15261,perfect prawn,concern_3_1,p1312,55
15262,perfect prawn,concern_3_1,p1322,45
15263,perfect prawn,concern_3_1,p1326,45
15264,perfect prawn,concern_3_1,p1330,55
15265,perfect prawn,concern_3_1,p1335,45
15266,perfect prawn,concern_3_1,p1337,65
15267,perfect prawn,concern_3_1,p1340,68
15268,perfect prawn,concern_3_1,p1345,68
15269,perfect prawn,concern_3_1,p1351,45
15270,perfect prawn,concern_3_1,p1355,45
15271,perfect prawn,concern_3_1,p1362,45
15272,perfect prawn,concern_3_1,p1365,35
15273,perfect prawn,concern_3_1,p1366,45
15274,perfect prawn,concern_3_1,p1367,35
15275,perfect prawn,concern_3_1,p1370,45
15276,perfect prawn,concern_3_1,p1371,75
15277,perfect prawn,concern_3_1,p1373,45
15278,perfect prawn,concern_3_1,p1375,45
15279,perfect prawn,concern_3_1,p1376,35
15280,perfect prawn,concern_3_1,p1379,45
15281,perfect prawn,concern_3_1,p1381,45
15282,perfect prawn,concern_3_1,p1393,65
15283,perfect prawn,concern_3_1,p1396,75
15284,perfect prawn,concern_3_1,p1398,68
15285,perfect prawn,concern_3_1,p1404,45
15286,perfect prawn,concern_3_1,p1406,45
15287,perfect prawn,concern_3_1,p1407,45
15288,perfect prawn,concern_3_1,p1409,68
15289,perfect prawn,concern_3_1,p1412,65
15290,perfect prawn,concern_3_1,p1414,75
15291,perfect prawn,concern_3_1,p1424,45
15292,perfect prawn,concern_3_1,p1425,45
15293,perfect prawn,concern_3_1,p1429,45
15294,perfect prawn,concern_3_1,p1434,68
15295,perfect prawn,concern_3_1,p1441,45
15296,perfect prawn,concern_3_1,p1445,45
15297,perfect prawn,concern_3_1,p1450,55
15298,perfect prawn,concern_3_1,p1454,68
15299,perfect prawn,concern_3_1,p1456,45
15300,perfect prawn,concern_3_1,p1457,45
15301,perfect prawn,concern_3_1,p1458,75
15302,perfect prawn,concern_3_1,p1469,55
15303,perfect prawn,concern_3_1,p1470,45
15304,perfect prawn,concern_3_1,p1481,45
15305,perfect prawn,concern_3_1,p1488,45
15306,perfect prawn,concern_3_1,p1492,45
15307,perfect prawn,concern_3_1,p1495,45
15308,perfect prawn,concern_3_1,p1497,45
15309,perfect prawn,concern_3_1,p1499,65
15310,perfect prawn,concern_3_1,p1503,45
15311,perfect prawn,concern_3_1,p1511,68
15312,perfect prawn,concern_3_1,p1512,45
15313,perfect prawn,concern_3_1,p1518,55
15314,perfect prawn,concern_3_1,p1519,45
15315,perfect prawn,concern_3_1,p1520,45
15316,perfect prawn,concern_3_1,p1524,65
15317,perfect prawn,concern_3_1,p1526,65
15318,perfect prawn,concern_3_1,p1537,45
15319,perfect prawn,concern_3_1,p1545,68
15320,perfect prawn,concern_3_1,p1547,65
15321,perfect prawn,concern_3_1,p1552,75
15322,perfect prawn,concern_3_1,p1567,65
15323,perfect prawn,concern_3_1,p1568,45
15324,perfect prawn,concern_3_1,p1579,35
15325,perfect prawn,concern_3_1,p1587,35
15326,perfect prawn,concern_3_1,p1596,45
15327,perfect prawn,concern_3_1,p1600,75
15328,perfect prawn,concern_3_1,p1603,45
15329,perfect prawn,concern_3_1,p1604,45
15330,perfect prawn,concern_3_1,p1610,45
15331,perfect prawn,concern_3_1,p1618,45
15332,perfect prawn,concern_3_1,p1619,75
15333,perfect prawn,concern_3_1,p1622,65
15334,perfect prawn,concern_3_1,p1623,35
15335,perfect prawn,concern_3_1,p1630,35
15336,perfect prawn,concern_3_1,p1641,65
15337,perfect prawn,concern_3_1,p1649,45
15338,perfect prawn,concern_3_1,p1652,45
15339,perfect prawn,concern_3_1,p1665,55
15340,perfect prawn,concern_3_1,p1669,45
15341,perfect prawn,concern_3_1,p1685,65
15342,perfect prawn,concern_3_1,p1693,45
15343,perfect prawn,concern_3_1,p1698,55
15344,perfect prawn,concern_3_1,p1704,55
15345,perfect prawn,concern_3_1,p1711,68
15346,perfect prawn,concern_3_1,p1718,35
15347,perfect prawn,concern_3_1,p1732,45
15348,perfect prawn,concern_3_1,p1739,65
15349,perfect prawn,concern_3_1,p1741,65
15350,perfect prawn,concern_3_1,p1746,45
15351,perfect prawn,concern_3_1,p1751,35
15352,perfect prawn,concern_3_1,p1754,45
15353,perfect prawn,concern_3_1,p1769,45
15354,perfect prawn,concern_3_1,p1771,45
15355,perfect prawn,concern_3_1,p1776,45
15356,perfect prawn,concern_3_1,p1780,68
15357,perfect prawn,concern_3_1,p1785,35
15358,perfect prawn,concern_3_1,p1791,65
15359,perfect prawn,concern_3_1,p1793,65
15360,perfect prawn,concern_3_1,p1796,55
15361,perfect prawn,concern_3_1,p1805,45
15362,perfect prawn,concern_3_1,p1812,75
15363,perfect prawn,concern_3_1,p1816,45
15364,perfect prawn,concern_3_1,p1819,68
15365,perfect prawn,concern_3_1,p1825,75
15366,perfect prawn,concern_3_1,p1836,65
15367,perfect prawn,concern_3_1,p1839,45
15368,perfect prawn,concern_3_1,p1861,65
15369,perfect prawn,concern_3_1,p1863,68
15370,perfect prawn,concern_3_1,p1873,45
15371,perfect prawn,concern_3_1,p1875,45
15372,perfect prawn,concern_3_1,p1876,68
15373,perfect prawn,concern_3_1,p1877,65
15374,perfect prawn,concern_3_1,p1880,45
15375,perfect prawn,concern_3_1,p1883,45
15376,perfect prawn,concern_3_1,p1889,35
15377,perfect prawn,concern_3_1,p1893,68
15378,perfect prawn,concern_3_1,p1896,68
15379,perfect prawn,concern_3_1,p1913,65
15380,perfect prawn,concern_3_1,p1922,75
15381,perfect prawn,concern_3_1,p1930,68
15382,perfect prawn,concern_3_1,p1935,65
15383,perfect prawn,concern_3_1,p1940,75
15384,perfect prawn,concern_3_1,p1948,45
15385,perfect prawn,concern_3_1,p1950,45
15386,perfect prawn,concern_3_1,p1954,45
15387,perfect prawn,concern_3_1,p1956,35
15388,perfect prawn,concern_3_1,p1958,45
15389,perfect prawn,concern_3_1,p1967,68
15390,perfect prawn,concern_3_1,p1973,85
15391,perfect prawn,concern_3_1,p1978,58
15392,perfect prawn,concern_3_1,p1983,45
15393,perfect prawn,concern_3_1,p1984,45
15394,perfect prawn,concern_3_1,p1995,45
15395,perfect prawn,concern_3_1,p1996,45
15396,perfect prawn,concern_3_1,p1997,68
15397,perfect prawn,concern_3_1,p2001,65
15398,perfect prawn,concern_3_1,p2002,35
15399,perfect prawn,concern_3_1,p2013,75
15400,perfect prawn,concern_3_1,p2014,45
15401,perfect prawn,concern_3_1,p2016,68
15402,perfect prawn,concern_3_1,p2018,45
15403,perfect prawn,concern_3_1,p2023,65
15404,perfect prawn,concern_3_1,p2025,65
15405,perfect prawn,concern_3_1,p2028,45
15406,perfect prawn,concern_3_1,p2030,45
15407,perfect prawn,concern_3_1,p2033,68
15408,perfect prawn,concern_3_1,p2040,35
15409,perfect prawn,concern_3_1,p2051,45
15410,perfect prawn,concern_3_1,p2052,55
15411,perfect prawn,concern_3_1,p2066,35
15412,perfect prawn,concern_3_1,p2067,68
15413,perfect prawn,concern_3_1,p2073,75
15414,perfect prawn,concern_3_1,p2077,45
15415,perfect prawn,concern_3_1,p2078,45
15416,perfect prawn,concern_3_1,p2086,68
15417,perfect prawn,concern_3_1,p2089,65
15418,perfect prawn,concern_3_1,p2093,35
15419,perfect prawn,concern_3_1,p2094,68
15420,perfect prawn,concern_3_1,p2111,45
15421,perfect prawn,concern_3_1,p2117,68
15422,perfect prawn,concern_3_1,p2121,45
15423,perfect prawn,concern_3_1,p2127,68
15424,perfect prawn,concern_3_1,p2141,65
15425,perfect prawn,concern_3_1,p2142,35
15426,perfect prawn,concern_3_1,p2143,68
15427,perfect prawn,concern_3_1,p2153,45
15428,perfect prawn,concern_3_1,p2155,45
15429,perfect prawn,concern_3_1,p2169,45
15430,perfect prawn,concern_3_1,p2187,65
15431,perfect prawn,concern_3_1,p2188,68
15432,perfect prawn,concern_3_1,p2197,55
15433,perfect prawn,concern_3_1,p2213,45
15434,perfect prawn,concern_3_1,p2214,55
15435,perfect prawn,concern_3_1,p2215,65
15436,perfect prawn,concern_3_1,p2220,68
15437,perfect prawn,concern_3_1,p2223,45
15438,perfect prawn,concern_3_1,p2229,68
15439,perfect prawn,concern_3_1,p2234,65
15440,perfect prawn,concern_3_1,p2237,75
15441,perfect prawn,concern_3_1,p2238,68
15442,perfect prawn,concern_3_1,p2244,65
15443,perfect prawn,concern_3_1,p2248,45
15444,perfect prawn,concern_3_1,p2252,75
15445,perfect prawn,concern_3_1,p2255,25
15446,perfect prawn,concern_3_1,p2261,35
15447,perfect prawn,concern_3_1,p2263,55
15448,perfect prawn,concern_3_1,p2273,68
15449,perfect prawn,concern_3_1,p2275,65
15450,perfect prawn,concern_3_1,p2276,45
15451,perfect prawn,concern_3_1,p2283,35
15452,perfect prawn,concern_3_1,p2287,45
15453,perfect prawn,concern_3_1,p2296,35
15454,perfect prawn,concern_3_1,p2298,45
15455,perfect prawn,concern_3_1,p2304,68
15456,perfect prawn,concern_3_1,p2310,45
15457,perfect prawn,concern_3_1,p2322,35
15458,perfect prawn,concern_3_1,p2326,65
15459,perfect prawn,concern_3_1,p2330,45
15460,perfect prawn,concern_3_1,p2331,45
15461,perfect prawn,concern_3_1,p2333,45
15462,perfect prawn,concern_3_1,p2347,65
15463,perfect prawn,concern_3_1,p2350,45
15464,perfect prawn,concern_3_1,p2351,55
15465,perfect prawn,concern_3_1,p2353,65
15466,perfect prawn,concern_3_1,p2355,35
15467,perfect prawn,concern_3_1,p2363,35
15468,perfect prawn,concern_3_1,p2378,75
15469,perfect prawn,concern_3_1,p2380,65
15470,perfect prawn,concern_3_1,p2387,65
15471,perfect prawn,concern_3_1,p2398,55
15472,perfect prawn,concern_3_1,p2400,65
15473,perfect prawn,concern_3_1,p2403,75
15474,perfect prawn,concern_3_1,p2408,35
15475,perfect prawn,concern_3_1,p2418,55
15476,perfect prawn,concern_3_1,p2426,65
15477,perfect prawn,concern_3_1,p2428,45
15478,perfect prawn,concern_3_1,p2434,68
15479,perfect prawn,concern_3_1,p2446,35
15480,perfect prawn,concern_3_1,p2452,45
15481,perfect prawn,concern_3_1,p2454,45
15482,perfect prawn,concern_3_1,p2462,65
15483,perfect prawn,concern_3_1,p2467,35
15484,perfect prawn,concern_3_1,p2482,55
15485,perfect prawn,concern_3_1,p2489,45
15486,perfect prawn,concern_3_1,p2490,45
15487,perfect prawn,concern_3_1,p2494,45
15488,perfect prawn,concern_3_1,p2502,68
15489,perfect prawn,concern_3_1,p2503,65
15490,perfect prawn,concern_3_1,p2522,75
15491,perfect prawn,concern_3_1,p2524,75
15492,perfect prawn,concern_3_1,p2533,35
15493,perfect prawn,concern_3_1,p2566,55
15494,perfect prawn,concern_3_1,p2571,65
15495,perfect prawn,concern_3_1,p2573,45
15496,perfect prawn,concern_3_1,p2582,68
15497,perfect prawn,concern_3_1,p2591,35
15498,perfect prawn,concern_3_1,p2592,45
15499,perfect prawn,concern_3_1,p2595,35
15500,perfect prawn,policy_specific_1_1,p0016,45
15501,perfect prawn,policy_specific_1_1,p0022,45
15502,perfect prawn,policy_specific_1_1,p0023,68
15503,perfect prawn,policy_specific_1_1,p0026,55
15504,perfect prawn,policy_specific_1_1,p0034,25
15505,perfect prawn,policy_specific_1_1,p0036,45
15506,perfect prawn,policy_specific_1_1,p0037,45
15507,perfect prawn,policy_specific_1_1,p0042,45
15508,perfect prawn,policy_specific_1_1,p0057,45
15509,perfect prawn,policy_specific_1_1,p0066,25
15510,perfect prawn,policy_specific_1_1,p0069,15
15511,perfect prawn,policy_specific_1_1,p0072,35
15512,perfect prawn,policy_specific_1_1,p0073,45
15513,perfect prawn,policy_specific_1_1,p0082,45
15514,perfect prawn,policy_specific_1_1,p0091,65
15515,perfect prawn,policy_specific_1_1,p0092,45
15516,perfect prawn,policy_specific_1_1,p0093,62
15517,perfect prawn,policy_specific_1_1,p0095,45
15518,perfect prawn,policy_specific_1_1,p0107,45
15519,perfect prawn,policy_specific_1_1,p0114,65
15520,perfect prawn,policy_specific_1_1,p0116,35
15521,perfect prawn,policy_specific_1_1,p0118,45
15522,perfect prawn,policy_specific_1_1,p0119,55
15523,perfect prawn,policy_specific_1_1,p0126,45
15524,perfect prawn,policy_specific_1_1,p0129,68
15525,perfect prawn,policy_specific_1_1,p0136,45
15526,perfect prawn,policy_specific_1_1,p0138,35
15527,perfect prawn,policy_specific_1_1,p0144,55
15528,perfect prawn,policy_specific_1_1,p0150,35
15529,perfect prawn,policy_specific_1_1,p0152,35
15530,perfect prawn,policy_specific_1_1,p0158,35
15531,perfect prawn,policy_specific_1_1,p0161,25
15532,perfect prawn,policy_specific_1_1,p0164,35
15533,perfect prawn,policy_specific_1_1,p0175,55
15534,perfect prawn,policy_specific_1_1,p0177,55
15535,perfect prawn,policy_specific_1_1,p0178,65
15536,perfect prawn,policy_specific_1_1,p0181,25
15537,perfect prawn,policy_specific_1_1,p0186,45
15538,perfect prawn,policy_specific_1_1,p0196,35
15539,perfect prawn,policy_specific_1_1,p0198,65
15540,perfect prawn,policy_specific_1_1,p0202,55
15541,perfect prawn,policy_specific_1_1,p0205,35
15542,perfect prawn,policy_specific_1_1,p0207,35
15543,perfect prawn,policy_specific_1_1,p0211,35
15544,perfect prawn,policy_specific_1_1,p0227,75
15545,perfect prawn,policy_specific_1_1,p0229,55
15546,perfect prawn,policy_specific_1_1,p0232,62
15547,perfect prawn,policy_specific_1_1,p0233,35
15548,perfect prawn,policy_specific_1_1,p0237,68
15549,perfect prawn,policy_specific_1_1,p0258,45
15550,perfect prawn,policy_specific_1_1,p0268,35
15551,perfect prawn,policy_specific_1_1,p0274,68
15552,perfect prawn,policy_specific_1_1,p0275,35
15553,perfect prawn,policy_specific_1_1,p0277,45
15554,perfect prawn,policy_specific_1_1,p0288,75
15555,perfect prawn,policy_specific_1_1,p0291,45
15556,perfect prawn,policy_specific_1_1,p0307,35
15557,perfect prawn,policy_specific_1_1,p0308,45
15558,perfect prawn,policy_specific_1_1,p0317,25
15559,perfect prawn,policy_specific_1_1,p0325,68
15560,perfect prawn,policy_specific_1_1,p0327,68
15561,perfect prawn,policy_specific_1_1,p0334,68
15562,perfect prawn,policy_specific_1_1,p0336,62
15563,perfect prawn,policy_specific_1_1,p0338,35
15564,perfect prawn,policy_specific_1_1,p0342,68
15565,perfect prawn,policy_specific_1_1,p0349,35
15566,perfect prawn,policy_specific_1_1,p0356,35
15567,perfect prawn,policy_specific_1_1,p0358,45
15568,perfect prawn,policy_specific_1_1,p0363,55
15569,perfect prawn,policy_specific_1_1,p0364,62
15570,perfect prawn,policy_specific_1_1,p0369,68
15571,perfect prawn,policy_specific_1_1,p0370,35
15572,perfect prawn,policy_specific_1_1,p0371,45
15573,perfect prawn,policy_specific_1_1,p0379,45
15574,perfect prawn,policy_specific_1_1,p0386,65
15575,perfect prawn,policy_specific_1_1,p0396,65
15576,perfect prawn,policy_specific_1_1,p0403,45
15577,perfect prawn,policy_specific_1_1,p0405,65
15578,perfect prawn,policy_specific_1_1,p0412,55
15579,perfect prawn,policy_specific_1_1,p0415,35
15580,perfect prawn,policy_specific_1_1,p0416,45
15581,perfect prawn,policy_specific_1_1,p0417,45
15582,perfect prawn,policy_specific_1_1,p0418,45
15583,perfect prawn,policy_specific_1_1,p0430,55
15584,perfect prawn,policy_specific_1_1,p0431,65
15585,perfect prawn,policy_specific_1_1,p0434,25
15586,perfect prawn,policy_specific_1_1,p0438,35
15587,perfect prawn,policy_specific_1_1,p0441,68
15588,perfect prawn,policy_specific_1_1,p0442,35
15589,perfect prawn,policy_specific_1_1,p0449,45
15590,perfect prawn,policy_specific_1_1,p0450,55
15591,perfect prawn,policy_specific_1_1,p0465,45
15592,perfect prawn,policy_specific_1_1,p0471,45
15593,perfect prawn,policy_specific_1_1,p0477,45
15594,perfect prawn,policy_specific_1_1,p0483,62
15595,perfect prawn,policy_specific_1_1,p0486,25
15596,perfect prawn,policy_specific_1_1,p0487,62
15597,perfect prawn,policy_specific_1_1,p0489,65
15598,perfect prawn,policy_specific_1_1,p0497,15
15599,perfect prawn,policy_specific_1_1,p0502,45
15600,perfect prawn,policy_specific_1_1,p0503,62
15601,perfect prawn,policy_specific_1_1,p0506,45
15602,perfect prawn,policy_specific_1_1,p0511,55
15603,perfect prawn,policy_specific_1_1,p0523,45
15604,perfect prawn,policy_specific_1_1,p0534,45
15605,perfect prawn,policy_specific_1_1,p0536,45
15606,perfect prawn,policy_specific_1_1,p0542,25
15607,perfect prawn,policy_specific_1_1,p0547,45
15608,perfect prawn,policy_specific_1_1,p0553,55
15609,perfect prawn,policy_specific_1_1,p0559,65
15610,perfect prawn,policy_specific_1_1,p0566,45
15611,perfect prawn,policy_specific_1_1,p0568,65
15612,perfect prawn,policy_specific_1_1,p0570,35
15613,perfect prawn,policy_specific_1_1,p0573,45
15614,perfect prawn,policy_specific_1_1,p0578,45
15615,perfect prawn,policy_specific_1_1,p0594,35
15616,perfect prawn,policy_specific_1_1,p0597,45
15617,perfect prawn,policy_specific_1_1,p0601,45
15618,perfect prawn,policy_specific_1_1,p0602,45
15619,perfect prawn,policy_specific_1_1,p0605,45
15620,perfect prawn,policy_specific_1_1,p0615,45
15621,perfect prawn,policy_specific_1_1,p0620,45
15622,perfect prawn,policy_specific_1_1,p0626,45
15623,perfect prawn,policy_specific_1_1,p0629,65
15624,perfect prawn,policy_specific_1_1,p0633,45
15625,perfect prawn,policy_specific_1_1,p0638,55
15626,perfect prawn,policy_specific_1_1,p0639,55
15627,perfect prawn,policy_specific_1_1,p0640,35
15628,perfect prawn,policy_specific_1_1,p0655,25
15629,perfect prawn,policy_specific_1_1,p0656,55
15630,perfect prawn,policy_specific_1_1,p0658,25
15631,perfect prawn,policy_specific_1_1,p0661,45
15632,perfect prawn,policy_specific_1_1,p0669,65
15633,perfect prawn,policy_specific_1_1,p0670,45
15634,perfect prawn,policy_specific_1_1,p0672,35
15635,perfect prawn,policy_specific_1_1,p0674,68
15636,perfect prawn,policy_specific_1_1,p0678,68
15637,perfect prawn,policy_specific_1_1,p0683,45
15638,perfect prawn,policy_specific_1_1,p0686,45
15639,perfect prawn,policy_specific_1_1,p0687,65
15640,perfect prawn,policy_specific_1_1,p0698,45
15641,perfect prawn,policy_specific_1_1,p0700,45
15642,perfect prawn,policy_specific_1_1,p0703,35
15643,perfect prawn,policy_specific_1_1,p0718,45
15644,perfect prawn,policy_specific_1_1,p0744,62
15645,perfect prawn,policy_specific_1_1,p0745,45
15646,perfect prawn,policy_specific_1_1,p0753,45
15647,perfect prawn,policy_specific_1_1,p0770,55
15648,perfect prawn,policy_specific_1_1,p0771,65
15649,perfect prawn,policy_specific_1_1,p0777,65
15650,perfect prawn,policy_specific_1_1,p0779,45
15651,perfect prawn,policy_specific_1_1,p0780,35
15652,perfect prawn,policy_specific_1_1,p0783,45
15653,perfect prawn,policy_specific_1_1,p0785,45
15654,perfect prawn,policy_specific_1_1,p0786,45
15655,perfect prawn,policy_specific_1_1,p0794,25
15656,perfect prawn,policy_specific_1_1,p0798,25
15657,perfect prawn,policy_specific_1_1,p0800,55
15658,perfect prawn,policy_specific_1_1,p0820,35
15659,perfect prawn,policy_specific_1_1,p0841,25
15660,perfect prawn,policy_specific_1_1,p0849,45
15661,perfect prawn,policy_specific_1_1,p0862,75
15662,perfect prawn,policy_specific_1_1,p0867,68
15663,perfect prawn,policy_specific_1_1,p0869,55
15664,perfect prawn,policy_specific_1_1,p0872,45
15665,perfect prawn,policy_specific_1_1,p0880,62
15666,perfect prawn,policy_specific_1_1,p0891,35
15667,perfect prawn,policy_specific_1_1,p0916,55
15668,perfect prawn,policy_specific_1_1,p0917,55
15669,perfect prawn,policy_specific_1_1,p0919,65
15670,perfect prawn,policy_specific_1_1,p0922,35
15671,perfect prawn,policy_specific_1_1,p0925,45
15672,perfect prawn,policy_specific_1_1,p0927,45
15673,perfect prawn,policy_specific_1_1,p0929,45
15674,perfect prawn,policy_specific_1_1,p0930,25
15675,perfect prawn,policy_specific_1_1,p0931,25
15676,perfect prawn,policy_specific_1_1,p0933,45
15677,perfect prawn,policy_specific_1_1,p0934,25
15678,perfect prawn,policy_specific_1_1,p0936,62
15679,perfect prawn,policy_specific_1_1,p0938,45
15680,perfect prawn,policy_specific_1_1,p0939,45
15681,perfect prawn,policy_specific_1_1,p0946,45
15682,perfect prawn,policy_specific_1_1,p0951,55
15683,perfect prawn,policy_specific_1_1,p0956,45
15684,perfect prawn,policy_specific_1_1,p0962,25
15685,perfect prawn,policy_specific_1_1,p0963,62
15686,perfect prawn,policy_specific_1_1,p0969,25
15687,perfect prawn,policy_specific_1_1,p0972,45
15688,perfect prawn,policy_specific_1_1,p0975,35
15689,perfect prawn,policy_specific_1_1,p0985,45
15690,perfect prawn,policy_specific_1_1,p0993,65
15691,perfect prawn,policy_specific_1_1,p0996,45
15692,perfect prawn,policy_specific_1_1,p1011,35
15693,perfect prawn,policy_specific_1_1,p1017,25
15694,perfect prawn,policy_specific_1_1,p1020,35
15695,perfect prawn,policy_specific_1_1,p1022,62
15696,perfect prawn,policy_specific_1_1,p1024,25
15697,perfect prawn,policy_specific_1_1,p1027,75
15698,perfect prawn,policy_specific_1_1,p1028,75
15699,perfect prawn,policy_specific_1_1,p1029,35
15700,perfect prawn,policy_specific_1_1,p1032,45
15701,perfect prawn,policy_specific_1_1,p1040,65
15702,perfect prawn,policy_specific_1_1,p1047,45
15703,perfect prawn,policy_specific_1_1,p1048,35
15704,perfect prawn,policy_specific_1_1,p1053,45
15705,perfect prawn,policy_specific_1_1,p1057,35
15706,perfect prawn,policy_specific_1_1,p1058,35
15707,perfect prawn,policy_specific_1_1,p1063,35
15708,perfect prawn,policy_specific_1_1,p1064,45
15709,perfect prawn,policy_specific_1_1,p1065,35
15710,perfect prawn,policy_specific_1_1,p1069,35
15711,perfect prawn,policy_specific_1_1,p1072,55
15712,perfect prawn,policy_specific_1_1,p1073,65
15713,perfect prawn,policy_specific_1_1,p1075,45
15714,perfect prawn,policy_specific_1_1,p1076,45
15715,perfect prawn,policy_specific_1_1,p1083,45
15716,perfect prawn,policy_specific_1_1,p1089,65
15717,perfect prawn,policy_specific_1_1,p1093,55
15718,perfect prawn,policy_specific_1_1,p1096,55
15719,perfect prawn,policy_specific_1_1,p1100,35
15720,perfect prawn,policy_specific_1_1,p1106,68
15721,perfect prawn,policy_specific_1_1,p1107,35
15722,perfect prawn,policy_specific_1_1,p1113,35
15723,perfect prawn,policy_specific_1_1,p1117,25
15724,perfect prawn,policy_specific_1_1,p1120,45
15725,perfect prawn,policy_specific_1_1,p1134,45
15726,perfect prawn,policy_specific_1_1,p1136,35
15727,perfect prawn,policy_specific_1_1,p1138,45
15728,perfect prawn,policy_specific_1_1,p1144,35
15729,perfect prawn,policy_specific_1_1,p1145,65
15730,perfect prawn,policy_specific_1_1,p1147,68
15731,perfect prawn,policy_specific_1_1,p1148,65
15732,perfect prawn,policy_specific_1_1,p1154,45
15733,perfect prawn,policy_specific_1_1,p1159,25
15734,perfect prawn,policy_specific_1_1,p1167,62
15735,perfect prawn,policy_specific_1_1,p1175,45
15736,perfect prawn,policy_specific_1_1,p1178,45
15737,perfect prawn,policy_specific_1_1,p1184,45
15738,perfect prawn,policy_specific_1_1,p1186,62
15739,perfect prawn,policy_specific_1_1,p1196,45
15740,perfect prawn,policy_specific_1_1,p1197,45
15741,perfect prawn,policy_specific_1_1,p1203,45
15742,perfect prawn,policy_specific_1_1,p1219,45
15743,perfect prawn,policy_specific_1_1,p1225,45
15744,perfect prawn,policy_specific_1_1,p1234,45
15745,perfect prawn,policy_specific_1_1,p1242,45
15746,perfect prawn,policy_specific_1_1,p1244,35
15747,perfect prawn,policy_specific_1_1,p1249,45
15748,perfect prawn,policy_specific_1_1,p1250,45
15749,perfect prawn,policy_specific_1_1,p1256,55
15750,perfect prawn,policy_specific_1_1,p1258,65
15751,perfect prawn,policy_specific_1_1,p1260,45
15752,perfect prawn,policy_specific_1_1,p1262,25
15753,perfect prawn,policy_specific_1_1,p1264,45
15754,perfect prawn,policy_specific_1_1,p1265,55
15755,perfect prawn,policy_specific_1_1,p1269,45
15756,perfect prawn,policy_specific_1_1,p1272,45
15757,perfect prawn,policy_specific_1_1,p1278,65
15758,perfect prawn,policy_specific_1_1,p1281,62
15759,perfect prawn,policy_specific_1_1,p1292,35
15760,perfect prawn,policy_specific_1_1,p1299,45
15761,perfect prawn,policy_specific_1_1,p1312,45
15762,perfect prawn,policy_specific_1_1,p1322,45
15763,perfect prawn,policy_specific_1_1,p1326,45
15764,perfect prawn,policy_specific_1_1,p1330,45
15765,perfect prawn,policy_specific_1_1,p1335,35
15766,perfect prawn,policy_specific_1_1,p1337,45
15767,perfect prawn,policy_specific_1_1,p1340,45
15768,perfect prawn,policy_specific_1_1,p1345,55
15769,perfect prawn,policy_specific_1_1,p1351,25
15770,perfect prawn,policy_specific_1_1,p1355,45
15771,perfect prawn,policy_specific_1_1,p1362,25
15772,perfect prawn,policy_specific_1_1,p1365,35
15773,perfect prawn,policy_specific_1_1,p1366,45
15774,perfect prawn,policy_specific_1_1,p1367,35
15775,perfect prawn,policy_specific_1_1,p1370,45
15776,perfect prawn,policy_specific_1_1,p1371,35
15777,perfect prawn,policy_specific_1_1,p1373,45
15778,perfect prawn,policy_specific_1_1,p1375,35
15779,perfect prawn,policy_specific_1_1,p1376,25
15780,perfect prawn,policy_specific_1_1,p1379,55
15781,perfect prawn,policy_specific_1_1,p1381,35
15782,perfect prawn,policy_specific_1_1,p1393,45
15783,perfect prawn,policy_specific_1_1,p1396,75
15784,perfect prawn,policy_specific_1_1,p1398,45
15785,perfect prawn,policy_specific_1_1,p1404,35
15786,perfect prawn,policy_specific_1_1,p1406,45
15787,perfect prawn,policy_specific_1_1,p1407,45
15788,perfect prawn,policy_specific_1_1,p1409,45
15789,perfect prawn,policy_specific_1_1,p1412,45
15790,perfect prawn,policy_specific_1_1,p1414,68
15791,perfect prawn,policy_specific_1_1,p1424,35
15792,perfect prawn,policy_specific_1_1,p1425,35
15793,perfect prawn,policy_specific_1_1,p1429,45
15794,perfect prawn,policy_specific_1_1,p1434,45
15795,perfect prawn,policy_specific_1_1,p1441,45
15796,perfect prawn,policy_specific_1_1,p1445,45
15797,perfect prawn,policy_specific_1_1,p1450,45
15798,perfect prawn,policy_specific_1_1,p1454,45
15799,perfect prawn,policy_specific_1_1,p1456,35
15800,perfect prawn,policy_specific_1_1,p1457,35
15801,perfect prawn,policy_specific_1_1,p1458,65
15802,perfect prawn,policy_specific_1_1,p1469,45
15803,perfect prawn,policy_specific_1_1,p1470,25
15804,perfect prawn,policy_specific_1_1,p1481,65
15805,perfect prawn,policy_specific_1_1,p1488,35
15806,perfect prawn,policy_specific_1_1,p1492,45
15807,perfect prawn,policy_specific_1_1,p1495,35
15808,perfect prawn,policy_specific_1_1,p1497,45
15809,perfect prawn,policy_specific_1_1,p1499,55
15810,perfect prawn,policy_specific_1_1,p1503,45
15811,perfect prawn,policy_specific_1_1,p1511,45
15812,perfect prawn,policy_specific_1_1,p1512,45
15813,perfect prawn,policy_specific_1_1,p1518,45
15814,perfect prawn,policy_specific_1_1,p1519,45
15815,perfect prawn,policy_specific_1_1,p1520,35
15816,perfect prawn,policy_specific_1_1,p1524,55
15817,perfect prawn,policy_specific_1_1,p1526,25
15818,perfect prawn,policy_specific_1_1,p1537,45
15819,perfect prawn,policy_specific_1_1,p1545,45
15820,perfect prawn,policy_specific_1_1,p1547,65
15821,perfect prawn,policy_specific_1_1,p1552,75
15822,perfect prawn,policy_specific_1_1,p1567,45
15823,perfect prawn,policy_specific_1_1,p1568,35
15824,perfect prawn,policy_specific_1_1,p1579,35
15825,perfect prawn,policy_specific_1_1,p1587,35
15826,perfect prawn,policy_specific_1_1,p1596,45
15827,perfect prawn,policy_specific_1_1,p1600,62
15828,perfect prawn,policy_specific_1_1,p1603,55
15829,perfect prawn,policy_specific_1_1,p1604,45
15830,perfect prawn,policy_specific_1_1,p1610,45
15831,perfect prawn,policy_specific_1_1,p1618,25
15832,perfect prawn,policy_specific_1_1,p1619,65
15833,perfect prawn,policy_specific_1_1,p1622,65
15834,perfect prawn,policy_specific_1_1,p1623,25
15835,perfect prawn,policy_specific_1_1,p1630,35
15836,perfect prawn,policy_specific_1_1,p1641,45
15837,perfect prawn,policy_specific_1_1,p1649,45
15838,perfect prawn,policy_specific_1_1,p1652,45
15839,perfect prawn,policy_specific_1_1,p1665,45
15840,perfect prawn,policy_specific_1_1,p1669,25
15841,perfect prawn,policy_specific_1_1,p1685,35
15842,perfect prawn,policy_specific_1_1,p1693,45
15843,perfect prawn,policy_specific_1_1,p1698,62
15844,perfect prawn,policy_specific_1_1,p1704,45
15845,perfect prawn,policy_specific_1_1,p1711,62
15846,perfect prawn,policy_specific_1_1,p1718,35
15847,perfect prawn,policy_specific_1_1,p1732,35
15848,perfect prawn,policy_specific_1_1,p1739,45
15849,perfect prawn,policy_specific_1_1,p1741,55
15850,perfect prawn,policy_specific_1_1,p1746,35
15851,perfect prawn,policy_specific_1_1,p1751,25
15852,perfect prawn,policy_specific_1_1,p1754,25
15853,perfect prawn,policy_specific_1_1,p1769,25
15854,perfect prawn,policy_specific_1_1,p1771,45
15855,perfect prawn,policy_specific_1_1,p1776,45
15856,perfect prawn,policy_specific_1_1,p1780,62
15857,perfect prawn,policy_specific_1_1,p1785,35
15858,perfect prawn,policy_specific_1_1,p1791,45
15859,perfect prawn,policy_specific_1_1,p1793,45
15860,perfect prawn,policy_specific_1_1,p1796,45
15861,perfect prawn,policy_specific_1_1,p1805,45
15862,perfect prawn,policy_specific_1_1,p1812,65
15863,perfect prawn,policy_specific_1_1,p1816,35
15864,perfect prawn,policy_specific_1_1,p1819,45
15865,perfect prawn,policy_specific_1_1,p1825,65
15866,perfect prawn,policy_specific_1_1,p1836,55
15867,perfect prawn,policy_specific_1_1,p1839,35
15868,perfect prawn,policy_specific_1_1,p1861,45
15869,perfect prawn,policy_specific_1_1,p1863,45
15870,perfect prawn,policy_specific_1_1,p1873,45
15871,perfect prawn,policy_specific_1_1,p1875,35
15872,perfect prawn,policy_specific_1_1,p1876,65
15873,perfect prawn,policy_specific_1_1,p1877,45
15874,perfect prawn,policy_specific_1_1,p1880,45
15875,perfect prawn,policy_specific_1_1,p1883,35
15876,perfect prawn,policy_specific_1_1,p1889,25
15877,perfect prawn,policy_specific_1_1,p1893,65
15878,perfect prawn,policy_specific_1_1,p1896,45
15879,perfect prawn,policy_specific_1_1,p1913,45
15880,perfect prawn,policy_specific_1_1,p1922,25
15881,perfect prawn,policy_specific_1_1,p1930,55
15882,perfect prawn,policy_specific_1_1,p1935,35
15883,perfect prawn,policy_specific_1_1,p1940,65
15884,perfect prawn,policy_specific_1_1,p1948,25
15885,perfect prawn,policy_specific_1_1,p1950,45
15886,perfect prawn,policy_specific_1_1,p1954,45
15887,perfect prawn,policy_specific_1_1,p1956,35
15888,perfect prawn,policy_specific_1_1,p1958,55
15889,perfect prawn,policy_specific_1_1,p1967,62
15890,perfect prawn,policy_specific_1_1,p1973,75
15891,perfect prawn,policy_specific_1_1,p1978,45
15892,perfect prawn,policy_specific_1_1,p1983,35
15893,perfect prawn,policy_specific_1_1,p1984,45
15894,perfect prawn,policy_specific_1_1,p1995,45
15895,perfect prawn,policy_specific_1_1,p1996,45
15896,perfect prawn,policy_specific_1_1,p1997,45
15897,perfect prawn,policy_specific_1_1,p2001,55
15898,perfect prawn,policy_specific_1_1,p2002,45
15899,perfect prawn,policy_specific_1_1,p2013,68
15900,perfect prawn,policy_specific_1_1,p2014,45
15901,perfect prawn,policy_specific_1_1,p2016,65
15902,perfect prawn,policy_specific_1_1,p2018,45
15903,perfect prawn,policy_specific_1_1,p2023,65
15904,perfect prawn,policy_specific_1_1,p2025,25
15905,perfect prawn,policy_specific_1_1,p2028,35
15906,perfect prawn,policy_specific_1_1,p2030,55
15907,perfect prawn,policy_specific_1_1,p2033,55
15908,perfect prawn,policy_specific_1_1,p2040,35
15909,perfect prawn,policy_specific_1_1,p2051,35
15910,perfect prawn,policy_specific_1_1,p2052,35
15911,perfect prawn,policy_specific_1_1,p2066,35
15912,perfect prawn,policy_specific_1_1,p2067,55
15913,perfect prawn,policy_specific_1_1,p2073,65
15914,perfect prawn,policy_specific_1_1,p2077,55
15915,perfect prawn,policy_specific_1_1,p2078,45
15916,perfect prawn,policy_specific_1_1,p2086,45
15917,perfect prawn,policy_specific_1_1,p2089,55
15918,perfect prawn,policy_specific_1_1,p2093,25
15919,perfect prawn,policy_specific_1_1,p2094,55
15920,perfect prawn,policy_specific_1_1,p2111,45
15921,perfect prawn,policy_specific_1_1,p2117,45
15922,perfect prawn,policy_specific_1_1,p2121,55
15923,perfect prawn,policy_specific_1_1,p2127,35
15924,perfect prawn,policy_specific_1_1,p2141,45
15925,perfect prawn,policy_specific_1_1,p2142,35
15926,perfect prawn,policy_specific_1_1,p2143,55
15927,perfect prawn,policy_specific_1_1,p2153,35
15928,perfect prawn,policy_specific_1_1,p2155,45
15929,perfect prawn,policy_specific_1_1,p2169,25
15930,perfect prawn,policy_specific_1_1,p2187,55
15931,perfect prawn,policy_specific_1_1,p2188,58
15932,perfect prawn,policy_specific_1_1,p2197,55
15933,perfect prawn,policy_specific_1_1,p2213,45
15934,perfect prawn,policy_specific_1_1,p2214,45
15935,perfect prawn,policy_specific_1_1,p2215,25
15936,perfect prawn,policy_specific_1_1,p2220,55
15937,perfect prawn,policy_specific_1_1,p2223,45
15938,perfect prawn,policy_specific_1_1,p2229,55
15939,perfect prawn,policy_specific_1_1,p2234,65
15940,perfect prawn,policy_specific_1_1,p2237,68
15941,perfect prawn,policy_specific_1_1,p2238,35
15942,perfect prawn,policy_specific_1_1,p2244,65
15943,perfect prawn,policy_specific_1_1,p2248,35
15944,perfect prawn,policy_specific_1_1,p2252,68
15945,perfect prawn,policy_specific_1_1,p2255,15
15946,perfect prawn,policy_specific_1_1,p2261,25
15947,perfect prawn,policy_specific_1_1,p2263,55
15948,perfect prawn,policy_specific_1_1,p2273,35
15949,perfect prawn,policy_specific_1_1,p2275,62
15950,perfect prawn,policy_specific_1_1,p2276,45
15951,perfect prawn,policy_specific_1_1,p2283,35
15952,perfect prawn,policy_specific_1_1,p2287,45
15953,perfect prawn,policy_specific_1_1,p2296,45
15954,perfect prawn,policy_specific_1_1,p2298,55
15955,perfect prawn,policy_specific_1_1,p2304,68
15956,perfect prawn,policy_specific_1_1,p2310,45
15957,perfect prawn,policy_specific_1_1,p2322,35
15958,perfect prawn,policy_specific_1_1,p2326,35
15959,perfect prawn,policy_specific_1_1,p2330,25
15960,perfect prawn,policy_specific_1_1,p2331,25
15961,perfect prawn,policy_specific_1_1,p2333,35
15962,perfect prawn,policy_specific_1_1,p2347,55
15963,perfect prawn,policy_specific_1_1,p2350,45
15964,perfect prawn,policy_specific_1_1,p2351,45
15965,perfect prawn,policy_specific_1_1,p2353,45
15966,perfect prawn,policy_specific_1_1,p2355,35
15967,perfect prawn,policy_specific_1_1,p2363,25
15968,perfect prawn,policy_specific_1_1,p2378,65
15969,perfect prawn,policy_specific_1_1,p2380,75
15970,perfect prawn,policy_specific_1_1,p2387,55
15971,perfect prawn,policy_specific_1_1,p2398,45
15972,perfect prawn,policy_specific_1_1,p2400,65
15973,perfect prawn,policy_specific_1_1,p2403,65
15974,perfect prawn,policy_specific_1_1,p2408,45
15975,perfect prawn,policy_specific_1_1,p2418,45
15976,perfect prawn,policy_specific_1_1,p2426,65
15977,perfect prawn,policy_specific_1_1,p2428,45
15978,perfect prawn,policy_specific_1_1,p2434,55
15979,perfect prawn,policy_specific_1_1,p2446,35
15980,perfect prawn,policy_specific_1_1,p2452,45
15981,perfect prawn,policy_specific_1_1,p2454,35
15982,perfect prawn,policy_specific_1_1,p2462,68
15983,perfect prawn,policy_specific_1_1,p2467,15
15984,perfect prawn,policy_specific_1_1,p2482,55
15985,perfect prawn,policy_specific_1_1,p2489,45
15986,perfect prawn,policy_specific_1_1,p2490,45
15987,perfect prawn,policy_specific_1_1,p2494,45
15988,perfect prawn,policy_specific_1_1,p2502,68
15989,perfect prawn,policy_specific_1_1,p2503,65
15990,perfect prawn,policy_specific_1_1,p2522,45
15991,perfect prawn,policy_specific_1_1,p2524,68
15992,perfect prawn,policy_specific_1_1,p2533,25
15993,perfect prawn,policy_specific_1_1,p2566,65
15994,perfect prawn,policy_specific_1_1,p2571,68
15995,perfect prawn,policy_specific_1_1,p2573,35
15996,perfect prawn,policy_specific_1_1,p2582,45
15997,perfect prawn,policy_specific_1_1,p2591,25
15998,perfect prawn,policy_specific_1_1,p2592,45
15999,perfect prawn,policy_specific_1_1,p2595,35
16000,perfect prawn,policy_specific_2_1,p0016,68
16001,perfect prawn,policy_specific_2_1,p0022,65
16002,perfect prawn,policy_specific_2_1,p0023,75
16003,perfect prawn,policy_specific_2_1,p0026,68
16004,perfect prawn,policy_specific_2_1,p0034,45
16005,perfect prawn,policy_specific_2_1,p0036,65
16006,perfect prawn,policy_specific_2_1,p0037,65
16007,perfect prawn,policy_specific_2_1,p0042,65
16008,perfect prawn,policy_specific_2_1,p0057,68
16009,perfect prawn,policy_specific_2_1,p0066,65
16010,perfect prawn,policy_specific_2_1,p0069,35
16011,perfect prawn,policy_specific_2_1,p0072,45
16012,perfect prawn,policy_specific_2_1,p0073,68
16013,perfect prawn,policy_specific_2_1,p0082,75
16014,perfect prawn,policy_specific_2_1,p0091,75
16015,perfect prawn,policy_specific_2_1,p0092,65
16016,perfect prawn,policy_specific_2_1,p0093,75
16017,perfect prawn,policy_specific_2_1,p0095,68
16018,perfect prawn,policy_specific_2_1,p0107,65
16019,perfect prawn,policy_specific_2_1,p0114,75
16020,perfect prawn,policy_specific_2_1,p0116,65
16021,perfect prawn,policy_specific_2_1,p0118,65
16022,perfect prawn,policy_specific_2_1,p0119,68
16023,perfect prawn,policy_specific_2_1,p0126,68
16024,perfect prawn,policy_specific_2_1,p0129,65
16025,perfect prawn,policy_specific_2_1,p0136,65
16026,perfect prawn,policy_specific_2_1,p0138,62
16027,perfect prawn,policy_specific_2_1,p0144,68
16028,perfect prawn,policy_specific_2_1,p0150,65
16029,perfect prawn,policy_specific_2_1,p0152,55
16030,perfect prawn,policy_specific_2_1,p0158,45
16031,perfect prawn,policy_specific_2_1,p0161,35
16032,perfect prawn,policy_specific_2_1,p0164,65
16033,perfect prawn,policy_specific_2_1,p0175,68
16034,perfect prawn,policy_specific_2_1,p0177,72
16035,perfect prawn,policy_specific_2_1,p0178,75
16036,perfect prawn,policy_specific_2_1,p0181,45
16037,perfect prawn,policy_specific_2_1,p0186,65
16038,perfect prawn,policy_specific_2_1,p0196,65
16039,perfect prawn,policy_specific_2_1,p0198,75
16040,perfect prawn,policy_specific_2_1,p0202,65
16041,perfect prawn,policy_specific_2_1,p0205,68
16042,perfect prawn,policy_specific_2_1,p0207,75
16043,perfect prawn,policy_specific_2_1,p0211,45
16044,perfect prawn,policy_specific_2_1,p0227,75
16045,perfect prawn,policy_specific_2_1,p0229,65
16046,perfect prawn,policy_specific_2_1,p0232,75
16047,perfect prawn,policy_specific_2_1,p0233,65
16048,perfect prawn,policy_specific_2_1,p0237,75
16049,perfect prawn,policy_specific_2_1,p0258,65
16050,perfect prawn,policy_specific_2_1,p0268,45
16051,perfect prawn,policy_specific_2_1,p0274,75
16052,perfect prawn,policy_specific_2_1,p0275,35
16053,perfect prawn,policy_specific_2_1,p0277,65
16054,perfect prawn,policy_specific_2_1,p0288,75
16055,perfect prawn,policy_specific_2_1,p0291,65
16056,perfect prawn,policy_specific_2_1,p0307,65
16057,perfect prawn,policy_specific_2_1,p0308,75
16058,perfect prawn,policy_specific_2_1,p0317,45
16059,perfect prawn,policy_specific_2_1,p0325,75
16060,perfect prawn,policy_specific_2_1,p0327,75
16061,perfect prawn,policy_specific_2_1,p0334,72
16062,perfect prawn,policy_specific_2_1,p0336,75
16063,perfect prawn,policy_specific_2_1,p0338,45
16064,perfect prawn,policy_specific_2_1,p0342,75
16065,perfect prawn,policy_specific_2_1,p0349,65
16066,perfect prawn,policy_specific_2_1,p0356,65
16067,perfect prawn,policy_specific_2_1,p0358,68
16068,perfect prawn,policy_specific_2_1,p0363,68
16069,perfect prawn,policy_specific_2_1,p0364,72
16070,perfect prawn,policy_specific_2_1,p0369,75
16071,perfect prawn,policy_specific_2_1,p0370,55
16072,perfect prawn,policy_specific_2_1,p0371,65
16073,perfect prawn,policy_specific_2_1,p0379,62
16074,perfect prawn,policy_specific_2_1,p0386,75
16075,perfect prawn,policy_specific_2_1,p0396,75
16076,perfect prawn,policy_specific_2_1,p0403,65
16077,perfect prawn,policy_specific_2_1,p0405,75
16078,perfect prawn,policy_specific_2_1,p0412,65
16079,perfect prawn,policy_specific_2_1,p0415,35
16080,perfect prawn,policy_specific_2_1,p0416,68
16081,perfect prawn,policy_specific_2_1,p0417,65
16082,perfect prawn,policy_specific_2_1,p0418,62
16083,perfect prawn,policy_specific_2_1,p0430,75
16084,perfect prawn,policy_specific_2_1,p0431,75
16085,perfect prawn,policy_specific_2_1,p0434,35
16086,perfect prawn,policy_specific_2_1,p0438,75
16087,perfect prawn,policy_specific_2_1,p0441,75
16088,perfect prawn,policy_specific_2_1,p0442,65
16089,perfect prawn,policy_specific_2_1,p0449,65
16090,perfect prawn,policy_specific_2_1,p0450,65
16091,perfect prawn,policy_specific_2_1,p0465,68
16092,perfect prawn,policy_specific_2_1,p0471,65
16093,perfect prawn,policy_specific_2_1,p0477,68
16094,perfect prawn,policy_specific_2_1,p0483,68
16095,perfect prawn,policy_specific_2_1,p0486,65
16096,perfect prawn,policy_specific_2_1,p0487,75
16097,perfect prawn,policy_specific_2_1,p0489,65
16098,perfect prawn,policy_specific_2_1,p0497,45
16099,perfect prawn,policy_specific_2_1,p0502,68
16100,perfect prawn,policy_specific_2_1,p0503,75
16101,perfect prawn,policy_specific_2_1,p0506,65
16102,perfect prawn,policy_specific_2_1,p0511,65
16103,perfect prawn,policy_specific_2_1,p0523,68
16104,perfect prawn,policy_specific_2_1,p0534,65
16105,perfect prawn,policy_specific_2_1,p0536,68
16106,perfect prawn,policy_specific_2_1,p0542,35
16107,perfect prawn,policy_specific_2_1,p0547,65
16108,perfect prawn,policy_specific_2_1,p0553,72
16109,perfect prawn,policy_specific_2_1,p0559,75
16110,perfect prawn,policy_specific_2_1,p0566,68
16111,perfect prawn,policy_specific_2_1,p0568,65
16112,perfect prawn,policy_specific_2_1,p0570,35
16113,perfect prawn,policy_specific_2_1,p0573,65
16114,perfect prawn,policy_specific_2_1,p0578,65
16115,perfect prawn,policy_specific_2_1,p0594,62
16116,perfect prawn,policy_specific_2_1,p0597,65
16117,perfect prawn,policy_specific_2_1,p0601,68
16118,perfect prawn,policy_specific_2_1,p0602,55
16119,perfect prawn,policy_specific_2_1,p0605,65
16120,perfect prawn,policy_specific_2_1,p0615,65
16121,perfect prawn,policy_specific_2_1,p0620,68
16122,perfect prawn,policy_specific_2_1,p0626,65
16123,perfect prawn,policy_specific_2_1,p0629,75
16124,perfect prawn,policy_specific_2_1,p0633,65
16125,perfect prawn,policy_specific_2_1,p0638,68
16126,perfect prawn,policy_specific_2_1,p0639,72
16127,perfect prawn,policy_specific_2_1,p0640,65
16128,perfect prawn,policy_specific_2_1,p0655,45
16129,perfect prawn,policy_specific_2_1,p0656,65
16130,perfect prawn,policy_specific_2_1,p0658,35
16131,perfect prawn,policy_specific_2_1,p0661,65
16132,perfect prawn,policy_specific_2_1,p0669,75
16133,perfect prawn,policy_specific_2_1,p0670,65
16134,perfect prawn,policy_specific_2_1,p0672,45
16135,perfect prawn,policy_specific_2_1,p0674,72
16136,perfect prawn,policy_specific_2_1,p0678,75
16137,perfect prawn,policy_specific_2_1,p0683,65
16138,perfect prawn,policy_specific_2_1,p0686,68
16139,perfect prawn,policy_specific_2_1,p0687,75
16140,perfect prawn,policy_specific_2_1,p0698,65
16141,perfect prawn,policy_specific_2_1,p0700,68
16142,perfect prawn,policy_specific_2_1,p0703,65
16143,perfect prawn,policy_specific_2_1,p0718,75
16144,perfect prawn,policy_specific_2_1,p0744,75
16145,perfect prawn,policy_specific_2_1,p0745,65
16146,perfect prawn,policy_specific_2_1,p0753,55
16147,perfect prawn,policy_specific_2_1,p0770,68
16148,perfect prawn,policy_specific_2_1,p0771,75
16149,perfect prawn,policy_specific_2_1,p0777,75
16150,perfect prawn,policy_specific_2_1,p0779,68
16151,perfect prawn,policy_specific_2_1,p0780,45
16152,perfect prawn,policy_specific_2_1,p0783,62
16153,perfect prawn,policy_specific_2_1,p0785,65
16154,perfect prawn,policy_specific_2_1,p0786,65
16155,perfect prawn,policy_specific_2_1,p0794,35
16156,perfect prawn,policy_specific_2_1,p0798,35
16157,perfect prawn,policy_specific_2_1,p0800,65
16158,perfect prawn,policy_specific_2_1,p0820,45
16159,perfect prawn,policy_specific_2_1,p0841,35
16160,perfect prawn,policy_specific_2_1,p0849,55
16161,perfect prawn,policy_specific_2_1,p0862,75
16162,perfect prawn,policy_specific_2_1,p0867,75
16163,perfect prawn,policy_specific_2_1,p0869,68
16164,perfect prawn,policy_specific_2_1,p0872,75
16165,perfect prawn,policy_specific_2_1,p0880,65
16166,perfect prawn,policy_specific_2_1,p0891,55
16167,perfect prawn,policy_specific_2_1,p0916,72
16168,perfect prawn,policy_specific_2_1,p0917,72
16169,perfect prawn,policy_specific_2_1,p0919,75
16170,perfect prawn,policy_specific_2_1,p0922,65
16171,perfect prawn,policy_specific_2_1,p0925,65
16172,perfect prawn,policy_specific_2_1,p0927,75
16173,perfect prawn,policy_specific_2_1,p0929,65
16174,perfect prawn,policy_specific_2_1,p0930,45
16175,perfect prawn,policy_specific_2_1,p0931,45
16176,perfect prawn,policy_specific_2_1,p0933,65
16177,perfect prawn,policy_specific_2_1,p0934,35
16178,perfect prawn,policy_specific_2_1,p0936,72
16179,perfect prawn,policy_specific_2_1,p0938,68
16180,perfect prawn,policy_specific_2_1,p0939,62
16181,perfect prawn,policy_specific_2_1,p0946,65
16182,perfect prawn,policy_specific_2_1,p0951,65
16183,perfect prawn,policy_specific_2_1,p0956,68
16184,perfect prawn,policy_specific_2_1,p0962,45
16185,perfect prawn,policy_specific_2_1,p0963,75
16186,perfect prawn,policy_specific_2_1,p0969,45
16187,perfect prawn,policy_specific_2_1,p0972,55
16188,perfect prawn,policy_specific_2_1,p0975,65
16189,perfect prawn,policy_specific_2_1,p0985,65
16190,perfect prawn,policy_specific_2_1,p0993,75
16191,perfect prawn,policy_specific_2_1,p0996,65
16192,perfect prawn,policy_specific_2_1,p1011,55
16193,perfect prawn,policy_specific_2_1,p1017,45
16194,perfect prawn,policy_specific_2_1,p1020,45
16195,perfect prawn,policy_specific_2_1,p1022,75
16196,perfect prawn,policy_specific_2_1,p1024,45
16197,perfect prawn,policy_specific_2_1,p1027,75
16198,perfect prawn,policy_specific_2_1,p1028,75
16199,perfect prawn,policy_specific_2_1,p1029,55
16200,perfect prawn,policy_specific_2_1,p1032,65
16201,perfect prawn,policy_specific_2_1,p1040,75
16202,perfect prawn,policy_specific_2_1,p1047,65
16203,perfect prawn,policy_specific_2_1,p1048,45
16204,perfect prawn,policy_specific_2_1,p1053,65
16205,perfect prawn,policy_specific_2_1,p1057,65
16206,perfect prawn,policy_specific_2_1,p1058,65
16207,perfect prawn,policy_specific_2_1,p1063,65
16208,perfect prawn,policy_specific_2_1,p1064,65
16209,perfect prawn,policy_specific_2_1,p1065,45
16210,perfect prawn,policy_specific_2_1,p1069,65
16211,perfect prawn,policy_specific_2_1,p1072,65
16212,perfect prawn,policy_specific_2_1,p1073,68
16213,perfect prawn,policy_specific_2_1,p1075,55
16214,perfect prawn,policy_specific_2_1,p1076,65
16215,perfect prawn,policy_specific_2_1,p1083,62
16216,perfect prawn,policy_specific_2_1,p1089,75
16217,perfect prawn,policy_specific_2_1,p1093,65
16218,perfect prawn,policy_specific_2_1,p1096,72
16219,perfect prawn,policy_specific_2_1,p1100,65
16220,perfect prawn,policy_specific_2_1,p1106,75
16221,perfect prawn,policy_specific_2_1,p1107,65
16222,perfect prawn,policy_specific_2_1,p1113,65
16223,perfect prawn,policy_specific_2_1,p1117,35
16224,perfect prawn,policy_specific_2_1,p1120,68
16225,perfect prawn,policy_specific_2_1,p1134,65
16226,perfect prawn,policy_specific_2_1,p1136,45
16227,perfect prawn,policy_specific_2_1,p1138,65
16228,perfect prawn,policy_specific_2_1,p1144,65
16229,perfect prawn,policy_specific_2_1,p1145,75
16230,perfect prawn,policy_specific_2_1,p1147,75
16231,perfect prawn,policy_specific_2_1,p1148,75
16232,perfect prawn,policy_specific_2_1,p1154,75
16233,perfect prawn,policy_specific_2_1,p1159,65
16234,perfect prawn,policy_specific_2_1,p1167,68
16235,perfect prawn,policy_specific_2_1,p1175,65
16236,perfect prawn,policy_specific_2_1,p1178,65
16237,perfect prawn,policy_specific_2_1,p1184,62
16238,perfect prawn,policy_specific_2_1,p1186,68
16239,perfect prawn,policy_specific_2_1,p1196,65
16240,perfect prawn,policy_specific_2_1,p1197,65
16241,perfect prawn,policy_specific_2_1,p1203,68
16242,perfect prawn,policy_specific_2_1,p1219,65
16243,perfect prawn,policy_specific_2_1,p1225,68
16244,perfect prawn,policy_specific_2_1,p1234,65
16245,perfect prawn,policy_specific_2_1,p1242,65
16246,perfect prawn,policy_specific_2_1,p1244,65
16247,perfect prawn,policy_specific_2_1,p1249,65
16248,perfect prawn,policy_specific_2_1,p1250,65
16249,perfect prawn,policy_specific_2_1,p1256,68
16250,perfect prawn,policy_specific_2_1,p1258,75
16251,perfect prawn,policy_specific_2_1,p1260,65
16252,perfect prawn,policy_specific_2_1,p1262,45
16253,perfect prawn,policy_specific_2_1,p1264,65
16254,perfect prawn,policy_specific_2_1,p1265,72
16255,perfect prawn,policy_specific_2_1,p1269,65
16256,perfect prawn,policy_specific_2_1,p1272,65
16257,perfect prawn,policy_specific_2_1,p1278,75
16258,perfect prawn,policy_specific_2_1,p1281,65
16259,perfect prawn,policy_specific_2_1,p1292,68
16260,perfect prawn,policy_specific_2_1,p1299,65
16261,perfect prawn,policy_specific_2_1,p1312,65
16262,perfect prawn,policy_specific_2_1,p1322,65
16263,perfect prawn,policy_specific_2_1,p1326,68
16264,perfect prawn,policy_specific_2_1,p1330,68
16265,perfect prawn,policy_specific_2_1,p1335,65
16266,perfect prawn,policy_specific_2_1,p1337,75
16267,perfect prawn,policy_specific_2_1,p1340,75
16268,perfect prawn,policy_specific_2_1,p1345,68
16269,perfect prawn,policy_specific_2_1,p1351,45
16270,perfect prawn,policy_specific_2_1,p1355,65
16271,perfect prawn,policy_specific_2_1,p1362,45
16272,perfect prawn,policy_specific_2_1,p1365,68
16273,perfect prawn,policy_specific_2_1,p1366,55
16274,perfect prawn,policy_specific_2_1,p1367,45
16275,perfect prawn,policy_specific_2_1,p1370,65
16276,perfect prawn,policy_specific_2_1,p1371,75
16277,perfect prawn,policy_specific_2_1,p1373,65
16278,perfect prawn,policy_specific_2_1,p1375,45
16279,perfect prawn,policy_specific_2_1,p1376,35
16280,perfect prawn,policy_specific_2_1,p1379,68
16281,perfect prawn,policy_specific_2_1,p1381,65
16282,perfect prawn,policy_specific_2_1,p1393,65
16283,perfect prawn,policy_specific_2_1,p1396,75
16284,perfect prawn,policy_specific_2_1,p1398,68
16285,perfect prawn,policy_specific_2_1,p1404,65
16286,perfect prawn,policy_specific_2_1,p1406,65
16287,perfect prawn,policy_specific_2_1,p1407,62
16288,perfect prawn,policy_specific_2_1,p1409,68
16289,perfect prawn,policy_specific_2_1,p1412,65
16290,perfect prawn,policy_specific_2_1,p1414,75
16291,perfect prawn,policy_specific_2_1,p1424,65
16292,perfect prawn,policy_specific_2_1,p1425,68
16293,perfect prawn,policy_specific_2_1,p1429,65
16294,perfect prawn,policy_specific_2_1,p1434,68
16295,perfect prawn,policy_specific_2_1,p1441,65
16296,perfect prawn,policy_specific_2_1,p1445,65
16297,perfect prawn,policy_specific_2_1,p1450,68
16298,perfect prawn,policy_specific_2_1,p1454,75
16299,perfect prawn,policy_specific_2_1,p1456,65
16300,perfect prawn,policy_specific_2_1,p1457,65
16301,perfect prawn,policy_specific_2_1,p1458,75
16302,perfect prawn,policy_specific_2_1,p1469,65
16303,perfect prawn,policy_specific_2_1,p1470,65
16304,perfect prawn,policy_specific_2_1,p1481,65
16305,perfect prawn,policy_specific_2_1,p1488,65
16306,perfect prawn,policy_specific_2_1,p1492,62
16307,perfect prawn,policy_specific_2_1,p1495,65
16308,perfect prawn,policy_specific_2_1,p1497,65
16309,perfect prawn,policy_specific_2_1,p1499,75
16310,perfect prawn,policy_specific_2_1,p1503,65
16311,perfect prawn,policy_specific_2_1,p1511,75
16312,perfect prawn,policy_specific_2_1,p1512,62
16313,perfect prawn,policy_specific_2_1,p1518,65
16314,perfect prawn,policy_specific_2_1,p1519,65
16315,perfect prawn,policy_specific_2_1,p1520,45
16316,perfect prawn,policy_specific_2_1,p1524,65
16317,perfect prawn,policy_specific_2_1,p1526,45
16318,perfect prawn,policy_specific_2_1,p1537,65
16319,perfect prawn,policy_specific_2_1,p1545,68
16320,perfect prawn,policy_specific_2_1,p1547,65
16321,perfect prawn,policy_specific_2_1,p1552,75
16322,perfect prawn,policy_specific_2_1,p1567,65
16323,perfect prawn,policy_specific_2_1,p1568,68
16324,perfect prawn,policy_specific_2_1,p1579,35
16325,perfect prawn,policy_specific_2_1,p1587,55
16326,perfect prawn,policy_specific_2_1,p1596,65
16327,perfect prawn,policy_specific_2_1,p1600,75
16328,perfect prawn,policy_specific_2_1,p1603,65
16329,perfect prawn,policy_specific_2_1,p1604,65
16330,perfect prawn,policy_specific_2_1,p1610,62
16331,perfect prawn,policy_specific_2_1,p1618,65
16332,perfect prawn,policy_specific_2_1,p1619,75
16333,perfect prawn,policy_specific_2_1,p1622,65
16334,perfect prawn,policy_specific_2_1,p1623,35
16335,perfect prawn,policy_specific_2_1,p1630,45
16336,perfect prawn,policy_specific_2_1,p1641,65
16337,perfect prawn,policy_specific_2_1,p1649,65
16338,perfect prawn,policy_specific_2_1,p1652,62
16339,perfect prawn,policy_specific_2_1,p1665,65
16340,perfect prawn,policy_specific_2_1,p1669,35
16341,perfect prawn,policy_specific_2_1,p1685,65
16342,perfect prawn,policy_specific_2_1,p1693,65
16343,perfect prawn,policy_specific_2_1,p1698,65
16344,perfect prawn,policy_specific_2_1,p1704,65
16345,perfect prawn,policy_specific_2_1,p1711,72
16346,perfect prawn,policy_specific_2_1,p1718,45
16347,perfect prawn,policy_specific_2_1,p1732,65
16348,perfect prawn,policy_specific_2_1,p1739,68
16349,perfect prawn,policy_specific_2_1,p1741,75
16350,perfect prawn,policy_specific_2_1,p1746,65
16351,perfect prawn,policy_specific_2_1,p1751,35
16352,perfect prawn,policy_specific_2_1,p1754,35
16353,perfect prawn,policy_specific_2_1,p1769,35
16354,perfect prawn,policy_specific_2_1,p1771,65
16355,perfect prawn,policy_specific_2_1,p1776,68
16356,perfect prawn,policy_specific_2_1,p1780,75
16357,perfect prawn,policy_specific_2_1,p1785,55
16358,perfect prawn,policy_specific_2_1,p1791,68
16359,perfect prawn,policy_specific_2_1,p1793,65
16360,perfect prawn,policy_specific_2_1,p1796,55
16361,perfect prawn,policy_specific_2_1,p1805,62
16362,perfect prawn,policy_specific_2_1,p1812,75
16363,perfect prawn,policy_specific_2_1,p1816,65
16364,perfect prawn,policy_specific_2_1,p1819,75
16365,perfect prawn,policy_specific_2_1,p1825,75
16366,perfect prawn,policy_specific_2_1,p1836,75
16367,perfect prawn,policy_specific_2_1,p1839,65
16368,perfect prawn,policy_specific_2_1,p1861,75
16369,perfect prawn,policy_specific_2_1,p1863,75
16370,perfect prawn,policy_specific_2_1,p1873,68
16371,perfect prawn,policy_specific_2_1,p1875,65
16372,perfect prawn,policy_specific_2_1,p1876,75
16373,perfect prawn,policy_specific_2_1,p1877,75
16374,perfect prawn,policy_specific_2_1,p1880,65
16375,perfect prawn,policy_specific_2_1,p1883,65
16376,perfect prawn,policy_specific_2_1,p1889,35
16377,perfect prawn,policy_specific_2_1,p1893,75
16378,perfect prawn,policy_specific_2_1,p1896,75
16379,perfect prawn,policy_specific_2_1,p1913,68
16380,perfect prawn,policy_specific_2_1,p1922,35
16381,perfect prawn,policy_specific_2_1,p1930,75
16382,perfect prawn,policy_specific_2_1,p1935,55
16383,perfect prawn,policy_specific_2_1,p1940,75
16384,perfect prawn,policy_specific_2_1,p1948,45
16385,perfect prawn,policy_specific_2_1,p1950,65
16386,perfect prawn,policy_specific_2_1,p1954,62
16387,perfect prawn,policy_specific_2_1,p1956,45
16388,perfect prawn,policy_specific_2_1,p1958,65
16389,perfect prawn,policy_specific_2_1,p1967,75
16390,perfect prawn,policy_specific_2_1,p1973,75
16391,perfect prawn,policy_specific_2_1,p1978,68
16392,perfect prawn,policy_specific_2_1,p1983,62
16393,perfect prawn,policy_specific_2_1,p1984,65
16394,perfect prawn,policy_specific_2_1,p1995,65
16395,perfect prawn,policy_specific_2_1,p1996,65
16396,perfect prawn,policy_specific_2_1,p1997,68
16397,perfect prawn,policy_specific_2_1,p2001,72
16398,perfect prawn,policy_specific_2_1,p2002,65
16399,perfect prawn,policy_specific_2_1,p2013,75
16400,perfect prawn,policy_specific_2_1,p2014,62
16401,perfect prawn,policy_specific_2_1,p2016,75
16402,perfect prawn,policy_specific_2_1,p2018,65
16403,perfect prawn,policy_specific_2_1,p2023,75
16404,perfect prawn,policy_specific_2_1,p2025,35
16405,perfect prawn,policy_specific_2_1,p2028,68
16406,perfect prawn,policy_specific_2_1,p2030,65
16407,perfect prawn,policy_specific_2_1,p2033,68
16408,perfect prawn,policy_specific_2_1,p2040,55
16409,perfect prawn,policy_specific_2_1,p2051,65
16410,perfect prawn,policy_specific_2_1,p2052,68
16411,perfect prawn,policy_specific_2_1,p2066,45
16412,perfect prawn,policy_specific_2_1,p2067,75
16413,perfect prawn,policy_specific_2_1,p2073,75
16414,perfect prawn,policy_specific_2_1,p2077,68
16415,perfect prawn,policy_specific_2_1,p2078,68
16416,perfect prawn,policy_specific_2_1,p2086,75
16417,perfect prawn,policy_specific_2_1,p2089,75
16418,perfect prawn,policy_specific_2_1,p2093,35
16419,perfect prawn,policy_specific_2_1,p2094,75
16420,perfect prawn,policy_specific_2_1,p2111,65
16421,perfect prawn,policy_specific_2_1,p2117,68
16422,perfect prawn,policy_specific_2_1,p2121,65
16423,perfect prawn,policy_specific_2_1,p2127,68
16424,perfect prawn,policy_specific_2_1,p2141,68
16425,perfect prawn,policy_specific_2_1,p2142,55
16426,perfect prawn,policy_specific_2_1,p2143,75
16427,perfect prawn,policy_specific_2_1,p2153,65
16428,perfect prawn,policy_specific_2_1,p2155,65
16429,perfect prawn,policy_specific_2_1,p2169,45
16430,perfect prawn,policy_specific_2_1,p2187,65
16431,perfect prawn,policy_specific_2_1,p2188,75
16432,perfect prawn,policy_specific_2_1,p2197,75
16433,perfect prawn,policy_specific_2_1,p2213,65
16434,perfect prawn,policy_specific_2_1,p2214,65
16435,perfect prawn,policy_specific_2_1,p2215,65
16436,perfect prawn,policy_specific_2_1,p2220,65
16437,perfect prawn,policy_specific_2_1,p2223,68
16438,perfect prawn,policy_specific_2_1,p2229,65
16439,perfect prawn,policy_specific_2_1,p2234,75
16440,perfect prawn,policy_specific_2_1,p2237,75
16441,perfect prawn,policy_specific_2_1,p2238,65
16442,perfect prawn,policy_specific_2_1,p2244,65
16443,perfect prawn,policy_specific_2_1,p2248,65
16444,perfect prawn,policy_specific_2_1,p2252,75
16445,perfect prawn,policy_specific_2_1,p2255,35
16446,perfect prawn,policy_specific_2_1,p2261,45
16447,perfect prawn,policy_specific_2_1,p2263,68
16448,perfect prawn,policy_specific_2_1,p2273,65
16449,perfect prawn,policy_specific_2_1,p2275,65
16450,perfect prawn,policy_specific_2_1,p2276,65
16451,perfect prawn,policy_specific_2_1,p2283,55
16452,perfect prawn,policy_specific_2_1,p2287,65
16453,perfect prawn,policy_specific_2_1,p2296,65
16454,perfect prawn,policy_specific_2_1,p2298,65
16455,perfect prawn,policy_specific_2_1,p2304,75
16456,perfect prawn,policy_specific_2_1,p2310,65
16457,perfect prawn,policy_specific_2_1,p2322,55
16458,perfect prawn,policy_specific_2_1,p2326,65
16459,perfect prawn,policy_specific_2_1,p2330,45
16460,perfect prawn,policy_specific_2_1,p2331,75
16461,perfect prawn,policy_specific_2_1,p2333,65
16462,perfect prawn,policy_specific_2_1,p2347,72
16463,perfect prawn,policy_specific_2_1,p2350,65
16464,perfect prawn,policy_specific_2_1,p2351,65
16465,perfect prawn,policy_specific_2_1,p2353,65
16466,perfect prawn,policy_specific_2_1,p2355,65
16467,perfect prawn,policy_specific_2_1,p2363,45
16468,perfect prawn,policy_specific_2_1,p2378,75
16469,perfect prawn,policy_specific_2_1,p2380,75
16470,perfect prawn,policy_specific_2_1,p2387,65
16471,perfect prawn,policy_specific_2_1,p2398,65
16472,perfect prawn,policy_specific_2_1,p2400,75
16473,perfect prawn,policy_specific_2_1,p2403,75
16474,perfect prawn,policy_specific_2_1,p2408,65
16475,perfect prawn,policy_specific_2_1,p2418,65
16476,perfect prawn,policy_specific_2_1,p2426,75
16477,perfect prawn,policy_specific_2_1,p2428,65
16478,perfect prawn,policy_specific_2_1,p2434,68
16479,perfect prawn,policy_specific_2_1,p2446,55
16480,perfect prawn,policy_specific_2_1,p2452,65
16481,perfect prawn,policy_specific_2_1,p2454,55
16482,perfect prawn,policy_specific_2_1,p2462,65
16483,perfect prawn,policy_specific_2_1,p2467,35
16484,perfect prawn,policy_specific_2_1,p2482,65
16485,perfect prawn,policy_specific_2_1,p2489,65
16486,perfect prawn,policy_specific_2_1,p2490,68
16487,perfect prawn,policy_specific_2_1,p2494,65
16488,perfect prawn,policy_specific_2_1,p2502,75
16489,perfect prawn,policy_specific_2_1,p2503,68
16490,perfect prawn,policy_specific_2_1,p2522,75
16491,perfect prawn,policy_specific_2_1,p2524,75
16492,perfect prawn,policy_specific_2_1,p2533,45
16493,perfect prawn,policy_specific_2_1,p2566,75
16494,perfect prawn,policy_specific_2_1,p2571,75
16495,perfect prawn,policy_specific_2_1,p2573,65
16496,perfect prawn,policy_specific_2_1,p2582,65
16497,perfect prawn,policy_specific_2_1,p2591,65
16498,perfect prawn,policy_specific_2_1,p2592,65
16499,perfect prawn,policy_specific_2_1,p2595,35
16500,perfect prawn,policy_specific_3_1,p0016,85
16501,perfect prawn,policy_specific_3_1,p0022,75
16502,perfect prawn,policy_specific_3_1,p0023,85
16503,perfect prawn,policy_specific_3_1,p0026,82
16504,perfect prawn,policy_specific_3_1,p0034,75
16505,perfect prawn,policy_specific_3_1,p0036,75
16506,perfect prawn,policy_specific_3_1,p0037,78
16507,perfect prawn,policy_specific_3_1,p0042,85
16508,perfect prawn,policy_specific_3_1,p0057,85
16509,perfect prawn,policy_specific_3_1,p0066,88
16510,perfect prawn,policy_specific_3_1,p0069,75
16511,perfect prawn,policy_specific_3_1,p0072,85
16512,perfect prawn,policy_specific_3_1,p0073,85
16513,perfect prawn,policy_specific_3_1,p0082,85
16514,perfect prawn,policy_specific_3_1,p0091,85
16515,perfect prawn,policy_specific_3_1,p0092,75
16516,perfect prawn,policy_specific_3_1,p0093,85
16517,perfect prawn,policy_specific_3_1,p0095,78
16518,perfect prawn,policy_specific_3_1,p0107,78
16519,perfect prawn,policy_specific_3_1,p0114,85
16520,perfect prawn,policy_specific_3_1,p0116,75
16521,perfect prawn,policy_specific_3_1,p0118,75
16522,perfect prawn,policy_specific_3_1,p0119,85
16523,perfect prawn,policy_specific_3_1,p0126,78
16524,perfect prawn,policy_specific_3_1,p0129,85
16525,perfect prawn,policy_specific_3_1,p0136,75
16526,perfect prawn,policy_specific_3_1,p0138,75
16527,perfect prawn,policy_specific_3_1,p0144,78
16528,perfect prawn,policy_specific_3_1,p0150,75
16529,perfect prawn,policy_specific_3_1,p0152,75
16530,perfect prawn,policy_specific_3_1,p0158,75
16531,perfect prawn,policy_specific_3_1,p0161,75
16532,perfect prawn,policy_specific_3_1,p0164,75
16533,perfect prawn,policy_specific_3_1,p0175,75
16534,perfect prawn,policy_specific_3_1,p0177,78
16535,perfect prawn,policy_specific_3_1,p0178,85
16536,perfect prawn,policy_specific_3_1,p0181,65
16537,perfect prawn,policy_specific_3_1,p0186,78
16538,perfect prawn,policy_specific_3_1,p0196,75
16539,perfect prawn,policy_specific_3_1,p0198,88
16540,perfect prawn,policy_specific_3_1,p0202,85
16541,perfect prawn,policy_specific_3_1,p0205,75
16542,perfect prawn,policy_specific_3_1,p0207,75
16543,perfect prawn,policy_specific_3_1,p0211,75
16544,perfect prawn,policy_specific_3_1,p0227,88
16545,perfect prawn,policy_specific_3_1,p0229,75
16546,perfect prawn,policy_specific_3_1,p0232,85
16547,perfect prawn,policy_specific_3_1,p0233,75
16548,perfect prawn,policy_specific_3_1,p0237,85
16549,perfect prawn,policy_specific_3_1,p0258,78
16550,perfect prawn,policy_specific_3_1,p0268,65
16551,perfect prawn,policy_specific_3_1,p0274,85
16552,perfect prawn,policy_specific_3_1,p0275,75
16553,perfect prawn,policy_specific_3_1,p0277,75
16554,perfect prawn,policy_specific_3_1,p0288,92
16555,perfect prawn,policy_specific_3_1,p0291,85
16556,perfect prawn,policy_specific_3_1,p0307,78
16557,perfect prawn,policy_specific_3_1,p0308,85
16558,perfect prawn,policy_specific_3_1,p0317,75
16559,perfect prawn,policy_specific_3_1,p0325,85
16560,perfect prawn,policy_specific_3_1,p0327,85
16561,perfect prawn,policy_specific_3_1,p0334,85
16562,perfect prawn,policy_specific_3_1,p0336,85
16563,perfect prawn,policy_specific_3_1,p0338,65
16564,perfect prawn,policy_specific_3_1,p0342,85
16565,perfect prawn,policy_specific_3_1,p0349,75
16566,perfect prawn,policy_specific_3_1,p0356,75
16567,perfect prawn,policy_specific_3_1,p0358,85
16568,perfect prawn,policy_specific_3_1,p0363,85
16569,perfect prawn,policy_specific_3_1,p0364,85
16570,perfect prawn,policy_specific_3_1,p0369,85
16571,perfect prawn,policy_specific_3_1,p0370,75
16572,perfect prawn,policy_specific_3_1,p0371,75
16573,perfect prawn,policy_specific_3_1,p0379,78
16574,perfect prawn,policy_specific_3_1,p0386,85
16575,perfect prawn,policy_specific_3_1,p0396,85
16576,perfect prawn,policy_specific_3_1,p0403,85
16577,perfect prawn,policy_specific_3_1,p0405,85
16578,perfect prawn,policy_specific_3_1,p0412,85
16579,perfect prawn,policy_specific_3_1,p0415,75
16580,perfect prawn,policy_specific_3_1,p0416,78
16581,perfect prawn,policy_specific_3_1,p0417,75
16582,perfect prawn,policy_specific_3_1,p0418,75
16583,perfect prawn,policy_specific_3_1,p0430,85
16584,perfect prawn,policy_specific_3_1,p0431,85
16585,perfect prawn,policy_specific_3_1,p0434,55
16586,perfect prawn,policy_specific_3_1,p0438,85
16587,perfect prawn,policy_specific_3_1,p0441,85
16588,perfect prawn,policy_specific_3_1,p0442,75
16589,perfect prawn,policy_specific_3_1,p0449,75
16590,perfect prawn,policy_specific_3_1,p0450,85
16591,perfect prawn,policy_specific_3_1,p0465,78
16592,perfect prawn,policy_specific_3_1,p0471,85
16593,perfect prawn,policy_specific_3_1,p0477,85
16594,perfect prawn,policy_specific_3_1,p0483,78
16595,perfect prawn,policy_specific_3_1,p0486,88
16596,perfect prawn,policy_specific_3_1,p0487,85
16597,perfect prawn,policy_specific_3_1,p0489,85
16598,perfect prawn,policy_specific_3_1,p0497,85
16599,perfect prawn,policy_specific_3_1,p0502,78
16600,perfect prawn,policy_specific_3_1,p0503,85
16601,perfect prawn,policy_specific_3_1,p0506,75
16602,perfect prawn,policy_specific_3_1,p0511,85
16603,perfect prawn,policy_specific_3_1,p0523,78
16604,perfect prawn,policy_specific_3_1,p0534,88
16605,perfect prawn,policy_specific_3_1,p0536,85
16606,perfect prawn,policy_specific_3_1,p0542,75
16607,perfect prawn,policy_specific_3_1,p0547,85
16608,perfect prawn,policy_specific_3_1,p0553,82
16609,perfect prawn,policy_specific_3_1,p0559,85
16610,perfect prawn,policy_specific_3_1,p0566,85
16611,perfect prawn,policy_specific_3_1,p0568,85
16612,perfect prawn,policy_specific_3_1,p0570,75
16613,perfect prawn,policy_specific_3_1,p0573,85
16614,perfect prawn,policy_specific_3_1,p0578,75
16615,perfect prawn,policy_specific_3_1,p0594,75
16616,perfect prawn,policy_specific_3_1,p0597,75
16617,perfect prawn,policy_specific_3_1,p0601,85
16618,perfect prawn,policy_specific_3_1,p0602,75
16619,perfect prawn,policy_specific_3_1,p0605,75
16620,perfect prawn,policy_specific_3_1,p0615,75
16621,perfect prawn,policy_specific_3_1,p0620,78
16622,perfect prawn,policy_specific_3_1,p0626,78
16623,perfect prawn,policy_specific_3_1,p0629,88
16624,perfect prawn,policy_specific_3_1,p0633,78
16625,perfect prawn,policy_specific_3_1,p0638,78
16626,perfect prawn,policy_specific_3_1,p0639,78
16627,perfect prawn,policy_specific_3_1,p0640,75
16628,perfect prawn,policy_specific_3_1,p0655,85
16629,perfect prawn,policy_specific_3_1,p0656,78
16630,perfect prawn,policy_specific_3_1,p0658,85
16631,perfect prawn,policy_specific_3_1,p0661,75
16632,perfect prawn,policy_specific_3_1,p0669,88
16633,perfect prawn,policy_specific_3_1,p0670,75
16634,perfect prawn,policy_specific_3_1,p0672,85
16635,perfect prawn,policy_specific_3_1,p0674,82
16636,perfect prawn,policy_specific_3_1,p0678,82
16637,perfect prawn,policy_specific_3_1,p0683,75
16638,perfect prawn,policy_specific_3_1,p0686,78
16639,perfect prawn,policy_specific_3_1,p0687,85
16640,perfect prawn,policy_specific_3_1,p0698,75
16641,perfect prawn,policy_specific_3_1,p0700,78
16642,perfect prawn,policy_specific_3_1,p0703,75
16643,perfect prawn,policy_specific_3_1,p0718,75
16644,perfect prawn,policy_specific_3_1,p0744,85
16645,perfect prawn,policy_specific_3_1,p0745,85
16646,perfect prawn,policy_specific_3_1,p0753,75
16647,perfect prawn,policy_specific_3_1,p0770,85
16648,perfect prawn,policy_specific_3_1,p0771,85
16649,perfect prawn,policy_specific_3_1,p0777,85
16650,perfect prawn,policy_specific_3_1,p0779,78
16651,perfect prawn,policy_specific_3_1,p0780,75
16652,perfect prawn,policy_specific_3_1,p0783,78
16653,perfect prawn,policy_specific_3_1,p0785,75
16654,perfect prawn,policy_specific_3_1,p0786,75
16655,perfect prawn,policy_specific_3_1,p0794,65
16656,perfect prawn,policy_specific_3_1,p0798,75
16657,perfect prawn,policy_specific_3_1,p0800,85
16658,perfect prawn,policy_specific_3_1,p0820,75
16659,perfect prawn,policy_specific_3_1,p0841,75
16660,perfect prawn,policy_specific_3_1,p0849,75
16661,perfect prawn,policy_specific_3_1,p0862,85
16662,perfect prawn,policy_specific_3_1,p0867,85
16663,perfect prawn,policy_specific_3_1,p0869,85
16664,perfect prawn,policy_specific_3_1,p0872,85
16665,perfect prawn,policy_specific_3_1,p0880,85
16666,perfect prawn,policy_specific_3_1,p0891,75
16667,perfect prawn,policy_specific_3_1,p0916,85
16668,perfect prawn,policy_specific_3_1,p0917,88
16669,perfect prawn,policy_specific_3_1,p0919,85
16670,perfect prawn,policy_specific_3_1,p0922,75
16671,perfect prawn,policy_specific_3_1,p0925,75
16672,perfect prawn,policy_specific_3_1,p0927,85
16673,perfect prawn,policy_specific_3_1,p0929,78
16674,perfect prawn,policy_specific_3_1,p0930,85
16675,perfect prawn,policy_specific_3_1,p0931,75
16676,perfect prawn,policy_specific_3_1,p0933,85
16677,perfect prawn,policy_specific_3_1,p0934,75
16678,perfect prawn,policy_specific_3_1,p0936,85
16679,perfect prawn,policy_specific_3_1,p0938,78
16680,perfect prawn,policy_specific_3_1,p0939,75
16681,perfect prawn,policy_specific_3_1,p0946,75
16682,perfect prawn,policy_specific_3_1,p0951,75
16683,perfect prawn,policy_specific_3_1,p0956,85
16684,perfect prawn,policy_specific_3_1,p0962,85
16685,perfect prawn,policy_specific_3_1,p0963,85
16686,perfect prawn,policy_specific_3_1,p0969,75
16687,perfect prawn,policy_specific_3_1,p0972,75
16688,perfect prawn,policy_specific_3_1,p0975,85
16689,perfect prawn,policy_specific_3_1,p0985,75
16690,perfect prawn,policy_specific_3_1,p0993,85
16691,perfect prawn,policy_specific_3_1,p0996,75
16692,perfect prawn,policy_specific_3_1,p1011,75
16693,perfect prawn,policy_specific_3_1,p1017,75
16694,perfect prawn,policy_specific_3_1,p1020,75
16695,perfect prawn,policy_specific_3_1,p1022,85
16696,perfect prawn,policy_specific_3_1,p1024,75
16697,perfect prawn,policy_specific_3_1,p1027,85
16698,perfect prawn,policy_specific_3_1,p1028,85
16699,perfect prawn,policy_specific_3_1,p1029,75
16700,perfect prawn,policy_specific_3_1,p1032,75
16701,perfect prawn,policy_specific_3_1,p1040,85
16702,perfect prawn,policy_specific_3_1,p1047,75
16703,perfect prawn,policy_specific_3_1,p1048,75
16704,perfect prawn,policy_specific_3_1,p1053,78
16705,perfect prawn,policy_specific_3_1,p1057,85
16706,perfect prawn,policy_specific_3_1,p1058,78
16707,perfect prawn,policy_specific_3_1,p1063,75
16708,perfect prawn,policy_specific_3_1,p1064,85
16709,perfect prawn,policy_specific_3_1,p1065,75
16710,perfect prawn,policy_specific_3_1,p1069,75
16711,perfect prawn,policy_specific_3_1,p1072,85
16712,perfect prawn,policy_specific_3_1,p1073,78
16713,perfect prawn,policy_specific_3_1,p1075,75
16714,perfect prawn,policy_specific_3_1,p1076,75
16715,perfect prawn,policy_specific_3_1,p1083,75
16716,perfect prawn,policy_specific_3_1,p1089,85
16717,perfect prawn,policy_specific_3_1,p1093,85
16718,perfect prawn,policy_specific_3_1,p1096,82
16719,perfect prawn,policy_specific_3_1,p1100,85
16720,perfect prawn,policy_specific_3_1,p1106,85
16721,perfect prawn,policy_specific_3_1,p1107,75
16722,perfect prawn,policy_specific_3_1,p1113,85
16723,perfect prawn,policy_specific_3_1,p1117,45
16724,perfect prawn,policy_specific_3_1,p1120,85
16725,perfect prawn,policy_specific_3_1,p1134,75
16726,perfect prawn,policy_specific_3_1,p1136,75
16727,perfect prawn,policy_specific_3_1,p1138,82
16728,perfect prawn,policy_specific_3_1,p1144,85
16729,perfect prawn,policy_specific_3_1,p1145,85
16730,perfect prawn,policy_specific_3_1,p1147,88
16731,perfect prawn,policy_specific_3_1,p1148,85
16732,perfect prawn,policy_specific_3_1,p1154,85
16733,perfect prawn,policy_specific_3_1,p1159,85
16734,perfect prawn,policy_specific_3_1,p1167,85
16735,perfect prawn,policy_specific_3_1,p1175,88
16736,perfect prawn,policy_specific_3_1,p1178,75
16737,perfect prawn,policy_specific_3_1,p1184,75
16738,perfect prawn,policy_specific_3_1,p1186,85
16739,perfect prawn,policy_specific_3_1,p1196,75
16740,perfect prawn,policy_specific_3_1,p1197,78
16741,perfect prawn,policy_specific_3_1,p1203,78
16742,perfect prawn,policy_specific_3_1,p1219,75
16743,perfect prawn,policy_specific_3_1,p1225,75
16744,perfect prawn,policy_specific_3_1,p1234,82
16745,perfect prawn,policy_specific_3_1,p1242,75
16746,perfect prawn,policy_specific_3_1,p1244,85
16747,perfect prawn,policy_specific_3_1,p1249,78
16748,perfect prawn,policy_specific_3_1,p1250,75
16749,perfect prawn,policy_specific_3_1,p1256,78
16750,perfect prawn,policy_specific_3_1,p1258,88
16751,perfect prawn,policy_specific_3_1,p1260,75
16752,perfect prawn,policy_specific_3_1,p1262,75
16753,perfect prawn,policy_specific_3_1,p1264,75
16754,perfect prawn,policy_specific_3_1,p1265,78
16755,perfect prawn,policy_specific_3_1,p1269,75
16756,perfect prawn,policy_specific_3_1,p1272,82
16757,perfect prawn,policy_specific_3_1,p1278,85
16758,perfect prawn,policy_specific_3_1,p1281,85
16759,perfect prawn,policy_specific_3_1,p1292,75
16760,perfect prawn,policy_specific_3_1,p1299,75
16761,perfect prawn,policy_specific_3_1,p1312,75
16762,perfect prawn,policy_specific_3_1,p1322,85
16763,perfect prawn,policy_specific_3_1,p1326,85
16764,perfect prawn,policy_specific_3_1,p1330,75
16765,perfect prawn,policy_specific_3_1,p1335,85
16766,perfect prawn,policy_specific_3_1,p1337,85
16767,perfect prawn,policy_specific_3_1,p1340,85
16768,perfect prawn,policy_specific_3_1,p1345,75
16769,perfect prawn,policy_specific_3_1,p1351,85
16770,perfect prawn,policy_specific_3_1,p1355,75
16771,perfect prawn,policy_specific_3_1,p1362,85
16772,perfect prawn,policy_specific_3_1,p1365,85
16773,perfect prawn,policy_specific_3_1,p1366,78
16774,perfect prawn,policy_specific_3_1,p1367,78
16775,perfect prawn,policy_specific_3_1,p1370,75
16776,perfect prawn,policy_specific_3_1,p1371,85
16777,perfect prawn,policy_specific_3_1,p1373,82
16778,perfect prawn,policy_specific_3_1,p1375,75
16779,perfect prawn,policy_specific_3_1,p1376,75
16780,perfect prawn,policy_specific_3_1,p1379,78
16781,perfect prawn,policy_specific_3_1,p1381,75
16782,perfect prawn,policy_specific_3_1,p1393,85
16783,perfect prawn,policy_specific_3_1,p1396,85
16784,perfect prawn,policy_specific_3_1,p1398,85
16785,perfect prawn,policy_specific_3_1,p1404,85
16786,perfect prawn,policy_specific_3_1,p1406,75
16787,perfect prawn,policy_specific_3_1,p1407,75
16788,perfect prawn,policy_specific_3_1,p1409,85
16789,perfect prawn,policy_specific_3_1,p1412,85
16790,perfect prawn,policy_specific_3_1,p1414,88
16791,perfect prawn,policy_specific_3_1,p1424,75
16792,perfect prawn,policy_specific_3_1,p1425,78
16793,perfect prawn,policy_specific_3_1,p1429,85
16794,perfect prawn,policy_specific_3_1,p1434,85
16795,perfect prawn,policy_specific_3_1,p1441,75
16796,perfect prawn,policy_specific_3_1,p1445,75
16797,perfect prawn,policy_specific_3_1,p1450,85
16798,perfect prawn,policy_specific_3_1,p1454,85
16799,perfect prawn,policy_specific_3_1,p1456,85
16800,perfect prawn,policy_specific_3_1,p1457,75
16801,perfect prawn,policy_specific_3_1,p1458,85
16802,perfect prawn,policy_specific_3_1,p1469,78
16803,perfect prawn,policy_specific_3_1,p1470,85
16804,perfect prawn,policy_specific_3_1,p1481,85
16805,perfect prawn,policy_specific_3_1,p1488,75
16806,perfect prawn,policy_specific_3_1,p1492,75
16807,perfect prawn,policy_specific_3_1,p1495,75
16808,perfect prawn,policy_specific_3_1,p1497,75
16809,perfect prawn,policy_specific_3_1,p1499,78
16810,perfect prawn,policy_specific_3_1,p1503,82
16811,perfect prawn,policy_specific_3_1,p1511,85
16812,perfect prawn,policy_specific_3_1,p1512,75
16813,perfect prawn,policy_specific_3_1,p1518,85
16814,perfect prawn,policy_specific_3_1,p1519,75
16815,perfect prawn,policy_specific_3_1,p1520,75
16816,perfect prawn,policy_specific_3_1,p1524,78
16817,perfect prawn,policy_specific_3_1,p1526,85
16818,perfect prawn,policy_specific_3_1,p1537,75
16819,perfect prawn,policy_specific_3_1,p1545,85
16820,perfect prawn,policy_specific_3_1,p1547,78
16821,perfect prawn,policy_specific_3_1,p1552,85
16822,perfect prawn,policy_specific_3_1,p1567,85
16823,perfect prawn,policy_specific_3_1,p1568,85
16824,perfect prawn,policy_specific_3_1,p1579,45
16825,perfect prawn,policy_specific_3_1,p1587,75
16826,perfect prawn,policy_specific_3_1,p1596,75
16827,perfect prawn,policy_specific_3_1,p1600,85
16828,perfect prawn,policy_specific_3_1,p1603,85
16829,perfect prawn,policy_specific_3_1,p1604,75
16830,perfect prawn,policy_specific_3_1,p1610,75
16831,perfect prawn,policy_specific_3_1,p1618,75
16832,perfect prawn,policy_specific_3_1,p1619,85
16833,perfect prawn,policy_specific_3_1,p1622,78
16834,perfect prawn,policy_specific_3_1,p1623,65
16835,perfect prawn,policy_specific_3_1,p1630,75
16836,perfect prawn,policy_specific_3_1,p1641,85
16837,perfect prawn,policy_specific_3_1,p1649,75
16838,perfect prawn,policy_specific_3_1,p1652,75
16839,perfect prawn,policy_specific_3_1,p1665,75
16840,perfect prawn,policy_specific_3_1,p1669,75
16841,perfect prawn,policy_specific_3_1,p1685,75
16842,perfect prawn,policy_specific_3_1,p1693,75
16843,perfect prawn,policy_specific_3_1,p1698,78
16844,perfect prawn,policy_specific_3_1,p1704,75
16845,perfect prawn,policy_specific_3_1,p1711,88
16846,perfect prawn,policy_specific_3_1,p1718,75
16847,perfect prawn,policy_specific_3_1,p1732,75
16848,perfect prawn,policy_specific_3_1,p1739,75
16849,perfect prawn,policy_specific_3_1,p1741,88
16850,perfect prawn,policy_specific_3_1,p1746,75
16851,perfect prawn,policy_specific_3_1,p1751,75
16852,perfect prawn,policy_specific_3_1,p1754,75
16853,perfect prawn,policy_specific_3_1,p1769,75
16854,perfect prawn,policy_specific_3_1,p1771,75
16855,perfect prawn,policy_specific_3_1,p1776,75
16856,perfect prawn,policy_specific_3_1,p1780,85
16857,perfect prawn,policy_specific_3_1,p1785,75
16858,perfect prawn,policy_specific_3_1,p1791,78
16859,perfect prawn,policy_specific_3_1,p1793,85
16860,perfect prawn,policy_specific_3_1,p1796,75
16861,perfect prawn,policy_specific_3_1,p1805,78
16862,perfect prawn,policy_specific_3_1,p1812,85
16863,perfect prawn,policy_specific_3_1,p1816,75
16864,perfect prawn,policy_specific_3_1,p1819,85
16865,perfect prawn,policy_specific_3_1,p1825,85
16866,perfect prawn,policy_specific_3_1,p1836,85
16867,perfect prawn,policy_specific_3_1,p1839,85
16868,perfect prawn,policy_specific_3_1,p1861,85
16869,perfect prawn,policy_specific_3_1,p1863,85
16870,perfect prawn,policy_specific_3_1,p1873,75
16871,perfect prawn,policy_specific_3_1,p1875,75
16872,perfect prawn,policy_specific_3_1,p1876,85
16873,perfect prawn,policy_specific_3_1,p1877,85
16874,perfect prawn,policy_specific_3_1,p1880,75
16875,perfect prawn,policy_specific_3_1,p1883,75
16876,perfect prawn,policy_specific_3_1,p1889,65
16877,perfect prawn,policy_specific_3_1,p1893,85
16878,perfect prawn,policy_specific_3_1,p1896,85
16879,perfect prawn,policy_specific_3_1,p1913,82
16880,perfect prawn,policy_specific_3_1,p1922,85
16881,perfect prawn,policy_specific_3_1,p1930,85
16882,perfect prawn,policy_specific_3_1,p1935,85
16883,perfect prawn,policy_specific_3_1,p1940,85
16884,perfect prawn,policy_specific_3_1,p1948,75
16885,perfect prawn,policy_specific_3_1,p1950,75
16886,perfect prawn,policy_specific_3_1,p1954,78
16887,perfect prawn,policy_specific_3_1,p1956,75
16888,perfect prawn,policy_specific_3_1,p1958,82
16889,perfect prawn,policy_specific_3_1,p1967,82
16890,perfect prawn,policy_specific_3_1,p1973,92
16891,perfect prawn,policy_specific_3_1,p1978,85
16892,perfect prawn,policy_specific_3_1,p1983,75
16893,perfect prawn,policy_specific_3_1,p1984,75
16894,perfect prawn,policy_specific_3_1,p1995,85
16895,perfect prawn,policy_specific_3_1,p1996,78
16896,perfect prawn,policy_specific_3_1,p1997,85
16897,perfect prawn,policy_specific_3_1,p2001,78
16898,perfect prawn,policy_specific_3_1,p2002,75
16899,perfect prawn,policy_specific_3_1,p2013,85
16900,perfect prawn,policy_specific_3_1,p2014,75
16901,perfect prawn,policy_specific_3_1,p2016,85
16902,perfect prawn,policy_specific_3_1,p2018,75
16903,perfect prawn,policy_specific_3_1,p2023,85
16904,perfect prawn,policy_specific_3_1,p2025,90
16905,perfect prawn,policy_specific_3_1,p2028,75
16906,perfect prawn,policy_specific_3_1,p2030,85
16907,perfect prawn,policy_specific_3_1,p2033,85
16908,perfect prawn,policy_specific_3_1,p2040,75
16909,perfect prawn,policy_specific_3_1,p2051,85
16910,perfect prawn,policy_specific_3_1,p2052,78
16911,perfect prawn,policy_specific_3_1,p2066,75
16912,perfect prawn,policy_specific_3_1,p2067,85
16913,perfect prawn,policy_specific_3_1,p2073,85
16914,perfect prawn,policy_specific_3_1,p2077,78
16915,perfect prawn,policy_specific_3_1,p2078,75
16916,perfect prawn,policy_specific_3_1,p2086,85
16917,perfect prawn,policy_specific_3_1,p2089,85
16918,perfect prawn,policy_specific_3_1,p2093,75
16919,perfect prawn,policy_specific_3_1,p2094,85
16920,perfect prawn,policy_specific_3_1,p2111,75
16921,perfect prawn,policy_specific_3_1,p2117,85
16922,perfect prawn,policy_specific_3_1,p2121,82
16923,perfect prawn,policy_specific_3_1,p2127,85
16924,perfect prawn,policy_specific_3_1,p2141,85
16925,perfect prawn,policy_specific_3_1,p2142,75
16926,perfect prawn,policy_specific_3_1,p2143,85
16927,perfect prawn,policy_specific_3_1,p2153,75
16928,perfect prawn,policy_specific_3_1,p2155,75
16929,perfect prawn,policy_specific_3_1,p2169,75
16930,perfect prawn,policy_specific_3_1,p2187,75
16931,perfect prawn,policy_specific_3_1,p2188,85
16932,perfect prawn,policy_specific_3_1,p2197,85
16933,perfect prawn,policy_specific_3_1,p2213,75
16934,perfect prawn,policy_specific_3_1,p2214,78
16935,perfect prawn,policy_specific_3_1,p2215,85
16936,perfect prawn,policy_specific_3_1,p2220,78
16937,perfect prawn,policy_specific_3_1,p2223,75
16938,perfect prawn,policy_specific_3_1,p2229,78
16939,perfect prawn,policy_specific_3_1,p2234,85
16940,perfect prawn,policy_specific_3_1,p2237,85
16941,perfect prawn,policy_specific_3_1,p2238,85
16942,perfect prawn,policy_specific_3_1,p2244,85
16943,perfect prawn,policy_specific_3_1,p2248,75
16944,perfect prawn,policy_specific_3_1,p2252,85
16945,perfect prawn,policy_specific_3_1,p2255,45
16946,perfect prawn,policy_specific_3_1,p2261,75
16947,perfect prawn,policy_specific_3_1,p2263,85
16948,perfect prawn,policy_specific_3_1,p2273,78
16949,perfect prawn,policy_specific_3_1,p2275,82
16950,perfect prawn,policy_specific_3_1,p2276,75
16951,perfect prawn,policy_specific_3_1,p2283,75
16952,perfect prawn,policy_specific_3_1,p2287,78
16953,perfect prawn,policy_specific_3_1,p2296,75
16954,perfect prawn,policy_specific_3_1,p2298,75
16955,perfect prawn,policy_specific_3_1,p2304,85
16956,perfect prawn,policy_specific_3_1,p2310,75
16957,perfect prawn,policy_specific_3_1,p2322,68
16958,perfect prawn,policy_specific_3_1,p2326,85
16959,perfect prawn,policy_specific_3_1,p2330,75
16960,perfect prawn,policy_specific_3_1,p2331,85
16961,perfect prawn,policy_specific_3_1,p2333,75
16962,perfect prawn,policy_specific_3_1,p2347,85
16963,perfect prawn,policy_specific_3_1,p2350,75
16964,perfect prawn,policy_specific_3_1,p2351,78
16965,perfect prawn,policy_specific_3_1,p2353,78
16966,perfect prawn,policy_specific_3_1,p2355,75
16967,perfect prawn,policy_specific_3_1,p2363,75
16968,perfect prawn,policy_specific_3_1,p2378,85
16969,perfect prawn,policy_specific_3_1,p2380,85
16970,perfect prawn,policy_specific_3_1,p2387,82
16971,perfect prawn,policy_specific_3_1,p2398,78
16972,perfect prawn,policy_specific_3_1,p2400,85
16973,perfect prawn,policy_specific_3_1,p2403,85
16974,perfect prawn,policy_specific_3_1,p2408,75
16975,perfect prawn,policy_specific_3_1,p2418,78
16976,perfect prawn,policy_specific_3_1,p2426,85
16977,perfect prawn,policy_specific_3_1,p2428,75
16978,perfect prawn,policy_specific_3_1,p2434,85
16979,perfect prawn,policy_specific_3_1,p2446,75
16980,perfect prawn,policy_specific_3_1,p2452,75
16981,perfect prawn,policy_specific_3_1,p2454,75
16982,perfect prawn,policy_specific_3_1,p2462,85
16983,perfect prawn,policy_specific_3_1,p2467,65
16984,perfect prawn,policy_specific_3_1,p2482,75
16985,perfect prawn,policy_specific_3_1,p2489,78
16986,perfect prawn,policy_specific_3_1,p2490,75
16987,perfect prawn,policy_specific_3_1,p2494,75
16988,perfect prawn,policy_specific_3_1,p2502,85
16989,perfect prawn,policy_specific_3_1,p2503,78
16990,perfect prawn,policy_specific_3_1,p2522,85
16991,perfect prawn,policy_specific_3_1,p2524,85
16992,perfect prawn,policy_specific_3_1,p2533,75
16993,perfect prawn,policy_specific_3_1,p2566,85
16994,perfect prawn,policy_specific_3_1,p2571,85
16995,perfect prawn,policy_specific_3_1,p2573,75
16996,perfect prawn,policy_specific_3_1,p2582,78
16997,perfect prawn,policy_specific_3_1,p2591,75
16998,perfect prawn,policy_specific_3_1,p2592,78
16999,perfect prawn,policy_specific_3_1,p2595,65
17000,perfect prawn,policy_specific_4_1,p0016,78
17001,perfect prawn,policy_specific_4_1,p0022,75
17002,perfect prawn,policy_specific_4_1,p0023,85
17003,perfect prawn,policy_specific_4_1,p0026,82
17004,perfect prawn,policy_specific_4_1,p0034,75
17005,perfect prawn,policy_specific_4_1,p0036,75
17006,perfect prawn,policy_specific_4_1,p0037,78
17007,perfect prawn,policy_specific_4_1,p0042,78
17008,perfect prawn,policy_specific_4_1,p0057,78
17009,perfect prawn,policy_specific_4_1,p0066,85
17010,perfect prawn,policy_specific_4_1,p0069,75
17011,perfect prawn,policy_specific_4_1,p0072,85
17012,perfect prawn,policy_specific_4_1,p0073,82
17013,perfect prawn,policy_specific_4_1,p0082,85
17014,perfect prawn,policy_specific_4_1,p0091,85
17015,perfect prawn,policy_specific_4_1,p0092,75
17016,perfect prawn,policy_specific_4_1,p0093,85
17017,perfect prawn,policy_specific_4_1,p0095,78
17018,perfect prawn,policy_specific_4_1,p0107,78
17019,perfect prawn,policy_specific_4_1,p0114,85
17020,perfect prawn,policy_specific_4_1,p0116,75
17021,perfect prawn,policy_specific_4_1,p0118,75
17022,perfect prawn,policy_specific_4_1,p0119,78
17023,perfect prawn,policy_specific_4_1,p0126,78
17024,perfect prawn,policy_specific_4_1,p0129,85
17025,perfect prawn,policy_specific_4_1,p0136,75
17026,perfect prawn,policy_specific_4_1,p0138,75
17027,perfect prawn,policy_specific_4_1,p0144,78
17028,perfect prawn,policy_specific_4_1,p0150,75
17029,perfect prawn,policy_specific_4_1,p0152,75
17030,perfect prawn,policy_specific_4_1,p0158,75
17031,perfect prawn,policy_specific_4_1,p0161,75
17032,perfect prawn,policy_specific_4_1,p0164,75
17033,perfect prawn,policy_specific_4_1,p0175,78
17034,perfect prawn,policy_specific_4_1,p0177,78
17035,perfect prawn,policy_specific_4_1,p0178,78
17036,perfect prawn,policy_specific_4_1,p0181,75
17037,perfect prawn,policy_specific_4_1,p0186,75
17038,perfect prawn,policy_specific_4_1,p0196,78
17039,perfect prawn,policy_specific_4_1,p0198,88
17040,perfect prawn,policy_specific_4_1,p0202,85
17041,perfect prawn,policy_specific_4_1,p0205,82
17042,perfect prawn,policy_specific_4_1,p0207,85
17043,perfect prawn,policy_specific_4_1,p0211,75
17044,perfect prawn,policy_specific_4_1,p0227,85
17045,perfect prawn,policy_specific_4_1,p0229,78
17046,perfect prawn,policy_specific_4_1,p0232,85
17047,perfect prawn,policy_specific_4_1,p0233,75
17048,perfect prawn,policy_specific_4_1,p0237,85
17049,perfect prawn,policy_specific_4_1,p0258,75
17050,perfect prawn,policy_specific_4_1,p0268,65
17051,perfect prawn,policy_specific_4_1,p0274,78
17052,perfect prawn,policy_specific_4_1,p0275,65
17053,perfect prawn,policy_specific_4_1,p0277,75
17054,perfect prawn,policy_specific_4_1,p0288,85
17055,perfect prawn,policy_specific_4_1,p0291,85
17056,perfect prawn,policy_specific_4_1,p0307,75
17057,perfect prawn,policy_specific_4_1,p0308,78
17058,perfect prawn,policy_specific_4_1,p0317,75
17059,perfect prawn,policy_specific_4_1,p0325,85
17060,perfect prawn,policy_specific_4_1,p0327,85
17061,perfect prawn,policy_specific_4_1,p0334,78
17062,perfect prawn,policy_specific_4_1,p0336,85
17063,perfect prawn,policy_specific_4_1,p0338,65
17064,perfect prawn,policy_specific_4_1,p0342,82
17065,perfect prawn,policy_specific_4_1,p0349,75
17066,perfect prawn,policy_specific_4_1,p0356,75
17067,perfect prawn,policy_specific_4_1,p0358,78
17068,perfect prawn,policy_specific_4_1,p0363,78
17069,perfect prawn,policy_specific_4_1,p0364,88
17070,perfect prawn,policy_specific_4_1,p0369,82
17071,perfect prawn,policy_specific_4_1,p0370,75
17072,perfect prawn,policy_specific_4_1,p0371,75
17073,perfect prawn,policy_specific_4_1,p0379,78
17074,perfect prawn,policy_specific_4_1,p0386,85
17075,perfect prawn,policy_specific_4_1,p0396,78
17076,perfect prawn,policy_specific_4_1,p0403,75
17077,perfect prawn,policy_specific_4_1,p0405,85
17078,perfect prawn,policy_specific_4_1,p0412,78
17079,perfect prawn,policy_specific_4_1,p0415,75
17080,perfect prawn,policy_specific_4_1,p0416,78
17081,perfect prawn,policy_specific_4_1,p0417,78
17082,perfect prawn,policy_specific_4_1,p0418,75
17083,perfect prawn,policy_specific_4_1,p0430,85
17084,perfect prawn,policy_specific_4_1,p0431,85
17085,perfect prawn,policy_specific_4_1,p0434,75
17086,perfect prawn,policy_specific_4_1,p0438,85
17087,perfect prawn,policy_specific_4_1,p0441,85
17088,perfect prawn,policy_specific_4_1,p0442,75
17089,perfect prawn,policy_specific_4_1,p0449,75
17090,perfect prawn,policy_specific_4_1,p0450,85
17091,perfect prawn,policy_specific_4_1,p0465,78
17092,perfect prawn,policy_specific_4_1,p0471,78
17093,perfect prawn,policy_specific_4_1,p0477,78
17094,perfect prawn,policy_specific_4_1,p0483,78
17095,perfect prawn,policy_specific_4_1,p0486,85
17096,perfect prawn,policy_specific_4_1,p0487,82
17097,perfect prawn,policy_specific_4_1,p0489,85
17098,perfect prawn,policy_specific_4_1,p0497,75
17099,perfect prawn,policy_specific_4_1,p0502,78
17100,perfect prawn,policy_specific_4_1,p0503,85
17101,perfect prawn,policy_specific_4_1,p0506,75
17102,perfect prawn,policy_specific_4_1,p0511,78
17103,perfect prawn,policy_specific_4_1,p0523,78
17104,perfect prawn,policy_specific_4_1,p0534,85
17105,perfect prawn,policy_specific_4_1,p0536,78
17106,perfect prawn,policy_specific_4_1,p0542,75
17107,perfect prawn,policy_specific_4_1,p0547,85
17108,perfect prawn,policy_specific_4_1,p0553,82
17109,perfect prawn,policy_specific_4_1,p0559,85
17110,perfect prawn,policy_specific_4_1,p0566,82
17111,perfect prawn,policy_specific_4_1,p0568,75
17112,perfect prawn,policy_specific_4_1,p0570,75
17113,perfect prawn,policy_specific_4_1,p0573,85
17114,perfect prawn,policy_specific_4_1,p0578,75
17115,perfect prawn,policy_specific_4_1,p0594,75
17116,perfect prawn,policy_specific_4_1,p0597,78
17117,perfect prawn,policy_specific_4_1,p0601,85
17118,perfect prawn,policy_specific_4_1,p0602,75
17119,perfect prawn,policy_specific_4_1,p0605,75
17120,perfect prawn,policy_specific_4_1,p0615,78
17121,perfect prawn,policy_specific_4_1,p0620,82
17122,perfect prawn,policy_specific_4_1,p0626,75
17123,perfect prawn,policy_specific_4_1,p0629,88
17124,perfect prawn,policy_specific_4_1,p0633,78
17125,perfect prawn,policy_specific_4_1,p0638,78
17126,perfect prawn,policy_specific_4_1,p0639,78
17127,perfect prawn,policy_specific_4_1,p0640,75
17128,perfect prawn,policy_specific_4_1,p0655,85
17129,perfect prawn,policy_specific_4_1,p0656,75
17130,perfect prawn,policy_specific_4_1,p0658,75
17131,perfect prawn,policy_specific_4_1,p0661,78
17132,perfect prawn,policy_specific_4_1,p0669,85
17133,perfect prawn,policy_specific_4_1,p0670,75
17134,perfect prawn,policy_specific_4_1,p0672,78
17135,perfect prawn,policy_specific_4_1,p0674,82
17136,perfect prawn,policy_specific_4_1,p0678,82
17137,perfect prawn,policy_specific_4_1,p0683,78
17138,perfect prawn,policy_specific_4_1,p0686,78
17139,perfect prawn,policy_specific_4_1,p0687,85
17140,perfect prawn,policy_specific_4_1,p0698,75
17141,perfect prawn,policy_specific_4_1,p0700,78
17142,perfect prawn,policy_specific_4_1,p0703,78
17143,perfect prawn,policy_specific_4_1,p0718,85
17144,perfect prawn,policy_specific_4_1,p0744,85
17145,perfect prawn,policy_specific_4_1,p0745,85
17146,perfect prawn,policy_specific_4_1,p0753,75
17147,perfect prawn,policy_specific_4_1,p0770,82
17148,perfect prawn,policy_specific_4_1,p0771,82
17149,perfect prawn,policy_specific_4_1,p0777,85
17150,perfect prawn,policy_specific_4_1,p0779,78
17151,perfect prawn,policy_specific_4_1,p0780,75
17152,perfect prawn,policy_specific_4_1,p0783,78
17153,perfect prawn,policy_specific_4_1,p0785,78
17154,perfect prawn,policy_specific_4_1,p0786,75
17155,perfect prawn,policy_specific_4_1,p0794,75
17156,perfect prawn,policy_specific_4_1,p0798,75
17157,perfect prawn,policy_specific_4_1,p0800,78
17158,perfect prawn,policy_specific_4_1,p0820,75
17159,perfect prawn,policy_specific_4_1,p0841,75
17160,perfect prawn,policy_specific_4_1,p0849,78
17161,perfect prawn,policy_specific_4_1,p0862,85
17162,perfect prawn,policy_specific_4_1,p0867,85
17163,perfect prawn,policy_specific_4_1,p0869,82
17164,perfect prawn,policy_specific_4_1,p0872,85
17165,perfect prawn,policy_specific_4_1,p0880,75
17166,perfect prawn,policy_specific_4_1,p0891,78
17167,perfect prawn,policy_specific_4_1,p0916,78
17168,perfect prawn,policy_specific_4_1,p0917,85
17169,perfect prawn,policy_specific_4_1,p0919,85
17170,perfect prawn,policy_specific_4_1,p0922,75
17171,perfect prawn,policy_specific_4_1,p0925,78
17172,perfect prawn,policy_specific_4_1,p0927,85
17173,perfect prawn,policy_specific_4_1,p0929,75
17174,perfect prawn,policy_specific_4_1,p0930,75
17175,perfect prawn,policy_specific_4_1,p0931,75
17176,perfect prawn,policy_specific_4_1,p0933,75
17177,perfect prawn,policy_specific_4_1,p0934,75
17178,perfect prawn,policy_specific_4_1,p0936,78
17179,perfect prawn,policy_specific_4_1,p0938,78
17180,perfect prawn,policy_specific_4_1,p0939,75
17181,perfect prawn,policy_specific_4_1,p0946,78
17182,perfect prawn,policy_specific_4_1,p0951,78
17183,perfect prawn,policy_specific_4_1,p0956,78
17184,perfect prawn,policy_specific_4_1,p0962,75
17185,perfect prawn,policy_specific_4_1,p0963,85
17186,perfect prawn,policy_specific_4_1,p0969,75
17187,perfect prawn,policy_specific_4_1,p0972,75
17188,perfect prawn,policy_specific_4_1,p0975,75
17189,perfect prawn,policy_specific_4_1,p0985,75
17190,perfect prawn,policy_specific_4_1,p0993,85
17191,perfect prawn,policy_specific_4_1,p0996,75
17192,perfect prawn,policy_specific_4_1,p1011,75
17193,perfect prawn,policy_specific_4_1,p1017,75
17194,perfect prawn,policy_specific_4_1,p1020,75
17195,perfect prawn,policy_specific_4_1,p1022,85
17196,perfect prawn,policy_specific_4_1,p1024,75
17197,perfect prawn,policy_specific_4_1,p1027,85
17198,perfect prawn,policy_specific_4_1,p1028,85
17199,perfect prawn,policy_specific_4_1,p1029,75
17200,perfect prawn,policy_specific_4_1,p1032,78
17201,perfect prawn,policy_specific_4_1,p1040,78
17202,perfect prawn,policy_specific_4_1,p1047,75
17203,perfect prawn,policy_specific_4_1,p1048,75
17204,perfect prawn,policy_specific_4_1,p1053,78
17205,perfect prawn,policy_specific_4_1,p1057,75
17206,perfect prawn,policy_specific_4_1,p1058,75
17207,perfect prawn,policy_specific_4_1,p1063,75
17208,perfect prawn,policy_specific_4_1,p1064,85
17209,perfect prawn,policy_specific_4_1,p1065,75
17210,perfect prawn,policy_specific_4_1,p1069,75
17211,perfect prawn,policy_specific_4_1,p1072,78
17212,perfect prawn,policy_specific_4_1,p1073,78
17213,perfect prawn,policy_specific_4_1,p1075,75
17214,perfect prawn,policy_specific_4_1,p1076,75
17215,perfect prawn,policy_specific_4_1,p1083,75
17216,perfect prawn,policy_specific_4_1,p1089,85
17217,perfect prawn,policy_specific_4_1,p1093,78
17218,perfect prawn,policy_specific_4_1,p1096,78
17219,perfect prawn,policy_specific_4_1,p1100,85
17220,perfect prawn,policy_specific_4_1,p1106,82
17221,perfect prawn,policy_specific_4_1,p1107,75
17222,perfect prawn,policy_specific_4_1,p1113,75
17223,perfect prawn,policy_specific_4_1,p1117,55
17224,perfect prawn,policy_specific_4_1,p1120,78
17225,perfect prawn,policy_specific_4_1,p1134,78
17226,perfect prawn,policy_specific_4_1,p1136,75
17227,perfect prawn,policy_specific_4_1,p1138,78
17228,perfect prawn,policy_specific_4_1,p1144,75
17229,perfect prawn,policy_specific_4_1,p1145,85
17230,perfect prawn,policy_specific_4_1,p1147,85
17231,perfect prawn,policy_specific_4_1,p1148,85
17232,perfect prawn,policy_specific_4_1,p1154,85
17233,perfect prawn,policy_specific_4_1,p1159,75
17234,perfect prawn,policy_specific_4_1,p1167,78
17235,perfect prawn,policy_specific_4_1,p1175,85
17236,perfect prawn,policy_specific_4_1,p1178,75
17237,perfect prawn,policy_specific_4_1,p1184,78
17238,perfect prawn,policy_specific_4_1,p1186,82
17239,perfect prawn,policy_specific_4_1,p1196,75
17240,perfect prawn,policy_specific_4_1,p1197,75
17241,perfect prawn,policy_specific_4_1,p1203,82
17242,perfect prawn,policy_specific_4_1,p1219,75
17243,perfect prawn,policy_specific_4_1,p1225,82
17244,perfect prawn,policy_specific_4_1,p1234,75
17245,perfect prawn,policy_specific_4_1,p1242,75
17246,perfect prawn,policy_specific_4_1,p1244,85
17247,perfect prawn,policy_specific_4_1,p1249,78
17248,perfect prawn,policy_specific_4_1,p1250,78
17249,perfect prawn,policy_specific_4_1,p1256,78
17250,perfect prawn,policy_specific_4_1,p1258,85
17251,perfect prawn,policy_specific_4_1,p1260,75
17252,perfect prawn,policy_specific_4_1,p1262,75
17253,perfect prawn,policy_specific_4_1,p1264,78
17254,perfect prawn,policy_specific_4_1,p1265,78
17255,perfect prawn,policy_specific_4_1,p1269,75
17256,perfect prawn,policy_specific_4_1,p1272,75
17257,perfect prawn,policy_specific_4_1,p1278,85
17258,perfect prawn,policy_specific_4_1,p1281,85
17259,perfect prawn,policy_specific_4_1,p1292,75
17260,perfect prawn,policy_specific_4_1,p1299,78
17261,perfect prawn,policy_specific_4_1,p1312,75
17262,perfect prawn,policy_specific_4_1,p1322,75
17263,perfect prawn,policy_specific_4_1,p1326,78
17264,perfect prawn,policy_specific_4_1,p1330,82
17265,perfect prawn,policy_specific_4_1,p1335,78
17266,perfect prawn,policy_specific_4_1,p1337,85
17267,perfect prawn,policy_specific_4_1,p1340,85
17268,perfect prawn,policy_specific_4_1,p1345,82
17269,perfect prawn,policy_specific_4_1,p1351,75
17270,perfect prawn,policy_specific_4_1,p1355,75
17271,perfect prawn,policy_specific_4_1,p1362,75
17272,perfect prawn,policy_specific_4_1,p1365,78
17273,perfect prawn,policy_specific_4_1,p1366,75
17274,perfect prawn,policy_specific_4_1,p1367,75
17275,perfect prawn,policy_specific_4_1,p1370,75
17276,perfect prawn,policy_specific_4_1,p1371,85
17277,perfect prawn,policy_specific_4_1,p1373,75
17278,perfect prawn,policy_specific_4_1,p1375,75
17279,perfect prawn,policy_specific_4_1,p1376,75
17280,perfect prawn,policy_specific_4_1,p1379,78
17281,perfect prawn,policy_specific_4_1,p1381,75
17282,perfect prawn,policy_specific_4_1,p1393,85
17283,perfect prawn,policy_specific_4_1,p1396,85
17284,perfect prawn,policy_specific_4_1,p1398,85
17285,perfect prawn,policy_specific_4_1,p1404,75
17286,perfect prawn,policy_specific_4_1,p1406,78
17287,perfect prawn,policy_specific_4_1,p1407,75
17288,perfect prawn,policy_specific_4_1,p1409,85
17289,perfect prawn,policy_specific_4_1,p1412,85
17290,perfect prawn,policy_specific_4_1,p1414,85
17291,perfect prawn,policy_specific_4_1,p1424,75
17292,perfect prawn,policy_specific_4_1,p1425,78
17293,perfect prawn,policy_specific_4_1,p1429,78
17294,perfect prawn,policy_specific_4_1,p1434,82
17295,perfect prawn,policy_specific_4_1,p1441,78
17296,perfect prawn,policy_specific_4_1,p1445,75
17297,perfect prawn,policy_specific_4_1,p1450,82
17298,perfect prawn,policy_specific_4_1,p1454,85
17299,perfect prawn,policy_specific_4_1,p1456,75
17300,perfect prawn,policy_specific_4_1,p1457,75
17301,perfect prawn,policy_specific_4_1,p1458,85
17302,perfect prawn,policy_specific_4_1,p1469,75
17303,perfect prawn,policy_specific_4_1,p1470,85
17304,perfect prawn,policy_specific_4_1,p1481,85
17305,perfect prawn,policy_specific_4_1,p1488,75
17306,perfect prawn,policy_specific_4_1,p1492,75
17307,perfect prawn,policy_specific_4_1,p1495,78
17308,perfect prawn,policy_specific_4_1,p1497,78
17309,perfect prawn,policy_specific_4_1,p1499,85
17310,perfect prawn,policy_specific_4_1,p1503,75
17311,perfect prawn,policy_specific_4_1,p1511,85
17312,perfect prawn,policy_specific_4_1,p1512,75
17313,perfect prawn,policy_specific_4_1,p1518,75
17314,perfect prawn,policy_specific_4_1,p1519,75
17315,perfect prawn,policy_specific_4_1,p1520,75
17316,perfect prawn,policy_specific_4_1,p1524,75
17317,perfect prawn,policy_specific_4_1,p1526,75
17318,perfect prawn,policy_specific_4_1,p1537,75
17319,perfect prawn,policy_specific_4_1,p1545,78
17320,perfect prawn,policy_specific_4_1,p1547,85
17321,perfect prawn,policy_specific_4_1,p1552,85
17322,perfect prawn,policy_specific_4_1,p1567,85
17323,perfect prawn,policy_specific_4_1,p1568,78
17324,perfect prawn,policy_specific_4_1,p1579,75
17325,perfect prawn,policy_specific_4_1,p1587,75
17326,perfect prawn,policy_specific_4_1,p1596,75
17327,perfect prawn,policy_specific_4_1,p1600,88
17328,perfect prawn,policy_specific_4_1,p1603,78
17329,perfect prawn,policy_specific_4_1,p1604,78
17330,perfect prawn,policy_specific_4_1,p1610,78
17331,perfect prawn,policy_specific_4_1,p1618,75
17332,perfect prawn,policy_specific_4_1,p1619,85
17333,perfect prawn,policy_specific_4_1,p1622,78
17334,perfect prawn,policy_specific_4_1,p1623,75
17335,perfect prawn,policy_specific_4_1,p1630,75
17336,perfect prawn,policy_specific_4_1,p1641,85
17337,perfect prawn,policy_specific_4_1,p1649,75
17338,perfect prawn,policy_specific_4_1,p1652,78
17339,perfect prawn,policy_specific_4_1,p1665,78
17340,perfect prawn,policy_specific_4_1,p1669,75
17341,perfect prawn,policy_specific_4_1,p1685,75
17342,perfect prawn,policy_specific_4_1,p1693,78
17343,perfect prawn,policy_specific_4_1,p1698,75
17344,perfect prawn,policy_specific_4_1,p1704,78
17345,perfect prawn,policy_specific_4_1,p1711,88
17346,perfect prawn,policy_specific_4_1,p1718,75
17347,perfect prawn,policy_specific_4_1,p1732,75
17348,perfect prawn,policy_specific_4_1,p1739,82
17349,perfect prawn,policy_specific_4_1,p1741,85
17350,perfect prawn,policy_specific_4_1,p1746,75
17351,perfect prawn,policy_specific_4_1,p1751,68
17352,perfect prawn,policy_specific_4_1,p1754,75
17353,perfect prawn,policy_specific_4_1,p1769,75
17354,perfect prawn,policy_specific_4_1,p1771,78
17355,perfect prawn,policy_specific_4_1,p1776,75
17356,perfect prawn,policy_specific_4_1,p1780,82
17357,perfect prawn,policy_specific_4_1,p1785,75
17358,perfect prawn,policy_specific_4_1,p1791,85
17359,perfect prawn,policy_specific_4_1,p1793,75
17360,perfect prawn,policy_specific_4_1,p1796,75
17361,perfect prawn,policy_specific_4_1,p1805,78
17362,perfect prawn,policy_specific_4_1,p1812,85
17363,perfect prawn,policy_specific_4_1,p1816,75
17364,perfect prawn,policy_specific_4_1,p1819,82
17365,perfect prawn,policy_specific_4_1,p1825,85
17366,perfect prawn,policy_specific_4_1,p1836,85
17367,perfect prawn,policy_specific_4_1,p1839,85
17368,perfect prawn,policy_specific_4_1,p1861,85
17369,perfect prawn,policy_specific_4_1,p1863,85
17370,perfect prawn,policy_specific_4_1,p1873,78
17371,perfect prawn,policy_specific_4_1,p1875,75
17372,perfect prawn,policy_specific_4_1,p1876,85
17373,perfect prawn,policy_specific_4_1,p1877,85
17374,perfect prawn,policy_specific_4_1,p1880,75
17375,perfect prawn,policy_specific_4_1,p1883,75
17376,perfect prawn,policy_specific_4_1,p1889,75
17377,perfect prawn,policy_specific_4_1,p1893,85
17378,perfect prawn,policy_specific_4_1,p1896,85
17379,perfect prawn,policy_specific_4_1,p1913,78
17380,perfect prawn,policy_specific_4_1,p1922,85
17381,perfect prawn,policy_specific_4_1,p1930,82
17382,perfect prawn,policy_specific_4_1,p1935,78
17383,perfect prawn,policy_specific_4_1,p1940,88
17384,perfect prawn,policy_specific_4_1,p1948,75
17385,perfect prawn,policy_specific_4_1,p1950,75
17386,perfect prawn,policy_specific_4_1,p1954,75
17387,perfect prawn,policy_specific_4_1,p1956,75
17388,perfect prawn,policy_specific_4_1,p1958,75
17389,perfect prawn,policy_specific_4_1,p1967,82
17390,perfect prawn,policy_specific_4_1,p1973,85
17391,perfect prawn,policy_specific_4_1,p1978,78
17392,perfect prawn,policy_specific_4_1,p1983,75
17393,perfect prawn,policy_specific_4_1,p1984,75
17394,perfect prawn,policy_specific_4_1,p1995,75
17395,perfect prawn,policy_specific_4_1,p1996,75
17396,perfect prawn,policy_specific_4_1,p1997,82
17397,perfect prawn,policy_specific_4_1,p2001,78
17398,perfect prawn,policy_specific_4_1,p2002,75
17399,perfect prawn,policy_specific_4_1,p2013,85
17400,perfect prawn,policy_specific_4_1,p2014,75
17401,perfect prawn,policy_specific_4_1,p2016,82
17402,perfect prawn,policy_specific_4_1,p2018,75
17403,perfect prawn,policy_specific_4_1,p2023,78
17404,perfect prawn,policy_specific_4_1,p2025,75
17405,perfect prawn,policy_specific_4_1,p2028,75
17406,perfect prawn,policy_specific_4_1,p2030,78
17407,perfect prawn,policy_specific_4_1,p2033,78
17408,perfect prawn,policy_specific_4_1,p2040,75
17409,perfect prawn,policy_specific_4_1,p2051,75
17410,perfect prawn,policy_specific_4_1,p2052,82
17411,perfect prawn,policy_specific_4_1,p2066,75
17412,perfect prawn,policy_specific_4_1,p2067,85
17413,perfect prawn,policy_specific_4_1,p2073,85
17414,perfect prawn,policy_specific_4_1,p2077,78
17415,perfect prawn,policy_specific_4_1,p2078,78
17416,perfect prawn,policy_specific_4_1,p2086,78
17417,perfect prawn,policy_specific_4_1,p2089,85
17418,perfect prawn,policy_specific_4_1,p2093,65
17419,perfect prawn,policy_specific_4_1,p2094,78
17420,perfect prawn,policy_specific_4_1,p2111,75
17421,perfect prawn,policy_specific_4_1,p2117,82
17422,perfect prawn,policy_specific_4_1,p2121,78
17423,perfect prawn,policy_specific_4_1,p2127,78
17424,perfect prawn,policy_specific_4_1,p2141,85
17425,perfect prawn,policy_specific_4_1,p2142,75
17426,perfect prawn,policy_specific_4_1,p2143,82
17427,perfect prawn,policy_specific_4_1,p2153,75
17428,perfect prawn,policy_specific_4_1,p2155,75
17429,perfect prawn,policy_specific_4_1,p2169,75
17430,perfect prawn,policy_specific_4_1,p2187,75
17431,perfect prawn,policy_specific_4_1,p2188,82
17432,perfect prawn,policy_specific_4_1,p2197,85
17433,perfect prawn,policy_specific_4_1,p2213,75
17434,perfect prawn,policy_specific_4_1,p2214,78
17435,perfect prawn,policy_specific_4_1,p2215,85
17436,perfect prawn,policy_specific_4_1,p2220,78
17437,perfect prawn,policy_specific_4_1,p2223,78
17438,perfect prawn,policy_specific_4_1,p2229,75
17439,perfect prawn,policy_specific_4_1,p2234,85
17440,perfect prawn,policy_specific_4_1,p2237,88
17441,perfect prawn,policy_specific_4_1,p2238,85
17442,perfect prawn,policy_specific_4_1,p2244,75
17443,perfect prawn,policy_specific_4_1,p2248,75
17444,perfect prawn,policy_specific_4_1,p2252,85
17445,perfect prawn,policy_specific_4_1,p2255,65
17446,perfect prawn,policy_specific_4_1,p2261,75
17447,perfect prawn,policy_specific_4_1,p2263,82
17448,perfect prawn,policy_specific_4_1,p2273,75
17449,perfect prawn,policy_specific_4_1,p2275,78
17450,perfect prawn,policy_specific_4_1,p2276,75
17451,perfect prawn,policy_specific_4_1,p2283,75
17452,perfect prawn,policy_specific_4_1,p2287,75
17453,perfect prawn,policy_specific_4_1,p2296,75
17454,perfect prawn,policy_specific_4_1,p2298,75
17455,perfect prawn,policy_specific_4_1,p2304,85
17456,perfect prawn,policy_specific_4_1,p2310,75
17457,perfect prawn,policy_specific_4_1,p2322,75
17458,perfect prawn,policy_specific_4_1,p2326,85
17459,perfect prawn,policy_specific_4_1,p2330,75
17460,perfect prawn,policy_specific_4_1,p2331,85
17461,perfect prawn,policy_specific_4_1,p2333,75
17462,perfect prawn,policy_specific_4_1,p2347,78
17463,perfect prawn,policy_specific_4_1,p2350,75
17464,perfect prawn,policy_specific_4_1,p2351,78
17465,perfect prawn,policy_specific_4_1,p2353,75
17466,perfect prawn,policy_specific_4_1,p2355,75
17467,perfect prawn,policy_specific_4_1,p2363,75
17468,perfect prawn,policy_specific_4_1,p2378,85
17469,perfect prawn,policy_specific_4_1,p2380,85
17470,perfect prawn,policy_specific_4_1,p2387,78
17471,perfect prawn,policy_specific_4_1,p2398,75
17472,perfect prawn,policy_specific_4_1,p2400,75
17473,perfect prawn,policy_specific_4_1,p2403,85
17474,perfect prawn,policy_specific_4_1,p2408,75
17475,perfect prawn,policy_specific_4_1,p2418,78
17476,perfect prawn,policy_specific_4_1,p2426,78
17477,perfect prawn,policy_specific_4_1,p2428,75
17478,perfect prawn,policy_specific_4_1,p2434,85
17479,perfect prawn,policy_specific_4_1,p2446,75
17480,perfect prawn,policy_specific_4_1,p2452,75
17481,perfect prawn,policy_specific_4_1,p2454,75
17482,perfect prawn,policy_specific_4_1,p2462,85
17483,perfect prawn,policy_specific_4_1,p2467,65
17484,perfect prawn,policy_specific_4_1,p2482,78
17485,perfect prawn,policy_specific_4_1,p2489,75
17486,perfect prawn,policy_specific_4_1,p2490,78
17487,perfect prawn,policy_specific_4_1,p2494,75
17488,perfect prawn,policy_specific_4_1,p2502,82
17489,perfect prawn,policy_specific_4_1,p2503,78
17490,perfect prawn,policy_specific_4_1,p2522,85
17491,perfect prawn,policy_specific_4_1,p2524,85
17492,perfect prawn,policy_specific_4_1,p2533,75
17493,perfect prawn,policy_specific_4_1,p2566,85
17494,perfect prawn,policy_specific_4_1,p2571,85
17495,perfect prawn,policy_specific_4_1,p2573,75
17496,perfect prawn,policy_specific_4_1,p2582,78
17497,perfect prawn,policy_specific_4_1,p2591,75
17498,perfect prawn,policy_specific_4_1,p2592,78
17499,perfect prawn,policy_specific_4_1,p2595,65
17500,perfect prawn,policy_specific_5_1,p0016,35
17501,perfect prawn,policy_specific_5_1,p0022,35
17502,perfect prawn,policy_specific_5_1,p0023,35
17503,perfect prawn,policy_specific_5_1,p0026,35
17504,perfect prawn,policy_specific_5_1,p0034,25
17505,perfect prawn,policy_specific_5_1,p0036,35
17506,perfect prawn,policy_specific_5_1,p0037,35
17507,perfect prawn,policy_specific_5_1,p0042,35
17508,perfect prawn,policy_specific_5_1,p0057,35
17509,perfect prawn,policy_specific_5_1,p0066,25
17510,perfect prawn,policy_specific_5_1,p0069,25
17511,perfect prawn,policy_specific_5_1,p0072,25
17512,perfect prawn,policy_specific_5_1,p0073,35
17513,perfect prawn,policy_specific_5_1,p0082,35
17514,perfect prawn,policy_specific_5_1,p0091,25
17515,perfect prawn,policy_specific_5_1,p0092,35
17516,perfect prawn,policy_specific_5_1,p0093,35
17517,perfect prawn,policy_specific_5_1,p0095,35
17518,perfect prawn,policy_specific_5_1,p0107,35
17519,perfect prawn,policy_specific_5_1,p0114,35
17520,perfect prawn,policy_specific_5_1,p0116,25
17521,perfect prawn,policy_specific_5_1,p0118,35
17522,perfect prawn,policy_specific_5_1,p0119,35
17523,perfect prawn,policy_specific_5_1,p0126,35
17524,perfect prawn,policy_specific_5_1,p0129,35
17525,perfect prawn,policy_specific_5_1,p0136,35
17526,perfect prawn,policy_specific_5_1,p0138,35
17527,perfect prawn,policy_specific_5_1,p0144,35
17528,perfect prawn,policy_specific_5_1,p0150,35
17529,perfect prawn,policy_specific_5_1,p0152,35
17530,perfect prawn,policy_specific_5_1,p0158,35
17531,perfect prawn,policy_specific_5_1,p0161,25
17532,perfect prawn,policy_specific_5_1,p0164,35
17533,perfect prawn,policy_specific_5_1,p0175,35
17534,perfect prawn,policy_specific_5_1,p0177,45
17535,perfect prawn,policy_specific_5_1,p0178,35
17536,perfect prawn,policy_specific_5_1,p0181,15
17537,perfect prawn,policy_specific_5_1,p0186,35
17538,perfect prawn,policy_specific_5_1,p0196,35
17539,perfect prawn,policy_specific_5_1,p0198,35
17540,perfect prawn,policy_specific_5_1,p0202,35
17541,perfect prawn,policy_specific_5_1,p0205,25
17542,perfect prawn,policy_specific_5_1,p0207,25
17543,perfect prawn,policy_specific_5_1,p0211,25
17544,perfect prawn,policy_specific_5_1,p0227,35
17545,perfect prawn,policy_specific_5_1,p0229,35
17546,perfect prawn,policy_specific_5_1,p0232,35
17547,perfect prawn,policy_specific_5_1,p0233,25
17548,perfect prawn,policy_specific_5_1,p0237,45
17549,perfect prawn,policy_specific_5_1,p0258,35
17550,perfect prawn,policy_specific_5_1,p0268,25
17551,perfect prawn,policy_specific_5_1,p0274,45
17552,perfect prawn,policy_specific_5_1,p0275,25
17553,perfect prawn,policy_specific_5_1,p0277,35
17554,perfect prawn,policy_specific_5_1,p0288,35
17555,perfect prawn,policy_specific_5_1,p0291,35
17556,perfect prawn,policy_specific_5_1,p0307,35
17557,perfect prawn,policy_specific_5_1,p0308,45
17558,perfect prawn,policy_specific_5_1,p0317,25
17559,perfect prawn,policy_specific_5_1,p0325,35
17560,perfect prawn,policy_specific_5_1,p0327,45
17561,perfect prawn,policy_specific_5_1,p0334,35
17562,perfect prawn,policy_specific_5_1,p0336,35
17563,perfect prawn,policy_specific_5_1,p0338,25
17564,perfect prawn,policy_specific_5_1,p0342,45
17565,perfect prawn,policy_specific_5_1,p0349,35
17566,perfect prawn,policy_specific_5_1,p0356,35
17567,perfect prawn,policy_specific_5_1,p0358,25
17568,perfect prawn,policy_specific_5_1,p0363,35
17569,perfect prawn,policy_specific_5_1,p0364,45
17570,perfect prawn,policy_specific_5_1,p0369,35
17571,perfect prawn,policy_specific_5_1,p0370,35
17572,perfect prawn,policy_specific_5_1,p0371,35
17573,perfect prawn,policy_specific_5_1,p0379,35
17574,perfect prawn,policy_specific_5_1,p0386,35
17575,perfect prawn,policy_specific_5_1,p0396,35
17576,perfect prawn,policy_specific_5_1,p0403,35
17577,perfect prawn,policy_specific_5_1,p0405,35
17578,perfect prawn,policy_specific_5_1,p0412,35
17579,perfect prawn,policy_specific_5_1,p0415,25
17580,perfect prawn,policy_specific_5_1,p0416,35
17581,perfect prawn,policy_specific_5_1,p0417,35
17582,perfect prawn,policy_specific_5_1,p0418,35
17583,perfect prawn,policy_specific_5_1,p0430,35
17584,perfect prawn,policy_specific_5_1,p0431,45
17585,perfect prawn,policy_specific_5_1,p0434,15
17586,perfect prawn,policy_specific_5_1,p0438,25
17587,perfect prawn,policy_specific_5_1,p0441,35
17588,perfect prawn,policy_specific_5_1,p0442,25
17589,perfect prawn,policy_specific_5_1,p0449,35
17590,perfect prawn,policy_specific_5_1,p0450,35
17591,perfect prawn,policy_specific_5_1,p0465,35
17592,perfect prawn,policy_specific_5_1,p0471,35
17593,perfect prawn,policy_specific_5_1,p0477,35
17594,perfect prawn,policy_specific_5_1,p0483,35
17595,perfect prawn,policy_specific_5_1,p0486,25
17596,perfect prawn,policy_specific_5_1,p0487,35
17597,perfect prawn,policy_specific_5_1,p0489,35
17598,perfect prawn,policy_specific_5_1,p0497,15
17599,perfect prawn,policy_specific_5_1,p0502,35
17600,perfect prawn,policy_specific_5_1,p0503,35
17601,perfect prawn,policy_specific_5_1,p0506,35
17602,perfect prawn,policy_specific_5_1,p0511,35
17603,perfect prawn,policy_specific_5_1,p0523,35
17604,perfect prawn,policy_specific_5_1,p0534,35
17605,perfect prawn,policy_specific_5_1,p0536,35
17606,perfect prawn,policy_specific_5_1,p0542,25
17607,perfect prawn,policy_specific_5_1,p0547,35
17608,perfect prawn,policy_specific_5_1,p0553,45
17609,perfect prawn,policy_specific_5_1,p0559,35
17610,perfect prawn,policy_specific_5_1,p0566,35
17611,perfect prawn,policy_specific_5_1,p0568,35
17612,perfect prawn,policy_specific_5_1,p0570,15
17613,perfect prawn,policy_specific_5_1,p0573,35
17614,perfect prawn,policy_specific_5_1,p0578,35
17615,perfect prawn,policy_specific_5_1,p0594,35
17616,perfect prawn,policy_specific_5_1,p0597,35
17617,perfect prawn,policy_specific_5_1,p0601,35
17618,perfect prawn,policy_specific_5_1,p0602,35
17619,perfect prawn,policy_specific_5_1,p0605,35
17620,perfect prawn,policy_specific_5_1,p0615,35
17621,perfect prawn,policy_specific_5_1,p0620,35
17622,perfect prawn,policy_specific_5_1,p0626,35
17623,perfect prawn,policy_specific_5_1,p0629,35
17624,perfect prawn,policy_specific_5_1,p0633,35
17625,perfect prawn,policy_specific_5_1,p0638,35
17626,perfect prawn,policy_specific_5_1,p0639,35
17627,perfect prawn,policy_specific_5_1,p0640,35
17628,perfect prawn,policy_specific_5_1,p0655,25
17629,perfect prawn,policy_specific_5_1,p0656,35
17630,perfect prawn,policy_specific_5_1,p0658,25
17631,perfect prawn,policy_specific_5_1,p0661,35
17632,perfect prawn,policy_specific_5_1,p0669,35
17633,perfect prawn,policy_specific_5_1,p0670,35
17634,perfect prawn,policy_specific_5_1,p0672,25
17635,perfect prawn,policy_specific_5_1,p0674,35
17636,perfect prawn,policy_specific_5_1,p0678,45
17637,perfect prawn,policy_specific_5_1,p0683,35
17638,perfect prawn,policy_specific_5_1,p0686,35
17639,perfect prawn,policy_specific_5_1,p0687,35
17640,perfect prawn,policy_specific_5_1,p0698,35
17641,perfect prawn,policy_specific_5_1,p0700,35
17642,perfect prawn,policy_specific_5_1,p0703,35
17643,perfect prawn,policy_specific_5_1,p0718,35
17644,perfect prawn,policy_specific_5_1,p0744,35
17645,perfect prawn,policy_specific_5_1,p0745,35
17646,perfect prawn,policy_specific_5_1,p0753,35
17647,perfect prawn,policy_specific_5_1,p0770,45
17648,perfect prawn,policy_specific_5_1,p0771,35
17649,perfect prawn,policy_specific_5_1,p0777,35
17650,perfect prawn,policy_specific_5_1,p0779,35
17651,perfect prawn,policy_specific_5_1,p0780,35
17652,perfect prawn,policy_specific_5_1,p0783,35
17653,perfect prawn,policy_specific_5_1,p0785,35
17654,perfect prawn,policy_specific_5_1,p0786,35
17655,perfect prawn,policy_specific_5_1,p0794,15
17656,perfect prawn,policy_specific_5_1,p0798,15
17657,perfect prawn,policy_specific_5_1,p0800,35
17658,perfect prawn,policy_specific_5_1,p0820,25
17659,perfect prawn,policy_specific_5_1,p0841,25
17660,perfect prawn,policy_specific_5_1,p0849,35
17661,perfect prawn,policy_specific_5_1,p0862,35
17662,perfect prawn,policy_specific_5_1,p0867,35
17663,perfect prawn,policy_specific_5_1,p0869,35
17664,perfect prawn,policy_specific_5_1,p0872,35
17665,perfect prawn,policy_specific_5_1,p0880,35
17666,perfect prawn,policy_specific_5_1,p0891,35
17667,perfect prawn,policy_specific_5_1,p0916,35
17668,perfect prawn,policy_specific_5_1,p0917,35
17669,perfect prawn,policy_specific_5_1,p0919,35
17670,perfect prawn,policy_specific_5_1,p0922,25
17671,perfect prawn,policy_specific_5_1,p0925,35
17672,perfect prawn,policy_specific_5_1,p0927,35
17673,perfect prawn,policy_specific_5_1,p0929,35
17674,perfect prawn,policy_specific_5_1,p0930,15
17675,perfect prawn,policy_specific_5_1,p0931,25
17676,perfect prawn,policy_specific_5_1,p0933,35
17677,perfect prawn,policy_specific_5_1,p0934,15
17678,perfect prawn,policy_specific_5_1,p0936,45
17679,perfect prawn,policy_specific_5_1,p0938,35
17680,perfect prawn,policy_specific_5_1,p0939,35
17681,perfect prawn,policy_specific_5_1,p0946,35
17682,perfect prawn,policy_specific_5_1,p0951,35
17683,perfect prawn,policy_specific_5_1,p0956,35
17684,perfect prawn,policy_specific_5_1,p0962,25
17685,perfect prawn,policy_specific_5_1,p0963,35
17686,perfect prawn,policy_specific_5_1,p0969,25
17687,perfect prawn,policy_specific_5_1,p0972,35
17688,perfect prawn,policy_specific_5_1,p0975,25
17689,perfect prawn,policy_specific_5_1,p0985,35
17690,perfect prawn,policy_specific_5_1,p0993,25
17691,perfect prawn,policy_specific_5_1,p0996,35
17692,perfect prawn,policy_specific_5_1,p1011,35
17693,perfect prawn,policy_specific_5_1,p1017,25
17694,perfect prawn,policy_specific_5_1,p1020,25
17695,perfect prawn,policy_specific_5_1,p1022,35
17696,perfect prawn,policy_specific_5_1,p1024,25
17697,perfect prawn,policy_specific_5_1,p1027,35
17698,perfect prawn,policy_specific_5_1,p1028,35
17699,perfect prawn,policy_specific_5_1,p1029,35
17700,perfect prawn,policy_specific_5_1,p1032,35
17701,perfect prawn,policy_specific_5_1,p1040,35
17702,perfect prawn,policy_specific_5_1,p1047,35
17703,perfect prawn,policy_specific_5_1,p1048,35
17704,perfect prawn,policy_specific_5_1,p1053,35
17705,perfect prawn,policy_specific_5_1,p1057,35
17706,perfect prawn,policy_specific_5_1,p1058,35
17707,perfect prawn,policy_specific_5_1,p1063,25
17708,perfect prawn,policy_specific_5_1,p1064,35
17709,perfect prawn,policy_specific_5_1,p1065,35
17710,perfect prawn,policy_specific_5_1,p1069,25
17711,perfect prawn,policy_specific_5_1,p1072,35
17712,perfect prawn,policy_specific_5_1,p1073,35
17713,perfect prawn,policy_specific_5_1,p1075,35
17714,perfect prawn,policy_specific_5_1,p1076,35
17715,perfect prawn,policy_specific_5_1,p1083,35
17716,perfect prawn,policy_specific_5_1,p1089,35
17717,perfect prawn,policy_specific_5_1,p1093,35
17718,perfect prawn,policy_specific_5_1,p1096,35
17719,perfect prawn,policy_specific_5_1,p1100,25
17720,perfect prawn,policy_specific_5_1,p1106,35
17721,perfect prawn,policy_specific_5_1,p1107,35
17722,perfect prawn,policy_specific_5_1,p1113,25
17723,perfect prawn,policy_specific_5_1,p1117,15
17724,perfect prawn,policy_specific_5_1,p1120,35
17725,perfect prawn,policy_specific_5_1,p1134,35
17726,perfect prawn,policy_specific_5_1,p1136,25
17727,perfect prawn,policy_specific_5_1,p1138,35
17728,perfect prawn,policy_specific_5_1,p1144,25
17729,perfect prawn,policy_specific_5_1,p1145,35
17730,perfect prawn,policy_specific_5_1,p1147,45
17731,perfect prawn,policy_specific_5_1,p1148,35
17732,perfect prawn,policy_specific_5_1,p1154,35
17733,perfect prawn,policy_specific_5_1,p1159,25
17734,perfect prawn,policy_specific_5_1,p1167,35
17735,perfect prawn,policy_specific_5_1,p1175,35
17736,perfect prawn,policy_specific_5_1,p1178,35
17737,perfect prawn,policy_specific_5_1,p1184,35
17738,perfect prawn,policy_specific_5_1,p1186,35
17739,perfect prawn,policy_specific_5_1,p1196,35
17740,perfect prawn,policy_specific_5_1,p1197,25
17741,perfect prawn,policy_specific_5_1,p1203,35
17742,perfect prawn,policy_specific_5_1,p1219,35
17743,perfect prawn,policy_specific_5_1,p1225,35
17744,perfect prawn,policy_specific_5_1,p1234,35
17745,perfect prawn,policy_specific_5_1,p1242,35
17746,perfect prawn,policy_specific_5_1,p1244,25
17747,perfect prawn,policy_specific_5_1,p1249,35
17748,perfect prawn,policy_specific_5_1,p1250,35
17749,perfect prawn,policy_specific_5_1,p1256,35
17750,perfect prawn,policy_specific_5_1,p1258,35
17751,perfect prawn,policy_specific_5_1,p1260,35
17752,perfect prawn,policy_specific_5_1,p1262,25
17753,perfect prawn,policy_specific_5_1,p1264,35
17754,perfect prawn,policy_specific_5_1,p1265,35
17755,perfect prawn,policy_specific_5_1,p1269,35
17756,perfect prawn,policy_specific_5_1,p1272,35
17757,perfect prawn,policy_specific_5_1,p1278,35
17758,perfect prawn,policy_specific_5_1,p1281,35
17759,perfect prawn,policy_specific_5_1,p1292,35
17760,perfect prawn,policy_specific_5_1,p1299,35
17761,perfect prawn,policy_specific_5_1,p1312,35
17762,perfect prawn,policy_specific_5_1,p1322,35
17763,perfect prawn,policy_specific_5_1,p1326,35
17764,perfect prawn,policy_specific_5_1,p1330,35
17765,perfect prawn,policy_specific_5_1,p1335,35
17766,perfect prawn,policy_specific_5_1,p1337,35
17767,perfect prawn,policy_specific_5_1,p1340,35
17768,perfect prawn,policy_specific_5_1,p1345,35
17769,perfect prawn,policy_specific_5_1,p1351,25
17770,perfect prawn,policy_specific_5_1,p1355,35
17771,perfect prawn,policy_specific_5_1,p1362,25
17772,perfect prawn,policy_specific_5_1,p1365,25
17773,perfect prawn,policy_specific_5_1,p1366,35
17774,perfect prawn,policy_specific_5_1,p1367,35
17775,perfect prawn,policy_specific_5_1,p1370,35
17776,perfect prawn,policy_specific_5_1,p1371,35
17777,perfect prawn,policy_specific_5_1,p1373,35
17778,perfect prawn,policy_specific_5_1,p1375,15
17779,perfect prawn,policy_specific_5_1,p1376,25
17780,perfect prawn,policy_specific_5_1,p1379,35
17781,perfect prawn,policy_specific_5_1,p1381,25
17782,perfect prawn,policy_specific_5_1,p1393,35
17783,perfect prawn,policy_specific_5_1,p1396,35
17784,perfect prawn,policy_specific_5_1,p1398,35
17785,perfect prawn,policy_specific_5_1,p1404,25
17786,perfect prawn,policy_specific_5_1,p1406,35
17787,perfect prawn,policy_specific_5_1,p1407,35
17788,perfect prawn,policy_specific_5_1,p1409,35
17789,perfect prawn,policy_specific_5_1,p1412,35
17790,perfect prawn,policy_specific_5_1,p1414,45
17791,perfect prawn,policy_specific_5_1,p1424,35
17792,perfect prawn,policy_specific_5_1,p1425,35
17793,perfect prawn,policy_specific_5_1,p1429,35
17794,perfect prawn,policy_specific_5_1,p1434,35
17795,perfect prawn,policy_specific_5_1,p1441,35
17796,perfect prawn,policy_specific_5_1,p1445,35
17797,perfect prawn,policy_specific_5_1,p1450,35
17798,perfect prawn,policy_specific_5_1,p1454,35
17799,perfect prawn,policy_specific_5_1,p1456,25
17800,perfect prawn,policy_specific_5_1,p1457,35
17801,perfect prawn,policy_specific_5_1,p1458,45
17802,perfect prawn,policy_specific_5_1,p1469,35
17803,perfect prawn,policy_specific_5_1,p1470,15
17804,perfect prawn,policy_specific_5_1,p1481,25
17805,perfect prawn,policy_specific_5_1,p1488,35
17806,perfect prawn,policy_specific_5_1,p1492,35
17807,perfect prawn,policy_specific_5_1,p1495,35
17808,perfect prawn,policy_specific_5_1,p1497,35
17809,perfect prawn,policy_specific_5_1,p1499,35
17810,perfect prawn,policy_specific_5_1,p1503,35
17811,perfect prawn,policy_specific_5_1,p1511,35
17812,perfect prawn,policy_specific_5_1,p1512,35
17813,perfect prawn,policy_specific_5_1,p1518,35
17814,perfect prawn,policy_specific_5_1,p1519,35
17815,perfect prawn,policy_specific_5_1,p1520,35
17816,perfect prawn,policy_specific_5_1,p1524,35
17817,perfect prawn,policy_specific_5_1,p1526,25
17818,perfect prawn,policy_specific_5_1,p1537,35
17819,perfect prawn,policy_specific_5_1,p1545,35
17820,perfect prawn,policy_specific_5_1,p1547,35
17821,perfect prawn,policy_specific_5_1,p1552,25
17822,perfect prawn,policy_specific_5_1,p1567,35
17823,perfect prawn,policy_specific_5_1,p1568,35
17824,perfect prawn,policy_specific_5_1,p1579,25
17825,perfect prawn,policy_specific_5_1,p1587,25
17826,perfect prawn,policy_specific_5_1,p1596,35
17827,perfect prawn,policy_specific_5_1,p1600,35
17828,perfect prawn,policy_specific_5_1,p1603,35
17829,perfect prawn,policy_specific_5_1,p1604,35
17830,perfect prawn,policy_specific_5_1,p1610,35
17831,perfect prawn,policy_specific_5_1,p1618,15
17832,perfect prawn,policy_specific_5_1,p1619,35
17833,perfect prawn,policy_specific_5_1,p1622,35
17834,perfect prawn,policy_specific_5_1,p1623,15
17835,perfect prawn,policy_specific_5_1,p1630,25
17836,perfect prawn,policy_specific_5_1,p1641,35
17837,perfect prawn,policy_specific_5_1,p1649,35
17838,perfect prawn,policy_specific_5_1,p1652,35
17839,perfect prawn,policy_specific_5_1,p1665,35
17840,perfect prawn,policy_specific_5_1,p1669,25
17841,perfect prawn,policy_specific_5_1,p1685,35
17842,perfect prawn,policy_specific_5_1,p1693,35
17843,perfect prawn,policy_specific_5_1,p1698,35
17844,perfect prawn,policy_specific_5_1,p1704,35
17845,perfect prawn,policy_specific_5_1,p1711,35
17846,perfect prawn,policy_specific_5_1,p1718,35
17847,perfect prawn,policy_specific_5_1,p1732,25
17848,perfect prawn,policy_specific_5_1,p1739,35
17849,perfect prawn,policy_specific_5_1,p1741,35
17850,perfect prawn,policy_specific_5_1,p1746,35
17851,perfect prawn,policy_specific_5_1,p1751,25
17852,perfect prawn,policy_specific_5_1,p1754,25
17853,perfect prawn,policy_specific_5_1,p1769,25
17854,perfect prawn,policy_specific_5_1,p1771,35
17855,perfect prawn,policy_specific_5_1,p1776,35
17856,perfect prawn,policy_specific_5_1,p1780,35
17857,perfect prawn,policy_specific_5_1,p1785,25
17858,perfect prawn,policy_specific_5_1,p1791,45
17859,perfect prawn,policy_specific_5_1,p1793,35
17860,perfect prawn,policy_specific_5_1,p1796,35
17861,perfect prawn,policy_specific_5_1,p1805,35
17862,perfect prawn,policy_specific_5_1,p1812,35
17863,perfect prawn,policy_specific_5_1,p1816,35
17864,perfect prawn,policy_specific_5_1,p1819,35
17865,perfect prawn,policy_specific_5_1,p1825,35
17866,perfect prawn,policy_specific_5_1,p1836,35
17867,perfect prawn,policy_specific_5_1,p1839,35
17868,perfect prawn,policy_specific_5_1,p1861,35
17869,perfect prawn,policy_specific_5_1,p1863,35
17870,perfect prawn,policy_specific_5_1,p1873,35
17871,perfect prawn,policy_specific_5_1,p1875,35
17872,perfect prawn,policy_specific_5_1,p1876,45
17873,perfect prawn,policy_specific_5_1,p1877,35
17874,perfect prawn,policy_specific_5_1,p1880,35
17875,perfect prawn,policy_specific_5_1,p1883,35
17876,perfect prawn,policy_specific_5_1,p1889,15
17877,perfect prawn,policy_specific_5_1,p1893,35
17878,perfect prawn,policy_specific_5_1,p1896,35
17879,perfect prawn,policy_specific_5_1,p1913,35
17880,perfect prawn,policy_specific_5_1,p1922,35
17881,perfect prawn,policy_specific_5_1,p1930,45
17882,perfect prawn,policy_specific_5_1,p1935,35
17883,perfect prawn,policy_specific_5_1,p1940,35
17884,perfect prawn,policy_specific_5_1,p1948,25
17885,perfect prawn,policy_specific_5_1,p1950,35
17886,perfect prawn,policy_specific_5_1,p1954,35
17887,perfect prawn,policy_specific_5_1,p1956,35
17888,perfect prawn,policy_specific_5_1,p1958,35
17889,perfect prawn,policy_specific_5_1,p1967,45
17890,perfect prawn,policy_specific_5_1,p1973,35
17891,perfect prawn,policy_specific_5_1,p1978,35
17892,perfect prawn,policy_specific_5_1,p1983,35
17893,perfect prawn,policy_specific_5_1,p1984,35
17894,perfect prawn,policy_specific_5_1,p1995,35
17895,perfect prawn,policy_specific_5_1,p1996,35
17896,perfect prawn,policy_specific_5_1,p1997,35
17897,perfect prawn,policy_specific_5_1,p2001,35
17898,perfect prawn,policy_specific_5_1,p2002,35
17899,perfect prawn,policy_specific_5_1,p2013,35
17900,perfect prawn,policy_specific_5_1,p2014,35
17901,perfect prawn,policy_specific_5_1,p2016,45
17902,perfect prawn,policy_specific_5_1,p2018,35
17903,perfect prawn,policy_specific_5_1,p2023,35
17904,perfect prawn,policy_specific_5_1,p2025,15
17905,perfect prawn,policy_specific_5_1,p2028,35
17906,perfect prawn,policy_specific_5_1,p2030,35
17907,perfect prawn,policy_specific_5_1,p2033,35
17908,perfect prawn,policy_specific_5_1,p2040,35
17909,perfect prawn,policy_specific_5_1,p2051,25
17910,perfect prawn,policy_specific_5_1,p2052,35
17911,perfect prawn,policy_specific_5_1,p2066,35
17912,perfect prawn,policy_specific_5_1,p2067,35
17913,perfect prawn,policy_specific_5_1,p2073,35
17914,perfect prawn,policy_specific_5_1,p2077,35
17915,perfect prawn,policy_specific_5_1,p2078,35
17916,perfect prawn,policy_specific_5_1,p2086,35
17917,perfect prawn,policy_specific_5_1,p2089,35
17918,perfect prawn,policy_specific_5_1,p2093,15
17919,perfect prawn,policy_specific_5_1,p2094,35
17920,perfect prawn,policy_specific_5_1,p2111,35
17921,perfect prawn,policy_specific_5_1,p2117,35
17922,perfect prawn,policy_specific_5_1,p2121,35
17923,perfect prawn,policy_specific_5_1,p2127,35
17924,perfect prawn,policy_specific_5_1,p2141,35
17925,perfect prawn,policy_specific_5_1,p2142,15
17926,perfect prawn,policy_specific_5_1,p2143,45
17927,perfect prawn,policy_specific_5_1,p2153,35
17928,perfect prawn,policy_specific_5_1,p2155,35
17929,perfect prawn,policy_specific_5_1,p2169,25
17930,perfect prawn,policy_specific_5_1,p2187,25
17931,perfect prawn,policy_specific_5_1,p2188,45
17932,perfect prawn,policy_specific_5_1,p2197,35
17933,perfect prawn,policy_specific_5_1,p2213,35
17934,perfect prawn,policy_specific_5_1,p2214,35
17935,perfect prawn,policy_specific_5_1,p2215,25
17936,perfect prawn,policy_specific_5_1,p2220,35
17937,perfect prawn,policy_specific_5_1,p2223,35
17938,perfect prawn,policy_specific_5_1,p2229,35
17939,perfect prawn,policy_specific_5_1,p2234,35
17940,perfect prawn,policy_specific_5_1,p2237,35
17941,perfect prawn,policy_specific_5_1,p2238,25
17942,perfect prawn,policy_specific_5_1,p2244,25
17943,perfect prawn,policy_specific_5_1,p2248,35
17944,perfect prawn,policy_specific_5_1,p2252,45
17945,perfect prawn,policy_specific_5_1,p2255,15
17946,perfect prawn,policy_specific_5_1,p2261,25
17947,perfect prawn,policy_specific_5_1,p2263,35
17948,perfect prawn,policy_specific_5_1,p2273,35
17949,perfect prawn,policy_specific_5_1,p2275,35
17950,perfect prawn,policy_specific_5_1,p2276,35
17951,perfect prawn,policy_specific_5_1,p2283,25
17952,perfect prawn,policy_specific_5_1,p2287,35
17953,perfect prawn,policy_specific_5_1,p2296,25
17954,perfect prawn,policy_specific_5_1,p2298,35
17955,perfect prawn,policy_specific_5_1,p2304,35
17956,perfect prawn,policy_specific_5_1,p2310,35
17957,perfect prawn,policy_specific_5_1,p2322,25
17958,perfect prawn,policy_specific_5_1,p2326,25
17959,perfect prawn,policy_specific_5_1,p2330,25
17960,perfect prawn,policy_specific_5_1,p2331,25
17961,perfect prawn,policy_specific_5_1,p2333,35
17962,perfect prawn,policy_specific_5_1,p2347,45
17963,perfect prawn,policy_specific_5_1,p2350,35
17964,perfect prawn,policy_specific_5_1,p2351,35
17965,perfect prawn,policy_specific_5_1,p2353,35
17966,perfect prawn,policy_specific_5_1,p2355,25
17967,perfect prawn,policy_specific_5_1,p2363,25
17968,perfect prawn,policy_specific_5_1,p2378,35
17969,perfect prawn,policy_specific_5_1,p2380,35
17970,perfect prawn,policy_specific_5_1,p2387,35
17971,perfect prawn,policy_specific_5_1,p2398,35
17972,perfect prawn,policy_specific_5_1,p2400,35
17973,perfect prawn,policy_specific_5_1,p2403,35
17974,perfect prawn,policy_specific_5_1,p2408,35
17975,perfect prawn,policy_specific_5_1,p2418,35
17976,perfect prawn,policy_specific_5_1,p2426,35
17977,perfect prawn,policy_specific_5_1,p2428,35
17978,perfect prawn,policy_specific_5_1,p2434,45
17979,perfect prawn,policy_specific_5_1,p2446,35
17980,perfect prawn,policy_specific_5_1,p2452,35
17981,perfect prawn,policy_specific_5_1,p2454,25
17982,perfect prawn,policy_specific_5_1,p2462,35
17983,perfect prawn,policy_specific_5_1,p2467,20
17984,perfect prawn,policy_specific_5_1,p2482,35
17985,perfect prawn,policy_specific_5_1,p2489,35
17986,perfect prawn,policy_specific_5_1,p2490,35
17987,perfect prawn,policy_specific_5_1,p2494,35
17988,perfect prawn,policy_specific_5_1,p2502,35
17989,perfect prawn,policy_specific_5_1,p2503,35
17990,perfect prawn,policy_specific_5_1,p2522,35
17991,perfect prawn,policy_specific_5_1,p2524,35
17992,perfect prawn,policy_specific_5_1,p2533,25
17993,perfect prawn,policy_specific_5_1,p2566,25
17994,perfect prawn,policy_specific_5_1,p2571,35
17995,perfect prawn,policy_specific_5_1,p2573,35
17996,perfect prawn,policy_specific_5_1,p2582,35
17997,perfect prawn,policy_specific_5_1,p2591,25
17998,perfect prawn,policy_specific_5_1,p2592,35
17999,perfect prawn,policy_specific_5_1,p2595,25
18000,perfect prawn,policy_specific_6_1,p0016,75
18001,perfect prawn,policy_specific_6_1,p0022,78
18002,perfect prawn,policy_specific_6_1,p0023,85
18003,perfect prawn,policy_specific_6_1,p0026,78
18004,perfect prawn,policy_specific_6_1,p0034,75
18005,perfect prawn,policy_specific_6_1,p0036,75
18006,perfect prawn,policy_specific_6_1,p0037,75
18007,perfect prawn,policy_specific_6_1,p0042,78
18008,perfect prawn,policy_specific_6_1,p0057,75
18009,perfect prawn,policy_specific_6_1,p0066,65
18010,perfect prawn,policy_specific_6_1,p0069,75
18011,perfect prawn,policy_specific_6_1,p0072,78
18012,perfect prawn,policy_specific_6_1,p0073,75
18013,perfect prawn,policy_specific_6_1,p0082,78
18014,perfect prawn,policy_specific_6_1,p0091,85
18015,perfect prawn,policy_specific_6_1,p0092,75
18016,perfect prawn,policy_specific_6_1,p0093,75
18017,perfect prawn,policy_specific_6_1,p0095,78
18018,perfect prawn,policy_specific_6_1,p0107,72
18019,perfect prawn,policy_specific_6_1,p0114,78
18020,perfect prawn,policy_specific_6_1,p0116,75
18021,perfect prawn,policy_specific_6_1,p0118,75
18022,perfect prawn,policy_specific_6_1,p0119,78
18023,perfect prawn,policy_specific_6_1,p0126,75
18024,perfect prawn,policy_specific_6_1,p0129,85
18025,perfect prawn,policy_specific_6_1,p0136,72
18026,perfect prawn,policy_specific_6_1,p0138,65
18027,perfect prawn,policy_specific_6_1,p0144,75
18028,perfect prawn,policy_specific_6_1,p0150,75
18029,perfect prawn,policy_specific_6_1,p0152,75
18030,perfect prawn,policy_specific_6_1,p0158,65
18031,perfect prawn,policy_specific_6_1,p0161,68
18032,perfect prawn,policy_specific_6_1,p0164,68
18033,perfect prawn,policy_specific_6_1,p0175,78
18034,perfect prawn,policy_specific_6_1,p0177,78
18035,perfect prawn,policy_specific_6_1,p0178,85
18036,perfect prawn,policy_specific_6_1,p0181,45
18037,perfect prawn,policy_specific_6_1,p0186,75
18038,perfect prawn,policy_specific_6_1,p0196,75
18039,perfect prawn,policy_specific_6_1,p0198,78
18040,perfect prawn,policy_specific_6_1,p0202,78
18041,perfect prawn,policy_specific_6_1,p0205,75
18042,perfect prawn,policy_specific_6_1,p0207,75
18043,perfect prawn,policy_specific_6_1,p0211,65
18044,perfect prawn,policy_specific_6_1,p0227,88
18045,perfect prawn,policy_specific_6_1,p0229,75
18046,perfect prawn,policy_specific_6_1,p0232,75
18047,perfect prawn,policy_specific_6_1,p0233,75
18048,perfect prawn,policy_specific_6_1,p0237,85
18049,perfect prawn,policy_specific_6_1,p0258,75
18050,perfect prawn,policy_specific_6_1,p0268,45
18051,perfect prawn,policy_specific_6_1,p0274,78
18052,perfect prawn,policy_specific_6_1,p0275,68
18053,perfect prawn,policy_specific_6_1,p0277,75
18054,perfect prawn,policy_specific_6_1,p0288,85
18055,perfect prawn,policy_specific_6_1,p0291,75
18056,perfect prawn,policy_specific_6_1,p0307,75
18057,perfect prawn,policy_specific_6_1,p0308,78
18058,perfect prawn,policy_specific_6_1,p0317,45
18059,perfect prawn,policy_specific_6_1,p0325,85
18060,perfect prawn,policy_specific_6_1,p0327,85
18061,perfect prawn,policy_specific_6_1,p0334,85
18062,perfect prawn,policy_specific_6_1,p0336,78
18063,perfect prawn,policy_specific_6_1,p0338,65
18064,perfect prawn,policy_specific_6_1,p0342,78
18065,perfect prawn,policy_specific_6_1,p0349,65
18066,perfect prawn,policy_specific_6_1,p0356,75
18067,perfect prawn,policy_specific_6_1,p0358,75
18068,perfect prawn,policy_specific_6_1,p0363,78
18069,perfect prawn,policy_specific_6_1,p0364,78
18070,perfect prawn,policy_specific_6_1,p0369,85
18071,perfect prawn,policy_specific_6_1,p0370,65
18072,perfect prawn,policy_specific_6_1,p0371,75
18073,perfect prawn,policy_specific_6_1,p0379,75
18074,perfect prawn,policy_specific_6_1,p0386,78
18075,perfect prawn,policy_specific_6_1,p0396,78
18076,perfect prawn,policy_specific_6_1,p0403,85
18077,perfect prawn,policy_specific_6_1,p0405,85
18078,perfect prawn,policy_specific_6_1,p0412,78
18079,perfect prawn,policy_specific_6_1,p0415,68
18080,perfect prawn,policy_specific_6_1,p0416,75
18081,perfect prawn,policy_specific_6_1,p0417,75
18082,perfect prawn,policy_specific_6_1,p0418,68
18083,perfect prawn,policy_specific_6_1,p0430,75
18084,perfect prawn,policy_specific_6_1,p0431,75
18085,perfect prawn,policy_specific_6_1,p0434,35
18086,perfect prawn,policy_specific_6_1,p0438,85
18087,perfect prawn,policy_specific_6_1,p0441,85
18088,perfect prawn,policy_specific_6_1,p0442,75
18089,perfect prawn,policy_specific_6_1,p0449,75
18090,perfect prawn,policy_specific_6_1,p0450,75
18091,perfect prawn,policy_specific_6_1,p0465,75
18092,perfect prawn,policy_specific_6_1,p0471,78
18093,perfect prawn,policy_specific_6_1,p0477,78
18094,perfect prawn,policy_specific_6_1,p0483,78
18095,perfect prawn,policy_specific_6_1,p0486,75
18096,perfect prawn,policy_specific_6_1,p0487,75
18097,perfect prawn,policy_specific_6_1,p0489,75
18098,perfect prawn,policy_specific_6_1,p0497,75
18099,perfect prawn,policy_specific_6_1,p0502,75
18100,perfect prawn,policy_specific_6_1,p0503,75
18101,perfect prawn,policy_specific_6_1,p0506,75
18102,perfect prawn,policy_specific_6_1,p0511,78
18103,perfect prawn,policy_specific_6_1,p0523,75
18104,perfect prawn,policy_specific_6_1,p0534,85
18105,perfect prawn,policy_specific_6_1,p0536,78
18106,perfect prawn,policy_specific_6_1,p0542,75
18107,perfect prawn,policy_specific_6_1,p0547,75
18108,perfect prawn,policy_specific_6_1,p0553,78
18109,perfect prawn,policy_specific_6_1,p0559,78
18110,perfect prawn,policy_specific_6_1,p0566,75
18111,perfect prawn,policy_specific_6_1,p0568,78
18112,perfect prawn,policy_specific_6_1,p0570,75
18113,perfect prawn,policy_specific_6_1,p0573,78
18114,perfect prawn,policy_specific_6_1,p0578,75
18115,perfect prawn,policy_specific_6_1,p0594,65
18116,perfect prawn,policy_specific_6_1,p0597,75
18117,perfect prawn,policy_specific_6_1,p0601,75
18118,perfect prawn,policy_specific_6_1,p0602,65
18119,perfect prawn,policy_specific_6_1,p0605,78
18120,perfect prawn,policy_specific_6_1,p0615,65
18121,perfect prawn,policy_specific_6_1,p0620,78
18122,perfect prawn,policy_specific_6_1,p0626,75
18123,perfect prawn,policy_specific_6_1,p0629,78
18124,perfect prawn,policy_specific_6_1,p0633,75
18125,perfect prawn,policy_specific_6_1,p0638,75
18126,perfect prawn,policy_specific_6_1,p0639,75
18127,perfect prawn,policy_specific_6_1,p0640,75
18128,perfect prawn,policy_specific_6_1,p0655,75
18129,perfect prawn,policy_specific_6_1,p0656,78
18130,perfect prawn,policy_specific_6_1,p0658,75
18131,perfect prawn,policy_specific_6_1,p0661,75
18132,perfect prawn,policy_specific_6_1,p0669,82
18133,perfect prawn,policy_specific_6_1,p0670,75
18134,perfect prawn,policy_specific_6_1,p0672,75
18135,perfect prawn,policy_specific_6_1,p0674,78
18136,perfect prawn,policy_specific_6_1,p0678,78
18137,perfect prawn,policy_specific_6_1,p0683,75
18138,perfect prawn,policy_specific_6_1,p0686,75
18139,perfect prawn,policy_specific_6_1,p0687,78
18140,perfect prawn,policy_specific_6_1,p0698,75
18141,perfect prawn,policy_specific_6_1,p0700,75
18142,perfect prawn,policy_specific_6_1,p0703,75
18143,perfect prawn,policy_specific_6_1,p0718,75
18144,perfect prawn,policy_specific_6_1,p0744,78
18145,perfect prawn,policy_specific_6_1,p0745,75
18146,perfect prawn,policy_specific_6_1,p0753,65
18147,perfect prawn,policy_specific_6_1,p0770,75
18148,perfect prawn,policy_specific_6_1,p0771,78
18149,perfect prawn,policy_specific_6_1,p0777,85
18150,perfect prawn,policy_specific_6_1,p0779,78
18151,perfect prawn,policy_specific_6_1,p0780,68
18152,perfect prawn,policy_specific_6_1,p0783,75
18153,perfect prawn,policy_specific_6_1,p0785,75
18154,perfect prawn,policy_specific_6_1,p0786,75
18155,perfect prawn,policy_specific_6_1,p0794,45
18156,perfect prawn,policy_specific_6_1,p0798,65
18157,perfect prawn,policy_specific_6_1,p0800,78
18158,perfect prawn,policy_specific_6_1,p0820,75
18159,perfect prawn,policy_specific_6_1,p0841,65
18160,perfect prawn,policy_specific_6_1,p0849,78
18161,perfect prawn,policy_specific_6_1,p0862,85
18162,perfect prawn,policy_specific_6_1,p0867,85
18163,perfect prawn,policy_specific_6_1,p0869,78
18164,perfect prawn,policy_specific_6_1,p0872,78
18165,perfect prawn,policy_specific_6_1,p0880,78
18166,perfect prawn,policy_specific_6_1,p0891,78
18167,perfect prawn,policy_specific_6_1,p0916,75
18168,perfect prawn,policy_specific_6_1,p0917,78
18169,perfect prawn,policy_specific_6_1,p0919,78
18170,perfect prawn,policy_specific_6_1,p0922,75
18171,perfect prawn,policy_specific_6_1,p0925,75
18172,perfect prawn,policy_specific_6_1,p0927,78
18173,perfect prawn,policy_specific_6_1,p0929,78
18174,perfect prawn,policy_specific_6_1,p0930,75
18175,perfect prawn,policy_specific_6_1,p0931,65
18176,perfect prawn,policy_specific_6_1,p0933,78
18177,perfect prawn,policy_specific_6_1,p0934,45
18178,perfect prawn,policy_specific_6_1,p0936,78
18179,perfect prawn,policy_specific_6_1,p0938,75
18180,perfect prawn,policy_specific_6_1,p0939,65
18181,perfect prawn,policy_specific_6_1,p0946,75
18182,perfect prawn,policy_specific_6_1,p0951,78
18183,perfect prawn,policy_specific_6_1,p0956,78
18184,perfect prawn,policy_specific_6_1,p0962,75
18185,perfect prawn,policy_specific_6_1,p0963,78
18186,perfect prawn,policy_specific_6_1,p0969,65
18187,perfect prawn,policy_specific_6_1,p0972,78
18188,perfect prawn,policy_specific_6_1,p0975,78
18189,perfect prawn,policy_specific_6_1,p0985,75
18190,perfect prawn,policy_specific_6_1,p0993,85
18191,perfect prawn,policy_specific_6_1,p0996,68
18192,perfect prawn,policy_specific_6_1,p1011,65
18193,perfect prawn,policy_specific_6_1,p1017,65
18194,perfect prawn,policy_specific_6_1,p1020,65
18195,perfect prawn,policy_specific_6_1,p1022,78
18196,perfect prawn,policy_specific_6_1,p1024,68
18197,perfect prawn,policy_specific_6_1,p1027,82
18198,perfect prawn,policy_specific_6_1,p1028,85
18199,perfect prawn,policy_specific_6_1,p1029,68
18200,perfect prawn,policy_specific_6_1,p1032,75
18201,perfect prawn,policy_specific_6_1,p1040,78
18202,perfect prawn,policy_specific_6_1,p1047,75
18203,perfect prawn,policy_specific_6_1,p1048,65
18204,perfect prawn,policy_specific_6_1,p1053,75
18205,perfect prawn,policy_specific_6_1,p1057,75
18206,perfect prawn,policy_specific_6_1,p1058,75
18207,perfect prawn,policy_specific_6_1,p1063,65
18208,perfect prawn,policy_specific_6_1,p1064,75
18209,perfect prawn,policy_specific_6_1,p1065,72
18210,perfect prawn,policy_specific_6_1,p1069,75
18211,perfect prawn,policy_specific_6_1,p1072,78
18212,perfect prawn,policy_specific_6_1,p1073,75
18213,perfect prawn,policy_specific_6_1,p1075,78
18214,perfect prawn,policy_specific_6_1,p1076,65
18215,perfect prawn,policy_specific_6_1,p1083,68
18216,perfect prawn,policy_specific_6_1,p1089,85
18217,perfect prawn,policy_specific_6_1,p1093,78
18218,perfect prawn,policy_specific_6_1,p1096,78
18219,perfect prawn,policy_specific_6_1,p1100,75
18220,perfect prawn,policy_specific_6_1,p1106,75
18221,perfect prawn,policy_specific_6_1,p1107,68
18222,perfect prawn,policy_specific_6_1,p1113,75
18223,perfect prawn,policy_specific_6_1,p1117,65
18224,perfect prawn,policy_specific_6_1,p1120,78
18225,perfect prawn,policy_specific_6_1,p1134,75
18226,perfect prawn,policy_specific_6_1,p1136,65
18227,perfect prawn,policy_specific_6_1,p1138,78
18228,perfect prawn,policy_specific_6_1,p1144,75
18229,perfect prawn,policy_specific_6_1,p1145,78
18230,perfect prawn,policy_specific_6_1,p1147,85
18231,perfect prawn,policy_specific_6_1,p1148,78
18232,perfect prawn,policy_specific_6_1,p1154,85
18233,perfect prawn,policy_specific_6_1,p1159,75
18234,perfect prawn,policy_specific_6_1,p1167,75
18235,perfect prawn,policy_specific_6_1,p1175,78
18236,perfect prawn,policy_specific_6_1,p1178,75
18237,perfect prawn,policy_specific_6_1,p1184,75
18238,perfect prawn,policy_specific_6_1,p1186,75
18239,perfect prawn,policy_specific_6_1,p1196,75
18240,perfect prawn,policy_specific_6_1,p1197,75
18241,perfect prawn,policy_specific_6_1,p1203,75
18242,perfect prawn,policy_specific_6_1,p1219,75
18243,perfect prawn,policy_specific_6_1,p1225,75
18244,perfect prawn,policy_specific_6_1,p1234,78
18245,perfect prawn,policy_specific_6_1,p1242,78
18246,perfect prawn,policy_specific_6_1,p1244,75
18247,perfect prawn,policy_specific_6_1,p1249,75
18248,perfect prawn,policy_specific_6_1,p1250,75
18249,perfect prawn,policy_specific_6_1,p1256,78
18250,perfect prawn,policy_specific_6_1,p1258,82
18251,perfect prawn,policy_specific_6_1,p1260,75
18252,perfect prawn,policy_specific_6_1,p1262,55
18253,perfect prawn,policy_specific_6_1,p1264,75
18254,perfect prawn,policy_specific_6_1,p1265,78
18255,perfect prawn,policy_specific_6_1,p1269,75
18256,perfect prawn,policy_specific_6_1,p1272,75
18257,perfect prawn,policy_specific_6_1,p1278,75
18258,perfect prawn,policy_specific_6_1,p1281,85
18259,perfect prawn,policy_specific_6_1,p1292,75
18260,perfect prawn,policy_specific_6_1,p1299,75
18261,perfect prawn,policy_specific_6_1,p1312,75
18262,perfect prawn,policy_specific_6_1,p1322,75
18263,perfect prawn,policy_specific_6_1,p1326,78
18264,perfect prawn,policy_specific_6_1,p1330,75
18265,perfect prawn,policy_specific_6_1,p1335,78
18266,perfect prawn,policy_specific_6_1,p1337,75
18267,perfect prawn,policy_specific_6_1,p1340,78
18268,perfect prawn,policy_specific_6_1,p1345,75
18269,perfect prawn,policy_specific_6_1,p1351,75
18270,perfect prawn,policy_specific_6_1,p1355,65
18271,perfect prawn,policy_specific_6_1,p1362,65
18272,perfect prawn,policy_specific_6_1,p1365,75
18273,perfect prawn,policy_specific_6_1,p1366,72
18274,perfect prawn,policy_specific_6_1,p1367,75
18275,perfect prawn,policy_specific_6_1,p1370,75
18276,perfect prawn,policy_specific_6_1,p1371,85
18277,perfect prawn,policy_specific_6_1,p1373,75
18278,perfect prawn,policy_specific_6_1,p1375,75
18279,perfect prawn,policy_specific_6_1,p1376,68
18280,perfect prawn,policy_specific_6_1,p1379,75
18281,perfect prawn,policy_specific_6_1,p1381,75
18282,perfect prawn,policy_specific_6_1,p1393,82
18283,perfect prawn,policy_specific_6_1,p1396,85
18284,perfect prawn,policy_specific_6_1,p1398,75
18285,perfect prawn,policy_specific_6_1,p1404,75
18286,perfect prawn,policy_specific_6_1,p1406,72
18287,perfect prawn,policy_specific_6_1,p1407,65
18288,perfect prawn,policy_specific_6_1,p1409,75
18289,perfect prawn,policy_specific_6_1,p1412,78
18290,perfect prawn,policy_specific_6_1,p1414,85
18291,perfect prawn,policy_specific_6_1,p1424,75
18292,perfect prawn,policy_specific_6_1,p1425,75
18293,perfect prawn,policy_specific_6_1,p1429,75
18294,perfect prawn,policy_specific_6_1,p1434,75
18295,perfect prawn,policy_specific_6_1,p1441,75
18296,perfect prawn,policy_specific_6_1,p1445,75
18297,perfect prawn,policy_specific_6_1,p1450,75
18298,perfect prawn,policy_specific_6_1,p1454,75
18299,perfect prawn,policy_specific_6_1,p1456,75
18300,perfect prawn,policy_specific_6_1,p1457,72
18301,perfect prawn,policy_specific_6_1,p1458,85
18302,perfect prawn,policy_specific_6_1,p1469,78
18303,perfect prawn,policy_specific_6_1,p1470,65
18304,perfect prawn,policy_specific_6_1,p1481,75
18305,perfect prawn,policy_specific_6_1,p1488,75
18306,perfect prawn,policy_specific_6_1,p1492,68
18307,perfect prawn,policy_specific_6_1,p1495,75
18308,perfect prawn,policy_specific_6_1,p1497,75
18309,perfect prawn,policy_specific_6_1,p1499,75
18310,perfect prawn,policy_specific_6_1,p1503,75
18311,perfect prawn,policy_specific_6_1,p1511,75
18312,perfect prawn,policy_specific_6_1,p1512,68
18313,perfect prawn,policy_specific_6_1,p1518,75
18314,perfect prawn,policy_specific_6_1,p1519,75
18315,perfect prawn,policy_specific_6_1,p1520,68
18316,perfect prawn,policy_specific_6_1,p1524,78
18317,perfect prawn,policy_specific_6_1,p1526,75
18318,perfect prawn,policy_specific_6_1,p1537,75
18319,perfect prawn,policy_specific_6_1,p1545,78
18320,perfect prawn,policy_specific_6_1,p1547,78
18321,perfect prawn,policy_specific_6_1,p1552,90
18322,perfect prawn,policy_specific_6_1,p1567,78
18323,perfect prawn,policy_specific_6_1,p1568,78
18324,perfect prawn,policy_specific_6_1,p1579,45
18325,perfect prawn,policy_specific_6_1,p1587,68
18326,perfect prawn,policy_specific_6_1,p1596,65
18327,perfect prawn,policy_specific_6_1,p1600,78
18328,perfect prawn,policy_specific_6_1,p1603,78
18329,perfect prawn,policy_specific_6_1,p1604,75
18330,perfect prawn,policy_specific_6_1,p1610,68
18331,perfect prawn,policy_specific_6_1,p1618,65
18332,perfect prawn,policy_specific_6_1,p1619,85
18333,perfect prawn,policy_specific_6_1,p1622,78
18334,perfect prawn,policy_specific_6_1,p1623,45
18335,perfect prawn,policy_specific_6_1,p1630,65
18336,perfect prawn,policy_specific_6_1,p1641,75
18337,perfect prawn,policy_specific_6_1,p1649,75
18338,perfect prawn,policy_specific_6_1,p1652,72
18339,perfect prawn,policy_specific_6_1,p1665,75
18340,perfect prawn,policy_specific_6_1,p1669,65
18341,perfect prawn,policy_specific_6_1,p1685,75
18342,perfect prawn,policy_specific_6_1,p1693,75
18343,perfect prawn,policy_specific_6_1,p1698,78
18344,perfect prawn,policy_specific_6_1,p1704,75
18345,perfect prawn,policy_specific_6_1,p1711,78
18346,perfect prawn,policy_specific_6_1,p1718,55
18347,perfect prawn,policy_specific_6_1,p1732,65
18348,perfect prawn,policy_specific_6_1,p1739,75
18349,perfect prawn,policy_specific_6_1,p1741,75
18350,perfect prawn,policy_specific_6_1,p1746,68
18351,perfect prawn,policy_specific_6_1,p1751,45
18352,perfect prawn,policy_specific_6_1,p1754,75
18353,perfect prawn,policy_specific_6_1,p1769,75
18354,perfect prawn,policy_specific_6_1,p1771,75
18355,perfect prawn,policy_specific_6_1,p1776,75
18356,perfect prawn,policy_specific_6_1,p1780,78
18357,perfect prawn,policy_specific_6_1,p1785,75
18358,perfect prawn,policy_specific_6_1,p1791,75
18359,perfect prawn,policy_specific_6_1,p1793,78
18360,perfect prawn,policy_specific_6_1,p1796,75
18361,perfect prawn,policy_specific_6_1,p1805,75
18362,perfect prawn,policy_specific_6_1,p1812,85
18363,perfect prawn,policy_specific_6_1,p1816,72
18364,perfect prawn,policy_specific_6_1,p1819,78
18365,perfect prawn,policy_specific_6_1,p1825,75
18366,perfect prawn,policy_specific_6_1,p1836,78
18367,perfect prawn,policy_specific_6_1,p1839,75
18368,perfect prawn,policy_specific_6_1,p1861,75
18369,perfect prawn,policy_specific_6_1,p1863,75
18370,perfect prawn,policy_specific_6_1,p1873,75
18371,perfect prawn,policy_specific_6_1,p1875,65
18372,perfect prawn,policy_specific_6_1,p1876,85
18373,perfect prawn,policy_specific_6_1,p1877,75
18374,perfect prawn,policy_specific_6_1,p1880,65
18375,perfect prawn,policy_specific_6_1,p1883,68
18376,perfect prawn,policy_specific_6_1,p1889,35
18377,perfect prawn,policy_specific_6_1,p1893,78
18378,perfect prawn,policy_specific_6_1,p1896,75
18379,perfect prawn,policy_specific_6_1,p1913,78
18380,perfect prawn,policy_specific_6_1,p1922,75
18381,perfect prawn,policy_specific_6_1,p1930,75
18382,perfect prawn,policy_specific_6_1,p1935,78
18383,perfect prawn,policy_specific_6_1,p1940,85
18384,perfect prawn,policy_specific_6_1,p1948,75
18385,perfect prawn,policy_specific_6_1,p1950,75
18386,perfect prawn,policy_specific_6_1,p1954,75
18387,perfect prawn,policy_specific_6_1,p1956,65
18388,perfect prawn,policy_specific_6_1,p1958,75
18389,perfect prawn,policy_specific_6_1,p1967,78
18390,perfect prawn,policy_specific_6_1,p1973,92
18391,perfect prawn,policy_specific_6_1,p1978,78
18392,perfect prawn,policy_specific_6_1,p1983,75
18393,perfect prawn,policy_specific_6_1,p1984,72
18394,perfect prawn,policy_specific_6_1,p1995,75
18395,perfect prawn,policy_specific_6_1,p1996,75
18396,perfect prawn,policy_specific_6_1,p1997,78
18397,perfect prawn,policy_specific_6_1,p2001,78
18398,perfect prawn,policy_specific_6_1,p2002,75
18399,perfect prawn,policy_specific_6_1,p2013,85
18400,perfect prawn,policy_specific_6_1,p2014,65
18401,perfect prawn,policy_specific_6_1,p2016,75
18402,perfect prawn,policy_specific_6_1,p2018,65
18403,perfect prawn,policy_specific_6_1,p2023,85
18404,perfect prawn,policy_specific_6_1,p2025,75
18405,perfect prawn,policy_specific_6_1,p2028,75
18406,perfect prawn,policy_specific_6_1,p2030,78
18407,perfect prawn,policy_specific_6_1,p2033,78
18408,perfect prawn,policy_specific_6_1,p2040,68
18409,perfect prawn,policy_specific_6_1,p2051,75
18410,perfect prawn,policy_specific_6_1,p2052,75
18411,perfect prawn,policy_specific_6_1,p2066,55
18412,perfect prawn,policy_specific_6_1,p2067,85
18413,perfect prawn,policy_specific_6_1,p2073,75
18414,perfect prawn,policy_specific_6_1,p2077,78
18415,perfect prawn,policy_specific_6_1,p2078,75
18416,perfect prawn,policy_specific_6_1,p2086,75
18417,perfect prawn,policy_specific_6_1,p2089,78
18418,perfect prawn,policy_specific_6_1,p2093,65
18419,perfect prawn,policy_specific_6_1,p2094,78
18420,perfect prawn,policy_specific_6_1,p2111,75
18421,perfect prawn,policy_specific_6_1,p2117,75
18422,perfect prawn,policy_specific_6_1,p2121,78
18423,perfect prawn,policy_specific_6_1,p2127,78
18424,perfect prawn,policy_specific_6_1,p2141,75
18425,perfect prawn,policy_specific_6_1,p2142,75
18426,perfect prawn,policy_specific_6_1,p2143,75
18427,perfect prawn,policy_specific_6_1,p2153,75
18428,perfect prawn,policy_specific_6_1,p2155,75
18429,perfect prawn,policy_specific_6_1,p2169,65
18430,perfect prawn,policy_specific_6_1,p2187,78
18431,perfect prawn,policy_specific_6_1,p2188,78
18432,perfect prawn,policy_specific_6_1,p2197,78
18433,perfect prawn,policy_specific_6_1,p2213,75
18434,perfect prawn,policy_specific_6_1,p2214,78
18435,perfect prawn,policy_specific_6_1,p2215,75
18436,perfect prawn,policy_specific_6_1,p2220,75
18437,perfect prawn,policy_specific_6_1,p2223,78
18438,perfect prawn,policy_specific_6_1,p2229,75
18439,perfect prawn,policy_specific_6_1,p2234,85
18440,perfect prawn,policy_specific_6_1,p2237,85
18441,perfect prawn,policy_specific_6_1,p2238,75
18442,perfect prawn,policy_specific_6_1,p2244,75
18443,perfect prawn,policy_specific_6_1,p2248,75
18444,perfect prawn,policy_specific_6_1,p2252,85
18445,perfect prawn,policy_specific_6_1,p2255,35
18446,perfect prawn,policy_specific_6_1,p2261,65
18447,perfect prawn,policy_specific_6_1,p2263,78
18448,perfect prawn,policy_specific_6_1,p2273,75
18449,perfect prawn,policy_specific_6_1,p2275,78
18450,perfect prawn,policy_specific_6_1,p2276,72
18451,perfect prawn,policy_specific_6_1,p2283,75
18452,perfect prawn,policy_specific_6_1,p2287,75
18453,perfect prawn,policy_specific_6_1,p2296,75
18454,perfect prawn,policy_specific_6_1,p2298,75
18455,perfect prawn,policy_specific_6_1,p2304,78
18456,perfect prawn,policy_specific_6_1,p2310,72
18457,perfect prawn,policy_specific_6_1,p2322,68
18458,perfect prawn,policy_specific_6_1,p2326,75
18459,perfect prawn,policy_specific_6_1,p2330,75
18460,perfect prawn,policy_specific_6_1,p2331,75
18461,perfect prawn,policy_specific_6_1,p2333,75
18462,perfect prawn,policy_specific_6_1,p2347,75
18463,perfect prawn,policy_specific_6_1,p2350,75
18464,perfect prawn,policy_specific_6_1,p2351,75
18465,perfect prawn,policy_specific_6_1,p2353,75
18466,perfect prawn,policy_specific_6_1,p2355,75
18467,perfect prawn,policy_specific_6_1,p2363,65
18468,perfect prawn,policy_specific_6_1,p2378,78
18469,perfect prawn,policy_specific_6_1,p2380,85
18470,perfect prawn,policy_specific_6_1,p2387,78
18471,perfect prawn,policy_specific_6_1,p2398,75
18472,perfect prawn,policy_specific_6_1,p2400,85
18473,perfect prawn,policy_specific_6_1,p2403,85
18474,perfect prawn,policy_specific_6_1,p2408,75
18475,perfect prawn,policy_specific_6_1,p2418,78
18476,perfect prawn,policy_specific_6_1,p2426,78
18477,perfect prawn,policy_specific_6_1,p2428,75
18478,perfect prawn,policy_specific_6_1,p2434,78
18479,perfect prawn,policy_specific_6_1,p2446,75
18480,perfect prawn,policy_specific_6_1,p2452,75
18481,perfect prawn,policy_specific_6_1,p2454,75
18482,perfect prawn,policy_specific_6_1,p2462,78
18483,perfect prawn,policy_specific_6_1,p2467,35
18484,perfect prawn,policy_specific_6_1,p2482,78
18485,perfect prawn,policy_specific_6_1,p2489,75
18486,perfect prawn,policy_specific_6_1,p2490,75
18487,perfect prawn,policy_specific_6_1,p2494,75
18488,perfect prawn,policy_specific_6_1,p2502,78
18489,perfect prawn,policy_specific_6_1,p2503,78
18490,perfect prawn,policy_specific_6_1,p2522,78
18491,perfect prawn,policy_specific_6_1,p2524,78
18492,perfect prawn,policy_specific_6_1,p2533,65
18493,perfect prawn,policy_specific_6_1,p2566,78
18494,perfect prawn,policy_specific_6_1,p2571,78
18495,perfect prawn,policy_specific_6_1,p2573,68
18496,perfect prawn,policy_specific_6_1,p2582,78
18497,perfect prawn,policy_specific_6_1,p2591,65
18498,perfect prawn,policy_specific_6_1,p2592,78
18499,perfect prawn,policy_specific_6_1,p2595,68
18500,perfect prawn,policy_specific_7_1,p0016,85
18501,perfect prawn,policy_specific_7_1,p0022,85
18502,perfect prawn,policy_specific_7_1,p0023,92
18503,perfect prawn,policy_specific_7_1,p0026,82
18504,perfect prawn,policy_specific_7_1,p0034,85
18505,perfect prawn,policy_specific_7_1,p0036,75
18506,perfect prawn,policy_specific_7_1,p0037,75
18507,perfect prawn,policy_specific_7_1,p0042,78
18508,perfect prawn,policy_specific_7_1,p0057,78
18509,perfect prawn,policy_specific_7_1,p0066,75
18510,perfect prawn,policy_specific_7_1,p0069,75
18511,perfect prawn,policy_specific_7_1,p0072,90
18512,perfect prawn,policy_specific_7_1,p0073,92
18513,perfect prawn,policy_specific_7_1,p0082,85
18514,perfect prawn,policy_specific_7_1,p0091,92
18515,perfect prawn,policy_specific_7_1,p0092,85
18516,perfect prawn,policy_specific_7_1,p0093,85
18517,perfect prawn,policy_specific_7_1,p0095,85
18518,perfect prawn,policy_specific_7_1,p0107,78
18519,perfect prawn,policy_specific_7_1,p0114,85
18520,perfect prawn,policy_specific_7_1,p0116,85
18521,perfect prawn,policy_specific_7_1,p0118,85
18522,perfect prawn,policy_specific_7_1,p0119,85
18523,perfect prawn,policy_specific_7_1,p0126,78
18524,perfect prawn,policy_specific_7_1,p0129,90
18525,perfect prawn,policy_specific_7_1,p0136,75
18526,perfect prawn,policy_specific_7_1,p0138,85
18527,perfect prawn,policy_specific_7_1,p0144,85
18528,perfect prawn,policy_specific_7_1,p0150,90
18529,perfect prawn,policy_specific_7_1,p0152,85
18530,perfect prawn,policy_specific_7_1,p0158,85
18531,perfect prawn,policy_specific_7_1,p0161,85
18532,perfect prawn,policy_specific_7_1,p0164,85
18533,perfect prawn,policy_specific_7_1,p0175,85
18534,perfect prawn,policy_specific_7_1,p0177,85
18535,perfect prawn,policy_specific_7_1,p0178,85
18536,perfect prawn,policy_specific_7_1,p0181,85
18537,perfect prawn,policy_specific_7_1,p0186,85
18538,perfect prawn,policy_specific_7_1,p0196,90
18539,perfect prawn,policy_specific_7_1,p0198,85
18540,perfect prawn,policy_specific_7_1,p0202,85
18541,perfect prawn,policy_specific_7_1,p0205,85
18542,perfect prawn,policy_specific_7_1,p0207,92
18543,perfect prawn,policy_specific_7_1,p0211,75
18544,perfect prawn,policy_specific_7_1,p0227,90
18545,perfect prawn,policy_specific_7_1,p0229,85
18546,perfect prawn,policy_specific_7_1,p0232,85
18547,perfect prawn,policy_specific_7_1,p0233,85
18548,perfect prawn,policy_specific_7_1,p0237,92
18549,perfect prawn,policy_specific_7_1,p0258,75
18550,perfect prawn,policy_specific_7_1,p0268,85
18551,perfect prawn,policy_specific_7_1,p0274,85
18552,perfect prawn,policy_specific_7_1,p0275,75
18553,perfect prawn,policy_specific_7_1,p0277,85
18554,perfect prawn,policy_specific_7_1,p0288,92
18555,perfect prawn,policy_specific_7_1,p0291,92
18556,perfect prawn,policy_specific_7_1,p0307,85
18557,perfect prawn,policy_specific_7_1,p0308,90
18558,perfect prawn,policy_specific_7_1,p0317,75
18559,perfect prawn,policy_specific_7_1,p0325,90
18560,perfect prawn,policy_specific_7_1,p0327,92
18561,perfect prawn,policy_specific_7_1,p0334,85
18562,perfect prawn,policy_specific_7_1,p0336,85
18563,perfect prawn,policy_specific_7_1,p0338,85
18564,perfect prawn,policy_specific_7_1,p0342,92
18565,perfect prawn,policy_specific_7_1,p0349,85
18566,perfect prawn,policy_specific_7_1,p0356,85
18567,perfect prawn,policy_specific_7_1,p0358,85
18568,perfect prawn,policy_specific_7_1,p0363,78
18569,perfect prawn,policy_specific_7_1,p0364,85
18570,perfect prawn,policy_specific_7_1,p0369,92
18571,perfect prawn,policy_specific_7_1,p0370,75
18572,perfect prawn,policy_specific_7_1,p0371,85
18573,perfect prawn,policy_specific_7_1,p0379,78
18574,perfect prawn,policy_specific_7_1,p0386,85
18575,perfect prawn,policy_specific_7_1,p0396,85
18576,perfect prawn,policy_specific_7_1,p0403,85
18577,perfect prawn,policy_specific_7_1,p0405,92
18578,perfect prawn,policy_specific_7_1,p0412,85
18579,perfect prawn,policy_specific_7_1,p0415,75
18580,perfect prawn,policy_specific_7_1,p0416,85
18581,perfect prawn,policy_specific_7_1,p0417,85
18582,perfect prawn,policy_specific_7_1,p0418,75
18583,perfect prawn,policy_specific_7_1,p0430,85
18584,perfect prawn,policy_specific_7_1,p0431,92
18585,perfect prawn,policy_specific_7_1,p0434,75
18586,perfect prawn,policy_specific_7_1,p0438,92
18587,perfect prawn,policy_specific_7_1,p0441,90
18588,perfect prawn,policy_specific_7_1,p0442,85
18589,perfect prawn,policy_specific_7_1,p0449,85
18590,perfect prawn,policy_specific_7_1,p0450,85
18591,perfect prawn,policy_specific_7_1,p0465,85
18592,perfect prawn,policy_specific_7_1,p0471,78
18593,perfect prawn,policy_specific_7_1,p0477,82
18594,perfect prawn,policy_specific_7_1,p0483,85
18595,perfect prawn,policy_specific_7_1,p0486,85
18596,perfect prawn,policy_specific_7_1,p0487,90
18597,perfect prawn,policy_specific_7_1,p0489,92
18598,perfect prawn,policy_specific_7_1,p0497,85
18599,perfect prawn,policy_specific_7_1,p0502,85
18600,perfect prawn,policy_specific_7_1,p0503,92
18601,perfect prawn,policy_specific_7_1,p0506,85
18602,perfect prawn,policy_specific_7_1,p0511,85
18603,perfect prawn,policy_specific_7_1,p0523,85
18604,perfect prawn,policy_specific_7_1,p0534,92
18605,perfect prawn,policy_specific_7_1,p0536,78
18606,perfect prawn,policy_specific_7_1,p0542,75
18607,perfect prawn,policy_specific_7_1,p0547,90
18608,perfect prawn,policy_specific_7_1,p0553,85
18609,perfect prawn,policy_specific_7_1,p0559,85
18610,perfect prawn,policy_specific_7_1,p0566,90
18611,perfect prawn,policy_specific_7_1,p0568,90
18612,perfect prawn,policy_specific_7_1,p0570,75
18613,perfect prawn,policy_specific_7_1,p0573,90
18614,perfect prawn,policy_specific_7_1,p0578,85
18615,perfect prawn,policy_specific_7_1,p0594,85
18616,perfect prawn,policy_specific_7_1,p0597,92
18617,perfect prawn,policy_specific_7_1,p0601,85
18618,perfect prawn,policy_specific_7_1,p0602,75
18619,perfect prawn,policy_specific_7_1,p0605,85
18620,perfect prawn,policy_specific_7_1,p0615,75
18621,perfect prawn,policy_specific_7_1,p0620,85
18622,perfect prawn,policy_specific_7_1,p0626,75
18623,perfect prawn,policy_specific_7_1,p0629,85
18624,perfect prawn,policy_specific_7_1,p0633,75
18625,perfect prawn,policy_specific_7_1,p0638,85
18626,perfect prawn,policy_specific_7_1,p0639,85
18627,perfect prawn,policy_specific_7_1,p0640,85
18628,perfect prawn,policy_specific_7_1,p0655,92
18629,perfect prawn,policy_specific_7_1,p0656,75
18630,perfect prawn,policy_specific_7_1,p0658,85
18631,perfect prawn,policy_specific_7_1,p0661,85
18632,perfect prawn,policy_specific_7_1,p0669,85
18633,perfect prawn,policy_specific_7_1,p0670,85
18634,perfect prawn,policy_specific_7_1,p0672,90
18635,perfect prawn,policy_specific_7_1,p0674,85
18636,perfect prawn,policy_specific_7_1,p0678,85
18637,perfect prawn,policy_specific_7_1,p0683,85
18638,perfect prawn,policy_specific_7_1,p0686,75
18639,perfect prawn,policy_specific_7_1,p0687,92
18640,perfect prawn,policy_specific_7_1,p0698,85
18641,perfect prawn,policy_specific_7_1,p0700,85
18642,perfect prawn,policy_specific_7_1,p0703,85
18643,perfect prawn,policy_specific_7_1,p0718,85
18644,perfect prawn,policy_specific_7_1,p0744,85
18645,perfect prawn,policy_specific_7_1,p0745,92
18646,perfect prawn,policy_specific_7_1,p0753,85
18647,perfect prawn,policy_specific_7_1,p0770,92
18648,perfect prawn,policy_specific_7_1,p0771,85
18649,perfect prawn,policy_specific_7_1,p0777,92
18650,perfect prawn,policy_specific_7_1,p0779,85
18651,perfect prawn,policy_specific_7_1,p0780,75
18652,perfect prawn,policy_specific_7_1,p0783,78
18653,perfect prawn,policy_specific_7_1,p0785,85
18654,perfect prawn,policy_specific_7_1,p0786,85
18655,perfect prawn,policy_specific_7_1,p0794,75
18656,perfect prawn,policy_specific_7_1,p0798,85
18657,perfect prawn,policy_specific_7_1,p0800,85
18658,perfect prawn,policy_specific_7_1,p0820,75
18659,perfect prawn,policy_specific_7_1,p0841,85
18660,perfect prawn,policy_specific_7_1,p0849,85
18661,perfect prawn,policy_specific_7_1,p0862,85
18662,perfect prawn,policy_specific_7_1,p0867,90
18663,perfect prawn,policy_specific_7_1,p0869,85
18664,perfect prawn,policy_specific_7_1,p0872,85
18665,perfect prawn,policy_specific_7_1,p0880,90
18666,perfect prawn,policy_specific_7_1,p0891,85
18667,perfect prawn,policy_specific_7_1,p0916,85
18668,perfect prawn,policy_specific_7_1,p0917,85
18669,perfect prawn,policy_specific_7_1,p0919,85
18670,perfect prawn,policy_specific_7_1,p0922,85
18671,perfect prawn,policy_specific_7_1,p0925,85
18672,perfect prawn,policy_specific_7_1,p0927,85
18673,perfect prawn,policy_specific_7_1,p0929,85
18674,perfect prawn,policy_specific_7_1,p0930,85
18675,perfect prawn,policy_specific_7_1,p0931,85
18676,perfect prawn,policy_specific_7_1,p0933,90
18677,perfect prawn,policy_specific_7_1,p0934,75
18678,perfect prawn,policy_specific_7_1,p0936,85
18679,perfect prawn,policy_specific_7_1,p0938,85
18680,perfect prawn,policy_specific_7_1,p0939,85
18681,perfect prawn,policy_specific_7_1,p0946,85
18682,perfect prawn,policy_specific_7_1,p0951,85
18683,perfect prawn,policy_specific_7_1,p0956,78
18684,perfect prawn,policy_specific_7_1,p0962,85
18685,perfect prawn,policy_specific_7_1,p0963,90
18686,perfect prawn,policy_specific_7_1,p0969,90
18687,perfect prawn,policy_specific_7_1,p0972,85
18688,perfect prawn,policy_specific_7_1,p0975,92
18689,perfect prawn,policy_specific_7_1,p0985,85
18690,perfect prawn,policy_specific_7_1,p0993,90
18691,perfect prawn,policy_specific_7_1,p0996,85
18692,perfect prawn,policy_specific_7_1,p1011,75
18693,perfect prawn,policy_specific_7_1,p1017,85
18694,perfect prawn,policy_specific_7_1,p1020,92
18695,perfect prawn,policy_specific_7_1,p1022,85
18696,perfect prawn,policy_specific_7_1,p1024,75
18697,perfect prawn,policy_specific_7_1,p1027,85
18698,perfect prawn,policy_specific_7_1,p1028,90
18699,perfect prawn,policy_specific_7_1,p1029,75
18700,perfect prawn,policy_specific_7_1,p1032,85
18701,perfect prawn,policy_specific_7_1,p1040,85
18702,perfect prawn,policy_specific_7_1,p1047,75
18703,perfect prawn,policy_specific_7_1,p1048,85
18704,perfect prawn,policy_specific_7_1,p1053,75
18705,perfect prawn,policy_specific_7_1,p1057,75
18706,perfect prawn,policy_specific_7_1,p1058,75
18707,perfect prawn,policy_specific_7_1,p1063,85
18708,perfect prawn,policy_specific_7_1,p1064,90
18709,perfect prawn,policy_specific_7_1,p1065,75
18710,perfect prawn,policy_specific_7_1,p1069,85
18711,perfect prawn,policy_specific_7_1,p1072,85
18712,perfect prawn,policy_specific_7_1,p1073,85
18713,perfect prawn,policy_specific_7_1,p1075,85
18714,perfect prawn,policy_specific_7_1,p1076,85
18715,perfect prawn,policy_specific_7_1,p1083,75
18716,perfect prawn,policy_specific_7_1,p1089,85
18717,perfect prawn,policy_specific_7_1,p1093,85
18718,perfect prawn,policy_specific_7_1,p1096,85
18719,perfect prawn,policy_specific_7_1,p1100,85
18720,perfect prawn,policy_specific_7_1,p1106,90
18721,perfect prawn,policy_specific_7_1,p1107,85
18722,perfect prawn,policy_specific_7_1,p1113,85
18723,perfect prawn,policy_specific_7_1,p1117,85
18724,perfect prawn,policy_specific_7_1,p1120,78
18725,perfect prawn,policy_specific_7_1,p1134,85
18726,perfect prawn,policy_specific_7_1,p1136,85
18727,perfect prawn,policy_specific_7_1,p1138,75
18728,perfect prawn,policy_specific_7_1,p1144,75
18729,perfect prawn,policy_specific_7_1,p1145,85
18730,perfect prawn,policy_specific_7_1,p1147,90
18731,perfect prawn,policy_specific_7_1,p1148,85
18732,perfect prawn,policy_specific_7_1,p1154,90
18733,perfect prawn,policy_specific_7_1,p1159,90
18734,perfect prawn,policy_specific_7_1,p1167,92
18735,perfect prawn,policy_specific_7_1,p1175,85
18736,perfect prawn,policy_specific_7_1,p1178,85
18737,perfect prawn,policy_specific_7_1,p1184,85
18738,perfect prawn,policy_specific_7_1,p1186,90
18739,perfect prawn,policy_specific_7_1,p1196,85
18740,perfect prawn,policy_specific_7_1,p1197,75
18741,perfect prawn,policy_specific_7_1,p1203,85
18742,perfect prawn,policy_specific_7_1,p1219,85
18743,perfect prawn,policy_specific_7_1,p1225,85
18744,perfect prawn,policy_specific_7_1,p1234,85
18745,perfect prawn,policy_specific_7_1,p1242,85
18746,perfect prawn,policy_specific_7_1,p1244,85
18747,perfect prawn,policy_specific_7_1,p1249,78
18748,perfect prawn,policy_specific_7_1,p1250,85
18749,perfect prawn,policy_specific_7_1,p1256,85
18750,perfect prawn,policy_specific_7_1,p1258,85
18751,perfect prawn,policy_specific_7_1,p1260,75
18752,perfect prawn,policy_specific_7_1,p1262,85
18753,perfect prawn,policy_specific_7_1,p1264,85
18754,perfect prawn,policy_specific_7_1,p1265,85
18755,perfect prawn,policy_specific_7_1,p1269,85
18756,perfect prawn,policy_specific_7_1,p1272,75
18757,perfect prawn,policy_specific_7_1,p1278,85
18758,perfect prawn,policy_specific_7_1,p1281,90
18759,perfect prawn,policy_specific_7_1,p1292,85
18760,perfect prawn,policy_specific_7_1,p1299,85
18761,perfect prawn,policy_specific_7_1,p1312,85
18762,perfect prawn,policy_specific_7_1,p1322,75
18763,perfect prawn,policy_specific_7_1,p1326,78
18764,perfect prawn,policy_specific_7_1,p1330,85
18765,perfect prawn,policy_specific_7_1,p1335,75
18766,perfect prawn,policy_specific_7_1,p1337,85
18767,perfect prawn,policy_specific_7_1,p1340,92
18768,perfect prawn,policy_specific_7_1,p1345,85
18769,perfect prawn,policy_specific_7_1,p1351,75
18770,perfect prawn,policy_specific_7_1,p1355,85
18771,perfect prawn,policy_specific_7_1,p1362,90
18772,perfect prawn,policy_specific_7_1,p1365,75
18773,perfect prawn,policy_specific_7_1,p1366,75
18774,perfect prawn,policy_specific_7_1,p1367,75
18775,perfect prawn,policy_specific_7_1,p1370,85
18776,perfect prawn,policy_specific_7_1,p1371,92
18777,perfect prawn,policy_specific_7_1,p1373,75
18778,perfect prawn,policy_specific_7_1,p1375,85
18779,perfect prawn,policy_specific_7_1,p1376,85
18780,perfect prawn,policy_specific_7_1,p1379,85
18781,perfect prawn,policy_specific_7_1,p1381,85
18782,perfect prawn,policy_specific_7_1,p1393,90
18783,perfect prawn,policy_specific_7_1,p1396,92
18784,perfect prawn,policy_specific_7_1,p1398,85
18785,perfect prawn,policy_specific_7_1,p1404,85
18786,perfect prawn,policy_specific_7_1,p1406,85
18787,perfect prawn,policy_specific_7_1,p1407,75
18788,perfect prawn,policy_specific_7_1,p1409,85
18789,perfect prawn,policy_specific_7_1,p1412,90
18790,perfect prawn,policy_specific_7_1,p1414,92
18791,perfect prawn,policy_specific_7_1,p1424,85
18792,perfect prawn,policy_specific_7_1,p1425,75
18793,perfect prawn,policy_specific_7_1,p1429,85
18794,perfect prawn,policy_specific_7_1,p1434,85
18795,perfect prawn,policy_specific_7_1,p1441,75
18796,perfect prawn,policy_specific_7_1,p1445,85
18797,perfect prawn,policy_specific_7_1,p1450,85
18798,perfect prawn,policy_specific_7_1,p1454,85
18799,perfect prawn,policy_specific_7_1,p1456,90
18800,perfect prawn,policy_specific_7_1,p1457,75
18801,perfect prawn,policy_specific_7_1,p1458,92
18802,perfect prawn,policy_specific_7_1,p1469,85
18803,perfect prawn,policy_specific_7_1,p1470,75
18804,perfect prawn,policy_specific_7_1,p1481,85
18805,perfect prawn,policy_specific_7_1,p1488,90
18806,perfect prawn,policy_specific_7_1,p1492,75
18807,perfect prawn,policy_specific_7_1,p1495,85
18808,perfect prawn,policy_specific_7_1,p1497,85
18809,perfect prawn,policy_specific_7_1,p1499,90
18810,perfect prawn,policy_specific_7_1,p1503,85
18811,perfect prawn,policy_specific_7_1,p1511,85
18812,perfect prawn,policy_specific_7_1,p1512,75
18813,perfect prawn,policy_specific_7_1,p1518,85
18814,perfect prawn,policy_specific_7_1,p1519,85
18815,perfect prawn,policy_specific_7_1,p1520,75
18816,perfect prawn,policy_specific_7_1,p1524,85
18817,perfect prawn,policy_specific_7_1,p1526,85
18818,perfect prawn,policy_specific_7_1,p1537,85
18819,perfect prawn,policy_specific_7_1,p1545,78
18820,perfect prawn,policy_specific_7_1,p1547,90
18821,perfect prawn,policy_specific_7_1,p1552,90
18822,perfect prawn,policy_specific_7_1,p1567,90
18823,perfect prawn,policy_specific_7_1,p1568,85
18824,perfect prawn,policy_specific_7_1,p1579,75
18825,perfect prawn,policy_specific_7_1,p1587,75
18826,perfect prawn,policy_specific_7_1,p1596,85
18827,perfect prawn,policy_specific_7_1,p1600,85
18828,perfect prawn,policy_specific_7_1,p1603,78
18829,perfect prawn,policy_specific_7_1,p1604,85
18830,perfect prawn,policy_specific_7_1,p1610,78
18831,perfect prawn,policy_specific_7_1,p1618,85
18832,perfect prawn,policy_specific_7_1,p1619,92
18833,perfect prawn,policy_specific_7_1,p1622,85
18834,perfect prawn,policy_specific_7_1,p1623,75
18835,perfect prawn,policy_specific_7_1,p1630,75
18836,perfect prawn,policy_specific_7_1,p1641,90
18837,perfect prawn,policy_specific_7_1,p1649,75
18838,perfect prawn,policy_specific_7_1,p1652,78
18839,perfect prawn,policy_specific_7_1,p1665,85
18840,perfect prawn,policy_specific_7_1,p1669,92
18841,perfect prawn,policy_specific_7_1,p1685,85
18842,perfect prawn,policy_specific_7_1,p1693,85
18843,perfect prawn,policy_specific_7_1,p1698,90
18844,perfect prawn,policy_specific_7_1,p1704,85
18845,perfect prawn,policy_specific_7_1,p1711,85
18846,perfect prawn,policy_specific_7_1,p1718,75
18847,perfect prawn,policy_specific_7_1,p1732,85
18848,perfect prawn,policy_specific_7_1,p1739,85
18849,perfect prawn,policy_specific_7_1,p1741,90
18850,perfect prawn,policy_specific_7_1,p1746,75
18851,perfect prawn,policy_specific_7_1,p1751,85
18852,perfect prawn,policy_specific_7_1,p1754,85
18853,perfect prawn,policy_specific_7_1,p1769,85
18854,perfect prawn,policy_specific_7_1,p1771,85
18855,perfect prawn,policy_specific_7_1,p1776,85
18856,perfect prawn,policy_specific_7_1,p1780,85
18857,perfect prawn,policy_specific_7_1,p1785,85
18858,perfect prawn,policy_specific_7_1,p1791,85
18859,perfect prawn,policy_specific_7_1,p1793,85
18860,perfect prawn,policy_specific_7_1,p1796,85
18861,perfect prawn,policy_specific_7_1,p1805,78
18862,perfect prawn,policy_specific_7_1,p1812,92
18863,perfect prawn,policy_specific_7_1,p1816,75
18864,perfect prawn,policy_specific_7_1,p1819,85
18865,perfect prawn,policy_specific_7_1,p1825,92
18866,perfect prawn,policy_specific_7_1,p1836,85
18867,perfect prawn,policy_specific_7_1,p1839,85
18868,perfect prawn,policy_specific_7_1,p1861,85
18869,perfect prawn,policy_specific_7_1,p1863,85
18870,perfect prawn,policy_specific_7_1,p1873,85
18871,perfect prawn,policy_specific_7_1,p1875,85
18872,perfect prawn,policy_specific_7_1,p1876,90
18873,perfect prawn,policy_specific_7_1,p1877,85
18874,perfect prawn,policy_specific_7_1,p1880,85
18875,perfect prawn,policy_specific_7_1,p1883,85
18876,perfect prawn,policy_specific_7_1,p1889,75
18877,perfect prawn,policy_specific_7_1,p1893,85
18878,perfect prawn,policy_specific_7_1,p1896,85
18879,perfect prawn,policy_specific_7_1,p1913,85
18880,perfect prawn,policy_specific_7_1,p1922,92
18881,perfect prawn,policy_specific_7_1,p1930,92
18882,perfect prawn,policy_specific_7_1,p1935,85
18883,perfect prawn,policy_specific_7_1,p1940,92
18884,perfect prawn,policy_specific_7_1,p1948,90
18885,perfect prawn,policy_specific_7_1,p1950,85
18886,perfect prawn,policy_specific_7_1,p1954,75
18887,perfect prawn,policy_specific_7_1,p1956,75
18888,perfect prawn,policy_specific_7_1,p1958,75
18889,perfect prawn,policy_specific_7_1,p1967,90
18890,perfect prawn,policy_specific_7_1,p1973,95
18891,perfect prawn,policy_specific_7_1,p1978,78
18892,perfect prawn,policy_specific_7_1,p1983,75
18893,perfect prawn,policy_specific_7_1,p1984,75
18894,perfect prawn,policy_specific_7_1,p1995,75
18895,perfect prawn,policy_specific_7_1,p1996,78
18896,perfect prawn,policy_specific_7_1,p1997,85
18897,perfect prawn,policy_specific_7_1,p2001,85
18898,perfect prawn,policy_specific_7_1,p2002,75
18899,perfect prawn,policy_specific_7_1,p2013,92
18900,perfect prawn,policy_specific_7_1,p2014,85
18901,perfect prawn,policy_specific_7_1,p2016,90
18902,perfect prawn,policy_specific_7_1,p2018,85
18903,perfect prawn,policy_specific_7_1,p2023,92
18904,perfect prawn,policy_specific_7_1,p2025,85
18905,perfect prawn,policy_specific_7_1,p2028,85
18906,perfect prawn,policy_specific_7_1,p2030,85
18907,perfect prawn,policy_specific_7_1,p2033,78
18908,perfect prawn,policy_specific_7_1,p2040,75
18909,perfect prawn,policy_specific_7_1,p2051,85
18910,perfect prawn,policy_specific_7_1,p2052,85
18911,perfect prawn,policy_specific_7_1,p2066,75
18912,perfect prawn,policy_specific_7_1,p2067,85
18913,perfect prawn,policy_specific_7_1,p2073,85
18914,perfect prawn,policy_specific_7_1,p2077,78
18915,perfect prawn,policy_specific_7_1,p2078,85
18916,perfect prawn,policy_specific_7_1,p2086,85
18917,perfect prawn,policy_specific_7_1,p2089,85
18918,perfect prawn,policy_specific_7_1,p2093,75
18919,perfect prawn,policy_specific_7_1,p2094,85
18920,perfect prawn,policy_specific_7_1,p2111,85
18921,perfect prawn,policy_specific_7_1,p2117,92
18922,perfect prawn,policy_specific_7_1,p2121,82
18923,perfect prawn,policy_specific_7_1,p2127,85
18924,perfect prawn,policy_specific_7_1,p2141,85
18925,perfect prawn,policy_specific_7_1,p2142,75
18926,perfect prawn,policy_specific_7_1,p2143,92
18927,perfect prawn,policy_specific_7_1,p2153,85
18928,perfect prawn,policy_specific_7_1,p2155,85
18929,perfect prawn,policy_specific_7_1,p2169,85
18930,perfect prawn,policy_specific_7_1,p2187,85
18931,perfect prawn,policy_specific_7_1,p2188,85
18932,perfect prawn,policy_specific_7_1,p2197,85
18933,perfect prawn,policy_specific_7_1,p2213,78
18934,perfect prawn,policy_specific_7_1,p2214,78
18935,perfect prawn,policy_specific_7_1,p2215,85
18936,perfect prawn,policy_specific_7_1,p2220,85
18937,perfect prawn,policy_specific_7_1,p2223,78
18938,perfect prawn,policy_specific_7_1,p2229,85
18939,perfect prawn,policy_specific_7_1,p2234,95
18940,perfect prawn,policy_specific_7_1,p2237,92
18941,perfect prawn,policy_specific_7_1,p2238,85
18942,perfect prawn,policy_specific_7_1,p2244,85
18943,perfect prawn,policy_specific_7_1,p2248,85
18944,perfect prawn,policy_specific_7_1,p2252,85
18945,perfect prawn,policy_specific_7_1,p2255,75
18946,perfect prawn,policy_specific_7_1,p2261,75
18947,perfect prawn,policy_specific_7_1,p2263,85
18948,perfect prawn,policy_specific_7_1,p2273,85
18949,perfect prawn,policy_specific_7_1,p2275,85
18950,perfect prawn,policy_specific_7_1,p2276,78
18951,perfect prawn,policy_specific_7_1,p2283,85
18952,perfect prawn,policy_specific_7_1,p2287,85
18953,perfect prawn,policy_specific_7_1,p2296,78
18954,perfect prawn,policy_specific_7_1,p2298,75
18955,perfect prawn,policy_specific_7_1,p2304,92
18956,perfect prawn,policy_specific_7_1,p2310,78
18957,perfect prawn,policy_specific_7_1,p2322,75
18958,perfect prawn,policy_specific_7_1,p2326,85
18959,perfect prawn,policy_specific_7_1,p2330,75
18960,perfect prawn,policy_specific_7_1,p2331,85
18961,perfect prawn,policy_specific_7_1,p2333,85
18962,perfect prawn,policy_specific_7_1,p2347,85
18963,perfect prawn,policy_specific_7_1,p2350,85
18964,perfect prawn,policy_specific_7_1,p2351,85
18965,perfect prawn,policy_specific_7_1,p2353,78
18966,perfect prawn,policy_specific_7_1,p2355,85
18967,perfect prawn,policy_specific_7_1,p2363,75
18968,perfect prawn,policy_specific_7_1,p2378,85
18969,perfect prawn,policy_specific_7_1,p2380,85
18970,perfect prawn,policy_specific_7_1,p2387,85
18971,perfect prawn,policy_specific_7_1,p2398,85
18972,perfect prawn,policy_specific_7_1,p2400,92
18973,perfect prawn,policy_specific_7_1,p2403,85
18974,perfect prawn,policy_specific_7_1,p2408,75
18975,perfect prawn,policy_specific_7_1,p2418,85
18976,perfect prawn,policy_specific_7_1,p2426,85
18977,perfect prawn,policy_specific_7_1,p2428,75
18978,perfect prawn,policy_specific_7_1,p2434,85
18979,perfect prawn,policy_specific_7_1,p2446,85
18980,perfect prawn,policy_specific_7_1,p2452,75
18981,perfect prawn,policy_specific_7_1,p2454,75
18982,perfect prawn,policy_specific_7_1,p2462,85
18983,perfect prawn,policy_specific_7_1,p2467,75
18984,perfect prawn,policy_specific_7_1,p2482,85
18985,perfect prawn,policy_specific_7_1,p2489,85
18986,perfect prawn,policy_specific_7_1,p2490,75
18987,perfect prawn,policy_specific_7_1,p2494,78
18988,perfect prawn,policy_specific_7_1,p2502,85
18989,perfect prawn,policy_specific_7_1,p2503,85
18990,perfect prawn,policy_specific_7_1,p2522,85
18991,perfect prawn,policy_specific_7_1,p2524,85
18992,perfect prawn,policy_specific_7_1,p2533,75
18993,perfect prawn,policy_specific_7_1,p2566,85
18994,perfect prawn,policy_specific_7_1,p2571,88
18995,perfect prawn,policy_specific_7_1,p2573,75
18996,perfect prawn,policy_specific_7_1,p2582,85
18997,perfect prawn,policy_specific_7_1,p2591,75
18998,perfect prawn,policy_specific_7_1,p2592,85
18999,perfect prawn,policy_specific_7_1,p2595,75
19000,perfect prawn,individual_meat_1,p0016,35
19001,perfect prawn,individual_meat_1,p0022,35
19002,perfect prawn,individual_meat_1,p0023,35
19003,perfect prawn,individual_meat_1,p0026,35
19004,perfect prawn,individual_meat_1,p0034,35
19005,perfect prawn,individual_meat_1,p0036,35
19006,perfect prawn,individual_meat_1,p0037,35
19007,perfect prawn,individual_meat_1,p0042,35
19008,perfect prawn,individual_meat_1,p0057,35
19009,perfect prawn,individual_meat_1,p0066,25
19010,perfect prawn,individual_meat_1,p0069,25
19011,perfect prawn,individual_meat_1,p0072,35
19012,perfect prawn,individual_meat_1,p0073,35
19013,perfect prawn,individual_meat_1,p0082,35
19014,perfect prawn,individual_meat_1,p0091,35
19015,perfect prawn,individual_meat_1,p0092,35
19016,perfect prawn,individual_meat_1,p0093,35
19017,perfect prawn,individual_meat_1,p0095,35
19018,perfect prawn,individual_meat_1,p0107,35
19019,perfect prawn,individual_meat_1,p0114,35
19020,perfect prawn,individual_meat_1,p0116,35
19021,perfect prawn,individual_meat_1,p0118,35
19022,perfect prawn,individual_meat_1,p0119,35
19023,perfect prawn,individual_meat_1,p0126,35
19024,perfect prawn,individual_meat_1,p0129,35
19025,perfect prawn,individual_meat_1,p0136,35
19026,perfect prawn,individual_meat_1,p0138,35
19027,perfect prawn,individual_meat_1,p0144,35
19028,perfect prawn,individual_meat_1,p0150,35
19029,perfect prawn,individual_meat_1,p0152,35
19030,perfect prawn,individual_meat_1,p0158,35
19031,perfect prawn,individual_meat_1,p0161,35
19032,perfect prawn,individual_meat_1,p0164,35
19033,perfect prawn,individual_meat_1,p0175,35
19034,perfect prawn,individual_meat_1,p0177,35
19035,perfect prawn,individual_meat_1,p0178,35
19036,perfect prawn,individual_meat_1,p0181,35
19037,perfect prawn,individual_meat_1,p0186,35
19038,perfect prawn,individual_meat_1,p0196,35
19039,perfect prawn,individual_meat_1,p0198,35
19040,perfect prawn,individual_meat_1,p0202,35
19041,perfect prawn,individual_meat_1,p0205,35
19042,perfect prawn,individual_meat_1,p0207,25
19043,perfect prawn,individual_meat_1,p0211,25
19044,perfect prawn,individual_meat_1,p0227,35
19045,perfect prawn,individual_meat_1,p0229,35
19046,perfect prawn,individual_meat_1,p0232,35
19047,perfect prawn,individual_meat_1,p0233,35
19048,perfect prawn,individual_meat_1,p0237,35
19049,perfect prawn,individual_meat_1,p0258,35
19050,perfect prawn,individual_meat_1,p0268,25
19051,perfect prawn,individual_meat_1,p0274,35
19052,perfect prawn,individual_meat_1,p0275,35
19053,perfect prawn,individual_meat_1,p0277,35
19054,perfect prawn,individual_meat_1,p0288,35
19055,perfect prawn,individual_meat_1,p0291,35
19056,perfect prawn,individual_meat_1,p0307,35
19057,perfect prawn,individual_meat_1,p0308,35
19058,perfect prawn,individual_meat_1,p0317,25
19059,perfect prawn,individual_meat_1,p0325,35
19060,perfect prawn,individual_meat_1,p0327,35
19061,perfect prawn,individual_meat_1,p0334,35
19062,perfect prawn,individual_meat_1,p0336,35
19063,perfect prawn,individual_meat_1,p0338,35
19064,perfect prawn,individual_meat_1,p0342,35
19065,perfect prawn,individual_meat_1,p0349,35
19066,perfect prawn,individual_meat_1,p0356,35
19067,perfect prawn,individual_meat_1,p0358,25
19068,perfect prawn,individual_meat_1,p0363,35
19069,perfect prawn,individual_meat_1,p0364,35
19070,perfect prawn,individual_meat_1,p0369,35
19071,perfect prawn,individual_meat_1,p0370,35
19072,perfect prawn,individual_meat_1,p0371,35
19073,perfect prawn,individual_meat_1,p0379,35
19074,perfect prawn,individual_meat_1,p0386,35
19075,perfect prawn,individual_meat_1,p0396,35
19076,perfect prawn,individual_meat_1,p0403,35
19077,perfect prawn,individual_meat_1,p0405,35
19078,perfect prawn,individual_meat_1,p0412,35
19079,perfect prawn,individual_meat_1,p0415,35
19080,perfect prawn,individual_meat_1,p0416,35
19081,perfect prawn,individual_meat_1,p0417,35
19082,perfect prawn,individual_meat_1,p0418,35
19083,perfect prawn,individual_meat_1,p0430,35
19084,perfect prawn,individual_meat_1,p0431,35
19085,perfect prawn,individual_meat_1,p0434,25
19086,perfect prawn,individual_meat_1,p0438,35
19087,perfect prawn,individual_meat_1,p0441,35
19088,perfect prawn,individual_meat_1,p0442,35
19089,perfect prawn,individual_meat_1,p0449,35
19090,perfect prawn,individual_meat_1,p0450,35
19091,perfect prawn,individual_meat_1,p0465,35
19092,perfect prawn,individual_meat_1,p0471,35
19093,perfect prawn,individual_meat_1,p0477,35
19094,perfect prawn,individual_meat_1,p0483,35
19095,perfect prawn,individual_meat_1,p0486,25
19096,perfect prawn,individual_meat_1,p0487,35
19097,perfect prawn,individual_meat_1,p0489,35
19098,perfect prawn,individual_meat_1,p0497,25
19099,perfect prawn,individual_meat_1,p0502,35
19100,perfect prawn,individual_meat_1,p0503,35
19101,perfect prawn,individual_meat_1,p0506,35
19102,perfect prawn,individual_meat_1,p0511,35
19103,perfect prawn,individual_meat_1,p0523,35
19104,perfect prawn,individual_meat_1,p0534,35
19105,perfect prawn,individual_meat_1,p0536,35
19106,perfect prawn,individual_meat_1,p0542,35
19107,perfect prawn,individual_meat_1,p0547,35
19108,perfect prawn,individual_meat_1,p0553,35
19109,perfect prawn,individual_meat_1,p0559,35
19110,perfect prawn,individual_meat_1,p0566,35
19111,perfect prawn,individual_meat_1,p0568,35
19112,perfect prawn,individual_meat_1,p0570,25
19113,perfect prawn,individual_meat_1,p0573,35
19114,perfect prawn,individual_meat_1,p0578,35
19115,perfect prawn,individual_meat_1,p0594,35
19116,perfect prawn,individual_meat_1,p0597,35
19117,perfect prawn,individual_meat_1,p0601,35
19118,perfect prawn,individual_meat_1,p0602,35
19119,perfect prawn,individual_meat_1,p0605,35
19120,perfect prawn,individual_meat_1,p0615,35
19121,perfect prawn,individual_meat_1,p0620,35
19122,perfect prawn,individual_meat_1,p0626,35
19123,perfect prawn,individual_meat_1,p0629,35
19124,perfect prawn,individual_meat_1,p0633,35
19125,perfect prawn,individual_meat_1,p0638,35
19126,perfect prawn,individual_meat_1,p0639,35
19127,perfect prawn,individual_meat_1,p0640,35
19128,perfect prawn,individual_meat_1,p0655,25
19129,perfect prawn,individual_meat_1,p0656,35
19130,perfect prawn,individual_meat_1,p0658,35
19131,perfect prawn,individual_meat_1,p0661,35
19132,perfect prawn,individual_meat_1,p0669,35
19133,perfect prawn,individual_meat_1,p0670,35
19134,perfect prawn,individual_meat_1,p0672,35
19135,perfect prawn,individual_meat_1,p0674,45
19136,perfect prawn,individual_meat_1,p0678,35
19137,perfect prawn,individual_meat_1,p0683,35
19138,perfect prawn,individual_meat_1,p0686,35
19139,perfect prawn,individual_meat_1,p0687,35
19140,perfect prawn,individual_meat_1,p0698,35
19141,perfect prawn,individual_meat_1,p0700,35
19142,perfect prawn,individual_meat_1,p0703,35
19143,perfect prawn,individual_meat_1,p0718,35
19144,perfect prawn,individual_meat_1,p0744,35
19145,perfect prawn,individual_meat_1,p0745,35
19146,perfect prawn,individual_meat_1,p0753,35
19147,perfect prawn,individual_meat_1,p0770,35
19148,perfect prawn,individual_meat_1,p0771,35
19149,perfect prawn,individual_meat_1,p0777,35
19150,perfect prawn,individual_meat_1,p0779,35
19151,perfect prawn,individual_meat_1,p0780,35
19152,perfect prawn,individual_meat_1,p0783,35
19153,perfect prawn,individual_meat_1,p0785,35
19154,perfect prawn,individual_meat_1,p0786,35
19155,perfect prawn,individual_meat_1,p0794,25
19156,perfect prawn,individual_meat_1,p0798,25
19157,perfect prawn,individual_meat_1,p0800,35
19158,perfect prawn,individual_meat_1,p0820,35
19159,perfect prawn,individual_meat_1,p0841,35
19160,perfect prawn,individual_meat_1,p0849,35
19161,perfect prawn,individual_meat_1,p0862,35
19162,perfect prawn,individual_meat_1,p0867,35
19163,perfect prawn,individual_meat_1,p0869,35
19164,perfect prawn,individual_meat_1,p0872,35
19165,perfect prawn,individual_meat_1,p0880,35
19166,perfect prawn,individual_meat_1,p0891,35
19167,perfect prawn,individual_meat_1,p0916,35
19168,perfect prawn,individual_meat_1,p0917,35
19169,perfect prawn,individual_meat_1,p0919,35
19170,perfect prawn,individual_meat_1,p0922,35
19171,perfect prawn,individual_meat_1,p0925,35
19172,perfect prawn,individual_meat_1,p0927,35
19173,perfect prawn,individual_meat_1,p0929,35
19174,perfect prawn,individual_meat_1,p0930,35
19175,perfect prawn,individual_meat_1,p0931,25
19176,perfect prawn,individual_meat_1,p0933,35
19177,perfect prawn,individual_meat_1,p0934,35
19178,perfect prawn,individual_meat_1,p0936,35
19179,perfect prawn,individual_meat_1,p0938,35
19180,perfect prawn,individual_meat_1,p0939,35
19181,perfect prawn,individual_meat_1,p0946,35
19182,perfect prawn,individual_meat_1,p0951,35
19183,perfect prawn,individual_meat_1,p0956,35
19184,perfect prawn,individual_meat_1,p0962,25
19185,perfect prawn,individual_meat_1,p0963,35
19186,perfect prawn,individual_meat_1,p0969,35
19187,perfect prawn,individual_meat_1,p0972,35
19188,perfect prawn,individual_meat_1,p0975,35
19189,perfect prawn,individual_meat_1,p0985,35
19190,perfect prawn,individual_meat_1,p0993,35
19191,perfect prawn,individual_meat_1,p0996,35
19192,perfect prawn,individual_meat_1,p1011,35
19193,perfect prawn,individual_meat_1,p1017,25
19194,perfect prawn,individual_meat_1,p1020,35
19195,perfect prawn,individual_meat_1,p1022,35
19196,perfect prawn,individual_meat_1,p1024,35
19197,perfect prawn,individual_meat_1,p1027,35
19198,perfect prawn,individual_meat_1,p1028,35
19199,perfect prawn,individual_meat_1,p1029,35
19200,perfect prawn,individual_meat_1,p1032,35
19201,perfect prawn,individual_meat_1,p1040,35
19202,perfect prawn,individual_meat_1,p1047,35
19203,perfect prawn,individual_meat_1,p1048,35
19204,perfect prawn,individual_meat_1,p1053,35
19205,perfect prawn,individual_meat_1,p1057,35
19206,perfect prawn,individual_meat_1,p1058,35
19207,perfect prawn,individual_meat_1,p1063,35
19208,perfect prawn,individual_meat_1,p1064,35
19209,perfect prawn,individual_meat_1,p1065,35
19210,perfect prawn,individual_meat_1,p1069,35
19211,perfect prawn,individual_meat_1,p1072,35
19212,perfect prawn,individual_meat_1,p1073,35
19213,perfect prawn,individual_meat_1,p1075,35
19214,perfect prawn,individual_meat_1,p1076,35
19215,perfect prawn,individual_meat_1,p1083,35
19216,perfect prawn,individual_meat_1,p1089,35
19217,perfect prawn,individual_meat_1,p1093,35
19218,perfect prawn,individual_meat_1,p1096,35
19219,perfect prawn,individual_meat_1,p1100,35
19220,perfect prawn,individual_meat_1,p1106,35
19221,perfect prawn,individual_meat_1,p1107,35
19222,perfect prawn,individual_meat_1,p1113,25
19223,perfect prawn,individual_meat_1,p1117,30
19224,perfect prawn,individual_meat_1,p1120,35
19225,perfect prawn,individual_meat_1,p1134,35
19226,perfect prawn,individual_meat_1,p1136,35
19227,perfect prawn,individual_meat_1,p1138,35
19228,perfect prawn,individual_meat_1,p1144,35
19229,perfect prawn,individual_meat_1,p1145,35
19230,perfect prawn,individual_meat_1,p1147,35
19231,perfect prawn,individual_meat_1,p1148,35
19232,perfect prawn,individual_meat_1,p1154,35
19233,perfect prawn,individual_meat_1,p1159,35
19234,perfect prawn,individual_meat_1,p1167,35
19235,perfect prawn,individual_meat_1,p1175,35
19236,perfect prawn,individual_meat_1,p1178,35
19237,perfect prawn,individual_meat_1,p1184,35
19238,perfect prawn,individual_meat_1,p1186,35
19239,perfect prawn,individual_meat_1,p1196,35
19240,perfect prawn,individual_meat_1,p1197,35
19241,perfect prawn,individual_meat_1,p1203,35
19242,perfect prawn,individual_meat_1,p1219,35
19243,perfect prawn,individual_meat_1,p1225,35
19244,perfect prawn,individual_meat_1,p1234,35
19245,perfect prawn,individual_meat_1,p1242,35
19246,perfect prawn,individual_meat_1,p1244,35
19247,perfect prawn,individual_meat_1,p1249,35
19248,perfect prawn,individual_meat_1,p1250,35
19249,perfect prawn,individual_meat_1,p1256,35
19250,perfect prawn,individual_meat_1,p1258,35
19251,perfect prawn,individual_meat_1,p1260,35
19252,perfect prawn,individual_meat_1,p1262,35
19253,perfect prawn,individual_meat_1,p1264,35
19254,perfect prawn,individual_meat_1,p1265,35
19255,perfect prawn,individual_meat_1,p1269,35
19256,perfect prawn,individual_meat_1,p1272,35
19257,perfect prawn,individual_meat_1,p1278,35
19258,perfect prawn,individual_meat_1,p1281,35
19259,perfect prawn,individual_meat_1,p1292,35
19260,perfect prawn,individual_meat_1,p1299,35
19261,perfect prawn,individual_meat_1,p1312,35
19262,perfect prawn,individual_meat_1,p1322,35
19263,perfect prawn,individual_meat_1,p1326,35
19264,perfect prawn,individual_meat_1,p1330,35
19265,perfect prawn,individual_meat_1,p1335,35
19266,perfect prawn,individual_meat_1,p1337,35
19267,perfect prawn,individual_meat_1,p1340,35
19268,perfect prawn,individual_meat_1,p1345,35
19269,perfect prawn,individual_meat_1,p1351,35
19270,perfect prawn,individual_meat_1,p1355,35
19271,perfect prawn,individual_meat_1,p1362,30
19272,perfect prawn,individual_meat_1,p1365,25
19273,perfect prawn,individual_meat_1,p1366,35
19274,perfect prawn,individual_meat_1,p1367,35
19275,perfect prawn,individual_meat_1,p1370,35
19276,perfect prawn,individual_meat_1,p1371,35
19277,perfect prawn,individual_meat_1,p1373,35
19278,perfect prawn,individual_meat_1,p1375,25
19279,perfect prawn,individual_meat_1,p1376,35
19280,perfect prawn,individual_meat_1,p1379,35
19281,perfect prawn,individual_meat_1,p1381,35
19282,perfect prawn,individual_meat_1,p1393,35
19283,perfect prawn,individual_meat_1,p1396,35
19284,perfect prawn,individual_meat_1,p1398,35
19285,perfect prawn,individual_meat_1,p1404,35
19286,perfect prawn,individual_meat_1,p1406,35
19287,perfect prawn,individual_meat_1,p1407,35
19288,perfect prawn,individual_meat_1,p1409,35
19289,perfect prawn,individual_meat_1,p1412,35
19290,perfect prawn,individual_meat_1,p1414,35
19291,perfect prawn,individual_meat_1,p1424,35
19292,perfect prawn,individual_meat_1,p1425,25
19293,perfect prawn,individual_meat_1,p1429,35
19294,perfect prawn,individual_meat_1,p1434,35
19295,perfect prawn,individual_meat_1,p1441,35
19296,perfect prawn,individual_meat_1,p1445,35
19297,perfect prawn,individual_meat_1,p1450,35
19298,perfect prawn,individual_meat_1,p1454,35
19299,perfect prawn,individual_meat_1,p1456,35
19300,perfect prawn,individual_meat_1,p1457,35
19301,perfect prawn,individual_meat_1,p1458,35
19302,perfect prawn,individual_meat_1,p1469,35
19303,perfect prawn,individual_meat_1,p1470,35
19304,perfect prawn,individual_meat_1,p1481,35
19305,perfect prawn,individual_meat_1,p1488,35
19306,perfect prawn,individual_meat_1,p1492,35
19307,perfect prawn,individual_meat_1,p1495,35
19308,perfect prawn,individual_meat_1,p1497,35
19309,perfect prawn,individual_meat_1,p1499,35
19310,perfect prawn,individual_meat_1,p1503,35
19311,perfect prawn,individual_meat_1,p1511,35
19312,perfect prawn,individual_meat_1,p1512,35
19313,perfect prawn,individual_meat_1,p1518,35
19314,perfect prawn,individual_meat_1,p1519,35
19315,perfect prawn,individual_meat_1,p1520,35
19316,perfect prawn,individual_meat_1,p1524,35
19317,perfect prawn,individual_meat_1,p1526,35
19318,perfect prawn,individual_meat_1,p1537,35
19319,perfect prawn,individual_meat_1,p1545,35
19320,perfect prawn,individual_meat_1,p1547,35
19321,perfect prawn,individual_meat_1,p1552,35
19322,perfect prawn,individual_meat_1,p1567,35
19323,perfect prawn,individual_meat_1,p1568,35
19324,perfect prawn,individual_meat_1,p1579,25
19325,perfect prawn,individual_meat_1,p1587,35
19326,perfect prawn,individual_meat_1,p1596,35
19327,perfect prawn,individual_meat_1,p1600,35
19328,perfect prawn,individual_meat_1,p1603,35
19329,perfect prawn,individual_meat_1,p1604,35
19330,perfect prawn,individual_meat_1,p1610,35
19331,perfect prawn,individual_meat_1,p1618,35
19332,perfect prawn,individual_meat_1,p1619,35
19333,perfect prawn,individual_meat_1,p1622,35
19334,perfect prawn,individual_meat_1,p1623,35
19335,perfect prawn,individual_meat_1,p1630,25
19336,perfect prawn,individual_meat_1,p1641,35
19337,perfect prawn,individual_meat_1,p1649,35
19338,perfect prawn,individual_meat_1,p1652,35
19339,perfect prawn,individual_meat_1,p1665,35
19340,perfect prawn,individual_meat_1,p1669,25
19341,perfect prawn,individual_meat_1,p1685,35
19342,perfect prawn,individual_meat_1,p1693,35
19343,perfect prawn,individual_meat_1,p1698,35
19344,perfect prawn,individual_meat_1,p1704,35
19345,perfect prawn,individual_meat_1,p1711,35
19346,perfect prawn,individual_meat_1,p1718,35
19347,perfect prawn,individual_meat_1,p1732,35
19348,perfect prawn,individual_meat_1,p1739,35
19349,perfect prawn,individual_meat_1,p1741,25
19350,perfect prawn,individual_meat_1,p1746,35
19351,perfect prawn,individual_meat_1,p1751,35
19352,perfect prawn,individual_meat_1,p1754,35
19353,perfect prawn,individual_meat_1,p1769,35
19354,perfect prawn,individual_meat_1,p1771,35
19355,perfect prawn,individual_meat_1,p1776,35
19356,perfect prawn,individual_meat_1,p1780,35
19357,perfect prawn,individual_meat_1,p1785,35
19358,perfect prawn,individual_meat_1,p1791,35
19359,perfect prawn,individual_meat_1,p1793,35
19360,perfect prawn,individual_meat_1,p1796,35
19361,perfect prawn,individual_meat_1,p1805,35
19362,perfect prawn,individual_meat_1,p1812,35
19363,perfect prawn,individual_meat_1,p1816,35
19364,perfect prawn,individual_meat_1,p1819,35
19365,perfect prawn,individual_meat_1,p1825,35
19366,perfect prawn,individual_meat_1,p1836,35
19367,perfect prawn,individual_meat_1,p1839,35
19368,perfect prawn,individual_meat_1,p1861,35
19369,perfect prawn,individual_meat_1,p1863,35
19370,perfect prawn,individual_meat_1,p1873,35
19371,perfect prawn,individual_meat_1,p1875,35
19372,perfect prawn,individual_meat_1,p1876,35
19373,perfect prawn,individual_meat_1,p1877,35
19374,perfect prawn,individual_meat_1,p1880,35
19375,perfect prawn,individual_meat_1,p1883,35
19376,perfect prawn,individual_meat_1,p1889,25
19377,perfect prawn,individual_meat_1,p1893,35
19378,perfect prawn,individual_meat_1,p1896,35
19379,perfect prawn,individual_meat_1,p1913,35
19380,perfect prawn,individual_meat_1,p1922,25
19381,perfect prawn,individual_meat_1,p1930,35
19382,perfect prawn,individual_meat_1,p1935,35
19383,perfect prawn,individual_meat_1,p1940,35
19384,perfect prawn,individual_meat_1,p1948,35
19385,perfect prawn,individual_meat_1,p1950,35
19386,perfect prawn,individual_meat_1,p1954,35
19387,perfect prawn,individual_meat_1,p1956,35
19388,perfect prawn,individual_meat_1,p1958,35
19389,perfect prawn,individual_meat_1,p1967,35
19390,perfect prawn,individual_meat_1,p1973,35
19391,perfect prawn,individual_meat_1,p1978,35
19392,perfect prawn,individual_meat_1,p1983,35
19393,perfect prawn,individual_meat_1,p1984,35
19394,perfect prawn,individual_meat_1,p1995,35
19395,perfect prawn,individual_meat_1,p1996,35
19396,perfect prawn,individual_meat_1,p1997,35
19397,perfect prawn,individual_meat_1,p2001,35
19398,perfect prawn,individual_meat_1,p2002,35
19399,perfect prawn,individual_meat_1,p2013,35
19400,perfect prawn,individual_meat_1,p2014,35
19401,perfect prawn,individual_meat_1,p2016,35
19402,perfect prawn,individual_meat_1,p2018,35
19403,perfect prawn,individual_meat_1,p2023,35
19404,perfect prawn,individual_meat_1,p2025,25
19405,perfect prawn,individual_meat_1,p2028,35
19406,perfect prawn,individual_meat_1,p2030,35
19407,perfect prawn,individual_meat_1,p2033,35
19408,perfect prawn,individual_meat_1,p2040,35
19409,perfect prawn,individual_meat_1,p2051,35
19410,perfect prawn,individual_meat_1,p2052,35
19411,perfect prawn,individual_meat_1,p2066,35
19412,perfect prawn,individual_meat_1,p2067,35
19413,perfect prawn,individual_meat_1,p2073,35
19414,perfect prawn,individual_meat_1,p2077,35
19415,perfect prawn,individual_meat_1,p2078,35
19416,perfect prawn,individual_meat_1,p2086,35
19417,perfect prawn,individual_meat_1,p2089,35
19418,perfect prawn,individual_meat_1,p2093,25
19419,perfect prawn,individual_meat_1,p2094,35
19420,perfect prawn,individual_meat_1,p2111,35
19421,perfect prawn,individual_meat_1,p2117,35
19422,perfect prawn,individual_meat_1,p2121,35
19423,perfect prawn,individual_meat_1,p2127,35
19424,perfect prawn,individual_meat_1,p2141,35
19425,perfect prawn,individual_meat_1,p2142,25
19426,perfect prawn,individual_meat_1,p2143,35
19427,perfect prawn,individual_meat_1,p2153,35
19428,perfect prawn,individual_meat_1,p2155,35
19429,perfect prawn,individual_meat_1,p2169,25
19430,perfect prawn,individual_meat_1,p2187,35
19431,perfect prawn,individual_meat_1,p2188,35
19432,perfect prawn,individual_meat_1,p2197,35
19433,perfect prawn,individual_meat_1,p2213,35
19434,perfect prawn,individual_meat_1,p2214,35
19435,perfect prawn,individual_meat_1,p2215,35
19436,perfect prawn,individual_meat_1,p2220,35
19437,perfect prawn,individual_meat_1,p2223,35
19438,perfect prawn,individual_meat_1,p2229,35
19439,perfect prawn,individual_meat_1,p2234,35
19440,perfect prawn,individual_meat_1,p2237,35
19441,perfect prawn,individual_meat_1,p2238,35
19442,perfect prawn,individual_meat_1,p2244,35
19443,perfect prawn,individual_meat_1,p2248,35
19444,perfect prawn,individual_meat_1,p2252,35
19445,perfect prawn,individual_meat_1,p2255,25
19446,perfect prawn,individual_meat_1,p2261,35
19447,perfect prawn,individual_meat_1,p2263,35
19448,perfect prawn,individual_meat_1,p2273,35
19449,perfect prawn,individual_meat_1,p2275,35
19450,perfect prawn,individual_meat_1,p2276,35
19451,perfect prawn,individual_meat_1,p2283,35
19452,perfect prawn,individual_meat_1,p2287,35
19453,perfect prawn,individual_meat_1,p2296,35
19454,perfect prawn,individual_meat_1,p2298,35
19455,perfect prawn,individual_meat_1,p2304,35
19456,perfect prawn,individual_meat_1,p2310,35
19457,perfect prawn,individual_meat_1,p2322,35
19458,perfect prawn,individual_meat_1,p2326,35
19459,perfect prawn,individual_meat_1,p2330,35
19460,perfect prawn,individual_meat_1,p2331,35
19461,perfect prawn,individual_meat_1,p2333,35
19462,perfect prawn,individual_meat_1,p2347,35
19463,perfect prawn,individual_meat_1,p2350,35
19464,perfect prawn,individual_meat_1,p2351,35
19465,perfect prawn,individual_meat_1,p2353,35
19466,perfect prawn,individual_meat_1,p2355,35
19467,perfect prawn,individual_meat_1,p2363,35
19468,perfect prawn,individual_meat_1,p2378,35
19469,perfect prawn,individual_meat_1,p2380,35
19470,perfect prawn,individual_meat_1,p2387,35
19471,perfect prawn,individual_meat_1,p2398,35
19472,perfect prawn,individual_meat_1,p2400,35
19473,perfect prawn,individual_meat_1,p2403,35
19474,perfect prawn,individual_meat_1,p2408,35
19475,perfect prawn,individual_meat_1,p2418,35
19476,perfect prawn,individual_meat_1,p2426,35
19477,perfect prawn,individual_meat_1,p2428,35
19478,perfect prawn,individual_meat_1,p2434,35
19479,perfect prawn,individual_meat_1,p2446,35
19480,perfect prawn,individual_meat_1,p2452,35
19481,perfect prawn,individual_meat_1,p2454,35
19482,perfect prawn,individual_meat_1,p2462,35
19483,perfect prawn,individual_meat_1,p2467,25
19484,perfect prawn,individual_meat_1,p2482,35
19485,perfect prawn,individual_meat_1,p2489,35
19486,perfect prawn,individual_meat_1,p2490,35
19487,perfect prawn,individual_meat_1,p2494,35
19488,perfect prawn,individual_meat_1,p2502,35
19489,perfect prawn,individual_meat_1,p2503,35
19490,perfect prawn,individual_meat_1,p2522,35
19491,perfect prawn,individual_meat_1,p2524,35
19492,perfect prawn,individual_meat_1,p2533,25
19493,perfect prawn,individual_meat_1,p2566,35
19494,perfect prawn,individual_meat_1,p2571,35
19495,perfect prawn,individual_meat_1,p2573,35
19496,perfect prawn,individual_meat_1,p2582,35
19497,perfect prawn,individual_meat_1,p2591,35
19498,perfect prawn,individual_meat_1,p2592,35
19499,perfect prawn,individual_meat_1,p2595,25
19500,perfect prawn,individual_transport_1,p0016,35
19501,perfect prawn,individual_transport_1,p0022,35
19502,perfect prawn,individual_transport_1,p0023,65
19503,perfect prawn,individual_transport_1,p0026,45
19504,perfect prawn,individual_transport_1,p0034,35
19505,perfect prawn,individual_transport_1,p0036,45
19506,perfect prawn,individual_transport_1,p0037,45
19507,perfect prawn,individual_transport_1,p0042,45
19508,perfect prawn,individual_transport_1,p0057,35
19509,perfect prawn,individual_transport_1,p0066,35
19510,perfect prawn,individual_transport_1,p0069,35
19511,perfect prawn,individual_transport_1,p0072,35
19512,perfect prawn,individual_transport_1,p0073,45
19513,perfect prawn,individual_transport_1,p0082,45
19514,perfect prawn,individual_transport_1,p0091,65
19515,perfect prawn,individual_transport_1,p0092,45
19516,perfect prawn,individual_transport_1,p0093,45
19517,perfect prawn,individual_transport_1,p0095,45
19518,perfect prawn,individual_transport_1,p0107,35
19519,perfect prawn,individual_transport_1,p0114,65
19520,perfect prawn,individual_transport_1,p0116,45
19521,perfect prawn,individual_transport_1,p0118,35
19522,perfect prawn,individual_transport_1,p0119,55
19523,perfect prawn,individual_transport_1,p0126,35
19524,perfect prawn,individual_transport_1,p0129,45
19525,perfect prawn,individual_transport_1,p0136,45
19526,perfect prawn,individual_transport_1,p0138,35
19527,perfect prawn,individual_transport_1,p0144,45
19528,perfect prawn,individual_transport_1,p0150,45
19529,perfect prawn,individual_transport_1,p0152,35
19530,perfect prawn,individual_transport_1,p0158,35
19531,perfect prawn,individual_transport_1,p0161,35
19532,perfect prawn,individual_transport_1,p0164,35
19533,perfect prawn,individual_transport_1,p0175,45
19534,perfect prawn,individual_transport_1,p0177,45
19535,perfect prawn,individual_transport_1,p0178,65
19536,perfect prawn,individual_transport_1,p0181,35
19537,perfect prawn,individual_transport_1,p0186,45
19538,perfect prawn,individual_transport_1,p0196,45
19539,perfect prawn,individual_transport_1,p0198,65
19540,perfect prawn,individual_transport_1,p0202,45
19541,perfect prawn,individual_transport_1,p0205,35
19542,perfect prawn,individual_transport_1,p0207,35
19543,perfect prawn,individual_transport_1,p0211,35
19544,perfect prawn,individual_transport_1,p0227,65
19545,perfect prawn,individual_transport_1,p0229,45
19546,perfect prawn,individual_transport_1,p0232,45
19547,perfect prawn,individual_transport_1,p0233,35
19548,perfect prawn,individual_transport_1,p0237,65
19549,perfect prawn,individual_transport_1,p0258,45
19550,perfect prawn,individual_transport_1,p0268,35
19551,perfect prawn,individual_transport_1,p0274,68
19552,perfect prawn,individual_transport_1,p0275,35
19553,perfect prawn,individual_transport_1,p0277,45
19554,perfect prawn,individual_transport_1,p0288,45
19555,perfect prawn,individual_transport_1,p0291,45
19556,perfect prawn,individual_transport_1,p0307,45
19557,perfect prawn,individual_transport_1,p0308,45
19558,perfect prawn,individual_transport_1,p0317,35
19559,perfect prawn,individual_transport_1,p0325,45
19560,perfect prawn,individual_transport_1,p0327,65
19561,perfect prawn,individual_transport_1,p0334,45
19562,perfect prawn,individual_transport_1,p0336,68
19563,perfect prawn,individual_transport_1,p0338,35
19564,perfect prawn,individual_transport_1,p0342,65
19565,perfect prawn,individual_transport_1,p0349,35
19566,perfect prawn,individual_transport_1,p0356,45
19567,perfect prawn,individual_transport_1,p0358,35
19568,perfect prawn,individual_transport_1,p0363,45
19569,perfect prawn,individual_transport_1,p0364,65
19570,perfect prawn,individual_transport_1,p0369,65
19571,perfect prawn,individual_transport_1,p0370,45
19572,perfect prawn,individual_transport_1,p0371,45
19573,perfect prawn,individual_transport_1,p0379,35
19574,perfect prawn,individual_transport_1,p0386,65
19575,perfect prawn,individual_transport_1,p0396,65
19576,perfect prawn,individual_transport_1,p0403,45
19577,perfect prawn,individual_transport_1,p0405,65
19578,perfect prawn,individual_transport_1,p0412,45
19579,perfect prawn,individual_transport_1,p0415,35
19580,perfect prawn,individual_transport_1,p0416,45
19581,perfect prawn,individual_transport_1,p0417,45
19582,perfect prawn,individual_transport_1,p0418,45
19583,perfect prawn,individual_transport_1,p0430,45
19584,perfect prawn,individual_transport_1,p0431,65
19585,perfect prawn,individual_transport_1,p0434,25
19586,perfect prawn,individual_transport_1,p0438,45
19587,perfect prawn,individual_transport_1,p0441,45
19588,perfect prawn,individual_transport_1,p0442,35
19589,perfect prawn,individual_transport_1,p0449,45
19590,perfect prawn,individual_transport_1,p0450,45
19591,perfect prawn,individual_transport_1,p0465,45
19592,perfect prawn,individual_transport_1,p0471,45
19593,perfect prawn,individual_transport_1,p0477,35
19594,perfect prawn,individual_transport_1,p0483,45
19595,perfect prawn,individual_transport_1,p0486,35
19596,perfect prawn,individual_transport_1,p0487,65
19597,perfect prawn,individual_transport_1,p0489,45
19598,perfect prawn,individual_transport_1,p0497,35
19599,perfect prawn,individual_transport_1,p0502,45
19600,perfect prawn,individual_transport_1,p0503,65
19601,perfect prawn,individual_transport_1,p0506,45
19602,perfect prawn,individual_transport_1,p0511,35
19603,perfect prawn,individual_transport_1,p0523,45
19604,perfect prawn,individual_transport_1,p0534,45
19605,perfect prawn,individual_transport_1,p0536,45
19606,perfect prawn,individual_transport_1,p0542,35
19607,perfect prawn,individual_transport_1,p0547,45
19608,perfect prawn,individual_transport_1,p0553,65
19609,perfect prawn,individual_transport_1,p0559,65
19610,perfect prawn,individual_transport_1,p0566,45
19611,perfect prawn,individual_transport_1,p0568,45
19612,perfect prawn,individual_transport_1,p0570,35
19613,perfect prawn,individual_transport_1,p0573,45
19614,perfect prawn,individual_transport_1,p0578,45
19615,perfect prawn,individual_transport_1,p0594,35
19616,perfect prawn,individual_transport_1,p0597,45
19617,perfect prawn,individual_transport_1,p0601,45
19618,perfect prawn,individual_transport_1,p0602,45
19619,perfect prawn,individual_transport_1,p0605,45
19620,perfect prawn,individual_transport_1,p0615,45
19621,perfect prawn,individual_transport_1,p0620,45
19622,perfect prawn,individual_transport_1,p0626,45
19623,perfect prawn,individual_transport_1,p0629,65
19624,perfect prawn,individual_transport_1,p0633,35
19625,perfect prawn,individual_transport_1,p0638,45
19626,perfect prawn,individual_transport_1,p0639,45
19627,perfect prawn,individual_transport_1,p0640,45
19628,perfect prawn,individual_transport_1,p0655,35
19629,perfect prawn,individual_transport_1,p0656,45
19630,perfect prawn,individual_transport_1,p0658,35
19631,perfect prawn,individual_transport_1,p0661,45
19632,perfect prawn,individual_transport_1,p0669,65
19633,perfect prawn,individual_transport_1,p0670,45
19634,perfect prawn,individual_transport_1,p0672,35
19635,perfect prawn,individual_transport_1,p0674,65
19636,perfect prawn,individual_transport_1,p0678,65
19637,perfect prawn,individual_transport_1,p0683,45
19638,perfect prawn,individual_transport_1,p0686,35
19639,perfect prawn,individual_transport_1,p0687,65
19640,perfect prawn,individual_transport_1,p0698,45
19641,perfect prawn,individual_transport_1,p0700,45
19642,perfect prawn,individual_transport_1,p0703,45
19643,perfect prawn,individual_transport_1,p0718,45
19644,perfect prawn,individual_transport_1,p0744,65
19645,perfect prawn,individual_transport_1,p0745,45
19646,perfect prawn,individual_transport_1,p0753,45
19647,perfect prawn,individual_transport_1,p0770,45
19648,perfect prawn,individual_transport_1,p0771,45
19649,perfect prawn,individual_transport_1,p0777,65
19650,perfect prawn,individual_transport_1,p0779,45
19651,perfect prawn,individual_transport_1,p0780,35
19652,perfect prawn,individual_transport_1,p0783,35
19653,perfect prawn,individual_transport_1,p0785,45
19654,perfect prawn,individual_transport_1,p0786,35
19655,perfect prawn,individual_transport_1,p0794,25
19656,perfect prawn,individual_transport_1,p0798,25
19657,perfect prawn,individual_transport_1,p0800,45
19658,perfect prawn,individual_transport_1,p0820,35
19659,perfect prawn,individual_transport_1,p0841,35
19660,perfect prawn,individual_transport_1,p0849,35
19661,perfect prawn,individual_transport_1,p0862,65
19662,perfect prawn,individual_transport_1,p0867,45
19663,perfect prawn,individual_transport_1,p0869,45
19664,perfect prawn,individual_transport_1,p0872,45
19665,perfect prawn,individual_transport_1,p0880,45
19666,perfect prawn,individual_transport_1,p0891,35
19667,perfect prawn,individual_transport_1,p0916,45
19668,perfect prawn,individual_transport_1,p0917,45
19669,perfect prawn,individual_transport_1,p0919,65
19670,perfect prawn,individual_transport_1,p0922,45
19671,perfect prawn,individual_transport_1,p0925,45
19672,perfect prawn,individual_transport_1,p0927,45
19673,perfect prawn,individual_transport_1,p0929,45
19674,perfect prawn,individual_transport_1,p0930,35
19675,perfect prawn,individual_transport_1,p0931,35
19676,perfect prawn,individual_transport_1,p0933,45
19677,perfect prawn,individual_transport_1,p0934,35
19678,perfect prawn,individual_transport_1,p0936,45
19679,perfect prawn,individual_transport_1,p0938,45
19680,perfect prawn,individual_transport_1,p0939,45
19681,perfect prawn,individual_transport_1,p0946,45
19682,perfect prawn,individual_transport_1,p0951,45
19683,perfect prawn,individual_transport_1,p0956,45
19684,perfect prawn,individual_transport_1,p0962,35
19685,perfect prawn,individual_transport_1,p0963,45
19686,perfect prawn,individual_transport_1,p0969,35
19687,perfect prawn,individual_transport_1,p0972,35
19688,perfect prawn,individual_transport_1,p0975,45
19689,perfect prawn,individual_transport_1,p0985,45
19690,perfect prawn,individual_transport_1,p0993,45
19691,perfect prawn,individual_transport_1,p0996,45
19692,perfect prawn,individual_transport_1,p1011,35
19693,perfect prawn,individual_transport_1,p1017,35
19694,perfect prawn,individual_transport_1,p1020,35
19695,perfect prawn,individual_transport_1,p1022,45
19696,perfect prawn,individual_transport_1,p1024,35
19697,perfect prawn,individual_transport_1,p1027,65
19698,perfect prawn,individual_transport_1,p1028,65
19699,perfect prawn,individual_transport_1,p1029,35
19700,perfect prawn,individual_transport_1,p1032,45
19701,perfect prawn,individual_transport_1,p1040,45
19702,perfect prawn,individual_transport_1,p1047,45
19703,perfect prawn,individual_transport_1,p1048,35
19704,perfect prawn,individual_transport_1,p1053,35
19705,perfect prawn,individual_transport_1,p1057,45
19706,perfect prawn,individual_transport_1,p1058,35
19707,perfect prawn,individual_transport_1,p1063,35
19708,perfect prawn,individual_transport_1,p1064,45
19709,perfect prawn,individual_transport_1,p1065,35
19710,perfect prawn,individual_transport_1,p1069,45
19711,perfect prawn,individual_transport_1,p1072,45
19712,perfect prawn,individual_transport_1,p1073,45
19713,perfect prawn,individual_transport_1,p1075,35
19714,perfect prawn,individual_transport_1,p1076,45
19715,perfect prawn,individual_transport_1,p1083,45
19716,perfect prawn,individual_transport_1,p1089,65
19717,perfect prawn,individual_transport_1,p1093,65
19718,perfect prawn,individual_transport_1,p1096,45
19719,perfect prawn,individual_transport_1,p1100,45
19720,perfect prawn,individual_transport_1,p1106,45
19721,perfect prawn,individual_transport_1,p1107,45
19722,perfect prawn,individual_transport_1,p1113,35
19723,perfect prawn,individual_transport_1,p1117,25
19724,perfect prawn,individual_transport_1,p1120,35
19725,perfect prawn,individual_transport_1,p1134,45
19726,perfect prawn,individual_transport_1,p1136,35
19727,perfect prawn,individual_transport_1,p1138,45
19728,perfect prawn,individual_transport_1,p1144,35
19729,perfect prawn,individual_transport_1,p1145,65
19730,perfect prawn,individual_transport_1,p1147,65
19731,perfect prawn,individual_transport_1,p1148,65
19732,perfect prawn,individual_transport_1,p1154,45
19733,perfect prawn,individual_transport_1,p1159,45
19734,perfect prawn,individual_transport_1,p1167,45
19735,perfect prawn,individual_transport_1,p1175,35
19736,perfect prawn,individual_transport_1,p1178,45
19737,perfect prawn,individual_transport_1,p1184,45
19738,perfect prawn,individual_transport_1,p1186,65
19739,perfect prawn,individual_transport_1,p1196,45
19740,perfect prawn,individual_transport_1,p1197,35
19741,perfect prawn,individual_transport_1,p1203,45
19742,perfect prawn,individual_transport_1,p1219,45
19743,perfect prawn,individual_transport_1,p1225,35
19744,perfect prawn,individual_transport_1,p1234,45
19745,perfect prawn,individual_transport_1,p1242,45
19746,perfect prawn,individual_transport_1,p1244,45
19747,perfect prawn,individual_transport_1,p1249,35
19748,perfect prawn,individual_transport_1,p1250,45
19749,perfect prawn,individual_transport_1,p1256,45
19750,perfect prawn,individual_transport_1,p1258,65
19751,perfect prawn,individual_transport_1,p1260,35
19752,perfect prawn,individual_transport_1,p1262,35
19753,perfect prawn,individual_transport_1,p1264,45
19754,perfect prawn,individual_transport_1,p1265,45
19755,perfect prawn,individual_transport_1,p1269,45
19756,perfect prawn,individual_transport_1,p1272,45
19757,perfect prawn,individual_transport_1,p1278,45
19758,perfect prawn,individual_transport_1,p1281,45
19759,perfect prawn,individual_transport_1,p1292,45
19760,perfect prawn,individual_transport_1,p1299,45
19761,perfect prawn,individual_transport_1,p1312,45
19762,perfect prawn,individual_transport_1,p1322,45
19763,perfect prawn,individual_transport_1,p1326,35
19764,perfect prawn,individual_transport_1,p1330,45
19765,perfect prawn,individual_transport_1,p1335,45
19766,perfect prawn,individual_transport_1,p1337,45
19767,perfect prawn,individual_transport_1,p1340,45
19768,perfect prawn,individual_transport_1,p1345,45
19769,perfect prawn,individual_transport_1,p1351,35
19770,perfect prawn,individual_transport_1,p1355,45
19771,perfect prawn,individual_transport_1,p1362,35
19772,perfect prawn,individual_transport_1,p1365,35
19773,perfect prawn,individual_transport_1,p1366,35
19774,perfect prawn,individual_transport_1,p1367,35
19775,perfect prawn,individual_transport_1,p1370,45
19776,perfect prawn,individual_transport_1,p1371,35
19777,perfect prawn,individual_transport_1,p1373,45
19778,perfect prawn,individual_transport_1,p1375,35
19779,perfect prawn,individual_transport_1,p1376,35
19780,perfect prawn,individual_transport_1,p1379,45
19781,perfect prawn,individual_transport_1,p1381,35
19782,perfect prawn,individual_transport_1,p1393,45
19783,perfect prawn,individual_transport_1,p1396,65
19784,perfect prawn,individual_transport_1,p1398,45
19785,perfect prawn,individual_transport_1,p1404,45
19786,perfect prawn,individual_transport_1,p1406,45
19787,perfect prawn,individual_transport_1,p1407,45
19788,perfect prawn,individual_transport_1,p1409,45
19789,perfect prawn,individual_transport_1,p1412,45
19790,perfect prawn,individual_transport_1,p1414,65
19791,perfect prawn,individual_transport_1,p1424,35
19792,perfect prawn,individual_transport_1,p1425,35
19793,perfect prawn,individual_transport_1,p1429,35
19794,perfect prawn,individual_transport_1,p1434,45
19795,perfect prawn,individual_transport_1,p1441,45
19796,perfect prawn,individual_transport_1,p1445,45
19797,perfect prawn,individual_transport_1,p1450,45
19798,perfect prawn,individual_transport_1,p1454,45
19799,perfect prawn,individual_transport_1,p1456,35
19800,perfect prawn,individual_transport_1,p1457,35
19801,perfect prawn,individual_transport_1,p1458,65
19802,perfect prawn,individual_transport_1,p1469,45
19803,perfect prawn,individual_transport_1,p1470,35
19804,perfect prawn,individual_transport_1,p1481,45
19805,perfect prawn,individual_transport_1,p1488,45
19806,perfect prawn,individual_transport_1,p1492,45
19807,perfect prawn,individual_transport_1,p1495,45
19808,perfect prawn,individual_transport_1,p1497,45
19809,perfect prawn,individual_transport_1,p1499,45
19810,perfect prawn,individual_transport_1,p1503,45
19811,perfect prawn,individual_transport_1,p1511,45
19812,perfect prawn,individual_transport_1,p1512,45
19813,perfect prawn,individual_transport_1,p1518,45
19814,perfect prawn,individual_transport_1,p1519,45
19815,perfect prawn,individual_transport_1,p1520,35
19816,perfect prawn,individual_transport_1,p1524,45
19817,perfect prawn,individual_transport_1,p1526,35
19818,perfect prawn,individual_transport_1,p1537,45
19819,perfect prawn,individual_transport_1,p1545,45
19820,perfect prawn,individual_transport_1,p1547,45
19821,perfect prawn,individual_transport_1,p1552,65
19822,perfect prawn,individual_transport_1,p1567,45
19823,perfect prawn,individual_transport_1,p1568,35
19824,perfect prawn,individual_transport_1,p1579,35
19825,perfect prawn,individual_transport_1,p1587,35
19826,perfect prawn,individual_transport_1,p1596,45
19827,perfect prawn,individual_transport_1,p1600,65
19828,perfect prawn,individual_transport_1,p1603,45
19829,perfect prawn,individual_transport_1,p1604,45
19830,perfect prawn,individual_transport_1,p1610,45
19831,perfect prawn,individual_transport_1,p1618,35
19832,perfect prawn,individual_transport_1,p1619,65
19833,perfect prawn,individual_transport_1,p1622,45
19834,perfect prawn,individual_transport_1,p1623,25
19835,perfect prawn,individual_transport_1,p1630,35
19836,perfect prawn,individual_transport_1,p1641,45
19837,perfect prawn,individual_transport_1,p1649,35
19838,perfect prawn,individual_transport_1,p1652,45
19839,perfect prawn,individual_transport_1,p1665,45
19840,perfect prawn,individual_transport_1,p1669,35
19841,perfect prawn,individual_transport_1,p1685,45
19842,perfect prawn,individual_transport_1,p1693,45
19843,perfect prawn,individual_transport_1,p1698,45
19844,perfect prawn,individual_transport_1,p1704,45
19845,perfect prawn,individual_transport_1,p1711,65
19846,perfect prawn,individual_transport_1,p1718,35
19847,perfect prawn,individual_transport_1,p1732,45
19848,perfect prawn,individual_transport_1,p1739,45
19849,perfect prawn,individual_transport_1,p1741,45
19850,perfect prawn,individual_transport_1,p1746,45
19851,perfect prawn,individual_transport_1,p1751,35
19852,perfect prawn,individual_transport_1,p1754,35
19853,perfect prawn,individual_transport_1,p1769,35
19854,perfect prawn,individual_transport_1,p1771,45
19855,perfect prawn,individual_transport_1,p1776,45
19856,perfect prawn,individual_transport_1,p1780,45
19857,perfect prawn,individual_transport_1,p1785,35
19858,perfect prawn,individual_transport_1,p1791,45
19859,perfect prawn,individual_transport_1,p1793,45
19860,perfect prawn,individual_transport_1,p1796,35
19861,perfect prawn,individual_transport_1,p1805,35
19862,perfect prawn,individual_transport_1,p1812,45
19863,perfect prawn,individual_transport_1,p1816,35
19864,perfect prawn,individual_transport_1,p1819,45
19865,perfect prawn,individual_transport_1,p1825,45
19866,perfect prawn,individual_transport_1,p1836,45
19867,perfect prawn,individual_transport_1,p1839,45
19868,perfect prawn,individual_transport_1,p1861,45
19869,perfect prawn,individual_transport_1,p1863,45
19870,perfect prawn,individual_transport_1,p1873,45
19871,perfect prawn,individual_transport_1,p1875,45
19872,perfect prawn,individual_transport_1,p1876,65
19873,perfect prawn,individual_transport_1,p1877,45
19874,perfect prawn,individual_transport_1,p1880,45
19875,perfect prawn,individual_transport_1,p1883,35
19876,perfect prawn,individual_transport_1,p1889,25
19877,perfect prawn,individual_transport_1,p1893,65
19878,perfect prawn,individual_transport_1,p1896,45
19879,perfect prawn,individual_transport_1,p1913,45
19880,perfect prawn,individual_transport_1,p1922,35
19881,perfect prawn,individual_transport_1,p1930,65
19882,perfect prawn,individual_transport_1,p1935,35
19883,perfect prawn,individual_transport_1,p1940,65
19884,perfect prawn,individual_transport_1,p1948,35
19885,perfect prawn,individual_transport_1,p1950,45
19886,perfect prawn,individual_transport_1,p1954,35
19887,perfect prawn,individual_transport_1,p1956,35
19888,perfect prawn,individual_transport_1,p1958,45
19889,perfect prawn,individual_transport_1,p1967,45
19890,perfect prawn,individual_transport_1,p1973,65
19891,perfect prawn,individual_transport_1,p1978,35
19892,perfect prawn,individual_transport_1,p1983,35
19893,perfect prawn,individual_transport_1,p1984,45
19894,perfect prawn,individual_transport_1,p1995,45
19895,perfect prawn,individual_transport_1,p1996,35
19896,perfect prawn,individual_transport_1,p1997,45
19897,perfect prawn,individual_transport_1,p2001,45
19898,perfect prawn,individual_transport_1,p2002,35
19899,perfect prawn,individual_transport_1,p2013,65
19900,perfect prawn,individual_transport_1,p2014,45
19901,perfect prawn,individual_transport_1,p2016,65
19902,perfect prawn,individual_transport_1,p2018,45
19903,perfect prawn,individual_transport_1,p2023,45
19904,perfect prawn,individual_transport_1,p2025,35
19905,perfect prawn,individual_transport_1,p2028,45
19906,perfect prawn,individual_transport_1,p2030,45
19907,perfect prawn,individual_transport_1,p2033,45
19908,perfect prawn,individual_transport_1,p2040,35
19909,perfect prawn,individual_transport_1,p2051,35
19910,perfect prawn,individual_transport_1,p2052,35
19911,perfect prawn,individual_transport_1,p2066,35
19912,perfect prawn,individual_transport_1,p2067,35
19913,perfect prawn,individual_transport_1,p2073,65
19914,perfect prawn,individual_transport_1,p2077,45
19915,perfect prawn,individual_transport_1,p2078,45
19916,perfect prawn,individual_transport_1,p2086,35
19917,perfect prawn,individual_transport_1,p2089,45
19918,perfect prawn,individual_transport_1,p2093,25
19919,perfect prawn,individual_transport_1,p2094,35
19920,perfect prawn,individual_transport_1,p2111,45
19921,perfect prawn,individual_transport_1,p2117,45
19922,perfect prawn,individual_transport_1,p2121,45
19923,perfect prawn,individual_transport_1,p2127,35
19924,perfect prawn,individual_transport_1,p2141,45
19925,perfect prawn,individual_transport_1,p2142,35
19926,perfect prawn,individual_transport_1,p2143,65
19927,perfect prawn,individual_transport_1,p2153,35
19928,perfect prawn,individual_transport_1,p2155,35
19929,perfect prawn,individual_transport_1,p2169,35
19930,perfect prawn,individual_transport_1,p2187,45
19931,perfect prawn,individual_transport_1,p2188,55
19932,perfect prawn,individual_transport_1,p2197,45
19933,perfect prawn,individual_transport_1,p2213,45
19934,perfect prawn,individual_transport_1,p2214,45
19935,perfect prawn,individual_transport_1,p2215,35
19936,perfect prawn,individual_transport_1,p2220,45
19937,perfect prawn,individual_transport_1,p2223,45
19938,perfect prawn,individual_transport_1,p2229,45
19939,perfect prawn,individual_transport_1,p2234,65
19940,perfect prawn,individual_transport_1,p2237,45
19941,perfect prawn,individual_transport_1,p2238,35
19942,perfect prawn,individual_transport_1,p2244,35
19943,perfect prawn,individual_transport_1,p2248,45
19944,perfect prawn,individual_transport_1,p2252,65
19945,perfect prawn,individual_transport_1,p2255,25
19946,perfect prawn,individual_transport_1,p2261,25
19947,perfect prawn,individual_transport_1,p2263,45
19948,perfect prawn,individual_transport_1,p2273,45
19949,perfect prawn,individual_transport_1,p2275,45
19950,perfect prawn,individual_transport_1,p2276,45
19951,perfect prawn,individual_transport_1,p2283,35
19952,perfect prawn,individual_transport_1,p2287,45
19953,perfect prawn,individual_transport_1,p2296,45
19954,perfect prawn,individual_transport_1,p2298,45
19955,perfect prawn,individual_transport_1,p2304,45
19956,perfect prawn,individual_transport_1,p2310,45
19957,perfect prawn,individual_transport_1,p2322,35
19958,perfect prawn,individual_transport_1,p2326,35
19959,perfect prawn,individual_transport_1,p2330,35
19960,perfect prawn,individual_transport_1,p2331,35
19961,perfect prawn,individual_transport_1,p2333,35
19962,perfect prawn,individual_transport_1,p2347,45
19963,perfect prawn,individual_transport_1,p2350,35
19964,perfect prawn,individual_transport_1,p2351,45
19965,perfect prawn,individual_transport_1,p2353,45
19966,perfect prawn,individual_transport_1,p2355,35
19967,perfect prawn,individual_transport_1,p2363,35
19968,perfect prawn,individual_transport_1,p2378,45
19969,perfect prawn,individual_transport_1,p2380,65
19970,perfect prawn,individual_transport_1,p2387,45
19971,perfect prawn,individual_transport_1,p2398,45
19972,perfect prawn,individual_transport_1,p2400,65
19973,perfect prawn,individual_transport_1,p2403,65
19974,perfect prawn,individual_transport_1,p2408,35
19975,perfect prawn,individual_transport_1,p2418,45
19976,perfect prawn,individual_transport_1,p2426,45
19977,perfect prawn,individual_transport_1,p2428,45
19978,perfect prawn,individual_transport_1,p2434,45
19979,perfect prawn,individual_transport_1,p2446,35
19980,perfect prawn,individual_transport_1,p2452,35
19981,perfect prawn,individual_transport_1,p2454,35
19982,perfect prawn,individual_transport_1,p2462,45
19983,perfect prawn,individual_transport_1,p2467,35
19984,perfect prawn,individual_transport_1,p2482,45
19985,perfect prawn,individual_transport_1,p2489,35
19986,perfect prawn,individual_transport_1,p2490,45
19987,perfect prawn,individual_transport_1,p2494,45
19988,perfect prawn,individual_transport_1,p2502,45
19989,perfect prawn,individual_transport_1,p2503,45
19990,perfect prawn,individual_transport_1,p2522,35
19991,perfect prawn,individual_transport_1,p2524,45
19992,perfect prawn,individual_transport_1,p2533,35
19993,perfect prawn,individual_transport_1,p2566,35
19994,perfect prawn,individual_transport_1,p2571,45
19995,perfect prawn,individual_transport_1,p2573,35
19996,perfect prawn,individual_transport_1,p2582,45
19997,perfect prawn,individual_transport_1,p2591,35
19998,perfect prawn,individual_transport_1,p2592,35
19999,perfect prawn,individual_transport_1,p2595,35
20000,perfect prawn,individual_solar_1,p0016,35
20001,perfect prawn,individual_solar_1,p0022,35
20002,perfect prawn,individual_solar_1,p0023,35
20003,perfect prawn,individual_solar_1,p0026,35
20004,perfect prawn,individual_solar_1,p0034,25
20005,perfect prawn,individual_solar_1,p0036,25
20006,perfect prawn,individual_solar_1,p0037,25
20007,perfect prawn,individual_solar_1,p0042,35
20008,perfect prawn,individual_solar_1,p0057,35
20009,perfect prawn,individual_solar_1,p0066,25
20010,perfect prawn,individual_solar_1,p0069,25
20011,perfect prawn,individual_solar_1,p0072,25
20012,perfect prawn,individual_solar_1,p0073,35
20013,perfect prawn,individual_solar_1,p0082,25
20014,perfect prawn,individual_solar_1,p0091,35
20015,perfect prawn,individual_solar_1,p0092,35
20016,perfect prawn,individual_solar_1,p0093,35
20017,perfect prawn,individual_solar_1,p0095,35
20018,perfect prawn,individual_solar_1,p0107,35
20019,perfect prawn,individual_solar_1,p0114,35
20020,perfect prawn,individual_solar_1,p0116,25
20021,perfect prawn,individual_solar_1,p0118,35
20022,perfect prawn,individual_solar_1,p0119,35
20023,perfect prawn,individual_solar_1,p0126,35
20024,perfect prawn,individual_solar_1,p0129,35
20025,perfect prawn,individual_solar_1,p0136,25
20026,perfect prawn,individual_solar_1,p0138,25
20027,perfect prawn,individual_solar_1,p0144,35
20028,perfect prawn,individual_solar_1,p0150,35
20029,perfect prawn,individual_solar_1,p0152,25
20030,perfect prawn,individual_solar_1,p0158,25
20031,perfect prawn,individual_solar_1,p0161,25
20032,perfect prawn,individual_solar_1,p0164,15
20033,perfect prawn,individual_solar_1,p0175,35
20034,perfect prawn,individual_solar_1,p0177,35
20035,perfect prawn,individual_solar_1,p0178,35
20036,perfect prawn,individual_solar_1,p0181,15
20037,perfect prawn,individual_solar_1,p0186,35
20038,perfect prawn,individual_solar_1,p0196,35
20039,perfect prawn,individual_solar_1,p0198,35
20040,perfect prawn,individual_solar_1,p0202,35
20041,perfect prawn,individual_solar_1,p0205,25
20042,perfect prawn,individual_solar_1,p0207,25
20043,perfect prawn,individual_solar_1,p0211,25
20044,perfect prawn,individual_solar_1,p0227,35
20045,perfect prawn,individual_solar_1,p0229,25
20046,perfect prawn,individual_solar_1,p0232,35
20047,perfect prawn,individual_solar_1,p0233,15
20048,perfect prawn,individual_solar_1,p0237,35
20049,perfect prawn,individual_solar_1,p0258,25
20050,perfect prawn,individual_solar_1,p0268,15
20051,perfect prawn,individual_solar_1,p0274,35
20052,perfect prawn,individual_solar_1,p0275,25
20053,perfect prawn,individual_solar_1,p0277,35
20054,perfect prawn,individual_solar_1,p0288,35
20055,perfect prawn,individual_solar_1,p0291,25
20056,perfect prawn,individual_solar_1,p0307,35
20057,perfect prawn,individual_solar_1,p0308,35
20058,perfect prawn,individual_solar_1,p0317,15
20059,perfect prawn,individual_solar_1,p0325,35
20060,perfect prawn,individual_solar_1,p0327,35
20061,perfect prawn,individual_solar_1,p0334,35
20062,perfect prawn,individual_solar_1,p0336,35
20063,perfect prawn,individual_solar_1,p0338,25
20064,perfect prawn,individual_solar_1,p0342,35
20065,perfect prawn,individual_solar_1,p0349,25
20066,perfect prawn,individual_solar_1,p0356,35
20067,perfect prawn,individual_solar_1,p0358,35
20068,perfect prawn,individual_solar_1,p0363,35
20069,perfect prawn,individual_solar_1,p0364,35
20070,perfect prawn,individual_solar_1,p0369,35
20071,perfect prawn,individual_solar_1,p0370,25
20072,perfect prawn,individual_solar_1,p0371,25
20073,perfect prawn,individual_solar_1,p0379,35
20074,perfect prawn,individual_solar_1,p0386,35
20075,perfect prawn,individual_solar_1,p0396,35
20076,perfect prawn,individual_solar_1,p0403,35
20077,perfect prawn,individual_solar_1,p0405,35
20078,perfect prawn,individual_solar_1,p0412,35
20079,perfect prawn,individual_solar_1,p0415,25
20080,perfect prawn,individual_solar_1,p0416,35
20081,perfect prawn,individual_solar_1,p0417,35
20082,perfect prawn,individual_solar_1,p0418,25
20083,perfect prawn,individual_solar_1,p0430,35
20084,perfect prawn,individual_solar_1,p0431,35
20085,perfect prawn,individual_solar_1,p0434,15
20086,perfect prawn,individual_solar_1,p0438,35
20087,perfect prawn,individual_solar_1,p0441,35
20088,perfect prawn,individual_solar_1,p0442,35
20089,perfect prawn,individual_solar_1,p0449,25
20090,perfect prawn,individual_solar_1,p0450,25
20091,perfect prawn,individual_solar_1,p0465,25
20092,perfect prawn,individual_solar_1,p0471,35
20093,perfect prawn,individual_solar_1,p0477,35
20094,perfect prawn,individual_solar_1,p0483,35
20095,perfect prawn,individual_solar_1,p0486,35
20096,perfect prawn,individual_solar_1,p0487,35
20097,perfect prawn,individual_solar_1,p0489,35
20098,perfect prawn,individual_solar_1,p0497,15
20099,perfect prawn,individual_solar_1,p0502,35
20100,perfect prawn,individual_solar_1,p0503,35
20101,perfect prawn,individual_solar_1,p0506,35
20102,perfect prawn,individual_solar_1,p0511,35
20103,perfect prawn,individual_solar_1,p0523,35
20104,perfect prawn,individual_solar_1,p0534,35
20105,perfect prawn,individual_solar_1,p0536,35
20106,perfect prawn,individual_solar_1,p0542,25
20107,perfect prawn,individual_solar_1,p0547,35
20108,perfect prawn,individual_solar_1,p0553,35
20109,perfect prawn,individual_solar_1,p0559,25
20110,perfect prawn,individual_solar_1,p0566,35
20111,perfect prawn,individual_solar_1,p0568,35
20112,perfect prawn,individual_solar_1,p0570,20
20113,perfect prawn,individual_solar_1,p0573,35
20114,perfect prawn,individual_solar_1,p0578,35
20115,perfect prawn,individual_solar_1,p0594,25
20116,perfect prawn,individual_solar_1,p0597,25
20117,perfect prawn,individual_solar_1,p0601,35
20118,perfect prawn,individual_solar_1,p0602,25
20119,perfect prawn,individual_solar_1,p0605,35
20120,perfect prawn,individual_solar_1,p0615,25
20121,perfect prawn,individual_solar_1,p0620,25
20122,perfect prawn,individual_solar_1,p0626,25
20123,perfect prawn,individual_solar_1,p0629,35
20124,perfect prawn,individual_solar_1,p0633,25
20125,perfect prawn,individual_solar_1,p0638,35
20126,perfect prawn,individual_solar_1,p0639,35
20127,perfect prawn,individual_solar_1,p0640,25
20128,perfect prawn,individual_solar_1,p0655,25
20129,perfect prawn,individual_solar_1,p0656,25
20130,perfect prawn,individual_solar_1,p0658,35
20131,perfect prawn,individual_solar_1,p0661,35
20132,perfect prawn,individual_solar_1,p0669,35
20133,perfect prawn,individual_solar_1,p0670,25
20134,perfect prawn,individual_solar_1,p0672,25
20135,perfect prawn,individual_solar_1,p0674,35
20136,perfect prawn,individual_solar_1,p0678,35
20137,perfect prawn,individual_solar_1,p0683,25
20138,perfect prawn,individual_solar_1,p0686,35
20139,perfect prawn,individual_solar_1,p0687,35
20140,perfect prawn,individual_solar_1,p0698,35
20141,perfect prawn,individual_solar_1,p0700,35
20142,perfect prawn,individual_solar_1,p0703,15
20143,perfect prawn,individual_solar_1,p0718,25
20144,perfect prawn,individual_solar_1,p0744,35
20145,perfect prawn,individual_solar_1,p0745,35
20146,perfect prawn,individual_solar_1,p0753,25
20147,perfect prawn,individual_solar_1,p0770,35
20148,perfect prawn,individual_solar_1,p0771,25
20149,perfect prawn,individual_solar_1,p0777,35
20150,perfect prawn,individual_solar_1,p0779,35
20151,perfect prawn,individual_solar_1,p0780,25
20152,perfect prawn,individual_solar_1,p0783,35
20153,perfect prawn,individual_solar_1,p0785,35
20154,perfect prawn,individual_solar_1,p0786,25
20155,perfect prawn,individual_solar_1,p0794,15
20156,perfect prawn,individual_solar_1,p0798,15
20157,perfect prawn,individual_solar_1,p0800,35
20158,perfect prawn,individual_solar_1,p0820,25
20159,perfect prawn,individual_solar_1,p0841,25
20160,perfect prawn,individual_solar_1,p0849,35
20161,perfect prawn,individual_solar_1,p0862,35
20162,perfect prawn,individual_solar_1,p0867,35
20163,perfect prawn,individual_solar_1,p0869,35
20164,perfect prawn,individual_solar_1,p0872,25
20165,perfect prawn,individual_solar_1,p0880,35
20166,perfect prawn,individual_solar_1,p0891,35
20167,perfect prawn,individual_solar_1,p0916,35
20168,perfect prawn,individual_solar_1,p0917,35
20169,perfect prawn,individual_solar_1,p0919,35
20170,perfect prawn,individual_solar_1,p0922,15
20171,perfect prawn,individual_solar_1,p0925,35
20172,perfect prawn,individual_solar_1,p0927,25
20173,perfect prawn,individual_solar_1,p0929,35
20174,perfect prawn,individual_solar_1,p0930,25
20175,perfect prawn,individual_solar_1,p0931,25
20176,perfect prawn,individual_solar_1,p0933,35
20177,perfect prawn,individual_solar_1,p0934,25
20178,perfect prawn,individual_solar_1,p0936,35
20179,perfect prawn,individual_solar_1,p0938,35
20180,perfect prawn,individual_solar_1,p0939,25
20181,perfect prawn,individual_solar_1,p0946,35
20182,perfect prawn,individual_solar_1,p0951,35
20183,perfect prawn,individual_solar_1,p0956,35
20184,perfect prawn,individual_solar_1,p0962,15
20185,perfect prawn,individual_solar_1,p0963,35
20186,perfect prawn,individual_solar_1,p0969,35
20187,perfect prawn,individual_solar_1,p0972,35
20188,perfect prawn,individual_solar_1,p0975,35
20189,perfect prawn,individual_solar_1,p0985,35
20190,perfect prawn,individual_solar_1,p0993,35
20191,perfect prawn,individual_solar_1,p0996,25
20192,perfect prawn,individual_solar_1,p1011,15
20193,perfect prawn,individual_solar_1,p1017,15
20194,perfect prawn,individual_solar_1,p1020,25
20195,perfect prawn,individual_solar_1,p1022,35
20196,perfect prawn,individual_solar_1,p1024,15
20197,perfect prawn,individual_solar_1,p1027,35
20198,perfect prawn,individual_solar_1,p1028,35
20199,perfect prawn,individual_solar_1,p1029,15
20200,perfect prawn,individual_solar_1,p1032,35
20201,perfect prawn,individual_solar_1,p1040,35
20202,perfect prawn,individual_solar_1,p1047,25
20203,perfect prawn,individual_solar_1,p1048,25
20204,perfect prawn,individual_solar_1,p1053,35
20205,perfect prawn,individual_solar_1,p1057,25
20206,perfect prawn,individual_solar_1,p1058,25
20207,perfect prawn,individual_solar_1,p1063,25
20208,perfect prawn,individual_solar_1,p1064,35
20209,perfect prawn,individual_solar_1,p1065,25
20210,perfect prawn,individual_solar_1,p1069,15
20211,perfect prawn,individual_solar_1,p1072,35
20212,perfect prawn,individual_solar_1,p1073,35
20213,perfect prawn,individual_solar_1,p1075,25
20214,perfect prawn,individual_solar_1,p1076,25
20215,perfect prawn,individual_solar_1,p1083,25
20216,perfect prawn,individual_solar_1,p1089,35
20217,perfect prawn,individual_solar_1,p1093,35
20218,perfect prawn,individual_solar_1,p1096,35
20219,perfect prawn,individual_solar_1,p1100,25
20220,perfect prawn,individual_solar_1,p1106,35
20221,perfect prawn,individual_solar_1,p1107,35
20222,perfect prawn,individual_solar_1,p1113,25
20223,perfect prawn,individual_solar_1,p1117,10
20224,perfect prawn,individual_solar_1,p1120,35
20225,perfect prawn,individual_solar_1,p1134,35
20226,perfect prawn,individual_solar_1,p1136,25
20227,perfect prawn,individual_solar_1,p1138,25
20228,perfect prawn,individual_solar_1,p1144,25
20229,perfect prawn,individual_solar_1,p1145,35
20230,perfect prawn,individual_solar_1,p1147,35
20231,perfect prawn,individual_solar_1,p1148,35
20232,perfect prawn,individual_solar_1,p1154,35
20233,perfect prawn,individual_solar_1,p1159,35
20234,perfect prawn,individual_solar_1,p1167,35
20235,perfect prawn,individual_solar_1,p1175,35
20236,perfect prawn,individual_solar_1,p1178,25
20237,perfect prawn,individual_solar_1,p1184,35
20238,perfect prawn,individual_solar_1,p1186,35
20239,perfect prawn,individual_solar_1,p1196,35
20240,perfect prawn,individual_solar_1,p1197,35
20241,perfect prawn,individual_solar_1,p1203,35
20242,perfect prawn,individual_solar_1,p1219,25
20243,perfect prawn,individual_solar_1,p1225,25
20244,perfect prawn,individual_solar_1,p1234,35
20245,perfect prawn,individual_solar_1,p1242,35
20246,perfect prawn,individual_solar_1,p1244,25
20247,perfect prawn,individual_solar_1,p1249,35
20248,perfect prawn,individual_solar_1,p1250,35
20249,perfect prawn,individual_solar_1,p1256,35
20250,perfect prawn,individual_solar_1,p1258,35
20251,perfect prawn,individual_solar_1,p1260,25
20252,perfect prawn,individual_solar_1,p1262,15
20253,perfect prawn,individual_solar_1,p1264,25
20254,perfect prawn,individual_solar_1,p1265,35
20255,perfect prawn,individual_solar_1,p1269,35
20256,perfect prawn,individual_solar_1,p1272,25
20257,perfect prawn,individual_solar_1,p1278,35
20258,perfect prawn,individual_solar_1,p1281,35
20259,perfect prawn,individual_solar_1,p1292,25
20260,perfect prawn,individual_solar_1,p1299,35
20261,perfect prawn,individual_solar_1,p1312,35
20262,perfect prawn,individual_solar_1,p1322,25
20263,perfect prawn,individual_solar_1,p1326,35
20264,perfect prawn,individual_solar_1,p1330,35
20265,perfect prawn,individual_solar_1,p1335,25
20266,perfect prawn,individual_solar_1,p1337,35
20267,perfect prawn,individual_solar_1,p1340,35
20268,perfect prawn,individual_solar_1,p1345,35
20269,perfect prawn,individual_solar_1,p1351,25
20270,perfect prawn,individual_solar_1,p1355,35
20271,perfect prawn,individual_solar_1,p1362,15
20272,perfect prawn,individual_solar_1,p1365,25
20273,perfect prawn,individual_solar_1,p1366,35
20274,perfect prawn,individual_solar_1,p1367,25
20275,perfect prawn,individual_solar_1,p1370,15
20276,perfect prawn,individual_solar_1,p1371,25
20277,perfect prawn,individual_solar_1,p1373,25
20278,perfect prawn,individual_solar_1,p1375,25
20279,perfect prawn,individual_solar_1,p1376,25
20280,perfect prawn,individual_solar_1,p1379,35
20281,perfect prawn,individual_solar_1,p1381,25
20282,perfect prawn,individual_solar_1,p1393,35
20283,perfect prawn,individual_solar_1,p1396,35
20284,perfect prawn,individual_solar_1,p1398,35
20285,perfect prawn,individual_solar_1,p1404,15
20286,perfect prawn,individual_solar_1,p1406,25
20287,perfect prawn,individual_solar_1,p1407,25
20288,perfect prawn,individual_solar_1,p1409,25
20289,perfect prawn,individual_solar_1,p1412,35
20290,perfect prawn,individual_solar_1,p1414,35
20291,perfect prawn,individual_solar_1,p1424,25
20292,perfect prawn,individual_solar_1,p1425,25
20293,perfect prawn,individual_solar_1,p1429,25
20294,perfect prawn,individual_solar_1,p1434,35
20295,perfect prawn,individual_solar_1,p1441,25
20296,perfect prawn,individual_solar_1,p1445,25
20297,perfect prawn,individual_solar_1,p1450,35
20298,perfect prawn,individual_solar_1,p1454,25
20299,perfect prawn,individual_solar_1,p1456,35
20300,perfect prawn,individual_solar_1,p1457,25
20301,perfect prawn,individual_solar_1,p1458,35
20302,perfect prawn,individual_solar_1,p1469,35
20303,perfect prawn,individual_solar_1,p1470,25
20304,perfect prawn,individual_solar_1,p1481,25
20305,perfect prawn,individual_solar_1,p1488,25
20306,perfect prawn,individual_solar_1,p1492,25
20307,perfect prawn,individual_solar_1,p1495,25
20308,perfect prawn,individual_solar_1,p1497,35
20309,perfect prawn,individual_solar_1,p1499,25
20310,perfect prawn,individual_solar_1,p1503,25
20311,perfect prawn,individual_solar_1,p1511,35
20312,perfect prawn,individual_solar_1,p1512,25
20313,perfect prawn,individual_solar_1,p1518,25
20314,perfect prawn,individual_solar_1,p1519,25
20315,perfect prawn,individual_solar_1,p1520,25
20316,perfect prawn,individual_solar_1,p1524,35
20317,perfect prawn,individual_solar_1,p1526,25
20318,perfect prawn,individual_solar_1,p1537,25
20319,perfect prawn,individual_solar_1,p1545,35
20320,perfect prawn,individual_solar_1,p1547,35
20321,perfect prawn,individual_solar_1,p1552,35
20322,perfect prawn,individual_solar_1,p1567,35
20323,perfect prawn,individual_solar_1,p1568,35
20324,perfect prawn,individual_solar_1,p1579,15
20325,perfect prawn,individual_solar_1,p1587,15
20326,perfect prawn,individual_solar_1,p1596,25
20327,perfect prawn,individual_solar_1,p1600,35
20328,perfect prawn,individual_solar_1,p1603,35
20329,perfect prawn,individual_solar_1,p1604,35
20330,perfect prawn,individual_solar_1,p1610,25
20331,perfect prawn,individual_solar_1,p1618,15
20332,perfect prawn,individual_solar_1,p1619,35
20333,perfect prawn,individual_solar_1,p1622,35
20334,perfect prawn,individual_solar_1,p1623,25
20335,perfect prawn,individual_solar_1,p1630,25
20336,perfect prawn,individual_solar_1,p1641,35
20337,perfect prawn,individual_solar_1,p1649,25
20338,perfect prawn,individual_solar_1,p1652,35
20339,perfect prawn,individual_solar_1,p1665,35
20340,perfect prawn,individual_solar_1,p1669,25
20341,perfect prawn,individual_solar_1,p1685,25
20342,perfect prawn,individual_solar_1,p1693,35
20343,perfect prawn,individual_solar_1,p1698,35
20344,perfect prawn,individual_solar_1,p1704,35
20345,perfect prawn,individual_solar_1,p1711,35
20346,perfect prawn,individual_solar_1,p1718,15
20347,perfect prawn,individual_solar_1,p1732,25
20348,perfect prawn,individual_solar_1,p1739,35
20349,perfect prawn,individual_solar_1,p1741,25
20350,perfect prawn,individual_solar_1,p1746,35
20351,perfect prawn,individual_solar_1,p1751,25
20352,perfect prawn,individual_solar_1,p1754,25
20353,perfect prawn,individual_solar_1,p1769,25
20354,perfect prawn,individual_solar_1,p1771,25
20355,perfect prawn,individual_solar_1,p1776,25
20356,perfect prawn,individual_solar_1,p1780,35
20357,perfect prawn,individual_solar_1,p1785,25
20358,perfect prawn,individual_solar_1,p1791,35
20359,perfect prawn,individual_solar_1,p1793,35
20360,perfect prawn,individual_solar_1,p1796,25
20361,perfect prawn,individual_solar_1,p1805,35
20362,perfect prawn,individual_solar_1,p1812,35
20363,perfect prawn,individual_solar_1,p1816,25
20364,perfect prawn,individual_solar_1,p1819,25
20365,perfect prawn,individual_solar_1,p1825,35
20366,perfect prawn,individual_solar_1,p1836,35
20367,perfect prawn,individual_solar_1,p1839,15
20368,perfect prawn,individual_solar_1,p1861,35
20369,perfect prawn,individual_solar_1,p1863,25
20370,perfect prawn,individual_solar_1,p1873,35
20371,perfect prawn,individual_solar_1,p1875,25
20372,perfect prawn,individual_solar_1,p1876,35
20373,perfect prawn,individual_solar_1,p1877,35
20374,perfect prawn,individual_solar_1,p1880,25
20375,perfect prawn,individual_solar_1,p1883,25
20376,perfect prawn,individual_solar_1,p1889,25
20377,perfect prawn,individual_solar_1,p1893,35
20378,perfect prawn,individual_solar_1,p1896,25
20379,perfect prawn,individual_solar_1,p1913,35
20380,perfect prawn,individual_solar_1,p1922,25
20381,perfect prawn,individual_solar_1,p1930,35
20382,perfect prawn,individual_solar_1,p1935,35
20383,perfect prawn,individual_solar_1,p1940,35
20384,perfect prawn,individual_solar_1,p1948,35
20385,perfect prawn,individual_solar_1,p1950,25
20386,perfect prawn,individual_solar_1,p1954,35
20387,perfect prawn,individual_solar_1,p1956,25
20388,perfect prawn,individual_solar_1,p1958,35
20389,perfect prawn,individual_solar_1,p1967,35
20390,perfect prawn,individual_solar_1,p1973,35
20391,perfect prawn,individual_solar_1,p1978,35
20392,perfect prawn,individual_solar_1,p1983,25
20393,perfect prawn,individual_solar_1,p1984,25
20394,perfect prawn,individual_solar_1,p1995,25
20395,perfect prawn,individual_solar_1,p1996,35
20396,perfect prawn,individual_solar_1,p1997,25
20397,perfect prawn,individual_solar_1,p2001,35
20398,perfect prawn,individual_solar_1,p2002,25
20399,perfect prawn,individual_solar_1,p2013,35
20400,perfect prawn,individual_solar_1,p2014,25
20401,perfect prawn,individual_solar_1,p2016,35
20402,perfect prawn,individual_solar_1,p2018,25
20403,perfect prawn,individual_solar_1,p2023,35
20404,perfect prawn,individual_solar_1,p2025,15
20405,perfect prawn,individual_solar_1,p2028,25
20406,perfect prawn,individual_solar_1,p2030,35
20407,perfect prawn,individual_solar_1,p2033,35
20408,perfect prawn,individual_solar_1,p2040,15
20409,perfect prawn,individual_solar_1,p2051,35
20410,perfect prawn,individual_solar_1,p2052,25
20411,perfect prawn,individual_solar_1,p2066,15
20412,perfect prawn,individual_solar_1,p2067,35
20413,perfect prawn,individual_solar_1,p2073,35
20414,perfect prawn,individual_solar_1,p2077,35
20415,perfect prawn,individual_solar_1,p2078,25
20416,perfect prawn,individual_solar_1,p2086,35
20417,perfect prawn,individual_solar_1,p2089,35
20418,perfect prawn,individual_solar_1,p2093,15
20419,perfect prawn,individual_solar_1,p2094,35
20420,perfect prawn,individual_solar_1,p2111,35
20421,perfect prawn,individual_solar_1,p2117,35
20422,perfect prawn,individual_solar_1,p2121,35
20423,perfect prawn,individual_solar_1,p2127,35
20424,perfect prawn,individual_solar_1,p2141,25
20425,perfect prawn,individual_solar_1,p2142,15
20426,perfect prawn,individual_solar_1,p2143,35
20427,perfect prawn,individual_solar_1,p2153,25
20428,perfect prawn,individual_solar_1,p2155,25
20429,perfect prawn,individual_solar_1,p2169,25
20430,perfect prawn,individual_solar_1,p2187,25
20431,perfect prawn,individual_solar_1,p2188,35
20432,perfect prawn,individual_solar_1,p2197,35
20433,perfect prawn,individual_solar_1,p2213,35
20434,perfect prawn,individual_solar_1,p2214,35
20435,perfect prawn,individual_solar_1,p2215,35
20436,perfect prawn,individual_solar_1,p2220,35
20437,perfect prawn,individual_solar_1,p2223,25
20438,perfect prawn,individual_solar_1,p2229,35
20439,perfect prawn,individual_solar_1,p2234,35
20440,perfect prawn,individual_solar_1,p2237,35
20441,perfect prawn,individual_solar_1,p2238,25
20442,perfect prawn,individual_solar_1,p2244,25
20443,perfect prawn,individual_solar_1,p2248,25
20444,perfect prawn,individual_solar_1,p2252,35
20445,perfect prawn,individual_solar_1,p2255,15
20446,perfect prawn,individual_solar_1,p2261,15
20447,perfect prawn,individual_solar_1,p2263,35
20448,perfect prawn,individual_solar_1,p2273,35
20449,perfect prawn,individual_solar_1,p2275,35
20450,perfect prawn,individual_solar_1,p2276,35
20451,perfect prawn,individual_solar_1,p2283,15
20452,perfect prawn,individual_solar_1,p2287,25
20453,perfect prawn,individual_solar_1,p2296,35
20454,perfect prawn,individual_solar_1,p2298,35
20455,perfect prawn,individual_solar_1,p2304,35
20456,perfect prawn,individual_solar_1,p2310,35
20457,perfect prawn,individual_solar_1,p2322,25
20458,perfect prawn,individual_solar_1,p2326,25
20459,perfect prawn,individual_solar_1,p2330,25
20460,perfect prawn,individual_solar_1,p2331,25
20461,perfect prawn,individual_solar_1,p2333,25
20462,perfect prawn,individual_solar_1,p2347,35
20463,perfect prawn,individual_solar_1,p2350,25
20464,perfect prawn,individual_solar_1,p2351,35
20465,perfect prawn,individual_solar_1,p2353,35
20466,perfect prawn,individual_solar_1,p2355,25
20467,perfect prawn,individual_solar_1,p2363,15
20468,perfect prawn,individual_solar_1,p2378,35
20469,perfect prawn,individual_solar_1,p2380,35
20470,perfect prawn,individual_solar_1,p2387,35
20471,perfect prawn,individual_solar_1,p2398,35
20472,perfect prawn,individual_solar_1,p2400,35
20473,perfect prawn,individual_solar_1,p2403,35
20474,perfect prawn,individual_solar_1,p2408,25
20475,perfect prawn,individual_solar_1,p2418,25
20476,perfect prawn,individual_solar_1,p2426,35
20477,perfect prawn,individual_solar_1,p2428,25
20478,perfect prawn,individual_solar_1,p2434,35
20479,perfect prawn,individual_solar_1,p2446,25
20480,perfect prawn,individual_solar_1,p2452,25
20481,perfect prawn,individual_solar_1,p2454,25
20482,perfect prawn,individual_solar_1,p2462,35
20483,perfect prawn,individual_solar_1,p2467,15
20484,perfect prawn,individual_solar_1,p2482,35
20485,perfect prawn,individual_solar_1,p2489,25
20486,perfect prawn,individual_solar_1,p2490,25
20487,perfect prawn,individual_solar_1,p2494,35
20488,perfect prawn,individual_solar_1,p2502,35
20489,perfect prawn,individual_solar_1,p2503,35
20490,perfect prawn,individual_solar_1,p2522,25
20491,perfect prawn,individual_solar_1,p2524,35
20492,perfect prawn,individual_solar_1,p2533,15
20493,perfect prawn,individual_solar_1,p2566,25
20494,perfect prawn,individual_solar_1,p2571,35
20495,perfect prawn,individual_solar_1,p2573,25
20496,perfect prawn,individual_solar_1,p2582,25
20497,perfect prawn,individual_solar_1,p2591,25
20498,perfect prawn,individual_solar_1,p2592,25
20499,perfect prawn,individual_solar_1,p2595,15
20500,perfect prawn,individual_fly_1,p0016,35
20501,perfect prawn,individual_fly_1,p0022,35
20502,perfect prawn,individual_fly_1,p0023,25
20503,perfect prawn,individual_fly_1,p0026,35
20504,perfect prawn,individual_fly_1,p0034,35
20505,perfect prawn,individual_fly_1,p0036,35
20506,perfect prawn,individual_fly_1,p0037,35
20507,perfect prawn,individual_fly_1,p0042,35
20508,perfect prawn,individual_fly_1,p0057,35
20509,perfect prawn,individual_fly_1,p0066,35
20510,perfect prawn,individual_fly_1,p0069,25
20511,perfect prawn,individual_fly_1,p0072,25
20512,perfect prawn,individual_fly_1,p0073,35
20513,perfect prawn,individual_fly_1,p0082,35
20514,perfect prawn,individual_fly_1,p0091,25
20515,perfect prawn,individual_fly_1,p0092,35
20516,perfect prawn,individual_fly_1,p0093,25
20517,perfect prawn,individual_fly_1,p0095,35
20518,perfect prawn,individual_fly_1,p0107,35
20519,perfect prawn,individual_fly_1,p0114,35
20520,perfect prawn,individual_fly_1,p0116,35
20521,perfect prawn,individual_fly_1,p0118,35
20522,perfect prawn,individual_fly_1,p0119,35
20523,perfect prawn,individual_fly_1,p0126,35
20524,perfect prawn,individual_fly_1,p0129,25
20525,perfect prawn,individual_fly_1,p0136,35
20526,perfect prawn,individual_fly_1,p0138,35
20527,perfect prawn,individual_fly_1,p0144,35
20528,perfect prawn,individual_fly_1,p0150,35
20529,perfect prawn,individual_fly_1,p0152,35
20530,perfect prawn,individual_fly_1,p0158,35
20531,perfect prawn,individual_fly_1,p0161,35
20532,perfect prawn,individual_fly_1,p0164,35
20533,perfect prawn,individual_fly_1,p0175,35
20534,perfect prawn,individual_fly_1,p0177,35
20535,perfect prawn,individual_fly_1,p0178,35
20536,perfect prawn,individual_fly_1,p0181,35
20537,perfect prawn,individual_fly_1,p0186,35
20538,perfect prawn,individual_fly_1,p0196,35
20539,perfect prawn,individual_fly_1,p0198,35
20540,perfect prawn,individual_fly_1,p0202,35
20541,perfect prawn,individual_fly_1,p0205,35
20542,perfect prawn,individual_fly_1,p0207,35
20543,perfect prawn,individual_fly_1,p0211,35
20544,perfect prawn,individual_fly_1,p0227,25
20545,perfect prawn,individual_fly_1,p0229,35
20546,perfect prawn,individual_fly_1,p0232,35
20547,perfect prawn,individual_fly_1,p0233,35
20548,perfect prawn,individual_fly_1,p0237,35
20549,perfect prawn,individual_fly_1,p0258,35
20550,perfect prawn,individual_fly_1,p0268,25
20551,perfect prawn,individual_fly_1,p0274,35
20552,perfect prawn,individual_fly_1,p0275,35
20553,perfect prawn,individual_fly_1,p0277,35
20554,perfect prawn,individual_fly_1,p0288,35
20555,perfect prawn,individual_fly_1,p0291,25
20556,perfect prawn,individual_fly_1,p0307,35
20557,perfect prawn,individual_fly_1,p0308,35
20558,perfect prawn,individual_fly_1,p0317,25
20559,perfect prawn,individual_fly_1,p0325,35
20560,perfect prawn,individual_fly_1,p0327,25
20561,perfect prawn,individual_fly_1,p0334,35
20562,perfect prawn,individual_fly_1,p0336,35
20563,perfect prawn,individual_fly_1,p0338,35
20564,perfect prawn,individual_fly_1,p0342,35
20565,perfect prawn,individual_fly_1,p0349,35
20566,perfect prawn,individual_fly_1,p0356,35
20567,perfect prawn,individual_fly_1,p0358,35
20568,perfect prawn,individual_fly_1,p0363,35
20569,perfect prawn,individual_fly_1,p0364,35
20570,perfect prawn,individual_fly_1,p0369,35
20571,perfect prawn,individual_fly_1,p0370,35
20572,perfect prawn,individual_fly_1,p0371,35
20573,perfect prawn,individual_fly_1,p0379,35
20574,perfect prawn,individual_fly_1,p0386,35
20575,perfect prawn,individual_fly_1,p0396,35
20576,perfect prawn,individual_fly_1,p0403,35
20577,perfect prawn,individual_fly_1,p0405,25
20578,perfect prawn,individual_fly_1,p0412,35
20579,perfect prawn,individual_fly_1,p0415,35
20580,perfect prawn,individual_fly_1,p0416,35
20581,perfect prawn,individual_fly_1,p0417,35
20582,perfect prawn,individual_fly_1,p0418,35
20583,perfect prawn,individual_fly_1,p0430,35
20584,perfect prawn,individual_fly_1,p0431,25
20585,perfect prawn,individual_fly_1,p0434,25
20586,perfect prawn,individual_fly_1,p0438,25
20587,perfect prawn,individual_fly_1,p0441,35
20588,perfect prawn,individual_fly_1,p0442,35
20589,perfect prawn,individual_fly_1,p0449,35
20590,perfect prawn,individual_fly_1,p0450,35
20591,perfect prawn,individual_fly_1,p0465,35
20592,perfect prawn,individual_fly_1,p0471,35
20593,perfect prawn,individual_fly_1,p0477,35
20594,perfect prawn,individual_fly_1,p0483,35
20595,perfect prawn,individual_fly_1,p0486,35
20596,perfect prawn,individual_fly_1,p0487,35
20597,perfect prawn,individual_fly_1,p0489,25
20598,perfect prawn,individual_fly_1,p0497,25
20599,perfect prawn,individual_fly_1,p0502,35
20600,perfect prawn,individual_fly_1,p0503,35
20601,perfect prawn,individual_fly_1,p0506,35
20602,perfect prawn,individual_fly_1,p0511,35
20603,perfect prawn,individual_fly_1,p0523,35
20604,perfect prawn,individual_fly_1,p0534,25
20605,perfect prawn,individual_fly_1,p0536,35
20606,perfect prawn,individual_fly_1,p0542,35
20607,perfect prawn,individual_fly_1,p0547,35
20608,perfect prawn,individual_fly_1,p0553,35
20609,perfect prawn,individual_fly_1,p0559,35
20610,perfect prawn,individual_fly_1,p0566,35
20611,perfect prawn,individual_fly_1,p0568,35
20612,perfect prawn,individual_fly_1,p0570,35
20613,perfect prawn,individual_fly_1,p0573,35
20614,perfect prawn,individual_fly_1,p0578,35
20615,perfect prawn,individual_fly_1,p0594,35
20616,perfect prawn,individual_fly_1,p0597,25
20617,perfect prawn,individual_fly_1,p0601,25
20618,perfect prawn,individual_fly_1,p0602,35
20619,perfect prawn,individual_fly_1,p0605,35
20620,perfect prawn,individual_fly_1,p0615,35
20621,perfect prawn,individual_fly_1,p0620,35
20622,perfect prawn,individual_fly_1,p0626,35
20623,perfect prawn,individual_fly_1,p0629,35
20624,perfect prawn,individual_fly_1,p0633,35
20625,perfect prawn,individual_fly_1,p0638,35
20626,perfect prawn,individual_fly_1,p0639,35
20627,perfect prawn,individual_fly_1,p0640,35
20628,perfect prawn,individual_fly_1,p0655,25
20629,perfect prawn,individual_fly_1,p0656,35
20630,perfect prawn,individual_fly_1,p0658,25
20631,perfect prawn,individual_fly_1,p0661,35
20632,perfect prawn,individual_fly_1,p0669,35
20633,perfect prawn,individual_fly_1,p0670,35
20634,perfect prawn,individual_fly_1,p0672,35
20635,perfect prawn,individual_fly_1,p0674,35
20636,perfect prawn,individual_fly_1,p0678,35
20637,perfect prawn,individual_fly_1,p0683,35
20638,perfect prawn,individual_fly_1,p0686,35
20639,perfect prawn,individual_fly_1,p0687,35
20640,perfect prawn,individual_fly_1,p0698,35
20641,perfect prawn,individual_fly_1,p0700,35
20642,perfect prawn,individual_fly_1,p0703,35
20643,perfect prawn,individual_fly_1,p0718,35
20644,perfect prawn,individual_fly_1,p0744,35
20645,perfect prawn,individual_fly_1,p0745,25
20646,perfect prawn,individual_fly_1,p0753,35
20647,perfect prawn,individual_fly_1,p0770,35
20648,perfect prawn,individual_fly_1,p0771,35
20649,perfect prawn,individual_fly_1,p0777,25
20650,perfect prawn,individual_fly_1,p0779,35
20651,perfect prawn,individual_fly_1,p0780,35
20652,perfect prawn,individual_fly_1,p0783,35
20653,perfect prawn,individual_fly_1,p0785,35
20654,perfect prawn,individual_fly_1,p0786,35
20655,perfect prawn,individual_fly_1,p0794,25
20656,perfect prawn,individual_fly_1,p0798,25
20657,perfect prawn,individual_fly_1,p0800,35
20658,perfect prawn,individual_fly_1,p0820,35
20659,perfect prawn,individual_fly_1,p0841,35
20660,perfect prawn,individual_fly_1,p0849,35
20661,perfect prawn,individual_fly_1,p0862,35
20662,perfect prawn,individual_fly_1,p0867,35
20663,perfect prawn,individual_fly_1,p0869,35
20664,perfect prawn,individual_fly_1,p0872,35
20665,perfect prawn,individual_fly_1,p0880,35
20666,perfect prawn,individual_fly_1,p0891,35
20667,perfect prawn,individual_fly_1,p0916,35
20668,perfect prawn,individual_fly_1,p0917,35
20669,perfect prawn,individual_fly_1,p0919,35
20670,perfect prawn,individual_fly_1,p0922,35
20671,perfect prawn,individual_fly_1,p0925,35
20672,perfect prawn,individual_fly_1,p0927,35
20673,perfect prawn,individual_fly_1,p0929,35
20674,perfect prawn,individual_fly_1,p0930,35
20675,perfect prawn,individual_fly_1,p0931,25
20676,perfect prawn,individual_fly_1,p0933,35
20677,perfect prawn,individual_fly_1,p0934,35
20678,perfect prawn,individual_fly_1,p0936,35
20679,perfect prawn,individual_fly_1,p0938,35
20680,perfect prawn,individual_fly_1,p0939,35
20681,perfect prawn,individual_fly_1,p0946,35
20682,perfect prawn,individual_fly_1,p0951,35
20683,perfect prawn,individual_fly_1,p0956,35
20684,perfect prawn,individual_fly_1,p0962,35
20685,perfect prawn,individual_fly_1,p0963,35
20686,perfect prawn,individual_fly_1,p0969,25
20687,perfect prawn,individual_fly_1,p0972,35
20688,perfect prawn,individual_fly_1,p0975,35
20689,perfect prawn,individual_fly_1,p0985,35
20690,perfect prawn,individual_fly_1,p0993,35
20691,perfect prawn,individual_fly_1,p0996,35
20692,perfect prawn,individual_fly_1,p1011,35
20693,perfect prawn,individual_fly_1,p1017,25
20694,perfect prawn,individual_fly_1,p1020,25
20695,perfect prawn,individual_fly_1,p1022,35
20696,perfect prawn,individual_fly_1,p1024,35
20697,perfect prawn,individual_fly_1,p1027,35
20698,perfect prawn,individual_fly_1,p1028,35
20699,perfect prawn,individual_fly_1,p1029,35
20700,perfect prawn,individual_fly_1,p1032,35
20701,perfect prawn,individual_fly_1,p1040,35
20702,perfect prawn,individual_fly_1,p1047,35
20703,perfect prawn,individual_fly_1,p1048,35
20704,perfect prawn,individual_fly_1,p1053,35
20705,perfect prawn,individual_fly_1,p1057,35
20706,perfect prawn,individual_fly_1,p1058,35
20707,perfect prawn,individual_fly_1,p1063,25
20708,perfect prawn,individual_fly_1,p1064,35
20709,perfect prawn,individual_fly_1,p1065,35
20710,perfect prawn,individual_fly_1,p1069,35
20711,perfect prawn,individual_fly_1,p1072,35
20712,perfect prawn,individual_fly_1,p1073,35
20713,perfect prawn,individual_fly_1,p1075,35
20714,perfect prawn,individual_fly_1,p1076,35
20715,perfect prawn,individual_fly_1,p1083,35
20716,perfect prawn,individual_fly_1,p1089,25
20717,perfect prawn,individual_fly_1,p1093,35
20718,perfect prawn,individual_fly_1,p1096,35
20719,perfect prawn,individual_fly_1,p1100,25
20720,perfect prawn,individual_fly_1,p1106,35
20721,perfect prawn,individual_fly_1,p1107,35
20722,perfect prawn,individual_fly_1,p1113,35
20723,perfect prawn,individual_fly_1,p1117,25
20724,perfect prawn,individual_fly_1,p1120,35
20725,perfect prawn,individual_fly_1,p1134,35
20726,perfect prawn,individual_fly_1,p1136,35
20727,perfect prawn,individual_fly_1,p1138,35
20728,perfect prawn,individual_fly_1,p1144,35
20729,perfect prawn,individual_fly_1,p1145,35
20730,perfect prawn,individual_fly_1,p1147,35
20731,perfect prawn,individual_fly_1,p1148,35
20732,perfect prawn,individual_fly_1,p1154,35
20733,perfect prawn,individual_fly_1,p1159,25
20734,perfect prawn,individual_fly_1,p1167,25
20735,perfect prawn,individual_fly_1,p1175,35
20736,perfect prawn,individual_fly_1,p1178,35
20737,perfect prawn,individual_fly_1,p1184,35
20738,perfect prawn,individual_fly_1,p1186,35
20739,perfect prawn,individual_fly_1,p1196,35
20740,perfect prawn,individual_fly_1,p1197,25
20741,perfect prawn,individual_fly_1,p1203,35
20742,perfect prawn,individual_fly_1,p1219,35
20743,perfect prawn,individual_fly_1,p1225,35
20744,perfect prawn,individual_fly_1,p1234,35
20745,perfect prawn,individual_fly_1,p1242,35
20746,perfect prawn,individual_fly_1,p1244,35
20747,perfect prawn,individual_fly_1,p1249,35
20748,perfect prawn,individual_fly_1,p1250,35
20749,perfect prawn,individual_fly_1,p1256,35
20750,perfect prawn,individual_fly_1,p1258,35
20751,perfect prawn,individual_fly_1,p1260,35
20752,perfect prawn,individual_fly_1,p1262,35
20753,perfect prawn,individual_fly_1,p1264,35
20754,perfect prawn,individual_fly_1,p1265,35
20755,perfect prawn,individual_fly_1,p1269,35
20756,perfect prawn,individual_fly_1,p1272,35
20757,perfect prawn,individual_fly_1,p1278,25
20758,perfect prawn,individual_fly_1,p1281,35
20759,perfect prawn,individual_fly_1,p1292,35
20760,perfect prawn,individual_fly_1,p1299,35
20761,perfect prawn,individual_fly_1,p1312,35
20762,perfect prawn,individual_fly_1,p1322,35
20763,perfect prawn,individual_fly_1,p1326,35
20764,perfect prawn,individual_fly_1,p1330,35
20765,perfect prawn,individual_fly_1,p1335,35
20766,perfect prawn,individual_fly_1,p1337,35
20767,perfect prawn,individual_fly_1,p1340,25
20768,perfect prawn,individual_fly_1,p1345,35
20769,perfect prawn,individual_fly_1,p1351,35
20770,perfect prawn,individual_fly_1,p1355,35
20771,perfect prawn,individual_fly_1,p1362,25
20772,perfect prawn,individual_fly_1,p1365,25
20773,perfect prawn,individual_fly_1,p1366,35
20774,perfect prawn,individual_fly_1,p1367,35
20775,perfect prawn,individual_fly_1,p1370,35
20776,perfect prawn,individual_fly_1,p1371,35
20777,perfect prawn,individual_fly_1,p1373,35
20778,perfect prawn,individual_fly_1,p1375,35
20779,perfect prawn,individual_fly_1,p1376,35
20780,perfect prawn,individual_fly_1,p1379,35
20781,perfect prawn,individual_fly_1,p1381,25
20782,perfect prawn,individual_fly_1,p1393,35
20783,perfect prawn,individual_fly_1,p1396,35
20784,perfect prawn,individual_fly_1,p1398,35
20785,perfect prawn,individual_fly_1,p1404,35
20786,perfect prawn,individual_fly_1,p1406,35
20787,perfect prawn,individual_fly_1,p1407,35
20788,perfect prawn,individual_fly_1,p1409,35
20789,perfect prawn,individual_fly_1,p1412,35
20790,perfect prawn,individual_fly_1,p1414,35
20791,perfect prawn,individual_fly_1,p1424,35
20792,perfect prawn,individual_fly_1,p1425,35
20793,perfect prawn,individual_fly_1,p1429,35
20794,perfect prawn,individual_fly_1,p1434,35
20795,perfect prawn,individual_fly_1,p1441,35
20796,perfect prawn,individual_fly_1,p1445,35
20797,perfect prawn,individual_fly_1,p1450,25
20798,perfect prawn,individual_fly_1,p1454,35
20799,perfect prawn,individual_fly_1,p1456,35
20800,perfect prawn,individual_fly_1,p1457,35
20801,perfect prawn,individual_fly_1,p1458,25
20802,perfect prawn,individual_fly_1,p1469,35
20803,perfect prawn,individual_fly_1,p1470,35
20804,perfect prawn,individual_fly_1,p1481,35
20805,perfect prawn,individual_fly_1,p1488,25
20806,perfect prawn,individual_fly_1,p1492,35
20807,perfect prawn,individual_fly_1,p1495,35
20808,perfect prawn,individual_fly_1,p1497,35
20809,perfect prawn,individual_fly_1,p1499,35
20810,perfect prawn,individual_fly_1,p1503,35
20811,perfect prawn,individual_fly_1,p1511,25
20812,perfect prawn,individual_fly_1,p1512,35
20813,perfect prawn,individual_fly_1,p1518,35
20814,perfect prawn,individual_fly_1,p1519,35
20815,perfect prawn,individual_fly_1,p1520,35
20816,perfect prawn,individual_fly_1,p1524,35
20817,perfect prawn,individual_fly_1,p1526,25
20818,perfect prawn,individual_fly_1,p1537,35
20819,perfect prawn,individual_fly_1,p1545,35
20820,perfect prawn,individual_fly_1,p1547,35
20821,perfect prawn,individual_fly_1,p1552,35
20822,perfect prawn,individual_fly_1,p1567,35
20823,perfect prawn,individual_fly_1,p1568,35
20824,perfect prawn,individual_fly_1,p1579,35
20825,perfect prawn,individual_fly_1,p1587,35
20826,perfect prawn,individual_fly_1,p1596,35
20827,perfect prawn,individual_fly_1,p1600,35
20828,perfect prawn,individual_fly_1,p1603,35
20829,perfect prawn,individual_fly_1,p1604,35
20830,perfect prawn,individual_fly_1,p1610,35
20831,perfect prawn,individual_fly_1,p1618,35
20832,perfect prawn,individual_fly_1,p1619,35
20833,perfect prawn,individual_fly_1,p1622,35
20834,perfect prawn,individual_fly_1,p1623,35
20835,perfect prawn,individual_fly_1,p1630,25
20836,perfect prawn,individual_fly_1,p1641,35
20837,perfect prawn,individual_fly_1,p1649,35
20838,perfect prawn,individual_fly_1,p1652,35
20839,perfect prawn,individual_fly_1,p1665,35
20840,perfect prawn,individual_fly_1,p1669,25
20841,perfect prawn,individual_fly_1,p1685,35
20842,perfect prawn,individual_fly_1,p1693,35
20843,perfect prawn,individual_fly_1,p1698,35
20844,perfect prawn,individual_fly_1,p1704,35
20845,perfect prawn,individual_fly_1,p1711,35
20846,perfect prawn,individual_fly_1,p1718,35
20847,perfect prawn,individual_fly_1,p1732,25
20848,perfect prawn,individual_fly_1,p1739,35
20849,perfect prawn,individual_fly_1,p1741,35
20850,perfect prawn,individual_fly_1,p1746,35
20851,perfect prawn,individual_fly_1,p1751,35
20852,perfect prawn,individual_fly_1,p1754,25
20853,perfect prawn,individual_fly_1,p1769,25
20854,perfect prawn,individual_fly_1,p1771,35
20855,perfect prawn,individual_fly_1,p1776,35
20856,perfect prawn,individual_fly_1,p1780,35
20857,perfect prawn,individual_fly_1,p1785,35
20858,perfect prawn,individual_fly_1,p1791,45
20859,perfect prawn,individual_fly_1,p1793,35
20860,perfect prawn,individual_fly_1,p1796,35
20861,perfect prawn,individual_fly_1,p1805,35
20862,perfect prawn,individual_fly_1,p1812,35
20863,perfect prawn,individual_fly_1,p1816,35
20864,perfect prawn,individual_fly_1,p1819,35
20865,perfect prawn,individual_fly_1,p1825,25
20866,perfect prawn,individual_fly_1,p1836,35
20867,perfect prawn,individual_fly_1,p1839,25
20868,perfect prawn,individual_fly_1,p1861,35
20869,perfect prawn,individual_fly_1,p1863,35
20870,perfect prawn,individual_fly_1,p1873,35
20871,perfect prawn,individual_fly_1,p1875,35
20872,perfect prawn,individual_fly_1,p1876,35
20873,perfect prawn,individual_fly_1,p1877,35
20874,perfect prawn,individual_fly_1,p1880,35
20875,perfect prawn,individual_fly_1,p1883,35
20876,perfect prawn,individual_fly_1,p1889,35
20877,perfect prawn,individual_fly_1,p1893,35
20878,perfect prawn,individual_fly_1,p1896,35
20879,perfect prawn,individual_fly_1,p1913,35
20880,perfect prawn,individual_fly_1,p1922,30
20881,perfect prawn,individual_fly_1,p1930,35
20882,perfect prawn,individual_fly_1,p1935,35
20883,perfect prawn,individual_fly_1,p1940,35
20884,perfect prawn,individual_fly_1,p1948,25
20885,perfect prawn,individual_fly_1,p1950,35
20886,perfect prawn,individual_fly_1,p1954,35
20887,perfect prawn,individual_fly_1,p1956,35
20888,perfect prawn,individual_fly_1,p1958,35
20889,perfect prawn,individual_fly_1,p1967,35
20890,perfect prawn,individual_fly_1,p1973,15
20891,perfect prawn,individual_fly_1,p1978,35
20892,perfect prawn,individual_fly_1,p1983,35
20893,perfect prawn,individual_fly_1,p1984,35
20894,perfect prawn,individual_fly_1,p1995,35
20895,perfect prawn,individual_fly_1,p1996,35
20896,perfect prawn,individual_fly_1,p1997,35
20897,perfect prawn,individual_fly_1,p2001,35
20898,perfect prawn,individual_fly_1,p2002,35
20899,perfect prawn,individual_fly_1,p2013,25
20900,perfect prawn,individual_fly_1,p2014,35
20901,perfect prawn,individual_fly_1,p2016,35
20902,perfect prawn,individual_fly_1,p2018,35
20903,perfect prawn,individual_fly_1,p2023,35
20904,perfect prawn,individual_fly_1,p2025,25
20905,perfect prawn,individual_fly_1,p2028,35
20906,perfect prawn,individual_fly_1,p2030,35
20907,perfect prawn,individual_fly_1,p2033,35
20908,perfect prawn,individual_fly_1,p2040,35
20909,perfect prawn,individual_fly_1,p2051,35
20910,perfect prawn,individual_fly_1,p2052,35
20911,perfect prawn,individual_fly_1,p2066,35
20912,perfect prawn,individual_fly_1,p2067,35
20913,perfect prawn,individual_fly_1,p2073,35
20914,perfect prawn,individual_fly_1,p2077,35
20915,perfect prawn,individual_fly_1,p2078,35
20916,perfect prawn,individual_fly_1,p2086,35
20917,perfect prawn,individual_fly_1,p2089,35
20918,perfect prawn,individual_fly_1,p2093,25
20919,perfect prawn,individual_fly_1,p2094,35
20920,perfect prawn,individual_fly_1,p2111,35
20921,perfect prawn,individual_fly_1,p2117,35
20922,perfect prawn,individual_fly_1,p2121,35
20923,perfect prawn,individual_fly_1,p2127,35
20924,perfect prawn,individual_fly_1,p2141,35
20925,perfect prawn,individual_fly_1,p2142,35
20926,perfect prawn,individual_fly_1,p2143,35
20927,perfect prawn,individual_fly_1,p2153,35
20928,perfect prawn,individual_fly_1,p2155,35
20929,perfect prawn,individual_fly_1,p2169,25
20930,perfect prawn,individual_fly_1,p2187,25
20931,perfect prawn,individual_fly_1,p2188,25
20932,perfect prawn,individual_fly_1,p2197,35
20933,perfect prawn,individual_fly_1,p2213,35
20934,perfect prawn,individual_fly_1,p2214,35
20935,perfect prawn,individual_fly_1,p2215,35
20936,perfect prawn,individual_fly_1,p2220,35
20937,perfect prawn,individual_fly_1,p2223,35
20938,perfect prawn,individual_fly_1,p2229,35
20939,perfect prawn,individual_fly_1,p2234,35
20940,perfect prawn,individual_fly_1,p2237,35
20941,perfect prawn,individual_fly_1,p2238,25
20942,perfect prawn,individual_fly_1,p2244,25
20943,perfect prawn,individual_fly_1,p2248,35
20944,perfect prawn,individual_fly_1,p2252,25
20945,perfect prawn,individual_fly_1,p2255,35
20946,perfect prawn,individual_fly_1,p2261,25
20947,perfect prawn,individual_fly_1,p2263,35
20948,perfect prawn,individual_fly_1,p2273,35
20949,perfect prawn,individual_fly_1,p2275,35
20950,perfect prawn,individual_fly_1,p2276,35
20951,perfect prawn,individual_fly_1,p2283,35
20952,perfect prawn,individual_fly_1,p2287,35
20953,perfect prawn,individual_fly_1,p2296,35
20954,perfect prawn,individual_fly_1,p2298,35
20955,perfect prawn,individual_fly_1,p2304,35
20956,perfect prawn,individual_fly_1,p2310,35
20957,perfect prawn,individual_fly_1,p2322,25
20958,perfect prawn,individual_fly_1,p2326,25
20959,perfect prawn,individual_fly_1,p2330,35
20960,perfect prawn,individual_fly_1,p2331,35
20961,perfect prawn,individual_fly_1,p2333,35
20962,perfect prawn,individual_fly_1,p2347,35
20963,perfect prawn,individual_fly_1,p2350,35
20964,perfect prawn,individual_fly_1,p2351,35
20965,perfect prawn,individual_fly_1,p2353,35
20966,perfect prawn,individual_fly_1,p2355,25
20967,perfect prawn,individual_fly_1,p2363,35
20968,perfect prawn,individual_fly_1,p2378,35
20969,perfect prawn,individual_fly_1,p2380,35
20970,perfect prawn,individual_fly_1,p2387,35
20971,perfect prawn,individual_fly_1,p2398,35
20972,perfect prawn,individual_fly_1,p2400,35
20973,perfect prawn,individual_fly_1,p2403,35
20974,perfect prawn,individual_fly_1,p2408,35
20975,perfect prawn,individual_fly_1,p2418,25
20976,perfect prawn,individual_fly_1,p2426,35
20977,perfect prawn,individual_fly_1,p2428,35
20978,perfect prawn,individual_fly_1,p2434,25
20979,perfect prawn,individual_fly_1,p2446,35
20980,perfect prawn,individual_fly_1,p2452,25
20981,perfect prawn,individual_fly_1,p2454,25
20982,perfect prawn,individual_fly_1,p2462,35
20983,perfect prawn,individual_fly_1,p2467,25
20984,perfect prawn,individual_fly_1,p2482,35
20985,perfect prawn,individual_fly_1,p2489,35
20986,perfect prawn,individual_fly_1,p2490,35
20987,perfect prawn,individual_fly_1,p2494,35
20988,perfect prawn,individual_fly_1,p2502,35
20989,perfect prawn,individual_fly_1,p2503,35
20990,perfect prawn,individual_fly_1,p2522,35
20991,perfect prawn,individual_fly_1,p2524,35
20992,perfect prawn,individual_fly_1,p2533,25
20993,perfect prawn,individual_fly_1,p2566,35
20994,perfect prawn,individual_fly_1,p2571,35
20995,perfect prawn,individual_fly_1,p2573,35
20996,perfect prawn,individual_fly_1,p2582,25
20997,perfect prawn,individual_fly_1,p2591,35
20998,perfect prawn,individual_fly_1,p2592,35
20999,perfect prawn,individual_fly_1,p2595,25
21000,perfect prawn,individual_talk_1,p0016,65
21001,perfect prawn,individual_talk_1,p0022,65
21002,perfect prawn,individual_talk_1,p0023,75
21003,perfect prawn,individual_talk_1,p0026,68
21004,perfect prawn,individual_talk_1,p0034,45
21005,perfect prawn,individual_talk_1,p0036,45
21006,perfect prawn,individual_talk_1,p0037,45
21007,perfect prawn,individual_talk_1,p0042,65
21008,perfect prawn,individual_talk_1,p0057,65
21009,perfect prawn,individual_talk_1,p0066,65
21010,perfect prawn,individual_talk_1,p0069,35
21011,perfect prawn,individual_talk_1,p0072,65
21012,perfect prawn,individual_talk_1,p0073,65
21013,perfect prawn,individual_talk_1,p0082,65
21014,perfect prawn,individual_talk_1,p0091,65
21015,perfect prawn,individual_talk_1,p0092,45
21016,perfect prawn,individual_talk_1,p0093,65
21017,perfect prawn,individual_talk_1,p0095,68
21018,perfect prawn,individual_talk_1,p0107,45
21019,perfect prawn,individual_talk_1,p0114,65
21020,perfect prawn,individual_talk_1,p0116,45
21021,perfect prawn,individual_talk_1,p0118,45
21022,perfect prawn,individual_talk_1,p0119,68
21023,perfect prawn,individual_talk_1,p0126,55
21024,perfect prawn,individual_talk_1,p0129,65
21025,perfect prawn,individual_talk_1,p0136,35
21026,perfect prawn,individual_talk_1,p0138,45
21027,perfect prawn,individual_talk_1,p0144,65
21028,perfect prawn,individual_talk_1,p0150,35
21029,perfect prawn,individual_talk_1,p0152,45
21030,perfect prawn,individual_talk_1,p0158,35
21031,perfect prawn,individual_talk_1,p0161,45
21032,perfect prawn,individual_talk_1,p0164,35
21033,perfect prawn,individual_talk_1,p0175,68
21034,perfect prawn,individual_talk_1,p0177,65
21035,perfect prawn,individual_talk_1,p0178,65
21036,perfect prawn,individual_talk_1,p0181,35
21037,perfect prawn,individual_talk_1,p0186,45
21038,perfect prawn,individual_talk_1,p0196,65
21039,perfect prawn,individual_talk_1,p0198,65
21040,perfect prawn,individual_talk_1,p0202,65
21041,perfect prawn,individual_talk_1,p0205,35
21042,perfect prawn,individual_talk_1,p0207,35
21043,perfect prawn,individual_talk_1,p0211,35
21044,perfect prawn,individual_talk_1,p0227,75
21045,perfect prawn,individual_talk_1,p0229,45
21046,perfect prawn,individual_talk_1,p0232,65
21047,perfect prawn,individual_talk_1,p0233,35
21048,perfect prawn,individual_talk_1,p0237,75
21049,perfect prawn,individual_talk_1,p0258,45
21050,perfect prawn,individual_talk_1,p0268,25
21051,perfect prawn,individual_talk_1,p0274,65
21052,perfect prawn,individual_talk_1,p0275,35
21053,perfect prawn,individual_talk_1,p0277,35
21054,perfect prawn,individual_talk_1,p0288,65
21055,perfect prawn,individual_talk_1,p0291,65
21056,perfect prawn,individual_talk_1,p0307,35
21057,perfect prawn,individual_talk_1,p0308,55
21058,perfect prawn,individual_talk_1,p0317,35
21059,perfect prawn,individual_talk_1,p0325,75
21060,perfect prawn,individual_talk_1,p0327,75
21061,perfect prawn,individual_talk_1,p0334,75
21062,perfect prawn,individual_talk_1,p0336,65
21063,perfect prawn,individual_talk_1,p0338,35
21064,perfect prawn,individual_talk_1,p0342,65
21065,perfect prawn,individual_talk_1,p0349,45
21066,perfect prawn,individual_talk_1,p0356,65
21067,perfect prawn,individual_talk_1,p0358,65
21068,perfect prawn,individual_talk_1,p0363,65
21069,perfect prawn,individual_talk_1,p0364,65
21070,perfect prawn,individual_talk_1,p0369,75
21071,perfect prawn,individual_talk_1,p0370,45
21072,perfect prawn,individual_talk_1,p0371,45
21073,perfect prawn,individual_talk_1,p0379,55
21074,perfect prawn,individual_talk_1,p0386,65
21075,perfect prawn,individual_talk_1,p0396,65
21076,perfect prawn,individual_talk_1,p0403,65
21077,perfect prawn,individual_talk_1,p0405,65
21078,perfect prawn,individual_talk_1,p0412,68
21079,perfect prawn,individual_talk_1,p0415,35
21080,perfect prawn,individual_talk_1,p0416,65
21081,perfect prawn,individual_talk_1,p0417,65
21082,perfect prawn,individual_talk_1,p0418,45
21083,perfect prawn,individual_talk_1,p0430,65
21084,perfect prawn,individual_talk_1,p0431,75
21085,perfect prawn,individual_talk_1,p0434,25
21086,perfect prawn,individual_talk_1,p0438,65
21087,perfect prawn,individual_talk_1,p0441,65
21088,perfect prawn,individual_talk_1,p0442,35
21089,perfect prawn,individual_talk_1,p0449,45
21090,perfect prawn,individual_talk_1,p0450,65
21091,perfect prawn,individual_talk_1,p0465,45
21092,perfect prawn,individual_talk_1,p0471,65
21093,perfect prawn,individual_talk_1,p0477,65
21094,perfect prawn,individual_talk_1,p0483,65
21095,perfect prawn,individual_talk_1,p0486,65
21096,perfect prawn,individual_talk_1,p0487,65
21097,perfect prawn,individual_talk_1,p0489,65
21098,perfect prawn,individual_talk_1,p0497,35
21099,perfect prawn,individual_talk_1,p0502,65
21100,perfect prawn,individual_talk_1,p0503,65
21101,perfect prawn,individual_talk_1,p0506,45
21102,perfect prawn,individual_talk_1,p0511,68
21103,perfect prawn,individual_talk_1,p0523,65
21104,perfect prawn,individual_talk_1,p0534,65
21105,perfect prawn,individual_talk_1,p0536,55
21106,perfect prawn,individual_talk_1,p0542,35
21107,perfect prawn,individual_talk_1,p0547,65
21108,perfect prawn,individual_talk_1,p0553,68
21109,perfect prawn,individual_talk_1,p0559,65
21110,perfect prawn,individual_talk_1,p0566,65
21111,perfect prawn,individual_talk_1,p0568,65
21112,perfect prawn,individual_talk_1,p0570,35
21113,perfect prawn,individual_talk_1,p0573,65
21114,perfect prawn,individual_talk_1,p0578,65
21115,perfect prawn,individual_talk_1,p0594,45
21116,perfect prawn,individual_talk_1,p0597,65
21117,perfect prawn,individual_talk_1,p0601,65
21118,perfect prawn,individual_talk_1,p0602,35
21119,perfect prawn,individual_talk_1,p0605,68
21120,perfect prawn,individual_talk_1,p0615,35
21121,perfect prawn,individual_talk_1,p0620,65
21122,perfect prawn,individual_talk_1,p0626,65
21123,perfect prawn,individual_talk_1,p0629,75
21124,perfect prawn,individual_talk_1,p0633,45
21125,perfect prawn,individual_talk_1,p0638,65
21126,perfect prawn,individual_talk_1,p0639,65
21127,perfect prawn,individual_talk_1,p0640,45
21128,perfect prawn,individual_talk_1,p0655,65
21129,perfect prawn,individual_talk_1,p0656,65
21130,perfect prawn,individual_talk_1,p0658,35
21131,perfect prawn,individual_talk_1,p0661,55
21132,perfect prawn,individual_talk_1,p0669,65
21133,perfect prawn,individual_talk_1,p0670,45
21134,perfect prawn,individual_talk_1,p0672,35
21135,perfect prawn,individual_talk_1,p0674,68
21136,perfect prawn,individual_talk_1,p0678,75
21137,perfect prawn,individual_talk_1,p0683,65
21138,perfect prawn,individual_talk_1,p0686,45
21139,perfect prawn,individual_talk_1,p0687,65
21140,perfect prawn,individual_talk_1,p0698,65
21141,perfect prawn,individual_talk_1,p0700,65
21142,perfect prawn,individual_talk_1,p0703,35
21143,perfect prawn,individual_talk_1,p0718,55
21144,perfect prawn,individual_talk_1,p0744,65
21145,perfect prawn,individual_talk_1,p0745,65
21146,perfect prawn,individual_talk_1,p0753,45
21147,perfect prawn,individual_talk_1,p0770,65
21148,perfect prawn,individual_talk_1,p0771,65
21149,perfect prawn,individual_talk_1,p0777,75
21150,perfect prawn,individual_talk_1,p0779,65
21151,perfect prawn,individual_talk_1,p0780,35
21152,perfect prawn,individual_talk_1,p0783,55
21153,perfect prawn,individual_talk_1,p0785,45
21154,perfect prawn,individual_talk_1,p0786,35
21155,perfect prawn,individual_talk_1,p0794,35
21156,perfect prawn,individual_talk_1,p0798,25
21157,perfect prawn,individual_talk_1,p0800,65
21158,perfect prawn,individual_talk_1,p0820,35
21159,perfect prawn,individual_talk_1,p0841,45
21160,perfect prawn,individual_talk_1,p0849,45
21161,perfect prawn,individual_talk_1,p0862,75
21162,perfect prawn,individual_talk_1,p0867,75
21163,perfect prawn,individual_talk_1,p0869,65
21164,perfect prawn,individual_talk_1,p0872,65
21165,perfect prawn,individual_talk_1,p0880,65
21166,perfect prawn,individual_talk_1,p0891,45
21167,perfect prawn,individual_talk_1,p0916,65
21168,perfect prawn,individual_talk_1,p0917,68
21169,perfect prawn,individual_talk_1,p0919,65
21170,perfect prawn,individual_talk_1,p0922,35
21171,perfect prawn,individual_talk_1,p0925,65
21172,perfect prawn,individual_talk_1,p0927,65
21173,perfect prawn,individual_talk_1,p0929,45
21174,perfect prawn,individual_talk_1,p0930,45
21175,perfect prawn,individual_talk_1,p0931,35
21176,perfect prawn,individual_talk_1,p0933,45
21177,perfect prawn,individual_talk_1,p0934,35
21178,perfect prawn,individual_talk_1,p0936,65
21179,perfect prawn,individual_talk_1,p0938,65
21180,perfect prawn,individual_talk_1,p0939,45
21181,perfect prawn,individual_talk_1,p0946,55
21182,perfect prawn,individual_talk_1,p0951,68
21183,perfect prawn,individual_talk_1,p0956,65
21184,perfect prawn,individual_talk_1,p0962,35
21185,perfect prawn,individual_talk_1,p0963,65
21186,perfect prawn,individual_talk_1,p0969,65
21187,perfect prawn,individual_talk_1,p0972,45
21188,perfect prawn,individual_talk_1,p0975,45
21189,perfect prawn,individual_talk_1,p0985,35
21190,perfect prawn,individual_talk_1,p0993,65
21191,perfect prawn,individual_talk_1,p0996,45
21192,perfect prawn,individual_talk_1,p1011,35
21193,perfect prawn,individual_talk_1,p1017,25
21194,perfect prawn,individual_talk_1,p1020,45
21195,perfect prawn,individual_talk_1,p1022,65
21196,perfect prawn,individual_talk_1,p1024,35
21197,perfect prawn,individual_talk_1,p1027,75
21198,perfect prawn,individual_talk_1,p1028,75
21199,perfect prawn,individual_talk_1,p1029,35
21200,perfect prawn,individual_talk_1,p1032,65
21201,perfect prawn,individual_talk_1,p1040,65
21202,perfect prawn,individual_talk_1,p1047,45
21203,perfect prawn,individual_talk_1,p1048,45
21204,perfect prawn,individual_talk_1,p1053,45
21205,perfect prawn,individual_talk_1,p1057,45
21206,perfect prawn,individual_talk_1,p1058,45
21207,perfect prawn,individual_talk_1,p1063,45
21208,perfect prawn,individual_talk_1,p1064,65
21209,perfect prawn,individual_talk_1,p1065,35
21210,perfect prawn,individual_talk_1,p1069,35
21211,perfect prawn,individual_talk_1,p1072,65
21212,perfect prawn,individual_talk_1,p1073,65
21213,perfect prawn,individual_talk_1,p1075,65
21214,perfect prawn,individual_talk_1,p1076,45
21215,perfect prawn,individual_talk_1,p1083,45
21216,perfect prawn,individual_talk_1,p1089,75
21217,perfect prawn,individual_talk_1,p1093,65
21218,perfect prawn,individual_talk_1,p1096,68
21219,perfect prawn,individual_talk_1,p1100,65
21220,perfect prawn,individual_talk_1,p1106,68
21221,perfect prawn,individual_talk_1,p1107,35
21222,perfect prawn,individual_talk_1,p1113,35
21223,perfect prawn,individual_talk_1,p1117,25
21224,perfect prawn,individual_talk_1,p1120,55
21225,perfect prawn,individual_talk_1,p1134,65
21226,perfect prawn,individual_talk_1,p1136,35
21227,perfect prawn,individual_talk_1,p1138,65
21228,perfect prawn,individual_talk_1,p1144,35
21229,perfect prawn,individual_talk_1,p1145,75
21230,perfect prawn,individual_talk_1,p1147,75
21231,perfect prawn,individual_talk_1,p1148,65
21232,perfect prawn,individual_talk_1,p1154,65
21233,perfect prawn,individual_talk_1,p1159,65
21234,perfect prawn,individual_talk_1,p1167,65
21235,perfect prawn,individual_talk_1,p1175,65
21236,perfect prawn,individual_talk_1,p1178,45
21237,perfect prawn,individual_talk_1,p1184,45
21238,perfect prawn,individual_talk_1,p1186,65
21239,perfect prawn,individual_talk_1,p1196,35
21240,perfect prawn,individual_talk_1,p1197,45
21241,perfect prawn,individual_talk_1,p1203,65
21242,perfect prawn,individual_talk_1,p1219,45
21243,perfect prawn,individual_talk_1,p1225,45
21244,perfect prawn,individual_talk_1,p1234,65
21245,perfect prawn,individual_talk_1,p1242,65
21246,perfect prawn,individual_talk_1,p1244,65
21247,perfect prawn,individual_talk_1,p1249,55
21248,perfect prawn,individual_talk_1,p1250,65
21249,perfect prawn,individual_talk_1,p1256,65
21250,perfect prawn,individual_talk_1,p1258,65
21251,perfect prawn,individual_talk_1,p1260,55
21252,perfect prawn,individual_talk_1,p1262,45
21253,perfect prawn,individual_talk_1,p1264,45
21254,perfect prawn,individual_talk_1,p1265,68
21255,perfect prawn,individual_talk_1,p1269,45
21256,perfect prawn,individual_talk_1,p1272,65
21257,perfect prawn,individual_talk_1,p1278,65
21258,perfect prawn,individual_talk_1,p1281,65
21259,perfect prawn,individual_talk_1,p1292,45
21260,perfect prawn,individual_talk_1,p1299,65
21261,perfect prawn,individual_talk_1,p1312,65
21262,perfect prawn,individual_talk_1,p1322,65
21263,perfect prawn,individual_talk_1,p1326,65
21264,perfect prawn,individual_talk_1,p1330,65
21265,perfect prawn,individual_talk_1,p1335,65
21266,perfect prawn,individual_talk_1,p1337,65
21267,perfect prawn,individual_talk_1,p1340,68
21268,perfect prawn,individual_talk_1,p1345,65
21269,perfect prawn,individual_talk_1,p1351,35
21270,perfect prawn,individual_talk_1,p1355,45
21271,perfect prawn,individual_talk_1,p1362,35
21272,perfect prawn,individual_talk_1,p1365,35
21273,perfect prawn,individual_talk_1,p1366,45
21274,perfect prawn,individual_talk_1,p1367,35
21275,perfect prawn,individual_talk_1,p1370,45
21276,perfect prawn,individual_talk_1,p1371,75
21277,perfect prawn,individual_talk_1,p1373,65
21278,perfect prawn,individual_talk_1,p1375,35
21279,perfect prawn,individual_talk_1,p1376,45
21280,perfect prawn,individual_talk_1,p1379,65
21281,perfect prawn,individual_talk_1,p1381,45
21282,perfect prawn,individual_talk_1,p1393,65
21283,perfect prawn,individual_talk_1,p1396,75
21284,perfect prawn,individual_talk_1,p1398,65
21285,perfect prawn,individual_talk_1,p1404,65
21286,perfect prawn,individual_talk_1,p1406,45
21287,perfect prawn,individual_talk_1,p1407,45
21288,perfect prawn,individual_talk_1,p1409,65
21289,perfect prawn,individual_talk_1,p1412,55
21290,perfect prawn,individual_talk_1,p1414,75
21291,perfect prawn,individual_talk_1,p1424,65
21292,perfect prawn,individual_talk_1,p1425,45
21293,perfect prawn,individual_talk_1,p1429,45
21294,perfect prawn,individual_talk_1,p1434,65
21295,perfect prawn,individual_talk_1,p1441,45
21296,perfect prawn,individual_talk_1,p1445,45
21297,perfect prawn,individual_talk_1,p1450,65
21298,perfect prawn,individual_talk_1,p1454,65
21299,perfect prawn,individual_talk_1,p1456,35
21300,perfect prawn,individual_talk_1,p1457,35
21301,perfect prawn,individual_talk_1,p1458,75
21302,perfect prawn,individual_talk_1,p1469,65
21303,perfect prawn,individual_talk_1,p1470,65
21304,perfect prawn,individual_talk_1,p1481,65
21305,perfect prawn,individual_talk_1,p1488,45
21306,perfect prawn,individual_talk_1,p1492,35
21307,perfect prawn,individual_talk_1,p1495,45
21308,perfect prawn,individual_talk_1,p1497,65
21309,perfect prawn,individual_talk_1,p1499,65
21310,perfect prawn,individual_talk_1,p1503,68
21311,perfect prawn,individual_talk_1,p1511,65
21312,perfect prawn,individual_talk_1,p1512,45
21313,perfect prawn,individual_talk_1,p1518,65
21314,perfect prawn,individual_talk_1,p1519,45
21315,perfect prawn,individual_talk_1,p1520,35
21316,perfect prawn,individual_talk_1,p1524,65
21317,perfect prawn,individual_talk_1,p1526,65
21318,perfect prawn,individual_talk_1,p1537,65
21319,perfect prawn,individual_talk_1,p1545,65
21320,perfect prawn,individual_talk_1,p1547,65
21321,perfect prawn,individual_talk_1,p1552,65
21322,perfect prawn,individual_talk_1,p1567,65
21323,perfect prawn,individual_talk_1,p1568,55
21324,perfect prawn,individual_talk_1,p1579,25
21325,perfect prawn,individual_talk_1,p1587,35
21326,perfect prawn,individual_talk_1,p1596,45
21327,perfect prawn,individual_talk_1,p1600,65
21328,perfect prawn,individual_talk_1,p1603,55
21329,perfect prawn,individual_talk_1,p1604,65
21330,perfect prawn,individual_talk_1,p1610,45
21331,perfect prawn,individual_talk_1,p1618,35
21332,perfect prawn,individual_talk_1,p1619,75
21333,perfect prawn,individual_talk_1,p1622,65
21334,perfect prawn,individual_talk_1,p1623,35
21335,perfect prawn,individual_talk_1,p1630,35
21336,perfect prawn,individual_talk_1,p1641,65
21337,perfect prawn,individual_talk_1,p1649,35
21338,perfect prawn,individual_talk_1,p1652,45
21339,perfect prawn,individual_talk_1,p1665,65
21340,perfect prawn,individual_talk_1,p1669,45
21341,perfect prawn,individual_talk_1,p1685,65
21342,perfect prawn,individual_talk_1,p1693,45
21343,perfect prawn,individual_talk_1,p1698,65
21344,perfect prawn,individual_talk_1,p1704,45
21345,perfect prawn,individual_talk_1,p1711,65
21346,perfect prawn,individual_talk_1,p1718,35
21347,perfect prawn,individual_talk_1,p1732,45
21348,perfect prawn,individual_talk_1,p1739,65
21349,perfect prawn,individual_talk_1,p1741,65
21350,perfect prawn,individual_talk_1,p1746,35
21351,perfect prawn,individual_talk_1,p1751,35
21352,perfect prawn,individual_talk_1,p1754,35
21353,perfect prawn,individual_talk_1,p1769,35
21354,perfect prawn,individual_talk_1,p1771,45
21355,perfect prawn,individual_talk_1,p1776,45
21356,perfect prawn,individual_talk_1,p1780,65
21357,perfect prawn,individual_talk_1,p1785,35
21358,perfect prawn,individual_talk_1,p1791,68
21359,perfect prawn,individual_talk_1,p1793,65
21360,perfect prawn,individual_talk_1,p1796,45
21361,perfect prawn,individual_talk_1,p1805,55
21362,perfect prawn,individual_talk_1,p1812,75
21363,perfect prawn,individual_talk_1,p1816,35
21364,perfect prawn,individual_talk_1,p1819,65
21365,perfect prawn,individual_talk_1,p1825,65
21366,perfect prawn,individual_talk_1,p1836,65
21367,perfect prawn,individual_talk_1,p1839,65
21368,perfect prawn,individual_talk_1,p1861,65
21369,perfect prawn,individual_talk_1,p1863,65
21370,perfect prawn,individual_talk_1,p1873,45
21371,perfect prawn,individual_talk_1,p1875,45
21372,perfect prawn,individual_talk_1,p1876,75
21373,perfect prawn,individual_talk_1,p1877,65
21374,perfect prawn,individual_talk_1,p1880,45
21375,perfect prawn,individual_talk_1,p1883,45
21376,perfect prawn,individual_talk_1,p1889,35
21377,perfect prawn,individual_talk_1,p1893,65
21378,perfect prawn,individual_talk_1,p1896,65
21379,perfect prawn,individual_talk_1,p1913,68
21380,perfect prawn,individual_talk_1,p1922,75
21381,perfect prawn,individual_talk_1,p1930,65
21382,perfect prawn,individual_talk_1,p1935,68
21383,perfect prawn,individual_talk_1,p1940,65
21384,perfect prawn,individual_talk_1,p1948,35
21385,perfect prawn,individual_talk_1,p1950,45
21386,perfect prawn,individual_talk_1,p1954,45
21387,perfect prawn,individual_talk_1,p1956,35
21388,perfect prawn,individual_talk_1,p1958,65
21389,perfect prawn,individual_talk_1,p1967,68
21390,perfect prawn,individual_talk_1,p1973,75
21391,perfect prawn,individual_talk_1,p1978,65
21392,perfect prawn,individual_talk_1,p1983,35
21393,perfect prawn,individual_talk_1,p1984,35
21394,perfect prawn,individual_talk_1,p1995,45
21395,perfect prawn,individual_talk_1,p1996,55
21396,perfect prawn,individual_talk_1,p1997,65
21397,perfect prawn,individual_talk_1,p2001,65
21398,perfect prawn,individual_talk_1,p2002,45
21399,perfect prawn,individual_talk_1,p2013,75
21400,perfect prawn,individual_talk_1,p2014,45
21401,perfect prawn,individual_talk_1,p2016,65
21402,perfect prawn,individual_talk_1,p2018,45
21403,perfect prawn,individual_talk_1,p2023,65
21404,perfect prawn,individual_talk_1,p2025,65
21405,perfect prawn,individual_talk_1,p2028,45
21406,perfect prawn,individual_talk_1,p2030,65
21407,perfect prawn,individual_talk_1,p2033,65
21408,perfect prawn,individual_talk_1,p2040,35
21409,perfect prawn,individual_talk_1,p2051,65
21410,perfect prawn,individual_talk_1,p2052,45
21411,perfect prawn,individual_talk_1,p2066,35
21412,perfect prawn,individual_talk_1,p2067,65
21413,perfect prawn,individual_talk_1,p2073,75
21414,perfect prawn,individual_talk_1,p2077,55
21415,perfect prawn,individual_talk_1,p2078,45
21416,perfect prawn,individual_talk_1,p2086,65
21417,perfect prawn,individual_talk_1,p2089,65
21418,perfect prawn,individual_talk_1,p2093,25
21419,perfect prawn,individual_talk_1,p2094,65
21420,perfect prawn,individual_talk_1,p2111,45
21421,perfect prawn,individual_talk_1,p2117,65
21422,perfect prawn,individual_talk_1,p2121,65
21423,perfect prawn,individual_talk_1,p2127,65
21424,perfect prawn,individual_talk_1,p2141,65
21425,perfect prawn,individual_talk_1,p2142,35
21426,perfect prawn,individual_talk_1,p2143,65
21427,perfect prawn,individual_talk_1,p2153,45
21428,perfect prawn,individual_talk_1,p2155,35
21429,perfect prawn,individual_talk_1,p2169,35
21430,perfect prawn,individual_talk_1,p2187,65
21431,perfect prawn,individual_talk_1,p2188,68
21432,perfect prawn,individual_talk_1,p2197,68
21433,perfect prawn,individual_talk_1,p2213,45
21434,perfect prawn,individual_talk_1,p2214,65
21435,perfect prawn,individual_talk_1,p2215,68
21436,perfect prawn,individual_talk_1,p2220,68
21437,perfect prawn,individual_talk_1,p2223,45
21438,perfect prawn,individual_talk_1,p2229,68
21439,perfect prawn,individual_talk_1,p2234,65
21440,perfect prawn,individual_talk_1,p2237,75
21441,perfect prawn,individual_talk_1,p2238,65
21442,perfect prawn,individual_talk_1,p2244,65
21443,perfect prawn,individual_talk_1,p2248,55
21444,perfect prawn,individual_talk_1,p2252,75
21445,perfect prawn,individual_talk_1,p2255,25
21446,perfect prawn,individual_talk_1,p2261,25
21447,perfect prawn,individual_talk_1,p2263,68
21448,perfect prawn,individual_talk_1,p2273,68
21449,perfect prawn,individual_talk_1,p2275,65
21450,perfect prawn,individual_talk_1,p2276,55
21451,perfect prawn,individual_talk_1,p2283,35
21452,perfect prawn,individual_talk_1,p2287,65
21453,perfect prawn,individual_talk_1,p2296,35
21454,perfect prawn,individual_talk_1,p2298,45
21455,perfect prawn,individual_talk_1,p2304,75
21456,perfect prawn,individual_talk_1,p2310,55
21457,perfect prawn,individual_talk_1,p2322,45
21458,perfect prawn,individual_talk_1,p2326,65
21459,perfect prawn,individual_talk_1,p2330,35
21460,perfect prawn,individual_talk_1,p2331,65
21461,perfect prawn,individual_talk_1,p2333,55
21462,perfect prawn,individual_talk_1,p2347,65
21463,perfect prawn,individual_talk_1,p2350,45
21464,perfect prawn,individual_talk_1,p2351,68
21465,perfect prawn,individual_talk_1,p2353,65
21466,perfect prawn,individual_talk_1,p2355,45
21467,perfect prawn,individual_talk_1,p2363,35
21468,perfect prawn,individual_talk_1,p2378,75
21469,perfect prawn,individual_talk_1,p2380,68
21470,perfect prawn,individual_talk_1,p2387,65
21471,perfect prawn,individual_talk_1,p2398,68
21472,perfect prawn,individual_talk_1,p2400,65
21473,perfect prawn,individual_talk_1,p2403,75
21474,perfect prawn,individual_talk_1,p2408,35
21475,perfect prawn,individual_talk_1,p2418,55
21476,perfect prawn,individual_talk_1,p2426,65
21477,perfect prawn,individual_talk_1,p2428,45
21478,perfect prawn,individual_talk_1,p2434,68
21479,perfect prawn,individual_talk_1,p2446,35
21480,perfect prawn,individual_talk_1,p2452,45
21481,perfect prawn,individual_talk_1,p2454,45
21482,perfect prawn,individual_talk_1,p2462,65
21483,perfect prawn,individual_talk_1,p2467,25
21484,perfect prawn,individual_talk_1,p2482,68
21485,perfect prawn,individual_talk_1,p2489,45
21486,perfect prawn,individual_talk_1,p2490,35
21487,perfect prawn,individual_talk_1,p2494,45
21488,perfect prawn,individual_talk_1,p2502,68
21489,perfect prawn,individual_talk_1,p2503,68
21490,perfect prawn,individual_talk_1,p2522,65
21491,perfect prawn,individual_talk_1,p2524,75
21492,perfect prawn,individual_talk_1,p2533,35
21493,perfect prawn,individual_talk_1,p2566,68
21494,perfect prawn,individual_talk_1,p2571,68
21495,perfect prawn,individual_talk_1,p2573,35
21496,perfect prawn,individual_talk_1,p2582,68
21497,perfect prawn,individual_talk_1,p2591,35
21498,perfect prawn,individual_talk_1,p2592,45
21499,perfect prawn,individual_talk_1,p2595,25
21500,perfect prawn,individual_donate_1,p0016,45
21501,perfect prawn,individual_donate_1,p0022,45
21502,perfect prawn,individual_donate_1,p0023,68
21503,perfect prawn,individual_donate_1,p0026,45
21504,perfect prawn,individual_donate_1,p0034,35
21505,perfect prawn,individual_donate_1,p0036,35
21506,perfect prawn,individual_donate_1,p0037,35
21507,perfect prawn,individual_donate_1,p0042,45
21508,perfect prawn,individual_donate_1,p0057,35
21509,perfect prawn,individual_donate_1,p0066,35
21510,perfect prawn,individual_donate_1,p0069,35
21511,perfect prawn,individual_donate_1,p0072,45
21512,perfect prawn,individual_donate_1,p0073,45
21513,perfect prawn,individual_donate_1,p0082,45
21514,perfect prawn,individual_donate_1,p0091,65
21515,perfect prawn,individual_donate_1,p0092,35
21516,perfect prawn,individual_donate_1,p0093,68
21517,perfect prawn,individual_donate_1,p0095,35
21518,perfect prawn,individual_donate_1,p0107,35
21519,perfect prawn,individual_donate_1,p0114,65
21520,perfect prawn,individual_donate_1,p0116,35
21521,perfect prawn,individual_donate_1,p0118,45
21522,perfect prawn,individual_donate_1,p0119,45
21523,perfect prawn,individual_donate_1,p0126,45
21524,perfect prawn,individual_donate_1,p0129,65
21525,perfect prawn,individual_donate_1,p0136,35
21526,perfect prawn,individual_donate_1,p0138,35
21527,perfect prawn,individual_donate_1,p0144,35
21528,perfect prawn,individual_donate_1,p0150,35
21529,perfect prawn,individual_donate_1,p0152,35
21530,perfect prawn,individual_donate_1,p0158,35
21531,perfect prawn,individual_donate_1,p0161,35
21532,perfect prawn,individual_donate_1,p0164,35
21533,perfect prawn,individual_donate_1,p0175,45
21534,perfect prawn,individual_donate_1,p0177,45
21535,perfect prawn,individual_donate_1,p0178,65
21536,perfect prawn,individual_donate_1,p0181,35
21537,perfect prawn,individual_donate_1,p0186,35
21538,perfect prawn,individual_donate_1,p0196,35
21539,perfect prawn,individual_donate_1,p0198,68
21540,perfect prawn,individual_donate_1,p0202,65
21541,perfect prawn,individual_donate_1,p0205,35
21542,perfect prawn,individual_donate_1,p0207,25
21543,perfect prawn,individual_donate_1,p0211,35
21544,perfect prawn,individual_donate_1,p0227,65
21545,perfect prawn,individual_donate_1,p0229,35
21546,perfect prawn,individual_donate_1,p0232,35
21547,perfect prawn,individual_donate_1,p0233,35
21548,perfect prawn,individual_donate_1,p0237,65
21549,perfect prawn,individual_donate_1,p0258,35
21550,perfect prawn,individual_donate_1,p0268,25
21551,perfect prawn,individual_donate_1,p0274,45
21552,perfect prawn,individual_donate_1,p0275,35
21553,perfect prawn,individual_donate_1,p0277,35
21554,perfect prawn,individual_donate_1,p0288,45
21555,perfect prawn,individual_donate_1,p0291,35
21556,perfect prawn,individual_donate_1,p0307,35
21557,perfect prawn,individual_donate_1,p0308,35
21558,perfect prawn,individual_donate_1,p0317,25
21559,perfect prawn,individual_donate_1,p0325,68
21560,perfect prawn,individual_donate_1,p0327,65
21561,perfect prawn,individual_donate_1,p0334,65
21562,perfect prawn,individual_donate_1,p0336,68
21563,perfect prawn,individual_donate_1,p0338,35
21564,perfect prawn,individual_donate_1,p0342,68
21565,perfect prawn,individual_donate_1,p0349,35
21566,perfect prawn,individual_donate_1,p0356,35
21567,perfect prawn,individual_donate_1,p0358,35
21568,perfect prawn,individual_donate_1,p0363,45
21569,perfect prawn,individual_donate_1,p0364,68
21570,perfect prawn,individual_donate_1,p0369,65
21571,perfect prawn,individual_donate_1,p0370,35
21572,perfect prawn,individual_donate_1,p0371,35
21573,perfect prawn,individual_donate_1,p0379,35
21574,perfect prawn,individual_donate_1,p0386,65
21575,perfect prawn,individual_donate_1,p0396,68
21576,perfect prawn,individual_donate_1,p0403,35
21577,perfect prawn,individual_donate_1,p0405,65
21578,perfect prawn,individual_donate_1,p0412,45
21579,perfect prawn,individual_donate_1,p0415,35
21580,perfect prawn,individual_donate_1,p0416,45
21581,perfect prawn,individual_donate_1,p0417,35
21582,perfect prawn,individual_donate_1,p0418,35
21583,perfect prawn,individual_donate_1,p0430,35
21584,perfect prawn,individual_donate_1,p0431,65
21585,perfect prawn,individual_donate_1,p0434,35
21586,perfect prawn,individual_donate_1,p0438,35
21587,perfect prawn,individual_donate_1,p0441,65
21588,perfect prawn,individual_donate_1,p0442,35
21589,perfect prawn,individual_donate_1,p0449,35
21590,perfect prawn,individual_donate_1,p0450,45
21591,perfect prawn,individual_donate_1,p0465,35
21592,perfect prawn,individual_donate_1,p0471,45
21593,perfect prawn,individual_donate_1,p0477,45
21594,perfect prawn,individual_donate_1,p0483,35
21595,perfect prawn,individual_donate_1,p0486,35
21596,perfect prawn,individual_donate_1,p0487,65
21597,perfect prawn,individual_donate_1,p0489,45
21598,perfect prawn,individual_donate_1,p0497,35
21599,perfect prawn,individual_donate_1,p0502,35
21600,perfect prawn,individual_donate_1,p0503,68
21601,perfect prawn,individual_donate_1,p0506,35
21602,perfect prawn,individual_donate_1,p0511,45
21603,perfect prawn,individual_donate_1,p0523,35
21604,perfect prawn,individual_donate_1,p0534,65
21605,perfect prawn,individual_donate_1,p0536,45
21606,perfect prawn,individual_donate_1,p0542,25
21607,perfect prawn,individual_donate_1,p0547,55
21608,perfect prawn,individual_donate_1,p0553,65
21609,perfect prawn,individual_donate_1,p0559,45
21610,perfect prawn,individual_donate_1,p0566,45
21611,perfect prawn,individual_donate_1,p0568,35
21612,perfect prawn,individual_donate_1,p0570,15
21613,perfect prawn,individual_donate_1,p0573,35
21614,perfect prawn,individual_donate_1,p0578,35
21615,perfect prawn,individual_donate_1,p0594,35
21616,perfect prawn,individual_donate_1,p0597,35
21617,perfect prawn,individual_donate_1,p0601,45
21618,perfect prawn,individual_donate_1,p0602,35
21619,perfect prawn,individual_donate_1,p0605,45
21620,perfect prawn,individual_donate_1,p0615,35
21621,perfect prawn,individual_donate_1,p0620,45
21622,perfect prawn,individual_donate_1,p0626,35
21623,perfect prawn,individual_donate_1,p0629,68
21624,perfect prawn,individual_donate_1,p0633,35
21625,perfect prawn,individual_donate_1,p0638,35
21626,perfect prawn,individual_donate_1,p0639,35
21627,perfect prawn,individual_donate_1,p0640,35
21628,perfect prawn,individual_donate_1,p0655,35
21629,perfect prawn,individual_donate_1,p0656,35
21630,perfect prawn,individual_donate_1,p0658,35
21631,perfect prawn,individual_donate_1,p0661,35
21632,perfect prawn,individual_donate_1,p0669,65
21633,perfect prawn,individual_donate_1,p0670,35
21634,perfect prawn,individual_donate_1,p0672,35
21635,perfect prawn,individual_donate_1,p0674,65
21636,perfect prawn,individual_donate_1,p0678,65
21637,perfect prawn,individual_donate_1,p0683,35
21638,perfect prawn,individual_donate_1,p0686,35
21639,perfect prawn,individual_donate_1,p0687,45
21640,perfect prawn,individual_donate_1,p0698,35
21641,perfect prawn,individual_donate_1,p0700,35
21642,perfect prawn,individual_donate_1,p0703,35
21643,perfect prawn,individual_donate_1,p0718,45
21644,perfect prawn,individual_donate_1,p0744,35
21645,perfect prawn,individual_donate_1,p0745,45
21646,perfect prawn,individual_donate_1,p0753,35
21647,perfect prawn,individual_donate_1,p0770,68
21648,perfect prawn,individual_donate_1,p0771,45
21649,perfect prawn,individual_donate_1,p0777,65
21650,perfect prawn,individual_donate_1,p0779,35
21651,perfect prawn,individual_donate_1,p0780,35
21652,perfect prawn,individual_donate_1,p0783,35
21653,perfect prawn,individual_donate_1,p0785,35
21654,perfect prawn,individual_donate_1,p0786,35
21655,perfect prawn,individual_donate_1,p0794,35
21656,perfect prawn,individual_donate_1,p0798,35
21657,perfect prawn,individual_donate_1,p0800,45
21658,perfect prawn,individual_donate_1,p0820,35
21659,perfect prawn,individual_donate_1,p0841,35
21660,perfect prawn,individual_donate_1,p0849,45
21661,perfect prawn,individual_donate_1,p0862,65
21662,perfect prawn,individual_donate_1,p0867,65
21663,perfect prawn,individual_donate_1,p0869,65
21664,perfect prawn,individual_donate_1,p0872,45
21665,perfect prawn,individual_donate_1,p0880,45
21666,perfect prawn,individual_donate_1,p0891,45
21667,perfect prawn,individual_donate_1,p0916,35
21668,perfect prawn,individual_donate_1,p0917,55
21669,perfect prawn,individual_donate_1,p0919,35
21670,perfect prawn,individual_donate_1,p0922,35
21671,perfect prawn,individual_donate_1,p0925,35
21672,perfect prawn,individual_donate_1,p0927,45
21673,perfect prawn,individual_donate_1,p0929,35
21674,perfect prawn,individual_donate_1,p0930,35
21675,perfect prawn,individual_donate_1,p0931,35
21676,perfect prawn,individual_donate_1,p0933,35
21677,perfect prawn,individual_donate_1,p0934,35
21678,perfect prawn,individual_donate_1,p0936,45
21679,perfect prawn,individual_donate_1,p0938,35
21680,perfect prawn,individual_donate_1,p0939,35
21681,perfect prawn,individual_donate_1,p0946,35
21682,perfect prawn,individual_donate_1,p0951,45
21683,perfect prawn,individual_donate_1,p0956,45
21684,perfect prawn,individual_donate_1,p0962,35
21685,perfect prawn,individual_donate_1,p0963,55
21686,perfect prawn,individual_donate_1,p0969,35
21687,perfect prawn,individual_donate_1,p0972,35
21688,perfect prawn,individual_donate_1,p0975,35
21689,perfect prawn,individual_donate_1,p0985,35
21690,perfect prawn,individual_donate_1,p0993,35
21691,perfect prawn,individual_donate_1,p0996,35
21692,perfect prawn,individual_donate_1,p1011,35
21693,perfect prawn,individual_donate_1,p1017,35
21694,perfect prawn,individual_donate_1,p1020,35
21695,perfect prawn,individual_donate_1,p1022,35
21696,perfect prawn,individual_donate_1,p1024,25
21697,perfect prawn,individual_donate_1,p1027,65
21698,perfect prawn,individual_donate_1,p1028,65
21699,perfect prawn,individual_donate_1,p1029,35
21700,perfect prawn,individual_donate_1,p1032,35
21701,perfect prawn,individual_donate_1,p1040,35
21702,perfect prawn,individual_donate_1,p1047,35
21703,perfect prawn,individual_donate_1,p1048,35
21704,perfect prawn,individual_donate_1,p1053,35
21705,perfect prawn,individual_donate_1,p1057,35
21706,perfect prawn,individual_donate_1,p1058,35
21707,perfect prawn,individual_donate_1,p1063,35
21708,perfect prawn,individual_donate_1,p1064,55
21709,perfect prawn,individual_donate_1,p1065,35
21710,perfect prawn,individual_donate_1,p1069,35
21711,perfect prawn,individual_donate_1,p1072,45
21712,perfect prawn,individual_donate_1,p1073,45
21713,perfect prawn,individual_donate_1,p1075,35
21714,perfect prawn,individual_donate_1,p1076,35
21715,perfect prawn,individual_donate_1,p1083,35
21716,perfect prawn,individual_donate_1,p1089,65
21717,perfect prawn,individual_donate_1,p1093,45
21718,perfect prawn,individual_donate_1,p1096,35
21719,perfect prawn,individual_donate_1,p1100,35
21720,perfect prawn,individual_donate_1,p1106,45
21721,perfect prawn,individual_donate_1,p1107,35
21722,perfect prawn,individual_donate_1,p1113,35
21723,perfect prawn,individual_donate_1,p1117,20
21724,perfect prawn,individual_donate_1,p1120,45
21725,perfect prawn,individual_donate_1,p1134,35
21726,perfect prawn,individual_donate_1,p1136,35
21727,perfect prawn,individual_donate_1,p1138,45
21728,perfect prawn,individual_donate_1,p1144,25
21729,perfect prawn,individual_donate_1,p1145,65
21730,perfect prawn,individual_donate_1,p1147,65
21731,perfect prawn,individual_donate_1,p1148,65
21732,perfect prawn,individual_donate_1,p1154,55
21733,perfect prawn,individual_donate_1,p1159,35
21734,perfect prawn,individual_donate_1,p1167,35
21735,perfect prawn,individual_donate_1,p1175,45
21736,perfect prawn,individual_donate_1,p1178,35
21737,perfect prawn,individual_donate_1,p1184,35
21738,perfect prawn,individual_donate_1,p1186,68
21739,perfect prawn,individual_donate_1,p1196,35
21740,perfect prawn,individual_donate_1,p1197,35
21741,perfect prawn,individual_donate_1,p1203,35
21742,perfect prawn,individual_donate_1,p1219,35
21743,perfect prawn,individual_donate_1,p1225,35
21744,perfect prawn,individual_donate_1,p1234,35
21745,perfect prawn,individual_donate_1,p1242,35
21746,perfect prawn,individual_donate_1,p1244,35
21747,perfect prawn,individual_donate_1,p1249,35
21748,perfect prawn,individual_donate_1,p1250,35
21749,perfect prawn,individual_donate_1,p1256,35
21750,perfect prawn,individual_donate_1,p1258,65
21751,perfect prawn,individual_donate_1,p1260,35
21752,perfect prawn,individual_donate_1,p1262,35
21753,perfect prawn,individual_donate_1,p1264,35
21754,perfect prawn,individual_donate_1,p1265,35
21755,perfect prawn,individual_donate_1,p1269,35
21756,perfect prawn,individual_donate_1,p1272,45
21757,perfect prawn,individual_donate_1,p1278,65
21758,perfect prawn,individual_donate_1,p1281,35
21759,perfect prawn,individual_donate_1,p1292,35
21760,perfect prawn,individual_donate_1,p1299,35
21761,perfect prawn,individual_donate_1,p1312,35
21762,perfect prawn,individual_donate_1,p1322,35
21763,perfect prawn,individual_donate_1,p1326,45
21764,perfect prawn,individual_donate_1,p1330,35
21765,perfect prawn,individual_donate_1,p1335,45
21766,perfect prawn,individual_donate_1,p1337,35
21767,perfect prawn,individual_donate_1,p1340,68
21768,perfect prawn,individual_donate_1,p1345,45
21769,perfect prawn,individual_donate_1,p1351,25
21770,perfect prawn,individual_donate_1,p1355,35
21771,perfect prawn,individual_donate_1,p1362,35
21772,perfect prawn,individual_donate_1,p1365,35
21773,perfect prawn,individual_donate_1,p1366,35
21774,perfect prawn,individual_donate_1,p1367,35
21775,perfect prawn,individual_donate_1,p1370,35
21776,perfect prawn,individual_donate_1,p1371,65
21777,perfect prawn,individual_donate_1,p1373,45
21778,perfect prawn,individual_donate_1,p1375,35
21779,perfect prawn,individual_donate_1,p1376,35
21780,perfect prawn,individual_donate_1,p1379,35
21781,perfect prawn,individual_donate_1,p1381,35
21782,perfect prawn,individual_donate_1,p1393,55
21783,perfect prawn,individual_donate_1,p1396,65
21784,perfect prawn,individual_donate_1,p1398,45
21785,perfect prawn,individual_donate_1,p1404,35
21786,perfect prawn,individual_donate_1,p1406,35
21787,perfect prawn,individual_donate_1,p1407,35
21788,perfect prawn,individual_donate_1,p1409,45
21789,perfect prawn,individual_donate_1,p1412,35
21790,perfect prawn,individual_donate_1,p1414,65
21791,perfect prawn,individual_donate_1,p1424,35
21792,perfect prawn,individual_donate_1,p1425,35
21793,perfect prawn,individual_donate_1,p1429,35
21794,perfect prawn,individual_donate_1,p1434,45
21795,perfect prawn,individual_donate_1,p1441,35
21796,perfect prawn,individual_donate_1,p1445,35
21797,perfect prawn,individual_donate_1,p1450,45
21798,perfect prawn,individual_donate_1,p1454,45
21799,perfect prawn,individual_donate_1,p1456,35
21800,perfect prawn,individual_donate_1,p1457,35
21801,perfect prawn,individual_donate_1,p1458,65
21802,perfect prawn,individual_donate_1,p1469,35
21803,perfect prawn,individual_donate_1,p1470,35
21804,perfect prawn,individual_donate_1,p1481,35
21805,perfect prawn,individual_donate_1,p1488,35
21806,perfect prawn,individual_donate_1,p1492,35
21807,perfect prawn,individual_donate_1,p1495,35
21808,perfect prawn,individual_donate_1,p1497,35
21809,perfect prawn,individual_donate_1,p1499,45
21810,perfect prawn,individual_donate_1,p1503,45
21811,perfect prawn,individual_donate_1,p1511,65
21812,perfect prawn,individual_donate_1,p1512,35
21813,perfect prawn,individual_donate_1,p1518,35
21814,perfect prawn,individual_donate_1,p1519,35
21815,perfect prawn,individual_donate_1,p1520,35
21816,perfect prawn,individual_donate_1,p1524,45
21817,perfect prawn,individual_donate_1,p1526,45
21818,perfect prawn,individual_donate_1,p1537,35
21819,perfect prawn,individual_donate_1,p1545,45
21820,perfect prawn,individual_donate_1,p1547,35
21821,perfect prawn,individual_donate_1,p1552,65
21822,perfect prawn,individual_donate_1,p1567,35
21823,perfect prawn,individual_donate_1,p1568,35
21824,perfect prawn,individual_donate_1,p1579,25
21825,perfect prawn,individual_donate_1,p1587,25
21826,perfect prawn,individual_donate_1,p1596,35
21827,perfect prawn,individual_donate_1,p1600,68
21828,perfect prawn,individual_donate_1,p1603,45
21829,perfect prawn,individual_donate_1,p1604,35
21830,perfect prawn,individual_donate_1,p1610,35
21831,perfect prawn,individual_donate_1,p1618,35
21832,perfect prawn,individual_donate_1,p1619,65
21833,perfect prawn,individual_donate_1,p1622,35
21834,perfect prawn,individual_donate_1,p1623,35
21835,perfect prawn,individual_donate_1,p1630,25
21836,perfect prawn,individual_donate_1,p1641,35
21837,perfect prawn,individual_donate_1,p1649,35
21838,perfect prawn,individual_donate_1,p1652,35
21839,perfect prawn,individual_donate_1,p1665,35
21840,perfect prawn,individual_donate_1,p1669,35
21841,perfect prawn,individual_donate_1,p1685,35
21842,perfect prawn,individual_donate_1,p1693,35
21843,perfect prawn,individual_donate_1,p1698,35
21844,perfect prawn,individual_donate_1,p1704,35
21845,perfect prawn,individual_donate_1,p1711,68
21846,perfect prawn,individual_donate_1,p1718,35
21847,perfect prawn,individual_donate_1,p1732,35
21848,perfect prawn,individual_donate_1,p1739,35
21849,perfect prawn,individual_donate_1,p1741,65
21850,perfect prawn,individual_donate_1,p1746,35
21851,perfect prawn,individual_donate_1,p1751,25
21852,perfect prawn,individual_donate_1,p1754,25
21853,perfect prawn,individual_donate_1,p1769,35
21854,perfect prawn,individual_donate_1,p1771,35
21855,perfect prawn,individual_donate_1,p1776,35
21856,perfect prawn,individual_donate_1,p1780,45
21857,perfect prawn,individual_donate_1,p1785,25
21858,perfect prawn,individual_donate_1,p1791,45
21859,perfect prawn,individual_donate_1,p1793,35
21860,perfect prawn,individual_donate_1,p1796,35
21861,perfect prawn,individual_donate_1,p1805,35
21862,perfect prawn,individual_donate_1,p1812,65
21863,perfect prawn,individual_donate_1,p1816,35
21864,perfect prawn,individual_donate_1,p1819,45
21865,perfect prawn,individual_donate_1,p1825,65
21866,perfect prawn,individual_donate_1,p1836,35
21867,perfect prawn,individual_donate_1,p1839,35
21868,perfect prawn,individual_donate_1,p1861,35
21869,perfect prawn,individual_donate_1,p1863,45
21870,perfect prawn,individual_donate_1,p1873,35
21871,perfect prawn,individual_donate_1,p1875,35
21872,perfect prawn,individual_donate_1,p1876,65
21873,perfect prawn,individual_donate_1,p1877,35
21874,perfect prawn,individual_donate_1,p1880,35
21875,perfect prawn,individual_donate_1,p1883,35
21876,perfect prawn,individual_donate_1,p1889,25
21877,perfect prawn,individual_donate_1,p1893,45
21878,perfect prawn,individual_donate_1,p1896,45
21879,perfect prawn,individual_donate_1,p1913,45
21880,perfect prawn,individual_donate_1,p1922,65
21881,perfect prawn,individual_donate_1,p1930,68
21882,perfect prawn,individual_donate_1,p1935,45
21883,perfect prawn,individual_donate_1,p1940,68
21884,perfect prawn,individual_donate_1,p1948,35
21885,perfect prawn,individual_donate_1,p1950,35
21886,perfect prawn,individual_donate_1,p1954,35
21887,perfect prawn,individual_donate_1,p1956,25
21888,perfect prawn,individual_donate_1,p1958,45
21889,perfect prawn,individual_donate_1,p1967,68
21890,perfect prawn,individual_donate_1,p1973,65
21891,perfect prawn,individual_donate_1,p1978,45
21892,perfect prawn,individual_donate_1,p1983,35
21893,perfect prawn,individual_donate_1,p1984,35
21894,perfect prawn,individual_donate_1,p1995,35
21895,perfect prawn,individual_donate_1,p1996,35
21896,perfect prawn,individual_donate_1,p1997,45
21897,perfect prawn,individual_donate_1,p2001,35
21898,perfect prawn,individual_donate_1,p2002,35
21899,perfect prawn,individual_donate_1,p2013,65
21900,perfect prawn,individual_donate_1,p2014,35
21901,perfect prawn,individual_donate_1,p2016,68
21902,perfect prawn,individual_donate_1,p2018,35
21903,perfect prawn,individual_donate_1,p2023,35
21904,perfect prawn,individual_donate_1,p2025,35
21905,perfect prawn,individual_donate_1,p2028,35
21906,perfect prawn,individual_donate_1,p2030,45
21907,perfect prawn,individual_donate_1,p2033,45
21908,perfect prawn,individual_donate_1,p2040,35
21909,perfect prawn,individual_donate_1,p2051,35
21910,perfect prawn,individual_donate_1,p2052,35
21911,perfect prawn,individual_donate_1,p2066,35
21912,perfect prawn,individual_donate_1,p2067,45
21913,perfect prawn,individual_donate_1,p2073,65
21914,perfect prawn,individual_donate_1,p2077,45
21915,perfect prawn,individual_donate_1,p2078,35
21916,perfect prawn,individual_donate_1,p2086,35
21917,perfect prawn,individual_donate_1,p2089,35
21918,perfect prawn,individual_donate_1,p2093,25
21919,perfect prawn,individual_donate_1,p2094,45
21920,perfect prawn,individual_donate_1,p2111,35
21921,perfect prawn,individual_donate_1,p2117,45
21922,perfect prawn,individual_donate_1,p2121,45
21923,perfect prawn,individual_donate_1,p2127,45
21924,perfect prawn,individual_donate_1,p2141,35
21925,perfect prawn,individual_donate_1,p2142,25
21926,perfect prawn,individual_donate_1,p2143,65
21927,perfect prawn,individual_donate_1,p2153,35
21928,perfect prawn,individual_donate_1,p2155,25
21929,perfect prawn,individual_donate_1,p2169,35
21930,perfect prawn,individual_donate_1,p2187,45
21931,perfect prawn,individual_donate_1,p2188,55
21932,perfect prawn,individual_donate_1,p2197,45
21933,perfect prawn,individual_donate_1,p2213,35
21934,perfect prawn,individual_donate_1,p2214,35
21935,perfect prawn,individual_donate_1,p2215,45
21936,perfect prawn,individual_donate_1,p2220,45
21937,perfect prawn,individual_donate_1,p2223,35
21938,perfect prawn,individual_donate_1,p2229,45
21939,perfect prawn,individual_donate_1,p2234,45
21940,perfect prawn,individual_donate_1,p2237,65
21941,perfect prawn,individual_donate_1,p2238,45
21942,perfect prawn,individual_donate_1,p2244,35
21943,perfect prawn,individual_donate_1,p2248,35
21944,perfect prawn,individual_donate_1,p2252,55
21945,perfect prawn,individual_donate_1,p2255,25
21946,perfect prawn,individual_donate_1,p2261,25
21947,perfect prawn,individual_donate_1,p2263,45
21948,perfect prawn,individual_donate_1,p2273,45
21949,perfect prawn,individual_donate_1,p2275,45
21950,perfect prawn,individual_donate_1,p2276,35
21951,perfect prawn,individual_donate_1,p2283,25
21952,perfect prawn,individual_donate_1,p2287,35
21953,perfect prawn,individual_donate_1,p2296,35
21954,perfect prawn,individual_donate_1,p2298,35
21955,perfect prawn,individual_donate_1,p2304,45
21956,perfect prawn,individual_donate_1,p2310,35
21957,perfect prawn,individual_donate_1,p2322,35
21958,perfect prawn,individual_donate_1,p2326,45
21959,perfect prawn,individual_donate_1,p2330,25
21960,perfect prawn,individual_donate_1,p2331,45
21961,perfect prawn,individual_donate_1,p2333,35
21962,perfect prawn,individual_donate_1,p2347,65
21963,perfect prawn,individual_donate_1,p2350,35
21964,perfect prawn,individual_donate_1,p2351,45
21965,perfect prawn,individual_donate_1,p2353,35
21966,perfect prawn,individual_donate_1,p2355,35
21967,perfect prawn,individual_donate_1,p2363,25
21968,perfect prawn,individual_donate_1,p2378,65
21969,perfect prawn,individual_donate_1,p2380,45
21970,perfect prawn,individual_donate_1,p2387,45
21971,perfect prawn,individual_donate_1,p2398,45
21972,perfect prawn,individual_donate_1,p2400,55
21973,perfect prawn,individual_donate_1,p2403,65
21974,perfect prawn,individual_donate_1,p2408,25
21975,perfect prawn,individual_donate_1,p2418,45
21976,perfect prawn,individual_donate_1,p2426,35
21977,perfect prawn,individual_donate_1,p2428,35
21978,perfect prawn,individual_donate_1,p2434,55
21979,perfect prawn,individual_donate_1,p2446,35
21980,perfect prawn,individual_donate_1,p2452,35
21981,perfect prawn,individual_donate_1,p2454,35
21982,perfect prawn,individual_donate_1,p2462,45
21983,perfect prawn,individual_donate_1,p2467,25
21984,perfect prawn,individual_donate_1,p2482,45
21985,perfect prawn,individual_donate_1,p2489,35
21986,perfect prawn,individual_donate_1,p2490,35
21987,perfect prawn,individual_donate_1,p2494,35
21988,perfect prawn,individual_donate_1,p2502,45
21989,perfect prawn,individual_donate_1,p2503,35
21990,perfect prawn,individual_donate_1,p2522,45
21991,perfect prawn,individual_donate_1,p2524,55
21992,perfect prawn,individual_donate_1,p2533,25
21993,perfect prawn,individual_donate_1,p2566,35
21994,perfect prawn,individual_donate_1,p2571,45
21995,perfect prawn,individual_donate_1,p2573,35
21996,perfect prawn,individual_donate_1,p2582,45
21997,perfect prawn,individual_donate_1,p2591,35
21998,perfect prawn,individual_donate_1,p2592,35
21999,perfect prawn,individual_donate_1,p2595,25
