,condition,outcome,persona,response
0,periwinkle partridge,gender,p0016,2
1,periwinkle partridge,gender,p0022,2
2,periwinkle partridge,gender,p0023,1
3,periwinkle partridge,gender,p0026,2
4,periwinkle partridge,gender,p0034,1
5,periwinkle partridge,gender,p0036,1
6,periwinkle partridge,gender,p0037,1
7,periwinkle partridge,gender,p0042,1
8,periwinkle partridge,gender,p0057,2
9,periwinkle partridge,gender,p0066,1
10,periwinkle partridge,gender,p0069,2
11,periwinkle partridge,gender,p0072,2
12,periwinkle partridge,gender,p0073,1
13,periwinkle partridge,gender,p0082,1
14,periwinkle partridge,gender,p0091,1
15,periwinkle partridge,gender,p0092,1
16,periwinkle partridge,gender,p0093,1
17,periwinkle partridge,gender,p0095,1
18,periwinkle partridge,gender,p0107,2
19,periwinkle partridge,gender,p0114,1
20,periwinkle partridge,gender,p0116,1
21,periwinkle partridge,gender,p0118,2
22,periwinkle partridge,gender,p0119,1
23,periwinkle partridge,gender,p0126,1
24,periwinkle partridge,gender,p0129,1
25,periwinkle partridge,gender,p0136,2
26,periwinkle partridge,gender,p0138,1
27,periwinkle partridge,gender,p0144,2
28,periwinkle partridge,gender,p0150,1
29,periwinkle partridge,gender,p0152,2
30,periwinkle partridge,gender,p0158,2
31,periwinkle partridge,gender,p0161,1
32,periwinkle partridge,gender,p0164,2
33,periwinkle partridge,gender,p0175,1
34,periwinkle partridge,gender,p0177,1
35,periwinkle partridge,gender,p0178,1
36,periwinkle partridge,gender,p0181,2
37,periwinkle partridge,gender,p0186,2
38,periwinkle partridge,gender,p0196,2
39,periwinkle partridge,gender,p0198,1
40,periwinkle partridge,gender,p0202,1
41,periwinkle partridge,gender,p0205,1
42,periwinkle partridge,gender,p0207,1
43,periwinkle partridge,gender,p0211,1
44,periwinkle partridge,gender,p0227,2
45,periwinkle partridge,gender,p0229,1
46,periwinkle partridge,gender,p0232,1
47,periwinkle partridge,gender,p0233,2
48,periwinkle partridge,gender,p0237,1
49,periwinkle partridge,gender,p0258,1
50,periwinkle partridge,gender,p0268,1
51,periwinkle partridge,gender,p0274,1
52,periwinkle partridge,gender,p0275,1
53,periwinkle partridge,gender,p0277,1
54,periwinkle partridge,gender,p0288,1
55,periwinkle partridge,gender,p0291,1
56,periwinkle partridge,gender,p0307,1
57,periwinkle partridge,gender,p0308,1
58,periwinkle partridge,gender,p0317,1
59,periwinkle partridge,gender,p0325,2
60,periwinkle partridge,gender,p0327,1
61,periwinkle partridge,gender,p0334,1
62,periwinkle partridge,gender,p0336,1
63,periwinkle partridge,gender,p0338,1
64,periwinkle partridge,gender,p0342,1
65,periwinkle partridge,gender,p0349,1
66,periwinkle partridge,gender,p0356,2
67,periwinkle partridge,gender,p0358,1
68,periwinkle partridge,gender,p0363,1
69,periwinkle partridge,gender,p0364,1
70,periwinkle partridge,gender,p0369,2
71,periwinkle partridge,gender,p0370,2
72,periwinkle partridge,gender,p0371,1
73,periwinkle partridge,gender,p0379,1
74,periwinkle partridge,gender,p0386,1
75,periwinkle partridge,gender,p0396,2
76,periwinkle partridge,gender,p0403,2
77,periwinkle partridge,gender,p0405,2
78,periwinkle partridge,gender,p0412,1
79,periwinkle partridge,gender,p0415,1
80,periwinkle partridge,gender,p0416,1
81,periwinkle partridge,gender,p0417,1
82,periwinkle partridge,gender,p0418,2
83,periwinkle partridge,gender,p0430,1
84,periwinkle partridge,gender,p0431,2
85,periwinkle partridge,gender,p0434,2
86,periwinkle partridge,gender,p0438,2
87,periwinkle partridge,gender,p0441,2
88,periwinkle partridge,gender,p0442,2
89,periwinkle partridge,gender,p0449,1
90,periwinkle partridge,gender,p0450,2
91,periwinkle partridge,gender,p0465,1
92,periwinkle partridge,gender,p0471,2
93,periwinkle partridge,gender,p0477,2
94,periwinkle partridge,gender,p0483,2
95,periwinkle partridge,gender,p0486,1
96,periwinkle partridge,gender,p0487,1
97,periwinkle partridge,gender,p0489,1
98,periwinkle partridge,gender,p0497,1
99,periwinkle partridge,gender,p0502,1
100,periwinkle partridge,gender,p0503,2
101,periwinkle partridge,gender,p0506,1
102,periwinkle partridge,gender,p0511,1
103,periwinkle partridge,gender,p0523,2
104,periwinkle partridge,gender,p0534,1
105,periwinkle partridge,gender,p0536,1
106,periwinkle partridge,gender,p0542,1
107,periwinkle partridge,gender,p0547,2
108,periwinkle partridge,gender,p0553,1
109,periwinkle partridge,gender,p0559,2
110,periwinkle partridge,gender,p0566,1
111,periwinkle partridge,gender,p0568,2
112,periwinkle partridge,gender,p0570,1
113,periwinkle partridge,gender,p0573,2
114,periwinkle partridge,gender,p0578,1
115,periwinkle partridge,gender,p0594,1
116,periwinkle partridge,gender,p0597,1
117,periwinkle partridge,gender,p0601,1
118,periwinkle partridge,gender,p0602,2
119,periwinkle partridge,gender,p0605,1
120,periwinkle partridge,gender,p0615,1
121,periwinkle partridge,gender,p0620,1
122,periwinkle partridge,gender,p0626,2
123,periwinkle partridge,gender,p0629,2
124,periwinkle partridge,gender,p0633,2
125,periwinkle partridge,gender,p0638,2
126,periwinkle partridge,gender,p0639,1
127,periwinkle partridge,gender,p0640,2
128,periwinkle partridge,gender,p0655,2
129,periwinkle partridge,gender,p0656,1
130,periwinkle partridge,gender,p0658,1
131,periwinkle partridge,gender,p0661,1
132,periwinkle partridge,gender,p0669,1
133,periwinkle partridge,gender,p0670,2
134,periwinkle partridge,gender,p0672,2
135,periwinkle partridge,gender,p0674,1
136,periwinkle partridge,gender,p0678,1
137,periwinkle partridge,gender,p0683,2
138,periwinkle partridge,gender,p0686,1
139,periwinkle partridge,gender,p0687,1
140,periwinkle partridge,gender,p0698,2
141,periwinkle partridge,gender,p0700,1
142,periwinkle partridge,gender,p0703,1
143,periwinkle partridge,gender,p0718,1
144,periwinkle partridge,gender,p0744,2
145,periwinkle partridge,gender,p0745,1
146,periwinkle partridge,gender,p0753,2
147,periwinkle partridge,gender,p0770,1
148,periwinkle partridge,gender,p0771,1
149,periwinkle partridge,gender,p0777,1
150,periwinkle partridge,gender,p0779,1
151,periwinkle partridge,gender,p0780,2
152,periwinkle partridge,gender,p0783,1
153,periwinkle partridge,gender,p0785,2
154,periwinkle partridge,gender,p0786,2
155,periwinkle partridge,gender,p0794,1
156,periwinkle partridge,gender,p0798,1
157,periwinkle partridge,gender,p0800,1
158,periwinkle partridge,gender,p0820,2
159,periwinkle partridge,gender,p0841,2
160,periwinkle partridge,gender,p0849,1
161,periwinkle partridge,gender,p0862,1
162,periwinkle partridge,gender,p0867,2
163,periwinkle partridge,gender,p0869,1
164,periwinkle partridge,gender,p0872,1
165,periwinkle partridge,gender,p0880,2
166,periwinkle partridge,gender,p0891,1
167,periwinkle partridge,gender,p0916,2
168,periwinkle partridge,gender,p0917,2
169,periwinkle partridge,gender,p0919,2
170,periwinkle partridge,gender,p0922,2
171,periwinkle partridge,gender,p0925,2
172,periwinkle partridge,gender,p0927,1
173,periwinkle partridge,gender,p0929,2
174,periwinkle partridge,gender,p0930,1
175,periwinkle partridge,gender,p0931,2
176,periwinkle partridge,gender,p0933,2
177,periwinkle partridge,gender,p0934,2
178,periwinkle partridge,gender,p0936,2
179,periwinkle partridge,gender,p0938,1
180,periwinkle partridge,gender,p0939,2
181,periwinkle partridge,gender,p0946,1
182,periwinkle partridge,gender,p0951,1
183,periwinkle partridge,gender,p0956,2
184,periwinkle partridge,gender,p0962,2
185,periwinkle partridge,gender,p0963,1
186,periwinkle partridge,gender,p0969,1
187,periwinkle partridge,gender,p0972,1
188,periwinkle partridge,gender,p0975,1
189,periwinkle partridge,gender,p0985,2
190,periwinkle partridge,gender,p0993,1
191,periwinkle partridge,gender,p0996,2
192,periwinkle partridge,gender,p1011,1
193,periwinkle partridge,gender,p1017,2
194,periwinkle partridge,gender,p1020,1
195,periwinkle partridge,gender,p1022,1
196,periwinkle partridge,gender,p1024,2
197,periwinkle partridge,gender,p1027,1
198,periwinkle partridge,gender,p1028,1
199,periwinkle partridge,gender,p1029,2
200,periwinkle partridge,gender,p1032,1
201,periwinkle partridge,gender,p1040,1
202,periwinkle partridge,gender,p1047,1
203,periwinkle partridge,gender,p1048,1
204,periwinkle partridge,gender,p1053,2
205,periwinkle partridge,gender,p1057,1
206,periwinkle partridge,gender,p1058,2
207,periwinkle partridge,gender,p1063,1
208,periwinkle partridge,gender,p1064,2
209,periwinkle partridge,gender,p1065,1
210,periwinkle partridge,gender,p1069,2
211,periwinkle partridge,gender,p1072,1
212,periwinkle partridge,gender,p1073,1
213,periwinkle partridge,gender,p1075,2
214,periwinkle partridge,gender,p1076,2
215,periwinkle partridge,gender,p1083,2
216,periwinkle partridge,gender,p1089,1
217,periwinkle partridge,gender,p1093,1
218,periwinkle partridge,gender,p1096,2
219,periwinkle partridge,gender,p1100,1
220,periwinkle partridge,gender,p1106,2
221,periwinkle partridge,gender,p1107,2
222,periwinkle partridge,gender,p1113,1
223,periwinkle partridge,gender,p1117,1
224,periwinkle partridge,gender,p1120,1
225,periwinkle partridge,gender,p1134,1
226,periwinkle partridge,gender,p1136,1
227,periwinkle partridge,gender,p1138,2
228,periwinkle partridge,gender,p1144,1
229,periwinkle partridge,gender,p1145,1
230,periwinkle partridge,gender,p1147,2
231,periwinkle partridge,gender,p1148,1
232,periwinkle partridge,gender,p1154,2
233,periwinkle partridge,gender,p1159,1
234,periwinkle partridge,gender,p1167,1
235,periwinkle partridge,gender,p1175,2
236,periwinkle partridge,gender,p1178,2
237,periwinkle partridge,gender,p1184,2
238,periwinkle partridge,gender,p1186,1
239,periwinkle partridge,gender,p1196,1
240,periwinkle partridge,gender,p1197,2
241,periwinkle partridge,gender,p1203,1
242,periwinkle partridge,gender,p1219,2
243,periwinkle partridge,gender,p1225,1
244,periwinkle partridge,gender,p1234,2
245,periwinkle partridge,gender,p1242,1
246,periwinkle partridge,gender,p1244,1
247,periwinkle partridge,gender,p1249,2
248,periwinkle partridge,gender,p1250,1
249,periwinkle partridge,gender,p1256,1
250,periwinkle partridge,gender,p1258,2
251,periwinkle partridge,gender,p1260,1
252,periwinkle partridge,gender,p1262,1
253,periwinkle partridge,gender,p1264,2
254,periwinkle partridge,gender,p1265,2
255,periwinkle partridge,gender,p1269,1
256,periwinkle partridge,gender,p1272,2
257,periwinkle partridge,gender,p1278,1
258,periwinkle partridge,gender,p1281,2
259,periwinkle partridge,gender,p1292,1
260,periwinkle partridge,gender,p1299,2
261,periwinkle partridge,gender,p1312,2
262,periwinkle partridge,gender,p1322,1
263,periwinkle partridge,gender,p1326,2
264,periwinkle partridge,gender,p1330,2
265,periwinkle partridge,gender,p1335,2
266,periwinkle partridge,gender,p1337,1
267,periwinkle partridge,gender,p1340,1
268,periwinkle partridge,gender,p1345,1
269,periwinkle partridge,gender,p1351,1
270,periwinkle partridge,gender,p1355,2
271,periwinkle partridge,gender,p1362,2
272,periwinkle partridge,gender,p1365,1
273,periwinkle partridge,gender,p1366,2
274,periwinkle partridge,gender,p1367,1
275,periwinkle partridge,gender,p1370,2
276,periwinkle partridge,gender,p1371,1
277,periwinkle partridge,gender,p1373,2
278,periwinkle partridge,gender,p1375,2
279,periwinkle partridge,gender,p1376,2
280,periwinkle partridge,gender,p1379,2
281,periwinkle partridge,gender,p1381,2
282,periwinkle partridge,gender,p1393,2
283,periwinkle partridge,gender,p1396,2
284,periwinkle partridge,gender,p1398,1
285,periwinkle partridge,gender,p1404,2
286,periwinkle partridge,gender,p1406,1
287,periwinkle partridge,gender,p1407,2
288,periwinkle partridge,gender,p1409,1
289,periwinkle partridge,gender,p1412,1
290,periwinkle partridge,gender,p1414,1
291,periwinkle partridge,gender,p1424,1
292,periwinkle partridge,gender,p1425,1
293,periwinkle partridge,gender,p1429,2
294,periwinkle partridge,gender,p1434,1
295,periwinkle partridge,gender,p1441,1
296,periwinkle partridge,gender,p1445,1
297,periwinkle partridge,gender,p1450,1
298,periwinkle partridge,gender,p1454,1
299,periwinkle partridge,gender,p1456,1
300,periwinkle partridge,gender,p1457,2
301,periwinkle partridge,gender,p1458,1
302,periwinkle partridge,gender,p1469,1
303,periwinkle partridge,gender,p1470,1
304,periwinkle partridge,gender,p1481,1
305,periwinkle partridge,gender,p1488,2
306,periwinkle partridge,gender,p1492,1
307,periwinkle partridge,gender,p1495,1
308,periwinkle partridge,gender,p1497,2
309,periwinkle partridge,gender,p1499,1
310,periwinkle partridge,gender,p1503,1
311,periwinkle partridge,gender,p1511,1
312,periwinkle partridge,gender,p1512,2
313,periwinkle partridge,gender,p1518,2
314,periwinkle partridge,gender,p1519,2
315,periwinkle partridge,gender,p1520,2
316,periwinkle partridge,gender,p1524,2
317,periwinkle partridge,gender,p1526,2
318,periwinkle partridge,gender,p1537,1
319,periwinkle partridge,gender,p1545,2
320,periwinkle partridge,gender,p1547,2
321,periwinkle partridge,gender,p1552,1
322,periwinkle partridge,gender,p1567,1
323,periwinkle partridge,gender,p1568,2
324,periwinkle partridge,gender,p1579,2
325,periwinkle partridge,gender,p1587,2
326,periwinkle partridge,gender,p1596,1
327,periwinkle partridge,gender,p1600,1
328,periwinkle partridge,gender,p1603,2
329,periwinkle partridge,gender,p1604,2
330,periwinkle partridge,gender,p1610,2
331,periwinkle partridge,gender,p1618,1
332,periwinkle partridge,gender,p1619,1
333,periwinkle partridge,gender,p1622,1
334,periwinkle partridge,gender,p1623,1
335,periwinkle partridge,gender,p1630,1
336,periwinkle partridge,gender,p1641,1
337,periwinkle partridge,gender,p1649,1
338,periwinkle partridge,gender,p1652,1
339,periwinkle partridge,gender,p1665,1
340,periwinkle partridge,gender,p1669,1
341,periwinkle partridge,gender,p1685,1
342,periwinkle partridge,gender,p1693,2
343,periwinkle partridge,gender,p1698,1
344,periwinkle partridge,gender,p1704,1
345,periwinkle partridge,gender,p1711,1
346,periwinkle partridge,gender,p1718,1
347,periwinkle partridge,gender,p1732,1
348,periwinkle partridge,gender,p1739,1
349,periwinkle partridge,gender,p1741,1
350,periwinkle partridge,gender,p1746,1
351,periwinkle partridge,gender,p1751,1
352,periwinkle partridge,gender,p1754,2
353,periwinkle partridge,gender,p1769,2
354,periwinkle partridge,gender,p1771,2
355,periwinkle partridge,gender,p1776,1
356,periwinkle partridge,gender,p1780,1
357,periwinkle partridge,gender,p1785,2
358,periwinkle partridge,gender,p1791,1
359,periwinkle partridge,gender,p1793,1
360,periwinkle partridge,gender,p1796,1
361,periwinkle partridge,gender,p1805,1
362,periwinkle partridge,gender,p1812,1
363,periwinkle partridge,gender,p1816,2
364,periwinkle partridge,gender,p1819,1
365,periwinkle partridge,gender,p1825,1
366,periwinkle partridge,gender,p1836,1
367,periwinkle partridge,gender,p1839,2
368,periwinkle partridge,gender,p1861,1
369,periwinkle partridge,gender,p1863,1
370,periwinkle partridge,gender,p1873,1
371,periwinkle partridge,gender,p1875,1
372,periwinkle partridge,gender,p1876,2
373,periwinkle partridge,gender,p1877,2
374,periwinkle partridge,gender,p1880,2
375,periwinkle partridge,gender,p1883,1
376,periwinkle partridge,gender,p1889,1
377,periwinkle partridge,gender,p1893,1
378,periwinkle partridge,gender,p1896,1
379,periwinkle partridge,gender,p1913,1
380,periwinkle partridge,gender,p1922,1
381,periwinkle partridge,gender,p1930,1
382,periwinkle partridge,gender,p1935,1
383,periwinkle partridge,gender,p1940,1
384,periwinkle partridge,gender,p1948,2
385,periwinkle partridge,gender,p1950,2
386,periwinkle partridge,gender,p1954,1
387,periwinkle partridge,gender,p1956,2
388,periwinkle partridge,gender,p1958,1
389,periwinkle partridge,gender,p1967,2
390,periwinkle partridge,gender,p1973,1
391,periwinkle partridge,gender,p1978,1
392,periwinkle partridge,gender,p1983,1
393,periwinkle partridge,gender,p1984,2
394,periwinkle partridge,gender,p1995,1
395,periwinkle partridge,gender,p1996,2
396,periwinkle partridge,gender,p1997,1
397,periwinkle partridge,gender,p2001,2
398,periwinkle partridge,gender,p2002,2
399,periwinkle partridge,gender,p2013,2
400,periwinkle partridge,gender,p2014,2
401,periwinkle partridge,gender,p2016,1
402,periwinkle partridge,gender,p2018,1
403,periwinkle partridge,gender,p2023,2
404,periwinkle partridge,gender,p2025,1
405,periwinkle partridge,gender,p2028,1
406,periwinkle partridge,gender,p2030,2
407,periwinkle partridge,gender,p2033,1
408,periwinkle partridge,gender,p2040,1
409,periwinkle partridge,gender,p2051,2
410,periwinkle partridge,gender,p2052,1
411,periwinkle partridge,gender,p2066,1
412,periwinkle partridge,gender,p2067,1
413,periwinkle partridge,gender,p2073,1
414,periwinkle partridge,gender,p2077,2
415,periwinkle partridge,gender,p2078,2
416,periwinkle partridge,gender,p2086,1
417,periwinkle partridge,gender,p2089,1
418,periwinkle partridge,gender,p2093,1
419,periwinkle partridge,gender,p2094,2
420,periwinkle partridge,gender,p2111,2
421,periwinkle partridge,gender,p2117,2
422,periwinkle partridge,gender,p2121,1
423,periwinkle partridge,gender,p2127,1
424,periwinkle partridge,gender,p2141,1
425,periwinkle partridge,gender,p2142,2
426,periwinkle partridge,gender,p2143,1
427,periwinkle partridge,gender,p2153,2
428,periwinkle partridge,gender,p2155,2
429,periwinkle partridge,gender,p2169,1
430,periwinkle partridge,gender,p2187,1
431,periwinkle partridge,gender,p2188,1
432,periwinkle partridge,gender,p2197,2
433,periwinkle partridge,gender,p2213,2
434,periwinkle partridge,gender,p2214,2
435,periwinkle partridge,gender,p2215,2
436,periwinkle partridge,gender,p2220,1
437,periwinkle partridge,gender,p2223,2
438,periwinkle partridge,gender,p2229,1
439,periwinkle partridge,gender,p2234,2
440,periwinkle partridge,gender,p2237,2
441,periwinkle partridge,gender,p2238,1
442,periwinkle partridge,gender,p2244,2
443,periwinkle partridge,gender,p2248,2
444,periwinkle partridge,gender,p2252,1
445,periwinkle partridge,gender,p2255,1
446,periwinkle partridge,gender,p2261,1
447,periwinkle partridge,gender,p2263,2
448,periwinkle partridge,gender,p2273,2
449,periwinkle partridge,gender,p2275,2
450,periwinkle partridge,gender,p2276,2
451,periwinkle partridge,gender,p2283,2
452,periwinkle partridge,gender,p2287,2
453,periwinkle partridge,gender,p2296,1
454,periwinkle partridge,gender,p2298,1
455,periwinkle partridge,gender,p2304,1
456,periwinkle partridge,gender,p2310,2
457,periwinkle partridge,gender,p2322,2
458,periwinkle partridge,gender,p2326,2
459,periwinkle partridge,gender,p2330,2
460,periwinkle partridge,gender,p2331,1
461,periwinkle partridge,gender,p2333,1
462,periwinkle partridge,gender,p2347,2
463,periwinkle partridge,gender,p2350,2
464,periwinkle partridge,gender,p2351,1
465,periwinkle partridge,gender,p2353,2
466,periwinkle partridge,gender,p2355,2
467,periwinkle partridge,gender,p2363,2
468,periwinkle partridge,gender,p2378,2
469,periwinkle partridge,gender,p2380,1
470,periwinkle partridge,gender,p2387,2
471,periwinkle partridge,gender,p2398,1
472,periwinkle partridge,gender,p2400,1
473,periwinkle partridge,gender,p2403,2
474,periwinkle partridge,gender,p2408,2
475,periwinkle partridge,gender,p2418,2
476,periwinkle partridge,gender,p2426,1
477,periwinkle partridge,gender,p2428,2
478,periwinkle partridge,gender,p2434,2
479,periwinkle partridge,gender,p2446,1
480,periwinkle partridge,gender,p2452,1
481,periwinkle partridge,gender,p2454,2
482,periwinkle partridge,gender,p2462,1
483,periwinkle partridge,gender,p2467,1
484,periwinkle partridge,gender,p2482,2
485,periwinkle partridge,gender,p2489,1
486,periwinkle partridge,gender,p2490,2
487,periwinkle partridge,gender,p2494,2
488,periwinkle partridge,gender,p2502,1
489,periwinkle partridge,gender,p2503,2
490,periwinkle partridge,gender,p2522,1
491,periwinkle partridge,gender,p2524,1
492,periwinkle partridge,gender,p2533,2
493,periwinkle partridge,gender,p2566,2
494,periwinkle partridge,gender,p2571,1
495,periwinkle partridge,gender,p2573,1
496,periwinkle partridge,gender,p2582,1
497,periwinkle partridge,gender,p2591,1
498,periwinkle partridge,gender,p2592,2
499,periwinkle partridge,gender,p2595,2
500,periwinkle partridge,year_birth,p0016,1970
501,periwinkle partridge,year_birth,p0022,1991
502,periwinkle partridge,year_birth,p0023,1958
503,periwinkle partridge,year_birth,p0026,1965
504,periwinkle partridge,year_birth,p0034,1950
505,periwinkle partridge,year_birth,p0036,1994
506,periwinkle partridge,year_birth,p0037,1969
507,periwinkle partridge,year_birth,p0042,1960
508,periwinkle partridge,year_birth,p0057,1981
509,periwinkle partridge,year_birth,p0066,1966
510,periwinkle partridge,year_birth,p0069,1986
511,periwinkle partridge,year_birth,p0072,1987
512,periwinkle partridge,year_birth,p0073,1982
513,periwinkle partridge,year_birth,p0082,1973
514,periwinkle partridge,year_birth,p0091,1995
515,periwinkle partridge,year_birth,p0092,1980
516,periwinkle partridge,year_birth,p0093,1947
517,periwinkle partridge,year_birth,p0095,1946
518,periwinkle partridge,year_birth,p0107,1964
519,periwinkle partridge,year_birth,p0114,1987
520,periwinkle partridge,year_birth,p0116,1986
521,periwinkle partridge,year_birth,p0118,1998
522,periwinkle partridge,year_birth,p0119,1989
523,periwinkle partridge,year_birth,p0126,1961
524,periwinkle partridge,year_birth,p0129,1951
525,periwinkle partridge,year_birth,p0136,1986
526,periwinkle partridge,year_birth,p0138,1947
527,periwinkle partridge,year_birth,p0144,1989
528,periwinkle partridge,year_birth,p0150,1975
529,periwinkle partridge,year_birth,p0152,1973
530,periwinkle partridge,year_birth,p0158,1948
531,periwinkle partridge,year_birth,p0161,1984
532,periwinkle partridge,year_birth,p0164,1955
533,periwinkle partridge,year_birth,p0175,1954
534,periwinkle partridge,year_birth,p0177,1972
535,periwinkle partridge,year_birth,p0178,1991
536,periwinkle partridge,year_birth,p0181,1970
537,periwinkle partridge,year_birth,p0186,1968
538,periwinkle partridge,year_birth,p0196,1993
539,periwinkle partridge,year_birth,p0198,1949
540,periwinkle partridge,year_birth,p0202,1950
541,periwinkle partridge,year_birth,p0205,1944
542,periwinkle partridge,year_birth,p0207,1932
543,periwinkle partridge,year_birth,p0211,1947
544,periwinkle partridge,year_birth,p0227,1978
545,periwinkle partridge,year_birth,p0229,1957
546,periwinkle partridge,year_birth,p0232,1939
547,periwinkle partridge,year_birth,p0233,1951
548,periwinkle partridge,year_birth,p0237,1984
549,periwinkle partridge,year_birth,p0258,1936
550,periwinkle partridge,year_birth,p0268,1927
551,periwinkle partridge,year_birth,p0274,1981
552,periwinkle partridge,year_birth,p0275,1970
553,periwinkle partridge,year_birth,p0277,1975
554,periwinkle partridge,year_birth,p0288,1970
555,periwinkle partridge,year_birth,p0291,1936
556,periwinkle partridge,year_birth,p0307,1996
557,periwinkle partridge,year_birth,p0308,1998
558,periwinkle partridge,year_birth,p0317,1960
559,periwinkle partridge,year_birth,p0325,1989
560,periwinkle partridge,year_birth,p0327,1958
561,periwinkle partridge,year_birth,p0334,1956
562,periwinkle partridge,year_birth,p0336,1987
563,periwinkle partridge,year_birth,p0338,1977
564,periwinkle partridge,year_birth,p0342,1981
565,periwinkle partridge,year_birth,p0349,1975
566,periwinkle partridge,year_birth,p0356,1991
567,periwinkle partridge,year_birth,p0358,1956
568,periwinkle partridge,year_birth,p0363,1956
569,periwinkle partridge,year_birth,p0364,1981
570,periwinkle partridge,year_birth,p0369,1989
571,periwinkle partridge,year_birth,p0370,1983
572,periwinkle partridge,year_birth,p0371,1959
573,periwinkle partridge,year_birth,p0379,1962
574,periwinkle partridge,year_birth,p0386,1986
575,periwinkle partridge,year_birth,p0396,1987
576,periwinkle partridge,year_birth,p0403,1988
577,periwinkle partridge,year_birth,p0405,1990
578,periwinkle partridge,year_birth,p0412,1963
579,periwinkle partridge,year_birth,p0415,1992
580,periwinkle partridge,year_birth,p0416,1982
581,periwinkle partridge,year_birth,p0417,1983
582,periwinkle partridge,year_birth,p0418,1952
583,periwinkle partridge,year_birth,p0430,1944
584,periwinkle partridge,year_birth,p0431,1998
585,periwinkle partridge,year_birth,p0434,1964
586,periwinkle partridge,year_birth,p0438,1977
587,periwinkle partridge,year_birth,p0441,1988
588,periwinkle partridge,year_birth,p0442,1994
589,periwinkle partridge,year_birth,p0449,1957
590,periwinkle partridge,year_birth,p0450,1951
591,periwinkle partridge,year_birth,p0465,1965
592,periwinkle partridge,year_birth,p0471,1987
593,periwinkle partridge,year_birth,p0477,1970
594,periwinkle partridge,year_birth,p0483,1993
595,periwinkle partridge,year_birth,p0486,1990
596,periwinkle partridge,year_birth,p0487,1983
597,periwinkle partridge,year_birth,p0489,1959
598,periwinkle partridge,year_birth,p0497,1946
599,periwinkle partridge,year_birth,p0502,1953
600,periwinkle partridge,year_birth,p0503,1991
601,periwinkle partridge,year_birth,p0506,1987
602,periwinkle partridge,year_birth,p0511,1989
603,periwinkle partridge,year_birth,p0523,1993
604,periwinkle partridge,year_birth,p0534,1954
605,periwinkle partridge,year_birth,p0536,1982
606,periwinkle partridge,year_birth,p0542,1948
607,periwinkle partridge,year_birth,p0547,1954
608,periwinkle partridge,year_birth,p0553,1966
609,periwinkle partridge,year_birth,p0559,1991
610,periwinkle partridge,year_birth,p0566,1984
611,periwinkle partridge,year_birth,p0568,1972
612,periwinkle partridge,year_birth,p0570,1977
613,periwinkle partridge,year_birth,p0573,1987
614,periwinkle partridge,year_birth,p0578,1967
615,periwinkle partridge,year_birth,p0594,1984
616,periwinkle partridge,year_birth,p0597,1958
617,periwinkle partridge,year_birth,p0601,1996
618,periwinkle partridge,year_birth,p0602,1952
619,periwinkle partridge,year_birth,p0605,1987
620,periwinkle partridge,year_birth,p0615,1966
621,periwinkle partridge,year_birth,p0620,1994
622,periwinkle partridge,year_birth,p0626,1980
623,periwinkle partridge,year_birth,p0629,1995
624,periwinkle partridge,year_birth,p0633,1996
625,periwinkle partridge,year_birth,p0638,1989
626,periwinkle partridge,year_birth,p0639,1976
627,periwinkle partridge,year_birth,p0640,1951
628,periwinkle partridge,year_birth,p0655,1998
629,periwinkle partridge,year_birth,p0656,1991
630,periwinkle partridge,year_birth,p0658,1968
631,periwinkle partridge,year_birth,p0661,1988
632,periwinkle partridge,year_birth,p0669,1960
633,periwinkle partridge,year_birth,p0670,1980
634,periwinkle partridge,year_birth,p0672,1973
635,periwinkle partridge,year_birth,p0674,1985
636,periwinkle partridge,year_birth,p0678,1978
637,periwinkle partridge,year_birth,p0683,1949
638,periwinkle partridge,year_birth,p0686,1977
639,periwinkle partridge,year_birth,p0687,1953
640,periwinkle partridge,year_birth,p0698,1963
641,periwinkle partridge,year_birth,p0700,1981
642,periwinkle partridge,year_birth,p0703,1970
643,periwinkle partridge,year_birth,p0718,1984
644,periwinkle partridge,year_birth,p0744,1987
645,periwinkle partridge,year_birth,p0745,1987
646,periwinkle partridge,year_birth,p0753,1992
647,periwinkle partridge,year_birth,p0770,1985
648,periwinkle partridge,year_birth,p0771,1964
649,periwinkle partridge,year_birth,p0777,1982
650,periwinkle partridge,year_birth,p0779,1964
651,periwinkle partridge,year_birth,p0780,1970
652,periwinkle partridge,year_birth,p0783,1947
653,periwinkle partridge,year_birth,p0785,1994
654,periwinkle partridge,year_birth,p0786,1970
655,periwinkle partridge,year_birth,p0794,1952
656,periwinkle partridge,year_birth,p0798,1947
657,periwinkle partridge,year_birth,p0800,1967
658,periwinkle partridge,year_birth,p0820,1982
659,periwinkle partridge,year_birth,p0841,1985
660,periwinkle partridge,year_birth,p0849,1970
661,periwinkle partridge,year_birth,p0862,1989
662,periwinkle partridge,year_birth,p0867,1969
663,periwinkle partridge,year_birth,p0869,1955
664,periwinkle partridge,year_birth,p0872,1972
665,periwinkle partridge,year_birth,p0880,1993
666,periwinkle partridge,year_birth,p0891,1984
667,periwinkle partridge,year_birth,p0916,1989
668,periwinkle partridge,year_birth,p0917,1987
669,periwinkle partridge,year_birth,p0919,1991
670,periwinkle partridge,year_birth,p0922,1957
671,periwinkle partridge,year_birth,p0925,1966
672,periwinkle partridge,year_birth,p0927,1990
673,periwinkle partridge,year_birth,p0929,1991
674,periwinkle partridge,year_birth,p0930,1984
675,periwinkle partridge,year_birth,p0931,1958
676,periwinkle partridge,year_birth,p0933,1986
677,periwinkle partridge,year_birth,p0934,1978
678,periwinkle partridge,year_birth,p0936,1976
679,periwinkle partridge,year_birth,p0938,1982
680,periwinkle partridge,year_birth,p0939,1984
681,periwinkle partridge,year_birth,p0946,1980
682,periwinkle partridge,year_birth,p0951,1963
683,periwinkle partridge,year_birth,p0956,1988
684,periwinkle partridge,year_birth,p0962,1942
685,periwinkle partridge,year_birth,p0963,1990
686,periwinkle partridge,year_birth,p0969,1960
687,periwinkle partridge,year_birth,p0972,1956
688,periwinkle partridge,year_birth,p0975,1952
689,periwinkle partridge,year_birth,p0985,1994
690,periwinkle partridge,year_birth,p0993,1983
691,periwinkle partridge,year_birth,p0996,1956
692,periwinkle partridge,year_birth,p1011,1961
693,periwinkle partridge,year_birth,p1017,1992
694,periwinkle partridge,year_birth,p1020,1953
695,periwinkle partridge,year_birth,p1022,1995
696,periwinkle partridge,year_birth,p1024,1972
697,periwinkle partridge,year_birth,p1027,1996
698,periwinkle partridge,year_birth,p1028,1985
699,periwinkle partridge,year_birth,p1029,1986
700,periwinkle partridge,year_birth,p1032,1972
701,periwinkle partridge,year_birth,p1040,1990
702,periwinkle partridge,year_birth,p1047,1997
703,periwinkle partridge,year_birth,p1048,1985
704,periwinkle partridge,year_birth,p1053,1987
705,periwinkle partridge,year_birth,p1057,1986
706,periwinkle partridge,year_birth,p1058,1988
707,periwinkle partridge,year_birth,p1063,1960
708,periwinkle partridge,year_birth,p1064,1955
709,periwinkle partridge,year_birth,p1065,1955
710,periwinkle partridge,year_birth,p1069,1981
711,periwinkle partridge,year_birth,p1072,1986
712,periwinkle partridge,year_birth,p1073,1980
713,periwinkle partridge,year_birth,p1075,1965
714,periwinkle partridge,year_birth,p1076,1997
715,periwinkle partridge,year_birth,p1083,1950
716,periwinkle partridge,year_birth,p1089,1992
717,periwinkle partridge,year_birth,p1093,1995
718,periwinkle partridge,year_birth,p1096,1988
719,periwinkle partridge,year_birth,p1100,1972
720,periwinkle partridge,year_birth,p1106,1988
721,periwinkle partridge,year_birth,p1107,1955
722,periwinkle partridge,year_birth,p1113,1984
723,periwinkle partridge,year_birth,p1117,1940
724,periwinkle partridge,year_birth,p1120,1956
725,periwinkle partridge,year_birth,p1134,1951
726,periwinkle partridge,year_birth,p1136,1967
727,periwinkle partridge,year_birth,p1138,1969
728,periwinkle partridge,year_birth,p1144,1962
729,periwinkle partridge,year_birth,p1145,1952
730,periwinkle partridge,year_birth,p1147,1989
731,periwinkle partridge,year_birth,p1148,1982
732,periwinkle partridge,year_birth,p1154,1985
733,periwinkle partridge,year_birth,p1159,1957
734,periwinkle partridge,year_birth,p1167,1965
735,periwinkle partridge,year_birth,p1175,1989
736,periwinkle partridge,year_birth,p1178,1989
737,periwinkle partridge,year_birth,p1184,1979
738,periwinkle partridge,year_birth,p1186,1970
739,periwinkle partridge,year_birth,p1196,1996
740,periwinkle partridge,year_birth,p1197,1974
741,periwinkle partridge,year_birth,p1203,1954
742,periwinkle partridge,year_birth,p1219,1994
743,periwinkle partridge,year_birth,p1225,1952
744,periwinkle partridge,year_birth,p1234,1996
745,periwinkle partridge,year_birth,p1242,1954
746,periwinkle partridge,year_birth,p1244,1976
747,periwinkle partridge,year_birth,p1249,1972
748,periwinkle partridge,year_birth,p1250,1960
749,periwinkle partridge,year_birth,p1256,1979
750,periwinkle partridge,year_birth,p1258,1986
751,periwinkle partridge,year_birth,p1260,1982
752,periwinkle partridge,year_birth,p1262,1972
753,periwinkle partridge,year_birth,p1264,1997
754,periwinkle partridge,year_birth,p1265,1987
755,periwinkle partridge,year_birth,p1269,1983
756,periwinkle partridge,year_birth,p1272,1998
757,periwinkle partridge,year_birth,p1278,1988
758,periwinkle partridge,year_birth,p1281,1989
759,periwinkle partridge,year_birth,p1292,1990
760,periwinkle partridge,year_birth,p1299,1964
761,periwinkle partridge,year_birth,p1312,1984
762,periwinkle partridge,year_birth,p1322,1986
763,periwinkle partridge,year_birth,p1326,1985
764,periwinkle partridge,year_birth,p1330,1962
765,periwinkle partridge,year_birth,p1335,1991
766,periwinkle partridge,year_birth,p1337,1965
767,periwinkle partridge,year_birth,p1340,1983
768,periwinkle partridge,year_birth,p1345,1960
769,periwinkle partridge,year_birth,p1351,1932
770,periwinkle partridge,year_birth,p1355,1991
771,periwinkle partridge,year_birth,p1362,1941
772,periwinkle partridge,year_birth,p1365,1961
773,periwinkle partridge,year_birth,p1366,1958
774,periwinkle partridge,year_birth,p1367,1984
775,periwinkle partridge,year_birth,p1370,1936
776,periwinkle partridge,year_birth,p1371,1969
777,periwinkle partridge,year_birth,p1373,1991
778,periwinkle partridge,year_birth,p1375,1980
779,periwinkle partridge,year_birth,p1376,1986
780,periwinkle partridge,year_birth,p1379,1977
781,periwinkle partridge,year_birth,p1381,1952
782,periwinkle partridge,year_birth,p1393,1974
783,periwinkle partridge,year_birth,p1396,1970
784,periwinkle partridge,year_birth,p1398,1978
785,periwinkle partridge,year_birth,p1404,1960
786,periwinkle partridge,year_birth,p1406,1961
787,periwinkle partridge,year_birth,p1407,1987
788,periwinkle partridge,year_birth,p1409,1954
789,periwinkle partridge,year_birth,p1412,1966
790,periwinkle partridge,year_birth,p1414,1981
791,periwinkle partridge,year_birth,p1424,1968
792,periwinkle partridge,year_birth,p1425,1968
793,periwinkle partridge,year_birth,p1429,1971
794,periwinkle partridge,year_birth,p1434,1976
795,periwinkle partridge,year_birth,p1441,1975
796,periwinkle partridge,year_birth,p1445,1956
797,periwinkle partridge,year_birth,p1450,1993
798,periwinkle partridge,year_birth,p1454,1967
799,periwinkle partridge,year_birth,p1456,1978
800,periwinkle partridge,year_birth,p1457,1987
801,periwinkle partridge,year_birth,p1458,1966
802,periwinkle partridge,year_birth,p1469,1979
803,periwinkle partridge,year_birth,p1470,1961
804,periwinkle partridge,year_birth,p1481,1958
805,periwinkle partridge,year_birth,p1488,1973
806,periwinkle partridge,year_birth,p1492,1976
807,periwinkle partridge,year_birth,p1495,1943
808,periwinkle partridge,year_birth,p1497,1965
809,periwinkle partridge,year_birth,p1499,1993
810,periwinkle partridge,year_birth,p1503,1963
811,periwinkle partridge,year_birth,p1511,1960
812,periwinkle partridge,year_birth,p1512,1989
813,periwinkle partridge,year_birth,p1518,1992
814,periwinkle partridge,year_birth,p1519,1995
815,periwinkle partridge,year_birth,p1520,1988
816,periwinkle partridge,year_birth,p1524,1968
817,periwinkle partridge,year_birth,p1526,1982
818,periwinkle partridge,year_birth,p1537,1937
819,periwinkle partridge,year_birth,p1545,1975
820,periwinkle partridge,year_birth,p1547,1968
821,periwinkle partridge,year_birth,p1552,1989
822,periwinkle partridge,year_birth,p1567,1949
823,periwinkle partridge,year_birth,p1568,1950
824,periwinkle partridge,year_birth,p1579,1951
825,periwinkle partridge,year_birth,p1587,1965
826,periwinkle partridge,year_birth,p1596,1953
827,periwinkle partridge,year_birth,p1600,1974
828,periwinkle partridge,year_birth,p1603,1990
829,periwinkle partridge,year_birth,p1604,1955
830,periwinkle partridge,year_birth,p1610,1978
831,periwinkle partridge,year_birth,p1618,1971
832,periwinkle partridge,year_birth,p1619,1948
833,periwinkle partridge,year_birth,p1622,1956
834,periwinkle partridge,year_birth,p1623,1971
835,periwinkle partridge,year_birth,p1630,1999
836,periwinkle partridge,year_birth,p1641,1944
837,periwinkle partridge,year_birth,p1649,1943
838,periwinkle partridge,year_birth,p1652,1971
839,periwinkle partridge,year_birth,p1665,1980
840,periwinkle partridge,year_birth,p1669,1968
841,periwinkle partridge,year_birth,p1685,1956
842,periwinkle partridge,year_birth,p1693,1986
843,periwinkle partridge,year_birth,p1698,1973
844,periwinkle partridge,year_birth,p1704,1976
845,periwinkle partridge,year_birth,p1711,1969
846,periwinkle partridge,year_birth,p1718,1975
847,periwinkle partridge,year_birth,p1732,1971
848,periwinkle partridge,year_birth,p1739,1943
849,periwinkle partridge,year_birth,p1741,1942
850,periwinkle partridge,year_birth,p1746,1975
851,periwinkle partridge,year_birth,p1751,1987
852,periwinkle partridge,year_birth,p1754,1959
853,periwinkle partridge,year_birth,p1769,1971
854,periwinkle partridge,year_birth,p1771,1968
855,periwinkle partridge,year_birth,p1776,1953
856,periwinkle partridge,year_birth,p1780,1969
857,periwinkle partridge,year_birth,p1785,1979
858,periwinkle partridge,year_birth,p1791,1986
859,periwinkle partridge,year_birth,p1793,1957
860,periwinkle partridge,year_birth,p1796,1952
861,periwinkle partridge,year_birth,p1805,1981
862,periwinkle partridge,year_birth,p1812,1979
863,periwinkle partridge,year_birth,p1816,1972
864,periwinkle partridge,year_birth,p1819,1972
865,periwinkle partridge,year_birth,p1825,1951
866,periwinkle partridge,year_birth,p1836,1995
867,periwinkle partridge,year_birth,p1839,1940
868,periwinkle partridge,year_birth,p1861,1961
869,periwinkle partridge,year_birth,p1863,1930
870,periwinkle partridge,year_birth,p1873,1979
871,periwinkle partridge,year_birth,p1875,1955
872,periwinkle partridge,year_birth,p1876,1971
873,periwinkle partridge,year_birth,p1877,1996
874,periwinkle partridge,year_birth,p1880,1977
875,periwinkle partridge,year_birth,p1883,1970
876,periwinkle partridge,year_birth,p1889,1978
877,periwinkle partridge,year_birth,p1893,1982
878,periwinkle partridge,year_birth,p1896,1991
879,periwinkle partridge,year_birth,p1913,1969
880,periwinkle partridge,year_birth,p1922,1942
881,periwinkle partridge,year_birth,p1930,1970
882,periwinkle partridge,year_birth,p1935,1946
883,periwinkle partridge,year_birth,p1940,1977
884,periwinkle partridge,year_birth,p1948,1994
885,periwinkle partridge,year_birth,p1950,1963
886,periwinkle partridge,year_birth,p1954,1972
887,periwinkle partridge,year_birth,p1956,1959
888,periwinkle partridge,year_birth,p1958,1978
889,periwinkle partridge,year_birth,p1967,1979
890,periwinkle partridge,year_birth,p1973,1995
891,periwinkle partridge,year_birth,p1978,1953
892,periwinkle partridge,year_birth,p1983,1976
893,periwinkle partridge,year_birth,p1984,1956
894,periwinkle partridge,year_birth,p1995,1942
895,periwinkle partridge,year_birth,p1996,1977
896,periwinkle partridge,year_birth,p1997,1972
897,periwinkle partridge,year_birth,p2001,1977
898,periwinkle partridge,year_birth,p2002,1968
899,periwinkle partridge,year_birth,p2013,1980
900,periwinkle partridge,year_birth,p2014,1968
901,periwinkle partridge,year_birth,p2016,1962
902,periwinkle partridge,year_birth,p2018,1980
903,periwinkle partridge,year_birth,p2023,1969
904,periwinkle partridge,year_birth,p2025,1937
905,periwinkle partridge,year_birth,p2028,1953
906,periwinkle partridge,year_birth,p2030,1973
907,periwinkle partridge,year_birth,p2033,1978
908,periwinkle partridge,year_birth,p2040,1947
909,periwinkle partridge,year_birth,p2051,1991
910,periwinkle partridge,year_birth,p2052,1971
911,periwinkle partridge,year_birth,p2066,1942
912,periwinkle partridge,year_birth,p2067,1953
913,periwinkle partridge,year_birth,p2073,1994
914,periwinkle partridge,year_birth,p2077,1994
915,periwinkle partridge,year_birth,p2078,1988
916,periwinkle partridge,year_birth,p2086,1964
917,periwinkle partridge,year_birth,p2089,1981
918,periwinkle partridge,year_birth,p2093,1956
919,periwinkle partridge,year_birth,p2094,1945
920,periwinkle partridge,year_birth,p2111,1997
921,periwinkle partridge,year_birth,p2117,1979
922,periwinkle partridge,year_birth,p2121,1958
923,periwinkle partridge,year_birth,p2127,1969
924,periwinkle partridge,year_birth,p2141,1996
925,periwinkle partridge,year_birth,p2142,1999
926,periwinkle partridge,year_birth,p2143,1971
927,periwinkle partridge,year_birth,p2153,1984
928,periwinkle partridge,year_birth,p2155,1973
929,periwinkle partridge,year_birth,p2169,1961
930,periwinkle partridge,year_birth,p2187,1991
931,periwinkle partridge,year_birth,p2188,1974
932,periwinkle partridge,year_birth,p2197,1986
933,periwinkle partridge,year_birth,p2213,1997
934,periwinkle partridge,year_birth,p2214,1989
935,periwinkle partridge,year_birth,p2215,1992
936,periwinkle partridge,year_birth,p2220,1971
937,periwinkle partridge,year_birth,p2223,1990
938,periwinkle partridge,year_birth,p2229,1985
939,periwinkle partridge,year_birth,p2234,1991
940,periwinkle partridge,year_birth,p2237,1960
941,periwinkle partridge,year_birth,p2238,1957
942,periwinkle partridge,year_birth,p2244,1987
943,periwinkle partridge,year_birth,p2248,1966
944,periwinkle partridge,year_birth,p2252,1999
945,periwinkle partridge,year_birth,p2255,1950
946,periwinkle partridge,year_birth,p2261,1960
947,periwinkle partridge,year_birth,p2263,1974
948,periwinkle partridge,year_birth,p2273,1993
949,periwinkle partridge,year_birth,p2275,1984
950,periwinkle partridge,year_birth,p2276,1985
951,periwinkle partridge,year_birth,p2283,1964
952,periwinkle partridge,year_birth,p2287,1957
953,periwinkle partridge,year_birth,p2296,1992
954,periwinkle partridge,year_birth,p2298,1994
955,periwinkle partridge,year_birth,p2304,1995
956,periwinkle partridge,year_birth,p2310,1986
957,periwinkle partridge,year_birth,p2322,1988
958,periwinkle partridge,year_birth,p2326,1990
959,periwinkle partridge,year_birth,p2330,1996
960,periwinkle partridge,year_birth,p2331,1997
961,periwinkle partridge,year_birth,p2333,1967
962,periwinkle partridge,year_birth,p2347,1972
963,periwinkle partridge,year_birth,p2350,1989
964,periwinkle partridge,year_birth,p2351,1986
965,periwinkle partridge,year_birth,p2353,1998
966,periwinkle partridge,year_birth,p2355,1988
967,periwinkle partridge,year_birth,p2363,1982
968,periwinkle partridge,year_birth,p2378,1994
969,periwinkle partridge,year_birth,p2380,1994
970,periwinkle partridge,year_birth,p2387,1986
971,periwinkle partridge,year_birth,p2398,1990
972,periwinkle partridge,year_birth,p2400,1961
973,periwinkle partridge,year_birth,p2403,1971
974,periwinkle partridge,year_birth,p2408,1980
975,periwinkle partridge,year_birth,p2418,1987
976,periwinkle partridge,year_birth,p2426,1951
977,periwinkle partridge,year_birth,p2428,1989
978,periwinkle partridge,year_birth,p2434,1968
979,periwinkle partridge,year_birth,p2446,1983
980,periwinkle partridge,year_birth,p2452,1975
981,periwinkle partridge,year_birth,p2454,1978
982,periwinkle partridge,year_birth,p2462,1993
983,periwinkle partridge,year_birth,p2467,1972
984,periwinkle partridge,year_birth,p2482,1967
985,periwinkle partridge,year_birth,p2489,1952
986,periwinkle partridge,year_birth,p2490,1998
987,periwinkle partridge,year_birth,p2494,1947
988,periwinkle partridge,year_birth,p2502,1955
989,periwinkle partridge,year_birth,p2503,1987
990,periwinkle partridge,year_birth,p2522,1945
991,periwinkle partridge,year_birth,p2524,1946
992,periwinkle partridge,year_birth,p2533,1951
993,periwinkle partridge,year_birth,p2566,1968
994,periwinkle partridge,year_birth,p2571,1952
995,periwinkle partridge,year_birth,p2573,1969
996,periwinkle partridge,year_birth,p2582,1985
997,periwinkle partridge,year_birth,p2591,1986
998,periwinkle partridge,year_birth,p2592,1981
999,periwinkle partridge,year_birth,p2595,1973
1000,periwinkle partridge,race,p0016,1
1001,periwinkle partridge,race,p0022,1
1002,periwinkle partridge,race,p0023,1
1003,periwinkle partridge,race,p0026,1
1004,periwinkle partridge,race,p0034,1
1005,periwinkle partridge,race,p0036,1
1006,periwinkle partridge,race,p0037,1
1007,periwinkle partridge,race,p0042,1
1008,periwinkle partridge,race,p0057,1
1009,periwinkle partridge,race,p0066,1
1010,periwinkle partridge,race,p0069,1
1011,periwinkle partridge,race,p0072,1
1012,periwinkle partridge,race,p0073,1
1013,periwinkle partridge,race,p0082,1
1014,periwinkle partridge,race,p0091,1
1015,periwinkle partridge,race,p0092,2
1016,periwinkle partridge,race,p0093,1
1017,periwinkle partridge,race,p0095,1
1018,periwinkle partridge,race,p0107,1
1019,periwinkle partridge,race,p0114,1
1020,periwinkle partridge,race,p0116,1
1021,periwinkle partridge,race,p0118,1
1022,periwinkle partridge,race,p0119,1
1023,periwinkle partridge,race,p0126,1
1024,periwinkle partridge,race,p0129,1
1025,periwinkle partridge,race,p0136,1
1026,periwinkle partridge,race,p0138,1
1027,periwinkle partridge,race,p0144,5
1028,periwinkle partridge,race,p0150,2
1029,periwinkle partridge,race,p0152,1
1030,periwinkle partridge,race,p0158,1
1031,periwinkle partridge,race,p0161,1
1032,periwinkle partridge,race,p0164,1
1033,periwinkle partridge,race,p0175,1
1034,periwinkle partridge,race,p0177,5
1035,periwinkle partridge,race,p0178,1
1036,periwinkle partridge,race,p0181,1
1037,periwinkle partridge,race,p0186,1
1038,periwinkle partridge,race,p0196,1
1039,periwinkle partridge,race,p0198,1
1040,periwinkle partridge,race,p0202,1
1041,periwinkle partridge,race,p0205,1
1042,periwinkle partridge,race,p0207,1
1043,periwinkle partridge,race,p0211,1
1044,periwinkle partridge,race,p0227,5
1045,periwinkle partridge,race,p0229,2
1046,periwinkle partridge,race,p0232,1
1047,periwinkle partridge,race,p0233,1
1048,periwinkle partridge,race,p0237,1
1049,periwinkle partridge,race,p0258,1
1050,periwinkle partridge,race,p0268,1
1051,periwinkle partridge,race,p0274,2
1052,periwinkle partridge,race,p0275,2
1053,periwinkle partridge,race,p0277,2
1054,periwinkle partridge,race,p0288,2
1055,periwinkle partridge,race,p0291,1
1056,periwinkle partridge,race,p0307,1
1057,periwinkle partridge,race,p0308,1
1058,periwinkle partridge,race,p0317,1
1059,periwinkle partridge,race,p0325,1
1060,periwinkle partridge,race,p0327,1
1061,periwinkle partridge,race,p0334,1
1062,periwinkle partridge,race,p0336,1
1063,periwinkle partridge,race,p0338,1
1064,periwinkle partridge,race,p0342,2
1065,periwinkle partridge,race,p0349,1
1066,periwinkle partridge,race,p0356,1
1067,periwinkle partridge,race,p0358,1
1068,periwinkle partridge,race,p0363,1
1069,periwinkle partridge,race,p0364,1
1070,periwinkle partridge,race,p0369,1
1071,periwinkle partridge,race,p0370,1
1072,periwinkle partridge,race,p0371,1
1073,periwinkle partridge,race,p0379,1
1074,periwinkle partridge,race,p0386,1
1075,periwinkle partridge,race,p0396,1
1076,periwinkle partridge,race,p0403,2
1077,periwinkle partridge,race,p0405,1
1078,periwinkle partridge,race,p0412,1
1079,periwinkle partridge,race,p0415,1
1080,periwinkle partridge,race,p0416,1
1081,periwinkle partridge,race,p0417,1
1082,periwinkle partridge,race,p0418,1
1083,periwinkle partridge,race,p0430,1
1084,periwinkle partridge,race,p0431,1
1085,periwinkle partridge,race,p0434,1
1086,periwinkle partridge,race,p0438,1
1087,periwinkle partridge,race,p0441,5
1088,periwinkle partridge,race,p0442,2
1089,periwinkle partridge,race,p0449,1
1090,periwinkle partridge,race,p0450,1
1091,periwinkle partridge,race,p0465,1
1092,periwinkle partridge,race,p0471,1
1093,periwinkle partridge,race,p0477,1
1094,periwinkle partridge,race,p0483,2
1095,periwinkle partridge,race,p0486,1
1096,periwinkle partridge,race,p0487,1
1097,periwinkle partridge,race,p0489,1
1098,periwinkle partridge,race,p0497,1
1099,periwinkle partridge,race,p0502,1
1100,periwinkle partridge,race,p0503,1
1101,periwinkle partridge,race,p0506,1
1102,periwinkle partridge,race,p0511,1
1103,periwinkle partridge,race,p0523,1
1104,periwinkle partridge,race,p0534,1
1105,periwinkle partridge,race,p0536,1
1106,periwinkle partridge,race,p0542,1
1107,periwinkle partridge,race,p0547,1
1108,periwinkle partridge,race,p0553,1
1109,periwinkle partridge,race,p0559,1
1110,periwinkle partridge,race,p0566,1
1111,periwinkle partridge,race,p0568,5
1112,periwinkle partridge,race,p0570,2
1113,periwinkle partridge,race,p0573,1
1114,periwinkle partridge,race,p0578,1
1115,periwinkle partridge,race,p0594,1
1116,periwinkle partridge,race,p0597,1
1117,periwinkle partridge,race,p0601,1
1118,periwinkle partridge,race,p0602,1
1119,periwinkle partridge,race,p0605,1
1120,periwinkle partridge,race,p0615,1
1121,periwinkle partridge,race,p0620,1
1122,periwinkle partridge,race,p0626,1
1123,periwinkle partridge,race,p0629,1
1124,periwinkle partridge,race,p0633,1
1125,periwinkle partridge,race,p0638,1
1126,periwinkle partridge,race,p0639,1
1127,periwinkle partridge,race,p0640,1
1128,periwinkle partridge,race,p0655,1
1129,periwinkle partridge,race,p0656,2
1130,periwinkle partridge,race,p0658,1
1131,periwinkle partridge,race,p0661,1
1132,periwinkle partridge,race,p0669,1
1133,periwinkle partridge,race,p0670,2
1134,periwinkle partridge,race,p0672,5
1135,periwinkle partridge,race,p0674,1
1136,periwinkle partridge,race,p0678,1
1137,periwinkle partridge,race,p0683,1
1138,periwinkle partridge,race,p0686,1
1139,periwinkle partridge,race,p0687,5
1140,periwinkle partridge,race,p0698,1
1141,periwinkle partridge,race,p0700,1
1142,periwinkle partridge,race,p0703,1
1143,periwinkle partridge,race,p0718,2
1144,periwinkle partridge,race,p0744,1
1145,periwinkle partridge,race,p0745,1
1146,periwinkle partridge,race,p0753,1
1147,periwinkle partridge,race,p0770,1
1148,periwinkle partridge,race,p0771,5
1149,periwinkle partridge,race,p0777,1
1150,periwinkle partridge,race,p0779,1
1151,periwinkle partridge,race,p0780,1
1152,periwinkle partridge,race,p0783,1
1153,periwinkle partridge,race,p0785,1
1154,periwinkle partridge,race,p0786,2
1155,periwinkle partridge,race,p0794,1
1156,periwinkle partridge,race,p0798,1
1157,periwinkle partridge,race,p0800,1
1158,periwinkle partridge,race,p0820,1
1159,periwinkle partridge,race,p0841,1
1160,periwinkle partridge,race,p0849,1
1161,periwinkle partridge,race,p0862,5
1162,periwinkle partridge,race,p0867,2
1163,periwinkle partridge,race,p0869,1
1164,periwinkle partridge,race,p0872,1
1165,periwinkle partridge,race,p0880,5
1166,periwinkle partridge,race,p0891,1
1167,periwinkle partridge,race,p0916,1
1168,periwinkle partridge,race,p0917,1
1169,periwinkle partridge,race,p0919,1
1170,periwinkle partridge,race,p0922,1
1171,periwinkle partridge,race,p0925,1
1172,periwinkle partridge,race,p0927,1
1173,periwinkle partridge,race,p0929,1
1174,periwinkle partridge,race,p0930,1
1175,periwinkle partridge,race,p0931,1
1176,periwinkle partridge,race,p0933,5
1177,periwinkle partridge,race,p0934,1
1178,periwinkle partridge,race,p0936,1
1179,periwinkle partridge,race,p0938,1
1180,periwinkle partridge,race,p0939,1
1181,periwinkle partridge,race,p0946,1
1182,periwinkle partridge,race,p0951,2
1183,periwinkle partridge,race,p0956,1
1184,periwinkle partridge,race,p0962,1
1185,periwinkle partridge,race,p0963,1
1186,periwinkle partridge,race,p0969,1
1187,periwinkle partridge,race,p0972,1
1188,periwinkle partridge,race,p0975,1
1189,periwinkle partridge,race,p0985,2
1190,periwinkle partridge,race,p0993,2
1191,periwinkle partridge,race,p0996,1
1192,periwinkle partridge,race,p1011,1
1193,periwinkle partridge,race,p1017,1
1194,periwinkle partridge,race,p1020,1
1195,periwinkle partridge,race,p1022,1
1196,periwinkle partridge,race,p1024,1
1197,periwinkle partridge,race,p1027,5
1198,periwinkle partridge,race,p1028,1
1199,periwinkle partridge,race,p1029,2
1200,periwinkle partridge,race,p1032,1
1201,periwinkle partridge,race,p1040,5
1202,periwinkle partridge,race,p1047,2
1203,periwinkle partridge,race,p1048,1
1204,periwinkle partridge,race,p1053,5
1205,periwinkle partridge,race,p1057,1
1206,periwinkle partridge,race,p1058,1
1207,periwinkle partridge,race,p1063,1
1208,periwinkle partridge,race,p1064,1
1209,periwinkle partridge,race,p1065,1
1210,periwinkle partridge,race,p1069,1
1211,periwinkle partridge,race,p1072,1
1212,periwinkle partridge,race,p1073,2
1213,periwinkle partridge,race,p1075,1
1214,periwinkle partridge,race,p1076,2
1215,periwinkle partridge,race,p1083,1
1216,periwinkle partridge,race,p1089,1
1217,periwinkle partridge,race,p1093,1
1218,periwinkle partridge,race,p1096,1
1219,periwinkle partridge,race,p1100,1
1220,periwinkle partridge,race,p1106,2
1221,periwinkle partridge,race,p1107,1
1222,periwinkle partridge,race,p1113,1
1223,periwinkle partridge,race,p1117,1
1224,periwinkle partridge,race,p1120,1
1225,periwinkle partridge,race,p1134,1
1226,periwinkle partridge,race,p1136,1
1227,periwinkle partridge,race,p1138,1
1228,periwinkle partridge,race,p1144,1
1229,periwinkle partridge,race,p1145,1
1230,periwinkle partridge,race,p1147,1
1231,periwinkle partridge,race,p1148,1
1232,periwinkle partridge,race,p1154,1
1233,periwinkle partridge,race,p1159,2
1234,periwinkle partridge,race,p1167,5
1235,periwinkle partridge,race,p1175,1
1236,periwinkle partridge,race,p1178,1
1237,periwinkle partridge,race,p1184,1
1238,periwinkle partridge,race,p1186,1
1239,periwinkle partridge,race,p1196,1
1240,periwinkle partridge,race,p1197,5
1241,periwinkle partridge,race,p1203,1
1242,periwinkle partridge,race,p1219,2
1243,periwinkle partridge,race,p1225,1
1244,periwinkle partridge,race,p1234,1
1245,periwinkle partridge,race,p1242,1
1246,periwinkle partridge,race,p1244,1
1247,periwinkle partridge,race,p1249,1
1248,periwinkle partridge,race,p1250,1
1249,periwinkle partridge,race,p1256,5
1250,periwinkle partridge,race,p1258,1
1251,periwinkle partridge,race,p1260,2
1252,periwinkle partridge,race,p1262,1
1253,periwinkle partridge,race,p1264,1
1254,periwinkle partridge,race,p1265,1
1255,periwinkle partridge,race,p1269,1
1256,periwinkle partridge,race,p1272,1
1257,periwinkle partridge,race,p1278,1
1258,periwinkle partridge,race,p1281,5
1259,periwinkle partridge,race,p1292,1
1260,periwinkle partridge,race,p1299,1
1261,periwinkle partridge,race,p1312,1
1262,periwinkle partridge,race,p1322,1
1263,periwinkle partridge,race,p1326,1
1264,periwinkle partridge,race,p1330,1
1265,periwinkle partridge,race,p1335,1
1266,periwinkle partridge,race,p1337,1
1267,periwinkle partridge,race,p1340,1
1268,periwinkle partridge,race,p1345,1
1269,periwinkle partridge,race,p1351,1
1270,periwinkle partridge,race,p1355,1
1271,periwinkle partridge,race,p1362,1
1272,periwinkle partridge,race,p1365,1
1273,periwinkle partridge,race,p1366,1
1274,periwinkle partridge,race,p1367,1
1275,periwinkle partridge,race,p1370,1
1276,periwinkle partridge,race,p1371,1
1277,periwinkle partridge,race,p1373,1
1278,periwinkle partridge,race,p1375,1
1279,periwinkle partridge,race,p1376,1
1280,periwinkle partridge,race,p1379,2
1281,periwinkle partridge,race,p1381,1
1282,periwinkle partridge,race,p1393,1
1283,periwinkle partridge,race,p1396,5
1284,periwinkle partridge,race,p1398,5
1285,periwinkle partridge,race,p1404,1
1286,periwinkle partridge,race,p1406,1
1287,periwinkle partridge,race,p1407,1
1288,periwinkle partridge,race,p1409,1
1289,periwinkle partridge,race,p1412,2
1290,periwinkle partridge,race,p1414,1
1291,periwinkle partridge,race,p1424,1
1292,periwinkle partridge,race,p1425,1
1293,periwinkle partridge,race,p1429,2
1294,periwinkle partridge,race,p1434,1
1295,periwinkle partridge,race,p1441,2
1296,periwinkle partridge,race,p1445,2
1297,periwinkle partridge,race,p1450,1
1298,periwinkle partridge,race,p1454,1
1299,periwinkle partridge,race,p1456,1
1300,periwinkle partridge,race,p1457,2
1301,periwinkle partridge,race,p1458,1
1302,periwinkle partridge,race,p1469,1
1303,periwinkle partridge,race,p1470,1
1304,periwinkle partridge,race,p1481,5
1305,periwinkle partridge,race,p1488,5
1306,periwinkle partridge,race,p1492,1
1307,periwinkle partridge,race,p1495,1
1308,periwinkle partridge,race,p1497,1
1309,periwinkle partridge,race,p1499,1
1310,periwinkle partridge,race,p1503,1
1311,periwinkle partridge,race,p1511,1
1312,periwinkle partridge,race,p1512,1
1313,periwinkle partridge,race,p1518,1
1314,periwinkle partridge,race,p1519,1
1315,periwinkle partridge,race,p1520,1
1316,periwinkle partridge,race,p1524,1
1317,periwinkle partridge,race,p1526,1
1318,periwinkle partridge,race,p1537,1
1319,periwinkle partridge,race,p1545,1
1320,periwinkle partridge,race,p1547,2
1321,periwinkle partridge,race,p1552,5
1322,periwinkle partridge,race,p1567,1
1323,periwinkle partridge,race,p1568,1
1324,periwinkle partridge,race,p1579,1
1325,periwinkle partridge,race,p1587,2
1326,periwinkle partridge,race,p1596,1
1327,periwinkle partridge,race,p1600,1
1328,periwinkle partridge,race,p1603,2
1329,periwinkle partridge,race,p1604,1
1330,periwinkle partridge,race,p1610,1
1331,periwinkle partridge,race,p1618,1
1332,periwinkle partridge,race,p1619,1
1333,periwinkle partridge,race,p1622,5
1334,periwinkle partridge,race,p1623,5
1335,periwinkle partridge,race,p1630,1
1336,periwinkle partridge,race,p1641,1
1337,periwinkle partridge,race,p1649,5
1338,periwinkle partridge,race,p1652,5
1339,periwinkle partridge,race,p1665,1
1340,periwinkle partridge,race,p1669,1
1341,periwinkle partridge,race,p1685,1
1342,periwinkle partridge,race,p1693,1
1343,periwinkle partridge,race,p1698,2
1344,periwinkle partridge,race,p1704,1
1345,periwinkle partridge,race,p1711,1
1346,periwinkle partridge,race,p1718,1
1347,periwinkle partridge,race,p1732,1
1348,periwinkle partridge,race,p1739,1
1349,periwinkle partridge,race,p1741,1
1350,periwinkle partridge,race,p1746,1
1351,periwinkle partridge,race,p1751,1
1352,periwinkle partridge,race,p1754,1
1353,periwinkle partridge,race,p1769,1
1354,periwinkle partridge,race,p1771,1
1355,periwinkle partridge,race,p1776,2
1356,periwinkle partridge,race,p1780,1
1357,periwinkle partridge,race,p1785,1
1358,periwinkle partridge,race,p1791,2
1359,periwinkle partridge,race,p1793,1
1360,periwinkle partridge,race,p1796,1
1361,periwinkle partridge,race,p1805,1
1362,periwinkle partridge,race,p1812,1
1363,periwinkle partridge,race,p1816,1
1364,periwinkle partridge,race,p1819,1
1365,periwinkle partridge,race,p1825,1
1366,periwinkle partridge,race,p1836,1
1367,periwinkle partridge,race,p1839,1
1368,periwinkle partridge,race,p1861,5
1369,periwinkle partridge,race,p1863,1
1370,periwinkle partridge,race,p1873,1
1371,periwinkle partridge,race,p1875,1
1372,periwinkle partridge,race,p1876,1
1373,periwinkle partridge,race,p1877,1
1374,periwinkle partridge,race,p1880,1
1375,periwinkle partridge,race,p1883,5
1376,periwinkle partridge,race,p1889,1
1377,periwinkle partridge,race,p1893,5
1378,periwinkle partridge,race,p1896,1
1379,periwinkle partridge,race,p1913,1
1380,periwinkle partridge,race,p1922,1
1381,periwinkle partridge,race,p1930,1
1382,periwinkle partridge,race,p1935,1
1383,periwinkle partridge,race,p1940,5
1384,periwinkle partridge,race,p1948,1
1385,periwinkle partridge,race,p1950,1
1386,periwinkle partridge,race,p1954,1
1387,periwinkle partridge,race,p1956,1
1388,periwinkle partridge,race,p1958,1
1389,periwinkle partridge,race,p1967,1
1390,periwinkle partridge,race,p1973,1
1391,periwinkle partridge,race,p1978,1
1392,periwinkle partridge,race,p1983,1
1393,periwinkle partridge,race,p1984,2
1394,periwinkle partridge,race,p1995,1
1395,periwinkle partridge,race,p1996,1
1396,periwinkle partridge,race,p1997,1
1397,periwinkle partridge,race,p2001,1
1398,periwinkle partridge,race,p2002,2
1399,periwinkle partridge,race,p2013,1
1400,periwinkle partridge,race,p2014,1
1401,periwinkle partridge,race,p2016,5
1402,periwinkle partridge,race,p2018,2
1403,periwinkle partridge,race,p2023,1
1404,periwinkle partridge,race,p2025,1
1405,periwinkle partridge,race,p2028,1
1406,periwinkle partridge,race,p2030,1
1407,periwinkle partridge,race,p2033,1
1408,periwinkle partridge,race,p2040,2
1409,periwinkle partridge,race,p2051,1
1410,periwinkle partridge,race,p2052,1
1411,periwinkle partridge,race,p2066,1
1412,periwinkle partridge,race,p2067,1
1413,periwinkle partridge,race,p2073,1
1414,periwinkle partridge,race,p2077,2
1415,periwinkle partridge,race,p2078,5
1416,periwinkle partridge,race,p2086,1
1417,periwinkle partridge,race,p2089,1
1418,periwinkle partridge,race,p2093,1
1419,periwinkle partridge,race,p2094,1
1420,periwinkle partridge,race,p2111,2
1421,periwinkle partridge,race,p2117,1
1422,periwinkle partridge,race,p2121,1
1423,periwinkle partridge,race,p2127,1
1424,periwinkle partridge,race,p2141,1
1425,periwinkle partridge,race,p2142,2
1426,periwinkle partridge,race,p2143,1
1427,periwinkle partridge,race,p2153,3
1428,periwinkle partridge,race,p2155,3
1429,periwinkle partridge,race,p2169,3
1430,periwinkle partridge,race,p2187,3
1431,periwinkle partridge,race,p2188,3
1432,periwinkle partridge,race,p2197,3
1433,periwinkle partridge,race,p2213,3
1434,periwinkle partridge,race,p2214,3
1435,periwinkle partridge,race,p2215,3
1436,periwinkle partridge,race,p2220,3
1437,periwinkle partridge,race,p2223,3
1438,periwinkle partridge,race,p2229,3
1439,periwinkle partridge,race,p2234,3
1440,periwinkle partridge,race,p2237,3
1441,periwinkle partridge,race,p2238,3
1442,periwinkle partridge,race,p2244,3
1443,periwinkle partridge,race,p2248,3
1444,periwinkle partridge,race,p2252,3
1445,periwinkle partridge,race,p2255,3
1446,periwinkle partridge,race,p2261,3
1447,periwinkle partridge,race,p2263,3
1448,periwinkle partridge,race,p2273,3
1449,periwinkle partridge,race,p2275,3
1450,periwinkle partridge,race,p2276,3
1451,periwinkle partridge,race,p2283,3
1452,periwinkle partridge,race,p2287,3
1453,periwinkle partridge,race,p2296,3
1454,periwinkle partridge,race,p2298,3
1455,periwinkle partridge,race,p2304,3
1456,periwinkle partridge,race,p2310,3
1457,periwinkle partridge,race,p2322,3
1458,periwinkle partridge,race,p2326,3
1459,periwinkle partridge,race,p2330,3
1460,periwinkle partridge,race,p2331,3
1461,periwinkle partridge,race,p2333,3
1462,periwinkle partridge,race,p2347,3
1463,periwinkle partridge,race,p2350,3
1464,periwinkle partridge,race,p2351,3
1465,periwinkle partridge,race,p2353,3
1466,periwinkle partridge,race,p2355,3
1467,periwinkle partridge,race,p2363,3
1468,periwinkle partridge,race,p2378,3
1469,periwinkle partridge,race,p2380,3
1470,periwinkle partridge,race,p2387,3
1471,periwinkle partridge,race,p2398,3
1472,periwinkle partridge,race,p2400,3
1473,periwinkle partridge,race,p2403,3
1474,periwinkle partridge,race,p2408,3
1475,periwinkle partridge,race,p2418,3
1476,periwinkle partridge,race,p2426,3
1477,periwinkle partridge,race,p2428,3
1478,periwinkle partridge,race,p2434,3
1479,periwinkle partridge,race,p2446,3
1480,periwinkle partridge,race,p2452,3
1481,periwinkle partridge,race,p2454,3
1482,periwinkle partridge,race,p2462,3
1483,periwinkle partridge,race,p2467,3
1484,periwinkle partridge,race,p2482,3
1485,periwinkle partridge,race,p2489,3
1486,periwinkle partridge,race,p2490,3
1487,periwinkle partridge,race,p2494,3
1488,periwinkle partridge,race,p2502,3
1489,periwinkle partridge,race,p2503,3
1490,periwinkle partridge,race,p2522,3
1491,periwinkle partridge,race,p2524,3
1492,periwinkle partridge,race,p2533,3
1493,periwinkle partridge,race,p2566,3
1494,periwinkle partridge,race,p2571,3
1495,periwinkle partridge,race,p2573,3
1496,periwinkle partridge,race,p2582,3
1497,periwinkle partridge,race,p2591,3
1498,periwinkle partridge,race,p2592,3
1499,periwinkle partridge,race,p2595,3
1500,periwinkle partridge,education,p0016,4
1501,periwinkle partridge,education,p0022,4
1502,periwinkle partridge,education,p0023,5
1503,periwinkle partridge,education,p0026,4
1504,periwinkle partridge,education,p0034,3
1505,periwinkle partridge,education,p0036,3
1506,periwinkle partridge,education,p0037,4
1507,periwinkle partridge,education,p0042,3
1508,periwinkle partridge,education,p0057,3
1509,periwinkle partridge,education,p0066,4
1510,periwinkle partridge,education,p0069,3
1511,periwinkle partridge,education,p0072,4
1512,periwinkle partridge,education,p0073,4
1513,periwinkle partridge,education,p0082,4
1514,periwinkle partridge,education,p0091,4
1515,periwinkle partridge,education,p0092,2
1516,periwinkle partridge,education,p0093,4
1517,periwinkle partridge,education,p0095,3
1518,periwinkle partridge,education,p0107,3
1519,periwinkle partridge,education,p0114,5
1520,periwinkle partridge,education,p0116,2
1521,periwinkle partridge,education,p0118,3
1522,periwinkle partridge,education,p0119,3
1523,periwinkle partridge,education,p0126,3
1524,periwinkle partridge,education,p0129,5
1525,periwinkle partridge,education,p0136,3
1526,periwinkle partridge,education,p0138,2
1527,periwinkle partridge,education,p0144,4
1528,periwinkle partridge,education,p0150,2
1529,periwinkle partridge,education,p0152,3
1530,periwinkle partridge,education,p0158,2
1531,periwinkle partridge,education,p0161,3
1532,periwinkle partridge,education,p0164,2
1533,periwinkle partridge,education,p0175,3
1534,periwinkle partridge,education,p0177,4
1535,periwinkle partridge,education,p0178,6
1536,periwinkle partridge,education,p0181,4
1537,periwinkle partridge,education,p0186,3
1538,periwinkle partridge,education,p0196,4
1539,periwinkle partridge,education,p0198,5
1540,periwinkle partridge,education,p0202,4
1541,periwinkle partridge,education,p0205,5
1542,periwinkle partridge,education,p0207,4
1543,periwinkle partridge,education,p0211,3
1544,periwinkle partridge,education,p0227,5
1545,periwinkle partridge,education,p0229,2
1546,periwinkle partridge,education,p0232,5
1547,periwinkle partridge,education,p0233,2
1548,periwinkle partridge,education,p0237,5
1549,periwinkle partridge,education,p0258,4
1550,periwinkle partridge,education,p0268,2
1551,periwinkle partridge,education,p0274,5
1552,periwinkle partridge,education,p0275,4
1553,periwinkle partridge,education,p0277,4
1554,periwinkle partridge,education,p0288,4
1555,periwinkle partridge,education,p0291,4
1556,periwinkle partridge,education,p0307,3
1557,periwinkle partridge,education,p0308,3
1558,periwinkle partridge,education,p0317,3
1559,periwinkle partridge,education,p0325,4
1560,periwinkle partridge,education,p0327,5
1561,periwinkle partridge,education,p0334,6
1562,periwinkle partridge,education,p0336,4
1563,periwinkle partridge,education,p0338,1
1564,periwinkle partridge,education,p0342,4
1565,periwinkle partridge,education,p0349,5
1566,periwinkle partridge,education,p0356,4
1567,periwinkle partridge,education,p0358,4
1568,periwinkle partridge,education,p0363,4
1569,periwinkle partridge,education,p0364,5
1570,periwinkle partridge,education,p0369,5
1571,periwinkle partridge,education,p0370,2
1572,periwinkle partridge,education,p0371,4
1573,periwinkle partridge,education,p0379,3
1574,periwinkle partridge,education,p0386,5
1575,periwinkle partridge,education,p0396,5
1576,periwinkle partridge,education,p0403,3
1577,periwinkle partridge,education,p0405,4
1578,periwinkle partridge,education,p0412,4
1579,periwinkle partridge,education,p0415,3
1580,periwinkle partridge,education,p0416,4
1581,periwinkle partridge,education,p0417,2
1582,periwinkle partridge,education,p0418,2
1583,periwinkle partridge,education,p0430,5
1584,periwinkle partridge,education,p0431,5
1585,periwinkle partridge,education,p0434,2
1586,periwinkle partridge,education,p0438,4
1587,periwinkle partridge,education,p0441,5
1588,periwinkle partridge,education,p0442,3
1589,periwinkle partridge,education,p0449,5
1590,periwinkle partridge,education,p0450,4
1591,periwinkle partridge,education,p0465,5
1592,periwinkle partridge,education,p0471,3
1593,periwinkle partridge,education,p0477,3
1594,periwinkle partridge,education,p0483,5
1595,periwinkle partridge,education,p0486,3
1596,periwinkle partridge,education,p0487,4
1597,periwinkle partridge,education,p0489,5
1598,periwinkle partridge,education,p0497,6
1599,periwinkle partridge,education,p0502,5
1600,periwinkle partridge,education,p0503,4
1601,periwinkle partridge,education,p0506,3
1602,periwinkle partridge,education,p0511,4
1603,periwinkle partridge,education,p0523,5
1604,periwinkle partridge,education,p0534,6
1605,periwinkle partridge,education,p0536,3
1606,periwinkle partridge,education,p0542,4
1607,periwinkle partridge,education,p0547,2
1608,periwinkle partridge,education,p0553,4
1609,periwinkle partridge,education,p0559,4
1610,periwinkle partridge,education,p0566,4
1611,periwinkle partridge,education,p0568,3
1612,periwinkle partridge,education,p0570,1
1613,periwinkle partridge,education,p0573,3
1614,periwinkle partridge,education,p0578,2
1615,periwinkle partridge,education,p0594,2
1616,periwinkle partridge,education,p0597,2
1617,periwinkle partridge,education,p0601,2
1618,periwinkle partridge,education,p0602,2
1619,periwinkle partridge,education,p0605,3
1620,periwinkle partridge,education,p0615,3
1621,periwinkle partridge,education,p0620,4
1622,periwinkle partridge,education,p0626,3
1623,periwinkle partridge,education,p0629,4
1624,periwinkle partridge,education,p0633,3
1625,periwinkle partridge,education,p0638,4
1626,periwinkle partridge,education,p0639,4
1627,periwinkle partridge,education,p0640,2
1628,periwinkle partridge,education,p0655,3
1629,periwinkle partridge,education,p0656,3
1630,periwinkle partridge,education,p0658,5
1631,periwinkle partridge,education,p0661,4
1632,periwinkle partridge,education,p0669,4
1633,periwinkle partridge,education,p0670,2
1634,periwinkle partridge,education,p0672,5
1635,periwinkle partridge,education,p0674,4
1636,periwinkle partridge,education,p0678,5
1637,periwinkle partridge,education,p0683,2
1638,periwinkle partridge,education,p0686,3
1639,periwinkle partridge,education,p0687,4
1640,periwinkle partridge,education,p0698,2
1641,periwinkle partridge,education,p0700,4
1642,periwinkle partridge,education,p0703,2
1643,periwinkle partridge,education,p0718,2
1644,periwinkle partridge,education,p0744,4
1645,periwinkle partridge,education,p0745,4
1646,periwinkle partridge,education,p0753,4
1647,periwinkle partridge,education,p0770,4
1648,periwinkle partridge,education,p0771,4
1649,periwinkle partridge,education,p0777,5
1650,periwinkle partridge,education,p0779,4
1651,periwinkle partridge,education,p0780,3
1652,periwinkle partridge,education,p0783,3
1653,periwinkle partridge,education,p0785,4
1654,periwinkle partridge,education,p0786,3
1655,periwinkle partridge,education,p0794,4
1656,periwinkle partridge,education,p0798,5
1657,periwinkle partridge,education,p0800,4
1658,periwinkle partridge,education,p0820,3
1659,periwinkle partridge,education,p0841,3
1660,periwinkle partridge,education,p0849,3
1661,periwinkle partridge,education,p0862,5
1662,periwinkle partridge,education,p0867,5
1663,periwinkle partridge,education,p0869,3
1664,periwinkle partridge,education,p0872,4
1665,periwinkle partridge,education,p0880,2
1666,periwinkle partridge,education,p0891,3
1667,periwinkle partridge,education,p0916,5
1668,periwinkle partridge,education,p0917,4
1669,periwinkle partridge,education,p0919,4
1670,periwinkle partridge,education,p0922,2
1671,periwinkle partridge,education,p0925,2
1672,periwinkle partridge,education,p0927,4
1673,periwinkle partridge,education,p0929,3
1674,periwinkle partridge,education,p0930,4
1675,periwinkle partridge,education,p0931,2
1676,periwinkle partridge,education,p0933,2
1677,periwinkle partridge,education,p0934,3
1678,periwinkle partridge,education,p0936,4
1679,periwinkle partridge,education,p0938,2
1680,periwinkle partridge,education,p0939,2
1681,periwinkle partridge,education,p0946,4
1682,periwinkle partridge,education,p0951,3
1683,periwinkle partridge,education,p0956,3
1684,periwinkle partridge,education,p0962,2
1685,periwinkle partridge,education,p0963,3
1686,periwinkle partridge,education,p0969,4
1687,periwinkle partridge,education,p0972,3
1688,periwinkle partridge,education,p0975,3
1689,periwinkle partridge,education,p0985,2
1690,periwinkle partridge,education,p0993,2
1691,periwinkle partridge,education,p0996,2
1692,periwinkle partridge,education,p1011,2
1693,periwinkle partridge,education,p1017,2
1694,periwinkle partridge,education,p1020,2
1695,periwinkle partridge,education,p1022,4
1696,periwinkle partridge,education,p1024,1
1697,periwinkle partridge,education,p1027,4
1698,periwinkle partridge,education,p1028,5
1699,periwinkle partridge,education,p1029,2
1700,periwinkle partridge,education,p1032,4
1701,periwinkle partridge,education,p1040,4
1702,periwinkle partridge,education,p1047,3
1703,periwinkle partridge,education,p1048,3
1704,periwinkle partridge,education,p1053,3
1705,periwinkle partridge,education,p1057,3
1706,periwinkle partridge,education,p1058,4
1707,periwinkle partridge,education,p1063,4
1708,periwinkle partridge,education,p1064,2
1709,periwinkle partridge,education,p1065,3
1710,periwinkle partridge,education,p1069,3
1711,periwinkle partridge,education,p1072,3
1712,periwinkle partridge,education,p1073,4
1713,periwinkle partridge,education,p1075,3
1714,periwinkle partridge,education,p1076,2
1715,periwinkle partridge,education,p1083,2
1716,periwinkle partridge,education,p1089,4
1717,periwinkle partridge,education,p1093,4
1718,periwinkle partridge,education,p1096,4
1719,periwinkle partridge,education,p1100,4
1720,periwinkle partridge,education,p1106,5
1721,periwinkle partridge,education,p1107,1
1722,periwinkle partridge,education,p1113,3
1723,periwinkle partridge,education,p1117,1
1724,periwinkle partridge,education,p1120,3
1725,periwinkle partridge,education,p1134,4
1726,periwinkle partridge,education,p1136,2
1727,periwinkle partridge,education,p1138,4
1728,periwinkle partridge,education,p1144,3
1729,periwinkle partridge,education,p1145,5
1730,periwinkle partridge,education,p1147,5
1731,periwinkle partridge,education,p1148,4
1732,periwinkle partridge,education,p1154,3
1733,periwinkle partridge,education,p1159,2
1734,periwinkle partridge,education,p1167,5
1735,periwinkle partridge,education,p1175,3
1736,periwinkle partridge,education,p1178,4
1737,periwinkle partridge,education,p1184,4
1738,periwinkle partridge,education,p1186,4
1739,periwinkle partridge,education,p1196,2
1740,periwinkle partridge,education,p1197,3
1741,periwinkle partridge,education,p1203,4
1742,periwinkle partridge,education,p1219,2
1743,periwinkle partridge,education,p1225,5
1744,periwinkle partridge,education,p1234,3
1745,periwinkle partridge,education,p1242,3
1746,periwinkle partridge,education,p1244,4
1747,periwinkle partridge,education,p1249,3
1748,periwinkle partridge,education,p1250,4
1749,periwinkle partridge,education,p1256,5
1750,periwinkle partridge,education,p1258,3
1751,periwinkle partridge,education,p1260,2
1752,periwinkle partridge,education,p1262,4
1753,periwinkle partridge,education,p1264,2
1754,periwinkle partridge,education,p1265,5
1755,periwinkle partridge,education,p1269,4
1756,periwinkle partridge,education,p1272,3
1757,periwinkle partridge,education,p1278,4
1758,periwinkle partridge,education,p1281,3
1759,periwinkle partridge,education,p1292,4
1760,periwinkle partridge,education,p1299,2
1761,periwinkle partridge,education,p1312,2
1762,periwinkle partridge,education,p1322,3
1763,periwinkle partridge,education,p1326,4
1764,periwinkle partridge,education,p1330,3
1765,periwinkle partridge,education,p1335,3
1766,periwinkle partridge,education,p1337,4
1767,periwinkle partridge,education,p1340,4
1768,periwinkle partridge,education,p1345,2
1769,periwinkle partridge,education,p1351,3
1770,periwinkle partridge,education,p1355,2
1771,periwinkle partridge,education,p1362,2
1772,periwinkle partridge,education,p1365,4
1773,periwinkle partridge,education,p1366,3
1774,periwinkle partridge,education,p1367,3
1775,periwinkle partridge,education,p1370,2
1776,periwinkle partridge,education,p1371,4
1777,periwinkle partridge,education,p1373,3
1778,periwinkle partridge,education,p1375,4
1779,periwinkle partridge,education,p1376,3
1780,periwinkle partridge,education,p1379,5
1781,periwinkle partridge,education,p1381,2
1782,periwinkle partridge,education,p1393,5
1783,periwinkle partridge,education,p1396,4
1784,periwinkle partridge,education,p1398,5
1785,periwinkle partridge,education,p1404,2
1786,periwinkle partridge,education,p1406,2
1787,periwinkle partridge,education,p1407,2
1788,periwinkle partridge,education,p1409,4
1789,periwinkle partridge,education,p1412,2
1790,periwinkle partridge,education,p1414,5
1791,periwinkle partridge,education,p1424,2
1792,periwinkle partridge,education,p1425,3
1793,periwinkle partridge,education,p1429,3
1794,periwinkle partridge,education,p1434,4
1795,periwinkle partridge,education,p1441,2
1796,periwinkle partridge,education,p1445,2
1797,periwinkle partridge,education,p1450,2
1798,periwinkle partridge,education,p1454,5
1799,periwinkle partridge,education,p1456,4
1800,periwinkle partridge,education,p1457,3
1801,periwinkle partridge,education,p1458,5
1802,periwinkle partridge,education,p1469,3
1803,periwinkle partridge,education,p1470,4
1804,periwinkle partridge,education,p1481,4
1805,periwinkle partridge,education,p1488,4
1806,periwinkle partridge,education,p1492,5
1807,periwinkle partridge,education,p1495,2
1808,periwinkle partridge,education,p1497,2
1809,periwinkle partridge,education,p1499,4
1810,periwinkle partridge,education,p1503,4
1811,periwinkle partridge,education,p1511,4
1812,periwinkle partridge,education,p1512,2
1813,periwinkle partridge,education,p1518,3
1814,periwinkle partridge,education,p1519,4
1815,periwinkle partridge,education,p1520,3
1816,periwinkle partridge,education,p1524,2
1817,periwinkle partridge,education,p1526,5
1818,periwinkle partridge,education,p1537,2
1819,periwinkle partridge,education,p1545,3
1820,periwinkle partridge,education,p1547,2
1821,periwinkle partridge,education,p1552,4
1822,periwinkle partridge,education,p1567,4
1823,periwinkle partridge,education,p1568,3
1824,periwinkle partridge,education,p1579,2
1825,periwinkle partridge,education,p1587,1
1826,periwinkle partridge,education,p1596,2
1827,periwinkle partridge,education,p1600,4
1828,periwinkle partridge,education,p1603,3
1829,periwinkle partridge,education,p1604,2
1830,periwinkle partridge,education,p1610,2
1831,periwinkle partridge,education,p1618,4
1832,periwinkle partridge,education,p1619,5
1833,periwinkle partridge,education,p1622,5
1834,periwinkle partridge,education,p1623,4
1835,periwinkle partridge,education,p1630,4
1836,periwinkle partridge,education,p1641,4
1837,periwinkle partridge,education,p1649,3
1838,periwinkle partridge,education,p1652,4
1839,periwinkle partridge,education,p1665,4
1840,periwinkle partridge,education,p1669,4
1841,periwinkle partridge,education,p1685,4
1842,periwinkle partridge,education,p1693,3
1843,periwinkle partridge,education,p1698,5
1844,periwinkle partridge,education,p1704,5
1845,periwinkle partridge,education,p1711,4
1846,periwinkle partridge,education,p1718,2
1847,periwinkle partridge,education,p1732,2
1848,periwinkle partridge,education,p1739,4
1849,periwinkle partridge,education,p1741,4
1850,periwinkle partridge,education,p1746,2
1851,periwinkle partridge,education,p1751,3
1852,periwinkle partridge,education,p1754,2
1853,periwinkle partridge,education,p1769,4
1854,periwinkle partridge,education,p1771,2
1855,periwinkle partridge,education,p1776,1
1856,periwinkle partridge,education,p1780,4
1857,periwinkle partridge,education,p1785,3
1858,periwinkle partridge,education,p1791,5
1859,periwinkle partridge,education,p1793,6
1860,periwinkle partridge,education,p1796,4
1861,periwinkle partridge,education,p1805,3
1862,periwinkle partridge,education,p1812,3
1863,periwinkle partridge,education,p1816,3
1864,periwinkle partridge,education,p1819,5
1865,periwinkle partridge,education,p1825,5
1866,periwinkle partridge,education,p1836,4
1867,periwinkle partridge,education,p1839,2
1868,periwinkle partridge,education,p1861,4
1869,periwinkle partridge,education,p1863,5
1870,periwinkle partridge,education,p1873,5
1871,periwinkle partridge,education,p1875,2
1872,periwinkle partridge,education,p1876,4
1873,periwinkle partridge,education,p1877,4
1874,periwinkle partridge,education,p1880,2
1875,periwinkle partridge,education,p1883,2
1876,periwinkle partridge,education,p1889,4
1877,periwinkle partridge,education,p1893,3
1878,periwinkle partridge,education,p1896,4
1879,periwinkle partridge,education,p1913,3
1880,periwinkle partridge,education,p1922,5
1881,periwinkle partridge,education,p1930,4
1882,periwinkle partridge,education,p1935,3
1883,periwinkle partridge,education,p1940,5
1884,periwinkle partridge,education,p1948,4
1885,periwinkle partridge,education,p1950,2
1886,periwinkle partridge,education,p1954,3
1887,periwinkle partridge,education,p1956,3
1888,periwinkle partridge,education,p1958,3
1889,periwinkle partridge,education,p1967,5
1890,periwinkle partridge,education,p1973,5
1891,periwinkle partridge,education,p1978,3
1892,periwinkle partridge,education,p1983,5
1893,periwinkle partridge,education,p1984,3
1894,periwinkle partridge,education,p1995,3
1895,periwinkle partridge,education,p1996,3
1896,periwinkle partridge,education,p1997,4
1897,periwinkle partridge,education,p2001,2
1898,periwinkle partridge,education,p2002,3
1899,periwinkle partridge,education,p2013,5
1900,periwinkle partridge,education,p2014,2
1901,periwinkle partridge,education,p2016,5
1902,periwinkle partridge,education,p2018,2
1903,periwinkle partridge,education,p2023,3
1904,periwinkle partridge,education,p2025,4
1905,periwinkle partridge,education,p2028,3
1906,periwinkle partridge,education,p2030,3
1907,periwinkle partridge,education,p2033,3
1908,periwinkle partridge,education,p2040,5
1909,periwinkle partridge,education,p2051,3
1910,periwinkle partridge,education,p2052,4
1911,periwinkle partridge,education,p2066,2
1912,periwinkle partridge,education,p2067,3
1913,periwinkle partridge,education,p2073,4
1914,periwinkle partridge,education,p2077,3
1915,periwinkle partridge,education,p2078,5
1916,periwinkle partridge,education,p2086,4
1917,periwinkle partridge,education,p2089,4
1918,periwinkle partridge,education,p2093,4
1919,periwinkle partridge,education,p2094,3
1920,periwinkle partridge,education,p2111,2
1921,periwinkle partridge,education,p2117,4
1922,periwinkle partridge,education,p2121,4
1923,periwinkle partridge,education,p2127,3
1924,periwinkle partridge,education,p2141,4
1925,periwinkle partridge,education,p2142,3
1926,periwinkle partridge,education,p2143,4
1927,periwinkle partridge,education,p2153,4
1928,periwinkle partridge,education,p2155,3
1929,periwinkle partridge,education,p2169,3
1930,periwinkle partridge,education,p2187,4
1931,periwinkle partridge,education,p2188,4
1932,periwinkle partridge,education,p2197,3
1933,periwinkle partridge,education,p2213,3
1934,periwinkle partridge,education,p2214,3
1935,periwinkle partridge,education,p2215,4
1936,periwinkle partridge,education,p2220,5
1937,periwinkle partridge,education,p2223,3
1938,periwinkle partridge,education,p2229,4
1939,periwinkle partridge,education,p2234,3
1940,periwinkle partridge,education,p2237,5
1941,periwinkle partridge,education,p2238,5
1942,periwinkle partridge,education,p2244,4
1943,periwinkle partridge,education,p2248,2
1944,periwinkle partridge,education,p2252,4
1945,periwinkle partridge,education,p2255,2
1946,periwinkle partridge,education,p2261,3
1947,periwinkle partridge,education,p2263,3
1948,periwinkle partridge,education,p2273,5
1949,periwinkle partridge,education,p2275,3
1950,periwinkle partridge,education,p2276,4
1951,periwinkle partridge,education,p2283,3
1952,periwinkle partridge,education,p2287,2
1953,periwinkle partridge,education,p2296,3
1954,periwinkle partridge,education,p2298,3
1955,periwinkle partridge,education,p2304,4
1956,periwinkle partridge,education,p2310,2
1957,periwinkle partridge,education,p2322,2
1958,periwinkle partridge,education,p2326,4
1959,periwinkle partridge,education,p2330,3
1960,periwinkle partridge,education,p2331,3
1961,periwinkle partridge,education,p2333,2
1962,periwinkle partridge,education,p2347,2
1963,periwinkle partridge,education,p2350,3
1964,periwinkle partridge,education,p2351,4
1965,periwinkle partridge,education,p2353,3
1966,periwinkle partridge,education,p2355,1
1967,periwinkle partridge,education,p2363,1
1968,periwinkle partridge,education,p2378,4
1969,periwinkle partridge,education,p2380,3
1970,periwinkle partridge,education,p2387,3
1971,periwinkle partridge,education,p2398,2
1972,periwinkle partridge,education,p2400,3
1973,periwinkle partridge,education,p2403,5
1974,periwinkle partridge,education,p2408,3
1975,periwinkle partridge,education,p2418,2
1976,periwinkle partridge,education,p2426,3
1977,periwinkle partridge,education,p2428,2
1978,periwinkle partridge,education,p2434,5
1979,periwinkle partridge,education,p2446,3
1980,periwinkle partridge,education,p2452,2
1981,periwinkle partridge,education,p2454,2
1982,periwinkle partridge,education,p2462,3
1983,periwinkle partridge,education,p2467,4
1984,periwinkle partridge,education,p2482,3
1985,periwinkle partridge,education,p2489,3
1986,periwinkle partridge,education,p2490,2
1987,periwinkle partridge,education,p2494,3
1988,periwinkle partridge,education,p2502,4
1989,periwinkle partridge,education,p2503,3
1990,periwinkle partridge,education,p2522,3
1991,periwinkle partridge,education,p2524,3
1992,periwinkle partridge,education,p2533,1
1993,periwinkle partridge,education,p2566,3
1994,periwinkle partridge,education,p2571,3
1995,periwinkle partridge,education,p2573,1
1996,periwinkle partridge,education,p2582,4
1997,periwinkle partridge,education,p2591,2
1998,periwinkle partridge,education,p2592,3
1999,periwinkle partridge,education,p2595,4
2000,periwinkle partridge,income,p0016,3
2001,periwinkle partridge,income,p0022,4
2002,periwinkle partridge,income,p0023,4
2003,periwinkle partridge,income,p0026,4
2004,periwinkle partridge,income,p0034,3
2005,periwinkle partridge,income,p0036,3
2006,periwinkle partridge,income,p0037,4
2007,periwinkle partridge,income,p0042,3
2008,periwinkle partridge,income,p0057,3
2009,periwinkle partridge,income,p0066,4
2010,periwinkle partridge,income,p0069,1
2011,periwinkle partridge,income,p0072,4
2012,periwinkle partridge,income,p0073,4
2013,periwinkle partridge,income,p0082,4
2014,periwinkle partridge,income,p0091,4
2015,periwinkle partridge,income,p0092,2
2016,periwinkle partridge,income,p0093,4
2017,periwinkle partridge,income,p0095,3
2018,periwinkle partridge,income,p0107,3
2019,periwinkle partridge,income,p0114,3
2020,periwinkle partridge,income,p0116,3
2021,periwinkle partridge,income,p0118,3
2022,periwinkle partridge,income,p0119,3
2023,periwinkle partridge,income,p0126,3
2024,periwinkle partridge,income,p0129,4
2025,periwinkle partridge,income,p0136,3
2026,periwinkle partridge,income,p0138,3
2027,periwinkle partridge,income,p0144,3
2028,periwinkle partridge,income,p0150,1
2029,periwinkle partridge,income,p0152,3
2030,periwinkle partridge,income,p0158,2
2031,periwinkle partridge,income,p0161,4
2032,periwinkle partridge,income,p0164,3
2033,periwinkle partridge,income,p0175,4
2034,periwinkle partridge,income,p0177,4
2035,periwinkle partridge,income,p0178,4
2036,periwinkle partridge,income,p0181,4
2037,periwinkle partridge,income,p0186,2
2038,periwinkle partridge,income,p0196,4
2039,periwinkle partridge,income,p0198,4
2040,periwinkle partridge,income,p0202,3
2041,periwinkle partridge,income,p0205,4
2042,periwinkle partridge,income,p0207,3
2043,periwinkle partridge,income,p0211,3
2044,periwinkle partridge,income,p0227,4
2045,periwinkle partridge,income,p0229,3
2046,periwinkle partridge,income,p0232,4
2047,periwinkle partridge,income,p0233,2
2048,periwinkle partridge,income,p0237,3
2049,periwinkle partridge,income,p0258,3
2050,periwinkle partridge,income,p0268,2
2051,periwinkle partridge,income,p0274,3
2052,periwinkle partridge,income,p0275,2
2053,periwinkle partridge,income,p0277,1
2054,periwinkle partridge,income,p0288,3
2055,periwinkle partridge,income,p0291,3
2056,periwinkle partridge,income,p0307,1
2057,periwinkle partridge,income,p0308,3
2058,periwinkle partridge,income,p0317,4
2059,periwinkle partridge,income,p0325,4
2060,periwinkle partridge,income,p0327,4
2061,periwinkle partridge,income,p0334,4
2062,periwinkle partridge,income,p0336,4
2063,periwinkle partridge,income,p0338,2
2064,periwinkle partridge,income,p0342,4
2065,periwinkle partridge,income,p0349,3
2066,periwinkle partridge,income,p0356,3
2067,periwinkle partridge,income,p0358,1
2068,periwinkle partridge,income,p0363,3
2069,periwinkle partridge,income,p0364,4
2070,periwinkle partridge,income,p0369,4
2071,periwinkle partridge,income,p0370,2
2072,periwinkle partridge,income,p0371,3
2073,periwinkle partridge,income,p0379,3
2074,periwinkle partridge,income,p0386,3
2075,periwinkle partridge,income,p0396,3
2076,periwinkle partridge,income,p0403,2
2077,periwinkle partridge,income,p0405,4
2078,periwinkle partridge,income,p0412,4
2079,periwinkle partridge,income,p0415,4
2080,periwinkle partridge,income,p0416,4
2081,periwinkle partridge,income,p0417,3
2082,periwinkle partridge,income,p0418,3
2083,periwinkle partridge,income,p0430,4
2084,periwinkle partridge,income,p0431,4
2085,periwinkle partridge,income,p0434,3
2086,periwinkle partridge,income,p0438,4
2087,periwinkle partridge,income,p0441,4
2088,periwinkle partridge,income,p0442,2
2089,periwinkle partridge,income,p0449,4
2090,periwinkle partridge,income,p0450,4
2091,periwinkle partridge,income,p0465,4
2092,periwinkle partridge,income,p0471,3
2093,periwinkle partridge,income,p0477,3
2094,periwinkle partridge,income,p0483,3
2095,periwinkle partridge,income,p0486,3
2096,periwinkle partridge,income,p0487,3
2097,periwinkle partridge,income,p0489,4
2098,periwinkle partridge,income,p0497,4
2099,periwinkle partridge,income,p0502,4
2100,periwinkle partridge,income,p0503,2
2101,periwinkle partridge,income,p0506,3
2102,periwinkle partridge,income,p0511,4
2103,periwinkle partridge,income,p0523,2
2104,periwinkle partridge,income,p0534,4
2105,periwinkle partridge,income,p0536,3
2106,periwinkle partridge,income,p0542,4
2107,periwinkle partridge,income,p0547,3
2108,periwinkle partridge,income,p0553,4
2109,periwinkle partridge,income,p0559,4
2110,periwinkle partridge,income,p0566,4
2111,periwinkle partridge,income,p0568,3
2112,periwinkle partridge,income,p0570,2
2113,periwinkle partridge,income,p0573,3
2114,periwinkle partridge,income,p0578,2
2115,periwinkle partridge,income,p0594,3
2116,periwinkle partridge,income,p0597,2
2117,periwinkle partridge,income,p0601,3
2118,periwinkle partridge,income,p0602,2
2119,periwinkle partridge,income,p0605,3
2120,periwinkle partridge,income,p0615,2
2121,periwinkle partridge,income,p0620,3
2122,periwinkle partridge,income,p0626,3
2123,periwinkle partridge,income,p0629,4
2124,periwinkle partridge,income,p0633,2
2125,periwinkle partridge,income,p0638,3
2126,periwinkle partridge,income,p0639,4
2127,periwinkle partridge,income,p0640,3
2128,periwinkle partridge,income,p0655,4
2129,periwinkle partridge,income,p0656,3
2130,periwinkle partridge,income,p0658,4
2131,periwinkle partridge,income,p0661,3
2132,periwinkle partridge,income,p0669,3
2133,periwinkle partridge,income,p0670,2
2134,periwinkle partridge,income,p0672,3
2135,periwinkle partridge,income,p0674,3
2136,periwinkle partridge,income,p0678,4
2137,periwinkle partridge,income,p0683,3
2138,periwinkle partridge,income,p0686,3
2139,periwinkle partridge,income,p0687,3
2140,periwinkle partridge,income,p0698,2
2141,periwinkle partridge,income,p0700,4
2142,periwinkle partridge,income,p0703,3
2143,periwinkle partridge,income,p0718,2
2144,periwinkle partridge,income,p0744,4
2145,periwinkle partridge,income,p0745,4
2146,periwinkle partridge,income,p0753,2
2147,periwinkle partridge,income,p0770,4
2148,periwinkle partridge,income,p0771,3
2149,periwinkle partridge,income,p0777,4
2150,periwinkle partridge,income,p0779,4
2151,periwinkle partridge,income,p0780,1
2152,periwinkle partridge,income,p0783,3
2153,periwinkle partridge,income,p0785,4
2154,periwinkle partridge,income,p0786,3
2155,periwinkle partridge,income,p0794,4
2156,periwinkle partridge,income,p0798,4
2157,periwinkle partridge,income,p0800,3
2158,periwinkle partridge,income,p0820,2
2159,periwinkle partridge,income,p0841,3
2160,periwinkle partridge,income,p0849,3
2161,periwinkle partridge,income,p0862,3
2162,periwinkle partridge,income,p0867,4
2163,periwinkle partridge,income,p0869,4
2164,periwinkle partridge,income,p0872,3
2165,periwinkle partridge,income,p0880,2
2166,periwinkle partridge,income,p0891,3
2167,periwinkle partridge,income,p0916,3
2168,periwinkle partridge,income,p0917,4
2169,periwinkle partridge,income,p0919,3
2170,periwinkle partridge,income,p0922,2
2171,periwinkle partridge,income,p0925,2
2172,periwinkle partridge,income,p0927,4
2173,periwinkle partridge,income,p0929,2
2174,periwinkle partridge,income,p0930,4
2175,periwinkle partridge,income,p0931,2
2176,periwinkle partridge,income,p0933,2
2177,periwinkle partridge,income,p0934,4
2178,periwinkle partridge,income,p0936,3
2179,periwinkle partridge,income,p0938,3
2180,periwinkle partridge,income,p0939,2
2181,periwinkle partridge,income,p0946,4
2182,periwinkle partridge,income,p0951,2
2183,periwinkle partridge,income,p0956,3
2184,periwinkle partridge,income,p0962,3
2185,periwinkle partridge,income,p0963,3
2186,periwinkle partridge,income,p0969,5
2187,periwinkle partridge,income,p0972,3
2188,periwinkle partridge,income,p0975,4
2189,periwinkle partridge,income,p0985,2
2190,periwinkle partridge,income,p0993,1
2191,periwinkle partridge,income,p0996,3
2192,periwinkle partridge,income,p1011,3
2193,periwinkle partridge,income,p1017,4
2194,periwinkle partridge,income,p1020,3
2195,periwinkle partridge,income,p1022,3
2196,periwinkle partridge,income,p1024,2
2197,periwinkle partridge,income,p1027,3
2198,periwinkle partridge,income,p1028,4
2199,periwinkle partridge,income,p1029,2
2200,periwinkle partridge,income,p1032,3
2201,periwinkle partridge,income,p1040,3
2202,periwinkle partridge,income,p1047,4
2203,periwinkle partridge,income,p1048,2
2204,periwinkle partridge,income,p1053,2
2205,periwinkle partridge,income,p1057,3
2206,periwinkle partridge,income,p1058,4
2207,periwinkle partridge,income,p1063,4
2208,periwinkle partridge,income,p1064,3
2209,periwinkle partridge,income,p1065,3
2210,periwinkle partridge,income,p1069,3
2211,periwinkle partridge,income,p1072,3
2212,periwinkle partridge,income,p1073,3
2213,periwinkle partridge,income,p1075,3
2214,periwinkle partridge,income,p1076,2
2215,periwinkle partridge,income,p1083,3
2216,periwinkle partridge,income,p1089,4
2217,periwinkle partridge,income,p1093,3
2218,periwinkle partridge,income,p1096,4
2219,periwinkle partridge,income,p1100,4
2220,periwinkle partridge,income,p1106,2
2221,periwinkle partridge,income,p1107,2
2222,periwinkle partridge,income,p1113,2
2223,periwinkle partridge,income,p1117,3
2224,periwinkle partridge,income,p1120,4
2225,periwinkle partridge,income,p1134,4
2226,periwinkle partridge,income,p1136,3
2227,periwinkle partridge,income,p1138,3
2228,periwinkle partridge,income,p1144,3
2229,periwinkle partridge,income,p1145,4
2230,periwinkle partridge,income,p1147,4
2231,periwinkle partridge,income,p1148,3
2232,periwinkle partridge,income,p1154,3
2233,periwinkle partridge,income,p1159,4
2234,periwinkle partridge,income,p1167,3
2235,periwinkle partridge,income,p1175,2
2236,periwinkle partridge,income,p1178,3
2237,periwinkle partridge,income,p1184,3
2238,periwinkle partridge,income,p1186,3
2239,periwinkle partridge,income,p1196,2
2240,periwinkle partridge,income,p1197,3
2241,periwinkle partridge,income,p1203,3
2242,periwinkle partridge,income,p1219,2
2243,periwinkle partridge,income,p1225,4
2244,periwinkle partridge,income,p1234,2
2245,periwinkle partridge,income,p1242,3
2246,periwinkle partridge,income,p1244,3
2247,periwinkle partridge,income,p1249,3
2248,periwinkle partridge,income,p1250,3
2249,periwinkle partridge,income,p1256,4
2250,periwinkle partridge,income,p1258,4
2251,periwinkle partridge,income,p1260,2
2252,periwinkle partridge,income,p1262,4
2253,periwinkle partridge,income,p1264,2
2254,periwinkle partridge,income,p1265,4
2255,periwinkle partridge,income,p1269,3
2256,periwinkle partridge,income,p1272,3
2257,periwinkle partridge,income,p1278,2
2258,periwinkle partridge,income,p1281,2
2259,periwinkle partridge,income,p1292,4
2260,periwinkle partridge,income,p1299,4
2261,periwinkle partridge,income,p1312,3
2262,periwinkle partridge,income,p1322,1
2263,periwinkle partridge,income,p1326,3
2264,periwinkle partridge,income,p1330,2
2265,periwinkle partridge,income,p1335,3
2266,periwinkle partridge,income,p1337,4
2267,periwinkle partridge,income,p1340,4
2268,periwinkle partridge,income,p1345,3
2269,periwinkle partridge,income,p1351,3
2270,periwinkle partridge,income,p1355,3
2271,periwinkle partridge,income,p1362,4
2272,periwinkle partridge,income,p1365,3
2273,periwinkle partridge,income,p1366,3
2274,periwinkle partridge,income,p1367,3
2275,periwinkle partridge,income,p1370,3
2276,periwinkle partridge,income,p1371,5
2277,periwinkle partridge,income,p1373,4
2278,periwinkle partridge,income,p1375,4
2279,periwinkle partridge,income,p1376,1
2280,periwinkle partridge,income,p1379,3
2281,periwinkle partridge,income,p1381,3
2282,periwinkle partridge,income,p1393,4
2283,periwinkle partridge,income,p1396,3
2284,periwinkle partridge,income,p1398,4
2285,periwinkle partridge,income,p1404,1
2286,periwinkle partridge,income,p1406,3
2287,periwinkle partridge,income,p1407,2
2288,periwinkle partridge,income,p1409,4
2289,periwinkle partridge,income,p1412,2
2290,periwinkle partridge,income,p1414,4
2291,periwinkle partridge,income,p1424,4
2292,periwinkle partridge,income,p1425,4
2293,periwinkle partridge,income,p1429,3
2294,periwinkle partridge,income,p1434,4
2295,periwinkle partridge,income,p1441,2
2296,periwinkle partridge,income,p1445,2
2297,periwinkle partridge,income,p1450,3
2298,periwinkle partridge,income,p1454,4
2299,periwinkle partridge,income,p1456,3
2300,periwinkle partridge,income,p1457,1
2301,periwinkle partridge,income,p1458,4
2302,periwinkle partridge,income,p1469,2
2303,periwinkle partridge,income,p1470,4
2304,periwinkle partridge,income,p1481,3
2305,periwinkle partridge,income,p1488,3
2306,periwinkle partridge,income,p1492,3
2307,periwinkle partridge,income,p1495,3
2308,periwinkle partridge,income,p1497,3
2309,periwinkle partridge,income,p1499,4
2310,periwinkle partridge,income,p1503,2
2311,periwinkle partridge,income,p1511,4
2312,periwinkle partridge,income,p1512,1
2313,periwinkle partridge,income,p1518,2
2314,periwinkle partridge,income,p1519,3
2315,periwinkle partridge,income,p1520,1
2316,periwinkle partridge,income,p1524,3
2317,periwinkle partridge,income,p1526,5
2318,periwinkle partridge,income,p1537,3
2319,periwinkle partridge,income,p1545,3
2320,periwinkle partridge,income,p1547,1
2321,periwinkle partridge,income,p1552,5
2322,periwinkle partridge,income,p1567,4
2323,periwinkle partridge,income,p1568,3
2324,periwinkle partridge,income,p1579,2
2325,periwinkle partridge,income,p1587,1
2326,periwinkle partridge,income,p1596,3
2327,periwinkle partridge,income,p1600,4
2328,periwinkle partridge,income,p1603,2
2329,periwinkle partridge,income,p1604,3
2330,periwinkle partridge,income,p1610,2
2331,periwinkle partridge,income,p1618,3
2332,periwinkle partridge,income,p1619,4
2333,periwinkle partridge,income,p1622,4
2334,periwinkle partridge,income,p1623,3
2335,periwinkle partridge,income,p1630,4
2336,periwinkle partridge,income,p1641,4
2337,periwinkle partridge,income,p1649,2
2338,periwinkle partridge,income,p1652,3
2339,periwinkle partridge,income,p1665,3
2340,periwinkle partridge,income,p1669,4
2341,periwinkle partridge,income,p1685,4
2342,periwinkle partridge,income,p1693,3
2343,periwinkle partridge,income,p1698,4
2344,periwinkle partridge,income,p1704,4
2345,periwinkle partridge,income,p1711,4
2346,periwinkle partridge,income,p1718,3
2347,periwinkle partridge,income,p1732,3
2348,periwinkle partridge,income,p1739,4
2349,periwinkle partridge,income,p1741,4
2350,periwinkle partridge,income,p1746,1
2351,periwinkle partridge,income,p1751,4
2352,periwinkle partridge,income,p1754,1
2353,periwinkle partridge,income,p1769,4
2354,periwinkle partridge,income,p1771,2
2355,periwinkle partridge,income,p1776,2
2356,periwinkle partridge,income,p1780,4
2357,periwinkle partridge,income,p1785,2
2358,periwinkle partridge,income,p1791,3
2359,periwinkle partridge,income,p1793,4
2360,periwinkle partridge,income,p1796,5
2361,periwinkle partridge,income,p1805,3
2362,periwinkle partridge,income,p1812,3
2363,periwinkle partridge,income,p1816,3
2364,periwinkle partridge,income,p1819,4
2365,periwinkle partridge,income,p1825,4
2366,periwinkle partridge,income,p1836,3
2367,periwinkle partridge,income,p1839,4
2368,periwinkle partridge,income,p1861,3
2369,periwinkle partridge,income,p1863,4
2370,periwinkle partridge,income,p1873,4
2371,periwinkle partridge,income,p1875,3
2372,periwinkle partridge,income,p1876,4
2373,periwinkle partridge,income,p1877,2
2374,periwinkle partridge,income,p1880,3
2375,periwinkle partridge,income,p1883,3
2376,periwinkle partridge,income,p1889,1
2377,periwinkle partridge,income,p1893,2
2378,periwinkle partridge,income,p1896,3
2379,periwinkle partridge,income,p1913,4
2380,periwinkle partridge,income,p1922,4
2381,periwinkle partridge,income,p1930,3
2382,periwinkle partridge,income,p1935,4
2383,periwinkle partridge,income,p1940,4
2384,periwinkle partridge,income,p1948,4
2385,periwinkle partridge,income,p1950,2
2386,periwinkle partridge,income,p1954,2
2387,periwinkle partridge,income,p1956,3
2388,periwinkle partridge,income,p1958,3
2389,periwinkle partridge,income,p1967,4
2390,periwinkle partridge,income,p1973,5
2391,periwinkle partridge,income,p1978,4
2392,periwinkle partridge,income,p1983,2
2393,periwinkle partridge,income,p1984,3
2394,periwinkle partridge,income,p1995,3
2395,periwinkle partridge,income,p1996,2
2396,periwinkle partridge,income,p1997,4
2397,periwinkle partridge,income,p2001,3
2398,periwinkle partridge,income,p2002,2
2399,periwinkle partridge,income,p2013,4
2400,periwinkle partridge,income,p2014,3
2401,periwinkle partridge,income,p2016,4
2402,periwinkle partridge,income,p2018,1
2403,periwinkle partridge,income,p2023,3
2404,periwinkle partridge,income,p2025,4
2405,periwinkle partridge,income,p2028,2
2406,periwinkle partridge,income,p2030,3
2407,periwinkle partridge,income,p2033,3
2408,periwinkle partridge,income,p2040,3
2409,periwinkle partridge,income,p2051,3
2410,periwinkle partridge,income,p2052,4
2411,periwinkle partridge,income,p2066,2
2412,periwinkle partridge,income,p2067,3
2413,periwinkle partridge,income,p2073,4
2414,periwinkle partridge,income,p2077,2
2415,periwinkle partridge,income,p2078,4
2416,periwinkle partridge,income,p2086,3
2417,periwinkle partridge,income,p2089,3
2418,periwinkle partridge,income,p2093,3
2419,periwinkle partridge,income,p2094,3
2420,periwinkle partridge,income,p2111,2
2421,periwinkle partridge,income,p2117,4
2422,periwinkle partridge,income,p2121,3
2423,periwinkle partridge,income,p2127,3
2424,periwinkle partridge,income,p2141,3
2425,periwinkle partridge,income,p2142,2
2426,periwinkle partridge,income,p2143,4
2427,periwinkle partridge,income,p2153,1
2428,periwinkle partridge,income,p2155,2
2429,periwinkle partridge,income,p2169,4
2430,periwinkle partridge,income,p2187,3
2431,periwinkle partridge,income,p2188,4
2432,periwinkle partridge,income,p2197,2
2433,periwinkle partridge,income,p2213,3
2434,periwinkle partridge,income,p2214,2
2435,periwinkle partridge,income,p2215,5
2436,periwinkle partridge,income,p2220,3
2437,periwinkle partridge,income,p2223,2
2438,periwinkle partridge,income,p2229,3
2439,periwinkle partridge,income,p2234,3
2440,periwinkle partridge,income,p2237,4
2441,periwinkle partridge,income,p2238,4
2442,periwinkle partridge,income,p2244,2
2443,periwinkle partridge,income,p2248,3
2444,periwinkle partridge,income,p2252,3
2445,periwinkle partridge,income,p2255,1
2446,periwinkle partridge,income,p2261,3
2447,periwinkle partridge,income,p2263,4
2448,periwinkle partridge,income,p2273,3
2449,periwinkle partridge,income,p2275,2
2450,periwinkle partridge,income,p2276,2
2451,periwinkle partridge,income,p2283,1
2452,periwinkle partridge,income,p2287,3
2453,periwinkle partridge,income,p2296,2
2454,periwinkle partridge,income,p2298,3
2455,periwinkle partridge,income,p2304,3
2456,periwinkle partridge,income,p2310,2
2457,periwinkle partridge,income,p2322,2
2458,periwinkle partridge,income,p2326,3
2459,periwinkle partridge,income,p2330,3
2460,periwinkle partridge,income,p2331,3
2461,periwinkle partridge,income,p2333,2
2462,periwinkle partridge,income,p2347,3
2463,periwinkle partridge,income,p2350,2
2464,periwinkle partridge,income,p2351,3
2465,periwinkle partridge,income,p2353,2
2466,periwinkle partridge,income,p2355,2
2467,periwinkle partridge,income,p2363,2
2468,periwinkle partridge,income,p2378,3
2469,periwinkle partridge,income,p2380,2
2470,periwinkle partridge,income,p2387,4
2471,periwinkle partridge,income,p2398,2
2472,periwinkle partridge,income,p2400,4
2473,periwinkle partridge,income,p2403,2
2474,periwinkle partridge,income,p2408,3
2475,periwinkle partridge,income,p2418,2
2476,periwinkle partridge,income,p2426,2
2477,periwinkle partridge,income,p2428,2
2478,periwinkle partridge,income,p2434,3
2479,periwinkle partridge,income,p2446,1
2480,periwinkle partridge,income,p2452,3
2481,periwinkle partridge,income,p2454,2
2482,periwinkle partridge,income,p2462,3
2483,periwinkle partridge,income,p2467,5
2484,periwinkle partridge,income,p2482,3
2485,periwinkle partridge,income,p2489,3
2486,periwinkle partridge,income,p2490,2
2487,periwinkle partridge,income,p2494,2
2488,periwinkle partridge,income,p2502,4
2489,periwinkle partridge,income,p2503,3
2490,periwinkle partridge,income,p2522,3
2491,periwinkle partridge,income,p2524,3
2492,periwinkle partridge,income,p2533,3
2493,periwinkle partridge,income,p2566,3
2494,periwinkle partridge,income,p2571,3
2495,periwinkle partridge,income,p2573,2
2496,periwinkle partridge,income,p2582,4
2497,periwinkle partridge,income,p2591,3
2498,periwinkle partridge,income,p2592,3
2499,periwinkle partridge,income,p2595,2
2500,periwinkle partridge,party,p0016,2
2501,periwinkle partridge,party,p0022,3
2502,periwinkle partridge,party,p0023,3
2503,periwinkle partridge,party,p0026,1
2504,periwinkle partridge,party,p0034,1
2505,periwinkle partridge,party,p0036,2
2506,periwinkle partridge,party,p0037,1
2507,periwinkle partridge,party,p0042,3
2508,periwinkle partridge,party,p0057,3
2509,periwinkle partridge,party,p0066,1
2510,periwinkle partridge,party,p0069,1
2511,periwinkle partridge,party,p0072,1
2512,periwinkle partridge,party,p0073,1
2513,periwinkle partridge,party,p0082,3
2514,periwinkle partridge,party,p0091,3
2515,periwinkle partridge,party,p0092,3
2516,periwinkle partridge,party,p0093,1
2517,periwinkle partridge,party,p0095,3
2518,periwinkle partridge,party,p0107,1
2519,periwinkle partridge,party,p0114,2
2520,periwinkle partridge,party,p0116,1
2521,periwinkle partridge,party,p0118,1
2522,periwinkle partridge,party,p0119,2
2523,periwinkle partridge,party,p0126,2
2524,periwinkle partridge,party,p0129,3
2525,periwinkle partridge,party,p0136,2
2526,periwinkle partridge,party,p0138,2
2527,periwinkle partridge,party,p0144,2
2528,periwinkle partridge,party,p0150,3
2529,periwinkle partridge,party,p0152,1
2530,periwinkle partridge,party,p0158,3
2531,periwinkle partridge,party,p0161,1
2532,periwinkle partridge,party,p0164,1
2533,periwinkle partridge,party,p0175,3
2534,periwinkle partridge,party,p0177,2
2535,periwinkle partridge,party,p0178,3
2536,periwinkle partridge,party,p0181,1
2537,periwinkle partridge,party,p0186,3
2538,periwinkle partridge,party,p0196,3
2539,periwinkle partridge,party,p0198,3
2540,periwinkle partridge,party,p0202,3
2541,periwinkle partridge,party,p0205,2
2542,periwinkle partridge,party,p0207,3
2543,periwinkle partridge,party,p0211,3
2544,periwinkle partridge,party,p0227,2
2545,periwinkle partridge,party,p0229,3
2546,periwinkle partridge,party,p0232,3
2547,periwinkle partridge,party,p0233,2
2548,periwinkle partridge,party,p0237,3
2549,periwinkle partridge,party,p0258,3
2550,periwinkle partridge,party,p0268,3
2551,periwinkle partridge,party,p0274,3
2552,periwinkle partridge,party,p0275,3
2553,periwinkle partridge,party,p0277,2
2554,periwinkle partridge,party,p0288,3
2555,periwinkle partridge,party,p0291,2
2556,periwinkle partridge,party,p0307,1
2557,periwinkle partridge,party,p0308,1
2558,periwinkle partridge,party,p0317,1
2559,periwinkle partridge,party,p0325,2
2560,periwinkle partridge,party,p0327,3
2561,periwinkle partridge,party,p0334,3
2562,periwinkle partridge,party,p0336,3
2563,periwinkle partridge,party,p0338,1
2564,periwinkle partridge,party,p0342,3
2565,periwinkle partridge,party,p0349,1
2566,periwinkle partridge,party,p0356,3
2567,periwinkle partridge,party,p0358,3
2568,periwinkle partridge,party,p0363,2
2569,periwinkle partridge,party,p0364,2
2570,periwinkle partridge,party,p0369,1
2571,periwinkle partridge,party,p0370,2
2572,periwinkle partridge,party,p0371,1
2573,periwinkle partridge,party,p0379,1
2574,periwinkle partridge,party,p0386,3
2575,periwinkle partridge,party,p0396,3
2576,periwinkle partridge,party,p0403,3
2577,periwinkle partridge,party,p0405,3
2578,periwinkle partridge,party,p0412,1
2579,periwinkle partridge,party,p0415,1
2580,periwinkle partridge,party,p0416,2
2581,periwinkle partridge,party,p0417,3
2582,periwinkle partridge,party,p0418,2
2583,periwinkle partridge,party,p0430,3
2584,periwinkle partridge,party,p0431,3
2585,periwinkle partridge,party,p0434,1
2586,periwinkle partridge,party,p0438,3
2587,periwinkle partridge,party,p0441,3
2588,periwinkle partridge,party,p0442,3
2589,periwinkle partridge,party,p0449,1
2590,periwinkle partridge,party,p0450,2
2591,periwinkle partridge,party,p0465,3
2592,periwinkle partridge,party,p0471,1
2593,periwinkle partridge,party,p0477,3
2594,periwinkle partridge,party,p0483,3
2595,periwinkle partridge,party,p0486,1
2596,periwinkle partridge,party,p0487,1
2597,periwinkle partridge,party,p0489,3
2598,periwinkle partridge,party,p0497,1
2599,periwinkle partridge,party,p0502,1
2600,periwinkle partridge,party,p0503,3
2601,periwinkle partridge,party,p0506,2
2602,periwinkle partridge,party,p0511,1
2603,periwinkle partridge,party,p0523,3
2604,periwinkle partridge,party,p0534,1
2605,periwinkle partridge,party,p0536,3
2606,periwinkle partridge,party,p0542,1
2607,periwinkle partridge,party,p0547,2
2608,periwinkle partridge,party,p0553,3
2609,periwinkle partridge,party,p0559,2
2610,periwinkle partridge,party,p0566,2
2611,periwinkle partridge,party,p0568,2
2612,periwinkle partridge,party,p0570,3
2613,periwinkle partridge,party,p0573,1
2614,periwinkle partridge,party,p0578,3
2615,periwinkle partridge,party,p0594,2
2616,periwinkle partridge,party,p0597,3
2617,periwinkle partridge,party,p0601,1
2618,periwinkle partridge,party,p0602,3
2619,periwinkle partridge,party,p0605,2
2620,periwinkle partridge,party,p0615,3
2621,periwinkle partridge,party,p0620,3
2622,periwinkle partridge,party,p0626,3
2623,periwinkle partridge,party,p0629,3
2624,periwinkle partridge,party,p0633,2
2625,periwinkle partridge,party,p0638,3
2626,periwinkle partridge,party,p0639,1
2627,periwinkle partridge,party,p0640,1
2628,periwinkle partridge,party,p0655,1
2629,periwinkle partridge,party,p0656,3
2630,periwinkle partridge,party,p0658,1
2631,periwinkle partridge,party,p0661,2
2632,periwinkle partridge,party,p0669,2
2633,periwinkle partridge,party,p0670,3
2634,periwinkle partridge,party,p0672,3
2635,periwinkle partridge,party,p0674,3
2636,periwinkle partridge,party,p0678,3
2637,periwinkle partridge,party,p0683,3
2638,periwinkle partridge,party,p0686,1
2639,periwinkle partridge,party,p0687,3
2640,periwinkle partridge,party,p0698,1
2641,periwinkle partridge,party,p0700,2
2642,periwinkle partridge,party,p0703,2
2643,periwinkle partridge,party,p0718,1
2644,periwinkle partridge,party,p0744,3
2645,periwinkle partridge,party,p0745,1
2646,periwinkle partridge,party,p0753,2
2647,periwinkle partridge,party,p0770,2
2648,periwinkle partridge,party,p0771,3
2649,periwinkle partridge,party,p0777,3
2650,periwinkle partridge,party,p0779,1
2651,periwinkle partridge,party,p0780,1
2652,periwinkle partridge,party,p0783,1
2653,periwinkle partridge,party,p0785,1
2654,periwinkle partridge,party,p0786,2
2655,periwinkle partridge,party,p0794,1
2656,periwinkle partridge,party,p0798,1
2657,periwinkle partridge,party,p0800,3
2658,periwinkle partridge,party,p0820,3
2659,periwinkle partridge,party,p0841,1
2660,periwinkle partridge,party,p0849,2
2661,periwinkle partridge,party,p0862,3
2662,periwinkle partridge,party,p0867,3
2663,periwinkle partridge,party,p0869,3
2664,periwinkle partridge,party,p0872,3
2665,periwinkle partridge,party,p0880,3
2666,periwinkle partridge,party,p0891,1
2667,periwinkle partridge,party,p0916,3
2668,periwinkle partridge,party,p0917,1
2669,periwinkle partridge,party,p0919,3
2670,periwinkle partridge,party,p0922,1
2671,periwinkle partridge,party,p0925,1
2672,periwinkle partridge,party,p0927,3
2673,periwinkle partridge,party,p0929,3
2674,periwinkle partridge,party,p0930,1
2675,periwinkle partridge,party,p0931,1
2676,periwinkle partridge,party,p0933,3
2677,periwinkle partridge,party,p0934,1
2678,periwinkle partridge,party,p0936,3
2679,periwinkle partridge,party,p0938,3
2680,periwinkle partridge,party,p0939,2
2681,periwinkle partridge,party,p0946,2
2682,periwinkle partridge,party,p0951,3
2683,periwinkle partridge,party,p0956,1
2684,periwinkle partridge,party,p0962,1
2685,periwinkle partridge,party,p0963,1
2686,periwinkle partridge,party,p0969,1
2687,periwinkle partridge,party,p0972,2
2688,periwinkle partridge,party,p0975,1
2689,periwinkle partridge,party,p0985,2
2690,periwinkle partridge,party,p0993,3
2691,periwinkle partridge,party,p0996,3
2692,periwinkle partridge,party,p1011,1
2693,periwinkle partridge,party,p1017,2
2694,periwinkle partridge,party,p1020,1
2695,periwinkle partridge,party,p1022,3
2696,periwinkle partridge,party,p1024,1
2697,periwinkle partridge,party,p1027,3
2698,periwinkle partridge,party,p1028,3
2699,periwinkle partridge,party,p1029,2
2700,periwinkle partridge,party,p1032,2
2701,periwinkle partridge,party,p1040,2
2702,periwinkle partridge,party,p1047,2
2703,periwinkle partridge,party,p1048,3
2704,periwinkle partridge,party,p1053,3
2705,periwinkle partridge,party,p1057,1
2706,periwinkle partridge,party,p1058,1
2707,periwinkle partridge,party,p1063,1
2708,periwinkle partridge,party,p1064,3
2709,periwinkle partridge,party,p1065,1
2710,periwinkle partridge,party,p1069,3
2711,periwinkle partridge,party,p1072,2
2712,periwinkle partridge,party,p1073,3
2713,periwinkle partridge,party,p1075,2
2714,periwinkle partridge,party,p1076,2
2715,periwinkle partridge,party,p1083,1
2716,periwinkle partridge,party,p1089,3
2717,periwinkle partridge,party,p1093,3
2718,periwinkle partridge,party,p1096,2
2719,periwinkle partridge,party,p1100,2
2720,periwinkle partridge,party,p1106,3
2721,periwinkle partridge,party,p1107,2
2722,periwinkle partridge,party,p1113,1
2723,periwinkle partridge,party,p1117,1
2724,periwinkle partridge,party,p1120,1
2725,periwinkle partridge,party,p1134,2
2726,periwinkle partridge,party,p1136,1
2727,periwinkle partridge,party,p1138,1
2728,periwinkle partridge,party,p1144,1
2729,periwinkle partridge,party,p1145,3
2730,periwinkle partridge,party,p1147,3
2731,periwinkle partridge,party,p1148,3
2732,periwinkle partridge,party,p1154,3
2733,periwinkle partridge,party,p1159,3
2734,periwinkle partridge,party,p1167,3
2735,periwinkle partridge,party,p1175,3
2736,periwinkle partridge,party,p1178,3
2737,periwinkle partridge,party,p1184,1
2738,periwinkle partridge,party,p1186,3
2739,periwinkle partridge,party,p1196,1
2740,periwinkle partridge,party,p1197,3
2741,periwinkle partridge,party,p1203,3
2742,periwinkle partridge,party,p1219,3
2743,periwinkle partridge,party,p1225,1
2744,periwinkle partridge,party,p1234,2
2745,periwinkle partridge,party,p1242,1
2746,periwinkle partridge,party,p1244,3
2747,periwinkle partridge,party,p1249,2
2748,periwinkle partridge,party,p1250,2
2749,periwinkle partridge,party,p1256,1
2750,periwinkle partridge,party,p1258,1
2751,periwinkle partridge,party,p1260,2
2752,periwinkle partridge,party,p1262,1
2753,periwinkle partridge,party,p1264,2
2754,periwinkle partridge,party,p1265,2
2755,periwinkle partridge,party,p1269,1
2756,periwinkle partridge,party,p1272,1
2757,periwinkle partridge,party,p1278,3
2758,periwinkle partridge,party,p1281,3
2759,periwinkle partridge,party,p1292,1
2760,periwinkle partridge,party,p1299,1
2761,periwinkle partridge,party,p1312,2
2762,periwinkle partridge,party,p1322,3
2763,periwinkle partridge,party,p1326,2
2764,periwinkle partridge,party,p1330,3
2765,periwinkle partridge,party,p1335,1
2766,periwinkle partridge,party,p1337,1
2767,periwinkle partridge,party,p1340,1
2768,periwinkle partridge,party,p1345,1
2769,periwinkle partridge,party,p1351,3
2770,periwinkle partridge,party,p1355,1
2771,periwinkle partridge,party,p1362,1
2772,periwinkle partridge,party,p1365,1
2773,periwinkle partridge,party,p1366,2
2774,periwinkle partridge,party,p1367,1
2775,periwinkle partridge,party,p1370,1
2776,periwinkle partridge,party,p1371,1
2777,periwinkle partridge,party,p1373,1
2778,periwinkle partridge,party,p1375,1
2779,periwinkle partridge,party,p1376,3
2780,periwinkle partridge,party,p1379,3
2781,periwinkle partridge,party,p1381,3
2782,periwinkle partridge,party,p1393,1
2783,periwinkle partridge,party,p1396,3
2784,periwinkle partridge,party,p1398,1
2785,periwinkle partridge,party,p1404,3
2786,periwinkle partridge,party,p1406,1
2787,periwinkle partridge,party,p1407,2
2788,periwinkle partridge,party,p1409,2
2789,periwinkle partridge,party,p1412,2
2790,periwinkle partridge,party,p1414,3
2791,periwinkle partridge,party,p1424,1
2792,periwinkle partridge,party,p1425,1
2793,periwinkle partridge,party,p1429,1
2794,periwinkle partridge,party,p1434,1
2795,periwinkle partridge,party,p1441,3
2796,periwinkle partridge,party,p1445,3
2797,periwinkle partridge,party,p1450,1
2798,periwinkle partridge,party,p1454,2
2799,periwinkle partridge,party,p1456,2
2800,periwinkle partridge,party,p1457,3
2801,periwinkle partridge,party,p1458,3
2802,periwinkle partridge,party,p1469,1
2803,periwinkle partridge,party,p1470,1
2804,periwinkle partridge,party,p1481,3
2805,periwinkle partridge,party,p1488,1
2806,periwinkle partridge,party,p1492,2
2807,periwinkle partridge,party,p1495,1
2808,periwinkle partridge,party,p1497,2
2809,periwinkle partridge,party,p1499,1
2810,periwinkle partridge,party,p1503,3
2811,periwinkle partridge,party,p1511,2
2812,periwinkle partridge,party,p1512,3
2813,periwinkle partridge,party,p1518,2
2814,periwinkle partridge,party,p1519,1
2815,periwinkle partridge,party,p1520,1
2816,periwinkle partridge,party,p1524,1
2817,periwinkle partridge,party,p1526,1
2818,periwinkle partridge,party,p1537,3
2819,periwinkle partridge,party,p1545,3
2820,periwinkle partridge,party,p1547,3
2821,periwinkle partridge,party,p1552,3
2822,periwinkle partridge,party,p1567,2
2823,periwinkle partridge,party,p1568,3
2824,periwinkle partridge,party,p1579,1
2825,periwinkle partridge,party,p1587,3
2826,periwinkle partridge,party,p1596,2
2827,periwinkle partridge,party,p1600,3
2828,periwinkle partridge,party,p1603,3
2829,periwinkle partridge,party,p1604,1
2830,periwinkle partridge,party,p1610,2
2831,periwinkle partridge,party,p1618,1
2832,periwinkle partridge,party,p1619,3
2833,periwinkle partridge,party,p1622,1
2834,periwinkle partridge,party,p1623,1
2835,periwinkle partridge,party,p1630,2
2836,periwinkle partridge,party,p1641,1
2837,periwinkle partridge,party,p1649,2
2838,periwinkle partridge,party,p1652,2
2839,periwinkle partridge,party,p1665,3
2840,periwinkle partridge,party,p1669,1
2841,periwinkle partridge,party,p1685,1
2842,periwinkle partridge,party,p1693,3
2843,periwinkle partridge,party,p1698,2
2844,periwinkle partridge,party,p1704,1
2845,periwinkle partridge,party,p1711,3
2846,periwinkle partridge,party,p1718,1
2847,periwinkle partridge,party,p1732,1
2848,periwinkle partridge,party,p1739,3
2849,periwinkle partridge,party,p1741,1
2850,periwinkle partridge,party,p1746,3
2851,periwinkle partridge,party,p1751,1
2852,periwinkle partridge,party,p1754,3
2853,periwinkle partridge,party,p1769,1
2854,periwinkle partridge,party,p1771,2
2855,periwinkle partridge,party,p1776,3
2856,periwinkle partridge,party,p1780,1
2857,periwinkle partridge,party,p1785,3
2858,periwinkle partridge,party,p1791,2
2859,periwinkle partridge,party,p1793,1
2860,periwinkle partridge,party,p1796,1
2861,periwinkle partridge,party,p1805,2
2862,periwinkle partridge,party,p1812,2
2863,periwinkle partridge,party,p1816,2
2864,periwinkle partridge,party,p1819,3
2865,periwinkle partridge,party,p1825,3
2866,periwinkle partridge,party,p1836,1
2867,periwinkle partridge,party,p1839,1
2868,periwinkle partridge,party,p1861,2
2869,periwinkle partridge,party,p1863,3
2870,periwinkle partridge,party,p1873,3
2871,periwinkle partridge,party,p1875,1
2872,periwinkle partridge,party,p1876,3
2873,periwinkle partridge,party,p1877,3
2874,periwinkle partridge,party,p1880,1
2875,periwinkle partridge,party,p1883,1
2876,periwinkle partridge,party,p1889,1
2877,periwinkle partridge,party,p1893,3
2878,periwinkle partridge,party,p1896,2
2879,periwinkle partridge,party,p1913,1
2880,periwinkle partridge,party,p1922,1
2881,periwinkle partridge,party,p1930,1
2882,periwinkle partridge,party,p1935,1
2883,periwinkle partridge,party,p1940,3
2884,periwinkle partridge,party,p1948,1
2885,periwinkle partridge,party,p1950,2
2886,periwinkle partridge,party,p1954,2
2887,periwinkle partridge,party,p1956,2
2888,periwinkle partridge,party,p1958,1
2889,periwinkle partridge,party,p1967,1
2890,periwinkle partridge,party,p1973,3
2891,periwinkle partridge,party,p1978,1
2892,periwinkle partridge,party,p1983,2
2893,periwinkle partridge,party,p1984,3
2894,periwinkle partridge,party,p1995,1
2895,periwinkle partridge,party,p1996,1
2896,periwinkle partridge,party,p1997,1
2897,periwinkle partridge,party,p2001,3
2898,periwinkle partridge,party,p2002,3
2899,periwinkle partridge,party,p2013,3
2900,periwinkle partridge,party,p2014,1
2901,periwinkle partridge,party,p2016,3
2902,periwinkle partridge,party,p2018,1
2903,periwinkle partridge,party,p2023,3
2904,periwinkle partridge,party,p2025,1
2905,periwinkle partridge,party,p2028,3
2906,periwinkle partridge,party,p2030,3
2907,periwinkle partridge,party,p2033,3
2908,periwinkle partridge,party,p2040,3
2909,periwinkle partridge,party,p2051,3
2910,periwinkle partridge,party,p2052,1
2911,periwinkle partridge,party,p2066,3
2912,periwinkle partridge,party,p2067,1
2913,periwinkle partridge,party,p2073,2
2914,periwinkle partridge,party,p2077,1
2915,periwinkle partridge,party,p2078,3
2916,periwinkle partridge,party,p2086,3
2917,periwinkle partridge,party,p2089,1
2918,periwinkle partridge,party,p2093,1
2919,periwinkle partridge,party,p2094,2
2920,periwinkle partridge,party,p2111,1
2921,periwinkle partridge,party,p2117,3
2922,periwinkle partridge,party,p2121,3
2923,periwinkle partridge,party,p2127,1
2924,periwinkle partridge,party,p2141,2
2925,periwinkle partridge,party,p2142,2
2926,periwinkle partridge,party,p2143,1
2927,periwinkle partridge,party,p2153,3
2928,periwinkle partridge,party,p2155,3
2929,periwinkle partridge,party,p2169,1
2930,periwinkle partridge,party,p2187,3
2931,periwinkle partridge,party,p2188,3
2932,periwinkle partridge,party,p2197,1
2933,periwinkle partridge,party,p2213,2
2934,periwinkle partridge,party,p2214,2
2935,periwinkle partridge,party,p2215,1
2936,periwinkle partridge,party,p2220,2
2937,periwinkle partridge,party,p2223,2
2938,periwinkle partridge,party,p2229,2
2939,periwinkle partridge,party,p2234,3
2940,periwinkle partridge,party,p2237,3
2941,periwinkle partridge,party,p2238,1
2942,periwinkle partridge,party,p2244,3
2943,periwinkle partridge,party,p2248,3
2944,periwinkle partridge,party,p2252,3
2945,periwinkle partridge,party,p2255,1
2946,periwinkle partridge,party,p2261,1
2947,periwinkle partridge,party,p2263,3
2948,periwinkle partridge,party,p2273,3
2949,periwinkle partridge,party,p2275,3
2950,periwinkle partridge,party,p2276,3
2951,periwinkle partridge,party,p2283,3
2952,periwinkle partridge,party,p2287,3
2953,periwinkle partridge,party,p2296,3
2954,periwinkle partridge,party,p2298,2
2955,periwinkle partridge,party,p2304,3
2956,periwinkle partridge,party,p2310,3
2957,periwinkle partridge,party,p2322,2
2958,periwinkle partridge,party,p2326,1
2959,periwinkle partridge,party,p2330,1
2960,periwinkle partridge,party,p2331,3
2961,periwinkle partridge,party,p2333,1
2962,periwinkle partridge,party,p2347,3
2963,periwinkle partridge,party,p2350,2
2964,periwinkle partridge,party,p2351,1
2965,periwinkle partridge,party,p2353,3
2966,periwinkle partridge,party,p2355,3
2967,periwinkle partridge,party,p2363,3
2968,periwinkle partridge,party,p2378,2
2969,periwinkle partridge,party,p2380,3
2970,periwinkle partridge,party,p2387,3
2971,periwinkle partridge,party,p2398,1
2972,periwinkle partridge,party,p2400,3
2973,periwinkle partridge,party,p2403,3
2974,periwinkle partridge,party,p2408,3
2975,periwinkle partridge,party,p2418,3
2976,periwinkle partridge,party,p2426,3
2977,periwinkle partridge,party,p2428,2
2978,periwinkle partridge,party,p2434,3
2979,periwinkle partridge,party,p2446,3
2980,periwinkle partridge,party,p2452,1
2981,periwinkle partridge,party,p2454,2
2982,periwinkle partridge,party,p2462,3
2983,periwinkle partridge,party,p2467,1
2984,periwinkle partridge,party,p2482,2
2985,periwinkle partridge,party,p2489,1
2986,periwinkle partridge,party,p2490,3
2987,periwinkle partridge,party,p2494,1
2988,periwinkle partridge,party,p2502,3
2989,periwinkle partridge,party,p2503,3
2990,periwinkle partridge,party,p2522,1
2991,periwinkle partridge,party,p2524,3
2992,periwinkle partridge,party,p2533,3
2993,periwinkle partridge,party,p2566,3
2994,periwinkle partridge,party,p2571,3
2995,periwinkle partridge,party,p2573,2
2996,periwinkle partridge,party,p2582,1
2997,periwinkle partridge,party,p2591,1
2998,periwinkle partridge,party,p2592,2
2999,periwinkle partridge,party,p2595,3
