,condition,outcome,persona,response
0,phony parrotfish,gender,p0016,2
1,phony parrotfish,gender,p0022,2
2,phony parrotfish,gender,p0023,1
3,phony parrotfish,gender,p0026,2
4,phony parrotfish,gender,p0034,1
5,phony parrotfish,gender,p0036,1
6,phony parrotfish,gender,p0037,1
7,phony parrotfish,gender,p0042,1
8,phony parrotfish,gender,p0057,2
9,phony parrotfish,gender,p0066,1
10,phony parrotfish,gender,p0069,2
11,phony parrotfish,gender,p0072,2
12,phony parrotfish,gender,p0073,1
13,phony parrotfish,gender,p0082,1
14,phony parrotfish,gender,p0091,1
15,phony parrotfish,gender,p0092,1
16,phony parrotfish,gender,p0093,1
17,phony parrotfish,gender,p0095,1
18,phony parrotfish,gender,p0107,2
19,phony parrotfish,gender,p0114,1
20,phony parrotfish,gender,p0116,1
21,phony parrotfish,gender,p0118,2
22,phony parrotfish,gender,p0119,1
23,phony parrotfish,gender,p0126,1
24,phony parrotfish,gender,p0129,1
25,phony parrotfish,gender,p0136,2
26,phony parrotfish,gender,p0138,1
27,phony parrotfish,gender,p0144,2
28,phony parrotfish,gender,p0150,1
29,phony parrotfish,gender,p0152,2
30,phony parrotfish,gender,p0158,2
31,phony parrotfish,gender,p0161,1
32,phony parrotfish,gender,p0164,2
33,phony parrotfish,gender,p0175,1
34,phony parrotfish,gender,p0177,1
35,phony parrotfish,gender,p0178,1
36,phony parrotfish,gender,p0181,2
37,phony parrotfish,gender,p0186,2
38,phony parrotfish,gender,p0196,2
39,phony parrotfish,gender,p0198,1
40,phony parrotfish,gender,p0202,1
41,phony parrotfish,gender,p0205,1
42,phony parrotfish,gender,p0207,1
43,phony parrotfish,gender,p0211,1
44,phony parrotfish,gender,p0227,2
45,phony parrotfish,gender,p0229,1
46,phony parrotfish,gender,p0232,1
47,phony parrotfish,gender,p0233,2
48,phony parrotfish,gender,p0237,1
49,phony parrotfish,gender,p0258,1
50,phony parrotfish,gender,p0268,1
51,phony parrotfish,gender,p0274,1
52,phony parrotfish,gender,p0275,1
53,phony parrotfish,gender,p0277,1
54,phony parrotfish,gender,p0288,1
55,phony parrotfish,gender,p0291,1
56,phony parrotfish,gender,p0307,1
57,phony parrotfish,gender,p0308,1
58,phony parrotfish,gender,p0317,1
59,phony parrotfish,gender,p0325,2
60,phony parrotfish,gender,p0327,1
61,phony parrotfish,gender,p0334,1
62,phony parrotfish,gender,p0336,1
63,phony parrotfish,gender,p0338,1
64,phony parrotfish,gender,p0342,1
65,phony parrotfish,gender,p0349,1
66,phony parrotfish,gender,p0356,2
67,phony parrotfish,gender,p0358,1
68,phony parrotfish,gender,p0363,1
69,phony parrotfish,gender,p0364,1
70,phony parrotfish,gender,p0369,2
71,phony parrotfish,gender,p0370,2
72,phony parrotfish,gender,p0371,1
73,phony parrotfish,gender,p0379,1
74,phony parrotfish,gender,p0386,1
75,phony parrotfish,gender,p0396,2
76,phony parrotfish,gender,p0403,2
77,phony parrotfish,gender,p0405,2
78,phony parrotfish,gender,p0412,1
79,phony parrotfish,gender,p0415,1
80,phony parrotfish,gender,p0416,1
81,phony parrotfish,gender,p0417,1
82,phony parrotfish,gender,p0418,2
83,phony parrotfish,gender,p0430,1
84,phony parrotfish,gender,p0431,2
85,phony parrotfish,gender,p0434,2
86,phony parrotfish,gender,p0438,2
87,phony parrotfish,gender,p0441,2
88,phony parrotfish,gender,p0442,2
89,phony parrotfish,gender,p0449,1
90,phony parrotfish,gender,p0450,2
91,phony parrotfish,gender,p0465,1
92,phony parrotfish,gender,p0471,2
93,phony parrotfish,gender,p0477,2
94,phony parrotfish,gender,p0483,2
95,phony parrotfish,gender,p0486,1
96,phony parrotfish,gender,p0487,1
97,phony parrotfish,gender,p0489,1
98,phony parrotfish,gender,p0497,1
99,phony parrotfish,gender,p0502,1
100,phony parrotfish,gender,p0503,2
101,phony parrotfish,gender,p0506,1
102,phony parrotfish,gender,p0511,1
103,phony parrotfish,gender,p0523,2
104,phony parrotfish,gender,p0534,1
105,phony parrotfish,gender,p0536,1
106,phony parrotfish,gender,p0542,1
107,phony parrotfish,gender,p0547,2
108,phony parrotfish,gender,p0553,1
109,phony parrotfish,gender,p0559,2
110,phony parrotfish,gender,p0566,1
111,phony parrotfish,gender,p0568,2
112,phony parrotfish,gender,p0570,1
113,phony parrotfish,gender,p0573,2
114,phony parrotfish,gender,p0578,1
115,phony parrotfish,gender,p0594,1
116,phony parrotfish,gender,p0597,1
117,phony parrotfish,gender,p0601,1
118,phony parrotfish,gender,p0602,2
119,phony parrotfish,gender,p0605,1
120,phony parrotfish,gender,p0615,1
121,phony parrotfish,gender,p0620,1
122,phony parrotfish,gender,p0626,2
123,phony parrotfish,gender,p0629,2
124,phony parrotfish,gender,p0633,2
125,phony parrotfish,gender,p0638,2
126,phony parrotfish,gender,p0639,1
127,phony parrotfish,gender,p0640,2
128,phony parrotfish,gender,p0655,2
129,phony parrotfish,gender,p0656,1
130,phony parrotfish,gender,p0658,1
131,phony parrotfish,gender,p0661,1
132,phony parrotfish,gender,p0669,1
133,phony parrotfish,gender,p0670,2
134,phony parrotfish,gender,p0672,2
135,phony parrotfish,gender,p0674,1
136,phony parrotfish,gender,p0678,1
137,phony parrotfish,gender,p0683,2
138,phony parrotfish,gender,p0686,1
139,phony parrotfish,gender,p0687,1
140,phony parrotfish,gender,p0698,2
141,phony parrotfish,gender,p0700,1
142,phony parrotfish,gender,p0703,1
143,phony parrotfish,gender,p0718,1
144,phony parrotfish,gender,p0744,2
145,phony parrotfish,gender,p0745,1
146,phony parrotfish,gender,p0753,2
147,phony parrotfish,gender,p0770,1
148,phony parrotfish,gender,p0771,1
149,phony parrotfish,gender,p0777,1
150,phony parrotfish,gender,p0779,1
151,phony parrotfish,gender,p0780,2
152,phony parrotfish,gender,p0783,1
153,phony parrotfish,gender,p0785,2
154,phony parrotfish,gender,p0786,2
155,phony parrotfish,gender,p0794,1
156,phony parrotfish,gender,p0798,1
157,phony parrotfish,gender,p0800,1
158,phony parrotfish,gender,p0820,2
159,phony parrotfish,gender,p0841,2
160,phony parrotfish,gender,p0849,1
161,phony parrotfish,gender,p0862,1
162,phony parrotfish,gender,p0867,2
163,phony parrotfish,gender,p0869,1
164,phony parrotfish,gender,p0872,1
165,phony parrotfish,gender,p0880,2
166,phony parrotfish,gender,p0891,1
167,phony parrotfish,gender,p0916,2
168,phony parrotfish,gender,p0917,2
169,phony parrotfish,gender,p0919,2
170,phony parrotfish,gender,p0922,2
171,phony parrotfish,gender,p0925,2
172,phony parrotfish,gender,p0927,1
173,phony parrotfish,gender,p0929,2
174,phony parrotfish,gender,p0930,1
175,phony parrotfish,gender,p0931,2
176,phony parrotfish,gender,p0933,2
177,phony parrotfish,gender,p0934,2
178,phony parrotfish,gender,p0936,2
179,phony parrotfish,gender,p0938,1
180,phony parrotfish,gender,p0939,2
181,phony parrotfish,gender,p0946,1
182,phony parrotfish,gender,p0951,1
183,phony parrotfish,gender,p0956,2
184,phony parrotfish,gender,p0962,2
185,phony parrotfish,gender,p0963,1
186,phony parrotfish,gender,p0969,1
187,phony parrotfish,gender,p0972,1
188,phony parrotfish,gender,p0975,1
189,phony parrotfish,gender,p0985,2
190,phony parrotfish,gender,p0993,1
191,phony parrotfish,gender,p0996,2
192,phony parrotfish,gender,p1011,1
193,phony parrotfish,gender,p1017,2
194,phony parrotfish,gender,p1020,1
195,phony parrotfish,gender,p1022,1
196,phony parrotfish,gender,p1024,2
197,phony parrotfish,gender,p1027,1
198,phony parrotfish,gender,p1028,1
199,phony parrotfish,gender,p1029,2
200,phony parrotfish,gender,p1032,1
201,phony parrotfish,gender,p1040,1
202,phony parrotfish,gender,p1047,1
203,phony parrotfish,gender,p1048,1
204,phony parrotfish,gender,p1053,2
205,phony parrotfish,gender,p1057,1
206,phony parrotfish,gender,p1058,2
207,phony parrotfish,gender,p1063,1
208,phony parrotfish,gender,p1064,2
209,phony parrotfish,gender,p1065,1
210,phony parrotfish,gender,p1069,2
211,phony parrotfish,gender,p1072,1
212,phony parrotfish,gender,p1073,1
213,phony parrotfish,gender,p1075,2
214,phony parrotfish,gender,p1076,2
215,phony parrotfish,gender,p1083,2
216,phony parrotfish,gender,p1089,1
217,phony parrotfish,gender,p1093,1
218,phony parrotfish,gender,p1096,2
219,phony parrotfish,gender,p1100,1
220,phony parrotfish,gender,p1106,2
221,phony parrotfish,gender,p1107,2
222,phony parrotfish,gender,p1113,1
223,phony parrotfish,gender,p1117,1
224,phony parrotfish,gender,p1120,1
225,phony parrotfish,gender,p1134,1
226,phony parrotfish,gender,p1136,1
227,phony parrotfish,gender,p1138,2
228,phony parrotfish,gender,p1144,1
229,phony parrotfish,gender,p1145,1
230,phony parrotfish,gender,p1147,2
231,phony parrotfish,gender,p1148,1
232,phony parrotfish,gender,p1154,2
233,phony parrotfish,gender,p1159,1
234,phony parrotfish,gender,p1167,1
235,phony parrotfish,gender,p1175,2
236,phony parrotfish,gender,p1178,2
237,phony parrotfish,gender,p1184,2
238,phony parrotfish,gender,p1186,1
239,phony parrotfish,gender,p1196,1
240,phony parrotfish,gender,p1197,2
241,phony parrotfish,gender,p1203,1
242,phony parrotfish,gender,p1219,2
243,phony parrotfish,gender,p1225,1
244,phony parrotfish,gender,p1234,2
245,phony parrotfish,gender,p1242,1
246,phony parrotfish,gender,p1244,1
247,phony parrotfish,gender,p1249,2
248,phony parrotfish,gender,p1250,1
249,phony parrotfish,gender,p1256,1
250,phony parrotfish,gender,p1258,2
251,phony parrotfish,gender,p1260,1
252,phony parrotfish,gender,p1262,1
253,phony parrotfish,gender,p1264,2
254,phony parrotfish,gender,p1265,2
255,phony parrotfish,gender,p1269,1
256,phony parrotfish,gender,p1272,2
257,phony parrotfish,gender,p1278,1
258,phony parrotfish,gender,p1281,2
259,phony parrotfish,gender,p1292,1
260,phony parrotfish,gender,p1299,2
261,phony parrotfish,gender,p1312,2
262,phony parrotfish,gender,p1322,1
263,phony parrotfish,gender,p1326,2
264,phony parrotfish,gender,p1330,2
265,phony parrotfish,gender,p1335,2
266,phony parrotfish,gender,p1337,1
267,phony parrotfish,gender,p1340,1
268,phony parrotfish,gender,p1345,1
269,phony parrotfish,gender,p1351,1
270,phony parrotfish,gender,p1355,2
271,phony parrotfish,gender,p1362,2
272,phony parrotfish,gender,p1365,1
273,phony parrotfish,gender,p1366,2
274,phony parrotfish,gender,p1367,1
275,phony parrotfish,gender,p1370,2
276,phony parrotfish,gender,p1371,1
277,phony parrotfish,gender,p1373,2
278,phony parrotfish,gender,p1375,2
279,phony parrotfish,gender,p1376,2
280,phony parrotfish,gender,p1379,2
281,phony parrotfish,gender,p1381,2
282,phony parrotfish,gender,p1393,2
283,phony parrotfish,gender,p1396,2
284,phony parrotfish,gender,p1398,1
285,phony parrotfish,gender,p1404,2
286,phony parrotfish,gender,p1406,1
287,phony parrotfish,gender,p1407,2
288,phony parrotfish,gender,p1409,1
289,phony parrotfish,gender,p1412,1
290,phony parrotfish,gender,p1414,1
291,phony parrotfish,gender,p1424,1
292,phony parrotfish,gender,p1425,1
293,phony parrotfish,gender,p1429,2
294,phony parrotfish,gender,p1434,1
295,phony parrotfish,gender,p1441,1
296,phony parrotfish,gender,p1445,1
297,phony parrotfish,gender,p1450,1
298,phony parrotfish,gender,p1454,1
299,phony parrotfish,gender,p1456,1
300,phony parrotfish,gender,p1457,2
301,phony parrotfish,gender,p1458,1
302,phony parrotfish,gender,p1469,1
303,phony parrotfish,gender,p1470,1
304,phony parrotfish,gender,p1481,1
305,phony parrotfish,gender,p1488,2
306,phony parrotfish,gender,p1492,1
307,phony parrotfish,gender,p1495,1
308,phony parrotfish,gender,p1497,2
309,phony parrotfish,gender,p1499,1
310,phony parrotfish,gender,p1503,1
311,phony parrotfish,gender,p1511,1
312,phony parrotfish,gender,p1512,2
313,phony parrotfish,gender,p1518,2
314,phony parrotfish,gender,p1519,2
315,phony parrotfish,gender,p1520,2
316,phony parrotfish,gender,p1524,2
317,phony parrotfish,gender,p1526,2
318,phony parrotfish,gender,p1537,1
319,phony parrotfish,gender,p1545,2
320,phony parrotfish,gender,p1547,2
321,phony parrotfish,gender,p1552,1
322,phony parrotfish,gender,p1567,1
323,phony parrotfish,gender,p1568,2
324,phony parrotfish,gender,p1579,2
325,phony parrotfish,gender,p1587,2
326,phony parrotfish,gender,p1596,1
327,phony parrotfish,gender,p1600,1
328,phony parrotfish,gender,p1603,2
329,phony parrotfish,gender,p1604,2
330,phony parrotfish,gender,p1610,2
331,phony parrotfish,gender,p1618,1
332,phony parrotfish,gender,p1619,1
333,phony parrotfish,gender,p1622,1
334,phony parrotfish,gender,p1623,1
335,phony parrotfish,gender,p1630,1
336,phony parrotfish,gender,p1641,1
337,phony parrotfish,gender,p1649,1
338,phony parrotfish,gender,p1652,1
339,phony parrotfish,gender,p1665,1
340,phony parrotfish,gender,p1669,1
341,phony parrotfish,gender,p1685,1
342,phony parrotfish,gender,p1693,2
343,phony parrotfish,gender,p1698,1
344,phony parrotfish,gender,p1704,1
345,phony parrotfish,gender,p1711,1
346,phony parrotfish,gender,p1718,1
347,phony parrotfish,gender,p1732,1
348,phony parrotfish,gender,p1739,1
349,phony parrotfish,gender,p1741,1
350,phony parrotfish,gender,p1746,1
351,phony parrotfish,gender,p1751,1
352,phony parrotfish,gender,p1754,2
353,phony parrotfish,gender,p1769,2
354,phony parrotfish,gender,p1771,2
355,phony parrotfish,gender,p1776,1
356,phony parrotfish,gender,p1780,1
357,phony parrotfish,gender,p1785,2
358,phony parrotfish,gender,p1791,1
359,phony parrotfish,gender,p1793,1
360,phony parrotfish,gender,p1796,1
361,phony parrotfish,gender,p1805,1
362,phony parrotfish,gender,p1812,1
363,phony parrotfish,gender,p1816,2
364,phony parrotfish,gender,p1819,1
365,phony parrotfish,gender,p1825,1
366,phony parrotfish,gender,p1836,1
367,phony parrotfish,gender,p1839,2
368,phony parrotfish,gender,p1861,1
369,phony parrotfish,gender,p1863,1
370,phony parrotfish,gender,p1873,1
371,phony parrotfish,gender,p1875,1
372,phony parrotfish,gender,p1876,2
373,phony parrotfish,gender,p1877,2
374,phony parrotfish,gender,p1880,2
375,phony parrotfish,gender,p1883,1
376,phony parrotfish,gender,p1889,1
377,phony parrotfish,gender,p1893,1
378,phony parrotfish,gender,p1896,1
379,phony parrotfish,gender,p1913,1
380,phony parrotfish,gender,p1922,1
381,phony parrotfish,gender,p1930,1
382,phony parrotfish,gender,p1935,1
383,phony parrotfish,gender,p1940,1
384,phony parrotfish,gender,p1948,2
385,phony parrotfish,gender,p1950,2
386,phony parrotfish,gender,p1954,1
387,phony parrotfish,gender,p1956,2
388,phony parrotfish,gender,p1958,1
389,phony parrotfish,gender,p1967,2
390,phony parrotfish,gender,p1973,1
391,phony parrotfish,gender,p1978,1
392,phony parrotfish,gender,p1983,1
393,phony parrotfish,gender,p1984,2
394,phony parrotfish,gender,p1995,1
395,phony parrotfish,gender,p1996,2
396,phony parrotfish,gender,p1997,1
397,phony parrotfish,gender,p2001,2
398,phony parrotfish,gender,p2002,2
399,phony parrotfish,gender,p2013,2
400,phony parrotfish,gender,p2014,2
401,phony parrotfish,gender,p2016,1
402,phony parrotfish,gender,p2018,1
403,phony parrotfish,gender,p2023,2
404,phony parrotfish,gender,p2025,1
405,phony parrotfish,gender,p2028,1
406,phony parrotfish,gender,p2030,2
407,phony parrotfish,gender,p2033,1
408,phony parrotfish,gender,p2040,1
409,phony parrotfish,gender,p2051,2
410,phony parrotfish,gender,p2052,1
411,phony parrotfish,gender,p2066,1
412,phony parrotfish,gender,p2067,1
413,phony parrotfish,gender,p2073,1
414,phony parrotfish,gender,p2077,2
415,phony parrotfish,gender,p2078,2
416,phony parrotfish,gender,p2086,1
417,phony parrotfish,gender,p2089,1
418,phony parrotfish,gender,p2093,1
419,phony parrotfish,gender,p2094,2
420,phony parrotfish,gender,p2111,2
421,phony parrotfish,gender,p2117,2
422,phony parrotfish,gender,p2121,1
423,phony parrotfish,gender,p2127,1
424,phony parrotfish,gender,p2141,1
425,phony parrotfish,gender,p2142,2
426,phony parrotfish,gender,p2143,1
427,phony parrotfish,gender,p2153,2
428,phony parrotfish,gender,p2155,2
429,phony parrotfish,gender,p2169,1
430,phony parrotfish,gender,p2187,1
431,phony parrotfish,gender,p2188,1
432,phony parrotfish,gender,p2197,2
433,phony parrotfish,gender,p2213,2
434,phony parrotfish,gender,p2214,2
435,phony parrotfish,gender,p2215,2
436,phony parrotfish,gender,p2220,1
437,phony parrotfish,gender,p2223,2
438,phony parrotfish,gender,p2229,1
439,phony parrotfish,gender,p2234,2
440,phony parrotfish,gender,p2237,2
441,phony parrotfish,gender,p2238,1
442,phony parrotfish,gender,p2244,2
443,phony parrotfish,gender,p2248,2
444,phony parrotfish,gender,p2252,1
445,phony parrotfish,gender,p2255,1
446,phony parrotfish,gender,p2261,1
447,phony parrotfish,gender,p2263,2
448,phony parrotfish,gender,p2273,2
449,phony parrotfish,gender,p2275,2
450,phony parrotfish,gender,p2276,2
451,phony parrotfish,gender,p2283,2
452,phony parrotfish,gender,p2287,2
453,phony parrotfish,gender,p2296,1
454,phony parrotfish,gender,p2298,1
455,phony parrotfish,gender,p2304,1
456,phony parrotfish,gender,p2310,2
457,phony parrotfish,gender,p2322,2
458,phony parrotfish,gender,p2326,2
459,phony parrotfish,gender,p2330,2
460,phony parrotfish,gender,p2331,1
461,phony parrotfish,gender,p2333,1
462,phony parrotfish,gender,p2347,2
463,phony parrotfish,gender,p2350,2
464,phony parrotfish,gender,p2351,1
465,phony parrotfish,gender,p2353,2
466,phony parrotfish,gender,p2355,2
467,phony parrotfish,gender,p2363,2
468,phony parrotfish,gender,p2378,2
469,phony parrotfish,gender,p2380,1
470,phony parrotfish,gender,p2387,2
471,phony parrotfish,gender,p2398,1
472,phony parrotfish,gender,p2400,1
473,phony parrotfish,gender,p2403,2
474,phony parrotfish,gender,p2408,2
475,phony parrotfish,gender,p2418,2
476,phony parrotfish,gender,p2426,1
477,phony parrotfish,gender,p2428,2
478,phony parrotfish,gender,p2434,2
479,phony parrotfish,gender,p2446,1
480,phony parrotfish,gender,p2452,1
481,phony parrotfish,gender,p2454,2
482,phony parrotfish,gender,p2462,1
483,phony parrotfish,gender,p2467,1
484,phony parrotfish,gender,p2482,2
485,phony parrotfish,gender,p2489,1
486,phony parrotfish,gender,p2490,2
487,phony parrotfish,gender,p2494,2
488,phony parrotfish,gender,p2502,1
489,phony parrotfish,gender,p2503,2
490,phony parrotfish,gender,p2522,1
491,phony parrotfish,gender,p2524,1
492,phony parrotfish,gender,p2533,2
493,phony parrotfish,gender,p2566,2
494,phony parrotfish,gender,p2571,1
495,phony parrotfish,gender,p2573,1
496,phony parrotfish,gender,p2582,1
497,phony parrotfish,gender,p2591,1
498,phony parrotfish,gender,p2592,2
499,phony parrotfish,gender,p2595,2
500,phony parrotfish,year_birth,p0016,1970
501,phony parrotfish,year_birth,p0022,1991
502,phony parrotfish,year_birth,p0023,1958
503,phony parrotfish,year_birth,p0026,1965
504,phony parrotfish,year_birth,p0034,1950
505,phony parrotfish,year_birth,p0036,1994
506,phony parrotfish,year_birth,p0037,1969
507,phony parrotfish,year_birth,p0042,1960
508,phony parrotfish,year_birth,p0057,1981
509,phony parrotfish,year_birth,p0066,1966
510,phony parrotfish,year_birth,p0069,1986
511,phony parrotfish,year_birth,p0072,1987
512,phony parrotfish,year_birth,p0073,1982
513,phony parrotfish,year_birth,p0082,1973
514,phony parrotfish,year_birth,p0091,1995
515,phony parrotfish,year_birth,p0092,1980
516,phony parrotfish,year_birth,p0093,1947
517,phony parrotfish,year_birth,p0095,1946
518,phony parrotfish,year_birth,p0107,1964
519,phony parrotfish,year_birth,p0114,1987
520,phony parrotfish,year_birth,p0116,1986
521,phony parrotfish,year_birth,p0118,1998
522,phony parrotfish,year_birth,p0119,1989
523,phony parrotfish,year_birth,p0126,1961
524,phony parrotfish,year_birth,p0129,1951
525,phony parrotfish,year_birth,p0136,1986
526,phony parrotfish,year_birth,p0138,1947
527,phony parrotfish,year_birth,p0144,1989
528,phony parrotfish,year_birth,p0150,1975
529,phony parrotfish,year_birth,p0152,1973
530,phony parrotfish,year_birth,p0158,1948
531,phony parrotfish,year_birth,p0161,1984
532,phony parrotfish,year_birth,p0164,1955
533,phony parrotfish,year_birth,p0175,1954
534,phony parrotfish,year_birth,p0177,1972
535,phony parrotfish,year_birth,p0178,1991
536,phony parrotfish,year_birth,p0181,1970
537,phony parrotfish,year_birth,p0186,1968
538,phony parrotfish,year_birth,p0196,1993
539,phony parrotfish,year_birth,p0198,1949
540,phony parrotfish,year_birth,p0202,1950
541,phony parrotfish,year_birth,p0205,1944
542,phony parrotfish,year_birth,p0207,1932
543,phony parrotfish,year_birth,p0211,1947
544,phony parrotfish,year_birth,p0227,1978
545,phony parrotfish,year_birth,p0229,1957
546,phony parrotfish,year_birth,p0232,1939
547,phony parrotfish,year_birth,p0233,1951
548,phony parrotfish,year_birth,p0237,1984
549,phony parrotfish,year_birth,p0258,1936
550,phony parrotfish,year_birth,p0268,1927
551,phony parrotfish,year_birth,p0274,1981
552,phony parrotfish,year_birth,p0275,1970
553,phony parrotfish,year_birth,p0277,1975
554,phony parrotfish,year_birth,p0288,1970
555,phony parrotfish,year_birth,p0291,1936
556,phony parrotfish,year_birth,p0307,1996
557,phony parrotfish,year_birth,p0308,1998
558,phony parrotfish,year_birth,p0317,1960
559,phony parrotfish,year_birth,p0325,1989
560,phony parrotfish,year_birth,p0327,1958
561,phony parrotfish,year_birth,p0334,1956
562,phony parrotfish,year_birth,p0336,1987
563,phony parrotfish,year_birth,p0338,1977
564,phony parrotfish,year_birth,p0342,1981
565,phony parrotfish,year_birth,p0349,1975
566,phony parrotfish,year_birth,p0356,1991
567,phony parrotfish,year_birth,p0358,1956
568,phony parrotfish,year_birth,p0363,1956
569,phony parrotfish,year_birth,p0364,1981
570,phony parrotfish,year_birth,p0369,1989
571,phony parrotfish,year_birth,p0370,1983
572,phony parrotfish,year_birth,p0371,1959
573,phony parrotfish,year_birth,p0379,1962
574,phony parrotfish,year_birth,p0386,1986
575,phony parrotfish,year_birth,p0396,1987
576,phony parrotfish,year_birth,p0403,1988
577,phony parrotfish,year_birth,p0405,1990
578,phony parrotfish,year_birth,p0412,1963
579,phony parrotfish,year_birth,p0415,1992
580,phony parrotfish,year_birth,p0416,1982
581,phony parrotfish,year_birth,p0417,1983
582,phony parrotfish,year_birth,p0418,1952
583,phony parrotfish,year_birth,p0430,1944
584,phony parrotfish,year_birth,p0431,1998
585,phony parrotfish,year_birth,p0434,1964
586,phony parrotfish,year_birth,p0438,1977
587,phony parrotfish,year_birth,p0441,1988
588,phony parrotfish,year_birth,p0442,1994
589,phony parrotfish,year_birth,p0449,1957
590,phony parrotfish,year_birth,p0450,1951
591,phony parrotfish,year_birth,p0465,1965
592,phony parrotfish,year_birth,p0471,1987
593,phony parrotfish,year_birth,p0477,1970
594,phony parrotfish,year_birth,p0483,1993
595,phony parrotfish,year_birth,p0486,1990
596,phony parrotfish,year_birth,p0487,1983
597,phony parrotfish,year_birth,p0489,1959
598,phony parrotfish,year_birth,p0497,1946
599,phony parrotfish,year_birth,p0502,1953
600,phony parrotfish,year_birth,p0503,1991
601,phony parrotfish,year_birth,p0506,1987
602,phony parrotfish,year_birth,p0511,1989
603,phony parrotfish,year_birth,p0523,1993
604,phony parrotfish,year_birth,p0534,1954
605,phony parrotfish,year_birth,p0536,1982
606,phony parrotfish,year_birth,p0542,1948
607,phony parrotfish,year_birth,p0547,1954
608,phony parrotfish,year_birth,p0553,1966
609,phony parrotfish,year_birth,p0559,1991
610,phony parrotfish,year_birth,p0566,1984
611,phony parrotfish,year_birth,p0568,1972
612,phony parrotfish,year_birth,p0570,1977
613,phony parrotfish,year_birth,p0573,1987
614,phony parrotfish,year_birth,p0578,1967
615,phony parrotfish,year_birth,p0594,1984
616,phony parrotfish,year_birth,p0597,1958
617,phony parrotfish,year_birth,p0601,1996
618,phony parrotfish,year_birth,p0602,1952
619,phony parrotfish,year_birth,p0605,1987
620,phony parrotfish,year_birth,p0615,1966
621,phony parrotfish,year_birth,p0620,1994
622,phony parrotfish,year_birth,p0626,1980
623,phony parrotfish,year_birth,p0629,1995
624,phony parrotfish,year_birth,p0633,1996
625,phony parrotfish,year_birth,p0638,1989
626,phony parrotfish,year_birth,p0639,1976
627,phony parrotfish,year_birth,p0640,1951
628,phony parrotfish,year_birth,p0655,1998
629,phony parrotfish,year_birth,p0656,1991
630,phony parrotfish,year_birth,p0658,1968
631,phony parrotfish,year_birth,p0661,1988
632,phony parrotfish,year_birth,p0669,1960
633,phony parrotfish,year_birth,p0670,1980
634,phony parrotfish,year_birth,p0672,1973
635,phony parrotfish,year_birth,p0674,1985
636,phony parrotfish,year_birth,p0678,1978
637,phony parrotfish,year_birth,p0683,1949
638,phony parrotfish,year_birth,p0686,1977
639,phony parrotfish,year_birth,p0687,1953
640,phony parrotfish,year_birth,p0698,1963
641,phony parrotfish,year_birth,p0700,1981
642,phony parrotfish,year_birth,p0703,1970
643,phony parrotfish,year_birth,p0718,1984
644,phony parrotfish,year_birth,p0744,1987
645,phony parrotfish,year_birth,p0745,1987
646,phony parrotfish,year_birth,p0753,1992
647,phony parrotfish,year_birth,p0770,1985
648,phony parrotfish,year_birth,p0771,1964
649,phony parrotfish,year_birth,p0777,1982
650,phony parrotfish,year_birth,p0779,1964
651,phony parrotfish,year_birth,p0780,1970
652,phony parrotfish,year_birth,p0783,1947
653,phony parrotfish,year_birth,p0785,1994
654,phony parrotfish,year_birth,p0786,1970
655,phony parrotfish,year_birth,p0794,1952
656,phony parrotfish,year_birth,p0798,1947
657,phony parrotfish,year_birth,p0800,1967
658,phony parrotfish,year_birth,p0820,1982
659,phony parrotfish,year_birth,p0841,1985
660,phony parrotfish,year_birth,p0849,1970
661,phony parrotfish,year_birth,p0862,1989
662,phony parrotfish,year_birth,p0867,1969
663,phony parrotfish,year_birth,p0869,1955
664,phony parrotfish,year_birth,p0872,1972
665,phony parrotfish,year_birth,p0880,1993
666,phony parrotfish,year_birth,p0891,1984
667,phony parrotfish,year_birth,p0916,1989
668,phony parrotfish,year_birth,p0917,1987
669,phony parrotfish,year_birth,p0919,1991
670,phony parrotfish,year_birth,p0922,1957
671,phony parrotfish,year_birth,p0925,1966
672,phony parrotfish,year_birth,p0927,1990
673,phony parrotfish,year_birth,p0929,1991
674,phony parrotfish,year_birth,p0930,1984
675,phony parrotfish,year_birth,p0931,1958
676,phony parrotfish,year_birth,p0933,1986
677,phony parrotfish,year_birth,p0934,1978
678,phony parrotfish,year_birth,p0936,1976
679,phony parrotfish,year_birth,p0938,1982
680,phony parrotfish,year_birth,p0939,1984
681,phony parrotfish,year_birth,p0946,1980
682,phony parrotfish,year_birth,p0951,1963
683,phony parrotfish,year_birth,p0956,1988
684,phony parrotfish,year_birth,p0962,1942
685,phony parrotfish,year_birth,p0963,1990
686,phony parrotfish,year_birth,p0969,1960
687,phony parrotfish,year_birth,p0972,1956
688,phony parrotfish,year_birth,p0975,1952
689,phony parrotfish,year_birth,p0985,1994
690,phony parrotfish,year_birth,p0993,1983
691,phony parrotfish,year_birth,p0996,1956
692,phony parrotfish,year_birth,p1011,1961
693,phony parrotfish,year_birth,p1017,1992
694,phony parrotfish,year_birth,p1020,1953
695,phony parrotfish,year_birth,p1022,1995
696,phony parrotfish,year_birth,p1024,1972
697,phony parrotfish,year_birth,p1027,1996
698,phony parrotfish,year_birth,p1028,1985
699,phony parrotfish,year_birth,p1029,1986
700,phony parrotfish,year_birth,p1032,1972
701,phony parrotfish,year_birth,p1040,1990
702,phony parrotfish,year_birth,p1047,1997
703,phony parrotfish,year_birth,p1048,1985
704,phony parrotfish,year_birth,p1053,1987
705,phony parrotfish,year_birth,p1057,1986
706,phony parrotfish,year_birth,p1058,1988
707,phony parrotfish,year_birth,p1063,1960
708,phony parrotfish,year_birth,p1064,1955
709,phony parrotfish,year_birth,p1065,1955
710,phony parrotfish,year_birth,p1069,1981
711,phony parrotfish,year_birth,p1072,1986
712,phony parrotfish,year_birth,p1073,1980
713,phony parrotfish,year_birth,p1075,1965
714,phony parrotfish,year_birth,p1076,1997
715,phony parrotfish,year_birth,p1083,1950
716,phony parrotfish,year_birth,p1089,1992
717,phony parrotfish,year_birth,p1093,1995
718,phony parrotfish,year_birth,p1096,1988
719,phony parrotfish,year_birth,p1100,1972
720,phony parrotfish,year_birth,p1106,1988
721,phony parrotfish,year_birth,p1107,1955
722,phony parrotfish,year_birth,p1113,1984
723,phony parrotfish,year_birth,p1117,1940
724,phony parrotfish,year_birth,p1120,1956
725,phony parrotfish,year_birth,p1134,1951
726,phony parrotfish,year_birth,p1136,1967
727,phony parrotfish,year_birth,p1138,1969
728,phony parrotfish,year_birth,p1144,1962
729,phony parrotfish,year_birth,p1145,1952
730,phony parrotfish,year_birth,p1147,1989
731,phony parrotfish,year_birth,p1148,1982
732,phony parrotfish,year_birth,p1154,1985
733,phony parrotfish,year_birth,p1159,1957
734,phony parrotfish,year_birth,p1167,1965
735,phony parrotfish,year_birth,p1175,1989
736,phony parrotfish,year_birth,p1178,1989
737,phony parrotfish,year_birth,p1184,1979
738,phony parrotfish,year_birth,p1186,1970
739,phony parrotfish,year_birth,p1196,1996
740,phony parrotfish,year_birth,p1197,1974
741,phony parrotfish,year_birth,p1203,1954
742,phony parrotfish,year_birth,p1219,1994
743,phony parrotfish,year_birth,p1225,1952
744,phony parrotfish,year_birth,p1234,1996
745,phony parrotfish,year_birth,p1242,1954
746,phony parrotfish,year_birth,p1244,1976
747,phony parrotfish,year_birth,p1249,1972
748,phony parrotfish,year_birth,p1250,1960
749,phony parrotfish,year_birth,p1256,1979
750,phony parrotfish,year_birth,p1258,1986
751,phony parrotfish,year_birth,p1260,1982
752,phony parrotfish,year_birth,p1262,1972
753,phony parrotfish,year_birth,p1264,1997
754,phony parrotfish,year_birth,p1265,1987
755,phony parrotfish,year_birth,p1269,1983
756,phony parrotfish,year_birth,p1272,1998
757,phony parrotfish,year_birth,p1278,1988
758,phony parrotfish,year_birth,p1281,1989
759,phony parrotfish,year_birth,p1292,1990
760,phony parrotfish,year_birth,p1299,1964
761,phony parrotfish,year_birth,p1312,1984
762,phony parrotfish,year_birth,p1322,1986
763,phony parrotfish,year_birth,p1326,1985
764,phony parrotfish,year_birth,p1330,1962
765,phony parrotfish,year_birth,p1335,1991
766,phony parrotfish,year_birth,p1337,1965
767,phony parrotfish,year_birth,p1340,1983
768,phony parrotfish,year_birth,p1345,1960
769,phony parrotfish,year_birth,p1351,1932
770,phony parrotfish,year_birth,p1355,1991
771,phony parrotfish,year_birth,p1362,1941
772,phony parrotfish,year_birth,p1365,1961
773,phony parrotfish,year_birth,p1366,1958
774,phony parrotfish,year_birth,p1367,1984
775,phony parrotfish,year_birth,p1370,1936
776,phony parrotfish,year_birth,p1371,1969
777,phony parrotfish,year_birth,p1373,1991
778,phony parrotfish,year_birth,p1375,1980
779,phony parrotfish,year_birth,p1376,1986
780,phony parrotfish,year_birth,p1379,1977
781,phony parrotfish,year_birth,p1381,1952
782,phony parrotfish,year_birth,p1393,1974
783,phony parrotfish,year_birth,p1396,1970
784,phony parrotfish,year_birth,p1398,1978
785,phony parrotfish,year_birth,p1404,1960
786,phony parrotfish,year_birth,p1406,1961
787,phony parrotfish,year_birth,p1407,1987
788,phony parrotfish,year_birth,p1409,1954
789,phony parrotfish,year_birth,p1412,1966
790,phony parrotfish,year_birth,p1414,1981
791,phony parrotfish,year_birth,p1424,1968
792,phony parrotfish,year_birth,p1425,1968
793,phony parrotfish,year_birth,p1429,1971
794,phony parrotfish,year_birth,p1434,1976
795,phony parrotfish,year_birth,p1441,1975
796,phony parrotfish,year_birth,p1445,1956
797,phony parrotfish,year_birth,p1450,1993
798,phony parrotfish,year_birth,p1454,1967
799,phony parrotfish,year_birth,p1456,1978
800,phony parrotfish,year_birth,p1457,1987
801,phony parrotfish,year_birth,p1458,1966
802,phony parrotfish,year_birth,p1469,1979
803,phony parrotfish,year_birth,p1470,1961
804,phony parrotfish,year_birth,p1481,1958
805,phony parrotfish,year_birth,p1488,1973
806,phony parrotfish,year_birth,p1492,1976
807,phony parrotfish,year_birth,p1495,1943
808,phony parrotfish,year_birth,p1497,1965
809,phony parrotfish,year_birth,p1499,1993
810,phony parrotfish,year_birth,p1503,1963
811,phony parrotfish,year_birth,p1511,1960
812,phony parrotfish,year_birth,p1512,1989
813,phony parrotfish,year_birth,p1518,1992
814,phony parrotfish,year_birth,p1519,1995
815,phony parrotfish,year_birth,p1520,1988
816,phony parrotfish,year_birth,p1524,1968
817,phony parrotfish,year_birth,p1526,1982
818,phony parrotfish,year_birth,p1537,1937
819,phony parrotfish,year_birth,p1545,1975
820,phony parrotfish,year_birth,p1547,1968
821,phony parrotfish,year_birth,p1552,1989
822,phony parrotfish,year_birth,p1567,1949
823,phony parrotfish,year_birth,p1568,1950
824,phony parrotfish,year_birth,p1579,1951
825,phony parrotfish,year_birth,p1587,1965
826,phony parrotfish,year_birth,p1596,1953
827,phony parrotfish,year_birth,p1600,1974
828,phony parrotfish,year_birth,p1603,1990
829,phony parrotfish,year_birth,p1604,1955
830,phony parrotfish,year_birth,p1610,1978
831,phony parrotfish,year_birth,p1618,1971
832,phony parrotfish,year_birth,p1619,1948
833,phony parrotfish,year_birth,p1622,1956
834,phony parrotfish,year_birth,p1623,1971
835,phony parrotfish,year_birth,p1630,1999
836,phony parrotfish,year_birth,p1641,1944
837,phony parrotfish,year_birth,p1649,1943
838,phony parrotfish,year_birth,p1652,1971
839,phony parrotfish,year_birth,p1665,1980
840,phony parrotfish,year_birth,p1669,1968
841,phony parrotfish,year_birth,p1685,1956
842,phony parrotfish,year_birth,p1693,1986
843,phony parrotfish,year_birth,p1698,1973
844,phony parrotfish,year_birth,p1704,1976
845,phony parrotfish,year_birth,p1711,1969
846,phony parrotfish,year_birth,p1718,1975
847,phony parrotfish,year_birth,p1732,1971
848,phony parrotfish,year_birth,p1739,1943
849,phony parrotfish,year_birth,p1741,1942
850,phony parrotfish,year_birth,p1746,1975
851,phony parrotfish,year_birth,p1751,1987
852,phony parrotfish,year_birth,p1754,1959
853,phony parrotfish,year_birth,p1769,1971
854,phony parrotfish,year_birth,p1771,1968
855,phony parrotfish,year_birth,p1776,1953
856,phony parrotfish,year_birth,p1780,1969
857,phony parrotfish,year_birth,p1785,1979
858,phony parrotfish,year_birth,p1791,1986
859,phony parrotfish,year_birth,p1793,1957
860,phony parrotfish,year_birth,p1796,1952
861,phony parrotfish,year_birth,p1805,1981
862,phony parrotfish,year_birth,p1812,1979
863,phony parrotfish,year_birth,p1816,1972
864,phony parrotfish,year_birth,p1819,1972
865,phony parrotfish,year_birth,p1825,1951
866,phony parrotfish,year_birth,p1836,1995
867,phony parrotfish,year_birth,p1839,1940
868,phony parrotfish,year_birth,p1861,1961
869,phony parrotfish,year_birth,p1863,1930
870,phony parrotfish,year_birth,p1873,1979
871,phony parrotfish,year_birth,p1875,1955
872,phony parrotfish,year_birth,p1876,1971
873,phony parrotfish,year_birth,p1877,1996
874,phony parrotfish,year_birth,p1880,1977
875,phony parrotfish,year_birth,p1883,1970
876,phony parrotfish,year_birth,p1889,1978
877,phony parrotfish,year_birth,p1893,1982
878,phony parrotfish,year_birth,p1896,1991
879,phony parrotfish,year_birth,p1913,1969
880,phony parrotfish,year_birth,p1922,1942
881,phony parrotfish,year_birth,p1930,1970
882,phony parrotfish,year_birth,p1935,1946
883,phony parrotfish,year_birth,p1940,1977
884,phony parrotfish,year_birth,p1948,1994
885,phony parrotfish,year_birth,p1950,1963
886,phony parrotfish,year_birth,p1954,1972
887,phony parrotfish,year_birth,p1956,1959
888,phony parrotfish,year_birth,p1958,1978
889,phony parrotfish,year_birth,p1967,1979
890,phony parrotfish,year_birth,p1973,1995
891,phony parrotfish,year_birth,p1978,1953
892,phony parrotfish,year_birth,p1983,1976
893,phony parrotfish,year_birth,p1984,1956
894,phony parrotfish,year_birth,p1995,1942
895,phony parrotfish,year_birth,p1996,1977
896,phony parrotfish,year_birth,p1997,1972
897,phony parrotfish,year_birth,p2001,1977
898,phony parrotfish,year_birth,p2002,1968
899,phony parrotfish,year_birth,p2013,1980
900,phony parrotfish,year_birth,p2014,1968
901,phony parrotfish,year_birth,p2016,1962
902,phony parrotfish,year_birth,p2018,1980
903,phony parrotfish,year_birth,p2023,1969
904,phony parrotfish,year_birth,p2025,1937
905,phony parrotfish,year_birth,p2028,1953
906,phony parrotfish,year_birth,p2030,1973
907,phony parrotfish,year_birth,p2033,1978
908,phony parrotfish,year_birth,p2040,1947
909,phony parrotfish,year_birth,p2051,1991
910,phony parrotfish,year_birth,p2052,1971
911,phony parrotfish,year_birth,p2066,1942
912,phony parrotfish,year_birth,p2067,1953
913,phony parrotfish,year_birth,p2073,1994
914,phony parrotfish,year_birth,p2077,1994
915,phony parrotfish,year_birth,p2078,1988
916,phony parrotfish,year_birth,p2086,1964
917,phony parrotfish,year_birth,p2089,1981
918,phony parrotfish,year_birth,p2093,1956
919,phony parrotfish,year_birth,p2094,1945
920,phony parrotfish,year_birth,p2111,1997
921,phony parrotfish,year_birth,p2117,1979
922,phony parrotfish,year_birth,p2121,1958
923,phony parrotfish,year_birth,p2127,1969
924,phony parrotfish,year_birth,p2141,1996
925,phony parrotfish,year_birth,p2142,1999
926,phony parrotfish,year_birth,p2143,1971
927,phony parrotfish,year_birth,p2153,1984
928,phony parrotfish,year_birth,p2155,1973
929,phony parrotfish,year_birth,p2169,1961
930,phony parrotfish,year_birth,p2187,1991
931,phony parrotfish,year_birth,p2188,1974
932,phony parrotfish,year_birth,p2197,1986
933,phony parrotfish,year_birth,p2213,1997
934,phony parrotfish,year_birth,p2214,1989
935,phony parrotfish,year_birth,p2215,1992
936,phony parrotfish,year_birth,p2220,1971
937,phony parrotfish,year_birth,p2223,1990
938,phony parrotfish,year_birth,p2229,1985
939,phony parrotfish,year_birth,p2234,1991
940,phony parrotfish,year_birth,p2237,1960
941,phony parrotfish,year_birth,p2238,1957
942,phony parrotfish,year_birth,p2244,1987
943,phony parrotfish,year_birth,p2248,1966
944,phony parrotfish,year_birth,p2252,1999
945,phony parrotfish,year_birth,p2255,1950
946,phony parrotfish,year_birth,p2261,1960
947,phony parrotfish,year_birth,p2263,1974
948,phony parrotfish,year_birth,p2273,1993
949,phony parrotfish,year_birth,p2275,1984
950,phony parrotfish,year_birth,p2276,1985
951,phony parrotfish,year_birth,p2283,1964
952,phony parrotfish,year_birth,p2287,1957
953,phony parrotfish,year_birth,p2296,1992
954,phony parrotfish,year_birth,p2298,1994
955,phony parrotfish,year_birth,p2304,1995
956,phony parrotfish,year_birth,p2310,1986
957,phony parrotfish,year_birth,p2322,1988
958,phony parrotfish,year_birth,p2326,1990
959,phony parrotfish,year_birth,p2330,1996
960,phony parrotfish,year_birth,p2331,1997
961,phony parrotfish,year_birth,p2333,1967
962,phony parrotfish,year_birth,p2347,1972
963,phony parrotfish,year_birth,p2350,1989
964,phony parrotfish,year_birth,p2351,1986
965,phony parrotfish,year_birth,p2353,1998
966,phony parrotfish,year_birth,p2355,1988
967,phony parrotfish,year_birth,p2363,1982
968,phony parrotfish,year_birth,p2378,1994
969,phony parrotfish,year_birth,p2380,1994
970,phony parrotfish,year_birth,p2387,1986
971,phony parrotfish,year_birth,p2398,1990
972,phony parrotfish,year_birth,p2400,1961
973,phony parrotfish,year_birth,p2403,1971
974,phony parrotfish,year_birth,p2408,1980
975,phony parrotfish,year_birth,p2418,1987
976,phony parrotfish,year_birth,p2426,1951
977,phony parrotfish,year_birth,p2428,1989
978,phony parrotfish,year_birth,p2434,1968
979,phony parrotfish,year_birth,p2446,1983
980,phony parrotfish,year_birth,p2452,1975
981,phony parrotfish,year_birth,p2454,1978
982,phony parrotfish,year_birth,p2462,1993
983,phony parrotfish,year_birth,p2467,1972
984,phony parrotfish,year_birth,p2482,1967
985,phony parrotfish,year_birth,p2489,1952
986,phony parrotfish,year_birth,p2490,1998
987,phony parrotfish,year_birth,p2494,1947
988,phony parrotfish,year_birth,p2502,1955
989,phony parrotfish,year_birth,p2503,1987
990,phony parrotfish,year_birth,p2522,1945
991,phony parrotfish,year_birth,p2524,1946
992,phony parrotfish,year_birth,p2533,1951
993,phony parrotfish,year_birth,p2566,1968
994,phony parrotfish,year_birth,p2571,1952
995,phony parrotfish,year_birth,p2573,1969
996,phony parrotfish,year_birth,p2582,1985
997,phony parrotfish,year_birth,p2591,1986
998,phony parrotfish,year_birth,p2592,1981
999,phony parrotfish,year_birth,p2595,1973
1000,phony parrotfish,race,p0016,1
1001,phony parrotfish,race,p0022,1
1002,phony parrotfish,race,p0023,1
1003,phony parrotfish,race,p0026,1
1004,phony parrotfish,race,p0034,1
1005,phony parrotfish,race,p0036,1
1006,phony parrotfish,race,p0037,1
1007,phony parrotfish,race,p0042,1
1008,phony parrotfish,race,p0057,1
1009,phony parrotfish,race,p0066,1
1010,phony parrotfish,race,p0069,1
1011,phony parrotfish,race,p0072,1
1012,phony parrotfish,race,p0073,1
1013,phony parrotfish,race,p0082,1
1014,phony parrotfish,race,p0091,1
1015,phony parrotfish,race,p0092,2
1016,phony parrotfish,race,p0093,1
1017,phony parrotfish,race,p0095,1
1018,phony parrotfish,race,p0107,1
1019,phony parrotfish,race,p0114,1
1020,phony parrotfish,race,p0116,1
1021,phony parrotfish,race,p0118,1
1022,phony parrotfish,race,p0119,1
1023,phony parrotfish,race,p0126,1
1024,phony parrotfish,race,p0129,1
1025,phony parrotfish,race,p0136,1
1026,phony parrotfish,race,p0138,1
1027,phony parrotfish,race,p0144,5
1028,phony parrotfish,race,p0150,2
1029,phony parrotfish,race,p0152,1
1030,phony parrotfish,race,p0158,1
1031,phony parrotfish,race,p0161,1
1032,phony parrotfish,race,p0164,1
1033,phony parrotfish,race,p0175,1
1034,phony parrotfish,race,p0177,5
1035,phony parrotfish,race,p0178,1
1036,phony parrotfish,race,p0181,1
1037,phony parrotfish,race,p0186,1
1038,phony parrotfish,race,p0196,1
1039,phony parrotfish,race,p0198,1
1040,phony parrotfish,race,p0202,1
1041,phony parrotfish,race,p0205,1
1042,phony parrotfish,race,p0207,1
1043,phony parrotfish,race,p0211,1
1044,phony parrotfish,race,p0227,5
1045,phony parrotfish,race,p0229,2
1046,phony parrotfish,race,p0232,1
1047,phony parrotfish,race,p0233,1
1048,phony parrotfish,race,p0237,1
1049,phony parrotfish,race,p0258,1
1050,phony parrotfish,race,p0268,1
1051,phony parrotfish,race,p0274,2
1052,phony parrotfish,race,p0275,2
1053,phony parrotfish,race,p0277,2
1054,phony parrotfish,race,p0288,2
1055,phony parrotfish,race,p0291,1
1056,phony parrotfish,race,p0307,1
1057,phony parrotfish,race,p0308,1
1058,phony parrotfish,race,p0317,1
1059,phony parrotfish,race,p0325,1
1060,phony parrotfish,race,p0327,1
1061,phony parrotfish,race,p0334,1
1062,phony parrotfish,race,p0336,1
1063,phony parrotfish,race,p0338,1
1064,phony parrotfish,race,p0342,2
1065,phony parrotfish,race,p0349,1
1066,phony parrotfish,race,p0356,1
1067,phony parrotfish,race,p0358,1
1068,phony parrotfish,race,p0363,1
1069,phony parrotfish,race,p0364,1
1070,phony parrotfish,race,p0369,1
1071,phony parrotfish,race,p0370,1
1072,phony parrotfish,race,p0371,1
1073,phony parrotfish,race,p0379,1
1074,phony parrotfish,race,p0386,1
1075,phony parrotfish,race,p0396,1
1076,phony parrotfish,race,p0403,2
1077,phony parrotfish,race,p0405,1
1078,phony parrotfish,race,p0412,1
1079,phony parrotfish,race,p0415,1
1080,phony parrotfish,race,p0416,1
1081,phony parrotfish,race,p0417,1
1082,phony parrotfish,race,p0418,1
1083,phony parrotfish,race,p0430,1
1084,phony parrotfish,race,p0431,1
1085,phony parrotfish,race,p0434,1
1086,phony parrotfish,race,p0438,1
1087,phony parrotfish,race,p0441,5
1088,phony parrotfish,race,p0442,2
1089,phony parrotfish,race,p0449,1
1090,phony parrotfish,race,p0450,1
1091,phony parrotfish,race,p0465,1
1092,phony parrotfish,race,p0471,1
1093,phony parrotfish,race,p0477,1
1094,phony parrotfish,race,p0483,2
1095,phony parrotfish,race,p0486,1
1096,phony parrotfish,race,p0487,1
1097,phony parrotfish,race,p0489,1
1098,phony parrotfish,race,p0497,1
1099,phony parrotfish,race,p0502,1
1100,phony parrotfish,race,p0503,1
1101,phony parrotfish,race,p0506,1
1102,phony parrotfish,race,p0511,1
1103,phony parrotfish,race,p0523,1
1104,phony parrotfish,race,p0534,1
1105,phony parrotfish,race,p0536,1
1106,phony parrotfish,race,p0542,1
1107,phony parrotfish,race,p0547,1
1108,phony parrotfish,race,p0553,1
1109,phony parrotfish,race,p0559,1
1110,phony parrotfish,race,p0566,1
1111,phony parrotfish,race,p0568,5
1112,phony parrotfish,race,p0570,2
1113,phony parrotfish,race,p0573,1
1114,phony parrotfish,race,p0578,1
1115,phony parrotfish,race,p0594,1
1116,phony parrotfish,race,p0597,1
1117,phony parrotfish,race,p0601,1
1118,phony parrotfish,race,p0602,1
1119,phony parrotfish,race,p0605,1
1120,phony parrotfish,race,p0615,1
1121,phony parrotfish,race,p0620,1
1122,phony parrotfish,race,p0626,1
1123,phony parrotfish,race,p0629,1
1124,phony parrotfish,race,p0633,1
1125,phony parrotfish,race,p0638,1
1126,phony parrotfish,race,p0639,1
1127,phony parrotfish,race,p0640,1
1128,phony parrotfish,race,p0655,1
1129,phony parrotfish,race,p0656,2
1130,phony parrotfish,race,p0658,1
1131,phony parrotfish,race,p0661,1
1132,phony parrotfish,race,p0669,1
1133,phony parrotfish,race,p0670,2
1134,phony parrotfish,race,p0672,5
1135,phony parrotfish,race,p0674,1
1136,phony parrotfish,race,p0678,1
1137,phony parrotfish,race,p0683,1
1138,phony parrotfish,race,p0686,1
1139,phony parrotfish,race,p0687,5
1140,phony parrotfish,race,p0698,1
1141,phony parrotfish,race,p0700,1
1142,phony parrotfish,race,p0703,1
1143,phony parrotfish,race,p0718,2
1144,phony parrotfish,race,p0744,1
1145,phony parrotfish,race,p0745,1
1146,phony parrotfish,race,p0753,1
1147,phony parrotfish,race,p0770,1
1148,phony parrotfish,race,p0771,5
1149,phony parrotfish,race,p0777,1
1150,phony parrotfish,race,p0779,1
1151,phony parrotfish,race,p0780,1
1152,phony parrotfish,race,p0783,1
1153,phony parrotfish,race,p0785,1
1154,phony parrotfish,race,p0786,2
1155,phony parrotfish,race,p0794,1
1156,phony parrotfish,race,p0798,1
1157,phony parrotfish,race,p0800,1
1158,phony parrotfish,race,p0820,1
1159,phony parrotfish,race,p0841,1
1160,phony parrotfish,race,p0849,1
1161,phony parrotfish,race,p0862,5
1162,phony parrotfish,race,p0867,2
1163,phony parrotfish,race,p0869,1
1164,phony parrotfish,race,p0872,1
1165,phony parrotfish,race,p0880,5
1166,phony parrotfish,race,p0891,1
1167,phony parrotfish,race,p0916,1
1168,phony parrotfish,race,p0917,1
1169,phony parrotfish,race,p0919,1
1170,phony parrotfish,race,p0922,1
1171,phony parrotfish,race,p0925,1
1172,phony parrotfish,race,p0927,1
1173,phony parrotfish,race,p0929,1
1174,phony parrotfish,race,p0930,1
1175,phony parrotfish,race,p0931,1
1176,phony parrotfish,race,p0933,5
1177,phony parrotfish,race,p0934,1
1178,phony parrotfish,race,p0936,1
1179,phony parrotfish,race,p0938,1
1180,phony parrotfish,race,p0939,1
1181,phony parrotfish,race,p0946,1
1182,phony parrotfish,race,p0951,2
1183,phony parrotfish,race,p0956,1
1184,phony parrotfish,race,p0962,1
1185,phony parrotfish,race,p0963,1
1186,phony parrotfish,race,p0969,1
1187,phony parrotfish,race,p0972,1
1188,phony parrotfish,race,p0975,1
1189,phony parrotfish,race,p0985,2
1190,phony parrotfish,race,p0993,2
1191,phony parrotfish,race,p0996,1
1192,phony parrotfish,race,p1011,1
1193,phony parrotfish,race,p1017,1
1194,phony parrotfish,race,p1020,1
1195,phony parrotfish,race,p1022,1
1196,phony parrotfish,race,p1024,1
1197,phony parrotfish,race,p1027,5
1198,phony parrotfish,race,p1028,1
1199,phony parrotfish,race,p1029,2
1200,phony parrotfish,race,p1032,1
1201,phony parrotfish,race,p1040,5
1202,phony parrotfish,race,p1047,2
1203,phony parrotfish,race,p1048,1
1204,phony parrotfish,race,p1053,5
1205,phony parrotfish,race,p1057,1
1206,phony parrotfish,race,p1058,1
1207,phony parrotfish,race,p1063,1
1208,phony parrotfish,race,p1064,1
1209,phony parrotfish,race,p1065,1
1210,phony parrotfish,race,p1069,1
1211,phony parrotfish,race,p1072,1
1212,phony parrotfish,race,p1073,2
1213,phony parrotfish,race,p1075,1
1214,phony parrotfish,race,p1076,2
1215,phony parrotfish,race,p1083,1
1216,phony parrotfish,race,p1089,1
1217,phony parrotfish,race,p1093,1
1218,phony parrotfish,race,p1096,1
1219,phony parrotfish,race,p1100,1
1220,phony parrotfish,race,p1106,2
1221,phony parrotfish,race,p1107,1
1222,phony parrotfish,race,p1113,1
1223,phony parrotfish,race,p1117,1
1224,phony parrotfish,race,p1120,1
1225,phony parrotfish,race,p1134,1
1226,phony parrotfish,race,p1136,1
1227,phony parrotfish,race,p1138,1
1228,phony parrotfish,race,p1144,1
1229,phony parrotfish,race,p1145,1
1230,phony parrotfish,race,p1147,1
1231,phony parrotfish,race,p1148,1
1232,phony parrotfish,race,p1154,1
1233,phony parrotfish,race,p1159,2
1234,phony parrotfish,race,p1167,5
1235,phony parrotfish,race,p1175,1
1236,phony parrotfish,race,p1178,1
1237,phony parrotfish,race,p1184,1
1238,phony parrotfish,race,p1186,1
1239,phony parrotfish,race,p1196,1
1240,phony parrotfish,race,p1197,5
1241,phony parrotfish,race,p1203,1
1242,phony parrotfish,race,p1219,2
1243,phony parrotfish,race,p1225,1
1244,phony parrotfish,race,p1234,1
1245,phony parrotfish,race,p1242,1
1246,phony parrotfish,race,p1244,1
1247,phony parrotfish,race,p1249,1
1248,phony parrotfish,race,p1250,1
1249,phony parrotfish,race,p1256,5
1250,phony parrotfish,race,p1258,1
1251,phony parrotfish,race,p1260,2
1252,phony parrotfish,race,p1262,1
1253,phony parrotfish,race,p1264,1
1254,phony parrotfish,race,p1265,1
1255,phony parrotfish,race,p1269,1
1256,phony parrotfish,race,p1272,1
1257,phony parrotfish,race,p1278,1
1258,phony parrotfish,race,p1281,5
1259,phony parrotfish,race,p1292,1
1260,phony parrotfish,race,p1299,1
1261,phony parrotfish,race,p1312,1
1262,phony parrotfish,race,p1322,1
1263,phony parrotfish,race,p1326,1
1264,phony parrotfish,race,p1330,1
1265,phony parrotfish,race,p1335,1
1266,phony parrotfish,race,p1337,1
1267,phony parrotfish,race,p1340,1
1268,phony parrotfish,race,p1345,1
1269,phony parrotfish,race,p1351,1
1270,phony parrotfish,race,p1355,1
1271,phony parrotfish,race,p1362,1
1272,phony parrotfish,race,p1365,1
1273,phony parrotfish,race,p1366,1
1274,phony parrotfish,race,p1367,1
1275,phony parrotfish,race,p1370,1
1276,phony parrotfish,race,p1371,1
1277,phony parrotfish,race,p1373,1
1278,phony parrotfish,race,p1375,1
1279,phony parrotfish,race,p1376,1
1280,phony parrotfish,race,p1379,2
1281,phony parrotfish,race,p1381,1
1282,phony parrotfish,race,p1393,1
1283,phony parrotfish,race,p1396,5
1284,phony parrotfish,race,p1398,5
1285,phony parrotfish,race,p1404,1
1286,phony parrotfish,race,p1406,1
1287,phony parrotfish,race,p1407,1
1288,phony parrotfish,race,p1409,1
1289,phony parrotfish,race,p1412,2
1290,phony parrotfish,race,p1414,1
1291,phony parrotfish,race,p1424,1
1292,phony parrotfish,race,p1425,1
1293,phony parrotfish,race,p1429,2
1294,phony parrotfish,race,p1434,1
1295,phony parrotfish,race,p1441,2
1296,phony parrotfish,race,p1445,2
1297,phony parrotfish,race,p1450,1
1298,phony parrotfish,race,p1454,1
1299,phony parrotfish,race,p1456,1
1300,phony parrotfish,race,p1457,2
1301,phony parrotfish,race,p1458,1
1302,phony parrotfish,race,p1469,1
1303,phony parrotfish,race,p1470,1
1304,phony parrotfish,race,p1481,5
1305,phony parrotfish,race,p1488,5
1306,phony parrotfish,race,p1492,1
1307,phony parrotfish,race,p1495,1
1308,phony parrotfish,race,p1497,1
1309,phony parrotfish,race,p1499,1
1310,phony parrotfish,race,p1503,1
1311,phony parrotfish,race,p1511,1
1312,phony parrotfish,race,p1512,1
1313,phony parrotfish,race,p1518,1
1314,phony parrotfish,race,p1519,1
1315,phony parrotfish,race,p1520,1
1316,phony parrotfish,race,p1524,1
1317,phony parrotfish,race,p1526,1
1318,phony parrotfish,race,p1537,1
1319,phony parrotfish,race,p1545,1
1320,phony parrotfish,race,p1547,2
1321,phony parrotfish,race,p1552,5
1322,phony parrotfish,race,p1567,1
1323,phony parrotfish,race,p1568,1
1324,phony parrotfish,race,p1579,1
1325,phony parrotfish,race,p1587,2
1326,phony parrotfish,race,p1596,1
1327,phony parrotfish,race,p1600,1
1328,phony parrotfish,race,p1603,2
1329,phony parrotfish,race,p1604,1
1330,phony parrotfish,race,p1610,1
1331,phony parrotfish,race,p1618,1
1332,phony parrotfish,race,p1619,1
1333,phony parrotfish,race,p1622,5
1334,phony parrotfish,race,p1623,5
1335,phony parrotfish,race,p1630,1
1336,phony parrotfish,race,p1641,1
1337,phony parrotfish,race,p1649,5
1338,phony parrotfish,race,p1652,5
1339,phony parrotfish,race,p1665,1
1340,phony parrotfish,race,p1669,1
1341,phony parrotfish,race,p1685,1
1342,phony parrotfish,race,p1693,1
1343,phony parrotfish,race,p1698,2
1344,phony parrotfish,race,p1704,1
1345,phony parrotfish,race,p1711,1
1346,phony parrotfish,race,p1718,1
1347,phony parrotfish,race,p1732,1
1348,phony parrotfish,race,p1739,1
1349,phony parrotfish,race,p1741,1
1350,phony parrotfish,race,p1746,1
1351,phony parrotfish,race,p1751,1
1352,phony parrotfish,race,p1754,1
1353,phony parrotfish,race,p1769,1
1354,phony parrotfish,race,p1771,1
1355,phony parrotfish,race,p1776,2
1356,phony parrotfish,race,p1780,1
1357,phony parrotfish,race,p1785,1
1358,phony parrotfish,race,p1791,2
1359,phony parrotfish,race,p1793,1
1360,phony parrotfish,race,p1796,1
1361,phony parrotfish,race,p1805,1
1362,phony parrotfish,race,p1812,1
1363,phony parrotfish,race,p1816,1
1364,phony parrotfish,race,p1819,1
1365,phony parrotfish,race,p1825,1
1366,phony parrotfish,race,p1836,1
1367,phony parrotfish,race,p1839,1
1368,phony parrotfish,race,p1861,5
1369,phony parrotfish,race,p1863,1
1370,phony parrotfish,race,p1873,1
1371,phony parrotfish,race,p1875,1
1372,phony parrotfish,race,p1876,1
1373,phony parrotfish,race,p1877,1
1374,phony parrotfish,race,p1880,1
1375,phony parrotfish,race,p1883,5
1376,phony parrotfish,race,p1889,1
1377,phony parrotfish,race,p1893,5
1378,phony parrotfish,race,p1896,1
1379,phony parrotfish,race,p1913,1
1380,phony parrotfish,race,p1922,1
1381,phony parrotfish,race,p1930,1
1382,phony parrotfish,race,p1935,1
1383,phony parrotfish,race,p1940,5
1384,phony parrotfish,race,p1948,1
1385,phony parrotfish,race,p1950,1
1386,phony parrotfish,race,p1954,1
1387,phony parrotfish,race,p1956,1
1388,phony parrotfish,race,p1958,1
1389,phony parrotfish,race,p1967,1
1390,phony parrotfish,race,p1973,1
1391,phony parrotfish,race,p1978,1
1392,phony parrotfish,race,p1983,1
1393,phony parrotfish,race,p1984,2
1394,phony parrotfish,race,p1995,1
1395,phony parrotfish,race,p1996,1
1396,phony parrotfish,race,p1997,1
1397,phony parrotfish,race,p2001,1
1398,phony parrotfish,race,p2002,2
1399,phony parrotfish,race,p2013,1
1400,phony parrotfish,race,p2014,1
1401,phony parrotfish,race,p2016,5
1402,phony parrotfish,race,p2018,2
1403,phony parrotfish,race,p2023,1
1404,phony parrotfish,race,p2025,1
1405,phony parrotfish,race,p2028,1
1406,phony parrotfish,race,p2030,1
1407,phony parrotfish,race,p2033,1
1408,phony parrotfish,race,p2040,2
1409,phony parrotfish,race,p2051,1
1410,phony parrotfish,race,p2052,1
1411,phony parrotfish,race,p2066,1
1412,phony parrotfish,race,p2067,1
1413,phony parrotfish,race,p2073,1
1414,phony parrotfish,race,p2077,2
1415,phony parrotfish,race,p2078,5
1416,phony parrotfish,race,p2086,1
1417,phony parrotfish,race,p2089,1
1418,phony parrotfish,race,p2093,1
1419,phony parrotfish,race,p2094,1
1420,phony parrotfish,race,p2111,2
1421,phony parrotfish,race,p2117,1
1422,phony parrotfish,race,p2121,1
1423,phony parrotfish,race,p2127,1
1424,phony parrotfish,race,p2141,1
1425,phony parrotfish,race,p2142,2
1426,phony parrotfish,race,p2143,1
1427,phony parrotfish,race,p2153,3
1428,phony parrotfish,race,p2155,3
1429,phony parrotfish,race,p2169,3
1430,phony parrotfish,race,p2187,3
1431,phony parrotfish,race,p2188,3
1432,phony parrotfish,race,p2197,3
1433,phony parrotfish,race,p2213,3
1434,phony parrotfish,race,p2214,3
1435,phony parrotfish,race,p2215,3
1436,phony parrotfish,race,p2220,3
1437,phony parrotfish,race,p2223,3
1438,phony parrotfish,race,p2229,3
1439,phony parrotfish,race,p2234,3
1440,phony parrotfish,race,p2237,3
1441,phony parrotfish,race,p2238,3
1442,phony parrotfish,race,p2244,3
1443,phony parrotfish,race,p2248,3
1444,phony parrotfish,race,p2252,3
1445,phony parrotfish,race,p2255,3
1446,phony parrotfish,race,p2261,3
1447,phony parrotfish,race,p2263,3
1448,phony parrotfish,race,p2273,3
1449,phony parrotfish,race,p2275,3
1450,phony parrotfish,race,p2276,3
1451,phony parrotfish,race,p2283,3
1452,phony parrotfish,race,p2287,3
1453,phony parrotfish,race,p2296,3
1454,phony parrotfish,race,p2298,3
1455,phony parrotfish,race,p2304,3
1456,phony parrotfish,race,p2310,3
1457,phony parrotfish,race,p2322,3
1458,phony parrotfish,race,p2326,3
1459,phony parrotfish,race,p2330,3
1460,phony parrotfish,race,p2331,3
1461,phony parrotfish,race,p2333,3
1462,phony parrotfish,race,p2347,3
1463,phony parrotfish,race,p2350,3
1464,phony parrotfish,race,p2351,3
1465,phony parrotfish,race,p2353,3
1466,phony parrotfish,race,p2355,3
1467,phony parrotfish,race,p2363,3
1468,phony parrotfish,race,p2378,3
1469,phony parrotfish,race,p2380,3
1470,phony parrotfish,race,p2387,3
1471,phony parrotfish,race,p2398,3
1472,phony parrotfish,race,p2400,3
1473,phony parrotfish,race,p2403,3
1474,phony parrotfish,race,p2408,3
1475,phony parrotfish,race,p2418,3
1476,phony parrotfish,race,p2426,3
1477,phony parrotfish,race,p2428,3
1478,phony parrotfish,race,p2434,3
1479,phony parrotfish,race,p2446,3
1480,phony parrotfish,race,p2452,3
1481,phony parrotfish,race,p2454,3
1482,phony parrotfish,race,p2462,3
1483,phony parrotfish,race,p2467,3
1484,phony parrotfish,race,p2482,3
1485,phony parrotfish,race,p2489,3
1486,phony parrotfish,race,p2490,3
1487,phony parrotfish,race,p2494,3
1488,phony parrotfish,race,p2502,3
1489,phony parrotfish,race,p2503,3
1490,phony parrotfish,race,p2522,3
1491,phony parrotfish,race,p2524,3
1492,phony parrotfish,race,p2533,3
1493,phony parrotfish,race,p2566,3
1494,phony parrotfish,race,p2571,3
1495,phony parrotfish,race,p2573,3
1496,phony parrotfish,race,p2582,3
1497,phony parrotfish,race,p2591,3
1498,phony parrotfish,race,p2592,3
1499,phony parrotfish,race,p2595,3
1500,phony parrotfish,education,p0016,4
1501,phony parrotfish,education,p0022,4
1502,phony parrotfish,education,p0023,5
1503,phony parrotfish,education,p0026,4
1504,phony parrotfish,education,p0034,3
1505,phony parrotfish,education,p0036,3
1506,phony parrotfish,education,p0037,4
1507,phony parrotfish,education,p0042,3
1508,phony parrotfish,education,p0057,3
1509,phony parrotfish,education,p0066,4
1510,phony parrotfish,education,p0069,3
1511,phony parrotfish,education,p0072,4
1512,phony parrotfish,education,p0073,4
1513,phony parrotfish,education,p0082,4
1514,phony parrotfish,education,p0091,4
1515,phony parrotfish,education,p0092,2
1516,phony parrotfish,education,p0093,4
1517,phony parrotfish,education,p0095,3
1518,phony parrotfish,education,p0107,3
1519,phony parrotfish,education,p0114,5
1520,phony parrotfish,education,p0116,2
1521,phony parrotfish,education,p0118,3
1522,phony parrotfish,education,p0119,3
1523,phony parrotfish,education,p0126,3
1524,phony parrotfish,education,p0129,5
1525,phony parrotfish,education,p0136,3
1526,phony parrotfish,education,p0138,2
1527,phony parrotfish,education,p0144,4
1528,phony parrotfish,education,p0150,2
1529,phony parrotfish,education,p0152,3
1530,phony parrotfish,education,p0158,2
1531,phony parrotfish,education,p0161,3
1532,phony parrotfish,education,p0164,2
1533,phony parrotfish,education,p0175,3
1534,phony parrotfish,education,p0177,4
1535,phony parrotfish,education,p0178,6
1536,phony parrotfish,education,p0181,4
1537,phony parrotfish,education,p0186,3
1538,phony parrotfish,education,p0196,4
1539,phony parrotfish,education,p0198,5
1540,phony parrotfish,education,p0202,4
1541,phony parrotfish,education,p0205,5
1542,phony parrotfish,education,p0207,4
1543,phony parrotfish,education,p0211,3
1544,phony parrotfish,education,p0227,5
1545,phony parrotfish,education,p0229,2
1546,phony parrotfish,education,p0232,5
1547,phony parrotfish,education,p0233,2
1548,phony parrotfish,education,p0237,5
1549,phony parrotfish,education,p0258,4
1550,phony parrotfish,education,p0268,2
1551,phony parrotfish,education,p0274,5
1552,phony parrotfish,education,p0275,4
1553,phony parrotfish,education,p0277,4
1554,phony parrotfish,education,p0288,4
1555,phony parrotfish,education,p0291,4
1556,phony parrotfish,education,p0307,3
1557,phony parrotfish,education,p0308,3
1558,phony parrotfish,education,p0317,3
1559,phony parrotfish,education,p0325,4
1560,phony parrotfish,education,p0327,5
1561,phony parrotfish,education,p0334,6
1562,phony parrotfish,education,p0336,4
1563,phony parrotfish,education,p0338,1
1564,phony parrotfish,education,p0342,4
1565,phony parrotfish,education,p0349,5
1566,phony parrotfish,education,p0356,4
1567,phony parrotfish,education,p0358,4
1568,phony parrotfish,education,p0363,4
1569,phony parrotfish,education,p0364,5
1570,phony parrotfish,education,p0369,5
1571,phony parrotfish,education,p0370,2
1572,phony parrotfish,education,p0371,4
1573,phony parrotfish,education,p0379,3
1574,phony parrotfish,education,p0386,5
1575,phony parrotfish,education,p0396,5
1576,phony parrotfish,education,p0403,3
1577,phony parrotfish,education,p0405,4
1578,phony parrotfish,education,p0412,4
1579,phony parrotfish,education,p0415,3
1580,phony parrotfish,education,p0416,4
1581,phony parrotfish,education,p0417,2
1582,phony parrotfish,education,p0418,2
1583,phony parrotfish,education,p0430,5
1584,phony parrotfish,education,p0431,5
1585,phony parrotfish,education,p0434,2
1586,phony parrotfish,education,p0438,4
1587,phony parrotfish,education,p0441,5
1588,phony parrotfish,education,p0442,3
1589,phony parrotfish,education,p0449,5
1590,phony parrotfish,education,p0450,4
1591,phony parrotfish,education,p0465,5
1592,phony parrotfish,education,p0471,3
1593,phony parrotfish,education,p0477,3
1594,phony parrotfish,education,p0483,5
1595,phony parrotfish,education,p0486,3
1596,phony parrotfish,education,p0487,4
1597,phony parrotfish,education,p0489,5
1598,phony parrotfish,education,p0497,6
1599,phony parrotfish,education,p0502,5
1600,phony parrotfish,education,p0503,4
1601,phony parrotfish,education,p0506,3
1602,phony parrotfish,education,p0511,4
1603,phony parrotfish,education,p0523,5
1604,phony parrotfish,education,p0534,6
1605,phony parrotfish,education,p0536,3
1606,phony parrotfish,education,p0542,4
1607,phony parrotfish,education,p0547,2
1608,phony parrotfish,education,p0553,4
1609,phony parrotfish,education,p0559,4
1610,phony parrotfish,education,p0566,4
1611,phony parrotfish,education,p0568,3
1612,phony parrotfish,education,p0570,1
1613,phony parrotfish,education,p0573,3
1614,phony parrotfish,education,p0578,2
1615,phony parrotfish,education,p0594,2
1616,phony parrotfish,education,p0597,2
1617,phony parrotfish,education,p0601,2
1618,phony parrotfish,education,p0602,2
1619,phony parrotfish,education,p0605,3
1620,phony parrotfish,education,p0615,3
1621,phony parrotfish,education,p0620,4
1622,phony parrotfish,education,p0626,3
1623,phony parrotfish,education,p0629,4
1624,phony parrotfish,education,p0633,3
1625,phony parrotfish,education,p0638,4
1626,phony parrotfish,education,p0639,4
1627,phony parrotfish,education,p0640,2
1628,phony parrotfish,education,p0655,3
1629,phony parrotfish,education,p0656,3
1630,phony parrotfish,education,p0658,5
1631,phony parrotfish,education,p0661,4
1632,phony parrotfish,education,p0669,4
1633,phony parrotfish,education,p0670,2
1634,phony parrotfish,education,p0672,5
1635,phony parrotfish,education,p0674,4
1636,phony parrotfish,education,p0678,5
1637,phony parrotfish,education,p0683,2
1638,phony parrotfish,education,p0686,3
1639,phony parrotfish,education,p0687,4
1640,phony parrotfish,education,p0698,2
1641,phony parrotfish,education,p0700,4
1642,phony parrotfish,education,p0703,2
1643,phony parrotfish,education,p0718,2
1644,phony parrotfish,education,p0744,4
1645,phony parrotfish,education,p0745,4
1646,phony parrotfish,education,p0753,4
1647,phony parrotfish,education,p0770,4
1648,phony parrotfish,education,p0771,4
1649,phony parrotfish,education,p0777,5
1650,phony parrotfish,education,p0779,4
1651,phony parrotfish,education,p0780,3
1652,phony parrotfish,education,p0783,3
1653,phony parrotfish,education,p0785,4
1654,phony parrotfish,education,p0786,3
1655,phony parrotfish,education,p0794,4
1656,phony parrotfish,education,p0798,5
1657,phony parrotfish,education,p0800,4
1658,phony parrotfish,education,p0820,3
1659,phony parrotfish,education,p0841,3
1660,phony parrotfish,education,p0849,3
1661,phony parrotfish,education,p0862,5
1662,phony parrotfish,education,p0867,5
1663,phony parrotfish,education,p0869,3
1664,phony parrotfish,education,p0872,4
1665,phony parrotfish,education,p0880,2
1666,phony parrotfish,education,p0891,3
1667,phony parrotfish,education,p0916,5
1668,phony parrotfish,education,p0917,4
1669,phony parrotfish,education,p0919,4
1670,phony parrotfish,education,p0922,2
1671,phony parrotfish,education,p0925,2
1672,phony parrotfish,education,p0927,4
1673,phony parrotfish,education,p0929,3
1674,phony parrotfish,education,p0930,4
1675,phony parrotfish,education,p0931,2
1676,phony parrotfish,education,p0933,2
1677,phony parrotfish,education,p0934,3
1678,phony parrotfish,education,p0936,4
1679,phony parrotfish,education,p0938,2
1680,phony parrotfish,education,p0939,2
1681,phony parrotfish,education,p0946,4
1682,phony parrotfish,education,p0951,3
1683,phony parrotfish,education,p0956,3
1684,phony parrotfish,education,p0962,2
1685,phony parrotfish,education,p0963,3
1686,phony parrotfish,education,p0969,4
1687,phony parrotfish,education,p0972,3
1688,phony parrotfish,education,p0975,3
1689,phony parrotfish,education,p0985,2
1690,phony parrotfish,education,p0993,2
1691,phony parrotfish,education,p0996,2
1692,phony parrotfish,education,p1011,2
1693,phony parrotfish,education,p1017,2
1694,phony parrotfish,education,p1020,2
1695,phony parrotfish,education,p1022,4
1696,phony parrotfish,education,p1024,1
1697,phony parrotfish,education,p1027,4
1698,phony parrotfish,education,p1028,5
1699,phony parrotfish,education,p1029,2
1700,phony parrotfish,education,p1032,4
1701,phony parrotfish,education,p1040,4
1702,phony parrotfish,education,p1047,3
1703,phony parrotfish,education,p1048,3
1704,phony parrotfish,education,p1053,3
1705,phony parrotfish,education,p1057,3
1706,phony parrotfish,education,p1058,4
1707,phony parrotfish,education,p1063,4
1708,phony parrotfish,education,p1064,2
1709,phony parrotfish,education,p1065,3
1710,phony parrotfish,education,p1069,3
1711,phony parrotfish,education,p1072,3
1712,phony parrotfish,education,p1073,4
1713,phony parrotfish,education,p1075,3
1714,phony parrotfish,education,p1076,2
1715,phony parrotfish,education,p1083,2
1716,phony parrotfish,education,p1089,4
1717,phony parrotfish,education,p1093,4
1718,phony parrotfish,education,p1096,4
1719,phony parrotfish,education,p1100,4
1720,phony parrotfish,education,p1106,5
1721,phony parrotfish,education,p1107,1
1722,phony parrotfish,education,p1113,3
1723,phony parrotfish,education,p1117,1
1724,phony parrotfish,education,p1120,3
1725,phony parrotfish,education,p1134,4
1726,phony parrotfish,education,p1136,2
1727,phony parrotfish,education,p1138,4
1728,phony parrotfish,education,p1144,3
1729,phony parrotfish,education,p1145,5
1730,phony parrotfish,education,p1147,5
1731,phony parrotfish,education,p1148,4
1732,phony parrotfish,education,p1154,3
1733,phony parrotfish,education,p1159,2
1734,phony parrotfish,education,p1167,5
1735,phony parrotfish,education,p1175,3
1736,phony parrotfish,education,p1178,4
1737,phony parrotfish,education,p1184,4
1738,phony parrotfish,education,p1186,4
1739,phony parrotfish,education,p1196,2
1740,phony parrotfish,education,p1197,3
1741,phony parrotfish,education,p1203,4
1742,phony parrotfish,education,p1219,2
1743,phony parrotfish,education,p1225,5
1744,phony parrotfish,education,p1234,3
1745,phony parrotfish,education,p1242,3
1746,phony parrotfish,education,p1244,4
1747,phony parrotfish,education,p1249,3
1748,phony parrotfish,education,p1250,4
1749,phony parrotfish,education,p1256,5
1750,phony parrotfish,education,p1258,3
1751,phony parrotfish,education,p1260,2
1752,phony parrotfish,education,p1262,4
1753,phony parrotfish,education,p1264,2
1754,phony parrotfish,education,p1265,5
1755,phony parrotfish,education,p1269,4
1756,phony parrotfish,education,p1272,3
1757,phony parrotfish,education,p1278,4
1758,phony parrotfish,education,p1281,3
1759,phony parrotfish,education,p1292,4
1760,phony parrotfish,education,p1299,2
1761,phony parrotfish,education,p1312,2
1762,phony parrotfish,education,p1322,3
1763,phony parrotfish,education,p1326,4
1764,phony parrotfish,education,p1330,3
1765,phony parrotfish,education,p1335,3
1766,phony parrotfish,education,p1337,4
1767,phony parrotfish,education,p1340,4
1768,phony parrotfish,education,p1345,2
1769,phony parrotfish,education,p1351,3
1770,phony parrotfish,education,p1355,2
1771,phony parrotfish,education,p1362,2
1772,phony parrotfish,education,p1365,4
1773,phony parrotfish,education,p1366,3
1774,phony parrotfish,education,p1367,3
1775,phony parrotfish,education,p1370,2
1776,phony parrotfish,education,p1371,4
1777,phony parrotfish,education,p1373,3
1778,phony parrotfish,education,p1375,4
1779,phony parrotfish,education,p1376,3
1780,phony parrotfish,education,p1379,5
1781,phony parrotfish,education,p1381,2
1782,phony parrotfish,education,p1393,5
1783,phony parrotfish,education,p1396,4
1784,phony parrotfish,education,p1398,5
1785,phony parrotfish,education,p1404,2
1786,phony parrotfish,education,p1406,2
1787,phony parrotfish,education,p1407,2
1788,phony parrotfish,education,p1409,4
1789,phony parrotfish,education,p1412,2
1790,phony parrotfish,education,p1414,5
1791,phony parrotfish,education,p1424,2
1792,phony parrotfish,education,p1425,3
1793,phony parrotfish,education,p1429,3
1794,phony parrotfish,education,p1434,4
1795,phony parrotfish,education,p1441,2
1796,phony parrotfish,education,p1445,2
1797,phony parrotfish,education,p1450,2
1798,phony parrotfish,education,p1454,5
1799,phony parrotfish,education,p1456,4
1800,phony parrotfish,education,p1457,3
1801,phony parrotfish,education,p1458,5
1802,phony parrotfish,education,p1469,3
1803,phony parrotfish,education,p1470,4
1804,phony parrotfish,education,p1481,4
1805,phony parrotfish,education,p1488,4
1806,phony parrotfish,education,p1492,5
1807,phony parrotfish,education,p1495,2
1808,phony parrotfish,education,p1497,2
1809,phony parrotfish,education,p1499,4
1810,phony parrotfish,education,p1503,4
1811,phony parrotfish,education,p1511,4
1812,phony parrotfish,education,p1512,2
1813,phony parrotfish,education,p1518,3
1814,phony parrotfish,education,p1519,4
1815,phony parrotfish,education,p1520,3
1816,phony parrotfish,education,p1524,2
1817,phony parrotfish,education,p1526,5
1818,phony parrotfish,education,p1537,2
1819,phony parrotfish,education,p1545,3
1820,phony parrotfish,education,p1547,2
1821,phony parrotfish,education,p1552,4
1822,phony parrotfish,education,p1567,4
1823,phony parrotfish,education,p1568,3
1824,phony parrotfish,education,p1579,2
1825,phony parrotfish,education,p1587,1
1826,phony parrotfish,education,p1596,2
1827,phony parrotfish,education,p1600,4
1828,phony parrotfish,education,p1603,3
1829,phony parrotfish,education,p1604,2
1830,phony parrotfish,education,p1610,2
1831,phony parrotfish,education,p1618,4
1832,phony parrotfish,education,p1619,5
1833,phony parrotfish,education,p1622,5
1834,phony parrotfish,education,p1623,4
1835,phony parrotfish,education,p1630,4
1836,phony parrotfish,education,p1641,4
1837,phony parrotfish,education,p1649,3
1838,phony parrotfish,education,p1652,4
1839,phony parrotfish,education,p1665,4
1840,phony parrotfish,education,p1669,4
1841,phony parrotfish,education,p1685,4
1842,phony parrotfish,education,p1693,3
1843,phony parrotfish,education,p1698,5
1844,phony parrotfish,education,p1704,5
1845,phony parrotfish,education,p1711,4
1846,phony parrotfish,education,p1718,2
1847,phony parrotfish,education,p1732,2
1848,phony parrotfish,education,p1739,4
1849,phony parrotfish,education,p1741,4
1850,phony parrotfish,education,p1746,2
1851,phony parrotfish,education,p1751,3
1852,phony parrotfish,education,p1754,2
1853,phony parrotfish,education,p1769,4
1854,phony parrotfish,education,p1771,2
1855,phony parrotfish,education,p1776,1
1856,phony parrotfish,education,p1780,4
1857,phony parrotfish,education,p1785,3
1858,phony parrotfish,education,p1791,5
1859,phony parrotfish,education,p1793,6
1860,phony parrotfish,education,p1796,4
1861,phony parrotfish,education,p1805,3
1862,phony parrotfish,education,p1812,3
1863,phony parrotfish,education,p1816,3
1864,phony parrotfish,education,p1819,5
1865,phony parrotfish,education,p1825,5
1866,phony parrotfish,education,p1836,4
1867,phony parrotfish,education,p1839,2
1868,phony parrotfish,education,p1861,4
1869,phony parrotfish,education,p1863,5
1870,phony parrotfish,education,p1873,5
1871,phony parrotfish,education,p1875,2
1872,phony parrotfish,education,p1876,4
1873,phony parrotfish,education,p1877,4
1874,phony parrotfish,education,p1880,2
1875,phony parrotfish,education,p1883,2
1876,phony parrotfish,education,p1889,4
1877,phony parrotfish,education,p1893,3
1878,phony parrotfish,education,p1896,4
1879,phony parrotfish,education,p1913,3
1880,phony parrotfish,education,p1922,5
1881,phony parrotfish,education,p1930,4
1882,phony parrotfish,education,p1935,3
1883,phony parrotfish,education,p1940,5
1884,phony parrotfish,education,p1948,4
1885,phony parrotfish,education,p1950,2
1886,phony parrotfish,education,p1954,3
1887,phony parrotfish,education,p1956,3
1888,phony parrotfish,education,p1958,3
1889,phony parrotfish,education,p1967,5
1890,phony parrotfish,education,p1973,5
1891,phony parrotfish,education,p1978,3
1892,phony parrotfish,education,p1983,5
1893,phony parrotfish,education,p1984,3
1894,phony parrotfish,education,p1995,3
1895,phony parrotfish,education,p1996,3
1896,phony parrotfish,education,p1997,4
1897,phony parrotfish,education,p2001,2
1898,phony parrotfish,education,p2002,3
1899,phony parrotfish,education,p2013,5
1900,phony parrotfish,education,p2014,2
1901,phony parrotfish,education,p2016,5
1902,phony parrotfish,education,p2018,2
1903,phony parrotfish,education,p2023,3
1904,phony parrotfish,education,p2025,4
1905,phony parrotfish,education,p2028,3
1906,phony parrotfish,education,p2030,3
1907,phony parrotfish,education,p2033,3
1908,phony parrotfish,education,p2040,5
1909,phony parrotfish,education,p2051,3
1910,phony parrotfish,education,p2052,4
1911,phony parrotfish,education,p2066,2
1912,phony parrotfish,education,p2067,3
1913,phony parrotfish,education,p2073,4
1914,phony parrotfish,education,p2077,3
1915,phony parrotfish,education,p2078,5
1916,phony parrotfish,education,p2086,4
1917,phony parrotfish,education,p2089,4
1918,phony parrotfish,education,p2093,4
1919,phony parrotfish,education,p2094,3
1920,phony parrotfish,education,p2111,2
1921,phony parrotfish,education,p2117,4
1922,phony parrotfish,education,p2121,4
1923,phony parrotfish,education,p2127,3
1924,phony parrotfish,education,p2141,4
1925,phony parrotfish,education,p2142,3
1926,phony parrotfish,education,p2143,4
1927,phony parrotfish,education,p2153,4
1928,phony parrotfish,education,p2155,3
1929,phony parrotfish,education,p2169,3
1930,phony parrotfish,education,p2187,4
1931,phony parrotfish,education,p2188,4
1932,phony parrotfish,education,p2197,3
1933,phony parrotfish,education,p2213,3
1934,phony parrotfish,education,p2214,3
1935,phony parrotfish,education,p2215,4
1936,phony parrotfish,education,p2220,5
1937,phony parrotfish,education,p2223,3
1938,phony parrotfish,education,p2229,4
1939,phony parrotfish,education,p2234,3
1940,phony parrotfish,education,p2237,5
1941,phony parrotfish,education,p2238,5
1942,phony parrotfish,education,p2244,4
1943,phony parrotfish,education,p2248,2
1944,phony parrotfish,education,p2252,4
1945,phony parrotfish,education,p2255,2
1946,phony parrotfish,education,p2261,3
1947,phony parrotfish,education,p2263,3
1948,phony parrotfish,education,p2273,5
1949,phony parrotfish,education,p2275,3
1950,phony parrotfish,education,p2276,4
1951,phony parrotfish,education,p2283,3
1952,phony parrotfish,education,p2287,2
1953,phony parrotfish,education,p2296,3
1954,phony parrotfish,education,p2298,3
1955,phony parrotfish,education,p2304,4
1956,phony parrotfish,education,p2310,2
1957,phony parrotfish,education,p2322,2
1958,phony parrotfish,education,p2326,4
1959,phony parrotfish,education,p2330,3
1960,phony parrotfish,education,p2331,3
1961,phony parrotfish,education,p2333,2
1962,phony parrotfish,education,p2347,2
1963,phony parrotfish,education,p2350,3
1964,phony parrotfish,education,p2351,4
1965,phony parrotfish,education,p2353,3
1966,phony parrotfish,education,p2355,1
1967,phony parrotfish,education,p2363,1
1968,phony parrotfish,education,p2378,4
1969,phony parrotfish,education,p2380,3
1970,phony parrotfish,education,p2387,3
1971,phony parrotfish,education,p2398,2
1972,phony parrotfish,education,p2400,3
1973,phony parrotfish,education,p2403,5
1974,phony parrotfish,education,p2408,3
1975,phony parrotfish,education,p2418,2
1976,phony parrotfish,education,p2426,3
1977,phony parrotfish,education,p2428,2
1978,phony parrotfish,education,p2434,5
1979,phony parrotfish,education,p2446,3
1980,phony parrotfish,education,p2452,2
1981,phony parrotfish,education,p2454,2
1982,phony parrotfish,education,p2462,3
1983,phony parrotfish,education,p2467,4
1984,phony parrotfish,education,p2482,3
1985,phony parrotfish,education,p2489,3
1986,phony parrotfish,education,p2490,2
1987,phony parrotfish,education,p2494,3
1988,phony parrotfish,education,p2502,4
1989,phony parrotfish,education,p2503,3
1990,phony parrotfish,education,p2522,3
1991,phony parrotfish,education,p2524,3
1992,phony parrotfish,education,p2533,1
1993,phony parrotfish,education,p2566,3
1994,phony parrotfish,education,p2571,3
1995,phony parrotfish,education,p2573,1
1996,phony parrotfish,education,p2582,4
1997,phony parrotfish,education,p2591,2
1998,phony parrotfish,education,p2592,3
1999,phony parrotfish,education,p2595,4
2000,phony parrotfish,income,p0016,3
2001,phony parrotfish,income,p0022,4
2002,phony parrotfish,income,p0023,4
2003,phony parrotfish,income,p0026,4
2004,phony parrotfish,income,p0034,3
2005,phony parrotfish,income,p0036,3
2006,phony parrotfish,income,p0037,4
2007,phony parrotfish,income,p0042,3
2008,phony parrotfish,income,p0057,3
2009,phony parrotfish,income,p0066,4
2010,phony parrotfish,income,p0069,1
2011,phony parrotfish,income,p0072,4
2012,phony parrotfish,income,p0073,4
2013,phony parrotfish,income,p0082,4
2014,phony parrotfish,income,p0091,4
2015,phony parrotfish,income,p0092,2
2016,phony parrotfish,income,p0093,4
2017,phony parrotfish,income,p0095,3
2018,phony parrotfish,income,p0107,3
2019,phony parrotfish,income,p0114,3
2020,phony parrotfish,income,p0116,3
2021,phony parrotfish,income,p0118,3
2022,phony parrotfish,income,p0119,3
2023,phony parrotfish,income,p0126,3
2024,phony parrotfish,income,p0129,4
2025,phony parrotfish,income,p0136,3
2026,phony parrotfish,income,p0138,3
2027,phony parrotfish,income,p0144,3
2028,phony parrotfish,income,p0150,1
2029,phony parrotfish,income,p0152,3
2030,phony parrotfish,income,p0158,2
2031,phony parrotfish,income,p0161,4
2032,phony parrotfish,income,p0164,3
2033,phony parrotfish,income,p0175,4
2034,phony parrotfish,income,p0177,4
2035,phony parrotfish,income,p0178,4
2036,phony parrotfish,income,p0181,4
2037,phony parrotfish,income,p0186,2
2038,phony parrotfish,income,p0196,4
2039,phony parrotfish,income,p0198,4
2040,phony parrotfish,income,p0202,3
2041,phony parrotfish,income,p0205,4
2042,phony parrotfish,income,p0207,3
2043,phony parrotfish,income,p0211,3
2044,phony parrotfish,income,p0227,4
2045,phony parrotfish,income,p0229,3
2046,phony parrotfish,income,p0232,4
2047,phony parrotfish,income,p0233,2
2048,phony parrotfish,income,p0237,3
2049,phony parrotfish,income,p0258,3
2050,phony parrotfish,income,p0268,2
2051,phony parrotfish,income,p0274,3
2052,phony parrotfish,income,p0275,2
2053,phony parrotfish,income,p0277,1
2054,phony parrotfish,income,p0288,3
2055,phony parrotfish,income,p0291,3
2056,phony parrotfish,income,p0307,1
2057,phony parrotfish,income,p0308,3
2058,phony parrotfish,income,p0317,4
2059,phony parrotfish,income,p0325,4
2060,phony parrotfish,income,p0327,4
2061,phony parrotfish,income,p0334,4
2062,phony parrotfish,income,p0336,4
2063,phony parrotfish,income,p0338,2
2064,phony parrotfish,income,p0342,4
2065,phony parrotfish,income,p0349,3
2066,phony parrotfish,income,p0356,3
2067,phony parrotfish,income,p0358,1
2068,phony parrotfish,income,p0363,3
2069,phony parrotfish,income,p0364,4
2070,phony parrotfish,income,p0369,4
2071,phony parrotfish,income,p0370,2
2072,phony parrotfish,income,p0371,3
2073,phony parrotfish,income,p0379,3
2074,phony parrotfish,income,p0386,3
2075,phony parrotfish,income,p0396,3
2076,phony parrotfish,income,p0403,2
2077,phony parrotfish,income,p0405,4
2078,phony parrotfish,income,p0412,4
2079,phony parrotfish,income,p0415,4
2080,phony parrotfish,income,p0416,4
2081,phony parrotfish,income,p0417,3
2082,phony parrotfish,income,p0418,3
2083,phony parrotfish,income,p0430,4
2084,phony parrotfish,income,p0431,4
2085,phony parrotfish,income,p0434,3
2086,phony parrotfish,income,p0438,4
2087,phony parrotfish,income,p0441,4
2088,phony parrotfish,income,p0442,2
2089,phony parrotfish,income,p0449,4
2090,phony parrotfish,income,p0450,4
2091,phony parrotfish,income,p0465,4
2092,phony parrotfish,income,p0471,3
2093,phony parrotfish,income,p0477,3
2094,phony parrotfish,income,p0483,3
2095,phony parrotfish,income,p0486,3
2096,phony parrotfish,income,p0487,3
2097,phony parrotfish,income,p0489,4
2098,phony parrotfish,income,p0497,4
2099,phony parrotfish,income,p0502,4
2100,phony parrotfish,income,p0503,2
2101,phony parrotfish,income,p0506,3
2102,phony parrotfish,income,p0511,4
2103,phony parrotfish,income,p0523,2
2104,phony parrotfish,income,p0534,4
2105,phony parrotfish,income,p0536,3
2106,phony parrotfish,income,p0542,4
2107,phony parrotfish,income,p0547,3
2108,phony parrotfish,income,p0553,4
2109,phony parrotfish,income,p0559,4
2110,phony parrotfish,income,p0566,4
2111,phony parrotfish,income,p0568,3
2112,phony parrotfish,income,p0570,2
2113,phony parrotfish,income,p0573,3
2114,phony parrotfish,income,p0578,2
2115,phony parrotfish,income,p0594,3
2116,phony parrotfish,income,p0597,2
2117,phony parrotfish,income,p0601,3
2118,phony parrotfish,income,p0602,2
2119,phony parrotfish,income,p0605,3
2120,phony parrotfish,income,p0615,2
2121,phony parrotfish,income,p0620,3
2122,phony parrotfish,income,p0626,3
2123,phony parrotfish,income,p0629,4
2124,phony parrotfish,income,p0633,2
2125,phony parrotfish,income,p0638,3
2126,phony parrotfish,income,p0639,4
2127,phony parrotfish,income,p0640,3
2128,phony parrotfish,income,p0655,4
2129,phony parrotfish,income,p0656,3
2130,phony parrotfish,income,p0658,4
2131,phony parrotfish,income,p0661,3
2132,phony parrotfish,income,p0669,3
2133,phony parrotfish,income,p0670,2
2134,phony parrotfish,income,p0672,3
2135,phony parrotfish,income,p0674,3
2136,phony parrotfish,income,p0678,4
2137,phony parrotfish,income,p0683,3
2138,phony parrotfish,income,p0686,3
2139,phony parrotfish,income,p0687,3
2140,phony parrotfish,income,p0698,2
2141,phony parrotfish,income,p0700,4
2142,phony parrotfish,income,p0703,3
2143,phony parrotfish,income,p0718,2
2144,phony parrotfish,income,p0744,4
2145,phony parrotfish,income,p0745,4
2146,phony parrotfish,income,p0753,2
2147,phony parrotfish,income,p0770,4
2148,phony parrotfish,income,p0771,3
2149,phony parrotfish,income,p0777,4
2150,phony parrotfish,income,p0779,4
2151,phony parrotfish,income,p0780,1
2152,phony parrotfish,income,p0783,3
2153,phony parrotfish,income,p0785,4
2154,phony parrotfish,income,p0786,3
2155,phony parrotfish,income,p0794,4
2156,phony parrotfish,income,p0798,4
2157,phony parrotfish,income,p0800,3
2158,phony parrotfish,income,p0820,2
2159,phony parrotfish,income,p0841,3
2160,phony parrotfish,income,p0849,3
2161,phony parrotfish,income,p0862,3
2162,phony parrotfish,income,p0867,4
2163,phony parrotfish,income,p0869,4
2164,phony parrotfish,income,p0872,3
2165,phony parrotfish,income,p0880,2
2166,phony parrotfish,income,p0891,3
2167,phony parrotfish,income,p0916,3
2168,phony parrotfish,income,p0917,4
2169,phony parrotfish,income,p0919,3
2170,phony parrotfish,income,p0922,2
2171,phony parrotfish,income,p0925,2
2172,phony parrotfish,income,p0927,4
2173,phony parrotfish,income,p0929,2
2174,phony parrotfish,income,p0930,4
2175,phony parrotfish,income,p0931,2
2176,phony parrotfish,income,p0933,2
2177,phony parrotfish,income,p0934,4
2178,phony parrotfish,income,p0936,3
2179,phony parrotfish,income,p0938,3
2180,phony parrotfish,income,p0939,2
2181,phony parrotfish,income,p0946,4
2182,phony parrotfish,income,p0951,2
2183,phony parrotfish,income,p0956,3
2184,phony parrotfish,income,p0962,3
2185,phony parrotfish,income,p0963,3
2186,phony parrotfish,income,p0969,5
2187,phony parrotfish,income,p0972,3
2188,phony parrotfish,income,p0975,4
2189,phony parrotfish,income,p0985,2
2190,phony parrotfish,income,p0993,1
2191,phony parrotfish,income,p0996,3
2192,phony parrotfish,income,p1011,3
2193,phony parrotfish,income,p1017,4
2194,phony parrotfish,income,p1020,3
2195,phony parrotfish,income,p1022,3
2196,phony parrotfish,income,p1024,2
2197,phony parrotfish,income,p1027,3
2198,phony parrotfish,income,p1028,4
2199,phony parrotfish,income,p1029,2
2200,phony parrotfish,income,p1032,3
2201,phony parrotfish,income,p1040,3
2202,phony parrotfish,income,p1047,4
2203,phony parrotfish,income,p1048,2
2204,phony parrotfish,income,p1053,2
2205,phony parrotfish,income,p1057,3
2206,phony parrotfish,income,p1058,4
2207,phony parrotfish,income,p1063,4
2208,phony parrotfish,income,p1064,3
2209,phony parrotfish,income,p1065,3
2210,phony parrotfish,income,p1069,3
2211,phony parrotfish,income,p1072,3
2212,phony parrotfish,income,p1073,3
2213,phony parrotfish,income,p1075,3
2214,phony parrotfish,income,p1076,2
2215,phony parrotfish,income,p1083,3
2216,phony parrotfish,income,p1089,4
2217,phony parrotfish,income,p1093,3
2218,phony parrotfish,income,p1096,4
2219,phony parrotfish,income,p1100,4
2220,phony parrotfish,income,p1106,2
2221,phony parrotfish,income,p1107,2
2222,phony parrotfish,income,p1113,2
2223,phony parrotfish,income,p1117,3
2224,phony parrotfish,income,p1120,4
2225,phony parrotfish,income,p1134,4
2226,phony parrotfish,income,p1136,3
2227,phony parrotfish,income,p1138,3
2228,phony parrotfish,income,p1144,3
2229,phony parrotfish,income,p1145,4
2230,phony parrotfish,income,p1147,4
2231,phony parrotfish,income,p1148,3
2232,phony parrotfish,income,p1154,3
2233,phony parrotfish,income,p1159,4
2234,phony parrotfish,income,p1167,3
2235,phony parrotfish,income,p1175,2
2236,phony parrotfish,income,p1178,3
2237,phony parrotfish,income,p1184,3
2238,phony parrotfish,income,p1186,3
2239,phony parrotfish,income,p1196,2
2240,phony parrotfish,income,p1197,3
2241,phony parrotfish,income,p1203,3
2242,phony parrotfish,income,p1219,2
2243,phony parrotfish,income,p1225,4
2244,phony parrotfish,income,p1234,2
2245,phony parrotfish,income,p1242,3
2246,phony parrotfish,income,p1244,3
2247,phony parrotfish,income,p1249,3
2248,phony parrotfish,income,p1250,3
2249,phony parrotfish,income,p1256,4
2250,phony parrotfish,income,p1258,4
2251,phony parrotfish,income,p1260,2
2252,phony parrotfish,income,p1262,4
2253,phony parrotfish,income,p1264,2
2254,phony parrotfish,income,p1265,4
2255,phony parrotfish,income,p1269,3
2256,phony parrotfish,income,p1272,3
2257,phony parrotfish,income,p1278,2
2258,phony parrotfish,income,p1281,2
2259,phony parrotfish,income,p1292,4
2260,phony parrotfish,income,p1299,4
2261,phony parrotfish,income,p1312,3
2262,phony parrotfish,income,p1322,1
2263,phony parrotfish,income,p1326,3
2264,phony parrotfish,income,p1330,2
2265,phony parrotfish,income,p1335,3
2266,phony parrotfish,income,p1337,4
2267,phony parrotfish,income,p1340,4
2268,phony parrotfish,income,p1345,3
2269,phony parrotfish,income,p1351,3
2270,phony parrotfish,income,p1355,3
2271,phony parrotfish,income,p1362,4
2272,phony parrotfish,income,p1365,3
2273,phony parrotfish,income,p1366,3
2274,phony parrotfish,income,p1367,3
2275,phony parrotfish,income,p1370,3
2276,phony parrotfish,income,p1371,5
2277,phony parrotfish,income,p1373,4
2278,phony parrotfish,income,p1375,4
2279,phony parrotfish,income,p1376,1
2280,phony parrotfish,income,p1379,3
2281,phony parrotfish,income,p1381,3
2282,phony parrotfish,income,p1393,4
2283,phony parrotfish,income,p1396,3
2284,phony parrotfish,income,p1398,4
2285,phony parrotfish,income,p1404,1
2286,phony parrotfish,income,p1406,3
2287,phony parrotfish,income,p1407,2
2288,phony parrotfish,income,p1409,4
2289,phony parrotfish,income,p1412,2
2290,phony parrotfish,income,p1414,4
2291,phony parrotfish,income,p1424,4
2292,phony parrotfish,income,p1425,4
2293,phony parrotfish,income,p1429,3
2294,phony parrotfish,income,p1434,4
2295,phony parrotfish,income,p1441,2
2296,phony parrotfish,income,p1445,2
2297,phony parrotfish,income,p1450,3
2298,phony parrotfish,income,p1454,4
2299,phony parrotfish,income,p1456,3
2300,phony parrotfish,income,p1457,1
2301,phony parrotfish,income,p1458,4
2302,phony parrotfish,income,p1469,2
2303,phony parrotfish,income,p1470,4
2304,phony parrotfish,income,p1481,3
2305,phony parrotfish,income,p1488,3
2306,phony parrotfish,income,p1492,3
2307,phony parrotfish,income,p1495,3
2308,phony parrotfish,income,p1497,3
2309,phony parrotfish,income,p1499,4
2310,phony parrotfish,income,p1503,2
2311,phony parrotfish,income,p1511,4
2312,phony parrotfish,income,p1512,1
2313,phony parrotfish,income,p1518,2
2314,phony parrotfish,income,p1519,3
2315,phony parrotfish,income,p1520,1
2316,phony parrotfish,income,p1524,3
2317,phony parrotfish,income,p1526,5
2318,phony parrotfish,income,p1537,3
2319,phony parrotfish,income,p1545,3
2320,phony parrotfish,income,p1547,1
2321,phony parrotfish,income,p1552,5
2322,phony parrotfish,income,p1567,4
2323,phony parrotfish,income,p1568,3
2324,phony parrotfish,income,p1579,2
2325,phony parrotfish,income,p1587,1
2326,phony parrotfish,income,p1596,3
2327,phony parrotfish,income,p1600,4
2328,phony parrotfish,income,p1603,2
2329,phony parrotfish,income,p1604,3
2330,phony parrotfish,income,p1610,2
2331,phony parrotfish,income,p1618,3
2332,phony parrotfish,income,p1619,4
2333,phony parrotfish,income,p1622,4
2334,phony parrotfish,income,p1623,3
2335,phony parrotfish,income,p1630,4
2336,phony parrotfish,income,p1641,4
2337,phony parrotfish,income,p1649,2
2338,phony parrotfish,income,p1652,3
2339,phony parrotfish,income,p1665,3
2340,phony parrotfish,income,p1669,4
2341,phony parrotfish,income,p1685,4
2342,phony parrotfish,income,p1693,3
2343,phony parrotfish,income,p1698,4
2344,phony parrotfish,income,p1704,4
2345,phony parrotfish,income,p1711,4
2346,phony parrotfish,income,p1718,3
2347,phony parrotfish,income,p1732,3
2348,phony parrotfish,income,p1739,4
2349,phony parrotfish,income,p1741,4
2350,phony parrotfish,income,p1746,1
2351,phony parrotfish,income,p1751,4
2352,phony parrotfish,income,p1754,1
2353,phony parrotfish,income,p1769,4
2354,phony parrotfish,income,p1771,2
2355,phony parrotfish,income,p1776,2
2356,phony parrotfish,income,p1780,4
2357,phony parrotfish,income,p1785,2
2358,phony parrotfish,income,p1791,3
2359,phony parrotfish,income,p1793,4
2360,phony parrotfish,income,p1796,5
2361,phony parrotfish,income,p1805,3
2362,phony parrotfish,income,p1812,3
2363,phony parrotfish,income,p1816,3
2364,phony parrotfish,income,p1819,4
2365,phony parrotfish,income,p1825,4
2366,phony parrotfish,income,p1836,3
2367,phony parrotfish,income,p1839,4
2368,phony parrotfish,income,p1861,3
2369,phony parrotfish,income,p1863,4
2370,phony parrotfish,income,p1873,4
2371,phony parrotfish,income,p1875,3
2372,phony parrotfish,income,p1876,4
2373,phony parrotfish,income,p1877,2
2374,phony parrotfish,income,p1880,3
2375,phony parrotfish,income,p1883,3
2376,phony parrotfish,income,p1889,1
2377,phony parrotfish,income,p1893,2
2378,phony parrotfish,income,p1896,3
2379,phony parrotfish,income,p1913,4
2380,phony parrotfish,income,p1922,4
2381,phony parrotfish,income,p1930,3
2382,phony parrotfish,income,p1935,4
2383,phony parrotfish,income,p1940,4
2384,phony parrotfish,income,p1948,4
2385,phony parrotfish,income,p1950,2
2386,phony parrotfish,income,p1954,2
2387,phony parrotfish,income,p1956,3
2388,phony parrotfish,income,p1958,3
2389,phony parrotfish,income,p1967,4
2390,phony parrotfish,income,p1973,5
2391,phony parrotfish,income,p1978,4
2392,phony parrotfish,income,p1983,2
2393,phony parrotfish,income,p1984,3
2394,phony parrotfish,income,p1995,3
2395,phony parrotfish,income,p1996,2
2396,phony parrotfish,income,p1997,4
2397,phony parrotfish,income,p2001,3
2398,phony parrotfish,income,p2002,2
2399,phony parrotfish,income,p2013,4
2400,phony parrotfish,income,p2014,3
2401,phony parrotfish,income,p2016,4
2402,phony parrotfish,income,p2018,1
2403,phony parrotfish,income,p2023,3
2404,phony parrotfish,income,p2025,4
2405,phony parrotfish,income,p2028,2
2406,phony parrotfish,income,p2030,3
2407,phony parrotfish,income,p2033,3
2408,phony parrotfish,income,p2040,3
2409,phony parrotfish,income,p2051,3
2410,phony parrotfish,income,p2052,4
2411,phony parrotfish,income,p2066,2
2412,phony parrotfish,income,p2067,3
2413,phony parrotfish,income,p2073,4
2414,phony parrotfish,income,p2077,2
2415,phony parrotfish,income,p2078,4
2416,phony parrotfish,income,p2086,3
2417,phony parrotfish,income,p2089,3
2418,phony parrotfish,income,p2093,3
2419,phony parrotfish,income,p2094,3
2420,phony parrotfish,income,p2111,2
2421,phony parrotfish,income,p2117,4
2422,phony parrotfish,income,p2121,3
2423,phony parrotfish,income,p2127,3
2424,phony parrotfish,income,p2141,3
2425,phony parrotfish,income,p2142,2
2426,phony parrotfish,income,p2143,4
2427,phony parrotfish,income,p2153,1
2428,phony parrotfish,income,p2155,2
2429,phony parrotfish,income,p2169,4
2430,phony parrotfish,income,p2187,3
2431,phony parrotfish,income,p2188,4
2432,phony parrotfish,income,p2197,2
2433,phony parrotfish,income,p2213,3
2434,phony parrotfish,income,p2214,2
2435,phony parrotfish,income,p2215,5
2436,phony parrotfish,income,p2220,3
2437,phony parrotfish,income,p2223,2
2438,phony parrotfish,income,p2229,3
2439,phony parrotfish,income,p2234,3
2440,phony parrotfish,income,p2237,4
2441,phony parrotfish,income,p2238,4
2442,phony parrotfish,income,p2244,2
2443,phony parrotfish,income,p2248,3
2444,phony parrotfish,income,p2252,3
2445,phony parrotfish,income,p2255,1
2446,phony parrotfish,income,p2261,3
2447,phony parrotfish,income,p2263,4
2448,phony parrotfish,income,p2273,3
2449,phony parrotfish,income,p2275,2
2450,phony parrotfish,income,p2276,2
2451,phony parrotfish,income,p2283,1
2452,phony parrotfish,income,p2287,3
2453,phony parrotfish,income,p2296,2
2454,phony parrotfish,income,p2298,3
2455,phony parrotfish,income,p2304,3
2456,phony parrotfish,income,p2310,2
2457,phony parrotfish,income,p2322,2
2458,phony parrotfish,income,p2326,3
2459,phony parrotfish,income,p2330,3
2460,phony parrotfish,income,p2331,3
2461,phony parrotfish,income,p2333,2
2462,phony parrotfish,income,p2347,3
2463,phony parrotfish,income,p2350,2
2464,phony parrotfish,income,p2351,3
2465,phony parrotfish,income,p2353,2
2466,phony parrotfish,income,p2355,2
2467,phony parrotfish,income,p2363,2
2468,phony parrotfish,income,p2378,3
2469,phony parrotfish,income,p2380,2
2470,phony parrotfish,income,p2387,4
2471,phony parrotfish,income,p2398,2
2472,phony parrotfish,income,p2400,4
2473,phony parrotfish,income,p2403,2
2474,phony parrotfish,income,p2408,3
2475,phony parrotfish,income,p2418,2
2476,phony parrotfish,income,p2426,2
2477,phony parrotfish,income,p2428,2
2478,phony parrotfish,income,p2434,3
2479,phony parrotfish,income,p2446,1
2480,phony parrotfish,income,p2452,3
2481,phony parrotfish,income,p2454,2
2482,phony parrotfish,income,p2462,3
2483,phony parrotfish,income,p2467,5
2484,phony parrotfish,income,p2482,3
2485,phony parrotfish,income,p2489,3
2486,phony parrotfish,income,p2490,2
2487,phony parrotfish,income,p2494,2
2488,phony parrotfish,income,p2502,4
2489,phony parrotfish,income,p2503,3
2490,phony parrotfish,income,p2522,3
2491,phony parrotfish,income,p2524,3
2492,phony parrotfish,income,p2533,3
2493,phony parrotfish,income,p2566,3
2494,phony parrotfish,income,p2571,3
2495,phony parrotfish,income,p2573,2
2496,phony parrotfish,income,p2582,4
2497,phony parrotfish,income,p2591,3
2498,phony parrotfish,income,p2592,3
2499,phony parrotfish,income,p2595,2
2500,phony parrotfish,party,p0016,2
2501,phony parrotfish,party,p0022,3
2502,phony parrotfish,party,p0023,3
2503,phony parrotfish,party,p0026,1
2504,phony parrotfish,party,p0034,1
2505,phony parrotfish,party,p0036,2
2506,phony parrotfish,party,p0037,1
2507,phony parrotfish,party,p0042,3
2508,phony parrotfish,party,p0057,3
2509,phony parrotfish,party,p0066,1
2510,phony parrotfish,party,p0069,1
2511,phony parrotfish,party,p0072,1
2512,phony parrotfish,party,p0073,1
2513,phony parrotfish,party,p0082,3
2514,phony parrotfish,party,p0091,3
2515,phony parrotfish,party,p0092,3
2516,phony parrotfish,party,p0093,1
2517,phony parrotfish,party,p0095,3
2518,phony parrotfish,party,p0107,1
2519,phony parrotfish,party,p0114,2
2520,phony parrotfish,party,p0116,1
2521,phony parrotfish,party,p0118,1
2522,phony parrotfish,party,p0119,2
2523,phony parrotfish,party,p0126,2
2524,phony parrotfish,party,p0129,3
2525,phony parrotfish,party,p0136,2
2526,phony parrotfish,party,p0138,2
2527,phony parrotfish,party,p0144,2
2528,phony parrotfish,party,p0150,3
2529,phony parrotfish,party,p0152,1
2530,phony parrotfish,party,p0158,3
2531,phony parrotfish,party,p0161,1
2532,phony parrotfish,party,p0164,1
2533,phony parrotfish,party,p0175,3
2534,phony parrotfish,party,p0177,2
2535,phony parrotfish,party,p0178,3
2536,phony parrotfish,party,p0181,1
2537,phony parrotfish,party,p0186,3
2538,phony parrotfish,party,p0196,3
2539,phony parrotfish,party,p0198,3
2540,phony parrotfish,party,p0202,3
2541,phony parrotfish,party,p0205,2
2542,phony parrotfish,party,p0207,3
2543,phony parrotfish,party,p0211,3
2544,phony parrotfish,party,p0227,2
2545,phony parrotfish,party,p0229,3
2546,phony parrotfish,party,p0232,3
2547,phony parrotfish,party,p0233,2
2548,phony parrotfish,party,p0237,3
2549,phony parrotfish,party,p0258,3
2550,phony parrotfish,party,p0268,3
2551,phony parrotfish,party,p0274,3
2552,phony parrotfish,party,p0275,3
2553,phony parrotfish,party,p0277,2
2554,phony parrotfish,party,p0288,3
2555,phony parrotfish,party,p0291,2
2556,phony parrotfish,party,p0307,1
2557,phony parrotfish,party,p0308,1
2558,phony parrotfish,party,p0317,1
2559,phony parrotfish,party,p0325,2
2560,phony parrotfish,party,p0327,3
2561,phony parrotfish,party,p0334,3
2562,phony parrotfish,party,p0336,3
2563,phony parrotfish,party,p0338,1
2564,phony parrotfish,party,p0342,3
2565,phony parrotfish,party,p0349,1
2566,phony parrotfish,party,p0356,3
2567,phony parrotfish,party,p0358,3
2568,phony parrotfish,party,p0363,2
2569,phony parrotfish,party,p0364,2
2570,phony parrotfish,party,p0369,1
2571,phony parrotfish,party,p0370,2
2572,phony parrotfish,party,p0371,1
2573,phony parrotfish,party,p0379,1
2574,phony parrotfish,party,p0386,3
2575,phony parrotfish,party,p0396,3
2576,phony parrotfish,party,p0403,3
2577,phony parrotfish,party,p0405,3
2578,phony parrotfish,party,p0412,1
2579,phony parrotfish,party,p0415,1
2580,phony parrotfish,party,p0416,2
2581,phony parrotfish,party,p0417,3
2582,phony parrotfish,party,p0418,2
2583,phony parrotfish,party,p0430,3
2584,phony parrotfish,party,p0431,3
2585,phony parrotfish,party,p0434,1
2586,phony parrotfish,party,p0438,3
2587,phony parrotfish,party,p0441,3
2588,phony parrotfish,party,p0442,3
2589,phony parrotfish,party,p0449,1
2590,phony parrotfish,party,p0450,2
2591,phony parrotfish,party,p0465,3
2592,phony parrotfish,party,p0471,1
2593,phony parrotfish,party,p0477,3
2594,phony parrotfish,party,p0483,3
2595,phony parrotfish,party,p0486,1
2596,phony parrotfish,party,p0487,1
2597,phony parrotfish,party,p0489,3
2598,phony parrotfish,party,p0497,1
2599,phony parrotfish,party,p0502,1
2600,phony parrotfish,party,p0503,3
2601,phony parrotfish,party,p0506,2
2602,phony parrotfish,party,p0511,1
2603,phony parrotfish,party,p0523,3
2604,phony parrotfish,party,p0534,1
2605,phony parrotfish,party,p0536,3
2606,phony parrotfish,party,p0542,1
2607,phony parrotfish,party,p0547,2
2608,phony parrotfish,party,p0553,3
2609,phony parrotfish,party,p0559,2
2610,phony parrotfish,party,p0566,2
2611,phony parrotfish,party,p0568,2
2612,phony parrotfish,party,p0570,3
2613,phony parrotfish,party,p0573,1
2614,phony parrotfish,party,p0578,3
2615,phony parrotfish,party,p0594,2
2616,phony parrotfish,party,p0597,3
2617,phony parrotfish,party,p0601,1
2618,phony parrotfish,party,p0602,3
2619,phony parrotfish,party,p0605,2
2620,phony parrotfish,party,p0615,3
2621,phony parrotfish,party,p0620,3
2622,phony parrotfish,party,p0626,3
2623,phony parrotfish,party,p0629,3
2624,phony parrotfish,party,p0633,2
2625,phony parrotfish,party,p0638,3
2626,phony parrotfish,party,p0639,1
2627,phony parrotfish,party,p0640,1
2628,phony parrotfish,party,p0655,1
2629,phony parrotfish,party,p0656,3
2630,phony parrotfish,party,p0658,1
2631,phony parrotfish,party,p0661,2
2632,phony parrotfish,party,p0669,2
2633,phony parrotfish,party,p0670,3
2634,phony parrotfish,party,p0672,3
2635,phony parrotfish,party,p0674,3
2636,phony parrotfish,party,p0678,3
2637,phony parrotfish,party,p0683,3
2638,phony parrotfish,party,p0686,1
2639,phony parrotfish,party,p0687,3
2640,phony parrotfish,party,p0698,1
2641,phony parrotfish,party,p0700,2
2642,phony parrotfish,party,p0703,2
2643,phony parrotfish,party,p0718,1
2644,phony parrotfish,party,p0744,3
2645,phony parrotfish,party,p0745,1
2646,phony parrotfish,party,p0753,2
2647,phony parrotfish,party,p0770,2
2648,phony parrotfish,party,p0771,3
2649,phony parrotfish,party,p0777,3
2650,phony parrotfish,party,p0779,1
2651,phony parrotfish,party,p0780,1
2652,phony parrotfish,party,p0783,1
2653,phony parrotfish,party,p0785,1
2654,phony parrotfish,party,p0786,2
2655,phony parrotfish,party,p0794,1
2656,phony parrotfish,party,p0798,1
2657,phony parrotfish,party,p0800,3
2658,phony parrotfish,party,p0820,3
2659,phony parrotfish,party,p0841,1
2660,phony parrotfish,party,p0849,2
2661,phony parrotfish,party,p0862,3
2662,phony parrotfish,party,p0867,3
2663,phony parrotfish,party,p0869,3
2664,phony parrotfish,party,p0872,3
2665,phony parrotfish,party,p0880,3
2666,phony parrotfish,party,p0891,1
2667,phony parrotfish,party,p0916,3
2668,phony parrotfish,party,p0917,1
2669,phony parrotfish,party,p0919,3
2670,phony parrotfish,party,p0922,1
2671,phony parrotfish,party,p0925,1
2672,phony parrotfish,party,p0927,3
2673,phony parrotfish,party,p0929,3
2674,phony parrotfish,party,p0930,1
2675,phony parrotfish,party,p0931,1
2676,phony parrotfish,party,p0933,3
2677,phony parrotfish,party,p0934,1
2678,phony parrotfish,party,p0936,3
2679,phony parrotfish,party,p0938,3
2680,phony parrotfish,party,p0939,2
2681,phony parrotfish,party,p0946,2
2682,phony parrotfish,party,p0951,3
2683,phony parrotfish,party,p0956,1
2684,phony parrotfish,party,p0962,1
2685,phony parrotfish,party,p0963,1
2686,phony parrotfish,party,p0969,1
2687,phony parrotfish,party,p0972,2
2688,phony parrotfish,party,p0975,1
2689,phony parrotfish,party,p0985,2
2690,phony parrotfish,party,p0993,3
2691,phony parrotfish,party,p0996,3
2692,phony parrotfish,party,p1011,1
2693,phony parrotfish,party,p1017,2
2694,phony parrotfish,party,p1020,1
2695,phony parrotfish,party,p1022,3
2696,phony parrotfish,party,p1024,1
2697,phony parrotfish,party,p1027,3
2698,phony parrotfish,party,p1028,3
2699,phony parrotfish,party,p1029,2
2700,phony parrotfish,party,p1032,2
2701,phony parrotfish,party,p1040,2
2702,phony parrotfish,party,p1047,2
2703,phony parrotfish,party,p1048,3
2704,phony parrotfish,party,p1053,3
2705,phony parrotfish,party,p1057,1
2706,phony parrotfish,party,p1058,1
2707,phony parrotfish,party,p1063,1
2708,phony parrotfish,party,p1064,3
2709,phony parrotfish,party,p1065,1
2710,phony parrotfish,party,p1069,3
2711,phony parrotfish,party,p1072,2
2712,phony parrotfish,party,p1073,3
2713,phony parrotfish,party,p1075,2
2714,phony parrotfish,party,p1076,2
2715,phony parrotfish,party,p1083,1
2716,phony parrotfish,party,p1089,3
2717,phony parrotfish,party,p1093,3
2718,phony parrotfish,party,p1096,2
2719,phony parrotfish,party,p1100,2
2720,phony parrotfish,party,p1106,3
2721,phony parrotfish,party,p1107,2
2722,phony parrotfish,party,p1113,1
2723,phony parrotfish,party,p1117,1
2724,phony parrotfish,party,p1120,1
2725,phony parrotfish,party,p1134,2
2726,phony parrotfish,party,p1136,1
2727,phony parrotfish,party,p1138,1
2728,phony parrotfish,party,p1144,1
2729,phony parrotfish,party,p1145,3
2730,phony parrotfish,party,p1147,3
2731,phony parrotfish,party,p1148,3
2732,phony parrotfish,party,p1154,3
2733,phony parrotfish,party,p1159,3
2734,phony parrotfish,party,p1167,3
2735,phony parrotfish,party,p1175,3
2736,phony parrotfish,party,p1178,3
2737,phony parrotfish,party,p1184,1
2738,phony parrotfish,party,p1186,3
2739,phony parrotfish,party,p1196,1
2740,phony parrotfish,party,p1197,3
2741,phony parrotfish,party,p1203,3
2742,phony parrotfish,party,p1219,3
2743,phony parrotfish,party,p1225,1
2744,phony parrotfish,party,p1234,2
2745,phony parrotfish,party,p1242,1
2746,phony parrotfish,party,p1244,3
2747,phony parrotfish,party,p1249,2
2748,phony parrotfish,party,p1250,2
2749,phony parrotfish,party,p1256,1
2750,phony parrotfish,party,p1258,1
2751,phony parrotfish,party,p1260,2
2752,phony parrotfish,party,p1262,1
2753,phony parrotfish,party,p1264,2
2754,phony parrotfish,party,p1265,2
2755,phony parrotfish,party,p1269,1
2756,phony parrotfish,party,p1272,1
2757,phony parrotfish,party,p1278,3
2758,phony parrotfish,party,p1281,3
2759,phony parrotfish,party,p1292,1
2760,phony parrotfish,party,p1299,1
2761,phony parrotfish,party,p1312,2
2762,phony parrotfish,party,p1322,3
2763,phony parrotfish,party,p1326,2
2764,phony parrotfish,party,p1330,3
2765,phony parrotfish,party,p1335,1
2766,phony parrotfish,party,p1337,1
2767,phony parrotfish,party,p1340,1
2768,phony parrotfish,party,p1345,1
2769,phony parrotfish,party,p1351,3
2770,phony parrotfish,party,p1355,1
2771,phony parrotfish,party,p1362,1
2772,phony parrotfish,party,p1365,1
2773,phony parrotfish,party,p1366,2
2774,phony parrotfish,party,p1367,1
2775,phony parrotfish,party,p1370,1
2776,phony parrotfish,party,p1371,1
2777,phony parrotfish,party,p1373,1
2778,phony parrotfish,party,p1375,1
2779,phony parrotfish,party,p1376,3
2780,phony parrotfish,party,p1379,3
2781,phony parrotfish,party,p1381,3
2782,phony parrotfish,party,p1393,1
2783,phony parrotfish,party,p1396,3
2784,phony parrotfish,party,p1398,1
2785,phony parrotfish,party,p1404,3
2786,phony parrotfish,party,p1406,1
2787,phony parrotfish,party,p1407,2
2788,phony parrotfish,party,p1409,2
2789,phony parrotfish,party,p1412,2
2790,phony parrotfish,party,p1414,3
2791,phony parrotfish,party,p1424,1
2792,phony parrotfish,party,p1425,1
2793,phony parrotfish,party,p1429,1
2794,phony parrotfish,party,p1434,1
2795,phony parrotfish,party,p1441,3
2796,phony parrotfish,party,p1445,3
2797,phony parrotfish,party,p1450,1
2798,phony parrotfish,party,p1454,2
2799,phony parrotfish,party,p1456,2
2800,phony parrotfish,party,p1457,3
2801,phony parrotfish,party,p1458,3
2802,phony parrotfish,party,p1469,1
2803,phony parrotfish,party,p1470,1
2804,phony parrotfish,party,p1481,3
2805,phony parrotfish,party,p1488,1
2806,phony parrotfish,party,p1492,2
2807,phony parrotfish,party,p1495,1
2808,phony parrotfish,party,p1497,2
2809,phony parrotfish,party,p1499,1
2810,phony parrotfish,party,p1503,3
2811,phony parrotfish,party,p1511,2
2812,phony parrotfish,party,p1512,3
2813,phony parrotfish,party,p1518,2
2814,phony parrotfish,party,p1519,1
2815,phony parrotfish,party,p1520,1
2816,phony parrotfish,party,p1524,1
2817,phony parrotfish,party,p1526,1
2818,phony parrotfish,party,p1537,3
2819,phony parrotfish,party,p1545,3
2820,phony parrotfish,party,p1547,3
2821,phony parrotfish,party,p1552,3
2822,phony parrotfish,party,p1567,2
2823,phony parrotfish,party,p1568,3
2824,phony parrotfish,party,p1579,1
2825,phony parrotfish,party,p1587,3
2826,phony parrotfish,party,p1596,2
2827,phony parrotfish,party,p1600,3
2828,phony parrotfish,party,p1603,3
2829,phony parrotfish,party,p1604,1
2830,phony parrotfish,party,p1610,2
2831,phony parrotfish,party,p1618,1
2832,phony parrotfish,party,p1619,3
2833,phony parrotfish,party,p1622,1
2834,phony parrotfish,party,p1623,1
2835,phony parrotfish,party,p1630,2
2836,phony parrotfish,party,p1641,1
2837,phony parrotfish,party,p1649,2
2838,phony parrotfish,party,p1652,2
2839,phony parrotfish,party,p1665,3
2840,phony parrotfish,party,p1669,1
2841,phony parrotfish,party,p1685,1
2842,phony parrotfish,party,p1693,3
2843,phony parrotfish,party,p1698,2
2844,phony parrotfish,party,p1704,1
2845,phony parrotfish,party,p1711,3
2846,phony parrotfish,party,p1718,1
2847,phony parrotfish,party,p1732,1
2848,phony parrotfish,party,p1739,3
2849,phony parrotfish,party,p1741,1
2850,phony parrotfish,party,p1746,3
2851,phony parrotfish,party,p1751,1
2852,phony parrotfish,party,p1754,3
2853,phony parrotfish,party,p1769,1
2854,phony parrotfish,party,p1771,2
2855,phony parrotfish,party,p1776,3
2856,phony parrotfish,party,p1780,1
2857,phony parrotfish,party,p1785,3
2858,phony parrotfish,party,p1791,2
2859,phony parrotfish,party,p1793,1
2860,phony parrotfish,party,p1796,1
2861,phony parrotfish,party,p1805,2
2862,phony parrotfish,party,p1812,2
2863,phony parrotfish,party,p1816,2
2864,phony parrotfish,party,p1819,3
2865,phony parrotfish,party,p1825,3
2866,phony parrotfish,party,p1836,1
2867,phony parrotfish,party,p1839,1
2868,phony parrotfish,party,p1861,2
2869,phony parrotfish,party,p1863,3
2870,phony parrotfish,party,p1873,3
2871,phony parrotfish,party,p1875,1
2872,phony parrotfish,party,p1876,3
2873,phony parrotfish,party,p1877,3
2874,phony parrotfish,party,p1880,1
2875,phony parrotfish,party,p1883,1
2876,phony parrotfish,party,p1889,1
2877,phony parrotfish,party,p1893,3
2878,phony parrotfish,party,p1896,2
2879,phony parrotfish,party,p1913,1
2880,phony parrotfish,party,p1922,1
2881,phony parrotfish,party,p1930,1
2882,phony parrotfish,party,p1935,1
2883,phony parrotfish,party,p1940,3
2884,phony parrotfish,party,p1948,1
2885,phony parrotfish,party,p1950,2
2886,phony parrotfish,party,p1954,2
2887,phony parrotfish,party,p1956,2
2888,phony parrotfish,party,p1958,1
2889,phony parrotfish,party,p1967,1
2890,phony parrotfish,party,p1973,3
2891,phony parrotfish,party,p1978,1
2892,phony parrotfish,party,p1983,2
2893,phony parrotfish,party,p1984,3
2894,phony parrotfish,party,p1995,1
2895,phony parrotfish,party,p1996,1
2896,phony parrotfish,party,p1997,1
2897,phony parrotfish,party,p2001,3
2898,phony parrotfish,party,p2002,3
2899,phony parrotfish,party,p2013,3
2900,phony parrotfish,party,p2014,1
2901,phony parrotfish,party,p2016,3
2902,phony parrotfish,party,p2018,1
2903,phony parrotfish,party,p2023,3
2904,phony parrotfish,party,p2025,1
2905,phony parrotfish,party,p2028,3
2906,phony parrotfish,party,p2030,3
2907,phony parrotfish,party,p2033,3
2908,phony parrotfish,party,p2040,3
2909,phony parrotfish,party,p2051,3
2910,phony parrotfish,party,p2052,1
2911,phony parrotfish,party,p2066,3
2912,phony parrotfish,party,p2067,1
2913,phony parrotfish,party,p2073,2
2914,phony parrotfish,party,p2077,1
2915,phony parrotfish,party,p2078,3
2916,phony parrotfish,party,p2086,3
2917,phony parrotfish,party,p2089,1
2918,phony parrotfish,party,p2093,1
2919,phony parrotfish,party,p2094,2
2920,phony parrotfish,party,p2111,1
2921,phony parrotfish,party,p2117,3
2922,phony parrotfish,party,p2121,3
2923,phony parrotfish,party,p2127,1
2924,phony parrotfish,party,p2141,2
2925,phony parrotfish,party,p2142,2
2926,phony parrotfish,party,p2143,1
2927,phony parrotfish,party,p2153,3
2928,phony parrotfish,party,p2155,3
2929,phony parrotfish,party,p2169,1
2930,phony parrotfish,party,p2187,3
2931,phony parrotfish,party,p2188,3
2932,phony parrotfish,party,p2197,1
2933,phony parrotfish,party,p2213,2
2934,phony parrotfish,party,p2214,2
2935,phony parrotfish,party,p2215,1
2936,phony parrotfish,party,p2220,2
2937,phony parrotfish,party,p2223,2
2938,phony parrotfish,party,p2229,2
2939,phony parrotfish,party,p2234,3
2940,phony parrotfish,party,p2237,3
2941,phony parrotfish,party,p2238,1
2942,phony parrotfish,party,p2244,3
2943,phony parrotfish,party,p2248,3
2944,phony parrotfish,party,p2252,3
2945,phony parrotfish,party,p2255,1
2946,phony parrotfish,party,p2261,1
2947,phony parrotfish,party,p2263,3
2948,phony parrotfish,party,p2273,3
2949,phony parrotfish,party,p2275,3
2950,phony parrotfish,party,p2276,3
2951,phony parrotfish,party,p2283,3
2952,phony parrotfish,party,p2287,3
2953,phony parrotfish,party,p2296,3
2954,phony parrotfish,party,p2298,2
2955,phony parrotfish,party,p2304,3
2956,phony parrotfish,party,p2310,3
2957,phony parrotfish,party,p2322,2
2958,phony parrotfish,party,p2326,1
2959,phony parrotfish,party,p2330,1
2960,phony parrotfish,party,p2331,3
2961,phony parrotfish,party,p2333,1
2962,phony parrotfish,party,p2347,3
2963,phony parrotfish,party,p2350,2
2964,phony parrotfish,party,p2351,1
2965,phony parrotfish,party,p2353,3
2966,phony parrotfish,party,p2355,3
2967,phony parrotfish,party,p2363,3
2968,phony parrotfish,party,p2378,2
2969,phony parrotfish,party,p2380,3
2970,phony parrotfish,party,p2387,3
2971,phony parrotfish,party,p2398,1
2972,phony parrotfish,party,p2400,3
2973,phony parrotfish,party,p2403,3
2974,phony parrotfish,party,p2408,3
2975,phony parrotfish,party,p2418,3
2976,phony parrotfish,party,p2426,3
2977,phony parrotfish,party,p2428,2
2978,phony parrotfish,party,p2434,3
2979,phony parrotfish,party,p2446,3
2980,phony parrotfish,party,p2452,1
2981,phony parrotfish,party,p2454,2
2982,phony parrotfish,party,p2462,3
2983,phony parrotfish,party,p2467,1
2984,phony parrotfish,party,p2482,2
2985,phony parrotfish,party,p2489,1
2986,phony parrotfish,party,p2490,3
2987,phony parrotfish,party,p2494,1
2988,phony parrotfish,party,p2502,3
2989,phony parrotfish,party,p2503,3
2990,phony parrotfish,party,p2522,1
2991,phony parrotfish,party,p2524,3
2992,phony parrotfish,party,p2533,3
2993,phony parrotfish,party,p2566,3
2994,phony parrotfish,party,p2571,3
2995,phony parrotfish,party,p2573,2
2996,phony parrotfish,party,p2582,1
2997,phony parrotfish,party,p2591,1
2998,phony parrotfish,party,p2592,2
2999,phony parrotfish,party,p2595,3
