,condition,outcome,persona,response
0,practical planarian,gender,p0016,2
1,practical planarian,gender,p0022,2
2,practical planarian,gender,p0023,1
3,practical planarian,gender,p0026,2
4,practical planarian,gender,p0034,1
5,practical planarian,gender,p0036,1
6,practical planarian,gender,p0037,1
7,practical planarian,gender,p0042,1
8,practical planarian,gender,p0057,2
9,practical planarian,gender,p0066,1
10,practical planarian,gender,p0069,2
11,practical planarian,gender,p0072,2
12,practical planarian,gender,p0073,1
13,practical planarian,gender,p0082,1
14,practical planarian,gender,p0091,1
15,practical planarian,gender,p0092,1
16,practical planarian,gender,p0093,1
17,practical planarian,gender,p0095,1
18,practical planarian,gender,p0107,2
19,practical planarian,gender,p0114,1
20,practical planarian,gender,p0116,1
21,practical planarian,gender,p0118,2
22,practical planarian,gender,p0119,1
23,practical planarian,gender,p0126,1
24,practical planarian,gender,p0129,1
25,practical planarian,gender,p0136,2
26,practical planarian,gender,p0138,1
27,practical planarian,gender,p0144,2
28,practical planarian,gender,p0150,1
29,practical planarian,gender,p0152,2
30,practical planarian,gender,p0158,2
31,practical planarian,gender,p0161,1
32,practical planarian,gender,p0164,2
33,practical planarian,gender,p0175,1
34,practical planarian,gender,p0177,1
35,practical planarian,gender,p0178,1
36,practical planarian,gender,p0181,2
37,practical planarian,gender,p0186,2
38,practical planarian,gender,p0196,2
39,practical planarian,gender,p0198,1
40,practical planarian,gender,p0202,1
41,practical planarian,gender,p0205,1
42,practical planarian,gender,p0207,1
43,practical planarian,gender,p0211,1
44,practical planarian,gender,p0227,2
45,practical planarian,gender,p0229,1
46,practical planarian,gender,p0232,1
47,practical planarian,gender,p0233,2
48,practical planarian,gender,p0237,1
49,practical planarian,gender,p0258,1
50,practical planarian,gender,p0268,1
51,practical planarian,gender,p0274,1
52,practical planarian,gender,p0275,1
53,practical planarian,gender,p0277,1
54,practical planarian,gender,p0288,1
55,practical planarian,gender,p0291,1
56,practical planarian,gender,p0307,1
57,practical planarian,gender,p0308,1
58,practical planarian,gender,p0317,1
59,practical planarian,gender,p0325,2
60,practical planarian,gender,p0327,1
61,practical planarian,gender,p0334,1
62,practical planarian,gender,p0336,1
63,practical planarian,gender,p0338,1
64,practical planarian,gender,p0342,1
65,practical planarian,gender,p0349,1
66,practical planarian,gender,p0356,2
67,practical planarian,gender,p0358,1
68,practical planarian,gender,p0363,1
69,practical planarian,gender,p0364,1
70,practical planarian,gender,p0369,2
71,practical planarian,gender,p0370,2
72,practical planarian,gender,p0371,1
73,practical planarian,gender,p0379,1
74,practical planarian,gender,p0386,1
75,practical planarian,gender,p0396,2
76,practical planarian,gender,p0403,2
77,practical planarian,gender,p0405,2
78,practical planarian,gender,p0412,1
79,practical planarian,gender,p0415,1
80,practical planarian,gender,p0416,1
81,practical planarian,gender,p0417,1
82,practical planarian,gender,p0418,2
83,practical planarian,gender,p0430,1
84,practical planarian,gender,p0431,2
85,practical planarian,gender,p0434,2
86,practical planarian,gender,p0438,2
87,practical planarian,gender,p0441,2
88,practical planarian,gender,p0442,2
89,practical planarian,gender,p0449,1
90,practical planarian,gender,p0450,2
91,practical planarian,gender,p0465,1
92,practical planarian,gender,p0471,2
93,practical planarian,gender,p0477,2
94,practical planarian,gender,p0483,2
95,practical planarian,gender,p0486,1
96,practical planarian,gender,p0487,1
97,practical planarian,gender,p0489,1
98,practical planarian,gender,p0497,1
99,practical planarian,gender,p0502,1
100,practical planarian,gender,p0503,2
101,practical planarian,gender,p0506,1
102,practical planarian,gender,p0511,1
103,practical planarian,gender,p0523,2
104,practical planarian,gender,p0534,1
105,practical planarian,gender,p0536,1
106,practical planarian,gender,p0542,1
107,practical planarian,gender,p0547,2
108,practical planarian,gender,p0553,1
109,practical planarian,gender,p0559,2
110,practical planarian,gender,p0566,1
111,practical planarian,gender,p0568,2
112,practical planarian,gender,p0570,1
113,practical planarian,gender,p0573,2
114,practical planarian,gender,p0578,1
115,practical planarian,gender,p0594,1
116,practical planarian,gender,p0597,1
117,practical planarian,gender,p0601,1
118,practical planarian,gender,p0602,2
119,practical planarian,gender,p0605,1
120,practical planarian,gender,p0615,1
121,practical planarian,gender,p0620,1
122,practical planarian,gender,p0626,2
123,practical planarian,gender,p0629,2
124,practical planarian,gender,p0633,2
125,practical planarian,gender,p0638,2
126,practical planarian,gender,p0639,1
127,practical planarian,gender,p0640,2
128,practical planarian,gender,p0655,2
129,practical planarian,gender,p0656,1
130,practical planarian,gender,p0658,1
131,practical planarian,gender,p0661,1
132,practical planarian,gender,p0669,1
133,practical planarian,gender,p0670,2
134,practical planarian,gender,p0672,2
135,practical planarian,gender,p0674,1
136,practical planarian,gender,p0678,1
137,practical planarian,gender,p0683,2
138,practical planarian,gender,p0686,1
139,practical planarian,gender,p0687,1
140,practical planarian,gender,p0698,2
141,practical planarian,gender,p0700,1
142,practical planarian,gender,p0703,1
143,practical planarian,gender,p0718,1
144,practical planarian,gender,p0744,2
145,practical planarian,gender,p0745,1
146,practical planarian,gender,p0753,2
147,practical planarian,gender,p0770,1
148,practical planarian,gender,p0771,1
149,practical planarian,gender,p0777,1
150,practical planarian,gender,p0779,1
151,practical planarian,gender,p0780,2
152,practical planarian,gender,p0783,1
153,practical planarian,gender,p0785,2
154,practical planarian,gender,p0786,2
155,practical planarian,gender,p0794,1
156,practical planarian,gender,p0798,1
157,practical planarian,gender,p0800,1
158,practical planarian,gender,p0820,2
159,practical planarian,gender,p0841,2
160,practical planarian,gender,p0849,1
161,practical planarian,gender,p0862,1
162,practical planarian,gender,p0867,2
163,practical planarian,gender,p0869,1
164,practical planarian,gender,p0872,1
165,practical planarian,gender,p0880,2
166,practical planarian,gender,p0891,1
167,practical planarian,gender,p0916,2
168,practical planarian,gender,p0917,2
169,practical planarian,gender,p0919,2
170,practical planarian,gender,p0922,2
171,practical planarian,gender,p0925,2
172,practical planarian,gender,p0927,1
173,practical planarian,gender,p0929,2
174,practical planarian,gender,p0930,1
175,practical planarian,gender,p0931,2
176,practical planarian,gender,p0933,2
177,practical planarian,gender,p0934,2
178,practical planarian,gender,p0936,2
179,practical planarian,gender,p0938,1
180,practical planarian,gender,p0939,2
181,practical planarian,gender,p0946,1
182,practical planarian,gender,p0951,1
183,practical planarian,gender,p0956,2
184,practical planarian,gender,p0962,2
185,practical planarian,gender,p0963,1
186,practical planarian,gender,p0969,1
187,practical planarian,gender,p0972,1
188,practical planarian,gender,p0975,1
189,practical planarian,gender,p0985,2
190,practical planarian,gender,p0993,1
191,practical planarian,gender,p0996,2
192,practical planarian,gender,p1011,1
193,practical planarian,gender,p1017,2
194,practical planarian,gender,p1020,1
195,practical planarian,gender,p1022,1
196,practical planarian,gender,p1024,2
197,practical planarian,gender,p1027,1
198,practical planarian,gender,p1028,1
199,practical planarian,gender,p1029,2
200,practical planarian,gender,p1032,1
201,practical planarian,gender,p1040,1
202,practical planarian,gender,p1047,1
203,practical planarian,gender,p1048,1
204,practical planarian,gender,p1053,2
205,practical planarian,gender,p1057,1
206,practical planarian,gender,p1058,2
207,practical planarian,gender,p1063,1
208,practical planarian,gender,p1064,2
209,practical planarian,gender,p1065,1
210,practical planarian,gender,p1069,2
211,practical planarian,gender,p1072,1
212,practical planarian,gender,p1073,1
213,practical planarian,gender,p1075,2
214,practical planarian,gender,p1076,2
215,practical planarian,gender,p1083,2
216,practical planarian,gender,p1089,1
217,practical planarian,gender,p1093,1
218,practical planarian,gender,p1096,2
219,practical planarian,gender,p1100,1
220,practical planarian,gender,p1106,2
221,practical planarian,gender,p1107,2
222,practical planarian,gender,p1113,1
223,practical planarian,gender,p1117,1
224,practical planarian,gender,p1120,1
225,practical planarian,gender,p1134,1
226,practical planarian,gender,p1136,1
227,practical planarian,gender,p1138,2
228,practical planarian,gender,p1144,1
229,practical planarian,gender,p1145,1
230,practical planarian,gender,p1147,2
231,practical planarian,gender,p1148,1
232,practical planarian,gender,p1154,2
233,practical planarian,gender,p1159,1
234,practical planarian,gender,p1167,1
235,practical planarian,gender,p1175,2
236,practical planarian,gender,p1178,2
237,practical planarian,gender,p1184,2
238,practical planarian,gender,p1186,1
239,practical planarian,gender,p1196,1
240,practical planarian,gender,p1197,2
241,practical planarian,gender,p1203,1
242,practical planarian,gender,p1219,2
243,practical planarian,gender,p1225,1
244,practical planarian,gender,p1234,2
245,practical planarian,gender,p1242,1
246,practical planarian,gender,p1244,1
247,practical planarian,gender,p1249,2
248,practical planarian,gender,p1250,1
249,practical planarian,gender,p1256,1
250,practical planarian,gender,p1258,2
251,practical planarian,gender,p1260,1
252,practical planarian,gender,p1262,1
253,practical planarian,gender,p1264,2
254,practical planarian,gender,p1265,2
255,practical planarian,gender,p1269,1
256,practical planarian,gender,p1272,2
257,practical planarian,gender,p1278,1
258,practical planarian,gender,p1281,2
259,practical planarian,gender,p1292,1
260,practical planarian,gender,p1299,2
261,practical planarian,gender,p1312,2
262,practical planarian,gender,p1322,1
263,practical planarian,gender,p1326,2
264,practical planarian,gender,p1330,2
265,practical planarian,gender,p1335,2
266,practical planarian,gender,p1337,1
267,practical planarian,gender,p1340,1
268,practical planarian,gender,p1345,1
269,practical planarian,gender,p1351,1
270,practical planarian,gender,p1355,2
271,practical planarian,gender,p1362,2
272,practical planarian,gender,p1365,1
273,practical planarian,gender,p1366,2
274,practical planarian,gender,p1367,1
275,practical planarian,gender,p1370,2
276,practical planarian,gender,p1371,1
277,practical planarian,gender,p1373,2
278,practical planarian,gender,p1375,2
279,practical planarian,gender,p1376,2
280,practical planarian,gender,p1379,2
281,practical planarian,gender,p1381,2
282,practical planarian,gender,p1393,2
283,practical planarian,gender,p1396,2
284,practical planarian,gender,p1398,1
285,practical planarian,gender,p1404,2
286,practical planarian,gender,p1406,1
287,practical planarian,gender,p1407,2
288,practical planarian,gender,p1409,1
289,practical planarian,gender,p1412,1
290,practical planarian,gender,p1414,1
291,practical planarian,gender,p1424,1
292,practical planarian,gender,p1425,1
293,practical planarian,gender,p1429,2
294,practical planarian,gender,p1434,1
295,practical planarian,gender,p1441,1
296,practical planarian,gender,p1445,1
297,practical planarian,gender,p1450,1
298,practical planarian,gender,p1454,1
299,practical planarian,gender,p1456,1
300,practical planarian,gender,p1457,2
301,practical planarian,gender,p1458,1
302,practical planarian,gender,p1469,1
303,practical planarian,gender,p1470,1
304,practical planarian,gender,p1481,1
305,practical planarian,gender,p1488,2
306,practical planarian,gender,p1492,1
307,practical planarian,gender,p1495,1
308,practical planarian,gender,p1497,2
309,practical planarian,gender,p1499,1
310,practical planarian,gender,p1503,1
311,practical planarian,gender,p1511,1
312,practical planarian,gender,p1512,2
313,practical planarian,gender,p1518,2
314,practical planarian,gender,p1519,2
315,practical planarian,gender,p1520,2
316,practical planarian,gender,p1524,2
317,practical planarian,gender,p1526,2
318,practical planarian,gender,p1537,1
319,practical planarian,gender,p1545,2
320,practical planarian,gender,p1547,2
321,practical planarian,gender,p1552,1
322,practical planarian,gender,p1567,1
323,practical planarian,gender,p1568,2
324,practical planarian,gender,p1579,2
325,practical planarian,gender,p1587,2
326,practical planarian,gender,p1596,1
327,practical planarian,gender,p1600,1
328,practical planarian,gender,p1603,2
329,practical planarian,gender,p1604,2
330,practical planarian,gender,p1610,2
331,practical planarian,gender,p1618,1
332,practical planarian,gender,p1619,1
333,practical planarian,gender,p1622,1
334,practical planarian,gender,p1623,1
335,practical planarian,gender,p1630,1
336,practical planarian,gender,p1641,1
337,practical planarian,gender,p1649,1
338,practical planarian,gender,p1652,1
339,practical planarian,gender,p1665,1
340,practical planarian,gender,p1669,1
341,practical planarian,gender,p1685,1
342,practical planarian,gender,p1693,2
343,practical planarian,gender,p1698,1
344,practical planarian,gender,p1704,1
345,practical planarian,gender,p1711,1
346,practical planarian,gender,p1718,1
347,practical planarian,gender,p1732,1
348,practical planarian,gender,p1739,1
349,practical planarian,gender,p1741,1
350,practical planarian,gender,p1746,1
351,practical planarian,gender,p1751,1
352,practical planarian,gender,p1754,2
353,practical planarian,gender,p1769,2
354,practical planarian,gender,p1771,2
355,practical planarian,gender,p1776,1
356,practical planarian,gender,p1780,1
357,practical planarian,gender,p1785,2
358,practical planarian,gender,p1791,1
359,practical planarian,gender,p1793,1
360,practical planarian,gender,p1796,1
361,practical planarian,gender,p1805,1
362,practical planarian,gender,p1812,1
363,practical planarian,gender,p1816,2
364,practical planarian,gender,p1819,1
365,practical planarian,gender,p1825,1
366,practical planarian,gender,p1836,1
367,practical planarian,gender,p1839,2
368,practical planarian,gender,p1861,1
369,practical planarian,gender,p1863,1
370,practical planarian,gender,p1873,1
371,practical planarian,gender,p1875,1
372,practical planarian,gender,p1876,2
373,practical planarian,gender,p1877,2
374,practical planarian,gender,p1880,2
375,practical planarian,gender,p1883,1
376,practical planarian,gender,p1889,1
377,practical planarian,gender,p1893,1
378,practical planarian,gender,p1896,1
379,practical planarian,gender,p1913,1
380,practical planarian,gender,p1922,1
381,practical planarian,gender,p1930,1
382,practical planarian,gender,p1935,1
383,practical planarian,gender,p1940,1
384,practical planarian,gender,p1948,2
385,practical planarian,gender,p1950,2
386,practical planarian,gender,p1954,1
387,practical planarian,gender,p1956,2
388,practical planarian,gender,p1958,1
389,practical planarian,gender,p1967,2
390,practical planarian,gender,p1973,1
391,practical planarian,gender,p1978,1
392,practical planarian,gender,p1983,1
393,practical planarian,gender,p1984,2
394,practical planarian,gender,p1995,1
395,practical planarian,gender,p1996,2
396,practical planarian,gender,p1997,1
397,practical planarian,gender,p2001,2
398,practical planarian,gender,p2002,2
399,practical planarian,gender,p2013,2
400,practical planarian,gender,p2014,2
401,practical planarian,gender,p2016,1
402,practical planarian,gender,p2018,1
403,practical planarian,gender,p2023,2
404,practical planarian,gender,p2025,1
405,practical planarian,gender,p2028,1
406,practical planarian,gender,p2030,2
407,practical planarian,gender,p2033,1
408,practical planarian,gender,p2040,1
409,practical planarian,gender,p2051,2
410,practical planarian,gender,p2052,1
411,practical planarian,gender,p2066,1
412,practical planarian,gender,p2067,1
413,practical planarian,gender,p2073,1
414,practical planarian,gender,p2077,2
415,practical planarian,gender,p2078,2
416,practical planarian,gender,p2086,1
417,practical planarian,gender,p2089,1
418,practical planarian,gender,p2093,1
419,practical planarian,gender,p2094,2
420,practical planarian,gender,p2111,2
421,practical planarian,gender,p2117,2
422,practical planarian,gender,p2121,1
423,practical planarian,gender,p2127,1
424,practical planarian,gender,p2141,1
425,practical planarian,gender,p2142,2
426,practical planarian,gender,p2143,1
427,practical planarian,gender,p2153,2
428,practical planarian,gender,p2155,2
429,practical planarian,gender,p2169,1
430,practical planarian,gender,p2187,1
431,practical planarian,gender,p2188,1
432,practical planarian,gender,p2197,2
433,practical planarian,gender,p2213,2
434,practical planarian,gender,p2214,2
435,practical planarian,gender,p2215,2
436,practical planarian,gender,p2220,1
437,practical planarian,gender,p2223,2
438,practical planarian,gender,p2229,1
439,practical planarian,gender,p2234,2
440,practical planarian,gender,p2237,2
441,practical planarian,gender,p2238,1
442,practical planarian,gender,p2244,2
443,practical planarian,gender,p2248,2
444,practical planarian,gender,p2252,1
445,practical planarian,gender,p2255,1
446,practical planarian,gender,p2261,1
447,practical planarian,gender,p2263,2
448,practical planarian,gender,p2273,2
449,practical planarian,gender,p2275,2
450,practical planarian,gender,p2276,2
451,practical planarian,gender,p2283,2
452,practical planarian,gender,p2287,2
453,practical planarian,gender,p2296,1
454,practical planarian,gender,p2298,1
455,practical planarian,gender,p2304,1
456,practical planarian,gender,p2310,2
457,practical planarian,gender,p2322,2
458,practical planarian,gender,p2326,2
459,practical planarian,gender,p2330,2
460,practical planarian,gender,p2331,1
461,practical planarian,gender,p2333,1
462,practical planarian,gender,p2347,2
463,practical planarian,gender,p2350,2
464,practical planarian,gender,p2351,1
465,practical planarian,gender,p2353,2
466,practical planarian,gender,p2355,2
467,practical planarian,gender,p2363,2
468,practical planarian,gender,p2378,2
469,practical planarian,gender,p2380,1
470,practical planarian,gender,p2387,2
471,practical planarian,gender,p2398,1
472,practical planarian,gender,p2400,1
473,practical planarian,gender,p2403,2
474,practical planarian,gender,p2408,2
475,practical planarian,gender,p2418,2
476,practical planarian,gender,p2426,1
477,practical planarian,gender,p2428,2
478,practical planarian,gender,p2434,2
479,practical planarian,gender,p2446,1
480,practical planarian,gender,p2452,1
481,practical planarian,gender,p2454,2
482,practical planarian,gender,p2462,1
483,practical planarian,gender,p2467,1
484,practical planarian,gender,p2482,2
485,practical planarian,gender,p2489,1
486,practical planarian,gender,p2490,2
487,practical planarian,gender,p2494,2
488,practical planarian,gender,p2502,1
489,practical planarian,gender,p2503,2
490,practical planarian,gender,p2522,1
491,practical planarian,gender,p2524,1
492,practical planarian,gender,p2533,2
493,practical planarian,gender,p2566,2
494,practical planarian,gender,p2571,1
495,practical planarian,gender,p2573,1
496,practical planarian,gender,p2582,1
497,practical planarian,gender,p2591,1
498,practical planarian,gender,p2592,2
499,practical planarian,gender,p2595,2
500,practical planarian,year_birth,p0016,1970
501,practical planarian,year_birth,p0022,1991
502,practical planarian,year_birth,p0023,1958
503,practical planarian,year_birth,p0026,1965
504,practical planarian,year_birth,p0034,1950
505,practical planarian,year_birth,p0036,1994
506,practical planarian,year_birth,p0037,1969
507,practical planarian,year_birth,p0042,1960
508,practical planarian,year_birth,p0057,1981
509,practical planarian,year_birth,p0066,1966
510,practical planarian,year_birth,p0069,1986
511,practical planarian,year_birth,p0072,1987
512,practical planarian,year_birth,p0073,1982
513,practical planarian,year_birth,p0082,1973
514,practical planarian,year_birth,p0091,1995
515,practical planarian,year_birth,p0092,1980
516,practical planarian,year_birth,p0093,1947
517,practical planarian,year_birth,p0095,1946
518,practical planarian,year_birth,p0107,1964
519,practical planarian,year_birth,p0114,1987
520,practical planarian,year_birth,p0116,1986
521,practical planarian,year_birth,p0118,1998
522,practical planarian,year_birth,p0119,1989
523,practical planarian,year_birth,p0126,1961
524,practical planarian,year_birth,p0129,1951
525,practical planarian,year_birth,p0136,1986
526,practical planarian,year_birth,p0138,1947
527,practical planarian,year_birth,p0144,1989
528,practical planarian,year_birth,p0150,1975
529,practical planarian,year_birth,p0152,1973
530,practical planarian,year_birth,p0158,1948
531,practical planarian,year_birth,p0161,1984
532,practical planarian,year_birth,p0164,1955
533,practical planarian,year_birth,p0175,1954
534,practical planarian,year_birth,p0177,1972
535,practical planarian,year_birth,p0178,1991
536,practical planarian,year_birth,p0181,1970
537,practical planarian,year_birth,p0186,1968
538,practical planarian,year_birth,p0196,1993
539,practical planarian,year_birth,p0198,1949
540,practical planarian,year_birth,p0202,1950
541,practical planarian,year_birth,p0205,1944
542,practical planarian,year_birth,p0207,1932
543,practical planarian,year_birth,p0211,1947
544,practical planarian,year_birth,p0227,1978
545,practical planarian,year_birth,p0229,1957
546,practical planarian,year_birth,p0232,1939
547,practical planarian,year_birth,p0233,1951
548,practical planarian,year_birth,p0237,1984
549,practical planarian,year_birth,p0258,1936
550,practical planarian,year_birth,p0268,1927
551,practical planarian,year_birth,p0274,1981
552,practical planarian,year_birth,p0275,1970
553,practical planarian,year_birth,p0277,1975
554,practical planarian,year_birth,p0288,1970
555,practical planarian,year_birth,p0291,1936
556,practical planarian,year_birth,p0307,1996
557,practical planarian,year_birth,p0308,1998
558,practical planarian,year_birth,p0317,1960
559,practical planarian,year_birth,p0325,1989
560,practical planarian,year_birth,p0327,1958
561,practical planarian,year_birth,p0334,1956
562,practical planarian,year_birth,p0336,1987
563,practical planarian,year_birth,p0338,1977
564,practical planarian,year_birth,p0342,1981
565,practical planarian,year_birth,p0349,1975
566,practical planarian,year_birth,p0356,1991
567,practical planarian,year_birth,p0358,1956
568,practical planarian,year_birth,p0363,1956
569,practical planarian,year_birth,p0364,1981
570,practical planarian,year_birth,p0369,1989
571,practical planarian,year_birth,p0370,1983
572,practical planarian,year_birth,p0371,1959
573,practical planarian,year_birth,p0379,1962
574,practical planarian,year_birth,p0386,1986
575,practical planarian,year_birth,p0396,1987
576,practical planarian,year_birth,p0403,1988
577,practical planarian,year_birth,p0405,1990
578,practical planarian,year_birth,p0412,1963
579,practical planarian,year_birth,p0415,1992
580,practical planarian,year_birth,p0416,1982
581,practical planarian,year_birth,p0417,1983
582,practical planarian,year_birth,p0418,1952
583,practical planarian,year_birth,p0430,1944
584,practical planarian,year_birth,p0431,1998
585,practical planarian,year_birth,p0434,1964
586,practical planarian,year_birth,p0438,1977
587,practical planarian,year_birth,p0441,1988
588,practical planarian,year_birth,p0442,1994
589,practical planarian,year_birth,p0449,1957
590,practical planarian,year_birth,p0450,1951
591,practical planarian,year_birth,p0465,1965
592,practical planarian,year_birth,p0471,1987
593,practical planarian,year_birth,p0477,1970
594,practical planarian,year_birth,p0483,1993
595,practical planarian,year_birth,p0486,1990
596,practical planarian,year_birth,p0487,1983
597,practical planarian,year_birth,p0489,1959
598,practical planarian,year_birth,p0497,1946
599,practical planarian,year_birth,p0502,1953
600,practical planarian,year_birth,p0503,1991
601,practical planarian,year_birth,p0506,1987
602,practical planarian,year_birth,p0511,1989
603,practical planarian,year_birth,p0523,1993
604,practical planarian,year_birth,p0534,1954
605,practical planarian,year_birth,p0536,1982
606,practical planarian,year_birth,p0542,1948
607,practical planarian,year_birth,p0547,1954
608,practical planarian,year_birth,p0553,1966
609,practical planarian,year_birth,p0559,1991
610,practical planarian,year_birth,p0566,1984
611,practical planarian,year_birth,p0568,1972
612,practical planarian,year_birth,p0570,1977
613,practical planarian,year_birth,p0573,1987
614,practical planarian,year_birth,p0578,1967
615,practical planarian,year_birth,p0594,1984
616,practical planarian,year_birth,p0597,1958
617,practical planarian,year_birth,p0601,1996
618,practical planarian,year_birth,p0602,1952
619,practical planarian,year_birth,p0605,1987
620,practical planarian,year_birth,p0615,1966
621,practical planarian,year_birth,p0620,1994
622,practical planarian,year_birth,p0626,1980
623,practical planarian,year_birth,p0629,1995
624,practical planarian,year_birth,p0633,1996
625,practical planarian,year_birth,p0638,1989
626,practical planarian,year_birth,p0639,1976
627,practical planarian,year_birth,p0640,1951
628,practical planarian,year_birth,p0655,1998
629,practical planarian,year_birth,p0656,1991
630,practical planarian,year_birth,p0658,1968
631,practical planarian,year_birth,p0661,1988
632,practical planarian,year_birth,p0669,1960
633,practical planarian,year_birth,p0670,1980
634,practical planarian,year_birth,p0672,1973
635,practical planarian,year_birth,p0674,1985
636,practical planarian,year_birth,p0678,1978
637,practical planarian,year_birth,p0683,1949
638,practical planarian,year_birth,p0686,1977
639,practical planarian,year_birth,p0687,1953
640,practical planarian,year_birth,p0698,1963
641,practical planarian,year_birth,p0700,1981
642,practical planarian,year_birth,p0703,1970
643,practical planarian,year_birth,p0718,1984
644,practical planarian,year_birth,p0744,1987
645,practical planarian,year_birth,p0745,1987
646,practical planarian,year_birth,p0753,1992
647,practical planarian,year_birth,p0770,1985
648,practical planarian,year_birth,p0771,1964
649,practical planarian,year_birth,p0777,1982
650,practical planarian,year_birth,p0779,1964
651,practical planarian,year_birth,p0780,1970
652,practical planarian,year_birth,p0783,1947
653,practical planarian,year_birth,p0785,1994
654,practical planarian,year_birth,p0786,1970
655,practical planarian,year_birth,p0794,1952
656,practical planarian,year_birth,p0798,1947
657,practical planarian,year_birth,p0800,1967
658,practical planarian,year_birth,p0820,1982
659,practical planarian,year_birth,p0841,1985
660,practical planarian,year_birth,p0849,1970
661,practical planarian,year_birth,p0862,1989
662,practical planarian,year_birth,p0867,1969
663,practical planarian,year_birth,p0869,1955
664,practical planarian,year_birth,p0872,1972
665,practical planarian,year_birth,p0880,1993
666,practical planarian,year_birth,p0891,1984
667,practical planarian,year_birth,p0916,1989
668,practical planarian,year_birth,p0917,1987
669,practical planarian,year_birth,p0919,1991
670,practical planarian,year_birth,p0922,1957
671,practical planarian,year_birth,p0925,1966
672,practical planarian,year_birth,p0927,1990
673,practical planarian,year_birth,p0929,1991
674,practical planarian,year_birth,p0930,1984
675,practical planarian,year_birth,p0931,1958
676,practical planarian,year_birth,p0933,1986
677,practical planarian,year_birth,p0934,1978
678,practical planarian,year_birth,p0936,1976
679,practical planarian,year_birth,p0938,1982
680,practical planarian,year_birth,p0939,1984
681,practical planarian,year_birth,p0946,1980
682,practical planarian,year_birth,p0951,1963
683,practical planarian,year_birth,p0956,1988
684,practical planarian,year_birth,p0962,1942
685,practical planarian,year_birth,p0963,1990
686,practical planarian,year_birth,p0969,1960
687,practical planarian,year_birth,p0972,1956
688,practical planarian,year_birth,p0975,1952
689,practical planarian,year_birth,p0985,1994
690,practical planarian,year_birth,p0993,1983
691,practical planarian,year_birth,p0996,1956
692,practical planarian,year_birth,p1011,1961
693,practical planarian,year_birth,p1017,1992
694,practical planarian,year_birth,p1020,1953
695,practical planarian,year_birth,p1022,1995
696,practical planarian,year_birth,p1024,1972
697,practical planarian,year_birth,p1027,1996
698,practical planarian,year_birth,p1028,1985
699,practical planarian,year_birth,p1029,1986
700,practical planarian,year_birth,p1032,1972
701,practical planarian,year_birth,p1040,1990
702,practical planarian,year_birth,p1047,1997
703,practical planarian,year_birth,p1048,1985
704,practical planarian,year_birth,p1053,1987
705,practical planarian,year_birth,p1057,1986
706,practical planarian,year_birth,p1058,1988
707,practical planarian,year_birth,p1063,1960
708,practical planarian,year_birth,p1064,1955
709,practical planarian,year_birth,p1065,1955
710,practical planarian,year_birth,p1069,1981
711,practical planarian,year_birth,p1072,1986
712,practical planarian,year_birth,p1073,1980
713,practical planarian,year_birth,p1075,1965
714,practical planarian,year_birth,p1076,1997
715,practical planarian,year_birth,p1083,1950
716,practical planarian,year_birth,p1089,1992
717,practical planarian,year_birth,p1093,1995
718,practical planarian,year_birth,p1096,1988
719,practical planarian,year_birth,p1100,1972
720,practical planarian,year_birth,p1106,1988
721,practical planarian,year_birth,p1107,1955
722,practical planarian,year_birth,p1113,1984
723,practical planarian,year_birth,p1117,1940
724,practical planarian,year_birth,p1120,1956
725,practical planarian,year_birth,p1134,1951
726,practical planarian,year_birth,p1136,1967
727,practical planarian,year_birth,p1138,1969
728,practical planarian,year_birth,p1144,1962
729,practical planarian,year_birth,p1145,1952
730,practical planarian,year_birth,p1147,1989
731,practical planarian,year_birth,p1148,1982
732,practical planarian,year_birth,p1154,1985
733,practical planarian,year_birth,p1159,1957
734,practical planarian,year_birth,p1167,1965
735,practical planarian,year_birth,p1175,1989
736,practical planarian,year_birth,p1178,1989
737,practical planarian,year_birth,p1184,1979
738,practical planarian,year_birth,p1186,1970
739,practical planarian,year_birth,p1196,1996
740,practical planarian,year_birth,p1197,1974
741,practical planarian,year_birth,p1203,1954
742,practical planarian,year_birth,p1219,1994
743,practical planarian,year_birth,p1225,1952
744,practical planarian,year_birth,p1234,1996
745,practical planarian,year_birth,p1242,1954
746,practical planarian,year_birth,p1244,1976
747,practical planarian,year_birth,p1249,1972
748,practical planarian,year_birth,p1250,1960
749,practical planarian,year_birth,p1256,1979
750,practical planarian,year_birth,p1258,1986
751,practical planarian,year_birth,p1260,1982
752,practical planarian,year_birth,p1262,1972
753,practical planarian,year_birth,p1264,1997
754,practical planarian,year_birth,p1265,1987
755,practical planarian,year_birth,p1269,1983
756,practical planarian,year_birth,p1272,1998
757,practical planarian,year_birth,p1278,1988
758,practical planarian,year_birth,p1281,1989
759,practical planarian,year_birth,p1292,1990
760,practical planarian,year_birth,p1299,1964
761,practical planarian,year_birth,p1312,1984
762,practical planarian,year_birth,p1322,1986
763,practical planarian,year_birth,p1326,1985
764,practical planarian,year_birth,p1330,1962
765,practical planarian,year_birth,p1335,1991
766,practical planarian,year_birth,p1337,1965
767,practical planarian,year_birth,p1340,1983
768,practical planarian,year_birth,p1345,1960
769,practical planarian,year_birth,p1351,1932
770,practical planarian,year_birth,p1355,1991
771,practical planarian,year_birth,p1362,1941
772,practical planarian,year_birth,p1365,1961
773,practical planarian,year_birth,p1366,1958
774,practical planarian,year_birth,p1367,1984
775,practical planarian,year_birth,p1370,1936
776,practical planarian,year_birth,p1371,1969
777,practical planarian,year_birth,p1373,1991
778,practical planarian,year_birth,p1375,1980
779,practical planarian,year_birth,p1376,1986
780,practical planarian,year_birth,p1379,1977
781,practical planarian,year_birth,p1381,1952
782,practical planarian,year_birth,p1393,1974
783,practical planarian,year_birth,p1396,1970
784,practical planarian,year_birth,p1398,1978
785,practical planarian,year_birth,p1404,1960
786,practical planarian,year_birth,p1406,1961
787,practical planarian,year_birth,p1407,1987
788,practical planarian,year_birth,p1409,1954
789,practical planarian,year_birth,p1412,1966
790,practical planarian,year_birth,p1414,1981
791,practical planarian,year_birth,p1424,1968
792,practical planarian,year_birth,p1425,1968
793,practical planarian,year_birth,p1429,1971
794,practical planarian,year_birth,p1434,1976
795,practical planarian,year_birth,p1441,1975
796,practical planarian,year_birth,p1445,1956
797,practical planarian,year_birth,p1450,1993
798,practical planarian,year_birth,p1454,1967
799,practical planarian,year_birth,p1456,1978
800,practical planarian,year_birth,p1457,1987
801,practical planarian,year_birth,p1458,1966
802,practical planarian,year_birth,p1469,1979
803,practical planarian,year_birth,p1470,1961
804,practical planarian,year_birth,p1481,1958
805,practical planarian,year_birth,p1488,1973
806,practical planarian,year_birth,p1492,1976
807,practical planarian,year_birth,p1495,1943
808,practical planarian,year_birth,p1497,1965
809,practical planarian,year_birth,p1499,1993
810,practical planarian,year_birth,p1503,1963
811,practical planarian,year_birth,p1511,1960
812,practical planarian,year_birth,p1512,1989
813,practical planarian,year_birth,p1518,1992
814,practical planarian,year_birth,p1519,1995
815,practical planarian,year_birth,p1520,1988
816,practical planarian,year_birth,p1524,1968
817,practical planarian,year_birth,p1526,1982
818,practical planarian,year_birth,p1537,1937
819,practical planarian,year_birth,p1545,1975
820,practical planarian,year_birth,p1547,1968
821,practical planarian,year_birth,p1552,1989
822,practical planarian,year_birth,p1567,1949
823,practical planarian,year_birth,p1568,1950
824,practical planarian,year_birth,p1579,1951
825,practical planarian,year_birth,p1587,1965
826,practical planarian,year_birth,p1596,1953
827,practical planarian,year_birth,p1600,1974
828,practical planarian,year_birth,p1603,1990
829,practical planarian,year_birth,p1604,1955
830,practical planarian,year_birth,p1610,1978
831,practical planarian,year_birth,p1618,1971
832,practical planarian,year_birth,p1619,1948
833,practical planarian,year_birth,p1622,1956
834,practical planarian,year_birth,p1623,1971
835,practical planarian,year_birth,p1630,1999
836,practical planarian,year_birth,p1641,1944
837,practical planarian,year_birth,p1649,1943
838,practical planarian,year_birth,p1652,1971
839,practical planarian,year_birth,p1665,1980
840,practical planarian,year_birth,p1669,1968
841,practical planarian,year_birth,p1685,1956
842,practical planarian,year_birth,p1693,1986
843,practical planarian,year_birth,p1698,1973
844,practical planarian,year_birth,p1704,1976
845,practical planarian,year_birth,p1711,1969
846,practical planarian,year_birth,p1718,1975
847,practical planarian,year_birth,p1732,1971
848,practical planarian,year_birth,p1739,1943
849,practical planarian,year_birth,p1741,1942
850,practical planarian,year_birth,p1746,1975
851,practical planarian,year_birth,p1751,1987
852,practical planarian,year_birth,p1754,1959
853,practical planarian,year_birth,p1769,1971
854,practical planarian,year_birth,p1771,1968
855,practical planarian,year_birth,p1776,1953
856,practical planarian,year_birth,p1780,1969
857,practical planarian,year_birth,p1785,1979
858,practical planarian,year_birth,p1791,1986
859,practical planarian,year_birth,p1793,1957
860,practical planarian,year_birth,p1796,1952
861,practical planarian,year_birth,p1805,1981
862,practical planarian,year_birth,p1812,1979
863,practical planarian,year_birth,p1816,1972
864,practical planarian,year_birth,p1819,1972
865,practical planarian,year_birth,p1825,1951
866,practical planarian,year_birth,p1836,1995
867,practical planarian,year_birth,p1839,1940
868,practical planarian,year_birth,p1861,1961
869,practical planarian,year_birth,p1863,1930
870,practical planarian,year_birth,p1873,1979
871,practical planarian,year_birth,p1875,1955
872,practical planarian,year_birth,p1876,1971
873,practical planarian,year_birth,p1877,1996
874,practical planarian,year_birth,p1880,1977
875,practical planarian,year_birth,p1883,1970
876,practical planarian,year_birth,p1889,1978
877,practical planarian,year_birth,p1893,1982
878,practical planarian,year_birth,p1896,1991
879,practical planarian,year_birth,p1913,1969
880,practical planarian,year_birth,p1922,1942
881,practical planarian,year_birth,p1930,1970
882,practical planarian,year_birth,p1935,1946
883,practical planarian,year_birth,p1940,1977
884,practical planarian,year_birth,p1948,1994
885,practical planarian,year_birth,p1950,1963
886,practical planarian,year_birth,p1954,1972
887,practical planarian,year_birth,p1956,1959
888,practical planarian,year_birth,p1958,1978
889,practical planarian,year_birth,p1967,1979
890,practical planarian,year_birth,p1973,1995
891,practical planarian,year_birth,p1978,1953
892,practical planarian,year_birth,p1983,1976
893,practical planarian,year_birth,p1984,1956
894,practical planarian,year_birth,p1995,1942
895,practical planarian,year_birth,p1996,1977
896,practical planarian,year_birth,p1997,1972
897,practical planarian,year_birth,p2001,1977
898,practical planarian,year_birth,p2002,1968
899,practical planarian,year_birth,p2013,1980
900,practical planarian,year_birth,p2014,1968
901,practical planarian,year_birth,p2016,1962
902,practical planarian,year_birth,p2018,1980
903,practical planarian,year_birth,p2023,1969
904,practical planarian,year_birth,p2025,1937
905,practical planarian,year_birth,p2028,1953
906,practical planarian,year_birth,p2030,1973
907,practical planarian,year_birth,p2033,1978
908,practical planarian,year_birth,p2040,1947
909,practical planarian,year_birth,p2051,1991
910,practical planarian,year_birth,p2052,1971
911,practical planarian,year_birth,p2066,1942
912,practical planarian,year_birth,p2067,1953
913,practical planarian,year_birth,p2073,1994
914,practical planarian,year_birth,p2077,1994
915,practical planarian,year_birth,p2078,1988
916,practical planarian,year_birth,p2086,1964
917,practical planarian,year_birth,p2089,1981
918,practical planarian,year_birth,p2093,1956
919,practical planarian,year_birth,p2094,1945
920,practical planarian,year_birth,p2111,1997
921,practical planarian,year_birth,p2117,1979
922,practical planarian,year_birth,p2121,1958
923,practical planarian,year_birth,p2127,1969
924,practical planarian,year_birth,p2141,1996
925,practical planarian,year_birth,p2142,1999
926,practical planarian,year_birth,p2143,1971
927,practical planarian,year_birth,p2153,1984
928,practical planarian,year_birth,p2155,1973
929,practical planarian,year_birth,p2169,1961
930,practical planarian,year_birth,p2187,1991
931,practical planarian,year_birth,p2188,1974
932,practical planarian,year_birth,p2197,1986
933,practical planarian,year_birth,p2213,1997
934,practical planarian,year_birth,p2214,1989
935,practical planarian,year_birth,p2215,1992
936,practical planarian,year_birth,p2220,1971
937,practical planarian,year_birth,p2223,1990
938,practical planarian,year_birth,p2229,1985
939,practical planarian,year_birth,p2234,1991
940,practical planarian,year_birth,p2237,1960
941,practical planarian,year_birth,p2238,1957
942,practical planarian,year_birth,p2244,1987
943,practical planarian,year_birth,p2248,1966
944,practical planarian,year_birth,p2252,1999
945,practical planarian,year_birth,p2255,1950
946,practical planarian,year_birth,p2261,1960
947,practical planarian,year_birth,p2263,1974
948,practical planarian,year_birth,p2273,1993
949,practical planarian,year_birth,p2275,1984
950,practical planarian,year_birth,p2276,1985
951,practical planarian,year_birth,p2283,1964
952,practical planarian,year_birth,p2287,1957
953,practical planarian,year_birth,p2296,1992
954,practical planarian,year_birth,p2298,1994
955,practical planarian,year_birth,p2304,1995
956,practical planarian,year_birth,p2310,1986
957,practical planarian,year_birth,p2322,1988
958,practical planarian,year_birth,p2326,1990
959,practical planarian,year_birth,p2330,1996
960,practical planarian,year_birth,p2331,1997
961,practical planarian,year_birth,p2333,1967
962,practical planarian,year_birth,p2347,1972
963,practical planarian,year_birth,p2350,1989
964,practical planarian,year_birth,p2351,1986
965,practical planarian,year_birth,p2353,1998
966,practical planarian,year_birth,p2355,1988
967,practical planarian,year_birth,p2363,1982
968,practical planarian,year_birth,p2378,1994
969,practical planarian,year_birth,p2380,1994
970,practical planarian,year_birth,p2387,1986
971,practical planarian,year_birth,p2398,1990
972,practical planarian,year_birth,p2400,1961
973,practical planarian,year_birth,p2403,1971
974,practical planarian,year_birth,p2408,1980
975,practical planarian,year_birth,p2418,1987
976,practical planarian,year_birth,p2426,1951
977,practical planarian,year_birth,p2428,1989
978,practical planarian,year_birth,p2434,1968
979,practical planarian,year_birth,p2446,1983
980,practical planarian,year_birth,p2452,1975
981,practical planarian,year_birth,p2454,1978
982,practical planarian,year_birth,p2462,1993
983,practical planarian,year_birth,p2467,1972
984,practical planarian,year_birth,p2482,1967
985,practical planarian,year_birth,p2489,1952
986,practical planarian,year_birth,p2490,1998
987,practical planarian,year_birth,p2494,1947
988,practical planarian,year_birth,p2502,1955
989,practical planarian,year_birth,p2503,1987
990,practical planarian,year_birth,p2522,1945
991,practical planarian,year_birth,p2524,1946
992,practical planarian,year_birth,p2533,1951
993,practical planarian,year_birth,p2566,1968
994,practical planarian,year_birth,p2571,1952
995,practical planarian,year_birth,p2573,1969
996,practical planarian,year_birth,p2582,1985
997,practical planarian,year_birth,p2591,1986
998,practical planarian,year_birth,p2592,1981
999,practical planarian,year_birth,p2595,1973
1000,practical planarian,race,p0016,1
1001,practical planarian,race,p0022,1
1002,practical planarian,race,p0023,1
1003,practical planarian,race,p0026,1
1004,practical planarian,race,p0034,1
1005,practical planarian,race,p0036,1
1006,practical planarian,race,p0037,1
1007,practical planarian,race,p0042,1
1008,practical planarian,race,p0057,1
1009,practical planarian,race,p0066,1
1010,practical planarian,race,p0069,1
1011,practical planarian,race,p0072,1
1012,practical planarian,race,p0073,1
1013,practical planarian,race,p0082,1
1014,practical planarian,race,p0091,1
1015,practical planarian,race,p0092,2
1016,practical planarian,race,p0093,1
1017,practical planarian,race,p0095,1
1018,practical planarian,race,p0107,1
1019,practical planarian,race,p0114,1
1020,practical planarian,race,p0116,1
1021,practical planarian,race,p0118,1
1022,practical planarian,race,p0119,1
1023,practical planarian,race,p0126,1
1024,practical planarian,race,p0129,1
1025,practical planarian,race,p0136,1
1026,practical planarian,race,p0138,1
1027,practical planarian,race,p0144,5
1028,practical planarian,race,p0150,2
1029,practical planarian,race,p0152,1
1030,practical planarian,race,p0158,1
1031,practical planarian,race,p0161,1
1032,practical planarian,race,p0164,1
1033,practical planarian,race,p0175,1
1034,practical planarian,race,p0177,5
1035,practical planarian,race,p0178,1
1036,practical planarian,race,p0181,1
1037,practical planarian,race,p0186,1
1038,practical planarian,race,p0196,1
1039,practical planarian,race,p0198,1
1040,practical planarian,race,p0202,1
1041,practical planarian,race,p0205,1
1042,practical planarian,race,p0207,1
1043,practical planarian,race,p0211,1
1044,practical planarian,race,p0227,5
1045,practical planarian,race,p0229,2
1046,practical planarian,race,p0232,1
1047,practical planarian,race,p0233,1
1048,practical planarian,race,p0237,1
1049,practical planarian,race,p0258,1
1050,practical planarian,race,p0268,1
1051,practical planarian,race,p0274,2
1052,practical planarian,race,p0275,2
1053,practical planarian,race,p0277,2
1054,practical planarian,race,p0288,2
1055,practical planarian,race,p0291,1
1056,practical planarian,race,p0307,1
1057,practical planarian,race,p0308,1
1058,practical planarian,race,p0317,1
1059,practical planarian,race,p0325,1
1060,practical planarian,race,p0327,1
1061,practical planarian,race,p0334,1
1062,practical planarian,race,p0336,1
1063,practical planarian,race,p0338,1
1064,practical planarian,race,p0342,2
1065,practical planarian,race,p0349,1
1066,practical planarian,race,p0356,1
1067,practical planarian,race,p0358,1
1068,practical planarian,race,p0363,1
1069,practical planarian,race,p0364,1
1070,practical planarian,race,p0369,1
1071,practical planarian,race,p0370,1
1072,practical planarian,race,p0371,1
1073,practical planarian,race,p0379,1
1074,practical planarian,race,p0386,1
1075,practical planarian,race,p0396,1
1076,practical planarian,race,p0403,2
1077,practical planarian,race,p0405,1
1078,practical planarian,race,p0412,1
1079,practical planarian,race,p0415,1
1080,practical planarian,race,p0416,1
1081,practical planarian,race,p0417,1
1082,practical planarian,race,p0418,1
1083,practical planarian,race,p0430,1
1084,practical planarian,race,p0431,1
1085,practical planarian,race,p0434,1
1086,practical planarian,race,p0438,1
1087,practical planarian,race,p0441,5
1088,practical planarian,race,p0442,2
1089,practical planarian,race,p0449,1
1090,practical planarian,race,p0450,1
1091,practical planarian,race,p0465,1
1092,practical planarian,race,p0471,1
1093,practical planarian,race,p0477,1
1094,practical planarian,race,p0483,2
1095,practical planarian,race,p0486,1
1096,practical planarian,race,p0487,1
1097,practical planarian,race,p0489,1
1098,practical planarian,race,p0497,1
1099,practical planarian,race,p0502,1
1100,practical planarian,race,p0503,1
1101,practical planarian,race,p0506,1
1102,practical planarian,race,p0511,1
1103,practical planarian,race,p0523,1
1104,practical planarian,race,p0534,1
1105,practical planarian,race,p0536,1
1106,practical planarian,race,p0542,1
1107,practical planarian,race,p0547,1
1108,practical planarian,race,p0553,1
1109,practical planarian,race,p0559,1
1110,practical planarian,race,p0566,1
1111,practical planarian,race,p0568,5
1112,practical planarian,race,p0570,2
1113,practical planarian,race,p0573,1
1114,practical planarian,race,p0578,1
1115,practical planarian,race,p0594,1
1116,practical planarian,race,p0597,1
1117,practical planarian,race,p0601,1
1118,practical planarian,race,p0602,1
1119,practical planarian,race,p0605,1
1120,practical planarian,race,p0615,1
1121,practical planarian,race,p0620,1
1122,practical planarian,race,p0626,1
1123,practical planarian,race,p0629,1
1124,practical planarian,race,p0633,1
1125,practical planarian,race,p0638,1
1126,practical planarian,race,p0639,1
1127,practical planarian,race,p0640,1
1128,practical planarian,race,p0655,1
1129,practical planarian,race,p0656,2
1130,practical planarian,race,p0658,1
1131,practical planarian,race,p0661,1
1132,practical planarian,race,p0669,1
1133,practical planarian,race,p0670,2
1134,practical planarian,race,p0672,5
1135,practical planarian,race,p0674,1
1136,practical planarian,race,p0678,1
1137,practical planarian,race,p0683,1
1138,practical planarian,race,p0686,1
1139,practical planarian,race,p0687,5
1140,practical planarian,race,p0698,1
1141,practical planarian,race,p0700,1
1142,practical planarian,race,p0703,1
1143,practical planarian,race,p0718,2
1144,practical planarian,race,p0744,1
1145,practical planarian,race,p0745,1
1146,practical planarian,race,p0753,1
1147,practical planarian,race,p0770,1
1148,practical planarian,race,p0771,5
1149,practical planarian,race,p0777,1
1150,practical planarian,race,p0779,1
1151,practical planarian,race,p0780,1
1152,practical planarian,race,p0783,1
1153,practical planarian,race,p0785,1
1154,practical planarian,race,p0786,2
1155,practical planarian,race,p0794,1
1156,practical planarian,race,p0798,1
1157,practical planarian,race,p0800,1
1158,practical planarian,race,p0820,1
1159,practical planarian,race,p0841,1
1160,practical planarian,race,p0849,1
1161,practical planarian,race,p0862,5
1162,practical planarian,race,p0867,2
1163,practical planarian,race,p0869,1
1164,practical planarian,race,p0872,1
1165,practical planarian,race,p0880,5
1166,practical planarian,race,p0891,1
1167,practical planarian,race,p0916,1
1168,practical planarian,race,p0917,1
1169,practical planarian,race,p0919,1
1170,practical planarian,race,p0922,1
1171,practical planarian,race,p0925,1
1172,practical planarian,race,p0927,1
1173,practical planarian,race,p0929,1
1174,practical planarian,race,p0930,1
1175,practical planarian,race,p0931,1
1176,practical planarian,race,p0933,5
1177,practical planarian,race,p0934,1
1178,practical planarian,race,p0936,1
1179,practical planarian,race,p0938,1
1180,practical planarian,race,p0939,1
1181,practical planarian,race,p0946,1
1182,practical planarian,race,p0951,2
1183,practical planarian,race,p0956,1
1184,practical planarian,race,p0962,1
1185,practical planarian,race,p0963,1
1186,practical planarian,race,p0969,1
1187,practical planarian,race,p0972,1
1188,practical planarian,race,p0975,1
1189,practical planarian,race,p0985,2
1190,practical planarian,race,p0993,2
1191,practical planarian,race,p0996,1
1192,practical planarian,race,p1011,1
1193,practical planarian,race,p1017,1
1194,practical planarian,race,p1020,1
1195,practical planarian,race,p1022,1
1196,practical planarian,race,p1024,1
1197,practical planarian,race,p1027,5
1198,practical planarian,race,p1028,1
1199,practical planarian,race,p1029,2
1200,practical planarian,race,p1032,1
1201,practical planarian,race,p1040,5
1202,practical planarian,race,p1047,2
1203,practical planarian,race,p1048,1
1204,practical planarian,race,p1053,5
1205,practical planarian,race,p1057,1
1206,practical planarian,race,p1058,1
1207,practical planarian,race,p1063,1
1208,practical planarian,race,p1064,1
1209,practical planarian,race,p1065,1
1210,practical planarian,race,p1069,1
1211,practical planarian,race,p1072,1
1212,practical planarian,race,p1073,2
1213,practical planarian,race,p1075,1
1214,practical planarian,race,p1076,2
1215,practical planarian,race,p1083,1
1216,practical planarian,race,p1089,1
1217,practical planarian,race,p1093,1
1218,practical planarian,race,p1096,1
1219,practical planarian,race,p1100,1
1220,practical planarian,race,p1106,2
1221,practical planarian,race,p1107,1
1222,practical planarian,race,p1113,1
1223,practical planarian,race,p1117,1
1224,practical planarian,race,p1120,1
1225,practical planarian,race,p1134,1
1226,practical planarian,race,p1136,1
1227,practical planarian,race,p1138,1
1228,practical planarian,race,p1144,1
1229,practical planarian,race,p1145,1
1230,practical planarian,race,p1147,1
1231,practical planarian,race,p1148,1
1232,practical planarian,race,p1154,1
1233,practical planarian,race,p1159,2
1234,practical planarian,race,p1167,5
1235,practical planarian,race,p1175,1
1236,practical planarian,race,p1178,1
1237,practical planarian,race,p1184,1
1238,practical planarian,race,p1186,1
1239,practical planarian,race,p1196,1
1240,practical planarian,race,p1197,5
1241,practical planarian,race,p1203,1
1242,practical planarian,race,p1219,2
1243,practical planarian,race,p1225,1
1244,practical planarian,race,p1234,1
1245,practical planarian,race,p1242,1
1246,practical planarian,race,p1244,1
1247,practical planarian,race,p1249,1
1248,practical planarian,race,p1250,1
1249,practical planarian,race,p1256,5
1250,practical planarian,race,p1258,1
1251,practical planarian,race,p1260,2
1252,practical planarian,race,p1262,1
1253,practical planarian,race,p1264,1
1254,practical planarian,race,p1265,1
1255,practical planarian,race,p1269,1
1256,practical planarian,race,p1272,1
1257,practical planarian,race,p1278,1
1258,practical planarian,race,p1281,5
1259,practical planarian,race,p1292,1
1260,practical planarian,race,p1299,1
1261,practical planarian,race,p1312,1
1262,practical planarian,race,p1322,1
1263,practical planarian,race,p1326,1
1264,practical planarian,race,p1330,1
1265,practical planarian,race,p1335,1
1266,practical planarian,race,p1337,1
1267,practical planarian,race,p1340,1
1268,practical planarian,race,p1345,1
1269,practical planarian,race,p1351,1
1270,practical planarian,race,p1355,1
1271,practical planarian,race,p1362,1
1272,practical planarian,race,p1365,1
1273,practical planarian,race,p1366,1
1274,practical planarian,race,p1367,1
1275,practical planarian,race,p1370,1
1276,practical planarian,race,p1371,1
1277,practical planarian,race,p1373,1
1278,practical planarian,race,p1375,1
1279,practical planarian,race,p1376,1
1280,practical planarian,race,p1379,2
1281,practical planarian,race,p1381,1
1282,practical planarian,race,p1393,1
1283,practical planarian,race,p1396,5
1284,practical planarian,race,p1398,5
1285,practical planarian,race,p1404,1
1286,practical planarian,race,p1406,1
1287,practical planarian,race,p1407,1
1288,practical planarian,race,p1409,1
1289,practical planarian,race,p1412,2
1290,practical planarian,race,p1414,1
1291,practical planarian,race,p1424,1
1292,practical planarian,race,p1425,1
1293,practical planarian,race,p1429,2
1294,practical planarian,race,p1434,1
1295,practical planarian,race,p1441,2
1296,practical planarian,race,p1445,2
1297,practical planarian,race,p1450,1
1298,practical planarian,race,p1454,1
1299,practical planarian,race,p1456,1
1300,practical planarian,race,p1457,2
1301,practical planarian,race,p1458,1
1302,practical planarian,race,p1469,1
1303,practical planarian,race,p1470,1
1304,practical planarian,race,p1481,5
1305,practical planarian,race,p1488,5
1306,practical planarian,race,p1492,1
1307,practical planarian,race,p1495,1
1308,practical planarian,race,p1497,1
1309,practical planarian,race,p1499,1
1310,practical planarian,race,p1503,1
1311,practical planarian,race,p1511,1
1312,practical planarian,race,p1512,1
1313,practical planarian,race,p1518,1
1314,practical planarian,race,p1519,1
1315,practical planarian,race,p1520,1
1316,practical planarian,race,p1524,1
1317,practical planarian,race,p1526,1
1318,practical planarian,race,p1537,1
1319,practical planarian,race,p1545,1
1320,practical planarian,race,p1547,2
1321,practical planarian,race,p1552,5
1322,practical planarian,race,p1567,1
1323,practical planarian,race,p1568,1
1324,practical planarian,race,p1579,1
1325,practical planarian,race,p1587,2
1326,practical planarian,race,p1596,1
1327,practical planarian,race,p1600,1
1328,practical planarian,race,p1603,2
1329,practical planarian,race,p1604,1
1330,practical planarian,race,p1610,1
1331,practical planarian,race,p1618,1
1332,practical planarian,race,p1619,1
1333,practical planarian,race,p1622,5
1334,practical planarian,race,p1623,5
1335,practical planarian,race,p1630,1
1336,practical planarian,race,p1641,1
1337,practical planarian,race,p1649,5
1338,practical planarian,race,p1652,5
1339,practical planarian,race,p1665,1
1340,practical planarian,race,p1669,1
1341,practical planarian,race,p1685,1
1342,practical planarian,race,p1693,1
1343,practical planarian,race,p1698,2
1344,practical planarian,race,p1704,1
1345,practical planarian,race,p1711,1
1346,practical planarian,race,p1718,1
1347,practical planarian,race,p1732,1
1348,practical planarian,race,p1739,1
1349,practical planarian,race,p1741,1
1350,practical planarian,race,p1746,1
1351,practical planarian,race,p1751,1
1352,practical planarian,race,p1754,1
1353,practical planarian,race,p1769,1
1354,practical planarian,race,p1771,1
1355,practical planarian,race,p1776,2
1356,practical planarian,race,p1780,1
1357,practical planarian,race,p1785,1
1358,practical planarian,race,p1791,2
1359,practical planarian,race,p1793,1
1360,practical planarian,race,p1796,1
1361,practical planarian,race,p1805,1
1362,practical planarian,race,p1812,1
1363,practical planarian,race,p1816,1
1364,practical planarian,race,p1819,1
1365,practical planarian,race,p1825,1
1366,practical planarian,race,p1836,1
1367,practical planarian,race,p1839,1
1368,practical planarian,race,p1861,5
1369,practical planarian,race,p1863,1
1370,practical planarian,race,p1873,1
1371,practical planarian,race,p1875,1
1372,practical planarian,race,p1876,1
1373,practical planarian,race,p1877,1
1374,practical planarian,race,p1880,1
1375,practical planarian,race,p1883,5
1376,practical planarian,race,p1889,1
1377,practical planarian,race,p1893,5
1378,practical planarian,race,p1896,1
1379,practical planarian,race,p1913,1
1380,practical planarian,race,p1922,1
1381,practical planarian,race,p1930,1
1382,practical planarian,race,p1935,1
1383,practical planarian,race,p1940,5
1384,practical planarian,race,p1948,1
1385,practical planarian,race,p1950,1
1386,practical planarian,race,p1954,1
1387,practical planarian,race,p1956,1
1388,practical planarian,race,p1958,1
1389,practical planarian,race,p1967,1
1390,practical planarian,race,p1973,1
1391,practical planarian,race,p1978,1
1392,practical planarian,race,p1983,1
1393,practical planarian,race,p1984,2
1394,practical planarian,race,p1995,1
1395,practical planarian,race,p1996,1
1396,practical planarian,race,p1997,1
1397,practical planarian,race,p2001,1
1398,practical planarian,race,p2002,2
1399,practical planarian,race,p2013,1
1400,practical planarian,race,p2014,1
1401,practical planarian,race,p2016,5
1402,practical planarian,race,p2018,2
1403,practical planarian,race,p2023,1
1404,practical planarian,race,p2025,1
1405,practical planarian,race,p2028,1
1406,practical planarian,race,p2030,1
1407,practical planarian,race,p2033,1
1408,practical planarian,race,p2040,2
1409,practical planarian,race,p2051,1
1410,practical planarian,race,p2052,1
1411,practical planarian,race,p2066,1
1412,practical planarian,race,p2067,1
1413,practical planarian,race,p2073,1
1414,practical planarian,race,p2077,2
1415,practical planarian,race,p2078,5
1416,practical planarian,race,p2086,1
1417,practical planarian,race,p2089,1
1418,practical planarian,race,p2093,1
1419,practical planarian,race,p2094,1
1420,practical planarian,race,p2111,2
1421,practical planarian,race,p2117,1
1422,practical planarian,race,p2121,1
1423,practical planarian,race,p2127,1
1424,practical planarian,race,p2141,1
1425,practical planarian,race,p2142,2
1426,practical planarian,race,p2143,1
1427,practical planarian,race,p2153,3
1428,practical planarian,race,p2155,3
1429,practical planarian,race,p2169,3
1430,practical planarian,race,p2187,3
1431,practical planarian,race,p2188,3
1432,practical planarian,race,p2197,3
1433,practical planarian,race,p2213,3
1434,practical planarian,race,p2214,3
1435,practical planarian,race,p2215,3
1436,practical planarian,race,p2220,3
1437,practical planarian,race,p2223,3
1438,practical planarian,race,p2229,3
1439,practical planarian,race,p2234,3
1440,practical planarian,race,p2237,3
1441,practical planarian,race,p2238,3
1442,practical planarian,race,p2244,3
1443,practical planarian,race,p2248,3
1444,practical planarian,race,p2252,3
1445,practical planarian,race,p2255,3
1446,practical planarian,race,p2261,3
1447,practical planarian,race,p2263,3
1448,practical planarian,race,p2273,3
1449,practical planarian,race,p2275,3
1450,practical planarian,race,p2276,3
1451,practical planarian,race,p2283,3
1452,practical planarian,race,p2287,3
1453,practical planarian,race,p2296,3
1454,practical planarian,race,p2298,3
1455,practical planarian,race,p2304,3
1456,practical planarian,race,p2310,3
1457,practical planarian,race,p2322,3
1458,practical planarian,race,p2326,3
1459,practical planarian,race,p2330,3
1460,practical planarian,race,p2331,3
1461,practical planarian,race,p2333,3
1462,practical planarian,race,p2347,3
1463,practical planarian,race,p2350,3
1464,practical planarian,race,p2351,3
1465,practical planarian,race,p2353,3
1466,practical planarian,race,p2355,3
1467,practical planarian,race,p2363,3
1468,practical planarian,race,p2378,3
1469,practical planarian,race,p2380,3
1470,practical planarian,race,p2387,3
1471,practical planarian,race,p2398,3
1472,practical planarian,race,p2400,3
1473,practical planarian,race,p2403,3
1474,practical planarian,race,p2408,3
1475,practical planarian,race,p2418,3
1476,practical planarian,race,p2426,3
1477,practical planarian,race,p2428,3
1478,practical planarian,race,p2434,3
1479,practical planarian,race,p2446,3
1480,practical planarian,race,p2452,3
1481,practical planarian,race,p2454,3
1482,practical planarian,race,p2462,3
1483,practical planarian,race,p2467,3
1484,practical planarian,race,p2482,3
1485,practical planarian,race,p2489,3
1486,practical planarian,race,p2490,3
1487,practical planarian,race,p2494,3
1488,practical planarian,race,p2502,3
1489,practical planarian,race,p2503,3
1490,practical planarian,race,p2522,3
1491,practical planarian,race,p2524,3
1492,practical planarian,race,p2533,3
1493,practical planarian,race,p2566,3
1494,practical planarian,race,p2571,3
1495,practical planarian,race,p2573,3
1496,practical planarian,race,p2582,3
1497,practical planarian,race,p2591,3
1498,practical planarian,race,p2592,3
1499,practical planarian,race,p2595,3
1500,practical planarian,education,p0016,4
1501,practical planarian,education,p0022,4
1502,practical planarian,education,p0023,5
1503,practical planarian,education,p0026,4
1504,practical planarian,education,p0034,3
1505,practical planarian,education,p0036,3
1506,practical planarian,education,p0037,4
1507,practical planarian,education,p0042,3
1508,practical planarian,education,p0057,3
1509,practical planarian,education,p0066,4
1510,practical planarian,education,p0069,3
1511,practical planarian,education,p0072,4
1512,practical planarian,education,p0073,4
1513,practical planarian,education,p0082,4
1514,practical planarian,education,p0091,4
1515,practical planarian,education,p0092,2
1516,practical planarian,education,p0093,4
1517,practical planarian,education,p0095,3
1518,practical planarian,education,p0107,3
1519,practical planarian,education,p0114,5
1520,practical planarian,education,p0116,2
1521,practical planarian,education,p0118,3
1522,practical planarian,education,p0119,3
1523,practical planarian,education,p0126,3
1524,practical planarian,education,p0129,5
1525,practical planarian,education,p0136,3
1526,practical planarian,education,p0138,2
1527,practical planarian,education,p0144,4
1528,practical planarian,education,p0150,2
1529,practical planarian,education,p0152,3
1530,practical planarian,education,p0158,2
1531,practical planarian,education,p0161,3
1532,practical planarian,education,p0164,2
1533,practical planarian,education,p0175,3
1534,practical planarian,education,p0177,4
1535,practical planarian,education,p0178,6
1536,practical planarian,education,p0181,4
1537,practical planarian,education,p0186,3
1538,practical planarian,education,p0196,4
1539,practical planarian,education,p0198,5
1540,practical planarian,education,p0202,4
1541,practical planarian,education,p0205,5
1542,practical planarian,education,p0207,4
1543,practical planarian,education,p0211,3
1544,practical planarian,education,p0227,5
1545,practical planarian,education,p0229,2
1546,practical planarian,education,p0232,5
1547,practical planarian,education,p0233,2
1548,practical planarian,education,p0237,5
1549,practical planarian,education,p0258,4
1550,practical planarian,education,p0268,2
1551,practical planarian,education,p0274,5
1552,practical planarian,education,p0275,4
1553,practical planarian,education,p0277,4
1554,practical planarian,education,p0288,4
1555,practical planarian,education,p0291,4
1556,practical planarian,education,p0307,3
1557,practical planarian,education,p0308,3
1558,practical planarian,education,p0317,3
1559,practical planarian,education,p0325,4
1560,practical planarian,education,p0327,5
1561,practical planarian,education,p0334,6
1562,practical planarian,education,p0336,4
1563,practical planarian,education,p0338,1
1564,practical planarian,education,p0342,4
1565,practical planarian,education,p0349,5
1566,practical planarian,education,p0356,4
1567,practical planarian,education,p0358,4
1568,practical planarian,education,p0363,4
1569,practical planarian,education,p0364,5
1570,practical planarian,education,p0369,5
1571,practical planarian,education,p0370,2
1572,practical planarian,education,p0371,4
1573,practical planarian,education,p0379,3
1574,practical planarian,education,p0386,5
1575,practical planarian,education,p0396,5
1576,practical planarian,education,p0403,3
1577,practical planarian,education,p0405,4
1578,practical planarian,education,p0412,4
1579,practical planarian,education,p0415,3
1580,practical planarian,education,p0416,4
1581,practical planarian,education,p0417,2
1582,practical planarian,education,p0418,2
1583,practical planarian,education,p0430,5
1584,practical planarian,education,p0431,5
1585,practical planarian,education,p0434,2
1586,practical planarian,education,p0438,4
1587,practical planarian,education,p0441,5
1588,practical planarian,education,p0442,3
1589,practical planarian,education,p0449,5
1590,practical planarian,education,p0450,4
1591,practical planarian,education,p0465,5
1592,practical planarian,education,p0471,3
1593,practical planarian,education,p0477,3
1594,practical planarian,education,p0483,5
1595,practical planarian,education,p0486,3
1596,practical planarian,education,p0487,4
1597,practical planarian,education,p0489,5
1598,practical planarian,education,p0497,6
1599,practical planarian,education,p0502,5
1600,practical planarian,education,p0503,4
1601,practical planarian,education,p0506,3
1602,practical planarian,education,p0511,4
1603,practical planarian,education,p0523,5
1604,practical planarian,education,p0534,6
1605,practical planarian,education,p0536,3
1606,practical planarian,education,p0542,4
1607,practical planarian,education,p0547,2
1608,practical planarian,education,p0553,4
1609,practical planarian,education,p0559,4
1610,practical planarian,education,p0566,4
1611,practical planarian,education,p0568,3
1612,practical planarian,education,p0570,1
1613,practical planarian,education,p0573,3
1614,practical planarian,education,p0578,2
1615,practical planarian,education,p0594,2
1616,practical planarian,education,p0597,2
1617,practical planarian,education,p0601,2
1618,practical planarian,education,p0602,2
1619,practical planarian,education,p0605,3
1620,practical planarian,education,p0615,3
1621,practical planarian,education,p0620,4
1622,practical planarian,education,p0626,3
1623,practical planarian,education,p0629,4
1624,practical planarian,education,p0633,3
1625,practical planarian,education,p0638,4
1626,practical planarian,education,p0639,4
1627,practical planarian,education,p0640,2
1628,practical planarian,education,p0655,3
1629,practical planarian,education,p0656,3
1630,practical planarian,education,p0658,5
1631,practical planarian,education,p0661,4
1632,practical planarian,education,p0669,4
1633,practical planarian,education,p0670,2
1634,practical planarian,education,p0672,5
1635,practical planarian,education,p0674,4
1636,practical planarian,education,p0678,5
1637,practical planarian,education,p0683,2
1638,practical planarian,education,p0686,3
1639,practical planarian,education,p0687,4
1640,practical planarian,education,p0698,2
1641,practical planarian,education,p0700,4
1642,practical planarian,education,p0703,2
1643,practical planarian,education,p0718,2
1644,practical planarian,education,p0744,4
1645,practical planarian,education,p0745,4
1646,practical planarian,education,p0753,4
1647,practical planarian,education,p0770,4
1648,practical planarian,education,p0771,4
1649,practical planarian,education,p0777,5
1650,practical planarian,education,p0779,4
1651,practical planarian,education,p0780,3
1652,practical planarian,education,p0783,3
1653,practical planarian,education,p0785,4
1654,practical planarian,education,p0786,3
1655,practical planarian,education,p0794,4
1656,practical planarian,education,p0798,5
1657,practical planarian,education,p0800,4
1658,practical planarian,education,p0820,3
1659,practical planarian,education,p0841,3
1660,practical planarian,education,p0849,3
1661,practical planarian,education,p0862,5
1662,practical planarian,education,p0867,5
1663,practical planarian,education,p0869,3
1664,practical planarian,education,p0872,4
1665,practical planarian,education,p0880,2
1666,practical planarian,education,p0891,3
1667,practical planarian,education,p0916,5
1668,practical planarian,education,p0917,4
1669,practical planarian,education,p0919,4
1670,practical planarian,education,p0922,2
1671,practical planarian,education,p0925,2
1672,practical planarian,education,p0927,4
1673,practical planarian,education,p0929,3
1674,practical planarian,education,p0930,4
1675,practical planarian,education,p0931,2
1676,practical planarian,education,p0933,2
1677,practical planarian,education,p0934,3
1678,practical planarian,education,p0936,4
1679,practical planarian,education,p0938,2
1680,practical planarian,education,p0939,2
1681,practical planarian,education,p0946,4
1682,practical planarian,education,p0951,3
1683,practical planarian,education,p0956,3
1684,practical planarian,education,p0962,2
1685,practical planarian,education,p0963,3
1686,practical planarian,education,p0969,4
1687,practical planarian,education,p0972,3
1688,practical planarian,education,p0975,3
1689,practical planarian,education,p0985,2
1690,practical planarian,education,p0993,2
1691,practical planarian,education,p0996,2
1692,practical planarian,education,p1011,2
1693,practical planarian,education,p1017,2
1694,practical planarian,education,p1020,2
1695,practical planarian,education,p1022,4
1696,practical planarian,education,p1024,1
1697,practical planarian,education,p1027,4
1698,practical planarian,education,p1028,5
1699,practical planarian,education,p1029,2
1700,practical planarian,education,p1032,4
1701,practical planarian,education,p1040,4
1702,practical planarian,education,p1047,3
1703,practical planarian,education,p1048,3
1704,practical planarian,education,p1053,3
1705,practical planarian,education,p1057,3
1706,practical planarian,education,p1058,4
1707,practical planarian,education,p1063,4
1708,practical planarian,education,p1064,2
1709,practical planarian,education,p1065,3
1710,practical planarian,education,p1069,3
1711,practical planarian,education,p1072,3
1712,practical planarian,education,p1073,4
1713,practical planarian,education,p1075,3
1714,practical planarian,education,p1076,2
1715,practical planarian,education,p1083,2
1716,practical planarian,education,p1089,4
1717,practical planarian,education,p1093,4
1718,practical planarian,education,p1096,4
1719,practical planarian,education,p1100,4
1720,practical planarian,education,p1106,5
1721,practical planarian,education,p1107,1
1722,practical planarian,education,p1113,3
1723,practical planarian,education,p1117,1
1724,practical planarian,education,p1120,3
1725,practical planarian,education,p1134,4
1726,practical planarian,education,p1136,2
1727,practical planarian,education,p1138,4
1728,practical planarian,education,p1144,3
1729,practical planarian,education,p1145,5
1730,practical planarian,education,p1147,5
1731,practical planarian,education,p1148,4
1732,practical planarian,education,p1154,3
1733,practical planarian,education,p1159,2
1734,practical planarian,education,p1167,5
1735,practical planarian,education,p1175,3
1736,practical planarian,education,p1178,4
1737,practical planarian,education,p1184,4
1738,practical planarian,education,p1186,4
1739,practical planarian,education,p1196,2
1740,practical planarian,education,p1197,3
1741,practical planarian,education,p1203,4
1742,practical planarian,education,p1219,2
1743,practical planarian,education,p1225,5
1744,practical planarian,education,p1234,3
1745,practical planarian,education,p1242,3
1746,practical planarian,education,p1244,4
1747,practical planarian,education,p1249,3
1748,practical planarian,education,p1250,4
1749,practical planarian,education,p1256,5
1750,practical planarian,education,p1258,3
1751,practical planarian,education,p1260,2
1752,practical planarian,education,p1262,4
1753,practical planarian,education,p1264,2
1754,practical planarian,education,p1265,5
1755,practical planarian,education,p1269,4
1756,practical planarian,education,p1272,3
1757,practical planarian,education,p1278,4
1758,practical planarian,education,p1281,3
1759,practical planarian,education,p1292,4
1760,practical planarian,education,p1299,2
1761,practical planarian,education,p1312,2
1762,practical planarian,education,p1322,3
1763,practical planarian,education,p1326,4
1764,practical planarian,education,p1330,3
1765,practical planarian,education,p1335,3
1766,practical planarian,education,p1337,4
1767,practical planarian,education,p1340,4
1768,practical planarian,education,p1345,2
1769,practical planarian,education,p1351,3
1770,practical planarian,education,p1355,2
1771,practical planarian,education,p1362,2
1772,practical planarian,education,p1365,4
1773,practical planarian,education,p1366,3
1774,practical planarian,education,p1367,3
1775,practical planarian,education,p1370,2
1776,practical planarian,education,p1371,4
1777,practical planarian,education,p1373,3
1778,practical planarian,education,p1375,4
1779,practical planarian,education,p1376,3
1780,practical planarian,education,p1379,5
1781,practical planarian,education,p1381,2
1782,practical planarian,education,p1393,5
1783,practical planarian,education,p1396,4
1784,practical planarian,education,p1398,5
1785,practical planarian,education,p1404,2
1786,practical planarian,education,p1406,2
1787,practical planarian,education,p1407,2
1788,practical planarian,education,p1409,4
1789,practical planarian,education,p1412,2
1790,practical planarian,education,p1414,5
1791,practical planarian,education,p1424,2
1792,practical planarian,education,p1425,3
1793,practical planarian,education,p1429,3
1794,practical planarian,education,p1434,4
1795,practical planarian,education,p1441,2
1796,practical planarian,education,p1445,2
1797,practical planarian,education,p1450,2
1798,practical planarian,education,p1454,5
1799,practical planarian,education,p1456,4
1800,practical planarian,education,p1457,3
1801,practical planarian,education,p1458,5
1802,practical planarian,education,p1469,3
1803,practical planarian,education,p1470,4
1804,practical planarian,education,p1481,4
1805,practical planarian,education,p1488,4
1806,practical planarian,education,p1492,5
1807,practical planarian,education,p1495,2
1808,practical planarian,education,p1497,2
1809,practical planarian,education,p1499,4
1810,practical planarian,education,p1503,4
1811,practical planarian,education,p1511,4
1812,practical planarian,education,p1512,2
1813,practical planarian,education,p1518,3
1814,practical planarian,education,p1519,4
1815,practical planarian,education,p1520,3
1816,practical planarian,education,p1524,2
1817,practical planarian,education,p1526,5
1818,practical planarian,education,p1537,2
1819,practical planarian,education,p1545,3
1820,practical planarian,education,p1547,2
1821,practical planarian,education,p1552,4
1822,practical planarian,education,p1567,4
1823,practical planarian,education,p1568,3
1824,practical planarian,education,p1579,2
1825,practical planarian,education,p1587,1
1826,practical planarian,education,p1596,2
1827,practical planarian,education,p1600,4
1828,practical planarian,education,p1603,3
1829,practical planarian,education,p1604,2
1830,practical planarian,education,p1610,2
1831,practical planarian,education,p1618,4
1832,practical planarian,education,p1619,5
1833,practical planarian,education,p1622,5
1834,practical planarian,education,p1623,4
1835,practical planarian,education,p1630,4
1836,practical planarian,education,p1641,4
1837,practical planarian,education,p1649,3
1838,practical planarian,education,p1652,4
1839,practical planarian,education,p1665,4
1840,practical planarian,education,p1669,4
1841,practical planarian,education,p1685,4
1842,practical planarian,education,p1693,3
1843,practical planarian,education,p1698,5
1844,practical planarian,education,p1704,5
1845,practical planarian,education,p1711,4
1846,practical planarian,education,p1718,2
1847,practical planarian,education,p1732,2
1848,practical planarian,education,p1739,4
1849,practical planarian,education,p1741,4
1850,practical planarian,education,p1746,2
1851,practical planarian,education,p1751,3
1852,practical planarian,education,p1754,2
1853,practical planarian,education,p1769,4
1854,practical planarian,education,p1771,2
1855,practical planarian,education,p1776,1
1856,practical planarian,education,p1780,4
1857,practical planarian,education,p1785,3
1858,practical planarian,education,p1791,5
1859,practical planarian,education,p1793,6
1860,practical planarian,education,p1796,4
1861,practical planarian,education,p1805,3
1862,practical planarian,education,p1812,3
1863,practical planarian,education,p1816,3
1864,practical planarian,education,p1819,5
1865,practical planarian,education,p1825,5
1866,practical planarian,education,p1836,4
1867,practical planarian,education,p1839,2
1868,practical planarian,education,p1861,4
1869,practical planarian,education,p1863,5
1870,practical planarian,education,p1873,5
1871,practical planarian,education,p1875,2
1872,practical planarian,education,p1876,4
1873,practical planarian,education,p1877,4
1874,practical planarian,education,p1880,2
1875,practical planarian,education,p1883,2
1876,practical planarian,education,p1889,4
1877,practical planarian,education,p1893,3
1878,practical planarian,education,p1896,4
1879,practical planarian,education,p1913,3
1880,practical planarian,education,p1922,5
1881,practical planarian,education,p1930,4
1882,practical planarian,education,p1935,3
1883,practical planarian,education,p1940,5
1884,practical planarian,education,p1948,4
1885,practical planarian,education,p1950,2
1886,practical planarian,education,p1954,3
1887,practical planarian,education,p1956,3
1888,practical planarian,education,p1958,3
1889,practical planarian,education,p1967,5
1890,practical planarian,education,p1973,5
1891,practical planarian,education,p1978,3
1892,practical planarian,education,p1983,5
1893,practical planarian,education,p1984,3
1894,practical planarian,education,p1995,3
1895,practical planarian,education,p1996,3
1896,practical planarian,education,p1997,4
1897,practical planarian,education,p2001,2
1898,practical planarian,education,p2002,3
1899,practical planarian,education,p2013,5
1900,practical planarian,education,p2014,2
1901,practical planarian,education,p2016,5
1902,practical planarian,education,p2018,2
1903,practical planarian,education,p2023,3
1904,practical planarian,education,p2025,4
1905,practical planarian,education,p2028,3
1906,practical planarian,education,p2030,3
1907,practical planarian,education,p2033,3
1908,practical planarian,education,p2040,5
1909,practical planarian,education,p2051,3
1910,practical planarian,education,p2052,4
1911,practical planarian,education,p2066,2
1912,practical planarian,education,p2067,3
1913,practical planarian,education,p2073,4
1914,practical planarian,education,p2077,3
1915,practical planarian,education,p2078,5
1916,practical planarian,education,p2086,4
1917,practical planarian,education,p2089,4
1918,practical planarian,education,p2093,4
1919,practical planarian,education,p2094,3
1920,practical planarian,education,p2111,2
1921,practical planarian,education,p2117,4
1922,practical planarian,education,p2121,4
1923,practical planarian,education,p2127,3
1924,practical planarian,education,p2141,4
1925,practical planarian,education,p2142,3
1926,practical planarian,education,p2143,4
1927,practical planarian,education,p2153,4
1928,practical planarian,education,p2155,3
1929,practical planarian,education,p2169,3
1930,practical planarian,education,p2187,4
1931,practical planarian,education,p2188,4
1932,practical planarian,education,p2197,3
1933,practical planarian,education,p2213,3
1934,practical planarian,education,p2214,3
1935,practical planarian,education,p2215,4
1936,practical planarian,education,p2220,5
1937,practical planarian,education,p2223,3
1938,practical planarian,education,p2229,4
1939,practical planarian,education,p2234,3
1940,practical planarian,education,p2237,5
1941,practical planarian,education,p2238,5
1942,practical planarian,education,p2244,4
1943,practical planarian,education,p2248,2
1944,practical planarian,education,p2252,4
1945,practical planarian,education,p2255,2
1946,practical planarian,education,p2261,3
1947,practical planarian,education,p2263,3
1948,practical planarian,education,p2273,5
1949,practical planarian,education,p2275,3
1950,practical planarian,education,p2276,4
1951,practical planarian,education,p2283,3
1952,practical planarian,education,p2287,2
1953,practical planarian,education,p2296,3
1954,practical planarian,education,p2298,3
1955,practical planarian,education,p2304,4
1956,practical planarian,education,p2310,2
1957,practical planarian,education,p2322,2
1958,practical planarian,education,p2326,4
1959,practical planarian,education,p2330,3
1960,practical planarian,education,p2331,3
1961,practical planarian,education,p2333,2
1962,practical planarian,education,p2347,2
1963,practical planarian,education,p2350,3
1964,practical planarian,education,p2351,4
1965,practical planarian,education,p2353,3
1966,practical planarian,education,p2355,1
1967,practical planarian,education,p2363,1
1968,practical planarian,education,p2378,4
1969,practical planarian,education,p2380,3
1970,practical planarian,education,p2387,3
1971,practical planarian,education,p2398,2
1972,practical planarian,education,p2400,3
1973,practical planarian,education,p2403,5
1974,practical planarian,education,p2408,3
1975,practical planarian,education,p2418,2
1976,practical planarian,education,p2426,3
1977,practical planarian,education,p2428,2
1978,practical planarian,education,p2434,5
1979,practical planarian,education,p2446,3
1980,practical planarian,education,p2452,2
1981,practical planarian,education,p2454,2
1982,practical planarian,education,p2462,3
1983,practical planarian,education,p2467,4
1984,practical planarian,education,p2482,3
1985,practical planarian,education,p2489,3
1986,practical planarian,education,p2490,2
1987,practical planarian,education,p2494,3
1988,practical planarian,education,p2502,4
1989,practical planarian,education,p2503,3
1990,practical planarian,education,p2522,3
1991,practical planarian,education,p2524,3
1992,practical planarian,education,p2533,1
1993,practical planarian,education,p2566,3
1994,practical planarian,education,p2571,3
1995,practical planarian,education,p2573,1
1996,practical planarian,education,p2582,4
1997,practical planarian,education,p2591,2
1998,practical planarian,education,p2592,3
1999,practical planarian,education,p2595,4
2000,practical planarian,income,p0016,3
2001,practical planarian,income,p0022,4
2002,practical planarian,income,p0023,4
2003,practical planarian,income,p0026,4
2004,practical planarian,income,p0034,3
2005,practical planarian,income,p0036,3
2006,practical planarian,income,p0037,4
2007,practical planarian,income,p0042,3
2008,practical planarian,income,p0057,3
2009,practical planarian,income,p0066,4
2010,practical planarian,income,p0069,1
2011,practical planarian,income,p0072,4
2012,practical planarian,income,p0073,4
2013,practical planarian,income,p0082,4
2014,practical planarian,income,p0091,4
2015,practical planarian,income,p0092,2
2016,practical planarian,income,p0093,4
2017,practical planarian,income,p0095,3
2018,practical planarian,income,p0107,3
2019,practical planarian,income,p0114,3
2020,practical planarian,income,p0116,3
2021,practical planarian,income,p0118,3
2022,practical planarian,income,p0119,3
2023,practical planarian,income,p0126,3
2024,practical planarian,income,p0129,4
2025,practical planarian,income,p0136,3
2026,practical planarian,income,p0138,3
2027,practical planarian,income,p0144,3
2028,practical planarian,income,p0150,1
2029,practical planarian,income,p0152,3
2030,practical planarian,income,p0158,2
2031,practical planarian,income,p0161,4
2032,practical planarian,income,p0164,3
2033,practical planarian,income,p0175,4
2034,practical planarian,income,p0177,4
2035,practical planarian,income,p0178,4
2036,practical planarian,income,p0181,4
2037,practical planarian,income,p0186,2
2038,practical planarian,income,p0196,4
2039,practical planarian,income,p0198,4
2040,practical planarian,income,p0202,3
2041,practical planarian,income,p0205,4
2042,practical planarian,income,p0207,3
2043,practical planarian,income,p0211,3
2044,practical planarian,income,p0227,4
2045,practical planarian,income,p0229,3
2046,practical planarian,income,p0232,4
2047,practical planarian,income,p0233,2
2048,practical planarian,income,p0237,3
2049,practical planarian,income,p0258,3
2050,practical planarian,income,p0268,2
2051,practical planarian,income,p0274,3
2052,practical planarian,income,p0275,2
2053,practical planarian,income,p0277,1
2054,practical planarian,income,p0288,3
2055,practical planarian,income,p0291,3
2056,practical planarian,income,p0307,1
2057,practical planarian,income,p0308,3
2058,practical planarian,income,p0317,4
2059,practical planarian,income,p0325,4
2060,practical planarian,income,p0327,4
2061,practical planarian,income,p0334,4
2062,practical planarian,income,p0336,4
2063,practical planarian,income,p0338,2
2064,practical planarian,income,p0342,4
2065,practical planarian,income,p0349,3
2066,practical planarian,income,p0356,3
2067,practical planarian,income,p0358,1
2068,practical planarian,income,p0363,3
2069,practical planarian,income,p0364,4
2070,practical planarian,income,p0369,4
2071,practical planarian,income,p0370,2
2072,practical planarian,income,p0371,3
2073,practical planarian,income,p0379,3
2074,practical planarian,income,p0386,3
2075,practical planarian,income,p0396,3
2076,practical planarian,income,p0403,2
2077,practical planarian,income,p0405,4
2078,practical planarian,income,p0412,4
2079,practical planarian,income,p0415,4
2080,practical planarian,income,p0416,4
2081,practical planarian,income,p0417,3
2082,practical planarian,income,p0418,3
2083,practical planarian,income,p0430,4
2084,practical planarian,income,p0431,4
2085,practical planarian,income,p0434,3
2086,practical planarian,income,p0438,4
2087,practical planarian,income,p0441,4
2088,practical planarian,income,p0442,2
2089,practical planarian,income,p0449,4
2090,practical planarian,income,p0450,4
2091,practical planarian,income,p0465,4
2092,practical planarian,income,p0471,3
2093,practical planarian,income,p0477,3
2094,practical planarian,income,p0483,3
2095,practical planarian,income,p0486,3
2096,practical planarian,income,p0487,3
2097,practical planarian,income,p0489,4
2098,practical planarian,income,p0497,4
2099,practical planarian,income,p0502,4
2100,practical planarian,income,p0503,2
2101,practical planarian,income,p0506,3
2102,practical planarian,income,p0511,4
2103,practical planarian,income,p0523,2
2104,practical planarian,income,p0534,4
2105,practical planarian,income,p0536,3
2106,practical planarian,income,p0542,4
2107,practical planarian,income,p0547,3
2108,practical planarian,income,p0553,4
2109,practical planarian,income,p0559,4
2110,practical planarian,income,p0566,4
2111,practical planarian,income,p0568,3
2112,practical planarian,income,p0570,2
2113,practical planarian,income,p0573,3
2114,practical planarian,income,p0578,2
2115,practical planarian,income,p0594,3
2116,practical planarian,income,p0597,2
2117,practical planarian,income,p0601,3
2118,practical planarian,income,p0602,2
2119,practical planarian,income,p0605,3
2120,practical planarian,income,p0615,2
2121,practical planarian,income,p0620,3
2122,practical planarian,income,p0626,3
2123,practical planarian,income,p0629,4
2124,practical planarian,income,p0633,2
2125,practical planarian,income,p0638,3
2126,practical planarian,income,p0639,4
2127,practical planarian,income,p0640,3
2128,practical planarian,income,p0655,4
2129,practical planarian,income,p0656,3
2130,practical planarian,income,p0658,4
2131,practical planarian,income,p0661,3
2132,practical planarian,income,p0669,3
2133,practical planarian,income,p0670,2
2134,practical planarian,income,p0672,3
2135,practical planarian,income,p0674,3
2136,practical planarian,income,p0678,4
2137,practical planarian,income,p0683,3
2138,practical planarian,income,p0686,3
2139,practical planarian,income,p0687,3
2140,practical planarian,income,p0698,2
2141,practical planarian,income,p0700,4
2142,practical planarian,income,p0703,3
2143,practical planarian,income,p0718,2
2144,practical planarian,income,p0744,4
2145,practical planarian,income,p0745,4
2146,practical planarian,income,p0753,2
2147,practical planarian,income,p0770,4
2148,practical planarian,income,p0771,3
2149,practical planarian,income,p0777,4
2150,practical planarian,income,p0779,4
2151,practical planarian,income,p0780,1
2152,practical planarian,income,p0783,3
2153,practical planarian,income,p0785,4
2154,practical planarian,income,p0786,3
2155,practical planarian,income,p0794,4
2156,practical planarian,income,p0798,4
2157,practical planarian,income,p0800,3
2158,practical planarian,income,p0820,2
2159,practical planarian,income,p0841,3
2160,practical planarian,income,p0849,3
2161,practical planarian,income,p0862,3
2162,practical planarian,income,p0867,4
2163,practical planarian,income,p0869,4
2164,practical planarian,income,p0872,3
2165,practical planarian,income,p0880,2
2166,practical planarian,income,p0891,3
2167,practical planarian,income,p0916,3
2168,practical planarian,income,p0917,4
2169,practical planarian,income,p0919,3
2170,practical planarian,income,p0922,2
2171,practical planarian,income,p0925,2
2172,practical planarian,income,p0927,4
2173,practical planarian,income,p0929,2
2174,practical planarian,income,p0930,4
2175,practical planarian,income,p0931,2
2176,practical planarian,income,p0933,2
2177,practical planarian,income,p0934,4
2178,practical planarian,income,p0936,3
2179,practical planarian,income,p0938,3
2180,practical planarian,income,p0939,2
2181,practical planarian,income,p0946,4
2182,practical planarian,income,p0951,2
2183,practical planarian,income,p0956,3
2184,practical planarian,income,p0962,3
2185,practical planarian,income,p0963,3
2186,practical planarian,income,p0969,5
2187,practical planarian,income,p0972,3
2188,practical planarian,income,p0975,4
2189,practical planarian,income,p0985,2
2190,practical planarian,income,p0993,1
2191,practical planarian,income,p0996,3
2192,practical planarian,income,p1011,3
2193,practical planarian,income,p1017,4
2194,practical planarian,income,p1020,3
2195,practical planarian,income,p1022,3
2196,practical planarian,income,p1024,2
2197,practical planarian,income,p1027,3
2198,practical planarian,income,p1028,4
2199,practical planarian,income,p1029,2
2200,practical planarian,income,p1032,3
2201,practical planarian,income,p1040,3
2202,practical planarian,income,p1047,4
2203,practical planarian,income,p1048,2
2204,practical planarian,income,p1053,2
2205,practical planarian,income,p1057,3
2206,practical planarian,income,p1058,4
2207,practical planarian,income,p1063,4
2208,practical planarian,income,p1064,3
2209,practical planarian,income,p1065,3
2210,practical planarian,income,p1069,3
2211,practical planarian,income,p1072,3
2212,practical planarian,income,p1073,3
2213,practical planarian,income,p1075,3
2214,practical planarian,income,p1076,2
2215,practical planarian,income,p1083,3
2216,practical planarian,income,p1089,4
2217,practical planarian,income,p1093,3
2218,practical planarian,income,p1096,4
2219,practical planarian,income,p1100,4
2220,practical planarian,income,p1106,2
2221,practical planarian,income,p1107,2
2222,practical planarian,income,p1113,2
2223,practical planarian,income,p1117,3
2224,practical planarian,income,p1120,4
2225,practical planarian,income,p1134,4
2226,practical planarian,income,p1136,3
2227,practical planarian,income,p1138,3
2228,practical planarian,income,p1144,3
2229,practical planarian,income,p1145,4
2230,practical planarian,income,p1147,4
2231,practical planarian,income,p1148,3
2232,practical planarian,income,p1154,3
2233,practical planarian,income,p1159,4
2234,practical planarian,income,p1167,3
2235,practical planarian,income,p1175,2
2236,practical planarian,income,p1178,3
2237,practical planarian,income,p1184,3
2238,practical planarian,income,p1186,3
2239,practical planarian,income,p1196,2
2240,practical planarian,income,p1197,3
2241,practical planarian,income,p1203,3
2242,practical planarian,income,p1219,2
2243,practical planarian,income,p1225,4
2244,practical planarian,income,p1234,2
2245,practical planarian,income,p1242,3
2246,practical planarian,income,p1244,3
2247,practical planarian,income,p1249,3
2248,practical planarian,income,p1250,3
2249,practical planarian,income,p1256,4
2250,practical planarian,income,p1258,4
2251,practical planarian,income,p1260,2
2252,practical planarian,income,p1262,4
2253,practical planarian,income,p1264,2
2254,practical planarian,income,p1265,4
2255,practical planarian,income,p1269,3
2256,practical planarian,income,p1272,3
2257,practical planarian,income,p1278,2
2258,practical planarian,income,p1281,2
2259,practical planarian,income,p1292,4
2260,practical planarian,income,p1299,4
2261,practical planarian,income,p1312,3
2262,practical planarian,income,p1322,1
2263,practical planarian,income,p1326,3
2264,practical planarian,income,p1330,2
2265,practical planarian,income,p1335,3
2266,practical planarian,income,p1337,4
2267,practical planarian,income,p1340,4
2268,practical planarian,income,p1345,3
2269,practical planarian,income,p1351,3
2270,practical planarian,income,p1355,3
2271,practical planarian,income,p1362,4
2272,practical planarian,income,p1365,3
2273,practical planarian,income,p1366,3
2274,practical planarian,income,p1367,3
2275,practical planarian,income,p1370,3
2276,practical planarian,income,p1371,5
2277,practical planarian,income,p1373,4
2278,practical planarian,income,p1375,4
2279,practical planarian,income,p1376,1
2280,practical planarian,income,p1379,3
2281,practical planarian,income,p1381,3
2282,practical planarian,income,p1393,4
2283,practical planarian,income,p1396,3
2284,practical planarian,income,p1398,4
2285,practical planarian,income,p1404,1
2286,practical planarian,income,p1406,3
2287,practical planarian,income,p1407,2
2288,practical planarian,income,p1409,4
2289,practical planarian,income,p1412,2
2290,practical planarian,income,p1414,4
2291,practical planarian,income,p1424,4
2292,practical planarian,income,p1425,4
2293,practical planarian,income,p1429,3
2294,practical planarian,income,p1434,4
2295,practical planarian,income,p1441,2
2296,practical planarian,income,p1445,2
2297,practical planarian,income,p1450,3
2298,practical planarian,income,p1454,4
2299,practical planarian,income,p1456,3
2300,practical planarian,income,p1457,1
2301,practical planarian,income,p1458,4
2302,practical planarian,income,p1469,2
2303,practical planarian,income,p1470,4
2304,practical planarian,income,p1481,3
2305,practical planarian,income,p1488,3
2306,practical planarian,income,p1492,3
2307,practical planarian,income,p1495,3
2308,practical planarian,income,p1497,3
2309,practical planarian,income,p1499,4
2310,practical planarian,income,p1503,2
2311,practical planarian,income,p1511,4
2312,practical planarian,income,p1512,1
2313,practical planarian,income,p1518,2
2314,practical planarian,income,p1519,3
2315,practical planarian,income,p1520,1
2316,practical planarian,income,p1524,3
2317,practical planarian,income,p1526,5
2318,practical planarian,income,p1537,3
2319,practical planarian,income,p1545,3
2320,practical planarian,income,p1547,1
2321,practical planarian,income,p1552,5
2322,practical planarian,income,p1567,4
2323,practical planarian,income,p1568,3
2324,practical planarian,income,p1579,2
2325,practical planarian,income,p1587,1
2326,practical planarian,income,p1596,3
2327,practical planarian,income,p1600,4
2328,practical planarian,income,p1603,2
2329,practical planarian,income,p1604,3
2330,practical planarian,income,p1610,2
2331,practical planarian,income,p1618,3
2332,practical planarian,income,p1619,4
2333,practical planarian,income,p1622,4
2334,practical planarian,income,p1623,3
2335,practical planarian,income,p1630,4
2336,practical planarian,income,p1641,4
2337,practical planarian,income,p1649,2
2338,practical planarian,income,p1652,3
2339,practical planarian,income,p1665,3
2340,practical planarian,income,p1669,4
2341,practical planarian,income,p1685,4
2342,practical planarian,income,p1693,3
2343,practical planarian,income,p1698,4
2344,practical planarian,income,p1704,4
2345,practical planarian,income,p1711,4
2346,practical planarian,income,p1718,3
2347,practical planarian,income,p1732,3
2348,practical planarian,income,p1739,4
2349,practical planarian,income,p1741,4
2350,practical planarian,income,p1746,1
2351,practical planarian,income,p1751,4
2352,practical planarian,income,p1754,1
2353,practical planarian,income,p1769,4
2354,practical planarian,income,p1771,2
2355,practical planarian,income,p1776,2
2356,practical planarian,income,p1780,4
2357,practical planarian,income,p1785,2
2358,practical planarian,income,p1791,3
2359,practical planarian,income,p1793,4
2360,practical planarian,income,p1796,5
2361,practical planarian,income,p1805,3
2362,practical planarian,income,p1812,3
2363,practical planarian,income,p1816,3
2364,practical planarian,income,p1819,4
2365,practical planarian,income,p1825,4
2366,practical planarian,income,p1836,3
2367,practical planarian,income,p1839,4
2368,practical planarian,income,p1861,3
2369,practical planarian,income,p1863,4
2370,practical planarian,income,p1873,4
2371,practical planarian,income,p1875,3
2372,practical planarian,income,p1876,4
2373,practical planarian,income,p1877,2
2374,practical planarian,income,p1880,3
2375,practical planarian,income,p1883,3
2376,practical planarian,income,p1889,1
2377,practical planarian,income,p1893,2
2378,practical planarian,income,p1896,3
2379,practical planarian,income,p1913,4
2380,practical planarian,income,p1922,4
2381,practical planarian,income,p1930,3
2382,practical planarian,income,p1935,4
2383,practical planarian,income,p1940,4
2384,practical planarian,income,p1948,4
2385,practical planarian,income,p1950,2
2386,practical planarian,income,p1954,2
2387,practical planarian,income,p1956,3
2388,practical planarian,income,p1958,3
2389,practical planarian,income,p1967,4
2390,practical planarian,income,p1973,5
2391,practical planarian,income,p1978,4
2392,practical planarian,income,p1983,2
2393,practical planarian,income,p1984,3
2394,practical planarian,income,p1995,3
2395,practical planarian,income,p1996,2
2396,practical planarian,income,p1997,4
2397,practical planarian,income,p2001,3
2398,practical planarian,income,p2002,2
2399,practical planarian,income,p2013,4
2400,practical planarian,income,p2014,3
2401,practical planarian,income,p2016,4
2402,practical planarian,income,p2018,1
2403,practical planarian,income,p2023,3
2404,practical planarian,income,p2025,4
2405,practical planarian,income,p2028,2
2406,practical planarian,income,p2030,3
2407,practical planarian,income,p2033,3
2408,practical planarian,income,p2040,3
2409,practical planarian,income,p2051,3
2410,practical planarian,income,p2052,4
2411,practical planarian,income,p2066,2
2412,practical planarian,income,p2067,3
2413,practical planarian,income,p2073,4
2414,practical planarian,income,p2077,2
2415,practical planarian,income,p2078,4
2416,practical planarian,income,p2086,3
2417,practical planarian,income,p2089,3
2418,practical planarian,income,p2093,3
2419,practical planarian,income,p2094,3
2420,practical planarian,income,p2111,2
2421,practical planarian,income,p2117,4
2422,practical planarian,income,p2121,3
2423,practical planarian,income,p2127,3
2424,practical planarian,income,p2141,3
2425,practical planarian,income,p2142,2
2426,practical planarian,income,p2143,4
2427,practical planarian,income,p2153,1
2428,practical planarian,income,p2155,2
2429,practical planarian,income,p2169,4
2430,practical planarian,income,p2187,3
2431,practical planarian,income,p2188,4
2432,practical planarian,income,p2197,2
2433,practical planarian,income,p2213,3
2434,practical planarian,income,p2214,2
2435,practical planarian,income,p2215,5
2436,practical planarian,income,p2220,3
2437,practical planarian,income,p2223,2
2438,practical planarian,income,p2229,3
2439,practical planarian,income,p2234,3
2440,practical planarian,income,p2237,4
2441,practical planarian,income,p2238,4
2442,practical planarian,income,p2244,2
2443,practical planarian,income,p2248,3
2444,practical planarian,income,p2252,3
2445,practical planarian,income,p2255,1
2446,practical planarian,income,p2261,3
2447,practical planarian,income,p2263,4
2448,practical planarian,income,p2273,3
2449,practical planarian,income,p2275,2
2450,practical planarian,income,p2276,2
2451,practical planarian,income,p2283,1
2452,practical planarian,income,p2287,3
2453,practical planarian,income,p2296,2
2454,practical planarian,income,p2298,3
2455,practical planarian,income,p2304,3
2456,practical planarian,income,p2310,2
2457,practical planarian,income,p2322,2
2458,practical planarian,income,p2326,3
2459,practical planarian,income,p2330,3
2460,practical planarian,income,p2331,3
2461,practical planarian,income,p2333,2
2462,practical planarian,income,p2347,3
2463,practical planarian,income,p2350,2
2464,practical planarian,income,p2351,3
2465,practical planarian,income,p2353,2
2466,practical planarian,income,p2355,2
2467,practical planarian,income,p2363,2
2468,practical planarian,income,p2378,3
2469,practical planarian,income,p2380,2
2470,practical planarian,income,p2387,4
2471,practical planarian,income,p2398,2
2472,practical planarian,income,p2400,4
2473,practical planarian,income,p2403,2
2474,practical planarian,income,p2408,3
2475,practical planarian,income,p2418,2
2476,practical planarian,income,p2426,2
2477,practical planarian,income,p2428,2
2478,practical planarian,income,p2434,3
2479,practical planarian,income,p2446,1
2480,practical planarian,income,p2452,3
2481,practical planarian,income,p2454,2
2482,practical planarian,income,p2462,3
2483,practical planarian,income,p2467,5
2484,practical planarian,income,p2482,3
2485,practical planarian,income,p2489,3
2486,practical planarian,income,p2490,2
2487,practical planarian,income,p2494,2
2488,practical planarian,income,p2502,4
2489,practical planarian,income,p2503,3
2490,practical planarian,income,p2522,3
2491,practical planarian,income,p2524,3
2492,practical planarian,income,p2533,3
2493,practical planarian,income,p2566,3
2494,practical planarian,income,p2571,3
2495,practical planarian,income,p2573,2
2496,practical planarian,income,p2582,4
2497,practical planarian,income,p2591,3
2498,practical planarian,income,p2592,3
2499,practical planarian,income,p2595,2
2500,practical planarian,party,p0016,2
2501,practical planarian,party,p0022,3
2502,practical planarian,party,p0023,3
2503,practical planarian,party,p0026,1
2504,practical planarian,party,p0034,1
2505,practical planarian,party,p0036,2
2506,practical planarian,party,p0037,1
2507,practical planarian,party,p0042,3
2508,practical planarian,party,p0057,3
2509,practical planarian,party,p0066,1
2510,practical planarian,party,p0069,1
2511,practical planarian,party,p0072,1
2512,practical planarian,party,p0073,1
2513,practical planarian,party,p0082,3
2514,practical planarian,party,p0091,3
2515,practical planarian,party,p0092,3
2516,practical planarian,party,p0093,1
2517,practical planarian,party,p0095,3
2518,practical planarian,party,p0107,1
2519,practical planarian,party,p0114,2
2520,practical planarian,party,p0116,1
2521,practical planarian,party,p0118,1
2522,practical planarian,party,p0119,2
2523,practical planarian,party,p0126,2
2524,practical planarian,party,p0129,3
2525,practical planarian,party,p0136,2
2526,practical planarian,party,p0138,2
2527,practical planarian,party,p0144,2
2528,practical planarian,party,p0150,3
2529,practical planarian,party,p0152,1
2530,practical planarian,party,p0158,3
2531,practical planarian,party,p0161,1
2532,practical planarian,party,p0164,1
2533,practical planarian,party,p0175,3
2534,practical planarian,party,p0177,2
2535,practical planarian,party,p0178,3
2536,practical planarian,party,p0181,1
2537,practical planarian,party,p0186,3
2538,practical planarian,party,p0196,3
2539,practical planarian,party,p0198,3
2540,practical planarian,party,p0202,3
2541,practical planarian,party,p0205,2
2542,practical planarian,party,p0207,3
2543,practical planarian,party,p0211,3
2544,practical planarian,party,p0227,2
2545,practical planarian,party,p0229,3
2546,practical planarian,party,p0232,3
2547,practical planarian,party,p0233,2
2548,practical planarian,party,p0237,3
2549,practical planarian,party,p0258,3
2550,practical planarian,party,p0268,3
2551,practical planarian,party,p0274,3
2552,practical planarian,party,p0275,3
2553,practical planarian,party,p0277,2
2554,practical planarian,party,p0288,3
2555,practical planarian,party,p0291,2
2556,practical planarian,party,p0307,1
2557,practical planarian,party,p0308,1
2558,practical planarian,party,p0317,1
2559,practical planarian,party,p0325,2
2560,practical planarian,party,p0327,3
2561,practical planarian,party,p0334,3
2562,practical planarian,party,p0336,3
2563,practical planarian,party,p0338,1
2564,practical planarian,party,p0342,3
2565,practical planarian,party,p0349,1
2566,practical planarian,party,p0356,3
2567,practical planarian,party,p0358,3
2568,practical planarian,party,p0363,2
2569,practical planarian,party,p0364,2
2570,practical planarian,party,p0369,1
2571,practical planarian,party,p0370,2
2572,practical planarian,party,p0371,1
2573,practical planarian,party,p0379,1
2574,practical planarian,party,p0386,3
2575,practical planarian,party,p0396,3
2576,practical planarian,party,p0403,3
2577,practical planarian,party,p0405,3
2578,practical planarian,party,p0412,1
2579,practical planarian,party,p0415,1
2580,practical planarian,party,p0416,2
2581,practical planarian,party,p0417,3
2582,practical planarian,party,p0418,2
2583,practical planarian,party,p0430,3
2584,practical planarian,party,p0431,3
2585,practical planarian,party,p0434,1
2586,practical planarian,party,p0438,3
2587,practical planarian,party,p0441,3
2588,practical planarian,party,p0442,3
2589,practical planarian,party,p0449,1
2590,practical planarian,party,p0450,2
2591,practical planarian,party,p0465,3
2592,practical planarian,party,p0471,1
2593,practical planarian,party,p0477,3
2594,practical planarian,party,p0483,3
2595,practical planarian,party,p0486,1
2596,practical planarian,party,p0487,1
2597,practical planarian,party,p0489,3
2598,practical planarian,party,p0497,1
2599,practical planarian,party,p0502,1
2600,practical planarian,party,p0503,3
2601,practical planarian,party,p0506,2
2602,practical planarian,party,p0511,1
2603,practical planarian,party,p0523,3
2604,practical planarian,party,p0534,1
2605,practical planarian,party,p0536,3
2606,practical planarian,party,p0542,1
2607,practical planarian,party,p0547,2
2608,practical planarian,party,p0553,3
2609,practical planarian,party,p0559,2
2610,practical planarian,party,p0566,2
2611,practical planarian,party,p0568,2
2612,practical planarian,party,p0570,3
2613,practical planarian,party,p0573,1
2614,practical planarian,party,p0578,3
2615,practical planarian,party,p0594,2
2616,practical planarian,party,p0597,3
2617,practical planarian,party,p0601,1
2618,practical planarian,party,p0602,3
2619,practical planarian,party,p0605,2
2620,practical planarian,party,p0615,3
2621,practical planarian,party,p0620,3
2622,practical planarian,party,p0626,3
2623,practical planarian,party,p0629,3
2624,practical planarian,party,p0633,2
2625,practical planarian,party,p0638,3
2626,practical planarian,party,p0639,1
2627,practical planarian,party,p0640,1
2628,practical planarian,party,p0655,1
2629,practical planarian,party,p0656,3
2630,practical planarian,party,p0658,1
2631,practical planarian,party,p0661,2
2632,practical planarian,party,p0669,2
2633,practical planarian,party,p0670,3
2634,practical planarian,party,p0672,3
2635,practical planarian,party,p0674,3
2636,practical planarian,party,p0678,3
2637,practical planarian,party,p0683,3
2638,practical planarian,party,p0686,1
2639,practical planarian,party,p0687,3
2640,practical planarian,party,p0698,1
2641,practical planarian,party,p0700,2
2642,practical planarian,party,p0703,2
2643,practical planarian,party,p0718,1
2644,practical planarian,party,p0744,3
2645,practical planarian,party,p0745,1
2646,practical planarian,party,p0753,2
2647,practical planarian,party,p0770,2
2648,practical planarian,party,p0771,3
2649,practical planarian,party,p0777,3
2650,practical planarian,party,p0779,1
2651,practical planarian,party,p0780,1
2652,practical planarian,party,p0783,1
2653,practical planarian,party,p0785,1
2654,practical planarian,party,p0786,2
2655,practical planarian,party,p0794,1
2656,practical planarian,party,p0798,1
2657,practical planarian,party,p0800,3
2658,practical planarian,party,p0820,3
2659,practical planarian,party,p0841,1
2660,practical planarian,party,p0849,2
2661,practical planarian,party,p0862,3
2662,practical planarian,party,p0867,3
2663,practical planarian,party,p0869,3
2664,practical planarian,party,p0872,3
2665,practical planarian,party,p0880,3
2666,practical planarian,party,p0891,1
2667,practical planarian,party,p0916,3
2668,practical planarian,party,p0917,1
2669,practical planarian,party,p0919,3
2670,practical planarian,party,p0922,1
2671,practical planarian,party,p0925,1
2672,practical planarian,party,p0927,3
2673,practical planarian,party,p0929,3
2674,practical planarian,party,p0930,1
2675,practical planarian,party,p0931,1
2676,practical planarian,party,p0933,3
2677,practical planarian,party,p0934,1
2678,practical planarian,party,p0936,3
2679,practical planarian,party,p0938,3
2680,practical planarian,party,p0939,2
2681,practical planarian,party,p0946,2
2682,practical planarian,party,p0951,3
2683,practical planarian,party,p0956,1
2684,practical planarian,party,p0962,1
2685,practical planarian,party,p0963,1
2686,practical planarian,party,p0969,1
2687,practical planarian,party,p0972,2
2688,practical planarian,party,p0975,1
2689,practical planarian,party,p0985,2
2690,practical planarian,party,p0993,3
2691,practical planarian,party,p0996,3
2692,practical planarian,party,p1011,1
2693,practical planarian,party,p1017,2
2694,practical planarian,party,p1020,1
2695,practical planarian,party,p1022,3
2696,practical planarian,party,p1024,1
2697,practical planarian,party,p1027,3
2698,practical planarian,party,p1028,3
2699,practical planarian,party,p1029,2
2700,practical planarian,party,p1032,2
2701,practical planarian,party,p1040,2
2702,practical planarian,party,p1047,2
2703,practical planarian,party,p1048,3
2704,practical planarian,party,p1053,3
2705,practical planarian,party,p1057,1
2706,practical planarian,party,p1058,1
2707,practical planarian,party,p1063,1
2708,practical planarian,party,p1064,3
2709,practical planarian,party,p1065,1
2710,practical planarian,party,p1069,3
2711,practical planarian,party,p1072,2
2712,practical planarian,party,p1073,3
2713,practical planarian,party,p1075,2
2714,practical planarian,party,p1076,2
2715,practical planarian,party,p1083,1
2716,practical planarian,party,p1089,3
2717,practical planarian,party,p1093,3
2718,practical planarian,party,p1096,2
2719,practical planarian,party,p1100,2
2720,practical planarian,party,p1106,3
2721,practical planarian,party,p1107,2
2722,practical planarian,party,p1113,1
2723,practical planarian,party,p1117,1
2724,practical planarian,party,p1120,1
2725,practical planarian,party,p1134,2
2726,practical planarian,party,p1136,1
2727,practical planarian,party,p1138,1
2728,practical planarian,party,p1144,1
2729,practical planarian,party,p1145,3
2730,practical planarian,party,p1147,3
2731,practical planarian,party,p1148,3
2732,practical planarian,party,p1154,3
2733,practical planarian,party,p1159,3
2734,practical planarian,party,p1167,3
2735,practical planarian,party,p1175,3
2736,practical planarian,party,p1178,3
2737,practical planarian,party,p1184,1
2738,practical planarian,party,p1186,3
2739,practical planarian,party,p1196,1
2740,practical planarian,party,p1197,3
2741,practical planarian,party,p1203,3
2742,practical planarian,party,p1219,3
2743,practical planarian,party,p1225,1
2744,practical planarian,party,p1234,2
2745,practical planarian,party,p1242,1
2746,practical planarian,party,p1244,3
2747,practical planarian,party,p1249,2
2748,practical planarian,party,p1250,2
2749,practical planarian,party,p1256,1
2750,practical planarian,party,p1258,1
2751,practical planarian,party,p1260,2
2752,practical planarian,party,p1262,1
2753,practical planarian,party,p1264,2
2754,practical planarian,party,p1265,2
2755,practical planarian,party,p1269,1
2756,practical planarian,party,p1272,1
2757,practical planarian,party,p1278,3
2758,practical planarian,party,p1281,3
2759,practical planarian,party,p1292,1
2760,practical planarian,party,p1299,1
2761,practical planarian,party,p1312,2
2762,practical planarian,party,p1322,3
2763,practical planarian,party,p1326,2
2764,practical planarian,party,p1330,3
2765,practical planarian,party,p1335,1
2766,practical planarian,party,p1337,1
2767,practical planarian,party,p1340,1
2768,practical planarian,party,p1345,1
2769,practical planarian,party,p1351,3
2770,practical planarian,party,p1355,1
2771,practical planarian,party,p1362,1
2772,practical planarian,party,p1365,1
2773,practical planarian,party,p1366,2
2774,practical planarian,party,p1367,1
2775,practical planarian,party,p1370,1
2776,practical planarian,party,p1371,1
2777,practical planarian,party,p1373,1
2778,practical planarian,party,p1375,1
2779,practical planarian,party,p1376,3
2780,practical planarian,party,p1379,3
2781,practical planarian,party,p1381,3
2782,practical planarian,party,p1393,1
2783,practical planarian,party,p1396,3
2784,practical planarian,party,p1398,1
2785,practical planarian,party,p1404,3
2786,practical planarian,party,p1406,1
2787,practical planarian,party,p1407,2
2788,practical planarian,party,p1409,2
2789,practical planarian,party,p1412,2
2790,practical planarian,party,p1414,3
2791,practical planarian,party,p1424,1
2792,practical planarian,party,p1425,1
2793,practical planarian,party,p1429,1
2794,practical planarian,party,p1434,1
2795,practical planarian,party,p1441,3
2796,practical planarian,party,p1445,3
2797,practical planarian,party,p1450,1
2798,practical planarian,party,p1454,2
2799,practical planarian,party,p1456,2
2800,practical planarian,party,p1457,3
2801,practical planarian,party,p1458,3
2802,practical planarian,party,p1469,1
2803,practical planarian,party,p1470,1
2804,practical planarian,party,p1481,3
2805,practical planarian,party,p1488,1
2806,practical planarian,party,p1492,2
2807,practical planarian,party,p1495,1
2808,practical planarian,party,p1497,2
2809,practical planarian,party,p1499,1
2810,practical planarian,party,p1503,3
2811,practical planarian,party,p1511,2
2812,practical planarian,party,p1512,3
2813,practical planarian,party,p1518,2
2814,practical planarian,party,p1519,1
2815,practical planarian,party,p1520,1
2816,practical planarian,party,p1524,1
2817,practical planarian,party,p1526,1
2818,practical planarian,party,p1537,3
2819,practical planarian,party,p1545,3
2820,practical planarian,party,p1547,3
2821,practical planarian,party,p1552,3
2822,practical planarian,party,p1567,2
2823,practical planarian,party,p1568,3
2824,practical planarian,party,p1579,1
2825,practical planarian,party,p1587,3
2826,practical planarian,party,p1596,2
2827,practical planarian,party,p1600,3
2828,practical planarian,party,p1603,3
2829,practical planarian,party,p1604,1
2830,practical planarian,party,p1610,2
2831,practical planarian,party,p1618,1
2832,practical planarian,party,p1619,3
2833,practical planarian,party,p1622,1
2834,practical planarian,party,p1623,1
2835,practical planarian,party,p1630,2
2836,practical planarian,party,p1641,1
2837,practical planarian,party,p1649,2
2838,practical planarian,party,p1652,2
2839,practical planarian,party,p1665,3
2840,practical planarian,party,p1669,1
2841,practical planarian,party,p1685,1
2842,practical planarian,party,p1693,3
2843,practical planarian,party,p1698,2
2844,practical planarian,party,p1704,1
2845,practical planarian,party,p1711,3
2846,practical planarian,party,p1718,1
2847,practical planarian,party,p1732,1
2848,practical planarian,party,p1739,3
2849,practical planarian,party,p1741,1
2850,practical planarian,party,p1746,3
2851,practical planarian,party,p1751,1
2852,practical planarian,party,p1754,3
2853,practical planarian,party,p1769,1
2854,practical planarian,party,p1771,2
2855,practical planarian,party,p1776,3
2856,practical planarian,party,p1780,1
2857,practical planarian,party,p1785,3
2858,practical planarian,party,p1791,2
2859,practical planarian,party,p1793,1
2860,practical planarian,party,p1796,1
2861,practical planarian,party,p1805,2
2862,practical planarian,party,p1812,2
2863,practical planarian,party,p1816,2
2864,practical planarian,party,p1819,3
2865,practical planarian,party,p1825,3
2866,practical planarian,party,p1836,1
2867,practical planarian,party,p1839,1
2868,practical planarian,party,p1861,2
2869,practical planarian,party,p1863,3
2870,practical planarian,party,p1873,3
2871,practical planarian,party,p1875,1
2872,practical planarian,party,p1876,3
2873,practical planarian,party,p1877,3
2874,practical planarian,party,p1880,1
2875,practical planarian,party,p1883,1
2876,practical planarian,party,p1889,1
2877,practical planarian,party,p1893,3
2878,practical planarian,party,p1896,2
2879,practical planarian,party,p1913,1
2880,practical planarian,party,p1922,1
2881,practical planarian,party,p1930,1
2882,practical planarian,party,p1935,1
2883,practical planarian,party,p1940,3
2884,practical planarian,party,p1948,1
2885,practical planarian,party,p1950,2
2886,practical planarian,party,p1954,2
2887,practical planarian,party,p1956,2
2888,practical planarian,party,p1958,1
2889,practical planarian,party,p1967,1
2890,practical planarian,party,p1973,3
2891,practical planarian,party,p1978,1
2892,practical planarian,party,p1983,2
2893,practical planarian,party,p1984,3
2894,practical planarian,party,p1995,1
2895,practical planarian,party,p1996,1
2896,practical planarian,party,p1997,1
2897,practical planarian,party,p2001,3
2898,practical planarian,party,p2002,3
2899,practical planarian,party,p2013,3
2900,practical planarian,party,p2014,1
2901,practical planarian,party,p2016,3
2902,practical planarian,party,p2018,1
2903,practical planarian,party,p2023,3
2904,practical planarian,party,p2025,1
2905,practical planarian,party,p2028,3
2906,practical planarian,party,p2030,3
2907,practical planarian,party,p2033,3
2908,practical planarian,party,p2040,3
2909,practical planarian,party,p2051,3
2910,practical planarian,party,p2052,1
2911,practical planarian,party,p2066,3
2912,practical planarian,party,p2067,1
2913,practical planarian,party,p2073,2
2914,practical planarian,party,p2077,1
2915,practical planarian,party,p2078,3
2916,practical planarian,party,p2086,3
2917,practical planarian,party,p2089,1
2918,practical planarian,party,p2093,1
2919,practical planarian,party,p2094,2
2920,practical planarian,party,p2111,1
2921,practical planarian,party,p2117,3
2922,practical planarian,party,p2121,3
2923,practical planarian,party,p2127,1
2924,practical planarian,party,p2141,2
2925,practical planarian,party,p2142,2
2926,practical planarian,party,p2143,1
2927,practical planarian,party,p2153,3
2928,practical planarian,party,p2155,3
2929,practical planarian,party,p2169,1
2930,practical planarian,party,p2187,3
2931,practical planarian,party,p2188,3
2932,practical planarian,party,p2197,1
2933,practical planarian,party,p2213,2
2934,practical planarian,party,p2214,2
2935,practical planarian,party,p2215,1
2936,practical planarian,party,p2220,2
2937,practical planarian,party,p2223,2
2938,practical planarian,party,p2229,2
2939,practical planarian,party,p2234,3
2940,practical planarian,party,p2237,3
2941,practical planarian,party,p2238,1
2942,practical planarian,party,p2244,3
2943,practical planarian,party,p2248,3
2944,practical planarian,party,p2252,3
2945,practical planarian,party,p2255,1
2946,practical planarian,party,p2261,1
2947,practical planarian,party,p2263,3
2948,practical planarian,party,p2273,3
2949,practical planarian,party,p2275,3
2950,practical planarian,party,p2276,3
2951,practical planarian,party,p2283,3
2952,practical planarian,party,p2287,3
2953,practical planarian,party,p2296,3
2954,practical planarian,party,p2298,2
2955,practical planarian,party,p2304,3
2956,practical planarian,party,p2310,3
2957,practical planarian,party,p2322,2
2958,practical planarian,party,p2326,1
2959,practical planarian,party,p2330,1
2960,practical planarian,party,p2331,3
2961,practical planarian,party,p2333,1
2962,practical planarian,party,p2347,3
2963,practical planarian,party,p2350,2
2964,practical planarian,party,p2351,1
2965,practical planarian,party,p2353,3
2966,practical planarian,party,p2355,3
2967,practical planarian,party,p2363,3
2968,practical planarian,party,p2378,2
2969,practical planarian,party,p2380,3
2970,practical planarian,party,p2387,3
2971,practical planarian,party,p2398,1
2972,practical planarian,party,p2400,3
2973,practical planarian,party,p2403,3
2974,practical planarian,party,p2408,3
2975,practical planarian,party,p2418,3
2976,practical planarian,party,p2426,3
2977,practical planarian,party,p2428,2
2978,practical planarian,party,p2434,3
2979,practical planarian,party,p2446,3
2980,practical planarian,party,p2452,1
2981,practical planarian,party,p2454,2
2982,practical planarian,party,p2462,3
2983,practical planarian,party,p2467,1
2984,practical planarian,party,p2482,2
2985,practical planarian,party,p2489,1
2986,practical planarian,party,p2490,3
2987,practical planarian,party,p2494,1
2988,practical planarian,party,p2502,3
2989,practical planarian,party,p2503,3
2990,practical planarian,party,p2522,1
2991,practical planarian,party,p2524,3
2992,practical planarian,party,p2533,3
2993,practical planarian,party,p2566,3
2994,practical planarian,party,p2571,3
2995,practical planarian,party,p2573,2
2996,practical planarian,party,p2582,1
2997,practical planarian,party,p2591,1
2998,practical planarian,party,p2592,2
2999,practical planarian,party,p2595,3
