,condition,outcome,persona,response
0,worse wildfowl,gender,p0016,2
1,worse wildfowl,gender,p0022,2
2,worse wildfowl,gender,p0023,1
3,worse wildfowl,gender,p0026,2
4,worse wildfowl,gender,p0034,1
5,worse wildfowl,gender,p0036,1
6,worse wildfowl,gender,p0037,1
7,worse wildfowl,gender,p0042,1
8,worse wildfowl,gender,p0057,2
9,worse wildfowl,gender,p0066,1
10,worse wildfowl,gender,p0069,2
11,worse wildfowl,gender,p0072,2
12,worse wildfowl,gender,p0073,1
13,worse wildfowl,gender,p0082,1
14,worse wildfowl,gender,p0091,1
15,worse wildfowl,gender,p0092,1
16,worse wildfowl,gender,p0093,1
17,worse wildfowl,gender,p0095,1
18,worse wildfowl,gender,p0107,2
19,worse wildfowl,gender,p0114,1
20,worse wildfowl,gender,p0116,1
21,worse wildfowl,gender,p0118,2
22,worse wildfowl,gender,p0119,1
23,worse wildfowl,gender,p0126,1
24,worse wildfowl,gender,p0129,1
25,worse wildfowl,gender,p0136,2
26,worse wildfowl,gender,p0138,1
27,worse wildfowl,gender,p0144,2
28,worse wildfowl,gender,p0150,1
29,worse wildfowl,gender,p0152,2
30,worse wildfowl,gender,p0158,2
31,worse wildfowl,gender,p0161,1
32,worse wildfowl,gender,p0164,2
33,worse wildfowl,gender,p0175,1
34,worse wildfowl,gender,p0177,1
35,worse wildfowl,gender,p0178,1
36,worse wildfowl,gender,p0181,2
37,worse wildfowl,gender,p0186,2
38,worse wildfowl,gender,p0196,2
39,worse wildfowl,gender,p0198,1
40,worse wildfowl,gender,p0202,1
41,worse wildfowl,gender,p0205,1
42,worse wildfowl,gender,p0207,1
43,worse wildfowl,gender,p0211,1
44,worse wildfowl,gender,p0227,2
45,worse wildfowl,gender,p0229,1
46,worse wildfowl,gender,p0232,1
47,worse wildfowl,gender,p0233,2
48,worse wildfowl,gender,p0237,1
49,worse wildfowl,gender,p0258,1
50,worse wildfowl,gender,p0268,1
51,worse wildfowl,gender,p0274,1
52,worse wildfowl,gender,p0275,1
53,worse wildfowl,gender,p0277,1
54,worse wildfowl,gender,p0288,1
55,worse wildfowl,gender,p0291,1
56,worse wildfowl,gender,p0307,1
57,worse wildfowl,gender,p0308,1
58,worse wildfowl,gender,p0317,1
59,worse wildfowl,gender,p0325,2
60,worse wildfowl,gender,p0327,1
61,worse wildfowl,gender,p0334,1
62,worse wildfowl,gender,p0336,1
63,worse wildfowl,gender,p0338,1
64,worse wildfowl,gender,p0342,1
65,worse wildfowl,gender,p0349,1
66,worse wildfowl,gender,p0356,2
67,worse wildfowl,gender,p0358,1
68,worse wildfowl,gender,p0363,1
69,worse wildfowl,gender,p0364,1
70,worse wildfowl,gender,p0369,2
71,worse wildfowl,gender,p0370,2
72,worse wildfowl,gender,p0371,1
73,worse wildfowl,gender,p0379,1
74,worse wildfowl,gender,p0386,1
75,worse wildfowl,gender,p0396,2
76,worse wildfowl,gender,p0403,2
77,worse wildfowl,gender,p0405,2
78,worse wildfowl,gender,p0412,1
79,worse wildfowl,gender,p0415,1
80,worse wildfowl,gender,p0416,1
81,worse wildfowl,gender,p0417,1
82,worse wildfowl,gender,p0418,2
83,worse wildfowl,gender,p0430,1
84,worse wildfowl,gender,p0431,2
85,worse wildfowl,gender,p0434,2
86,worse wildfowl,gender,p0438,2
87,worse wildfowl,gender,p0441,2
88,worse wildfowl,gender,p0442,2
89,worse wildfowl,gender,p0449,1
90,worse wildfowl,gender,p0450,2
91,worse wildfowl,gender,p0465,1
92,worse wildfowl,gender,p0471,2
93,worse wildfowl,gender,p0477,2
94,worse wildfowl,gender,p0483,2
95,worse wildfowl,gender,p0486,1
96,worse wildfowl,gender,p0487,1
97,worse wildfowl,gender,p0489,1
98,worse wildfowl,gender,p0497,1
99,worse wildfowl,gender,p0502,1
100,worse wildfowl,gender,p0503,2
101,worse wildfowl,gender,p0506,1
102,worse wildfowl,gender,p0511,1
103,worse wildfowl,gender,p0523,2
104,worse wildfowl,gender,p0534,1
105,worse wildfowl,gender,p0536,1
106,worse wildfowl,gender,p0542,1
107,worse wildfowl,gender,p0547,2
108,worse wildfowl,gender,p0553,1
109,worse wildfowl,gender,p0559,2
110,worse wildfowl,gender,p0566,1
111,worse wildfowl,gender,p0568,2
112,worse wildfowl,gender,p0570,1
113,worse wildfowl,gender,p0573,2
114,worse wildfowl,gender,p0578,1
115,worse wildfowl,gender,p0594,1
116,worse wildfowl,gender,p0597,1
117,worse wildfowl,gender,p0601,1
118,worse wildfowl,gender,p0602,2
119,worse wildfowl,gender,p0605,1
120,worse wildfowl,gender,p0615,1
121,worse wildfowl,gender,p0620,1
122,worse wildfowl,gender,p0626,2
123,worse wildfowl,gender,p0629,2
124,worse wildfowl,gender,p0633,2
125,worse wildfowl,gender,p0638,2
126,worse wildfowl,gender,p0639,1
127,worse wildfowl,gender,p0640,2
128,worse wildfowl,gender,p0655,2
129,worse wildfowl,gender,p0656,1
130,worse wildfowl,gender,p0658,1
131,worse wildfowl,gender,p0661,1
132,worse wildfowl,gender,p0669,1
133,worse wildfowl,gender,p0670,2
134,worse wildfowl,gender,p0672,2
135,worse wildfowl,gender,p0674,1
136,worse wildfowl,gender,p0678,1
137,worse wildfowl,gender,p0683,2
138,worse wildfowl,gender,p0686,1
139,worse wildfowl,gender,p0687,1
140,worse wildfowl,gender,p0698,2
141,worse wildfowl,gender,p0700,1
142,worse wildfowl,gender,p0703,1
143,worse wildfowl,gender,p0718,1
144,worse wildfowl,gender,p0744,2
145,worse wildfowl,gender,p0745,1
146,worse wildfowl,gender,p0753,2
147,worse wildfowl,gender,p0770,1
148,worse wildfowl,gender,p0771,1
149,worse wildfowl,gender,p0777,1
150,worse wildfowl,gender,p0779,1
151,worse wildfowl,gender,p0780,2
152,worse wildfowl,gender,p0783,1
153,worse wildfowl,gender,p0785,2
154,worse wildfowl,gender,p0786,2
155,worse wildfowl,gender,p0794,1
156,worse wildfowl,gender,p0798,1
157,worse wildfowl,gender,p0800,1
158,worse wildfowl,gender,p0820,2
159,worse wildfowl,gender,p0841,2
160,worse wildfowl,gender,p0849,1
161,worse wildfowl,gender,p0862,1
162,worse wildfowl,gender,p0867,2
163,worse wildfowl,gender,p0869,1
164,worse wildfowl,gender,p0872,1
165,worse wildfowl,gender,p0880,2
166,worse wildfowl,gender,p0891,1
167,worse wildfowl,gender,p0916,2
168,worse wildfowl,gender,p0917,2
169,worse wildfowl,gender,p0919,2
170,worse wildfowl,gender,p0922,2
171,worse wildfowl,gender,p0925,2
172,worse wildfowl,gender,p0927,1
173,worse wildfowl,gender,p0929,2
174,worse wildfowl,gender,p0930,1
175,worse wildfowl,gender,p0931,2
176,worse wildfowl,gender,p0933,2
177,worse wildfowl,gender,p0934,2
178,worse wildfowl,gender,p0936,2
179,worse wildfowl,gender,p0938,1
180,worse wildfowl,gender,p0939,2
181,worse wildfowl,gender,p0946,1
182,worse wildfowl,gender,p0951,1
183,worse wildfowl,gender,p0956,2
184,worse wildfowl,gender,p0962,2
185,worse wildfowl,gender,p0963,1
186,worse wildfowl,gender,p0969,1
187,worse wildfowl,gender,p0972,1
188,worse wildfowl,gender,p0975,1
189,worse wildfowl,gender,p0985,2
190,worse wildfowl,gender,p0993,1
191,worse wildfowl,gender,p0996,2
192,worse wildfowl,gender,p1011,1
193,worse wildfowl,gender,p1017,2
194,worse wildfowl,gender,p1020,1
195,worse wildfowl,gender,p1022,1
196,worse wildfowl,gender,p1024,2
197,worse wildfowl,gender,p1027,1
198,worse wildfowl,gender,p1028,1
199,worse wildfowl,gender,p1029,2
200,worse wildfowl,gender,p1032,1
201,worse wildfowl,gender,p1040,1
202,worse wildfowl,gender,p1047,1
203,worse wildfowl,gender,p1048,1
204,worse wildfowl,gender,p1053,2
205,worse wildfowl,gender,p1057,1
206,worse wildfowl,gender,p1058,2
207,worse wildfowl,gender,p1063,1
208,worse wildfowl,gender,p1064,2
209,worse wildfowl,gender,p1065,1
210,worse wildfowl,gender,p1069,2
211,worse wildfowl,gender,p1072,1
212,worse wildfowl,gender,p1073,1
213,worse wildfowl,gender,p1075,2
214,worse wildfowl,gender,p1076,2
215,worse wildfowl,gender,p1083,2
216,worse wildfowl,gender,p1089,1
217,worse wildfowl,gender,p1093,1
218,worse wildfowl,gender,p1096,2
219,worse wildfowl,gender,p1100,1
220,worse wildfowl,gender,p1106,2
221,worse wildfowl,gender,p1107,2
222,worse wildfowl,gender,p1113,1
223,worse wildfowl,gender,p1117,1
224,worse wildfowl,gender,p1120,1
225,worse wildfowl,gender,p1134,1
226,worse wildfowl,gender,p1136,1
227,worse wildfowl,gender,p1138,2
228,worse wildfowl,gender,p1144,1
229,worse wildfowl,gender,p1145,1
230,worse wildfowl,gender,p1147,2
231,worse wildfowl,gender,p1148,1
232,worse wildfowl,gender,p1154,2
233,worse wildfowl,gender,p1159,1
234,worse wildfowl,gender,p1167,1
235,worse wildfowl,gender,p1175,2
236,worse wildfowl,gender,p1178,2
237,worse wildfowl,gender,p1184,2
238,worse wildfowl,gender,p1186,1
239,worse wildfowl,gender,p1196,1
240,worse wildfowl,gender,p1197,2
241,worse wildfowl,gender,p1203,1
242,worse wildfowl,gender,p1219,2
243,worse wildfowl,gender,p1225,1
244,worse wildfowl,gender,p1234,2
245,worse wildfowl,gender,p1242,1
246,worse wildfowl,gender,p1244,1
247,worse wildfowl,gender,p1249,2
248,worse wildfowl,gender,p1250,1
249,worse wildfowl,gender,p1256,1
250,worse wildfowl,gender,p1258,2
251,worse wildfowl,gender,p1260,1
252,worse wildfowl,gender,p1262,1
253,worse wildfowl,gender,p1264,2
254,worse wildfowl,gender,p1265,2
255,worse wildfowl,gender,p1269,1
256,worse wildfowl,gender,p1272,2
257,worse wildfowl,gender,p1278,1
258,worse wildfowl,gender,p1281,2
259,worse wildfowl,gender,p1292,1
260,worse wildfowl,gender,p1299,2
261,worse wildfowl,gender,p1312,2
262,worse wildfowl,gender,p1322,1
263,worse wildfowl,gender,p1326,2
264,worse wildfowl,gender,p1330,2
265,worse wildfowl,gender,p1335,2
266,worse wildfowl,gender,p1337,1
267,worse wildfowl,gender,p1340,1
268,worse wildfowl,gender,p1345,1
269,worse wildfowl,gender,p1351,1
270,worse wildfowl,gender,p1355,2
271,worse wildfowl,gender,p1362,2
272,worse wildfowl,gender,p1365,1
273,worse wildfowl,gender,p1366,2
274,worse wildfowl,gender,p1367,1
275,worse wildfowl,gender,p1370,2
276,worse wildfowl,gender,p1371,1
277,worse wildfowl,gender,p1373,2
278,worse wildfowl,gender,p1375,2
279,worse wildfowl,gender,p1376,2
280,worse wildfowl,gender,p1379,2
281,worse wildfowl,gender,p1381,2
282,worse wildfowl,gender,p1393,2
283,worse wildfowl,gender,p1396,2
284,worse wildfowl,gender,p1398,1
285,worse wildfowl,gender,p1404,2
286,worse wildfowl,gender,p1406,1
287,worse wildfowl,gender,p1407,2
288,worse wildfowl,gender,p1409,1
289,worse wildfowl,gender,p1412,1
290,worse wildfowl,gender,p1414,1
291,worse wildfowl,gender,p1424,1
292,worse wildfowl,gender,p1425,1
293,worse wildfowl,gender,p1429,2
294,worse wildfowl,gender,p1434,1
295,worse wildfowl,gender,p1441,1
296,worse wildfowl,gender,p1445,1
297,worse wildfowl,gender,p1450,1
298,worse wildfowl,gender,p1454,1
299,worse wildfowl,gender,p1456,1
300,worse wildfowl,gender,p1457,2
301,worse wildfowl,gender,p1458,1
302,worse wildfowl,gender,p1469,1
303,worse wildfowl,gender,p1470,1
304,worse wildfowl,gender,p1481,1
305,worse wildfowl,gender,p1488,2
306,worse wildfowl,gender,p1492,1
307,worse wildfowl,gender,p1495,1
308,worse wildfowl,gender,p1497,2
309,worse wildfowl,gender,p1499,1
310,worse wildfowl,gender,p1503,1
311,worse wildfowl,gender,p1511,1
312,worse wildfowl,gender,p1512,2
313,worse wildfowl,gender,p1518,2
314,worse wildfowl,gender,p1519,2
315,worse wildfowl,gender,p1520,2
316,worse wildfowl,gender,p1524,2
317,worse wildfowl,gender,p1526,2
318,worse wildfowl,gender,p1537,1
319,worse wildfowl,gender,p1545,2
320,worse wildfowl,gender,p1547,2
321,worse wildfowl,gender,p1552,1
322,worse wildfowl,gender,p1567,1
323,worse wildfowl,gender,p1568,2
324,worse wildfowl,gender,p1579,2
325,worse wildfowl,gender,p1587,2
326,worse wildfowl,gender,p1596,1
327,worse wildfowl,gender,p1600,1
328,worse wildfowl,gender,p1603,2
329,worse wildfowl,gender,p1604,2
330,worse wildfowl,gender,p1610,2
331,worse wildfowl,gender,p1618,1
332,worse wildfowl,gender,p1619,1
333,worse wildfowl,gender,p1622,1
334,worse wildfowl,gender,p1623,1
335,worse wildfowl,gender,p1630,1
336,worse wildfowl,gender,p1641,1
337,worse wildfowl,gender,p1649,1
338,worse wildfowl,gender,p1652,1
339,worse wildfowl,gender,p1665,1
340,worse wildfowl,gender,p1669,1
341,worse wildfowl,gender,p1685,1
342,worse wildfowl,gender,p1693,2
343,worse wildfowl,gender,p1698,1
344,worse wildfowl,gender,p1704,1
345,worse wildfowl,gender,p1711,1
346,worse wildfowl,gender,p1718,1
347,worse wildfowl,gender,p1732,1
348,worse wildfowl,gender,p1739,1
349,worse wildfowl,gender,p1741,1
350,worse wildfowl,gender,p1746,1
351,worse wildfowl,gender,p1751,1
352,worse wildfowl,gender,p1754,2
353,worse wildfowl,gender,p1769,2
354,worse wildfowl,gender,p1771,2
355,worse wildfowl,gender,p1776,1
356,worse wildfowl,gender,p1780,1
357,worse wildfowl,gender,p1785,2
358,worse wildfowl,gender,p1791,1
359,worse wildfowl,gender,p1793,1
360,worse wildfowl,gender,p1796,1
361,worse wildfowl,gender,p1805,1
362,worse wildfowl,gender,p1812,1
363,worse wildfowl,gender,p1816,2
364,worse wildfowl,gender,p1819,1
365,worse wildfowl,gender,p1825,1
366,worse wildfowl,gender,p1836,1
367,worse wildfowl,gender,p1839,2
368,worse wildfowl,gender,p1861,1
369,worse wildfowl,gender,p1863,1
370,worse wildfowl,gender,p1873,1
371,worse wildfowl,gender,p1875,1
372,worse wildfowl,gender,p1876,2
373,worse wildfowl,gender,p1877,2
374,worse wildfowl,gender,p1880,2
375,worse wildfowl,gender,p1883,1
376,worse wildfowl,gender,p1889,1
377,worse wildfowl,gender,p1893,1
378,worse wildfowl,gender,p1896,1
379,worse wildfowl,gender,p1913,1
380,worse wildfowl,gender,p1922,1
381,worse wildfowl,gender,p1930,1
382,worse wildfowl,gender,p1935,1
383,worse wildfowl,gender,p1940,1
384,worse wildfowl,gender,p1948,2
385,worse wildfowl,gender,p1950,2
386,worse wildfowl,gender,p1954,1
387,worse wildfowl,gender,p1956,2
388,worse wildfowl,gender,p1958,1
389,worse wildfowl,gender,p1967,2
390,worse wildfowl,gender,p1973,1
391,worse wildfowl,gender,p1978,1
392,worse wildfowl,gender,p1983,1
393,worse wildfowl,gender,p1984,2
394,worse wildfowl,gender,p1995,1
395,worse wildfowl,gender,p1996,2
396,worse wildfowl,gender,p1997,1
397,worse wildfowl,gender,p2001,2
398,worse wildfowl,gender,p2002,2
399,worse wildfowl,gender,p2013,2
400,worse wildfowl,gender,p2014,2
401,worse wildfowl,gender,p2016,1
402,worse wildfowl,gender,p2018,1
403,worse wildfowl,gender,p2023,2
404,worse wildfowl,gender,p2025,1
405,worse wildfowl,gender,p2028,1
406,worse wildfowl,gender,p2030,2
407,worse wildfowl,gender,p2033,1
408,worse wildfowl,gender,p2040,1
409,worse wildfowl,gender,p2051,2
410,worse wildfowl,gender,p2052,1
411,worse wildfowl,gender,p2066,1
412,worse wildfowl,gender,p2067,1
413,worse wildfowl,gender,p2073,1
414,worse wildfowl,gender,p2077,2
415,worse wildfowl,gender,p2078,2
416,worse wildfowl,gender,p2086,1
417,worse wildfowl,gender,p2089,1
418,worse wildfowl,gender,p2093,1
419,worse wildfowl,gender,p2094,2
420,worse wildfowl,gender,p2111,2
421,worse wildfowl,gender,p2117,2
422,worse wildfowl,gender,p2121,1
423,worse wildfowl,gender,p2127,1
424,worse wildfowl,gender,p2141,1
425,worse wildfowl,gender,p2142,2
426,worse wildfowl,gender,p2143,1
427,worse wildfowl,gender,p2153,2
428,worse wildfowl,gender,p2155,2
429,worse wildfowl,gender,p2169,1
430,worse wildfowl,gender,p2187,1
431,worse wildfowl,gender,p2188,1
432,worse wildfowl,gender,p2197,2
433,worse wildfowl,gender,p2213,2
434,worse wildfowl,gender,p2214,2
435,worse wildfowl,gender,p2215,2
436,worse wildfowl,gender,p2220,1
437,worse wildfowl,gender,p2223,2
438,worse wildfowl,gender,p2229,1
439,worse wildfowl,gender,p2234,2
440,worse wildfowl,gender,p2237,2
441,worse wildfowl,gender,p2238,1
442,worse wildfowl,gender,p2244,2
443,worse wildfowl,gender,p2248,2
444,worse wildfowl,gender,p2252,1
445,worse wildfowl,gender,p2255,1
446,worse wildfowl,gender,p2261,1
447,worse wildfowl,gender,p2263,2
448,worse wildfowl,gender,p2273,2
449,worse wildfowl,gender,p2275,2
450,worse wildfowl,gender,p2276,2
451,worse wildfowl,gender,p2283,2
452,worse wildfowl,gender,p2287,2
453,worse wildfowl,gender,p2296,1
454,worse wildfowl,gender,p2298,1
455,worse wildfowl,gender,p2304,1
456,worse wildfowl,gender,p2310,2
457,worse wildfowl,gender,p2322,2
458,worse wildfowl,gender,p2326,2
459,worse wildfowl,gender,p2330,2
460,worse wildfowl,gender,p2331,1
461,worse wildfowl,gender,p2333,1
462,worse wildfowl,gender,p2347,2
463,worse wildfowl,gender,p2350,2
464,worse wildfowl,gender,p2351,1
465,worse wildfowl,gender,p2353,2
466,worse wildfowl,gender,p2355,2
467,worse wildfowl,gender,p2363,2
468,worse wildfowl,gender,p2378,2
469,worse wildfowl,gender,p2380,1
470,worse wildfowl,gender,p2387,2
471,worse wildfowl,gender,p2398,1
472,worse wildfowl,gender,p2400,1
473,worse wildfowl,gender,p2403,2
474,worse wildfowl,gender,p2408,2
475,worse wildfowl,gender,p2418,2
476,worse wildfowl,gender,p2426,1
477,worse wildfowl,gender,p2428,2
478,worse wildfowl,gender,p2434,2
479,worse wildfowl,gender,p2446,1
480,worse wildfowl,gender,p2452,1
481,worse wildfowl,gender,p2454,2
482,worse wildfowl,gender,p2462,1
483,worse wildfowl,gender,p2467,1
484,worse wildfowl,gender,p2482,2
485,worse wildfowl,gender,p2489,1
486,worse wildfowl,gender,p2490,2
487,worse wildfowl,gender,p2494,2
488,worse wildfowl,gender,p2502,1
489,worse wildfowl,gender,p2503,2
490,worse wildfowl,gender,p2522,1
491,worse wildfowl,gender,p2524,1
492,worse wildfowl,gender,p2533,2
493,worse wildfowl,gender,p2566,2
494,worse wildfowl,gender,p2571,1
495,worse wildfowl,gender,p2573,1
496,worse wildfowl,gender,p2582,1
497,worse wildfowl,gender,p2591,1
498,worse wildfowl,gender,p2592,2
499,worse wildfowl,gender,p2595,2
500,worse wildfowl,year_birth,p0016,1970
501,worse wildfowl,year_birth,p0022,1991
502,worse wildfowl,year_birth,p0023,1958
503,worse wildfowl,year_birth,p0026,1965
504,worse wildfowl,year_birth,p0034,1950
505,worse wildfowl,year_birth,p0036,1994
506,worse wildfowl,year_birth,p0037,1969
507,worse wildfowl,year_birth,p0042,1960
508,worse wildfowl,year_birth,p0057,1981
509,worse wildfowl,year_birth,p0066,1966
510,worse wildfowl,year_birth,p0069,1986
511,worse wildfowl,year_birth,p0072,1987
512,worse wildfowl,year_birth,p0073,1982
513,worse wildfowl,year_birth,p0082,1973
514,worse wildfowl,year_birth,p0091,1995
515,worse wildfowl,year_birth,p0092,1980
516,worse wildfowl,year_birth,p0093,1947
517,worse wildfowl,year_birth,p0095,1946
518,worse wildfowl,year_birth,p0107,1964
519,worse wildfowl,year_birth,p0114,1987
520,worse wildfowl,year_birth,p0116,1986
521,worse wildfowl,year_birth,p0118,1998
522,worse wildfowl,year_birth,p0119,1989
523,worse wildfowl,year_birth,p0126,1961
524,worse wildfowl,year_birth,p0129,1951
525,worse wildfowl,year_birth,p0136,1986
526,worse wildfowl,year_birth,p0138,1947
527,worse wildfowl,year_birth,p0144,1989
528,worse wildfowl,year_birth,p0150,1975
529,worse wildfowl,year_birth,p0152,1973
530,worse wildfowl,year_birth,p0158,1948
531,worse wildfowl,year_birth,p0161,1984
532,worse wildfowl,year_birth,p0164,1955
533,worse wildfowl,year_birth,p0175,1954
534,worse wildfowl,year_birth,p0177,1972
535,worse wildfowl,year_birth,p0178,1991
536,worse wildfowl,year_birth,p0181,1970
537,worse wildfowl,year_birth,p0186,1968
538,worse wildfowl,year_birth,p0196,1993
539,worse wildfowl,year_birth,p0198,1949
540,worse wildfowl,year_birth,p0202,1950
541,worse wildfowl,year_birth,p0205,1944
542,worse wildfowl,year_birth,p0207,1932
543,worse wildfowl,year_birth,p0211,1947
544,worse wildfowl,year_birth,p0227,1978
545,worse wildfowl,year_birth,p0229,1957
546,worse wildfowl,year_birth,p0232,1939
547,worse wildfowl,year_birth,p0233,1951
548,worse wildfowl,year_birth,p0237,1984
549,worse wildfowl,year_birth,p0258,1936
550,worse wildfowl,year_birth,p0268,1927
551,worse wildfowl,year_birth,p0274,1981
552,worse wildfowl,year_birth,p0275,1970
553,worse wildfowl,year_birth,p0277,1975
554,worse wildfowl,year_birth,p0288,1970
555,worse wildfowl,year_birth,p0291,1936
556,worse wildfowl,year_birth,p0307,1996
557,worse wildfowl,year_birth,p0308,1998
558,worse wildfowl,year_birth,p0317,1960
559,worse wildfowl,year_birth,p0325,1989
560,worse wildfowl,year_birth,p0327,1958
561,worse wildfowl,year_birth,p0334,1956
562,worse wildfowl,year_birth,p0336,1987
563,worse wildfowl,year_birth,p0338,1977
564,worse wildfowl,year_birth,p0342,1981
565,worse wildfowl,year_birth,p0349,1975
566,worse wildfowl,year_birth,p0356,1991
567,worse wildfowl,year_birth,p0358,1956
568,worse wildfowl,year_birth,p0363,1956
569,worse wildfowl,year_birth,p0364,1981
570,worse wildfowl,year_birth,p0369,1989
571,worse wildfowl,year_birth,p0370,1983
572,worse wildfowl,year_birth,p0371,1959
573,worse wildfowl,year_birth,p0379,1962
574,worse wildfowl,year_birth,p0386,1986
575,worse wildfowl,year_birth,p0396,1987
576,worse wildfowl,year_birth,p0403,1988
577,worse wildfowl,year_birth,p0405,1990
578,worse wildfowl,year_birth,p0412,1963
579,worse wildfowl,year_birth,p0415,1992
580,worse wildfowl,year_birth,p0416,1982
581,worse wildfowl,year_birth,p0417,1983
582,worse wildfowl,year_birth,p0418,1952
583,worse wildfowl,year_birth,p0430,1944
584,worse wildfowl,year_birth,p0431,1998
585,worse wildfowl,year_birth,p0434,1964
586,worse wildfowl,year_birth,p0438,1977
587,worse wildfowl,year_birth,p0441,1988
588,worse wildfowl,year_birth,p0442,1994
589,worse wildfowl,year_birth,p0449,1957
590,worse wildfowl,year_birth,p0450,1951
591,worse wildfowl,year_birth,p0465,1965
592,worse wildfowl,year_birth,p0471,1987
593,worse wildfowl,year_birth,p0477,1970
594,worse wildfowl,year_birth,p0483,1993
595,worse wildfowl,year_birth,p0486,1990
596,worse wildfowl,year_birth,p0487,1983
597,worse wildfowl,year_birth,p0489,1959
598,worse wildfowl,year_birth,p0497,1946
599,worse wildfowl,year_birth,p0502,1953
600,worse wildfowl,year_birth,p0503,1991
601,worse wildfowl,year_birth,p0506,1987
602,worse wildfowl,year_birth,p0511,1989
603,worse wildfowl,year_birth,p0523,1993
604,worse wildfowl,year_birth,p0534,1954
605,worse wildfowl,year_birth,p0536,1982
606,worse wildfowl,year_birth,p0542,1948
607,worse wildfowl,year_birth,p0547,1954
608,worse wildfowl,year_birth,p0553,1966
609,worse wildfowl,year_birth,p0559,1991
610,worse wildfowl,year_birth,p0566,1984
611,worse wildfowl,year_birth,p0568,1972
612,worse wildfowl,year_birth,p0570,1977
613,worse wildfowl,year_birth,p0573,1987
614,worse wildfowl,year_birth,p0578,1967
615,worse wildfowl,year_birth,p0594,1984
616,worse wildfowl,year_birth,p0597,1958
617,worse wildfowl,year_birth,p0601,1996
618,worse wildfowl,year_birth,p0602,1952
619,worse wildfowl,year_birth,p0605,1987
620,worse wildfowl,year_birth,p0615,1966
621,worse wildfowl,year_birth,p0620,1994
622,worse wildfowl,year_birth,p0626,1980
623,worse wildfowl,year_birth,p0629,1995
624,worse wildfowl,year_birth,p0633,1996
625,worse wildfowl,year_birth,p0638,1989
626,worse wildfowl,year_birth,p0639,1976
627,worse wildfowl,year_birth,p0640,1951
628,worse wildfowl,year_birth,p0655,1998
629,worse wildfowl,year_birth,p0656,1991
630,worse wildfowl,year_birth,p0658,1968
631,worse wildfowl,year_birth,p0661,1988
632,worse wildfowl,year_birth,p0669,1960
633,worse wildfowl,year_birth,p0670,1980
634,worse wildfowl,year_birth,p0672,1973
635,worse wildfowl,year_birth,p0674,1985
636,worse wildfowl,year_birth,p0678,1978
637,worse wildfowl,year_birth,p0683,1949
638,worse wildfowl,year_birth,p0686,1977
639,worse wildfowl,year_birth,p0687,1953
640,worse wildfowl,year_birth,p0698,1963
641,worse wildfowl,year_birth,p0700,1981
642,worse wildfowl,year_birth,p0703,1970
643,worse wildfowl,year_birth,p0718,1984
644,worse wildfowl,year_birth,p0744,1987
645,worse wildfowl,year_birth,p0745,1987
646,worse wildfowl,year_birth,p0753,1992
647,worse wildfowl,year_birth,p0770,1985
648,worse wildfowl,year_birth,p0771,1964
649,worse wildfowl,year_birth,p0777,1982
650,worse wildfowl,year_birth,p0779,1964
651,worse wildfowl,year_birth,p0780,1970
652,worse wildfowl,year_birth,p0783,1947
653,worse wildfowl,year_birth,p0785,1994
654,worse wildfowl,year_birth,p0786,1970
655,worse wildfowl,year_birth,p0794,1952
656,worse wildfowl,year_birth,p0798,1947
657,worse wildfowl,year_birth,p0800,1967
658,worse wildfowl,year_birth,p0820,1982
659,worse wildfowl,year_birth,p0841,1985
660,worse wildfowl,year_birth,p0849,1970
661,worse wildfowl,year_birth,p0862,1989
662,worse wildfowl,year_birth,p0867,1969
663,worse wildfowl,year_birth,p0869,1955
664,worse wildfowl,year_birth,p0872,1972
665,worse wildfowl,year_birth,p0880,1993
666,worse wildfowl,year_birth,p0891,1984
667,worse wildfowl,year_birth,p0916,1989
668,worse wildfowl,year_birth,p0917,1987
669,worse wildfowl,year_birth,p0919,1991
670,worse wildfowl,year_birth,p0922,1957
671,worse wildfowl,year_birth,p0925,1966
672,worse wildfowl,year_birth,p0927,1990
673,worse wildfowl,year_birth,p0929,1991
674,worse wildfowl,year_birth,p0930,1984
675,worse wildfowl,year_birth,p0931,1958
676,worse wildfowl,year_birth,p0933,1986
677,worse wildfowl,year_birth,p0934,1978
678,worse wildfowl,year_birth,p0936,1976
679,worse wildfowl,year_birth,p0938,1982
680,worse wildfowl,year_birth,p0939,1984
681,worse wildfowl,year_birth,p0946,1980
682,worse wildfowl,year_birth,p0951,1963
683,worse wildfowl,year_birth,p0956,1988
684,worse wildfowl,year_birth,p0962,1942
685,worse wildfowl,year_birth,p0963,1990
686,worse wildfowl,year_birth,p0969,1960
687,worse wildfowl,year_birth,p0972,1956
688,worse wildfowl,year_birth,p0975,1952
689,worse wildfowl,year_birth,p0985,1994
690,worse wildfowl,year_birth,p0993,1983
691,worse wildfowl,year_birth,p0996,1956
692,worse wildfowl,year_birth,p1011,1961
693,worse wildfowl,year_birth,p1017,1992
694,worse wildfowl,year_birth,p1020,1953
695,worse wildfowl,year_birth,p1022,1995
696,worse wildfowl,year_birth,p1024,1972
697,worse wildfowl,year_birth,p1027,1996
698,worse wildfowl,year_birth,p1028,1985
699,worse wildfowl,year_birth,p1029,1986
700,worse wildfowl,year_birth,p1032,1972
701,worse wildfowl,year_birth,p1040,1990
702,worse wildfowl,year_birth,p1047,1997
703,worse wildfowl,year_birth,p1048,1985
704,worse wildfowl,year_birth,p1053,1987
705,worse wildfowl,year_birth,p1057,1986
706,worse wildfowl,year_birth,p1058,1988
707,worse wildfowl,year_birth,p1063,1960
708,worse wildfowl,year_birth,p1064,1955
709,worse wildfowl,year_birth,p1065,1955
710,worse wildfowl,year_birth,p1069,1981
711,worse wildfowl,year_birth,p1072,1986
712,worse wildfowl,year_birth,p1073,1980
713,worse wildfowl,year_birth,p1075,1965
714,worse wildfowl,year_birth,p1076,1997
715,worse wildfowl,year_birth,p1083,1950
716,worse wildfowl,year_birth,p1089,1992
717,worse wildfowl,year_birth,p1093,1995
718,worse wildfowl,year_birth,p1096,1988
719,worse wildfowl,year_birth,p1100,1972
720,worse wildfowl,year_birth,p1106,1988
721,worse wildfowl,year_birth,p1107,1955
722,worse wildfowl,year_birth,p1113,1984
723,worse wildfowl,year_birth,p1117,1940
724,worse wildfowl,year_birth,p1120,1956
725,worse wildfowl,year_birth,p1134,1951
726,worse wildfowl,year_birth,p1136,1967
727,worse wildfowl,year_birth,p1138,1969
728,worse wildfowl,year_birth,p1144,1962
729,worse wildfowl,year_birth,p1145,1952
730,worse wildfowl,year_birth,p1147,1989
731,worse wildfowl,year_birth,p1148,1982
732,worse wildfowl,year_birth,p1154,1985
733,worse wildfowl,year_birth,p1159,1957
734,worse wildfowl,year_birth,p1167,1965
735,worse wildfowl,year_birth,p1175,1989
736,worse wildfowl,year_birth,p1178,1989
737,worse wildfowl,year_birth,p1184,1979
738,worse wildfowl,year_birth,p1186,1970
739,worse wildfowl,year_birth,p1196,1996
740,worse wildfowl,year_birth,p1197,1974
741,worse wildfowl,year_birth,p1203,1954
742,worse wildfowl,year_birth,p1219,1994
743,worse wildfowl,year_birth,p1225,1952
744,worse wildfowl,year_birth,p1234,1996
745,worse wildfowl,year_birth,p1242,1954
746,worse wildfowl,year_birth,p1244,1976
747,worse wildfowl,year_birth,p1249,1972
748,worse wildfowl,year_birth,p1250,1960
749,worse wildfowl,year_birth,p1256,1979
750,worse wildfowl,year_birth,p1258,1986
751,worse wildfowl,year_birth,p1260,1982
752,worse wildfowl,year_birth,p1262,1972
753,worse wildfowl,year_birth,p1264,1997
754,worse wildfowl,year_birth,p1265,1987
755,worse wildfowl,year_birth,p1269,1983
756,worse wildfowl,year_birth,p1272,1998
757,worse wildfowl,year_birth,p1278,1988
758,worse wildfowl,year_birth,p1281,1989
759,worse wildfowl,year_birth,p1292,1990
760,worse wildfowl,year_birth,p1299,1964
761,worse wildfowl,year_birth,p1312,1984
762,worse wildfowl,year_birth,p1322,1986
763,worse wildfowl,year_birth,p1326,1985
764,worse wildfowl,year_birth,p1330,1962
765,worse wildfowl,year_birth,p1335,1991
766,worse wildfowl,year_birth,p1337,1965
767,worse wildfowl,year_birth,p1340,1983
768,worse wildfowl,year_birth,p1345,1960
769,worse wildfowl,year_birth,p1351,1932
770,worse wildfowl,year_birth,p1355,1991
771,worse wildfowl,year_birth,p1362,1941
772,worse wildfowl,year_birth,p1365,1961
773,worse wildfowl,year_birth,p1366,1958
774,worse wildfowl,year_birth,p1367,1984
775,worse wildfowl,year_birth,p1370,1936
776,worse wildfowl,year_birth,p1371,1969
777,worse wildfowl,year_birth,p1373,1991
778,worse wildfowl,year_birth,p1375,1980
779,worse wildfowl,year_birth,p1376,1986
780,worse wildfowl,year_birth,p1379,1977
781,worse wildfowl,year_birth,p1381,1952
782,worse wildfowl,year_birth,p1393,1974
783,worse wildfowl,year_birth,p1396,1970
784,worse wildfowl,year_birth,p1398,1978
785,worse wildfowl,year_birth,p1404,1960
786,worse wildfowl,year_birth,p1406,1961
787,worse wildfowl,year_birth,p1407,1987
788,worse wildfowl,year_birth,p1409,1954
789,worse wildfowl,year_birth,p1412,1966
790,worse wildfowl,year_birth,p1414,1981
791,worse wildfowl,year_birth,p1424,1968
792,worse wildfowl,year_birth,p1425,1968
793,worse wildfowl,year_birth,p1429,1971
794,worse wildfowl,year_birth,p1434,1976
795,worse wildfowl,year_birth,p1441,1975
796,worse wildfowl,year_birth,p1445,1956
797,worse wildfowl,year_birth,p1450,1993
798,worse wildfowl,year_birth,p1454,1967
799,worse wildfowl,year_birth,p1456,1978
800,worse wildfowl,year_birth,p1457,1987
801,worse wildfowl,year_birth,p1458,1966
802,worse wildfowl,year_birth,p1469,1979
803,worse wildfowl,year_birth,p1470,1961
804,worse wildfowl,year_birth,p1481,1958
805,worse wildfowl,year_birth,p1488,1973
806,worse wildfowl,year_birth,p1492,1976
807,worse wildfowl,year_birth,p1495,1943
808,worse wildfowl,year_birth,p1497,1965
809,worse wildfowl,year_birth,p1499,1993
810,worse wildfowl,year_birth,p1503,1963
811,worse wildfowl,year_birth,p1511,1960
812,worse wildfowl,year_birth,p1512,1989
813,worse wildfowl,year_birth,p1518,1992
814,worse wildfowl,year_birth,p1519,1995
815,worse wildfowl,year_birth,p1520,1988
816,worse wildfowl,year_birth,p1524,1968
817,worse wildfowl,year_birth,p1526,1982
818,worse wildfowl,year_birth,p1537,1937
819,worse wildfowl,year_birth,p1545,1975
820,worse wildfowl,year_birth,p1547,1968
821,worse wildfowl,year_birth,p1552,1989
822,worse wildfowl,year_birth,p1567,1949
823,worse wildfowl,year_birth,p1568,1950
824,worse wildfowl,year_birth,p1579,1951
825,worse wildfowl,year_birth,p1587,1965
826,worse wildfowl,year_birth,p1596,1953
827,worse wildfowl,year_birth,p1600,1974
828,worse wildfowl,year_birth,p1603,1990
829,worse wildfowl,year_birth,p1604,1955
830,worse wildfowl,year_birth,p1610,1978
831,worse wildfowl,year_birth,p1618,1971
832,worse wildfowl,year_birth,p1619,1948
833,worse wildfowl,year_birth,p1622,1956
834,worse wildfowl,year_birth,p1623,1971
835,worse wildfowl,year_birth,p1630,1999
836,worse wildfowl,year_birth,p1641,1944
837,worse wildfowl,year_birth,p1649,1943
838,worse wildfowl,year_birth,p1652,1971
839,worse wildfowl,year_birth,p1665,1980
840,worse wildfowl,year_birth,p1669,1968
841,worse wildfowl,year_birth,p1685,1956
842,worse wildfowl,year_birth,p1693,1986
843,worse wildfowl,year_birth,p1698,1973
844,worse wildfowl,year_birth,p1704,1976
845,worse wildfowl,year_birth,p1711,1969
846,worse wildfowl,year_birth,p1718,1975
847,worse wildfowl,year_birth,p1732,1971
848,worse wildfowl,year_birth,p1739,1943
849,worse wildfowl,year_birth,p1741,1942
850,worse wildfowl,year_birth,p1746,1975
851,worse wildfowl,year_birth,p1751,1987
852,worse wildfowl,year_birth,p1754,1959
853,worse wildfowl,year_birth,p1769,1971
854,worse wildfowl,year_birth,p1771,1968
855,worse wildfowl,year_birth,p1776,1953
856,worse wildfowl,year_birth,p1780,1969
857,worse wildfowl,year_birth,p1785,1979
858,worse wildfowl,year_birth,p1791,1986
859,worse wildfowl,year_birth,p1793,1957
860,worse wildfowl,year_birth,p1796,1952
861,worse wildfowl,year_birth,p1805,1981
862,worse wildfowl,year_birth,p1812,1979
863,worse wildfowl,year_birth,p1816,1972
864,worse wildfowl,year_birth,p1819,1972
865,worse wildfowl,year_birth,p1825,1951
866,worse wildfowl,year_birth,p1836,1995
867,worse wildfowl,year_birth,p1839,1940
868,worse wildfowl,year_birth,p1861,1961
869,worse wildfowl,year_birth,p1863,1930
870,worse wildfowl,year_birth,p1873,1979
871,worse wildfowl,year_birth,p1875,1955
872,worse wildfowl,year_birth,p1876,1971
873,worse wildfowl,year_birth,p1877,1996
874,worse wildfowl,year_birth,p1880,1977
875,worse wildfowl,year_birth,p1883,1970
876,worse wildfowl,year_birth,p1889,1978
877,worse wildfowl,year_birth,p1893,1982
878,worse wildfowl,year_birth,p1896,1991
879,worse wildfowl,year_birth,p1913,1969
880,worse wildfowl,year_birth,p1922,1942
881,worse wildfowl,year_birth,p1930,1970
882,worse wildfowl,year_birth,p1935,1946
883,worse wildfowl,year_birth,p1940,1977
884,worse wildfowl,year_birth,p1948,1994
885,worse wildfowl,year_birth,p1950,1963
886,worse wildfowl,year_birth,p1954,1972
887,worse wildfowl,year_birth,p1956,1959
888,worse wildfowl,year_birth,p1958,1978
889,worse wildfowl,year_birth,p1967,1979
890,worse wildfowl,year_birth,p1973,1995
891,worse wildfowl,year_birth,p1978,1953
892,worse wildfowl,year_birth,p1983,1976
893,worse wildfowl,year_birth,p1984,1956
894,worse wildfowl,year_birth,p1995,1942
895,worse wildfowl,year_birth,p1996,1977
896,worse wildfowl,year_birth,p1997,1972
897,worse wildfowl,year_birth,p2001,1977
898,worse wildfowl,year_birth,p2002,1968
899,worse wildfowl,year_birth,p2013,1980
900,worse wildfowl,year_birth,p2014,1968
901,worse wildfowl,year_birth,p2016,1962
902,worse wildfowl,year_birth,p2018,1980
903,worse wildfowl,year_birth,p2023,1969
904,worse wildfowl,year_birth,p2025,1937
905,worse wildfowl,year_birth,p2028,1953
906,worse wildfowl,year_birth,p2030,1973
907,worse wildfowl,year_birth,p2033,1978
908,worse wildfowl,year_birth,p2040,1947
909,worse wildfowl,year_birth,p2051,1991
910,worse wildfowl,year_birth,p2052,1971
911,worse wildfowl,year_birth,p2066,1942
912,worse wildfowl,year_birth,p2067,1953
913,worse wildfowl,year_birth,p2073,1994
914,worse wildfowl,year_birth,p2077,1994
915,worse wildfowl,year_birth,p2078,1988
916,worse wildfowl,year_birth,p2086,1964
917,worse wildfowl,year_birth,p2089,1981
918,worse wildfowl,year_birth,p2093,1956
919,worse wildfowl,year_birth,p2094,1945
920,worse wildfowl,year_birth,p2111,1997
921,worse wildfowl,year_birth,p2117,1979
922,worse wildfowl,year_birth,p2121,1958
923,worse wildfowl,year_birth,p2127,1969
924,worse wildfowl,year_birth,p2141,1996
925,worse wildfowl,year_birth,p2142,1999
926,worse wildfowl,year_birth,p2143,1971
927,worse wildfowl,year_birth,p2153,1984
928,worse wildfowl,year_birth,p2155,1973
929,worse wildfowl,year_birth,p2169,1961
930,worse wildfowl,year_birth,p2187,1991
931,worse wildfowl,year_birth,p2188,1974
932,worse wildfowl,year_birth,p2197,1986
933,worse wildfowl,year_birth,p2213,1997
934,worse wildfowl,year_birth,p2214,1989
935,worse wildfowl,year_birth,p2215,1992
936,worse wildfowl,year_birth,p2220,1971
937,worse wildfowl,year_birth,p2223,1990
938,worse wildfowl,year_birth,p2229,1985
939,worse wildfowl,year_birth,p2234,1991
940,worse wildfowl,year_birth,p2237,1960
941,worse wildfowl,year_birth,p2238,1957
942,worse wildfowl,year_birth,p2244,1987
943,worse wildfowl,year_birth,p2248,1966
944,worse wildfowl,year_birth,p2252,1999
945,worse wildfowl,year_birth,p2255,1950
946,worse wildfowl,year_birth,p2261,1960
947,worse wildfowl,year_birth,p2263,1974
948,worse wildfowl,year_birth,p2273,1993
949,worse wildfowl,year_birth,p2275,1984
950,worse wildfowl,year_birth,p2276,1985
951,worse wildfowl,year_birth,p2283,1964
952,worse wildfowl,year_birth,p2287,1957
953,worse wildfowl,year_birth,p2296,1992
954,worse wildfowl,year_birth,p2298,1994
955,worse wildfowl,year_birth,p2304,1995
956,worse wildfowl,year_birth,p2310,1986
957,worse wildfowl,year_birth,p2322,1988
958,worse wildfowl,year_birth,p2326,1990
959,worse wildfowl,year_birth,p2330,1996
960,worse wildfowl,year_birth,p2331,1997
961,worse wildfowl,year_birth,p2333,1967
962,worse wildfowl,year_birth,p2347,1972
963,worse wildfowl,year_birth,p2350,1989
964,worse wildfowl,year_birth,p2351,1986
965,worse wildfowl,year_birth,p2353,1998
966,worse wildfowl,year_birth,p2355,1988
967,worse wildfowl,year_birth,p2363,1982
968,worse wildfowl,year_birth,p2378,1994
969,worse wildfowl,year_birth,p2380,1994
970,worse wildfowl,year_birth,p2387,1986
971,worse wildfowl,year_birth,p2398,1990
972,worse wildfowl,year_birth,p2400,1961
973,worse wildfowl,year_birth,p2403,1971
974,worse wildfowl,year_birth,p2408,1980
975,worse wildfowl,year_birth,p2418,1987
976,worse wildfowl,year_birth,p2426,1951
977,worse wildfowl,year_birth,p2428,1989
978,worse wildfowl,year_birth,p2434,1968
979,worse wildfowl,year_birth,p2446,1983
980,worse wildfowl,year_birth,p2452,1975
981,worse wildfowl,year_birth,p2454,1978
982,worse wildfowl,year_birth,p2462,1993
983,worse wildfowl,year_birth,p2467,1972
984,worse wildfowl,year_birth,p2482,1967
985,worse wildfowl,year_birth,p2489,1952
986,worse wildfowl,year_birth,p2490,1998
987,worse wildfowl,year_birth,p2494,1947
988,worse wildfowl,year_birth,p2502,1955
989,worse wildfowl,year_birth,p2503,1987
990,worse wildfowl,year_birth,p2522,1945
991,worse wildfowl,year_birth,p2524,1946
992,worse wildfowl,year_birth,p2533,1951
993,worse wildfowl,year_birth,p2566,1968
994,worse wildfowl,year_birth,p2571,1952
995,worse wildfowl,year_birth,p2573,1969
996,worse wildfowl,year_birth,p2582,1985
997,worse wildfowl,year_birth,p2591,1986
998,worse wildfowl,year_birth,p2592,1981
999,worse wildfowl,year_birth,p2595,1973
1000,worse wildfowl,race,p0016,1
1001,worse wildfowl,race,p0022,1
1002,worse wildfowl,race,p0023,1
1003,worse wildfowl,race,p0026,1
1004,worse wildfowl,race,p0034,1
1005,worse wildfowl,race,p0036,1
1006,worse wildfowl,race,p0037,1
1007,worse wildfowl,race,p0042,1
1008,worse wildfowl,race,p0057,1
1009,worse wildfowl,race,p0066,1
1010,worse wildfowl,race,p0069,1
1011,worse wildfowl,race,p0072,1
1012,worse wildfowl,race,p0073,1
1013,worse wildfowl,race,p0082,1
1014,worse wildfowl,race,p0091,1
1015,worse wildfowl,race,p0092,2
1016,worse wildfowl,race,p0093,1
1017,worse wildfowl,race,p0095,1
1018,worse wildfowl,race,p0107,1
1019,worse wildfowl,race,p0114,1
1020,worse wildfowl,race,p0116,1
1021,worse wildfowl,race,p0118,1
1022,worse wildfowl,race,p0119,1
1023,worse wildfowl,race,p0126,1
1024,worse wildfowl,race,p0129,1
1025,worse wildfowl,race,p0136,1
1026,worse wildfowl,race,p0138,1
1027,worse wildfowl,race,p0144,5
1028,worse wildfowl,race,p0150,2
1029,worse wildfowl,race,p0152,1
1030,worse wildfowl,race,p0158,1
1031,worse wildfowl,race,p0161,1
1032,worse wildfowl,race,p0164,1
1033,worse wildfowl,race,p0175,1
1034,worse wildfowl,race,p0177,5
1035,worse wildfowl,race,p0178,1
1036,worse wildfowl,race,p0181,1
1037,worse wildfowl,race,p0186,1
1038,worse wildfowl,race,p0196,1
1039,worse wildfowl,race,p0198,1
1040,worse wildfowl,race,p0202,1
1041,worse wildfowl,race,p0205,1
1042,worse wildfowl,race,p0207,1
1043,worse wildfowl,race,p0211,1
1044,worse wildfowl,race,p0227,5
1045,worse wildfowl,race,p0229,2
1046,worse wildfowl,race,p0232,1
1047,worse wildfowl,race,p0233,1
1048,worse wildfowl,race,p0237,1
1049,worse wildfowl,race,p0258,1
1050,worse wildfowl,race,p0268,1
1051,worse wildfowl,race,p0274,2
1052,worse wildfowl,race,p0275,2
1053,worse wildfowl,race,p0277,2
1054,worse wildfowl,race,p0288,2
1055,worse wildfowl,race,p0291,1
1056,worse wildfowl,race,p0307,1
1057,worse wildfowl,race,p0308,1
1058,worse wildfowl,race,p0317,1
1059,worse wildfowl,race,p0325,1
1060,worse wildfowl,race,p0327,1
1061,worse wildfowl,race,p0334,1
1062,worse wildfowl,race,p0336,1
1063,worse wildfowl,race,p0338,1
1064,worse wildfowl,race,p0342,2
1065,worse wildfowl,race,p0349,1
1066,worse wildfowl,race,p0356,1
1067,worse wildfowl,race,p0358,1
1068,worse wildfowl,race,p0363,1
1069,worse wildfowl,race,p0364,1
1070,worse wildfowl,race,p0369,1
1071,worse wildfowl,race,p0370,1
1072,worse wildfowl,race,p0371,1
1073,worse wildfowl,race,p0379,1
1074,worse wildfowl,race,p0386,1
1075,worse wildfowl,race,p0396,1
1076,worse wildfowl,race,p0403,2
1077,worse wildfowl,race,p0405,1
1078,worse wildfowl,race,p0412,1
1079,worse wildfowl,race,p0415,1
1080,worse wildfowl,race,p0416,1
1081,worse wildfowl,race,p0417,1
1082,worse wildfowl,race,p0418,1
1083,worse wildfowl,race,p0430,1
1084,worse wildfowl,race,p0431,1
1085,worse wildfowl,race,p0434,1
1086,worse wildfowl,race,p0438,1
1087,worse wildfowl,race,p0441,5
1088,worse wildfowl,race,p0442,2
1089,worse wildfowl,race,p0449,1
1090,worse wildfowl,race,p0450,1
1091,worse wildfowl,race,p0465,1
1092,worse wildfowl,race,p0471,1
1093,worse wildfowl,race,p0477,1
1094,worse wildfowl,race,p0483,2
1095,worse wildfowl,race,p0486,1
1096,worse wildfowl,race,p0487,1
1097,worse wildfowl,race,p0489,1
1098,worse wildfowl,race,p0497,1
1099,worse wildfowl,race,p0502,1
1100,worse wildfowl,race,p0503,1
1101,worse wildfowl,race,p0506,1
1102,worse wildfowl,race,p0511,1
1103,worse wildfowl,race,p0523,1
1104,worse wildfowl,race,p0534,1
1105,worse wildfowl,race,p0536,1
1106,worse wildfowl,race,p0542,1
1107,worse wildfowl,race,p0547,1
1108,worse wildfowl,race,p0553,1
1109,worse wildfowl,race,p0559,1
1110,worse wildfowl,race,p0566,1
1111,worse wildfowl,race,p0568,5
1112,worse wildfowl,race,p0570,2
1113,worse wildfowl,race,p0573,1
1114,worse wildfowl,race,p0578,1
1115,worse wildfowl,race,p0594,1
1116,worse wildfowl,race,p0597,1
1117,worse wildfowl,race,p0601,1
1118,worse wildfowl,race,p0602,1
1119,worse wildfowl,race,p0605,1
1120,worse wildfowl,race,p0615,1
1121,worse wildfowl,race,p0620,1
1122,worse wildfowl,race,p0626,1
1123,worse wildfowl,race,p0629,1
1124,worse wildfowl,race,p0633,1
1125,worse wildfowl,race,p0638,1
1126,worse wildfowl,race,p0639,1
1127,worse wildfowl,race,p0640,1
1128,worse wildfowl,race,p0655,1
1129,worse wildfowl,race,p0656,2
1130,worse wildfowl,race,p0658,1
1131,worse wildfowl,race,p0661,1
1132,worse wildfowl,race,p0669,1
1133,worse wildfowl,race,p0670,2
1134,worse wildfowl,race,p0672,5
1135,worse wildfowl,race,p0674,1
1136,worse wildfowl,race,p0678,1
1137,worse wildfowl,race,p0683,1
1138,worse wildfowl,race,p0686,1
1139,worse wildfowl,race,p0687,5
1140,worse wildfowl,race,p0698,1
1141,worse wildfowl,race,p0700,1
1142,worse wildfowl,race,p0703,1
1143,worse wildfowl,race,p0718,2
1144,worse wildfowl,race,p0744,1
1145,worse wildfowl,race,p0745,1
1146,worse wildfowl,race,p0753,1
1147,worse wildfowl,race,p0770,1
1148,worse wildfowl,race,p0771,5
1149,worse wildfowl,race,p0777,1
1150,worse wildfowl,race,p0779,1
1151,worse wildfowl,race,p0780,1
1152,worse wildfowl,race,p0783,1
1153,worse wildfowl,race,p0785,1
1154,worse wildfowl,race,p0786,2
1155,worse wildfowl,race,p0794,1
1156,worse wildfowl,race,p0798,1
1157,worse wildfowl,race,p0800,1
1158,worse wildfowl,race,p0820,1
1159,worse wildfowl,race,p0841,1
1160,worse wildfowl,race,p0849,1
1161,worse wildfowl,race,p0862,5
1162,worse wildfowl,race,p0867,2
1163,worse wildfowl,race,p0869,1
1164,worse wildfowl,race,p0872,1
1165,worse wildfowl,race,p0880,5
1166,worse wildfowl,race,p0891,1
1167,worse wildfowl,race,p0916,1
1168,worse wildfowl,race,p0917,1
1169,worse wildfowl,race,p0919,1
1170,worse wildfowl,race,p0922,1
1171,worse wildfowl,race,p0925,1
1172,worse wildfowl,race,p0927,1
1173,worse wildfowl,race,p0929,1
1174,worse wildfowl,race,p0930,1
1175,worse wildfowl,race,p0931,1
1176,worse wildfowl,race,p0933,5
1177,worse wildfowl,race,p0934,1
1178,worse wildfowl,race,p0936,1
1179,worse wildfowl,race,p0938,1
1180,worse wildfowl,race,p0939,1
1181,worse wildfowl,race,p0946,1
1182,worse wildfowl,race,p0951,2
1183,worse wildfowl,race,p0956,1
1184,worse wildfowl,race,p0962,1
1185,worse wildfowl,race,p0963,1
1186,worse wildfowl,race,p0969,1
1187,worse wildfowl,race,p0972,1
1188,worse wildfowl,race,p0975,1
1189,worse wildfowl,race,p0985,2
1190,worse wildfowl,race,p0993,2
1191,worse wildfowl,race,p0996,1
1192,worse wildfowl,race,p1011,1
1193,worse wildfowl,race,p1017,1
1194,worse wildfowl,race,p1020,1
1195,worse wildfowl,race,p1022,1
1196,worse wildfowl,race,p1024,1
1197,worse wildfowl,race,p1027,5
1198,worse wildfowl,race,p1028,1
1199,worse wildfowl,race,p1029,2
1200,worse wildfowl,race,p1032,1
1201,worse wildfowl,race,p1040,5
1202,worse wildfowl,race,p1047,2
1203,worse wildfowl,race,p1048,1
1204,worse wildfowl,race,p1053,5
1205,worse wildfowl,race,p1057,1
1206,worse wildfowl,race,p1058,1
1207,worse wildfowl,race,p1063,1
1208,worse wildfowl,race,p1064,1
1209,worse wildfowl,race,p1065,1
1210,worse wildfowl,race,p1069,1
1211,worse wildfowl,race,p1072,1
1212,worse wildfowl,race,p1073,2
1213,worse wildfowl,race,p1075,1
1214,worse wildfowl,race,p1076,2
1215,worse wildfowl,race,p1083,1
1216,worse wildfowl,race,p1089,1
1217,worse wildfowl,race,p1093,1
1218,worse wildfowl,race,p1096,1
1219,worse wildfowl,race,p1100,1
1220,worse wildfowl,race,p1106,2
1221,worse wildfowl,race,p1107,1
1222,worse wildfowl,race,p1113,1
1223,worse wildfowl,race,p1117,1
1224,worse wildfowl,race,p1120,1
1225,worse wildfowl,race,p1134,1
1226,worse wildfowl,race,p1136,1
1227,worse wildfowl,race,p1138,1
1228,worse wildfowl,race,p1144,1
1229,worse wildfowl,race,p1145,1
1230,worse wildfowl,race,p1147,1
1231,worse wildfowl,race,p1148,1
1232,worse wildfowl,race,p1154,1
1233,worse wildfowl,race,p1159,2
1234,worse wildfowl,race,p1167,5
1235,worse wildfowl,race,p1175,1
1236,worse wildfowl,race,p1178,1
1237,worse wildfowl,race,p1184,1
1238,worse wildfowl,race,p1186,1
1239,worse wildfowl,race,p1196,1
1240,worse wildfowl,race,p1197,5
1241,worse wildfowl,race,p1203,1
1242,worse wildfowl,race,p1219,2
1243,worse wildfowl,race,p1225,1
1244,worse wildfowl,race,p1234,1
1245,worse wildfowl,race,p1242,1
1246,worse wildfowl,race,p1244,1
1247,worse wildfowl,race,p1249,1
1248,worse wildfowl,race,p1250,1
1249,worse wildfowl,race,p1256,5
1250,worse wildfowl,race,p1258,1
1251,worse wildfowl,race,p1260,2
1252,worse wildfowl,race,p1262,1
1253,worse wildfowl,race,p1264,1
1254,worse wildfowl,race,p1265,1
1255,worse wildfowl,race,p1269,1
1256,worse wildfowl,race,p1272,1
1257,worse wildfowl,race,p1278,1
1258,worse wildfowl,race,p1281,5
1259,worse wildfowl,race,p1292,1
1260,worse wildfowl,race,p1299,1
1261,worse wildfowl,race,p1312,1
1262,worse wildfowl,race,p1322,1
1263,worse wildfowl,race,p1326,1
1264,worse wildfowl,race,p1330,1
1265,worse wildfowl,race,p1335,1
1266,worse wildfowl,race,p1337,1
1267,worse wildfowl,race,p1340,1
1268,worse wildfowl,race,p1345,1
1269,worse wildfowl,race,p1351,1
1270,worse wildfowl,race,p1355,1
1271,worse wildfowl,race,p1362,1
1272,worse wildfowl,race,p1365,1
1273,worse wildfowl,race,p1366,1
1274,worse wildfowl,race,p1367,1
1275,worse wildfowl,race,p1370,1
1276,worse wildfowl,race,p1371,1
1277,worse wildfowl,race,p1373,1
1278,worse wildfowl,race,p1375,1
1279,worse wildfowl,race,p1376,1
1280,worse wildfowl,race,p1379,2
1281,worse wildfowl,race,p1381,1
1282,worse wildfowl,race,p1393,1
1283,worse wildfowl,race,p1396,5
1284,worse wildfowl,race,p1398,5
1285,worse wildfowl,race,p1404,1
1286,worse wildfowl,race,p1406,1
1287,worse wildfowl,race,p1407,1
1288,worse wildfowl,race,p1409,1
1289,worse wildfowl,race,p1412,2
1290,worse wildfowl,race,p1414,1
1291,worse wildfowl,race,p1424,1
1292,worse wildfowl,race,p1425,1
1293,worse wildfowl,race,p1429,2
1294,worse wildfowl,race,p1434,1
1295,worse wildfowl,race,p1441,2
1296,worse wildfowl,race,p1445,2
1297,worse wildfowl,race,p1450,1
1298,worse wildfowl,race,p1454,1
1299,worse wildfowl,race,p1456,1
1300,worse wildfowl,race,p1457,2
1301,worse wildfowl,race,p1458,1
1302,worse wildfowl,race,p1469,1
1303,worse wildfowl,race,p1470,1
1304,worse wildfowl,race,p1481,5
1305,worse wildfowl,race,p1488,5
1306,worse wildfowl,race,p1492,1
1307,worse wildfowl,race,p1495,1
1308,worse wildfowl,race,p1497,1
1309,worse wildfowl,race,p1499,1
1310,worse wildfowl,race,p1503,1
1311,worse wildfowl,race,p1511,1
1312,worse wildfowl,race,p1512,1
1313,worse wildfowl,race,p1518,1
1314,worse wildfowl,race,p1519,1
1315,worse wildfowl,race,p1520,1
1316,worse wildfowl,race,p1524,1
1317,worse wildfowl,race,p1526,1
1318,worse wildfowl,race,p1537,1
1319,worse wildfowl,race,p1545,1
1320,worse wildfowl,race,p1547,2
1321,worse wildfowl,race,p1552,5
1322,worse wildfowl,race,p1567,1
1323,worse wildfowl,race,p1568,1
1324,worse wildfowl,race,p1579,1
1325,worse wildfowl,race,p1587,2
1326,worse wildfowl,race,p1596,1
1327,worse wildfowl,race,p1600,1
1328,worse wildfowl,race,p1603,2
1329,worse wildfowl,race,p1604,1
1330,worse wildfowl,race,p1610,1
1331,worse wildfowl,race,p1618,1
1332,worse wildfowl,race,p1619,1
1333,worse wildfowl,race,p1622,5
1334,worse wildfowl,race,p1623,5
1335,worse wildfowl,race,p1630,1
1336,worse wildfowl,race,p1641,1
1337,worse wildfowl,race,p1649,5
1338,worse wildfowl,race,p1652,5
1339,worse wildfowl,race,p1665,1
1340,worse wildfowl,race,p1669,1
1341,worse wildfowl,race,p1685,1
1342,worse wildfowl,race,p1693,1
1343,worse wildfowl,race,p1698,2
1344,worse wildfowl,race,p1704,1
1345,worse wildfowl,race,p1711,1
1346,worse wildfowl,race,p1718,1
1347,worse wildfowl,race,p1732,1
1348,worse wildfowl,race,p1739,1
1349,worse wildfowl,race,p1741,1
1350,worse wildfowl,race,p1746,1
1351,worse wildfowl,race,p1751,1
1352,worse wildfowl,race,p1754,1
1353,worse wildfowl,race,p1769,1
1354,worse wildfowl,race,p1771,1
1355,worse wildfowl,race,p1776,2
1356,worse wildfowl,race,p1780,1
1357,worse wildfowl,race,p1785,1
1358,worse wildfowl,race,p1791,2
1359,worse wildfowl,race,p1793,1
1360,worse wildfowl,race,p1796,1
1361,worse wildfowl,race,p1805,1
1362,worse wildfowl,race,p1812,1
1363,worse wildfowl,race,p1816,1
1364,worse wildfowl,race,p1819,1
1365,worse wildfowl,race,p1825,1
1366,worse wildfowl,race,p1836,1
1367,worse wildfowl,race,p1839,1
1368,worse wildfowl,race,p1861,5
1369,worse wildfowl,race,p1863,1
1370,worse wildfowl,race,p1873,1
1371,worse wildfowl,race,p1875,1
1372,worse wildfowl,race,p1876,1
1373,worse wildfowl,race,p1877,1
1374,worse wildfowl,race,p1880,1
1375,worse wildfowl,race,p1883,5
1376,worse wildfowl,race,p1889,1
1377,worse wildfowl,race,p1893,5
1378,worse wildfowl,race,p1896,1
1379,worse wildfowl,race,p1913,1
1380,worse wildfowl,race,p1922,1
1381,worse wildfowl,race,p1930,1
1382,worse wildfowl,race,p1935,1
1383,worse wildfowl,race,p1940,5
1384,worse wildfowl,race,p1948,1
1385,worse wildfowl,race,p1950,1
1386,worse wildfowl,race,p1954,1
1387,worse wildfowl,race,p1956,1
1388,worse wildfowl,race,p1958,1
1389,worse wildfowl,race,p1967,1
1390,worse wildfowl,race,p1973,1
1391,worse wildfowl,race,p1978,1
1392,worse wildfowl,race,p1983,1
1393,worse wildfowl,race,p1984,2
1394,worse wildfowl,race,p1995,1
1395,worse wildfowl,race,p1996,1
1396,worse wildfowl,race,p1997,1
1397,worse wildfowl,race,p2001,1
1398,worse wildfowl,race,p2002,2
1399,worse wildfowl,race,p2013,1
1400,worse wildfowl,race,p2014,1
1401,worse wildfowl,race,p2016,5
1402,worse wildfowl,race,p2018,2
1403,worse wildfowl,race,p2023,1
1404,worse wildfowl,race,p2025,1
1405,worse wildfowl,race,p2028,1
1406,worse wildfowl,race,p2030,1
1407,worse wildfowl,race,p2033,1
1408,worse wildfowl,race,p2040,2
1409,worse wildfowl,race,p2051,1
1410,worse wildfowl,race,p2052,1
1411,worse wildfowl,race,p2066,1
1412,worse wildfowl,race,p2067,1
1413,worse wildfowl,race,p2073,1
1414,worse wildfowl,race,p2077,2
1415,worse wildfowl,race,p2078,5
1416,worse wildfowl,race,p2086,1
1417,worse wildfowl,race,p2089,1
1418,worse wildfowl,race,p2093,1
1419,worse wildfowl,race,p2094,1
1420,worse wildfowl,race,p2111,2
1421,worse wildfowl,race,p2117,1
1422,worse wildfowl,race,p2121,1
1423,worse wildfowl,race,p2127,1
1424,worse wildfowl,race,p2141,1
1425,worse wildfowl,race,p2142,2
1426,worse wildfowl,race,p2143,1
1427,worse wildfowl,race,p2153,3
1428,worse wildfowl,race,p2155,3
1429,worse wildfowl,race,p2169,3
1430,worse wildfowl,race,p2187,3
1431,worse wildfowl,race,p2188,3
1432,worse wildfowl,race,p2197,3
1433,worse wildfowl,race,p2213,3
1434,worse wildfowl,race,p2214,3
1435,worse wildfowl,race,p2215,3
1436,worse wildfowl,race,p2220,3
1437,worse wildfowl,race,p2223,3
1438,worse wildfowl,race,p2229,3
1439,worse wildfowl,race,p2234,3
1440,worse wildfowl,race,p2237,3
1441,worse wildfowl,race,p2238,3
1442,worse wildfowl,race,p2244,3
1443,worse wildfowl,race,p2248,3
1444,worse wildfowl,race,p2252,3
1445,worse wildfowl,race,p2255,3
1446,worse wildfowl,race,p2261,3
1447,worse wildfowl,race,p2263,3
1448,worse wildfowl,race,p2273,3
1449,worse wildfowl,race,p2275,3
1450,worse wildfowl,race,p2276,3
1451,worse wildfowl,race,p2283,3
1452,worse wildfowl,race,p2287,3
1453,worse wildfowl,race,p2296,3
1454,worse wildfowl,race,p2298,3
1455,worse wildfowl,race,p2304,3
1456,worse wildfowl,race,p2310,3
1457,worse wildfowl,race,p2322,3
1458,worse wildfowl,race,p2326,3
1459,worse wildfowl,race,p2330,3
1460,worse wildfowl,race,p2331,3
1461,worse wildfowl,race,p2333,3
1462,worse wildfowl,race,p2347,3
1463,worse wildfowl,race,p2350,3
1464,worse wildfowl,race,p2351,3
1465,worse wildfowl,race,p2353,3
1466,worse wildfowl,race,p2355,3
1467,worse wildfowl,race,p2363,3
1468,worse wildfowl,race,p2378,3
1469,worse wildfowl,race,p2380,3
1470,worse wildfowl,race,p2387,3
1471,worse wildfowl,race,p2398,3
1472,worse wildfowl,race,p2400,3
1473,worse wildfowl,race,p2403,3
1474,worse wildfowl,race,p2408,3
1475,worse wildfowl,race,p2418,3
1476,worse wildfowl,race,p2426,3
1477,worse wildfowl,race,p2428,3
1478,worse wildfowl,race,p2434,3
1479,worse wildfowl,race,p2446,3
1480,worse wildfowl,race,p2452,3
1481,worse wildfowl,race,p2454,3
1482,worse wildfowl,race,p2462,3
1483,worse wildfowl,race,p2467,3
1484,worse wildfowl,race,p2482,3
1485,worse wildfowl,race,p2489,3
1486,worse wildfowl,race,p2490,3
1487,worse wildfowl,race,p2494,3
1488,worse wildfowl,race,p2502,3
1489,worse wildfowl,race,p2503,3
1490,worse wildfowl,race,p2522,3
1491,worse wildfowl,race,p2524,3
1492,worse wildfowl,race,p2533,3
1493,worse wildfowl,race,p2566,3
1494,worse wildfowl,race,p2571,3
1495,worse wildfowl,race,p2573,3
1496,worse wildfowl,race,p2582,3
1497,worse wildfowl,race,p2591,3
1498,worse wildfowl,race,p2592,3
1499,worse wildfowl,race,p2595,3
1500,worse wildfowl,education,p0016,4
1501,worse wildfowl,education,p0022,4
1502,worse wildfowl,education,p0023,5
1503,worse wildfowl,education,p0026,4
1504,worse wildfowl,education,p0034,3
1505,worse wildfowl,education,p0036,3
1506,worse wildfowl,education,p0037,4
1507,worse wildfowl,education,p0042,3
1508,worse wildfowl,education,p0057,3
1509,worse wildfowl,education,p0066,4
1510,worse wildfowl,education,p0069,3
1511,worse wildfowl,education,p0072,4
1512,worse wildfowl,education,p0073,4
1513,worse wildfowl,education,p0082,4
1514,worse wildfowl,education,p0091,4
1515,worse wildfowl,education,p0092,2
1516,worse wildfowl,education,p0093,4
1517,worse wildfowl,education,p0095,3
1518,worse wildfowl,education,p0107,3
1519,worse wildfowl,education,p0114,5
1520,worse wildfowl,education,p0116,2
1521,worse wildfowl,education,p0118,3
1522,worse wildfowl,education,p0119,3
1523,worse wildfowl,education,p0126,3
1524,worse wildfowl,education,p0129,5
1525,worse wildfowl,education,p0136,3
1526,worse wildfowl,education,p0138,2
1527,worse wildfowl,education,p0144,4
1528,worse wildfowl,education,p0150,2
1529,worse wildfowl,education,p0152,3
1530,worse wildfowl,education,p0158,2
1531,worse wildfowl,education,p0161,3
1532,worse wildfowl,education,p0164,2
1533,worse wildfowl,education,p0175,3
1534,worse wildfowl,education,p0177,4
1535,worse wildfowl,education,p0178,6
1536,worse wildfowl,education,p0181,4
1537,worse wildfowl,education,p0186,3
1538,worse wildfowl,education,p0196,4
1539,worse wildfowl,education,p0198,5
1540,worse wildfowl,education,p0202,4
1541,worse wildfowl,education,p0205,5
1542,worse wildfowl,education,p0207,4
1543,worse wildfowl,education,p0211,3
1544,worse wildfowl,education,p0227,5
1545,worse wildfowl,education,p0229,2
1546,worse wildfowl,education,p0232,5
1547,worse wildfowl,education,p0233,2
1548,worse wildfowl,education,p0237,5
1549,worse wildfowl,education,p0258,4
1550,worse wildfowl,education,p0268,2
1551,worse wildfowl,education,p0274,5
1552,worse wildfowl,education,p0275,4
1553,worse wildfowl,education,p0277,4
1554,worse wildfowl,education,p0288,4
1555,worse wildfowl,education,p0291,4
1556,worse wildfowl,education,p0307,3
1557,worse wildfowl,education,p0308,3
1558,worse wildfowl,education,p0317,3
1559,worse wildfowl,education,p0325,4
1560,worse wildfowl,education,p0327,5
1561,worse wildfowl,education,p0334,6
1562,worse wildfowl,education,p0336,4
1563,worse wildfowl,education,p0338,1
1564,worse wildfowl,education,p0342,4
1565,worse wildfowl,education,p0349,5
1566,worse wildfowl,education,p0356,4
1567,worse wildfowl,education,p0358,4
1568,worse wildfowl,education,p0363,4
1569,worse wildfowl,education,p0364,5
1570,worse wildfowl,education,p0369,5
1571,worse wildfowl,education,p0370,2
1572,worse wildfowl,education,p0371,4
1573,worse wildfowl,education,p0379,3
1574,worse wildfowl,education,p0386,5
1575,worse wildfowl,education,p0396,5
1576,worse wildfowl,education,p0403,3
1577,worse wildfowl,education,p0405,4
1578,worse wildfowl,education,p0412,4
1579,worse wildfowl,education,p0415,3
1580,worse wildfowl,education,p0416,4
1581,worse wildfowl,education,p0417,2
1582,worse wildfowl,education,p0418,2
1583,worse wildfowl,education,p0430,5
1584,worse wildfowl,education,p0431,5
1585,worse wildfowl,education,p0434,2
1586,worse wildfowl,education,p0438,4
1587,worse wildfowl,education,p0441,5
1588,worse wildfowl,education,p0442,3
1589,worse wildfowl,education,p0449,5
1590,worse wildfowl,education,p0450,4
1591,worse wildfowl,education,p0465,5
1592,worse wildfowl,education,p0471,3
1593,worse wildfowl,education,p0477,3
1594,worse wildfowl,education,p0483,5
1595,worse wildfowl,education,p0486,3
1596,worse wildfowl,education,p0487,4
1597,worse wildfowl,education,p0489,5
1598,worse wildfowl,education,p0497,6
1599,worse wildfowl,education,p0502,5
1600,worse wildfowl,education,p0503,4
1601,worse wildfowl,education,p0506,3
1602,worse wildfowl,education,p0511,4
1603,worse wildfowl,education,p0523,5
1604,worse wildfowl,education,p0534,6
1605,worse wildfowl,education,p0536,3
1606,worse wildfowl,education,p0542,4
1607,worse wildfowl,education,p0547,2
1608,worse wildfowl,education,p0553,4
1609,worse wildfowl,education,p0559,4
1610,worse wildfowl,education,p0566,4
1611,worse wildfowl,education,p0568,3
1612,worse wildfowl,education,p0570,1
1613,worse wildfowl,education,p0573,3
1614,worse wildfowl,education,p0578,2
1615,worse wildfowl,education,p0594,2
1616,worse wildfowl,education,p0597,2
1617,worse wildfowl,education,p0601,2
1618,worse wildfowl,education,p0602,2
1619,worse wildfowl,education,p0605,3
1620,worse wildfowl,education,p0615,3
1621,worse wildfowl,education,p0620,4
1622,worse wildfowl,education,p0626,3
1623,worse wildfowl,education,p0629,4
1624,worse wildfowl,education,p0633,3
1625,worse wildfowl,education,p0638,4
1626,worse wildfowl,education,p0639,4
1627,worse wildfowl,education,p0640,2
1628,worse wildfowl,education,p0655,3
1629,worse wildfowl,education,p0656,3
1630,worse wildfowl,education,p0658,5
1631,worse wildfowl,education,p0661,4
1632,worse wildfowl,education,p0669,4
1633,worse wildfowl,education,p0670,2
1634,worse wildfowl,education,p0672,5
1635,worse wildfowl,education,p0674,4
1636,worse wildfowl,education,p0678,5
1637,worse wildfowl,education,p0683,2
1638,worse wildfowl,education,p0686,3
1639,worse wildfowl,education,p0687,4
1640,worse wildfowl,education,p0698,2
1641,worse wildfowl,education,p0700,4
1642,worse wildfowl,education,p0703,2
1643,worse wildfowl,education,p0718,2
1644,worse wildfowl,education,p0744,4
1645,worse wildfowl,education,p0745,4
1646,worse wildfowl,education,p0753,4
1647,worse wildfowl,education,p0770,4
1648,worse wildfowl,education,p0771,4
1649,worse wildfowl,education,p0777,5
1650,worse wildfowl,education,p0779,4
1651,worse wildfowl,education,p0780,3
1652,worse wildfowl,education,p0783,3
1653,worse wildfowl,education,p0785,4
1654,worse wildfowl,education,p0786,3
1655,worse wildfowl,education,p0794,4
1656,worse wildfowl,education,p0798,5
1657,worse wildfowl,education,p0800,4
1658,worse wildfowl,education,p0820,3
1659,worse wildfowl,education,p0841,3
1660,worse wildfowl,education,p0849,3
1661,worse wildfowl,education,p0862,5
1662,worse wildfowl,education,p0867,5
1663,worse wildfowl,education,p0869,3
1664,worse wildfowl,education,p0872,4
1665,worse wildfowl,education,p0880,2
1666,worse wildfowl,education,p0891,3
1667,worse wildfowl,education,p0916,5
1668,worse wildfowl,education,p0917,4
1669,worse wildfowl,education,p0919,4
1670,worse wildfowl,education,p0922,2
1671,worse wildfowl,education,p0925,2
1672,worse wildfowl,education,p0927,4
1673,worse wildfowl,education,p0929,3
1674,worse wildfowl,education,p0930,4
1675,worse wildfowl,education,p0931,2
1676,worse wildfowl,education,p0933,2
1677,worse wildfowl,education,p0934,3
1678,worse wildfowl,education,p0936,4
1679,worse wildfowl,education,p0938,2
1680,worse wildfowl,education,p0939,2
1681,worse wildfowl,education,p0946,4
1682,worse wildfowl,education,p0951,3
1683,worse wildfowl,education,p0956,3
1684,worse wildfowl,education,p0962,2
1685,worse wildfowl,education,p0963,3
1686,worse wildfowl,education,p0969,4
1687,worse wildfowl,education,p0972,3
1688,worse wildfowl,education,p0975,3
1689,worse wildfowl,education,p0985,2
1690,worse wildfowl,education,p0993,2
1691,worse wildfowl,education,p0996,2
1692,worse wildfowl,education,p1011,2
1693,worse wildfowl,education,p1017,2
1694,worse wildfowl,education,p1020,2
1695,worse wildfowl,education,p1022,4
1696,worse wildfowl,education,p1024,1
1697,worse wildfowl,education,p1027,4
1698,worse wildfowl,education,p1028,5
1699,worse wildfowl,education,p1029,2
1700,worse wildfowl,education,p1032,4
1701,worse wildfowl,education,p1040,4
1702,worse wildfowl,education,p1047,3
1703,worse wildfowl,education,p1048,3
1704,worse wildfowl,education,p1053,3
1705,worse wildfowl,education,p1057,3
1706,worse wildfowl,education,p1058,4
1707,worse wildfowl,education,p1063,4
1708,worse wildfowl,education,p1064,2
1709,worse wildfowl,education,p1065,3
1710,worse wildfowl,education,p1069,3
1711,worse wildfowl,education,p1072,3
1712,worse wildfowl,education,p1073,4
1713,worse wildfowl,education,p1075,3
1714,worse wildfowl,education,p1076,2
1715,worse wildfowl,education,p1083,2
1716,worse wildfowl,education,p1089,4
1717,worse wildfowl,education,p1093,4
1718,worse wildfowl,education,p1096,4
1719,worse wildfowl,education,p1100,4
1720,worse wildfowl,education,p1106,5
1721,worse wildfowl,education,p1107,1
1722,worse wildfowl,education,p1113,3
1723,worse wildfowl,education,p1117,1
1724,worse wildfowl,education,p1120,3
1725,worse wildfowl,education,p1134,4
1726,worse wildfowl,education,p1136,2
1727,worse wildfowl,education,p1138,4
1728,worse wildfowl,education,p1144,3
1729,worse wildfowl,education,p1145,5
1730,worse wildfowl,education,p1147,5
1731,worse wildfowl,education,p1148,4
1732,worse wildfowl,education,p1154,3
1733,worse wildfowl,education,p1159,2
1734,worse wildfowl,education,p1167,5
1735,worse wildfowl,education,p1175,3
1736,worse wildfowl,education,p1178,4
1737,worse wildfowl,education,p1184,4
1738,worse wildfowl,education,p1186,4
1739,worse wildfowl,education,p1196,2
1740,worse wildfowl,education,p1197,3
1741,worse wildfowl,education,p1203,4
1742,worse wildfowl,education,p1219,2
1743,worse wildfowl,education,p1225,5
1744,worse wildfowl,education,p1234,3
1745,worse wildfowl,education,p1242,3
1746,worse wildfowl,education,p1244,4
1747,worse wildfowl,education,p1249,3
1748,worse wildfowl,education,p1250,4
1749,worse wildfowl,education,p1256,5
1750,worse wildfowl,education,p1258,3
1751,worse wildfowl,education,p1260,2
1752,worse wildfowl,education,p1262,4
1753,worse wildfowl,education,p1264,2
1754,worse wildfowl,education,p1265,5
1755,worse wildfowl,education,p1269,4
1756,worse wildfowl,education,p1272,3
1757,worse wildfowl,education,p1278,4
1758,worse wildfowl,education,p1281,3
1759,worse wildfowl,education,p1292,4
1760,worse wildfowl,education,p1299,2
1761,worse wildfowl,education,p1312,2
1762,worse wildfowl,education,p1322,3
1763,worse wildfowl,education,p1326,4
1764,worse wildfowl,education,p1330,3
1765,worse wildfowl,education,p1335,3
1766,worse wildfowl,education,p1337,4
1767,worse wildfowl,education,p1340,4
1768,worse wildfowl,education,p1345,2
1769,worse wildfowl,education,p1351,3
1770,worse wildfowl,education,p1355,2
1771,worse wildfowl,education,p1362,2
1772,worse wildfowl,education,p1365,4
1773,worse wildfowl,education,p1366,3
1774,worse wildfowl,education,p1367,3
1775,worse wildfowl,education,p1370,2
1776,worse wildfowl,education,p1371,4
1777,worse wildfowl,education,p1373,3
1778,worse wildfowl,education,p1375,4
1779,worse wildfowl,education,p1376,3
1780,worse wildfowl,education,p1379,5
1781,worse wildfowl,education,p1381,2
1782,worse wildfowl,education,p1393,5
1783,worse wildfowl,education,p1396,4
1784,worse wildfowl,education,p1398,5
1785,worse wildfowl,education,p1404,2
1786,worse wildfowl,education,p1406,2
1787,worse wildfowl,education,p1407,2
1788,worse wildfowl,education,p1409,4
1789,worse wildfowl,education,p1412,2
1790,worse wildfowl,education,p1414,5
1791,worse wildfowl,education,p1424,2
1792,worse wildfowl,education,p1425,3
1793,worse wildfowl,education,p1429,3
1794,worse wildfowl,education,p1434,4
1795,worse wildfowl,education,p1441,2
1796,worse wildfowl,education,p1445,2
1797,worse wildfowl,education,p1450,2
1798,worse wildfowl,education,p1454,5
1799,worse wildfowl,education,p1456,4
1800,worse wildfowl,education,p1457,3
1801,worse wildfowl,education,p1458,5
1802,worse wildfowl,education,p1469,3
1803,worse wildfowl,education,p1470,4
1804,worse wildfowl,education,p1481,4
1805,worse wildfowl,education,p1488,4
1806,worse wildfowl,education,p1492,5
1807,worse wildfowl,education,p1495,2
1808,worse wildfowl,education,p1497,2
1809,worse wildfowl,education,p1499,4
1810,worse wildfowl,education,p1503,4
1811,worse wildfowl,education,p1511,4
1812,worse wildfowl,education,p1512,2
1813,worse wildfowl,education,p1518,3
1814,worse wildfowl,education,p1519,4
1815,worse wildfowl,education,p1520,3
1816,worse wildfowl,education,p1524,2
1817,worse wildfowl,education,p1526,5
1818,worse wildfowl,education,p1537,2
1819,worse wildfowl,education,p1545,3
1820,worse wildfowl,education,p1547,2
1821,worse wildfowl,education,p1552,4
1822,worse wildfowl,education,p1567,4
1823,worse wildfowl,education,p1568,3
1824,worse wildfowl,education,p1579,2
1825,worse wildfowl,education,p1587,1
1826,worse wildfowl,education,p1596,2
1827,worse wildfowl,education,p1600,4
1828,worse wildfowl,education,p1603,3
1829,worse wildfowl,education,p1604,2
1830,worse wildfowl,education,p1610,2
1831,worse wildfowl,education,p1618,4
1832,worse wildfowl,education,p1619,5
1833,worse wildfowl,education,p1622,5
1834,worse wildfowl,education,p1623,4
1835,worse wildfowl,education,p1630,4
1836,worse wildfowl,education,p1641,4
1837,worse wildfowl,education,p1649,3
1838,worse wildfowl,education,p1652,4
1839,worse wildfowl,education,p1665,4
1840,worse wildfowl,education,p1669,4
1841,worse wildfowl,education,p1685,4
1842,worse wildfowl,education,p1693,3
1843,worse wildfowl,education,p1698,5
1844,worse wildfowl,education,p1704,5
1845,worse wildfowl,education,p1711,4
1846,worse wildfowl,education,p1718,2
1847,worse wildfowl,education,p1732,2
1848,worse wildfowl,education,p1739,4
1849,worse wildfowl,education,p1741,4
1850,worse wildfowl,education,p1746,2
1851,worse wildfowl,education,p1751,3
1852,worse wildfowl,education,p1754,2
1853,worse wildfowl,education,p1769,4
1854,worse wildfowl,education,p1771,2
1855,worse wildfowl,education,p1776,1
1856,worse wildfowl,education,p1780,4
1857,worse wildfowl,education,p1785,3
1858,worse wildfowl,education,p1791,5
1859,worse wildfowl,education,p1793,6
1860,worse wildfowl,education,p1796,4
1861,worse wildfowl,education,p1805,3
1862,worse wildfowl,education,p1812,3
1863,worse wildfowl,education,p1816,3
1864,worse wildfowl,education,p1819,5
1865,worse wildfowl,education,p1825,5
1866,worse wildfowl,education,p1836,4
1867,worse wildfowl,education,p1839,2
1868,worse wildfowl,education,p1861,4
1869,worse wildfowl,education,p1863,5
1870,worse wildfowl,education,p1873,5
1871,worse wildfowl,education,p1875,2
1872,worse wildfowl,education,p1876,4
1873,worse wildfowl,education,p1877,4
1874,worse wildfowl,education,p1880,2
1875,worse wildfowl,education,p1883,2
1876,worse wildfowl,education,p1889,4
1877,worse wildfowl,education,p1893,3
1878,worse wildfowl,education,p1896,4
1879,worse wildfowl,education,p1913,3
1880,worse wildfowl,education,p1922,5
1881,worse wildfowl,education,p1930,4
1882,worse wildfowl,education,p1935,3
1883,worse wildfowl,education,p1940,5
1884,worse wildfowl,education,p1948,4
1885,worse wildfowl,education,p1950,2
1886,worse wildfowl,education,p1954,3
1887,worse wildfowl,education,p1956,3
1888,worse wildfowl,education,p1958,3
1889,worse wildfowl,education,p1967,5
1890,worse wildfowl,education,p1973,5
1891,worse wildfowl,education,p1978,3
1892,worse wildfowl,education,p1983,5
1893,worse wildfowl,education,p1984,3
1894,worse wildfowl,education,p1995,3
1895,worse wildfowl,education,p1996,3
1896,worse wildfowl,education,p1997,4
1897,worse wildfowl,education,p2001,2
1898,worse wildfowl,education,p2002,3
1899,worse wildfowl,education,p2013,5
1900,worse wildfowl,education,p2014,2
1901,worse wildfowl,education,p2016,5
1902,worse wildfowl,education,p2018,2
1903,worse wildfowl,education,p2023,3
1904,worse wildfowl,education,p2025,4
1905,worse wildfowl,education,p2028,3
1906,worse wildfowl,education,p2030,3
1907,worse wildfowl,education,p2033,3
1908,worse wildfowl,education,p2040,5
1909,worse wildfowl,education,p2051,3
1910,worse wildfowl,education,p2052,4
1911,worse wildfowl,education,p2066,2
1912,worse wildfowl,education,p2067,3
1913,worse wildfowl,education,p2073,4
1914,worse wildfowl,education,p2077,3
1915,worse wildfowl,education,p2078,5
1916,worse wildfowl,education,p2086,4
1917,worse wildfowl,education,p2089,4
1918,worse wildfowl,education,p2093,4
1919,worse wildfowl,education,p2094,3
1920,worse wildfowl,education,p2111,2
1921,worse wildfowl,education,p2117,4
1922,worse wildfowl,education,p2121,4
1923,worse wildfowl,education,p2127,3
1924,worse wildfowl,education,p2141,4
1925,worse wildfowl,education,p2142,3
1926,worse wildfowl,education,p2143,4
1927,worse wildfowl,education,p2153,4
1928,worse wildfowl,education,p2155,3
1929,worse wildfowl,education,p2169,3
1930,worse wildfowl,education,p2187,4
1931,worse wildfowl,education,p2188,4
1932,worse wildfowl,education,p2197,3
1933,worse wildfowl,education,p2213,3
1934,worse wildfowl,education,p2214,3
1935,worse wildfowl,education,p2215,4
1936,worse wildfowl,education,p2220,5
1937,worse wildfowl,education,p2223,3
1938,worse wildfowl,education,p2229,4
1939,worse wildfowl,education,p2234,3
1940,worse wildfowl,education,p2237,5
1941,worse wildfowl,education,p2238,5
1942,worse wildfowl,education,p2244,4
1943,worse wildfowl,education,p2248,2
1944,worse wildfowl,education,p2252,4
1945,worse wildfowl,education,p2255,2
1946,worse wildfowl,education,p2261,3
1947,worse wildfowl,education,p2263,3
1948,worse wildfowl,education,p2273,5
1949,worse wildfowl,education,p2275,3
1950,worse wildfowl,education,p2276,4
1951,worse wildfowl,education,p2283,3
1952,worse wildfowl,education,p2287,2
1953,worse wildfowl,education,p2296,3
1954,worse wildfowl,education,p2298,3
1955,worse wildfowl,education,p2304,4
1956,worse wildfowl,education,p2310,2
1957,worse wildfowl,education,p2322,2
1958,worse wildfowl,education,p2326,4
1959,worse wildfowl,education,p2330,3
1960,worse wildfowl,education,p2331,3
1961,worse wildfowl,education,p2333,2
1962,worse wildfowl,education,p2347,2
1963,worse wildfowl,education,p2350,3
1964,worse wildfowl,education,p2351,4
1965,worse wildfowl,education,p2353,3
1966,worse wildfowl,education,p2355,1
1967,worse wildfowl,education,p2363,1
1968,worse wildfowl,education,p2378,4
1969,worse wildfowl,education,p2380,3
1970,worse wildfowl,education,p2387,3
1971,worse wildfowl,education,p2398,2
1972,worse wildfowl,education,p2400,3
1973,worse wildfowl,education,p2403,5
1974,worse wildfowl,education,p2408,3
1975,worse wildfowl,education,p2418,2
1976,worse wildfowl,education,p2426,3
1977,worse wildfowl,education,p2428,2
1978,worse wildfowl,education,p2434,5
1979,worse wildfowl,education,p2446,3
1980,worse wildfowl,education,p2452,2
1981,worse wildfowl,education,p2454,2
1982,worse wildfowl,education,p2462,3
1983,worse wildfowl,education,p2467,4
1984,worse wildfowl,education,p2482,3
1985,worse wildfowl,education,p2489,3
1986,worse wildfowl,education,p2490,2
1987,worse wildfowl,education,p2494,3
1988,worse wildfowl,education,p2502,4
1989,worse wildfowl,education,p2503,3
1990,worse wildfowl,education,p2522,3
1991,worse wildfowl,education,p2524,3
1992,worse wildfowl,education,p2533,1
1993,worse wildfowl,education,p2566,3
1994,worse wildfowl,education,p2571,3
1995,worse wildfowl,education,p2573,1
1996,worse wildfowl,education,p2582,4
1997,worse wildfowl,education,p2591,2
1998,worse wildfowl,education,p2592,3
1999,worse wildfowl,education,p2595,4
2000,worse wildfowl,income,p0016,3
2001,worse wildfowl,income,p0022,4
2002,worse wildfowl,income,p0023,4
2003,worse wildfowl,income,p0026,4
2004,worse wildfowl,income,p0034,3
2005,worse wildfowl,income,p0036,3
2006,worse wildfowl,income,p0037,4
2007,worse wildfowl,income,p0042,3
2008,worse wildfowl,income,p0057,3
2009,worse wildfowl,income,p0066,4
2010,worse wildfowl,income,p0069,1
2011,worse wildfowl,income,p0072,4
2012,worse wildfowl,income,p0073,4
2013,worse wildfowl,income,p0082,4
2014,worse wildfowl,income,p0091,4
2015,worse wildfowl,income,p0092,2
2016,worse wildfowl,income,p0093,4
2017,worse wildfowl,income,p0095,3
2018,worse wildfowl,income,p0107,3
2019,worse wildfowl,income,p0114,3
2020,worse wildfowl,income,p0116,3
2021,worse wildfowl,income,p0118,3
2022,worse wildfowl,income,p0119,3
2023,worse wildfowl,income,p0126,3
2024,worse wildfowl,income,p0129,4
2025,worse wildfowl,income,p0136,3
2026,worse wildfowl,income,p0138,3
2027,worse wildfowl,income,p0144,3
2028,worse wildfowl,income,p0150,1
2029,worse wildfowl,income,p0152,3
2030,worse wildfowl,income,p0158,2
2031,worse wildfowl,income,p0161,4
2032,worse wildfowl,income,p0164,3
2033,worse wildfowl,income,p0175,4
2034,worse wildfowl,income,p0177,4
2035,worse wildfowl,income,p0178,4
2036,worse wildfowl,income,p0181,4
2037,worse wildfowl,income,p0186,2
2038,worse wildfowl,income,p0196,4
2039,worse wildfowl,income,p0198,4
2040,worse wildfowl,income,p0202,3
2041,worse wildfowl,income,p0205,4
2042,worse wildfowl,income,p0207,3
2043,worse wildfowl,income,p0211,3
2044,worse wildfowl,income,p0227,4
2045,worse wildfowl,income,p0229,3
2046,worse wildfowl,income,p0232,4
2047,worse wildfowl,income,p0233,2
2048,worse wildfowl,income,p0237,3
2049,worse wildfowl,income,p0258,3
2050,worse wildfowl,income,p0268,2
2051,worse wildfowl,income,p0274,3
2052,worse wildfowl,income,p0275,2
2053,worse wildfowl,income,p0277,1
2054,worse wildfowl,income,p0288,3
2055,worse wildfowl,income,p0291,3
2056,worse wildfowl,income,p0307,1
2057,worse wildfowl,income,p0308,3
2058,worse wildfowl,income,p0317,4
2059,worse wildfowl,income,p0325,4
2060,worse wildfowl,income,p0327,4
2061,worse wildfowl,income,p0334,4
2062,worse wildfowl,income,p0336,4
2063,worse wildfowl,income,p0338,2
2064,worse wildfowl,income,p0342,4
2065,worse wildfowl,income,p0349,3
2066,worse wildfowl,income,p0356,3
2067,worse wildfowl,income,p0358,1
2068,worse wildfowl,income,p0363,3
2069,worse wildfowl,income,p0364,4
2070,worse wildfowl,income,p0369,4
2071,worse wildfowl,income,p0370,2
2072,worse wildfowl,income,p0371,3
2073,worse wildfowl,income,p0379,3
2074,worse wildfowl,income,p0386,3
2075,worse wildfowl,income,p0396,3
2076,worse wildfowl,income,p0403,2
2077,worse wildfowl,income,p0405,4
2078,worse wildfowl,income,p0412,4
2079,worse wildfowl,income,p0415,4
2080,worse wildfowl,income,p0416,4
2081,worse wildfowl,income,p0417,3
2082,worse wildfowl,income,p0418,3
2083,worse wildfowl,income,p0430,4
2084,worse wildfowl,income,p0431,4
2085,worse wildfowl,income,p0434,3
2086,worse wildfowl,income,p0438,4
2087,worse wildfowl,income,p0441,4
2088,worse wildfowl,income,p0442,2
2089,worse wildfowl,income,p0449,4
2090,worse wildfowl,income,p0450,4
2091,worse wildfowl,income,p0465,4
2092,worse wildfowl,income,p0471,3
2093,worse wildfowl,income,p0477,3
2094,worse wildfowl,income,p0483,3
2095,worse wildfowl,income,p0486,3
2096,worse wildfowl,income,p0487,3
2097,worse wildfowl,income,p0489,4
2098,worse wildfowl,income,p0497,4
2099,worse wildfowl,income,p0502,4
2100,worse wildfowl,income,p0503,2
2101,worse wildfowl,income,p0506,3
2102,worse wildfowl,income,p0511,4
2103,worse wildfowl,income,p0523,2
2104,worse wildfowl,income,p0534,4
2105,worse wildfowl,income,p0536,3
2106,worse wildfowl,income,p0542,4
2107,worse wildfowl,income,p0547,3
2108,worse wildfowl,income,p0553,4
2109,worse wildfowl,income,p0559,4
2110,worse wildfowl,income,p0566,4
2111,worse wildfowl,income,p0568,3
2112,worse wildfowl,income,p0570,2
2113,worse wildfowl,income,p0573,3
2114,worse wildfowl,income,p0578,2
2115,worse wildfowl,income,p0594,3
2116,worse wildfowl,income,p0597,2
2117,worse wildfowl,income,p0601,3
2118,worse wildfowl,income,p0602,2
2119,worse wildfowl,income,p0605,3
2120,worse wildfowl,income,p0615,2
2121,worse wildfowl,income,p0620,3
2122,worse wildfowl,income,p0626,3
2123,worse wildfowl,income,p0629,4
2124,worse wildfowl,income,p0633,2
2125,worse wildfowl,income,p0638,3
2126,worse wildfowl,income,p0639,4
2127,worse wildfowl,income,p0640,3
2128,worse wildfowl,income,p0655,4
2129,worse wildfowl,income,p0656,3
2130,worse wildfowl,income,p0658,4
2131,worse wildfowl,income,p0661,3
2132,worse wildfowl,income,p0669,3
2133,worse wildfowl,income,p0670,2
2134,worse wildfowl,income,p0672,3
2135,worse wildfowl,income,p0674,3
2136,worse wildfowl,income,p0678,4
2137,worse wildfowl,income,p0683,3
2138,worse wildfowl,income,p0686,3
2139,worse wildfowl,income,p0687,3
2140,worse wildfowl,income,p0698,2
2141,worse wildfowl,income,p0700,4
2142,worse wildfowl,income,p0703,3
2143,worse wildfowl,income,p0718,2
2144,worse wildfowl,income,p0744,4
2145,worse wildfowl,income,p0745,4
2146,worse wildfowl,income,p0753,2
2147,worse wildfowl,income,p0770,4
2148,worse wildfowl,income,p0771,3
2149,worse wildfowl,income,p0777,4
2150,worse wildfowl,income,p0779,4
2151,worse wildfowl,income,p0780,1
2152,worse wildfowl,income,p0783,3
2153,worse wildfowl,income,p0785,4
2154,worse wildfowl,income,p0786,3
2155,worse wildfowl,income,p0794,4
2156,worse wildfowl,income,p0798,4
2157,worse wildfowl,income,p0800,3
2158,worse wildfowl,income,p0820,2
2159,worse wildfowl,income,p0841,3
2160,worse wildfowl,income,p0849,3
2161,worse wildfowl,income,p0862,3
2162,worse wildfowl,income,p0867,4
2163,worse wildfowl,income,p0869,4
2164,worse wildfowl,income,p0872,3
2165,worse wildfowl,income,p0880,2
2166,worse wildfowl,income,p0891,3
2167,worse wildfowl,income,p0916,3
2168,worse wildfowl,income,p0917,4
2169,worse wildfowl,income,p0919,3
2170,worse wildfowl,income,p0922,2
2171,worse wildfowl,income,p0925,2
2172,worse wildfowl,income,p0927,4
2173,worse wildfowl,income,p0929,2
2174,worse wildfowl,income,p0930,4
2175,worse wildfowl,income,p0931,2
2176,worse wildfowl,income,p0933,2
2177,worse wildfowl,income,p0934,4
2178,worse wildfowl,income,p0936,3
2179,worse wildfowl,income,p0938,3
2180,worse wildfowl,income,p0939,2
2181,worse wildfowl,income,p0946,4
2182,worse wildfowl,income,p0951,2
2183,worse wildfowl,income,p0956,3
2184,worse wildfowl,income,p0962,3
2185,worse wildfowl,income,p0963,3
2186,worse wildfowl,income,p0969,5
2187,worse wildfowl,income,p0972,3
2188,worse wildfowl,income,p0975,4
2189,worse wildfowl,income,p0985,2
2190,worse wildfowl,income,p0993,1
2191,worse wildfowl,income,p0996,3
2192,worse wildfowl,income,p1011,3
2193,worse wildfowl,income,p1017,4
2194,worse wildfowl,income,p1020,3
2195,worse wildfowl,income,p1022,3
2196,worse wildfowl,income,p1024,2
2197,worse wildfowl,income,p1027,3
2198,worse wildfowl,income,p1028,4
2199,worse wildfowl,income,p1029,2
2200,worse wildfowl,income,p1032,3
2201,worse wildfowl,income,p1040,3
2202,worse wildfowl,income,p1047,4
2203,worse wildfowl,income,p1048,2
2204,worse wildfowl,income,p1053,2
2205,worse wildfowl,income,p1057,3
2206,worse wildfowl,income,p1058,4
2207,worse wildfowl,income,p1063,4
2208,worse wildfowl,income,p1064,3
2209,worse wildfowl,income,p1065,3
2210,worse wildfowl,income,p1069,3
2211,worse wildfowl,income,p1072,3
2212,worse wildfowl,income,p1073,3
2213,worse wildfowl,income,p1075,3
2214,worse wildfowl,income,p1076,2
2215,worse wildfowl,income,p1083,3
2216,worse wildfowl,income,p1089,4
2217,worse wildfowl,income,p1093,3
2218,worse wildfowl,income,p1096,4
2219,worse wildfowl,income,p1100,4
2220,worse wildfowl,income,p1106,2
2221,worse wildfowl,income,p1107,2
2222,worse wildfowl,income,p1113,2
2223,worse wildfowl,income,p1117,3
2224,worse wildfowl,income,p1120,4
2225,worse wildfowl,income,p1134,4
2226,worse wildfowl,income,p1136,3
2227,worse wildfowl,income,p1138,3
2228,worse wildfowl,income,p1144,3
2229,worse wildfowl,income,p1145,4
2230,worse wildfowl,income,p1147,4
2231,worse wildfowl,income,p1148,3
2232,worse wildfowl,income,p1154,3
2233,worse wildfowl,income,p1159,4
2234,worse wildfowl,income,p1167,3
2235,worse wildfowl,income,p1175,2
2236,worse wildfowl,income,p1178,3
2237,worse wildfowl,income,p1184,3
2238,worse wildfowl,income,p1186,3
2239,worse wildfowl,income,p1196,2
2240,worse wildfowl,income,p1197,3
2241,worse wildfowl,income,p1203,3
2242,worse wildfowl,income,p1219,2
2243,worse wildfowl,income,p1225,4
2244,worse wildfowl,income,p1234,2
2245,worse wildfowl,income,p1242,3
2246,worse wildfowl,income,p1244,3
2247,worse wildfowl,income,p1249,3
2248,worse wildfowl,income,p1250,3
2249,worse wildfowl,income,p1256,4
2250,worse wildfowl,income,p1258,4
2251,worse wildfowl,income,p1260,2
2252,worse wildfowl,income,p1262,4
2253,worse wildfowl,income,p1264,2
2254,worse wildfowl,income,p1265,4
2255,worse wildfowl,income,p1269,3
2256,worse wildfowl,income,p1272,3
2257,worse wildfowl,income,p1278,2
2258,worse wildfowl,income,p1281,2
2259,worse wildfowl,income,p1292,4
2260,worse wildfowl,income,p1299,4
2261,worse wildfowl,income,p1312,3
2262,worse wildfowl,income,p1322,1
2263,worse wildfowl,income,p1326,3
2264,worse wildfowl,income,p1330,2
2265,worse wildfowl,income,p1335,3
2266,worse wildfowl,income,p1337,4
2267,worse wildfowl,income,p1340,4
2268,worse wildfowl,income,p1345,3
2269,worse wildfowl,income,p1351,3
2270,worse wildfowl,income,p1355,3
2271,worse wildfowl,income,p1362,4
2272,worse wildfowl,income,p1365,3
2273,worse wildfowl,income,p1366,3
2274,worse wildfowl,income,p1367,3
2275,worse wildfowl,income,p1370,3
2276,worse wildfowl,income,p1371,5
2277,worse wildfowl,income,p1373,4
2278,worse wildfowl,income,p1375,4
2279,worse wildfowl,income,p1376,1
2280,worse wildfowl,income,p1379,3
2281,worse wildfowl,income,p1381,3
2282,worse wildfowl,income,p1393,4
2283,worse wildfowl,income,p1396,3
2284,worse wildfowl,income,p1398,4
2285,worse wildfowl,income,p1404,1
2286,worse wildfowl,income,p1406,3
2287,worse wildfowl,income,p1407,2
2288,worse wildfowl,income,p1409,4
2289,worse wildfowl,income,p1412,2
2290,worse wildfowl,income,p1414,4
2291,worse wildfowl,income,p1424,4
2292,worse wildfowl,income,p1425,4
2293,worse wildfowl,income,p1429,3
2294,worse wildfowl,income,p1434,4
2295,worse wildfowl,income,p1441,2
2296,worse wildfowl,income,p1445,2
2297,worse wildfowl,income,p1450,3
2298,worse wildfowl,income,p1454,4
2299,worse wildfowl,income,p1456,3
2300,worse wildfowl,income,p1457,1
2301,worse wildfowl,income,p1458,4
2302,worse wildfowl,income,p1469,2
2303,worse wildfowl,income,p1470,4
2304,worse wildfowl,income,p1481,3
2305,worse wildfowl,income,p1488,3
2306,worse wildfowl,income,p1492,3
2307,worse wildfowl,income,p1495,3
2308,worse wildfowl,income,p1497,3
2309,worse wildfowl,income,p1499,4
2310,worse wildfowl,income,p1503,2
2311,worse wildfowl,income,p1511,4
2312,worse wildfowl,income,p1512,1
2313,worse wildfowl,income,p1518,2
2314,worse wildfowl,income,p1519,3
2315,worse wildfowl,income,p1520,1
2316,worse wildfowl,income,p1524,3
2317,worse wildfowl,income,p1526,5
2318,worse wildfowl,income,p1537,3
2319,worse wildfowl,income,p1545,3
2320,worse wildfowl,income,p1547,1
2321,worse wildfowl,income,p1552,5
2322,worse wildfowl,income,p1567,4
2323,worse wildfowl,income,p1568,3
2324,worse wildfowl,income,p1579,2
2325,worse wildfowl,income,p1587,1
2326,worse wildfowl,income,p1596,3
2327,worse wildfowl,income,p1600,4
2328,worse wildfowl,income,p1603,2
2329,worse wildfowl,income,p1604,3
2330,worse wildfowl,income,p1610,2
2331,worse wildfowl,income,p1618,3
2332,worse wildfowl,income,p1619,4
2333,worse wildfowl,income,p1622,4
2334,worse wildfowl,income,p1623,3
2335,worse wildfowl,income,p1630,4
2336,worse wildfowl,income,p1641,4
2337,worse wildfowl,income,p1649,2
2338,worse wildfowl,income,p1652,3
2339,worse wildfowl,income,p1665,3
2340,worse wildfowl,income,p1669,4
2341,worse wildfowl,income,p1685,4
2342,worse wildfowl,income,p1693,3
2343,worse wildfowl,income,p1698,4
2344,worse wildfowl,income,p1704,4
2345,worse wildfowl,income,p1711,4
2346,worse wildfowl,income,p1718,3
2347,worse wildfowl,income,p1732,3
2348,worse wildfowl,income,p1739,4
2349,worse wildfowl,income,p1741,4
2350,worse wildfowl,income,p1746,1
2351,worse wildfowl,income,p1751,4
2352,worse wildfowl,income,p1754,1
2353,worse wildfowl,income,p1769,4
2354,worse wildfowl,income,p1771,2
2355,worse wildfowl,income,p1776,2
2356,worse wildfowl,income,p1780,4
2357,worse wildfowl,income,p1785,2
2358,worse wildfowl,income,p1791,3
2359,worse wildfowl,income,p1793,4
2360,worse wildfowl,income,p1796,5
2361,worse wildfowl,income,p1805,3
2362,worse wildfowl,income,p1812,3
2363,worse wildfowl,income,p1816,3
2364,worse wildfowl,income,p1819,4
2365,worse wildfowl,income,p1825,4
2366,worse wildfowl,income,p1836,3
2367,worse wildfowl,income,p1839,4
2368,worse wildfowl,income,p1861,3
2369,worse wildfowl,income,p1863,4
2370,worse wildfowl,income,p1873,4
2371,worse wildfowl,income,p1875,3
2372,worse wildfowl,income,p1876,4
2373,worse wildfowl,income,p1877,2
2374,worse wildfowl,income,p1880,3
2375,worse wildfowl,income,p1883,3
2376,worse wildfowl,income,p1889,1
2377,worse wildfowl,income,p1893,2
2378,worse wildfowl,income,p1896,3
2379,worse wildfowl,income,p1913,4
2380,worse wildfowl,income,p1922,4
2381,worse wildfowl,income,p1930,3
2382,worse wildfowl,income,p1935,4
2383,worse wildfowl,income,p1940,4
2384,worse wildfowl,income,p1948,4
2385,worse wildfowl,income,p1950,2
2386,worse wildfowl,income,p1954,2
2387,worse wildfowl,income,p1956,3
2388,worse wildfowl,income,p1958,3
2389,worse wildfowl,income,p1967,4
2390,worse wildfowl,income,p1973,5
2391,worse wildfowl,income,p1978,4
2392,worse wildfowl,income,p1983,2
2393,worse wildfowl,income,p1984,3
2394,worse wildfowl,income,p1995,3
2395,worse wildfowl,income,p1996,2
2396,worse wildfowl,income,p1997,4
2397,worse wildfowl,income,p2001,3
2398,worse wildfowl,income,p2002,2
2399,worse wildfowl,income,p2013,4
2400,worse wildfowl,income,p2014,3
2401,worse wildfowl,income,p2016,4
2402,worse wildfowl,income,p2018,1
2403,worse wildfowl,income,p2023,3
2404,worse wildfowl,income,p2025,4
2405,worse wildfowl,income,p2028,2
2406,worse wildfowl,income,p2030,3
2407,worse wildfowl,income,p2033,3
2408,worse wildfowl,income,p2040,3
2409,worse wildfowl,income,p2051,3
2410,worse wildfowl,income,p2052,4
2411,worse wildfowl,income,p2066,2
2412,worse wildfowl,income,p2067,3
2413,worse wildfowl,income,p2073,4
2414,worse wildfowl,income,p2077,2
2415,worse wildfowl,income,p2078,4
2416,worse wildfowl,income,p2086,3
2417,worse wildfowl,income,p2089,3
2418,worse wildfowl,income,p2093,3
2419,worse wildfowl,income,p2094,3
2420,worse wildfowl,income,p2111,2
2421,worse wildfowl,income,p2117,4
2422,worse wildfowl,income,p2121,3
2423,worse wildfowl,income,p2127,3
2424,worse wildfowl,income,p2141,3
2425,worse wildfowl,income,p2142,2
2426,worse wildfowl,income,p2143,4
2427,worse wildfowl,income,p2153,1
2428,worse wildfowl,income,p2155,2
2429,worse wildfowl,income,p2169,4
2430,worse wildfowl,income,p2187,3
2431,worse wildfowl,income,p2188,4
2432,worse wildfowl,income,p2197,2
2433,worse wildfowl,income,p2213,3
2434,worse wildfowl,income,p2214,2
2435,worse wildfowl,income,p2215,5
2436,worse wildfowl,income,p2220,3
2437,worse wildfowl,income,p2223,2
2438,worse wildfowl,income,p2229,3
2439,worse wildfowl,income,p2234,3
2440,worse wildfowl,income,p2237,4
2441,worse wildfowl,income,p2238,4
2442,worse wildfowl,income,p2244,2
2443,worse wildfowl,income,p2248,3
2444,worse wildfowl,income,p2252,3
2445,worse wildfowl,income,p2255,1
2446,worse wildfowl,income,p2261,3
2447,worse wildfowl,income,p2263,4
2448,worse wildfowl,income,p2273,3
2449,worse wildfowl,income,p2275,2
2450,worse wildfowl,income,p2276,2
2451,worse wildfowl,income,p2283,1
2452,worse wildfowl,income,p2287,3
2453,worse wildfowl,income,p2296,2
2454,worse wildfowl,income,p2298,3
2455,worse wildfowl,income,p2304,3
2456,worse wildfowl,income,p2310,2
2457,worse wildfowl,income,p2322,2
2458,worse wildfowl,income,p2326,3
2459,worse wildfowl,income,p2330,3
2460,worse wildfowl,income,p2331,3
2461,worse wildfowl,income,p2333,2
2462,worse wildfowl,income,p2347,3
2463,worse wildfowl,income,p2350,2
2464,worse wildfowl,income,p2351,3
2465,worse wildfowl,income,p2353,2
2466,worse wildfowl,income,p2355,2
2467,worse wildfowl,income,p2363,2
2468,worse wildfowl,income,p2378,3
2469,worse wildfowl,income,p2380,2
2470,worse wildfowl,income,p2387,4
2471,worse wildfowl,income,p2398,2
2472,worse wildfowl,income,p2400,4
2473,worse wildfowl,income,p2403,2
2474,worse wildfowl,income,p2408,3
2475,worse wildfowl,income,p2418,2
2476,worse wildfowl,income,p2426,2
2477,worse wildfowl,income,p2428,2
2478,worse wildfowl,income,p2434,3
2479,worse wildfowl,income,p2446,1
2480,worse wildfowl,income,p2452,3
2481,worse wildfowl,income,p2454,2
2482,worse wildfowl,income,p2462,3
2483,worse wildfowl,income,p2467,5
2484,worse wildfowl,income,p2482,3
2485,worse wildfowl,income,p2489,3
2486,worse wildfowl,income,p2490,2
2487,worse wildfowl,income,p2494,2
2488,worse wildfowl,income,p2502,4
2489,worse wildfowl,income,p2503,3
2490,worse wildfowl,income,p2522,3
2491,worse wildfowl,income,p2524,3
2492,worse wildfowl,income,p2533,3
2493,worse wildfowl,income,p2566,3
2494,worse wildfowl,income,p2571,3
2495,worse wildfowl,income,p2573,2
2496,worse wildfowl,income,p2582,4
2497,worse wildfowl,income,p2591,3
2498,worse wildfowl,income,p2592,3
2499,worse wildfowl,income,p2595,2
2500,worse wildfowl,party,p0016,2
2501,worse wildfowl,party,p0022,3
2502,worse wildfowl,party,p0023,3
2503,worse wildfowl,party,p0026,1
2504,worse wildfowl,party,p0034,1
2505,worse wildfowl,party,p0036,2
2506,worse wildfowl,party,p0037,1
2507,worse wildfowl,party,p0042,3
2508,worse wildfowl,party,p0057,3
2509,worse wildfowl,party,p0066,1
2510,worse wildfowl,party,p0069,1
2511,worse wildfowl,party,p0072,1
2512,worse wildfowl,party,p0073,1
2513,worse wildfowl,party,p0082,3
2514,worse wildfowl,party,p0091,3
2515,worse wildfowl,party,p0092,3
2516,worse wildfowl,party,p0093,1
2517,worse wildfowl,party,p0095,3
2518,worse wildfowl,party,p0107,1
2519,worse wildfowl,party,p0114,2
2520,worse wildfowl,party,p0116,1
2521,worse wildfowl,party,p0118,1
2522,worse wildfowl,party,p0119,2
2523,worse wildfowl,party,p0126,2
2524,worse wildfowl,party,p0129,3
2525,worse wildfowl,party,p0136,2
2526,worse wildfowl,party,p0138,2
2527,worse wildfowl,party,p0144,2
2528,worse wildfowl,party,p0150,3
2529,worse wildfowl,party,p0152,1
2530,worse wildfowl,party,p0158,3
2531,worse wildfowl,party,p0161,1
2532,worse wildfowl,party,p0164,1
2533,worse wildfowl,party,p0175,3
2534,worse wildfowl,party,p0177,2
2535,worse wildfowl,party,p0178,3
2536,worse wildfowl,party,p0181,1
2537,worse wildfowl,party,p0186,3
2538,worse wildfowl,party,p0196,3
2539,worse wildfowl,party,p0198,3
2540,worse wildfowl,party,p0202,3
2541,worse wildfowl,party,p0205,2
2542,worse wildfowl,party,p0207,3
2543,worse wildfowl,party,p0211,3
2544,worse wildfowl,party,p0227,2
2545,worse wildfowl,party,p0229,3
2546,worse wildfowl,party,p0232,3
2547,worse wildfowl,party,p0233,2
2548,worse wildfowl,party,p0237,3
2549,worse wildfowl,party,p0258,3
2550,worse wildfowl,party,p0268,3
2551,worse wildfowl,party,p0274,3
2552,worse wildfowl,party,p0275,3
2553,worse wildfowl,party,p0277,2
2554,worse wildfowl,party,p0288,3
2555,worse wildfowl,party,p0291,2
2556,worse wildfowl,party,p0307,1
2557,worse wildfowl,party,p0308,1
2558,worse wildfowl,party,p0317,1
2559,worse wildfowl,party,p0325,2
2560,worse wildfowl,party,p0327,3
2561,worse wildfowl,party,p0334,3
2562,worse wildfowl,party,p0336,3
2563,worse wildfowl,party,p0338,1
2564,worse wildfowl,party,p0342,3
2565,worse wildfowl,party,p0349,1
2566,worse wildfowl,party,p0356,3
2567,worse wildfowl,party,p0358,3
2568,worse wildfowl,party,p0363,2
2569,worse wildfowl,party,p0364,2
2570,worse wildfowl,party,p0369,1
2571,worse wildfowl,party,p0370,2
2572,worse wildfowl,party,p0371,1
2573,worse wildfowl,party,p0379,1
2574,worse wildfowl,party,p0386,3
2575,worse wildfowl,party,p0396,3
2576,worse wildfowl,party,p0403,3
2577,worse wildfowl,party,p0405,3
2578,worse wildfowl,party,p0412,1
2579,worse wildfowl,party,p0415,1
2580,worse wildfowl,party,p0416,2
2581,worse wildfowl,party,p0417,3
2582,worse wildfowl,party,p0418,2
2583,worse wildfowl,party,p0430,3
2584,worse wildfowl,party,p0431,3
2585,worse wildfowl,party,p0434,1
2586,worse wildfowl,party,p0438,3
2587,worse wildfowl,party,p0441,3
2588,worse wildfowl,party,p0442,3
2589,worse wildfowl,party,p0449,1
2590,worse wildfowl,party,p0450,2
2591,worse wildfowl,party,p0465,3
2592,worse wildfowl,party,p0471,1
2593,worse wildfowl,party,p0477,3
2594,worse wildfowl,party,p0483,3
2595,worse wildfowl,party,p0486,1
2596,worse wildfowl,party,p0487,1
2597,worse wildfowl,party,p0489,3
2598,worse wildfowl,party,p0497,1
2599,worse wildfowl,party,p0502,1
2600,worse wildfowl,party,p0503,3
2601,worse wildfowl,party,p0506,2
2602,worse wildfowl,party,p0511,1
2603,worse wildfowl,party,p0523,3
2604,worse wildfowl,party,p0534,1
2605,worse wildfowl,party,p0536,3
2606,worse wildfowl,party,p0542,1
2607,worse wildfowl,party,p0547,2
2608,worse wildfowl,party,p0553,3
2609,worse wildfowl,party,p0559,2
2610,worse wildfowl,party,p0566,2
2611,worse wildfowl,party,p0568,2
2612,worse wildfowl,party,p0570,3
2613,worse wildfowl,party,p0573,1
2614,worse wildfowl,party,p0578,3
2615,worse wildfowl,party,p0594,2
2616,worse wildfowl,party,p0597,3
2617,worse wildfowl,party,p0601,1
2618,worse wildfowl,party,p0602,3
2619,worse wildfowl,party,p0605,2
2620,worse wildfowl,party,p0615,3
2621,worse wildfowl,party,p0620,3
2622,worse wildfowl,party,p0626,3
2623,worse wildfowl,party,p0629,3
2624,worse wildfowl,party,p0633,2
2625,worse wildfowl,party,p0638,3
2626,worse wildfowl,party,p0639,1
2627,worse wildfowl,party,p0640,1
2628,worse wildfowl,party,p0655,1
2629,worse wildfowl,party,p0656,3
2630,worse wildfowl,party,p0658,1
2631,worse wildfowl,party,p0661,2
2632,worse wildfowl,party,p0669,2
2633,worse wildfowl,party,p0670,3
2634,worse wildfowl,party,p0672,3
2635,worse wildfowl,party,p0674,3
2636,worse wildfowl,party,p0678,3
2637,worse wildfowl,party,p0683,3
2638,worse wildfowl,party,p0686,1
2639,worse wildfowl,party,p0687,3
2640,worse wildfowl,party,p0698,1
2641,worse wildfowl,party,p0700,2
2642,worse wildfowl,party,p0703,2
2643,worse wildfowl,party,p0718,1
2644,worse wildfowl,party,p0744,3
2645,worse wildfowl,party,p0745,1
2646,worse wildfowl,party,p0753,2
2647,worse wildfowl,party,p0770,2
2648,worse wildfowl,party,p0771,3
2649,worse wildfowl,party,p0777,3
2650,worse wildfowl,party,p0779,1
2651,worse wildfowl,party,p0780,1
2652,worse wildfowl,party,p0783,1
2653,worse wildfowl,party,p0785,1
2654,worse wildfowl,party,p0786,2
2655,worse wildfowl,party,p0794,1
2656,worse wildfowl,party,p0798,1
2657,worse wildfowl,party,p0800,3
2658,worse wildfowl,party,p0820,3
2659,worse wildfowl,party,p0841,1
2660,worse wildfowl,party,p0849,2
2661,worse wildfowl,party,p0862,3
2662,worse wildfowl,party,p0867,3
2663,worse wildfowl,party,p0869,3
2664,worse wildfowl,party,p0872,3
2665,worse wildfowl,party,p0880,3
2666,worse wildfowl,party,p0891,1
2667,worse wildfowl,party,p0916,3
2668,worse wildfowl,party,p0917,1
2669,worse wildfowl,party,p0919,3
2670,worse wildfowl,party,p0922,1
2671,worse wildfowl,party,p0925,1
2672,worse wildfowl,party,p0927,3
2673,worse wildfowl,party,p0929,3
2674,worse wildfowl,party,p0930,1
2675,worse wildfowl,party,p0931,1
2676,worse wildfowl,party,p0933,3
2677,worse wildfowl,party,p0934,1
2678,worse wildfowl,party,p0936,3
2679,worse wildfowl,party,p0938,3
2680,worse wildfowl,party,p0939,2
2681,worse wildfowl,party,p0946,2
2682,worse wildfowl,party,p0951,3
2683,worse wildfowl,party,p0956,1
2684,worse wildfowl,party,p0962,1
2685,worse wildfowl,party,p0963,1
2686,worse wildfowl,party,p0969,1
2687,worse wildfowl,party,p0972,2
2688,worse wildfowl,party,p0975,1
2689,worse wildfowl,party,p0985,2
2690,worse wildfowl,party,p0993,3
2691,worse wildfowl,party,p0996,3
2692,worse wildfowl,party,p1011,1
2693,worse wildfowl,party,p1017,2
2694,worse wildfowl,party,p1020,1
2695,worse wildfowl,party,p1022,3
2696,worse wildfowl,party,p1024,1
2697,worse wildfowl,party,p1027,3
2698,worse wildfowl,party,p1028,3
2699,worse wildfowl,party,p1029,2
2700,worse wildfowl,party,p1032,2
2701,worse wildfowl,party,p1040,2
2702,worse wildfowl,party,p1047,2
2703,worse wildfowl,party,p1048,3
2704,worse wildfowl,party,p1053,3
2705,worse wildfowl,party,p1057,1
2706,worse wildfowl,party,p1058,1
2707,worse wildfowl,party,p1063,1
2708,worse wildfowl,party,p1064,3
2709,worse wildfowl,party,p1065,1
2710,worse wildfowl,party,p1069,3
2711,worse wildfowl,party,p1072,2
2712,worse wildfowl,party,p1073,3
2713,worse wildfowl,party,p1075,2
2714,worse wildfowl,party,p1076,2
2715,worse wildfowl,party,p1083,1
2716,worse wildfowl,party,p1089,3
2717,worse wildfowl,party,p1093,3
2718,worse wildfowl,party,p1096,2
2719,worse wildfowl,party,p1100,2
2720,worse wildfowl,party,p1106,3
2721,worse wildfowl,party,p1107,2
2722,worse wildfowl,party,p1113,1
2723,worse wildfowl,party,p1117,1
2724,worse wildfowl,party,p1120,1
2725,worse wildfowl,party,p1134,2
2726,worse wildfowl,party,p1136,1
2727,worse wildfowl,party,p1138,1
2728,worse wildfowl,party,p1144,1
2729,worse wildfowl,party,p1145,3
2730,worse wildfowl,party,p1147,3
2731,worse wildfowl,party,p1148,3
2732,worse wildfowl,party,p1154,3
2733,worse wildfowl,party,p1159,3
2734,worse wildfowl,party,p1167,3
2735,worse wildfowl,party,p1175,3
2736,worse wildfowl,party,p1178,3
2737,worse wildfowl,party,p1184,1
2738,worse wildfowl,party,p1186,3
2739,worse wildfowl,party,p1196,1
2740,worse wildfowl,party,p1197,3
2741,worse wildfowl,party,p1203,3
2742,worse wildfowl,party,p1219,3
2743,worse wildfowl,party,p1225,1
2744,worse wildfowl,party,p1234,2
2745,worse wildfowl,party,p1242,1
2746,worse wildfowl,party,p1244,3
2747,worse wildfowl,party,p1249,2
2748,worse wildfowl,party,p1250,2
2749,worse wildfowl,party,p1256,1
2750,worse wildfowl,party,p1258,1
2751,worse wildfowl,party,p1260,2
2752,worse wildfowl,party,p1262,1
2753,worse wildfowl,party,p1264,2
2754,worse wildfowl,party,p1265,2
2755,worse wildfowl,party,p1269,1
2756,worse wildfowl,party,p1272,1
2757,worse wildfowl,party,p1278,3
2758,worse wildfowl,party,p1281,3
2759,worse wildfowl,party,p1292,1
2760,worse wildfowl,party,p1299,1
2761,worse wildfowl,party,p1312,2
2762,worse wildfowl,party,p1322,3
2763,worse wildfowl,party,p1326,2
2764,worse wildfowl,party,p1330,3
2765,worse wildfowl,party,p1335,1
2766,worse wildfowl,party,p1337,1
2767,worse wildfowl,party,p1340,1
2768,worse wildfowl,party,p1345,1
2769,worse wildfowl,party,p1351,3
2770,worse wildfowl,party,p1355,1
2771,worse wildfowl,party,p1362,1
2772,worse wildfowl,party,p1365,1
2773,worse wildfowl,party,p1366,2
2774,worse wildfowl,party,p1367,1
2775,worse wildfowl,party,p1370,1
2776,worse wildfowl,party,p1371,1
2777,worse wildfowl,party,p1373,1
2778,worse wildfowl,party,p1375,1
2779,worse wildfowl,party,p1376,3
2780,worse wildfowl,party,p1379,3
2781,worse wildfowl,party,p1381,3
2782,worse wildfowl,party,p1393,1
2783,worse wildfowl,party,p1396,3
2784,worse wildfowl,party,p1398,1
2785,worse wildfowl,party,p1404,3
2786,worse wildfowl,party,p1406,1
2787,worse wildfowl,party,p1407,2
2788,worse wildfowl,party,p1409,2
2789,worse wildfowl,party,p1412,2
2790,worse wildfowl,party,p1414,3
2791,worse wildfowl,party,p1424,1
2792,worse wildfowl,party,p1425,1
2793,worse wildfowl,party,p1429,1
2794,worse wildfowl,party,p1434,1
2795,worse wildfowl,party,p1441,3
2796,worse wildfowl,party,p1445,3
2797,worse wildfowl,party,p1450,1
2798,worse wildfowl,party,p1454,2
2799,worse wildfowl,party,p1456,2
2800,worse wildfowl,party,p1457,3
2801,worse wildfowl,party,p1458,3
2802,worse wildfowl,party,p1469,1
2803,worse wildfowl,party,p1470,1
2804,worse wildfowl,party,p1481,3
2805,worse wildfowl,party,p1488,1
2806,worse wildfowl,party,p1492,2
2807,worse wildfowl,party,p1495,1
2808,worse wildfowl,party,p1497,2
2809,worse wildfowl,party,p1499,1
2810,worse wildfowl,party,p1503,3
2811,worse wildfowl,party,p1511,2
2812,worse wildfowl,party,p1512,3
2813,worse wildfowl,party,p1518,2
2814,worse wildfowl,party,p1519,1
2815,worse wildfowl,party,p1520,1
2816,worse wildfowl,party,p1524,1
2817,worse wildfowl,party,p1526,1
2818,worse wildfowl,party,p1537,3
2819,worse wildfowl,party,p1545,3
2820,worse wildfowl,party,p1547,3
2821,worse wildfowl,party,p1552,3
2822,worse wildfowl,party,p1567,2
2823,worse wildfowl,party,p1568,3
2824,worse wildfowl,party,p1579,1
2825,worse wildfowl,party,p1587,3
2826,worse wildfowl,party,p1596,2
2827,worse wildfowl,party,p1600,3
2828,worse wildfowl,party,p1603,3
2829,worse wildfowl,party,p1604,1
2830,worse wildfowl,party,p1610,2
2831,worse wildfowl,party,p1618,1
2832,worse wildfowl,party,p1619,3
2833,worse wildfowl,party,p1622,1
2834,worse wildfowl,party,p1623,1
2835,worse wildfowl,party,p1630,2
2836,worse wildfowl,party,p1641,1
2837,worse wildfowl,party,p1649,2
2838,worse wildfowl,party,p1652,2
2839,worse wildfowl,party,p1665,3
2840,worse wildfowl,party,p1669,1
2841,worse wildfowl,party,p1685,1
2842,worse wildfowl,party,p1693,3
2843,worse wildfowl,party,p1698,2
2844,worse wildfowl,party,p1704,1
2845,worse wildfowl,party,p1711,3
2846,worse wildfowl,party,p1718,1
2847,worse wildfowl,party,p1732,1
2848,worse wildfowl,party,p1739,3
2849,worse wildfowl,party,p1741,1
2850,worse wildfowl,party,p1746,3
2851,worse wildfowl,party,p1751,1
2852,worse wildfowl,party,p1754,3
2853,worse wildfowl,party,p1769,1
2854,worse wildfowl,party,p1771,2
2855,worse wildfowl,party,p1776,3
2856,worse wildfowl,party,p1780,1
2857,worse wildfowl,party,p1785,3
2858,worse wildfowl,party,p1791,2
2859,worse wildfowl,party,p1793,1
2860,worse wildfowl,party,p1796,1
2861,worse wildfowl,party,p1805,2
2862,worse wildfowl,party,p1812,2
2863,worse wildfowl,party,p1816,2
2864,worse wildfowl,party,p1819,3
2865,worse wildfowl,party,p1825,3
2866,worse wildfowl,party,p1836,1
2867,worse wildfowl,party,p1839,1
2868,worse wildfowl,party,p1861,2
2869,worse wildfowl,party,p1863,3
2870,worse wildfowl,party,p1873,3
2871,worse wildfowl,party,p1875,1
2872,worse wildfowl,party,p1876,3
2873,worse wildfowl,party,p1877,3
2874,worse wildfowl,party,p1880,1
2875,worse wildfowl,party,p1883,1
2876,worse wildfowl,party,p1889,1
2877,worse wildfowl,party,p1893,3
2878,worse wildfowl,party,p1896,2
2879,worse wildfowl,party,p1913,1
2880,worse wildfowl,party,p1922,1
2881,worse wildfowl,party,p1930,1
2882,worse wildfowl,party,p1935,1
2883,worse wildfowl,party,p1940,3
2884,worse wildfowl,party,p1948,1
2885,worse wildfowl,party,p1950,2
2886,worse wildfowl,party,p1954,2
2887,worse wildfowl,party,p1956,2
2888,worse wildfowl,party,p1958,1
2889,worse wildfowl,party,p1967,1
2890,worse wildfowl,party,p1973,3
2891,worse wildfowl,party,p1978,1
2892,worse wildfowl,party,p1983,2
2893,worse wildfowl,party,p1984,3
2894,worse wildfowl,party,p1995,1
2895,worse wildfowl,party,p1996,1
2896,worse wildfowl,party,p1997,1
2897,worse wildfowl,party,p2001,3
2898,worse wildfowl,party,p2002,3
2899,worse wildfowl,party,p2013,3
2900,worse wildfowl,party,p2014,1
2901,worse wildfowl,party,p2016,3
2902,worse wildfowl,party,p2018,1
2903,worse wildfowl,party,p2023,3
2904,worse wildfowl,party,p2025,1
2905,worse wildfowl,party,p2028,3
2906,worse wildfowl,party,p2030,3
2907,worse wildfowl,party,p2033,3
2908,worse wildfowl,party,p2040,3
2909,worse wildfowl,party,p2051,3
2910,worse wildfowl,party,p2052,1
2911,worse wildfowl,party,p2066,3
2912,worse wildfowl,party,p2067,1
2913,worse wildfowl,party,p2073,2
2914,worse wildfowl,party,p2077,1
2915,worse wildfowl,party,p2078,3
2916,worse wildfowl,party,p2086,3
2917,worse wildfowl,party,p2089,1
2918,worse wildfowl,party,p2093,1
2919,worse wildfowl,party,p2094,2
2920,worse wildfowl,party,p2111,1
2921,worse wildfowl,party,p2117,3
2922,worse wildfowl,party,p2121,3
2923,worse wildfowl,party,p2127,1
2924,worse wildfowl,party,p2141,2
2925,worse wildfowl,party,p2142,2
2926,worse wildfowl,party,p2143,1
2927,worse wildfowl,party,p2153,3
2928,worse wildfowl,party,p2155,3
2929,worse wildfowl,party,p2169,1
2930,worse wildfowl,party,p2187,3
2931,worse wildfowl,party,p2188,3
2932,worse wildfowl,party,p2197,1
2933,worse wildfowl,party,p2213,2
2934,worse wildfowl,party,p2214,2
2935,worse wildfowl,party,p2215,1
2936,worse wildfowl,party,p2220,2
2937,worse wildfowl,party,p2223,2
2938,worse wildfowl,party,p2229,2
2939,worse wildfowl,party,p2234,3
2940,worse wildfowl,party,p2237,3
2941,worse wildfowl,party,p2238,1
2942,worse wildfowl,party,p2244,3
2943,worse wildfowl,party,p2248,3
2944,worse wildfowl,party,p2252,3
2945,worse wildfowl,party,p2255,1
2946,worse wildfowl,party,p2261,1
2947,worse wildfowl,party,p2263,3
2948,worse wildfowl,party,p2273,3
2949,worse wildfowl,party,p2275,3
2950,worse wildfowl,party,p2276,3
2951,worse wildfowl,party,p2283,3
2952,worse wildfowl,party,p2287,3
2953,worse wildfowl,party,p2296,3
2954,worse wildfowl,party,p2298,2
2955,worse wildfowl,party,p2304,3
2956,worse wildfowl,party,p2310,3
2957,worse wildfowl,party,p2322,2
2958,worse wildfowl,party,p2326,1
2959,worse wildfowl,party,p2330,1
2960,worse wildfowl,party,p2331,3
2961,worse wildfowl,party,p2333,1
2962,worse wildfowl,party,p2347,3
2963,worse wildfowl,party,p2350,2
2964,worse wildfowl,party,p2351,1
2965,worse wildfowl,party,p2353,3
2966,worse wildfowl,party,p2355,3
2967,worse wildfowl,party,p2363,3
2968,worse wildfowl,party,p2378,2
2969,worse wildfowl,party,p2380,3
2970,worse wildfowl,party,p2387,3
2971,worse wildfowl,party,p2398,1
2972,worse wildfowl,party,p2400,3
2973,worse wildfowl,party,p2403,3
2974,worse wildfowl,party,p2408,3
2975,worse wildfowl,party,p2418,3
2976,worse wildfowl,party,p2426,3
2977,worse wildfowl,party,p2428,2
2978,worse wildfowl,party,p2434,3
2979,worse wildfowl,party,p2446,3
2980,worse wildfowl,party,p2452,1
2981,worse wildfowl,party,p2454,2
2982,worse wildfowl,party,p2462,3
2983,worse wildfowl,party,p2467,1
2984,worse wildfowl,party,p2482,2
2985,worse wildfowl,party,p2489,1
2986,worse wildfowl,party,p2490,3
2987,worse wildfowl,party,p2494,1
2988,worse wildfowl,party,p2502,3
2989,worse wildfowl,party,p2503,3
2990,worse wildfowl,party,p2522,1
2991,worse wildfowl,party,p2524,3
2992,worse wildfowl,party,p2533,3
2993,worse wildfowl,party,p2566,3
2994,worse wildfowl,party,p2571,3
2995,worse wildfowl,party,p2573,2
2996,worse wildfowl,party,p2582,1
2997,worse wildfowl,party,p2591,1
2998,worse wildfowl,party,p2592,2
2999,worse wildfowl,party,p2595,3
